generation,cells_visited,cave_entries,predator_touches,drained_ticks,lifetime,energy_at_death,cave_entries_day,cave_entries_night,food_total,lifetime_median,lifetime_p90,survived_frac,drained_frac,starved_frac,food_default_frac,food_low_frac,food_medium_frac,food_prestige_frac,night_share
1,628.2422907488987,0.32599118942731276,0.0,0.0,2077.224669603524,-1.0802643171806168,0.19823788546255505,0.1277533039647577,8.20704845814978,2110.0,2150.0,0.0,0.0,1.0,0.2028985507246377,0.5646806226516371,0.20021470746108427,0.0322061191626409,0.3918918918918919
2,617.8944099378882,0.2795031055900621,0.0,0.0,1997.9503105590063,-0.9283850931677019,0.11801242236024845,0.16149068322981366,6.273291925465839,1970.0,2080.0,0.0,0.0,1.0,0.200990099009901,0.6188118811881188,0.1485148514851485,0.031683168316831684,0.5777777777777777
3,620.4885496183206,0.08396946564885496,0.0,0.0,2015.8015267175572,-1.156412213740458,0.030534351145038167,0.05343511450381679,4.969465648854962,2010.0,2040.0,0.0,0.0,1.0,0.3087557603686636,0.49615975422427033,0.15053763440860216,0.0445468509984639,0.6363636363636364
4,688.2363636363636,0.3018181818181818,0.0,0.0,2072.48,-0.8787636363636363,0.13090909090909092,0.1709090909090909,7.912727272727273,2100.0,2156.0,0.0036363636363636364,0.0,0.9963636363636363,0.15349264705882354,0.53125,0.2619485294117647,0.05330882352941176,0.5662650602409639
5,684.5576923076923,0.47435897435897434,0.0,0.0,2001.9871794871794,-0.9326923076923077,0.19230769230769232,0.28205128205128205,6.294871794871795,1980.0,2095.0,0.0,0.0,1.0,0.20366598778004075,0.5794297352342159,0.18635437881873726,0.03054989816700611,0.5945945945945946
6,688.8246753246754,0.35064935064935066,0.0,0.0,2030.6493506493507,-1.0637662337662337,0.16233766233766234,0.18831168831168832,5.558441558441558,2020.0,2090.0,0.0,0.0,1.0,0.2546728971962617,0.4766355140186916,0.21144859813084113,0.05724299065420561,0.5370370370370371
7,719.4242424242424,0.4015151515151515,0.0,0.0,2071.5530303030305,-0.8758333333333334,0.17424242424242425,0.22727272727272727,7.5643939393939394,2090.0,2170.0,0.0,0.0,1.0,0.1642463695543315,0.5322984476715072,0.22233350025037557,0.08112168252378568,0.5660377358490566
8,693.9230769230769,0.4230769230769231,0.0,0.0,2007.820512820513,-0.8708974358974358,0.1794871794871795,0.24358974358974358,6.743589743589744,1980.0,2100.0,0.0,0.0,1.0,0.155893536121673,0.6663498098859315,0.13212927756653992,0.045627376425855515,0.5757575757575758
9,729.1857923497267,0.15300546448087432,0.0,0.0,2035.3551912568305,-1.0095081967213115,0.08743169398907104,0.06557377049180328,6.109289617486339,2020.0,2110.0,0.0,0.0,1.0,0.20214669051878353,0.48300536672629696,0.23792486583184258,0.07692307692307693,0.42857142857142855
10,752.6466876971609,0.42902208201892744,0.0,0.0,2071.7665615141955,-0.8057097791798107,0.22397476340694006,0.20504731861198738,7.290220820189274,2080.0,2160.0,0.0,0.0,1.0,0.1337083513630463,0.4781479878840329,0.28083080917351794,0.10731285157940286,0.47794117647058826
11,743.8095238095239,0.8148148148148148,0.0,0.0,2011.5343915343915,-0.8032804232804233,0.3492063492063492,0.4656084656084656,6.613756613756614,1980.0,2102.0,0.0,0.0,1.0,0.1344,0.5848,0.2128,0.068,0.5714285714285714
12,757.4954128440367,0.536697247706422,0.0,0.0,2015.5963302752293,2.0375229357798164,0.2706422018348624,0.26605504587155965,5.605504587155964,2020.0,2110.0,0.01834862385321101,0.0,0.981651376146789,0.1783960720130933,0.4713584288052373,0.24058919803600654,0.10965630114566285,0.49572649572649574
13,789.1862745098039,0.2908496732026144,0.0,0.0,2068.8888888888887,-0.7633006535947712,0.14705882352941177,0.1437908496732026,6.241830065359477,2080.0,2160.0,0.0,0.0,1.0,0.15340314136125655,0.42879581151832463,0.25287958115183246,0.1649214659685864,0.4943820224719101
14,776.454081632653,0.7857142857142857,0.0,0.0,2002.7551020408164,-0.8181122448979592,0.39285714285714285,0.39285714285714285,5.801020408163265,1980.0,2090.0,0.0,0.0,1.0,0.14511873350923482,0.5400175901495162,0.26297273526824977,0.051890941072999124,0.5
15,790.5939086294417,0.41116751269035534,0.0,0.0,2035.482233502538,-0.9541116751269036,0.233502538071066,0.17766497461928935,5.319796954314721,2020.0,2100.0,0.0,0.0,1.0,0.1946564885496183,0.4179389312977099,0.27099236641221375,0.11641221374045801,0.43209876543209874
16,817.22,0.44333333333333336,0.0,0.0,2067.73,-0.6409666666666667,0.19666666666666666,0.24666666666666667,6.053333333333334,2070.0,2160.0,0.0033333333333333335,0.0,0.9966666666666667,0.14922907488986784,0.4118942731277533,0.2290748898678414,0.20980176211453744,0.556390977443609
17,799.2378640776699,0.8543689320388349,0.0,0.0,2020.2427184466019,-0.848252427184466,0.4077669902912621,0.44660194174757284,6.223300970873787,1990.0,2115.0,0.0,0.0,1.0,0.1372854914196568,0.5982839313572543,0.20202808112324494,0.062402496099843996,0.5227272727272727
18,814.7088122605364,0.6283524904214559,0.0,0.0,2041.1072796934866,-0.20375478927203064,0.2950191570881226,0.3333333333333333,6.314176245210728,2030.0,2130.0,0.01532567049808429,0.0,0.9846743295019157,0.17111650485436894,0.49514563106796117,0.1887135922330097,0.14502427184466019,0.5304878048780488
19,808.139896373057,0.14248704663212436,0.0,0.0,2065.103626943005,-0.8705699481865286,0.07253886010362694,0.06994818652849741,7.487046632124352,2060.0,2160.0,0.0,0.0,1.0,0.1370242214532872,0.4318339100346021,0.2889273356401384,0.1422145328719723,0.4909090909090909
20,791.7609756097561,0.33658536585365856,0.0,0.0,2008.4878048780488,-0.8713658536585366,0.2,0.13658536585365855,6.907317073170732,1990.0,2090.0,0.0,0.0,1.0,0.13206214689265536,0.6151129943502824,0.2153954802259887,0.03742937853107345,0.4057971014492754
21,811.6313725490196,0.5058823529411764,0.0,0.0,2033.1882352941177,-0.7626666666666666,0.26666666666666666,0.23921568627450981,6.635294117647059,2020.0,2110.0,0.00392156862745098,0.0,0.996078431372549,0.17848699763593381,0.44148936170212766,0.2919621749408983,0.08806146572104019,0.4728682170542636
22,825.6479820627802,0.39461883408071746,0.0,0.0,2059.5627802690583,0.38708520179372197,0.20179372197309417,0.19282511210762332,7.040358744394619,2070.0,2170.0,0.008968609865470852,0.0,0.9910313901345291,0.13184713375796178,0.41496815286624206,0.2805732484076433,0.17261146496815286,0.48863636363636365
23,785.2783018867924,0.4528301886792453,0.0,0.0,2012.816037735849,-0.85,0.2641509433962264,0.18867924528301888,6.64622641509434,1990.0,2110.0,0.0047169811320754715,0.0,0.9952830188679245,0.16323633782824698,0.5784244144783535,0.15826827537260468,0.10007097232079488,0.4166666666666667
24,780.3978494623656,0.4838709677419355,0.0,0.0,2034.731182795699,-0.9119354838709678,0.26881720430107525,0.21505376344086022,6.295698924731183,2030.0,2095.0,0.0,0.0,1.0,0.20324508966695132,0.5465414175918019,0.18360375747224594,0.06660973526900085,0.4444444444444444
25,828.6846153846154,0.2076923076923077,0.0,0.0,2063.4,-0.8148205128205127,0.13076923076923078,0.07692307692307693,7.225641025641026,2060.0,2160.0,0.002564102564102564,0.0,0.9974358974358974,0.1497515968772179,0.3910574875798439,0.3204400283889283,0.13875088715400993,0.37037037037037035
26,809.895652173913,0.5521739130434783,0.0,0.0,2020.9130434782608,-0.8923913043478261,0.21739130434782608,0.3347826086956522,7.008695652173913,2000.0,2101.0,0.0,0.0,1.0,0.1705955334987593,0.5272952853598015,0.19975186104218362,0.10235732009925558,0.6062992125984252
27,821.9356223175965,0.6394849785407726,0.0,0.0,2038.991416309013,-0.5616309012875536,0.30472103004291845,0.33476394849785407,7.274678111587983,2030.0,2110.0,0.008583690987124463,0.0,0.9914163090128756,0.18525073746312684,0.5250737463126843,0.23244837758112094,0.057227138643067846,0.5234899328859061
28,835.6566866267465,0.46506986027944114,0.0,0.0,2061.0399201596806,-0.37189620758483033,0.249500998003992,0.2155688622754491,7.295409181636726,2060.0,2170.0,0.005988023952095809,0.0,0.9940119760479041,0.1280437756497948,0.4240766073871409,0.27058823529411763,0.17729138166894665,0.463519313304721
29,828.8630136986301,0.3219178082191781,0.0,0.0,2020.5821917808219,-0.796095890410959,0.16095890410958905,0.16095890410958905,7.510273972602739,2000.0,2110.0,0.0,0.0,1.0,0.13862289101687186,0.5056999544003647,0.2658458732330141,0.0898312813497492,0.5
30,841.2795275590552,0.4251968503937008,0.0,0.0,2045.236220472441,-0.9408661417322834,0.1968503937007874,0.2283464566929134,7.173228346456693,2030.0,2127.0,0.0,0.0,1.0,0.19319429198682767,0.47365532381997805,0.2513721185510428,0.08177826564215149,0.5370370370370371
31,852.0418679549115,0.7037037037037037,0.0,0.0,2065.3107890499195,-0.2515942028985507,0.3397745571658615,0.3639291465378422,7.872785829307569,2060.0,2180.0,0.004830917874396135,0.0,0.9951690821256038,0.10758846389854776,0.415831458375946,0.336674166496216,0.13990591122929025,0.517162471395881
32,807.1178707224335,0.4068441064638783,0.0,0.0,2018.212927756654,-0.9092775665399239,0.17110266159695817,0.23574144486692014,7.47148288973384,2000.0,2108.0,0.0,0.0,1.0,0.1455470737913486,0.5770992366412214,0.1984732824427481,0.07888040712468193,0.5794392523364486
33,832.3211678832117,0.8102189781021898,0.0,0.0,2047.007299270073,-0.9521532846715328,0.40145985401459855,0.40875912408759124,6.660583941605839,2030.0,2130.0,0.0,0.0,1.0,0.1978082191780822,0.4575342465753425,0.18904109589041096,0.15561643835616437,0.5045045045045045
34,836.1405152224825,0.477751756440281,0.0,0.0,2066.5386416861825,-0.6257845433255269,0.2810304449648712,0.19672131147540983,8.091334894613583,2070.0,2170.0,0.00468384074941452,0.0,0.9953161592505855,0.13863965267727932,0.46425470332850943,0.28712011577424024,0.10998552821997105,0.4117647058823529
35,812.1965811965812,0.28205128205128205,0.0,0.0,2012.2649572649573,-0.8223504273504274,0.10683760683760683,0.1752136752136752,6.764957264957265,1990.0,2090.0,0.0,0.0,1.0,0.16234996841440302,0.5483259633607075,0.21036007580543273,0.07896399241945673,0.6212121212121212
36,822.452,0.616,0.0,0.0,2021.312,1.17388,0.348,0.268,6.748,2020.0,2110.0,0.04,0.0,0.96,0.20569057498518079,0.46354475400118555,0.2151748666271488,0.11558980438648489,0.43506493506493504
37,825.2570281124498,1.0160642570281124,0.0,0.0,2063.6004016064257,-0.45977911646586345,0.5582329317269076,0.4578313253012048,7.664658634538153,2055.0,2170.0,0.010040160642570281,0.0,0.9899598393574297,0.13177888394026724,0.4286088551218234,0.31464500916950483,0.12496725176840451,0.4505928853754941
38,811.043165467626,0.5287769784172662,0.0,0.0,2025.453237410072,-0.5749280575539568,0.27697841726618705,0.2517985611510791,7.654676258992806,2010.0,2123.0,0.0035971223021582736,0.0,0.9964028776978417,0.12546992481203006,0.6010338345864662,0.17105263157894737,0.10244360902255639,0.47619047619047616
39,834.3466257668712,0.6226993865030674,0.0,0.0,2032.898773006135,1.2981288343558282,0.21779141104294478,0.4049079754601227,7.211656441717792,2035.0,2120.0,0.027607361963190184,0.0,0.9723926380368099,0.17822203317737134,0.44917056571671626,0.25606125053168866,0.11654615057422374,0.6502463054187192
40,846.0567951318459,0.6430020283975659,0.0,0.0,2047.6409736308317,2.274137931034483,0.2961460446247465,0.34685598377281945,7.462474645030426,2060.0,2170.0,0.018255578093306288,0.0,0.9817444219066938,0.12639304158738787,0.4547431367219353,0.2802391954335417,0.1386246262571351,0.5394321766561514
41,835.3029315960912,0.8241042345276873,0.0,0.0,2031.0651465798046,-0.6001302931596092,0.40390879478827363,0.4201954397394137,7.879478827361564,2010.0,2120.0,0.009771986970684038,0.0,0.990228013029316,0.13476643241008682,0.5436130632492766,0.24431583298883836,0.07730467135179826,0.5098814229249012
42,856.1409214092141,0.3685636856368564,0.0,0.0,2024.5989159891599,1.8918428184281844,0.16802168021680217,0.2005420054200542,7.609756097560975,2030.0,2120.0,0.02710027100271003,0.0,0.9728997289972899,0.14565527065527065,0.5035612535612536,0.22115384615384615,0.12962962962962962,0.5441176470588235
43,885.8139183055976,0.9409984871406959,0.0,0.0,2066.874432677761,-0.7983661119515886,0.4795763993948563,0.46142208774583965,7.308623298033283,2060.0,2170.0,0.0015128593040847202,0.0,0.9984871406959153,0.10929414199958601,0.42020285655143863,0.22438418546884703,0.24611881598012833,0.4903536977491961
44,841.1653333333334,1.3653333333333333,0.0,0.0,2037.8026666666667,-0.85928,0.592,0.7733333333333333,8.032,2020.0,2130.0,0.0026666666666666666,0.0,0.9973333333333333,0.14176626826029218,0.5388446215139442,0.21181938911022577,0.10756972111553785,0.56640625
45,850.2537313432836,0.42686567164179107,0.0,0.0,2040.7134328358209,-0.06614925373134327,0.2208955223880597,0.20597014925373133,7.271641791044776,2030.0,2126.0,0.01791044776119403,0.0,0.982089552238806,0.1781609195402299,0.4215927750410509,0.2754515599343186,0.12479474548440066,0.4825174825174825
46,876.1844077961019,0.7091454272863568,0.0,0.0,2059.355322338831,0.3486656671664168,0.3868065967016492,0.32233883058470764,7.365817091454272,2060.0,2180.0,0.01649175412293853,0.0,0.9835082458770614,0.11316914308976185,0.40056991654793406,0.25727661306737226,0.22898432729493182,0.45454545454545453
47,855.3370786516854,1.2719101123595506,0.0,0.0,2038.256179775281,0.27386516853932585,0.6022471910112359,0.6696629213483146,7.723595505617977,2030.0,2130.0,0.017977528089887642,0.0,0.9820224719101124,0.12714576665696828,0.5560081466395111,0.18853651440209485,0.12830957230142567,0.5265017667844523
48,896.9094488188977,0.8090551181102362,0.0,0.0,2037.015748031496,1.7405511811023624,0.35039370078740156,0.45866141732283466,7.2204724409448815,2040.0,2140.0,0.02952755905511811,0.0,0.9704724409448819,0.11450381679389313,0.4509269356597601,0.2516357688113413,0.18293347873500546,0.5669099756690997
49,882.9716599190283,0.8421052631578947,0.0,0.0,2054.3387314439947,0.25330634278002706,0.45614035087719296,0.38596491228070173,7.256410256410256,2040.0,2170.0,0.008097165991902834,0.0,0.9919028340080972,0.09670820159940487,0.3963176492467919,0.3010972661335317,0.20587688302027152,0.4583333333333333
50,894.8678160919541,0.7720306513409961,0.0,0.0,2035.3045977011495,-0.3860344827586207,0.3620689655172414,0.4099616858237548,7.793103448275862,2020.0,2130.0,0.01532567049808429,0.0,0.9846743295019157,0.11037364798426745,0.5093411996066863,0.2536873156342183,0.12659783677482792,0.5310173697270472
51,900.8969465648855,0.9198473282442748,0.0,0.0,2052.9446564885498,0.034103053435114515,0.4179389312977099,0.5019083969465649,7.290076335877862,2050.0,2150.0,0.007633587786259542,0.0,0.9923664122137404,0.11439790575916231,0.41020942408376965,0.3170157068062827,0.15837696335078533,0.5456431535269709
52,894.2641509433962,0.9091981132075472,0.0,0.0,2059.364386792453,-0.1530188679245283,0.42924528301886794,0.47995283018867924,7.14622641509434,2050.0,2170.0,0.0047169811320754715,0.0,0.9952830188679245,0.08646864686468647,0.367986798679868,0.296039603960396,0.2495049504950495,0.5278858625162127
53,909.5767790262172,0.702247191011236,0.0,0.0,2041.5056179775281,-0.3376404494382022,0.352059925093633,0.350187265917603,7.112359550561798,2030.0,2130.0,0.009363295880149813,0.0,0.9906367041198502,0.12374934175882044,0.4549763033175355,0.21484992101105846,0.20642443391258558,0.49866666666666665
54,872.9488188976378,0.8858267716535433,0.0,0.0,2026.0452755905512,2.4539370078740155,0.421259842519685,0.4645669291338583,7.125984251968504,2040.0,2130.0,0.03937007874015748,0.0,0.9606299212598425,0.1270718232044199,0.4569060773480663,0.2632596685082873,0.1527624309392265,0.5244444444444445
55,904.53125,0.584051724137931,0.0,0.0,2060.5280172413795,-0.3221336206896551,0.29094827586206895,0.29310344827586204,7.018318965517241,2050.0,2170.0,0.004310344827586207,0.0,0.9956896551724138,0.08536772608628897,0.31951481652080455,0.34546292031321973,0.24965453707968677,0.5018450184501845
56,923.2791878172588,1.5685279187817258,0.0,0.0,2043.0321489001692,0.1381556683587141,0.7969543147208121,0.7715736040609137,7.120135363790186,2030.0,2150.0,0.01353637901861252,0.0,0.9864636209813875,0.11050380228136882,0.4481939163498099,0.2576045627376426,0.1836977186311787,0.4919093851132686
57,917.2707275803723,1.6125211505922166,0.0,0.0,2035.0761421319796,2.036175972927242,0.7715736040609137,0.8409475465313029,7.1725888324873095,2040.0,2140.0,0.043993231810490696,0.0,0.9560067681895094,0.1269167256428403,0.4335928284972871,0.27081858928992686,0.16867185656994574,0.521511017838405
58,915.8362333674514,0.5752302968270215,0.0,0.0,2055.603889457523,0.871310133060389,0.28249744114636643,0.29273285568065505,7.085977482088024,2050.0,2180.0,0.017400204708290685,0.0,0.9825997952917093,0.08334537050411671,0.3528816986855409,0.3127256969521884,0.251047233858154,0.5088967971530249
59,910.7815533980582,0.6294498381877023,0.0,0.0,2033.1488673139158,0.19788025889967642,0.3673139158576052,0.2621359223300971,7.44336569579288,2020.0,2130.0,0.014563106796116505,0.0,0.9854368932038835,0.1041304347826087,0.44065217391304345,0.305,0.15021739130434783,0.41645244215938304
60,898.472485768501,0.41366223908918404,0.0,0.0,2027.6451612903227,2.5115749525616695,0.2030360531309298,0.21062618595825428,7.7798861480075905,2040.0,2130.0,0.03795066413662239,0.0,0.9620493358633776,0.12439024390243902,0.4558536585365854,0.29024390243902437,0.12951219512195122,0.5091743119266054
61,931.3107403545359,0.8133472367049009,0.0,0.0,2064.5787278415014,-0.5087174139728884,0.4098018769551616,0.4035453597497393,7.371220020855057,2060.0,2180.0,0.0020855057351407717,0.0,0.9979144942648592,0.07978497665865045,0.34106662894327344,0.3338520299900976,0.2452963644079785,0.49615384615384617
62,898.5903426791277,0.822429906542056,0.0,0.0,2036.8052959501558,-0.009299065420560752,0.4672897196261682,0.35514018691588783,7.389408099688474,2030.0,2140.0,0.014018691588785047,0.0,0.985981308411215,0.10602866779089376,0.4422428330522766,0.2596964586846543,0.19203204047217537,0.4318181818181818
63,878.5381097560976,1.076219512195122,0.0,0.0,2008.841463414634,5.206021341463415,0.5274390243902439,0.5487804878048781,7.079268292682927,2040.0,2140.0,0.07469512195121951,0.0,0.9253048780487805,0.13242894056847546,0.44573643410852715,0.2082256675279931,0.2136089577950043,0.509915014164306
64,886.7183979974968,0.8573216520650814,0.0,0.0,2064.0112640801003,-0.6029036295369212,0.4192740926157697,0.4380475594493116,7.380475594493117,2050.0,2180.0,0.0037546933667083854,0.0,0.9962453066332916,0.08953705273868069,0.38494149567576735,0.3389859250466339,0.18653552653891808,0.5109489051094891
65,907.0576131687243,1.0823045267489713,0.0,0.0,2051.803840877915,-0.6449108367626886,0.5185185185185185,0.5637860082304527,7.043895747599452,2040.0,2150.0,0.0054869684499314125,0.0,0.9945130315500685,0.10438169425511197,0.40759493670886077,0.2901655306718598,0.19785783836416748,0.5209125475285171
66,909.4436090225564,1.2285714285714286,0.0,0.0,2010.790977443609,5.464541353383459,0.5939849624060151,0.6345864661654136,7.082706766917293,2040.0,2146.0,0.06616541353383458,0.0,0.9338345864661655,0.1256900212314225,0.39660297239915077,0.2813163481953291,0.19639065817409768,0.5165238678090576
67,932.1637666325486,1.4841351074718525,0.0,0.0,2066.451381780962,-0.2667656090071648,0.7246673490276356,0.759467758444217,7.384851586489253,2060.0,2190.0,0.01023541453428864,0.0,0.9897645854657113,0.08135828135828135,0.3441441441441441,0.3428967428967429,0.2316008316008316,0.5117241379310344
68,924.3198146002318,1.4831981460023176,0.0,0.0,2048.0173812282733,0.7334183082271147,0.7404403244495944,0.7427578215527231,7.3128621089223635,2040.0,2160.0,0.019698725376593278,0.0,0.9803012746234068,0.09412137537632705,0.4395499920773253,0.2513072413246712,0.21502139122167643,0.50078125
69,919.0913642052566,1.2102628285356696,0.0,0.0,2048.7434292866083,0.7854693366708386,0.609511889862328,0.6007509386733417,7.730913642052566,2050.0,2150.0,0.025031289111389236,0.0,0.9749687108886108,0.09859154929577464,0.3951756516108143,0.33559980573093734,0.1706329933624737,0.4963805584281282
70,911.7639155470249,0.6880998080614203,0.0,0.0,2056.406909788868,0.5404318618042226,0.362763915547025,0.3253358925143954,7.479846449136277,2050.0,2170.0,0.016314779270633396,0.0,0.9836852207293666,0.07865024377726457,0.34821657685399027,0.34860148832435206,0.22453169104439313,0.47280334728033474
71,932.1563731931669,1.1681997371879107,0.0,0.0,2051.8252299605783,-0.5884099868593955,0.507227332457293,0.6609724047306176,7.444152431011826,2040.0,2140.0,0.006570302233902759,0.0,0.9934296977660972,0.10097087378640776,0.4510150044130627,0.26619593998234775,0.18181818181818182,0.5658042744656918
72,928.9909677419355,0.6683870967741935,0.0,0.0,2025.8258064516128,3.5791096774193547,0.30451612903225805,0.3638709677419355,7.581935483870968,2040.0,2150.0,0.05806451612903226,0.0,0.9419354838709677,0.11589516678012253,0.4029952348536419,0.2780803267528931,0.20302927161334242,0.5444015444015444
73,936.7977941176471,0.7380514705882353,0.0,0.0,2059.438419117647,0.39034007352941175,0.4117647058823529,0.32628676470588236,7.044117647058823,2050.0,2180.0,0.014705882352941176,0.0,0.9852941176470589,0.08076722338204594,0.35477557411273486,0.25234864300626303,0.31210855949895616,0.44209215442092153
74,932.2130177514792,1.8579881656804733,0.0,0.0,2054.198224852071,-0.4533875739644971,0.8683431952662722,0.9896449704142012,7.622781065088757,2040.0,2160.0,0.0073964497041420114,0.0,0.992603550295858,0.10692800310498739,0.45526877547059963,0.25965457015330873,0.1781486512711042,0.5326433121019108
75,931.7415730337078,0.7966292134831461,0.0,0.0,2033.4247191011236,2.6652584269662922,0.3595505617977528,0.4370786516853933,7.076404494382023,2040.0,2140.0,0.0550561797752809,0.0,0.9449438202247191,0.11241664020323912,0.33407430930454113,0.3424896792632582,0.21101937122896158,0.5486600846262342
76,935.457437661221,0.7927773000859846,0.0,0.0,2040.4969905417024,2.87250214961307,0.39466895958727427,0.39810834049871024,6.967325881341359,2050.0,2180.0,0.025795356835769563,0.0,0.9742046431642304,0.07676169320004936,0.3190176477847711,0.3000123411082315,0.304208317906948,0.5021691973969631
77,968.1408284023669,1.323076923076923,0.0,0.0,2046.3455621301775,0.6165798816568048,0.6355029585798817,0.6875739644970414,7.3301775147929,2050.0,2150.0,0.010650887573964497,0.0,0.9893491124260355,0.09702938327413627,0.4252502421698418,0.2607361963190184,0.21698417823700356,0.5196779964221825
78,928.6086461888509,1.5927189988623436,0.0,0.0,2021.6803185437998,4.417212741751991,0.770193401592719,0.8225255972696246,7.243458475540387,2040.0,2150.0,0.07053469852104664,0.0,0.9294653014789533,0.10570127218470238,0.407727344118109,0.27705355740537146,0.20951782629181717,0.5164285714285715
79,931.2883959044368,0.9291808873720137,0.0,0.0,2063.4317406143346,-0.262278156996587,0.48890784982935154,0.4402730375426621,7.299488054607509,2050.0,2180.0,0.008532423208191127,0.0,0.9914675767918089,0.07142022209234365,0.32647574517825834,0.34026884862653417,0.2618351841028638,0.4738292011019284
80,932.8757841907152,1.3262233375156838,0.0,0.0,2043.3989962358846,0.8188205771643664,0.6750313676286073,0.6511919698870765,7.525721455457967,2040.0,2150.0,0.01631116687578419,0.0,0.9836888331242158,0.09336445481827275,0.44848282760920305,0.27859286428809604,0.17955985328442814,0.4910122989593188
81,943.4811320754717,1.4976415094339623,0.0,0.0,2034.935141509434,3.3049528301886792,0.7464622641509434,0.7511792452830188,7.307783018867925,2050.0,2150.0,0.054245283018867926,0.0,0.9457547169811321,0.1065031466838793,0.3650153299983863,0.3272551234468291,0.20122639987090526,0.5015748031496063
82,929.734375,1.0616776315789473,0.0,0.0,2062.0,0.2029194078947369,0.5254934210526315,0.5361842105263158,7.1430921052631575,2050.0,2180.0,0.013980263157894737,0.0,0.9860197368421053,0.07195486990559521,0.3194796223808427,0.3029012203545936,0.30566428735896845,0.5050348567002324
83,933.6143790849674,1.2657952069716776,0.0,0.0,2051.4869281045753,-0.33125272331154687,0.6895424836601307,0.5762527233115469,7.014161220043573,2040.0,2150.0,0.004357298474945534,0.0,0.9956427015250545,0.09178443857741886,0.4115545892219289,0.2296940518714086,0.2669669203292437,0.45524956970740105
84,935.1701093560146,1.2539489671931956,0.0,0.0,2022.8226002430133,5.211518833535845,0.5759416767922235,0.6780072904009721,7.662211421628189,2040.0,2150.0,0.07411907654921021,0.0,0.9258809234507898,0.11227402473834443,0.40754836663495086,0.29559150015857916,0.1845861084681256,0.5406976744186046
85,983.2388059701492,0.6732128829536528,0.0,0.0,2044.3472113118617,1.9484603299293008,0.37077769049489395,0.30243519245875883,7.005498821681068,2040.0,2170.0,0.02749410840534171,0.0,0.9725058915946583,0.07165283695895941,0.29311504821708906,0.34222919937205654,0.29300291545189505,0.4492415402567094
86,967.0397905759162,0.930890052356021,0.0,0.0,2050.3476439790575,0.10562303664921466,0.418848167539267,0.512041884816754,7.033507853403141,2040.0,2170.0,0.011518324607329843,0.0,0.9884816753926702,0.08739020396010123,0.39481911567664135,0.2755694506476105,0.24222122971564686,0.5500562429696289
87,968.3796909492273,1.6169977924944812,0.0,0.0,2031.2693156732892,4.070993377483444,0.8123620309050773,0.804635761589404,7.398454746136865,2050.0,2160.0,0.0695364238410596,0.0,0.9304635761589404,0.10174548709533045,0.3907205728778159,0.3152319856780546,0.19230195434879904,0.4976109215017065
88,947.7952086553323,1.062596599690881,0.0,0.0,2052.4582689335393,2.307534775888717,0.5517774343122102,0.5108191653786708,7.250386398763524,2050.0,2200.0,0.0347758887171561,0.0,0.9652241112828439,0.06874866766147943,0.3028138989554466,0.33468343636751224,0.2937539970155617,0.4807272727272727
89,973.9515789473684,0.48736842105263156,0.0,0.0,2051.2726315789473,-0.5212947368421053,0.2578947368421053,0.2294736842105263,7.444210526315789,2040.0,2150.0,0.008421052631578947,0.0,0.991578947368421,0.0815893665158371,0.4089366515837104,0.30175339366515835,0.20772058823529413,0.4708423326133909
90,938.4925690021231,1.1040339702760085,0.0,0.0,2007.3067940552016,6.626220806794055,0.5360934182590233,0.5679405520169851,7.573248407643312,2040.0,2150.0,0.08917197452229299,0.0,0.910828025477707,0.09671993271656855,0.4143537987104009,0.3209980375665826,0.167928231006448,0.5144230769230769
91,962.5149073327962,1.1651893634165995,0.0,0.0,2060.7937147461726,1.184689766317486,0.5640612409347301,0.6011281224818694,7.595487510072522,2060.0,2190.0,0.018533440773569703,0.0,0.9814665592264303,0.07107999151283684,0.32007214088690855,0.3435179291321876,0.2653299384680671,0.5159059474412172
92,955.7557692307693,1.1394230769230769,0.0,0.0,2054.0721153846152,0.041596153846153866,0.5509615384615385,0.5884615384615385,7.031730769230769,2040.0,2160.0,0.009615384615384616,0.0,0.9903846153846154,0.08560098454806508,0.37494872145494323,0.2860659100232463,0.2533843839737454,0.5164556962025316
93,960.1213307240705,1.2651663405088063,0.0,0.0,2040.284735812133,2.757142857142857,0.6262230919765166,0.6389432485322897,7.418786692759295,2050.0,2160.0,0.05577299412915851,0.0,0.9442270058708415,0.09628066473226062,0.4079398575573727,0.2603534687417568,0.23542600896860988,0.5050270688321732
94,967.1768707482993,1.3299319727891157,0.0,0.0,2059.236394557823,0.3783248299319728,0.7295918367346939,0.6003401360544217,7.508503401360544,2050.0,2180.0,0.017857142857142856,0.0,0.9821428571428571,0.0725934314835787,0.3514156285390713,0.35617214043035106,0.21981879954699887,0.4514066496163683
95,990.1410256410256,1.293956043956044,0.0,0.0,2052.519230769231,0.9227197802197802,0.6355311355311355,0.6584249084249084,7.091575091575091,2050.0,2170.0,0.013736263736263736,0.0,0.9862637362637363,0.07889979338842976,0.3518853305785124,0.3194731404958678,0.2497417355371901,0.5088464260438783
96,970.5347544022243,1.293790546802595,0.0,0.0,2028.5393883225208,4.667201112140871,0.659870250231696,0.633920296570899,7.176088971269694,2050.0,2170.0,0.07970342910101946,0.0,0.9202965708989805,0.09569934134056567,0.35425545654139223,0.31176546558181584,0.23827973653622628,0.4899713467048711
97,957.7366720516962,1.5525040387722133,0.0,0.0,2047.9071082390954,2.6994184168012927,0.8481421647819063,0.7043618739903069,7.310177705977383,2050.0,2190.0,0.03877221324717286,0.0,0.9612277867528272,0.07602209944751381,0.32243093922651933,0.35016574585635357,0.2513812154696133,0.45369406867845996
98,960.5975143403442,2.0554493307839388,0.0,0.0,2054.4560229445506,0.7703919694072657,1.022944550669216,1.0325047801147227,7.1108986615678775,2050.0,2170.0,0.020076481835564052,0.0,0.9799235181644359,0.0783812852917451,0.4049475665501479,0.27117504705566015,0.2454961011024469,0.5023255813953489
99,965.4781395348837,1.7786046511627907,0.0,0.0,2042.9758139534883,4.118483720930232,0.8148837209302325,0.9637209302325581,7.788837209302326,2050.0,2180.0,0.06976744186046512,0.0,0.9302325581395349,0.08802101994506151,0.3924519288188224,0.34814284008121343,0.17138421115490265,0.5418410041841004
100,991.1911987860394,1.129742033383915,0.0,0.0,2044.8907435508345,2.5956525037936267,0.6138088012139605,0.5159332321699545,7.581942336874052,2050.0,2180.0,0.03414264036418816,0.0,0.9658573596358119,0.06574602221555088,0.3303312318623036,0.35785049534674274,0.24607225057540277,0.45668233713901946
101,1007.4958139534883,2.32,0.0,0.0,2056.9041860465118,0.25233488372093027,1.0483720930232558,1.2716279069767442,7.3134883720930235,2050.0,2160.0,0.013023255813953489,0.0,0.9869767441860465,0.07962350546934623,0.40371406766726026,0.295599084202493,0.22106334266090052,0.5481154771451484
102,968.6223709369025,1.1376673040152965,0.0,0.0,2027.4770554493307,4.66199808795411,0.5258126195028681,0.6118546845124283,7.730401529636711,2050.0,2160.0,0.07361376673040153,0.0,0.9263862332695985,0.09213455354934455,0.3950037101162503,0.3036111798169676,0.20925055651743754,0.5378151260504201
103,966.5470219435737,1.3706896551724137,0.0,0.0,2060.8119122257053,1.1797257053291534,0.6849529780564263,0.6857366771159875,7.423197492163009,2060.0,2190.0,0.03134796238244514,0.0,0.9686520376175548,0.07210726351351351,0.3381545608108108,0.2822001689189189,0.30753800675675674,0.5002858776443682
104,987.4680203045685,2.195939086294416,0.0,0.0,2054.815228426396,1.0761725888324873,1.049746192893401,1.1461928934010153,7.475126903553299,2040.0,2190.0,0.025380710659898477,0.0,0.9746192893401016,0.08189596631807687,0.4218389243514872,0.30028520983294854,0.19597989949748743,0.5219602404068423
105,987.0617620345141,1.4159854677565848,0.0,0.0,2026.7211625794732,5.642134423251589,0.6566757493188011,0.7593097184377838,7.408719346049046,2050.0,2160.0,0.08537693006357856,0.0,0.9146230699364214,0.09182297413264681,0.3465734951575334,0.3519676351599853,0.2096358955498345,0.536241180243746
106,968.3961729270021,1.0644932671863927,0.0,0.0,2041.698795180723,3.2410843373493976,0.5818568391211907,0.48263642806520196,7.00921332388377,2050.0,2180.0,0.03756201275690999,0.0,0.96243798724309,0.06744186046511629,0.29211324570273,0.32406471183013147,0.3163801820020222,0.4533954727030626
107,958.6786786786787,2.6386386386386387,0.0,0.0,2087.091091091091,-0.11267267267267264,1.2832832832832832,1.3553553553553555,7.301301301301302,2050.0,2240.0,0.011011011011011011,0.0,0.988988988988989,0.08143679736769947,0.40677268988209486,0.2965451055662188,0.21524540718398683,0.5136570561456753
108,973.6865808823529,1.4733455882352942,0.0,0.0,2030.5551470588234,4.8044577205882355,0.7003676470588235,0.7729779411764706,7.712316176470588,2050.0,2170.0,0.0818014705882353,0.0,0.9181985294117647,0.08640209748540102,0.37826242402574184,0.3222500297938267,0.21308544869503038,0.5246412975670618
109,982.3517292126563,1.3031640912435614,0.0,0.0,2063.093451066961,1.3919867549668874,0.6467991169977925,0.6563649742457689,7.757910228108903,2060.0,2200.0,0.027961736571008096,0.0,0.9720382634289919,0.06364412406335958,0.31110689557052074,0.38556388124822155,0.23968509911789812,0.5036702428006776
110,991.0790216368767,1.6406396989651928,0.0,0.0,2054.335841956726,1.0684195672624648,0.7676387582314205,0.8730009407337723,7.500470366886171,2050.0,2168.000000000001,0.016933207902163686,0.0,0.9830667920978363,0.0781387181738367,0.41678163802834567,0.3090430201931519,0.19603662360466576,0.5321100917431193
111,1008.4261565836299,2.3994661921708187,0.0,0.0,2025.3772241992883,6.023674377224199,1.143238434163701,1.2562277580071175,7.789145907473309,2050.0,2180.0,0.0898576512455516,0.0,0.9101423487544484,0.08692175899486008,0.36459166190748143,0.343917761279269,0.20456881781838948,0.5235446792732666
112,1001.373595505618,1.8188202247191012,0.0,0.0,2062.938202247191,2.122724719101124,0.9452247191011236,0.8735955056179775,7.408005617977528,2060.0,2200.0,0.03581460674157303,0.0,0.964185393258427,0.06408190349796189,0.3175656460327993,0.34031661768888044,0.2780358327803583,0.4803088803088803
113,991.8420153714774,2.116994022203245,0.0,0.0,2076.8479931682323,0.5864218616567037,0.9837745516652434,1.1332194705380016,6.997438087105039,2060.0,2220.0,0.017079419299743808,0.0,0.9829205807002562,0.07566512082011227,0.4030998291432756,0.2638515987307786,0.2573834513058335,0.5352964905203711
114,982.5173058933583,2.437792329279701,0.0,0.0,2037.288119738073,5.472301216089804,1.1506080449017773,1.2871842843779233,7.768942937324603,2060.0,2180.0,0.09354536950420954,0.0,0.9064546304957904,0.08898254063816978,0.40758579169175196,0.32811559301625526,0.175316074653823,0.5280122793553338
115,1011.0640748740101,1.1691864650827934,0.0,0.0,2054.089992800576,2.9870842332613385,0.5989920806335494,0.5701943844492441,7.5766738660907125,2060.0,2190.0,0.03311735061195104,0.0,0.9668826493880489,0.06233371341695173,0.2805967312808818,0.38530976814899276,0.27175978715317367,0.4876847290640394
116,944.167487684729,2.1773399014778323,0.0,0.0,2070.4704433497536,0.9795566502463053,1.0558292282430213,1.1215106732348112,6.830870279146141,2050.0,2210.0,0.018883415435139574,0.0,0.9811165845648604,0.0733173076923077,0.36514423076923075,0.2936298076923077,0.26790865384615387,0.5150829562594268
117,952.0552536231884,2.546195652173913,0.0,0.0,2048.3297101449275,5.325905797101449,1.1630434782608696,1.3831521739130435,7.528985507246377,2060.0,2200.0,0.08967391304347826,0.0,0.9103260869565217,0.08782483156881617,0.3877526467757459,0.33493743984600577,0.18948508180943216,0.5432230522945571
118,981.707248416608,2.1048557353976074,0.0,0.0,2063.0619282195635,2.569683321604504,1.0823363828289936,1.0225193525686136,7.58128078817734,2060.0,2210.0,0.03940886699507389,0.0,0.9605911330049262,0.06516290726817042,0.2967604195674371,0.3534762833008447,0.28460038986354774,0.4857907054496824
119,968.3779661016949,1.7813559322033898,0.0,0.0,2067.001694915254,0.2029406779661017,0.8737288135593221,0.9076271186440678,7.432203389830509,2050.0,2181.0000000000014,0.013559322033898305,0.0,0.9864406779661017,0.06807297605473205,0.40376282782212086,0.31493728620296463,0.21322690992018245,0.5095147478591817
120,961.9018087855297,2.5245478036175713,0.0,0.0,2045.00947459087,6.302988802756245,1.1800172265288544,1.3445305770887166,8.01894918173988,2060.0,2200.0,0.1111111111111111,0.0,0.8888888888888888,0.07808807733619763,0.4209452201933405,0.3383458646616541,0.16262083780880773,0.5325827362674855
121,996.7628205128206,1.9344729344729346,0.0,0.0,2077.9052706552707,0.8720797720797722,0.9850427350427351,0.9494301994301995,7.780626780626781,2070.0,2230.0,0.019230769230769232,0.0,0.9807692307692307,0.0585865983156353,0.30776272427682166,0.3755950201391432,0.25805565726839985,0.49079528718703974
122,965.0515297906602,1.8663446054750403,0.0,0.0,2077.3743961352657,-0.3630515297906602,0.8607085346215781,1.0056360708534622,7.140096618357488,2060.0,2210.0,0.007246376811594203,0.0,0.9927536231884058,0.06867388362652233,0.35250338294993233,0.321041948579161,0.2577807848443843,0.5388265746333045
123,942.329081632653,2.0365646258503403,0.0,0.0,2049.936224489796,5.298639455782313,0.9846938775510204,1.0518707482993197,7.5731292517006805,2060.0,2190.0,0.08928571428571429,0.0,0.9107142857142857,0.08084437457893555,0.41073433640242535,0.2808219178082192,0.22759937121041995,0.5164926931106472
124,978.2133436772692,1.2389449185415051,0.0,0.0,2065.645461598138,1.4127307990690459,0.6214119472459271,0.6175329712955779,7.747866563227308,2050.0,2210.0,0.027928626842513578,0.0,0.9720713731574864,0.06518474016221087,0.33733854010213277,0.37598878542104736,0.221487934314609,0.49843456480901693
125,980.7337509788567,1.9592795614722005,0.0,0.0,2064.5677368833203,1.7444714173844948,0.9451840250587314,1.0140955364134692,7.111981205951449,2060.0,2210.0,0.01957713390759593,0.0,0.980422866092404,0.06815679365778463,0.35289583792116275,0.3305439330543933,0.24840343536665932,0.517585931254996
126,972.247691015953,2.0940386230058774,0.0,0.0,2050.1091519731317,4.138463476070529,1.0251889168765742,1.0688497061293032,7.262804366078925,2060.0,2190.0,0.06717044500419815,0.0,0.9328295549958019,0.08566473988439306,0.36358381502890175,0.32404624277456645,0.22670520231213873,0.5104250200481155
127,980.4258302583025,2.357933579335793,0.0,0.0,2068.049446494465,2.525830258302583,1.1800738007380074,1.177859778597786,7.576383763837638,2060.0,2230.0,0.04649446494464945,0.0,0.9535055350553505,0.06818624586012079,0.31570231833235923,0.37405026300409117,0.2420611728034288,0.49953051643192486
128,960.1143818334735,2.07905803195963,0.0,0.0,2066.0689655172414,2.1681581160639194,1.0538267451640033,1.0252312867956266,7.347350714886459,2060.0,2210.0,0.028595458368376788,0.0,0.9714045416316233,0.07371794871794872,0.39228479853479853,0.3004807692307692,0.23351648351648352,0.4931229773462783
129,966.5444348576359,1.8032786885245902,0.0,0.0,2054.776531492666,4.708731665228646,0.825711820534944,0.9775668679896462,8.031924072476272,2070.0,2200.0,0.07075064710957722,0.0,0.9292493528904228,0.07970780964657859,0.39810935653668494,0.3588999892577076,0.1632828445590289,0.5421052631578948
130,963.7385892116182,1.6376210235131397,0.0,0.0,2032.8243430152145,6.322890733056708,0.872060857538036,0.7655601659751037,7.6562932226832645,2050.0,2210.0,0.0739972337482711,0.0,0.926002766251729,0.06684129708246771,0.3370065938036311,0.3669045253364646,0.22924758377743654,0.4674831081081081
131,983.3560673162091,2.1364038972542074,0.0,0.0,2074.7599645704163,0.5419309123117804,1.0141718334809566,1.1222320637732506,7.485385296722764,2060.0,2230.0,0.011514614703277236,0.0,0.9884853852967228,0.07502070760856704,0.3955744882262454,0.3224470476866643,0.20695775647852324,0.525290215588723
132,973.5882352941177,2.0579831932773107,0.0,0.0,2041.7596638655461,5.078100840336135,1.0092436974789916,1.0487394957983194,7.764705882352941,2060.0,2180.0,0.08823529411764706,0.0,0.9117647058823529,0.08051948051948052,0.39231601731601734,0.3164502164502164,0.21071428571428572,0.509595753368722
133,959.9946055293325,1.6662171274443696,0.0,0.0,2055.6163182737696,3.4275792312879303,0.8968307484828051,0.7693863789615644,7.167228590694538,2060.0,2220.0,0.04315576534052596,0.0,0.956844234659474,0.06209427039232289,0.3325806755103961,0.3022861981371719,0.30303885596010915,0.46175637393767704
134,957.9721723518851,2.2190305206463194,0.0,0.0,2064.9210053859965,1.7611041292639138,1.0430879712746859,1.1759425493716338,7.253141831238779,2060.0,2200.0,0.02244165170556553,0.0,0.9775583482944344,0.07264851485148514,0.40915841584158413,0.32524752475247526,0.19294554455445545,0.5299352750809061
135,971.0095846645368,1.7675718849840256,0.0,0.0,2046.9432907348244,5.342172523961661,0.8154952076677316,0.952076677316294,7.267571884984026,2050.0,2180.0,0.09105431309904154,0.0,0.9089456869009584,0.08132761841960655,0.34443345422573907,0.3641059457083196,0.21013298164633476,0.5386353366470854
136,941.8201539538138,1.5066480055983205,0.0,0.0,2066.78166550035,2.0256962911126664,0.7165850244926522,0.7900629811056683,7.358992302309307,2060.0,2220.0,0.03568929321203639,0.0,0.9643107067879636,0.06390262457208064,0.28870292887029286,0.3385317611259034,0.30886268543172307,0.5243845796562936
137,956.1631762652705,2.4720767888307154,0.0,0.0,2090.4467713787085,0.6615706806282723,1.2233856893542758,1.2486910994764397,7.4057591623036645,2060.0,2270.0,0.017452006980802792,0.0,0.9825479930191972,0.0725815953811712,0.3907152114999411,0.3183692706492282,0.2183339224696595,0.505118249205789
138,942.168863261944,2.4102141680395386,0.0,0.0,2058.9678747940693,4.684818780889621,1.1326194398682043,1.2775947281713345,7.901153212520593,2060.0,2200.0,0.10214168039538715,0.0,0.8978583196046128,0.0768348623853211,0.3957464553794829,0.32454128440366975,0.20287739783152628,0.5300751879699248
139,965.5984583041345,1.5977575332866152,0.0,0.0,2069.9117028731603,1.8319201121233357,0.7813594954449895,0.8163980378416258,7.7939733707077785,2060.0,2220.0,0.030133146461107218,0.0,0.9698668535388928,0.05979140442366481,0.3083078582988671,0.3881496133788887,0.2437511238985794,0.5109649122807017
140,967.856529209622,1.7800687285223367,0.0,0.0,2054.7929553264603,2.874759450171821,0.8608247422680413,0.9192439862542955,7.629725085910653,2050.0,2200.0,0.03350515463917526,0.0,0.9664948453608248,0.07003715797770521,0.4040085575948654,0.33081860150883907,0.19513568291859024,0.5164092664092664
141,964.3805532271584,1.757753562447611,0.0,0.0,2042.3352891869238,4.634149203688181,0.8482816429170159,0.9094719195305951,7.810561609388097,2060.0,2190.0,0.08382229673093043,0.0,0.9161777032690696,0.08091865207125992,0.37905129856192316,0.34610431423052157,0.19392573513629535,0.5174058178350024
142,951.1432488005483,1.5044551062371487,0.0,0.0,2058.1165181631254,2.92709389993146,0.7875257025359835,0.7169294037011652,7.480466072652502,2060.0,2210.0,0.03564084989718986,0.0,0.9643591501028101,0.06074766355140187,0.3096939710463625,0.34817665383910573,0.2813817115631299,0.4765375854214123
143,974.9745275267051,1.732949876746097,0.0,0.0,2062.464256368118,1.1671569433032045,0.8635990139687757,0.8693508627773213,7.147904683648315,2050.0,2200.0,0.018077239112571898,0.0,0.9819227608874281,0.06816875502931372,0.39487297390504655,0.2701459937923899,0.2668122772732498,0.5016595542911333
144,956.8155699721965,1.8980537534754403,0.0,0.0,2026.9545875810936,6.955922150139017,0.8683966635773864,1.0296570898980537,8.064874884151992,2060.0,2180.0,0.1102873030583874,0.0,0.8897126969416126,0.08549758676166398,0.4254194438060216,0.32256952424729946,0.16651344518501493,0.54248046875
145,983.4002659574468,1.2273936170212767,0.0,0.0,2041.5139627659576,4.355531914893617,0.6602393617021277,0.567154255319149,7.388297872340425,2050.0,2190.0,0.061835106382978726,0.0,0.9381648936170213,0.06497480201583873,0.28266738660907126,0.38174946004319654,0.2706083513318934,0.46208017334777896
146,956.1980519480519,2.2021103896103895,0.0,0.0,2068.470779220779,1.1519237012987014,1.021103896103896,1.1810064935064934,7.070616883116883,2050.0,2210.0,0.021915584415584416,0.0,0.9780844155844156,0.07082998507634027,0.3687291929744002,0.2965216393066238,0.26391918264263575,0.5363066715812753
147,935.38125,2.813392857142857,0.0,0.0,2066.010714285714,3.804821428571428,1.2794642857142857,1.5339285714285715,7.85,2060.0,2231.0,0.07321428571428572,0.0,0.9267857142857143,0.08416742493175614,0.4033212010919017,0.32415832575068243,0.18835304822565968,0.5452237384957156
148,959.4636243386243,1.6078042328042328,0.0,0.0,2041.8042328042327,4.6372817460317455,0.8505291005291006,0.7572751322751323,7.377645502645502,2060.0,2200.0,0.06349206349206349,0.0,0.9365079365079365,0.06337965038099506,0.30470640968175705,0.3552666965486329,0.27664724338861496,0.4709995886466475
149,991.6988155668358,1.614213197969543,0.0,0.0,2072.560913705584,0.5791708967851099,0.7893401015228426,0.8248730964467005,7.522842639593908,2060.0,2200.0,0.014382402707275803,0.0,0.9856175972927242,0.06837606837606838,0.3923751686909582,0.3254610886189834,0.2137876743139901,0.5110062893081762
150,979.902733118971,2.04983922829582,0.0,0.0,2043.6583601286175,6.462491961414791,0.9236334405144695,1.1262057877813505,8.030546623794212,2050.0,2220.0,0.12540192926045016,0.0,0.8745980707395499,0.07847847847847848,0.4307307307307307,0.32812812812812814,0.16266266266266266,0.5494117647058824
151,965.9182432432433,1.9398648648648649,0.0,0.0,2057.2074324324326,3.6130810810810807,0.9608108108108108,0.9790540540540541,7.724324324324324,2060.0,2220.0,0.04932432432432433,0.0,0.9506756756756757,0.06438068579426172,0.3086074177746676,0.37744926522043387,0.24956263121063682,0.5047021943573667
152,976.9747320061256,2.306278713629403,0.0,0.0,2087.9747320061256,-0.4045635528330781,1.1653905053598774,1.1408882082695253,7.108728943338438,2060.0,2230.0,0.006125574272588055,0.0,0.9938744257274119,0.06613528651443343,0.3503877638948729,0.3275527789745799,0.2559241706161137,0.4946879150066401
153,942.4878048780488,1.9902439024390244,0.0,0.0,2052.1463414634145,4.674918699186992,0.9447154471544715,1.0455284552845527,7.282926829268293,2060.0,2200.0,0.07886178861788617,0.0,0.9211382113821138,0.0853985264567984,0.398191560616209,0.2853315472203617,0.23107836570663096,0.5253267973856209
154,952.6428044280443,1.5682656826568266,0.0,0.0,2056.8553505535056,2.9478081180811806,0.8081180811808119,0.7601476014760148,7.602952029520295,2050.0,2200.0,0.04206642066420664,0.0,0.9579335793357934,0.06581246359930111,0.33653659483595416,0.37720830906620073,0.22044263249854398,0.48470588235294115
155,964.884645982498,1.745425616547335,0.0,0.0,2067.821797931583,0.9946459824980112,0.8560063643595863,0.8894192521877486,7.102625298329356,2060.0,2190.0,0.016706443914081145,0.0,0.9832935560859188,0.07022849462365591,0.3550627240143369,0.3343413978494624,0.2403673835125448,0.5095715587967183
156,966.9444897959183,2.504489795918367,0.0,0.0,2055.1061224489795,5.294351020408163,1.1559183673469389,1.3485714285714285,7.398367346938776,2060.0,2230.0,0.09551020408163265,0.0,0.9044897959183673,0.08363676486814521,0.3822133951230277,0.3183272647026371,0.21582257530619,0.5384615384615384
157,975.7444933920705,2.787812041116006,0.0,0.0,2078.226872246696,3.301138032305433,1.4390602055800295,1.3487518355359764,7.629955947136564,2070.0,2269.000000000001,0.04698972099853157,0.0,0.9530102790014684,0.06880292532717475,0.31100846805234794,0.3783679753656659,0.2418206312548114,0.48380300237029233
158,943.3569682151589,2.8859005704971477,0.0,0.0,2083.367563162184,0.9602933985330073,1.3463732681336593,1.5395273023634881,7.244498777506112,2060.0,2230.0,0.014669926650366748,0.0,0.9853300733496333,0.07064911688603892,0.3910451119361008,0.3026212172347846,0.23568455394307572,0.5334651228466535
159,975.3587521663778,1.902946273830156,0.0,0.0,2051.4930675909877,5.215121317157712,0.8752166377816292,1.0277296360485269,7.972270363951473,2060.0,2210.0,0.07712305025996534,0.0,0.9228769497400346,0.07880434782608696,0.38804347826086955,0.358695652173913,0.17445652173913043,0.5400728597449909
160,979.7816804407713,1.747245179063361,0.0,0.0,2030.809917355372,7.47758953168044,0.8450413223140496,0.9022038567493113,7.809917355371901,2050.0,2220.0,0.08402203856749312,0.0,0.9159779614325069,0.06578483245149912,0.32821869488536154,0.36904761904761907,0.2369488536155203,0.5163579030350808
161,997.659377628259,2.619848612279226,0.0,0.0,2091.851135407906,1.253179142136249,1.272497897392767,1.3473507148864592,7.27838519764508,2060.0,2280.0,0.017661900756938603,0.0,0.9823380992430614,0.06967876126646637,0.3991217933903397,0.33556736769124107,0.19563207765195284,0.5142857142857142
162,983.5443449959316,2.2799023596419854,0.0,0.0,2056.3685923515054,5.189406021155411,1.0398698128559805,1.240032546786005,7.681855166802278,2060.0,2220.0,0.0935720097640358,0.0,0.9064279902359642,0.07711047558521343,0.39921618472619425,0.3190340006355259,0.20463933905306642,0.5438972162740899
163,1004.3090277777778,1.9201388888888888,0.0,0.0,2074.9583333333335,2.6810625,0.9715277777777778,0.9486111111111111,7.553472222222222,2070.0,2250.0,0.04375,0.0,0.95625,0.061873678403971684,0.3340994759584444,0.3044957249241519,0.299531120713432,0.49403254972875227
164,999.2789855072464,2.884963768115942,0.0,0.0,2091.210144927536,1.4014039855072464,1.3876811594202898,1.497282608695652,7.481884057971015,2070.0,2280.0,0.021739130434782608,0.0,0.9782608695652174,0.07445520581113801,0.4036319612590799,0.3289346246973366,0.19297820823244552,0.5189952904238618
165,1000.0125786163522,1.925314465408805,0.0,0.0,2047.6745283018868,4.884811320754717,0.9025157232704403,1.0227987421383649,7.42059748427673,2050.0,2199.000000000001,0.09355345911949685,0.0,0.9064465408805031,0.07924568280538193,0.34537556944591585,0.366140480983155,0.2092382667655472,0.5312372396896693
166,982.3155792276964,1.8908122503328895,0.0,0.0,2062.43741677763,2.87982689747004,1.0139813581890813,0.8768308921438083,7.182423435419441,2055.0,2220.0,0.041944074567243674,0.0,0.9580559254327563,0.06488691138301816,0.2924545791620319,0.3420467185761958,0.30061179087875417,0.4637323943661972
167,968.4242692648361,2.8476527900797164,0.0,0.0,2083.382639503986,0.9927635075287865,1.4738706820194862,1.3737821080602304,7.310008857395926,2070.0,2240.0,0.015943312666076175,0.0,0.9840566873339238,0.0706409790379256,0.4071246819338422,0.31527929237852903,0.20695504664970313,0.4824261275272162
168,985.2621599340478,2.2497938994229183,0.0,0.0,2044.1096455070074,7.364806265457544,1.099752679307502,1.1500412201154164,7.75515251442704,2050.0,2197.9999999999995,0.11211871393239901,0.0,0.887881286067601,0.07983416604656107,0.39119804400978,0.333262464122462,0.19570532582119698,0.5111762550384756
169,984.1289669142471,1.600270087778528,0.0,0.0,2074.3578663065496,0.2662592842673869,0.8399729912221472,0.7602970965563808,7.417285617825794,2060.0,2220.0,0.014179608372721135,0.0,0.9858203916272789,0.057624032771961764,0.30040964952207555,0.394446973145198,0.2475193445607647,0.4751054852320675
170,992.1028277634962,2.2056555269922877,0.0,0.0,2062.357326478149,3.0161353898886034,1.0796915167095116,1.1259640102827764,7.674378748928877,2060.0,2220.0,0.02913453299057412,0.0,0.9708654670094259,0.07067887449754355,0.4096694953104064,0.33575256811076376,0.18389906208128629,0.5104895104895105
171,954.8291245791246,2.451178451178451,0.0,0.0,2047.4789562289561,5.7013047138047135,1.1026936026936027,1.3484848484848484,7.9966329966329965,2060.0,2200.0,0.09343434343434344,0.0,0.9065656565656566,0.08052631578947368,0.3716842105263158,0.3567368421052632,0.19105263157894736,0.5501373626373627
172,996.976290097629,1.5341701534170153,0.0,0.0,2063.055090655509,1.2681729428172943,0.7552301255230126,0.7789400278940027,7.510460251046025,2060.0,2200.0,0.01813110181311018,0.0,0.9818688981868898,0.06090993500464253,0.3097493036211699,0.3544103992571959,0.2749303621169916,0.5077272727272727
173,980.2867242733699,1.8413197172034563,0.0,0.0,2078.4406912804398,0.7785310290652002,0.8436763550667714,0.997643362136685,6.879811468970935,2060.0,2240.0,0.01728201099764336,0.0,0.9827179890023566,0.06930806120118749,0.39118520210093627,0.28214204156200046,0.2573646951358758,0.5418088737201365
174,992.3829383886256,1.6085308056872039,0.0,0.0,2034.959241706161,6.047213270142181,0.7165876777251184,0.8919431279620853,8.011374407582938,2060.0,2170.0,0.11090047393364928,0.0,0.8890995260663507,0.08648840511121628,0.41493137718883105,0.33589682915286323,0.16268338854708944,0.5545079552150854
175,974.6390927284857,1.3589059372915278,0.0,0.0,2055.5176784523014,3.306497665110074,0.7298198799199467,0.6290860573715811,7.394262841894596,2060.0,2200.0,0.046030687124749836,0.0,0.9539693128752502,0.06261277517141826,0.2770660411403825,0.3881270299530855,0.2721941537351137,0.46293568973981347
176,985.2644628099174,1.850413223140496,0.0,0.0,2071.287603305785,0.41915702479338846,0.8925619834710744,0.9578512396694215,7.028925619834711,2050.0,2200.0,0.01487603305785124,0.0,0.9851239669421488,0.07266313932980599,0.3677836566725456,0.3178130511463845,0.24174015285126396,0.517641804376954
177,970.4113475177305,2.0629432624113475,0.0,0.0,2059.1604609929077,4.090053191489361,1.0416666666666667,1.0212765957446808,7.714539007092198,2060.0,2203.000000000001,0.08067375886524823,0.0,0.9193262411347518,0.08136060675706734,0.404389795449322,0.336359457595955,0.1778901401976557,0.4950580146110872
178,977.9397749834546,1.3917935142289874,0.0,0.0,2058.1733951025813,4.2746657842488425,0.7260092653871608,0.6657842488418266,7.372600926538716,2060.0,2220.0,0.04698874917273329,0.0,0.9530112508272667,0.0585278276481149,0.2934470377019749,0.36122082585278276,0.2868043087971275,0.47836424155967666
179,958.6392508143323,1.492671009771987,0.0,0.0,2073.5415309446253,0.1754885993485342,0.758957654723127,0.7337133550488599,7.361563517915309,2050.0,2200.0,0.012214983713355049,0.0,0.987785016286645,0.06637168141592921,0.39037610619469026,0.3418141592920354,0.20143805309734514,0.49154391707583195
180,944.1299840510367,1.777511961722488,0.0,0.0,2032.171451355662,6.99871610845295,0.8205741626794258,0.9569377990430622,7.854066985645933,2050.0,2170.0,0.13078149920255183,0.0,0.8692185007974481,0.07503299827393645,0.42217484008528783,0.34216671743324195,0.16062544420753375,0.5383580080753702
181,982.5348360655738,1.7595628415300546,0.0,0.0,2060.023224043716,2.9761953551912566,0.9030054644808743,0.8565573770491803,7.790300546448087,2050.0,2220.0,0.04234972677595628,0.0,0.9576502732240437,0.06269180184129768,0.3058307759754494,0.3823761508110478,0.24910127137220517,0.48680124223602483
182,961.2317829457364,1.8511627906976744,0.0,0.0,2079.844186046512,-0.1495348837209302,0.9178294573643411,0.9333333333333333,7.086046511627907,2060.0,2220.0,0.009302325581395349,0.0,0.9906976744186047,0.06673230499945301,0.35072749152171534,0.3334427305546439,0.2490974729241877,0.5041876046901173
183,964.8236797274276,1.9463373083475297,0.0,0.0,2053.477853492334,4.648568994889268,0.989778534923339,0.9565587734241908,7.754684838160136,2060.0,2190.0,0.08091993185689948,0.0,0.9190800681431005,0.08150263620386643,0.406414762741652,0.2851493848857645,0.22693321616871706,0.49146608315098467
184,948.8719325153374,1.2170245398773005,0.0,0.0,2071.9409509202455,1.5203374233128835,0.6303680981595092,0.5866564417177914,7.682515337423313,2060.0,2220.0,0.02530674846625767,0.0,0.9746932515337423,0.06508285086843682,0.32701137951686965,0.38710321421441407,0.2208025554002795,0.4820415879017013
185,959.7222222222222,1.8206349206349206,0.0,0.0,2084.8460317460317,0.9761746031746031,0.807936507936508,1.0126984126984127,7.18015873015873,2060.0,2260.0,0.01984126984126984,0.0,0.9801587301587301,0.07162595335470322,0.3496186581187134,0.3444235658229247,0.23433182270365868,0.5562336530078466
186,923.7030352748154,2.817883511074651,0.0,0.0,2057.2132895816244,6.2697867104183755,1.4159146841673502,1.401968826907301,7.352748154224774,2070.0,2252.0000000000005,0.09762100082034454,0.0,0.9023789991796555,0.08780542229164343,0.3771058797277697,0.3165234854401428,0.21856521254044406,0.4975254730713246
187,967.0360360360361,2.4885654885654884,0.0,0.0,2083.7020097020095,3.032058212058212,1.1968121968121967,1.2917532917532917,7.275814275814276,2060.0,2290.0,0.04365904365904366,0.0,0.9563409563409564,0.06438708448423659,0.3155538622725974,0.3825126202495476,0.23754643299361844,0.5190754664438875
188,964.1730769230769,2.542467948717949,0.0,0.0,2108.5761217948716,0.6358253205128205,1.2387820512820513,1.3036858974358974,7.299679487179487,2070.0,2290.0,0.016826923076923076,0.0,0.9831730769230769,0.0659714599341383,0.38759604829857297,0.31745334796926455,0.22897914379802414,0.5127639457926253
189,953.0780487804878,2.2585365853658534,0.0,0.0,2063.9520325203252,4.613243902439025,1.102439024390244,1.1560975609756097,7.986178861788618,2070.0,2240.0,0.08048780487804878,0.0,0.9195121951219513,0.07930367504835589,0.39326071464929246,0.35966608978927006,0.16776952051308155,0.5118790496760259
190,985.0209601081812,1.5158891142663962,0.0,0.0,2054.557133198107,3.9148546315077755,0.7816091954022989,0.7342799188640974,7.63894523326572,2050.0,2210.0,0.05544286680189317,0.0,0.9445571331981069,0.06257744733581165,0.3227119844220216,0.3742255266418835,0.24048504160028322,0.48438893844781444
191,976.5961369622476,3.0079016681299384,0.0,0.0,2120.9885864793678,0.40014925373134325,1.3740122914837576,1.6338893766461808,7.555750658472344,2080.0,2342.0000000000005,0.013169446883230905,0.0,0.9868305531167691,0.07285614687427376,0.4035556588426679,0.3310481059725773,0.19254008831048106,0.5431990659661413
192,955.4577464788732,1.7269170579029733,0.0,0.0,2060.693270735524,4.30858372456964,0.7879499217527387,0.9389671361502347,7.559467918622849,2060.0,2200.0,0.08294209702660407,0.0,0.917057902973396,0.08146154642376566,0.3957147293240865,0.31446020080736986,0.208363523444778,0.5437245129134571
193,945.3134328358209,1.5800542740841248,0.0,0.0,2062.383989145183,3.9088263229308002,0.76797829036635,0.8120759837177748,7.385345997286295,2060.0,2240.0,0.05088195386702849,0.0,0.9491180461329715,0.06531324637148632,0.3289546206136322,0.3039683997795333,0.30176373323534816,0.5139544869042507
194,933.397766323024,1.8831615120274914,0.0,0.0,2081.443298969072,1.7294673539518899,0.8900343642611683,0.993127147766323,7.390034364261169,2060.0,2270.0,0.023195876288659795,0.0,0.9768041237113402,0.07091374099046734,0.402697047198326,0.33294582655196464,0.19344338525924204,0.5273722627737226
195,946.4988644965935,1.9303557910673732,0.0,0.0,2061.2611657834973,4.110295230885693,0.9235427706283119,1.0068130204390613,7.414837244511734,2060.0,2203.0,0.08629825889477669,0.0,0.9137017411052233,0.07861153649821337,0.36508422664624807,0.3555895865237366,0.20071465033180194,0.5215686274509804
196,945.3082099596231,1.6729475100942126,0.0,0.0,2065.2267833109017,2.7120255720053836,0.8364737550471063,0.8364737550471063,7.174293405114401,2060.0,2230.0,0.033647375504710635,0.0,0.9663526244952894,0.06162648907231967,0.29368727136291156,0.34396398086483443,0.30072225869993435,0.5
197,944.747491638796,2.3436454849498327,0.0,0.0,2114.9715719063547,0.20459866220735787,1.1195652173913044,1.2240802675585285,7.303511705685619,2070.0,2330.0,0.014214046822742474,0.0,0.9857859531772575,0.07097882083571837,0.3955352032054951,0.3273039496279336,0.2061820263308529,0.522297538351766
198,951.5232273838631,1.7603911980440097,0.0,0.0,2050.3422982885086,6.07082314588427,0.8508557457212714,0.9095354523227384,7.836185819070905,2070.0,2200.0,0.10350448247758762,0.0,0.8964955175224124,0.07696307852314092,0.393863754550182,0.33322932917316694,0.19594383775351015,0.5166666666666667
199,959.5959805959806,1.3111573111573112,0.0,0.0,2073.8586278586276,1.59021483021483,0.6936936936936937,0.6174636174636174,7.818433818433818,2060.0,2220.0,0.026334026334026334,0.0,0.9736659736659736,0.05920936004254565,0.3068604857294806,0.3910654139336997,0.24286474029427407,0.47093023255813954
200,953.8916256157636,1.6502463054187193,0.0,0.0,2068.156814449918,2.6729474548440066,0.8456486042692939,0.8045977011494253,7.480295566502463,2060.0,2230.0,0.030377668308702793,0.0,0.9696223316912972,0.0675008231807705,0.4110415980682691,0.328723521018549,0.19273405773241137,0.48756218905472637
201,954.66201804758,2.5233798195242003,0.0,0.0,2060.9589827727646,5.806841673502872,1.210828547990156,1.3125512715340444,7.84577522559475,2070.0,2250.0,0.08777686628383921,0.0,0.9122231337161608,0.07883730656629026,0.38958594730238394,0.3510037641154329,0.18057298201589292,0.5201560468140443
202,952.9853235490327,1.8258839226150767,0.0,0.0,2074.2014676450967,2.001534356237492,0.9426284189459639,0.8832555036691128,7.379586390927285,2060.0,2220.0,0.02935290193462308,0.0,0.970647098065377,0.06147170493581631,0.3123305008135961,0.34939432290725003,0.27680347134333755,0.48374132261600294
203,957.5020955574183,2.390611902766136,0.0,0.0,2091.0083822296733,1.0801005867560771,1.2162615255658005,1.1743503772003352,7.151718357082984,2070.0,2270.0,0.015088013411567477,0.0,0.9849119865884325,0.0710267229254571,0.40775902484763243,0.2780121894045945,0.243202062822316,0.491234221598878
204,931.0614828209765,2.376130198915009,0.0,0.0,2063.1320072332733,6.777676311030741,1.1374321880650995,1.2386980108499095,8.051537070524413,2070.0,2270.0,0.10397830018083183,0.0,0.8960216998191681,0.08545760808534532,0.4185289163391353,0.33329590117911284,0.16271757439640652,0.5213089802130898
205,933.7837301587301,1.341931216931217,0.0,0.0,2062.011243386243,3.9839087301587304,0.7116402116402116,0.6302910052910053,7.381613756613756,2060.0,2220.0,0.04894179894179894,0.0,0.951058201058201,0.06424155541618135,0.28214317713466536,0.39252755129468686,0.26108771615446646,0.4696895022178413
206,929.2275641025641,2.2259615384615383,0.0,0.0,2098.7483974358975,1.013661858974359,1.0248397435897436,1.201121794871795,6.9431089743589745,2070.0,2290.0,0.017628205128205128,0.0,0.9823717948717948,0.06982111944604731,0.372533179457588,0.31448355452971727,0.24316214656664742,0.5395968322534197
207,939.150800336984,2.9486099410278013,0.0,0.0,2085.806234203875,4.624431339511373,1.3572030328559392,1.5914069081718618,7.848357203032856,2070.0,2330.0,0.08087615838247683,0.0,0.9191238416175231,0.08265349935594676,0.40865178188063545,0.33780592528982395,0.17088879347359381,0.5397142857142857
208,962.2010478061559,1.5252128356254093,0.0,0.0,2061.546168958743,4.288094302554027,0.762278978388998,0.7629338572364113,7.286182056319581,2060.0,2240.0,0.03994760969220694,0.0,0.9600523903077931,0.05770267841092935,0.30298400143807297,0.3596980046737372,0.2796153154772605,0.5002146844139116
209,933.6972624798711,1.709339774557166,0.0,0.0,2079.572463768116,0.43528985507246376,0.8735909822866345,0.8357487922705314,7.582125603864735,2060.0,2210.0,0.014492753623188406,0.0,0.9855072463768116,0.06509504088350855,0.3938621641711798,0.3285547414250823,0.21248805352022937,0.4889307583608102
210,949.1146496815287,1.9171974522292994,0.0,0.0,2044.6417197452229,7.725915605095541,0.8829617834394905,1.0342356687898089,8.135350318471337,2060.0,2210.0,0.11464968152866242,0.0,0.8853503184713376,0.07584654531219416,0.42258759052652184,0.34419651595224116,0.15736934820904286,0.5394518272425249
211,944.0897435897435,2.1889338731443995,0.0,0.0,2061.6309041835357,3.761194331983806,1.1261808367071524,1.062753036437247,7.716599190283401,2050.0,2250.0,0.0465587044534413,0.0,0.9534412955465587,0.061997201818817765,0.3079748163693599,0.3833508219657223,0.24667715984610003,0.4855117139334155
212,941.9379207180255,1.6746447270007478,0.0,0.0,2083.5160807778607,0.9412789827973074,0.7636499626028422,0.9109947643979057,7.111443530291698,2060.0,2244.000000000001,0.01720269259536275,0.0,0.9827973074046372,0.06299957930164073,0.35201935212452673,0.33382414808582245,0.2511569204880101,0.5439928539526574
213,930.645438898451,2.6514629948364887,0.0,0.0,2062.947504302926,4.96854561101549,1.3347676419965577,1.3166953528399312,7.784853700516351,2060.0,2230.0,0.09036144578313253,0.0,0.9096385542168675,0.08235684280344904,0.41056820694229496,0.29018350652221975,0.21689144373203625,0.49659201557935734
214,943.3791540785498,1.6374622356495467,0.0,0.0,2066.0989425981875,2.615989425981873,0.8595166163141994,0.7779456193353474,7.812688821752266,2060.0,2220.0,0.03625377643504532,0.0,0.9637462235649547,0.06351508120649652,0.3325599381283836,0.3881477184841454,0.21577726218097448,0.47509225092250923
215,950.5316927665921,2.215510812826249,0.0,0.0,2091.1685309470545,0.616241610738255,1.1439224459358688,1.0715883668903803,6.95227442207308,2060.0,2250.0,0.017897091722595078,0.0,0.9821029082774049,0.06306982730880618,0.3536415316958061,0.3473130966427116,0.23597554435267618,0.4836755301245372
216,932.9441786283892,2.1770334928229667,0.0,0.0,2072.067783094099,6.7330303030303025,1.0749601275917064,1.10207336523126,7.565390749601276,2070.0,2280.0,0.094896331738437,0.0,0.905103668261563,0.08137451249077685,0.3831558975440076,0.3232844945715189,0.21218509539369665,0.5062271062271062
217,949.1091424521616,2.4847625797306874,0.0,0.0,2090.8369950389792,2.293805811481219,1.2721474131821404,1.2126151665485472,7.454996456413891,2070.0,2310.0,0.042523033309709427,0.0,0.9574769666902906,0.06711664606901797,0.309630192984124,0.3900560889818424,0.23319707196501568,0.48802053622361663
218,953.3426073131956,2.3728139904610495,0.0,0.0,2089.64626391097,1.4404531001589824,1.1232114467408585,1.2496025437201908,7.330683624801272,2060.0,2262.9999999999995,0.02066772655007949,0.0,0.9793322734499205,0.0660377358490566,0.38885274343960097,0.32042940793754066,0.2246801127738018,0.5266331658291458
219,932.2076095947064,1.9991728701406122,0.0,0.0,2085.019023986766,4.814028122415219,0.9379652605459057,1.0612076095947063,8.066997518610421,2080.0,2280.0,0.076095947063689,0.0,0.923904052936311,0.07853993642981646,0.40059468881369836,0.35148159540654156,0.16938377934994361,0.5308233347124535
220,936.4443712969058,1.4094799210006583,0.0,0.0,2036.1849901250823,6.080322580645161,0.7366688610928243,0.6728110599078341,7.593153390388413,2050.0,2210.0,0.07373271889400922,0.0,0.9262672811059908,0.06511184324605514,0.3340558349228368,0.3634471995838391,0.23738512224726893,0.4773470340962167
221,974.9471114727421,2.5362082994304314,0.0,0.0,2110.6029292107405,1.3487876322213181,1.1472742066720911,1.38893409275834,7.324654190398698,2080.0,2350.0,0.01952807160292921,0.0,0.9804719283970708,0.06842923794712286,0.38358142634970005,0.34547878249277936,0.20251055321039768,0.5476419634263715
222,948.5945945945946,3.0206677265500796,0.0,0.0,2063.4348171701113,6.889252782193959,1.3942766295707472,1.6263910969793323,7.6860095389507155,2070.0,2220.0,0.09936406995230525,0.0,0.9006359300476947,0.0794291033198883,0.3870100320612266,0.3340572965146344,0.1995035681042507,0.5384210526315789
223,960.047138047138,1.754208754208754,0.0,0.0,2068.1811447811447,3.744969696969697,0.9117845117845118,0.8424242424242424,7.338047138047138,2060.0,2250.0,0.050505050505050504,0.0,0.9494949494949495,0.06680737817748005,0.3277966412774158,0.31182894374598513,0.293567036799119,0.48023032629558543
224,945.447695035461,2.6569148936170213,0.0,0.0,2093.955673758865,1.3724113475177304,1.195921985815603,1.4609929078014185,7.50354609929078,2070.0,2280.0,0.02127659574468085,0.0,0.9787234042553191,0.07183364839319471,0.4085538752362949,0.3285680529300567,0.1910444234404537,0.5498832165498833
225,956.6401544401544,1.8586872586872587,0.0,0.0,2060.6169884169885,6.264494208494209,0.8888030888030888,0.9698841698841699,7.405405405405405,2070.0,2240.0,0.09575289575289575,0.0,0.9042471042471042,0.07841501564129301,0.34744525547445254,0.37288842544316997,0.20125130344108447,0.5218113834648941
226,975.9506172839506,1.710562414266118,0.0,0.0,2089.564471879287,1.5883744855967077,0.8964334705075446,0.8141289437585734,7.284636488340192,2070.0,2270.0,0.02880658436213992,0.0,0.9711934156378601,0.06449486865643536,0.28528387157518126,0.346483381979098,0.3037378777892854,0.4759422614274258
227,968.0310924369747,2.9941176470588236,0.0,0.0,2145.461344537815,0.9445378151260504,1.4436974789915966,1.550420168067227,7.220168067226891,2080.0,2480.0,0.015966386554621848,0.0,0.9840336134453781,0.06983240223463687,0.3924581005586592,0.3194832402234637,0.21822625698324022,0.5178220600617457
228,945.2985197368421,1.7861842105263157,0.0,0.0,2069.15625,6.030016447368421,0.850328947368421,0.9358552631578947,7.958881578947368,2070.0,2240.0,0.10197368421052631,0.0,0.8980263157894737,0.07749535027898326,0.3833436660467039,0.3399462698904732,0.19921471378383965,0.5239410681399632
229,982.2334235453316,1.6765899864682003,0.0,0.0,2076.917456021651,2.572828146143437,0.7963464140730717,0.8802435723951285,7.713802435723951,2060.0,2270.0,0.035182679296346414,0.0,0.9648173207036536,0.05824050521884045,0.30821857731777913,0.3919831593719849,0.24155775809139549,0.5250201775625505
230,988.0071033938437,1.888713496448303,0.0,0.0,2102.932912391476,1.2619889502762431,0.9265982636148382,0.9621152328334649,7.503551696921862,2070.0,2320.0,0.02367797947908445,0.0,0.9763220205209155,0.06773956032397181,0.3857157883664668,0.3589986325865152,0.1875460187230462,0.5094024237358964
231,979.4092725819345,2.6634692246203038,0.0,0.0,2071.7378097521982,6.647945643485212,1.2877697841726619,1.375699440447642,7.887290167865707,2070.0,2300.0,0.09432454036770584,0.0,0.9056754596322941,0.07682172899564203,0.3772169859126381,0.35633931286105197,0.18962197223066787,0.5165066026410564
232,1009.054794520548,1.6993150684931506,0.0,0.0,2086.390410958904,1.417609589041096,0.8136986301369863,0.8856164383561644,7.582876712328767,2070.0,2260.0,0.0273972602739726,0.0,0.9726027397260274,0.060608797759913284,0.30963779243067474,0.35272333122572486,0.2770300785836871,0.5211608222490931
233,1010.2790697674419,2.032878909382518,0.0,0.0,2096.4506816359262,0.09352846832397754,0.9783480352846833,1.0545308740978347,7.1780272654370485,2070.0,2270.0,0.009623095429029671,0.0,0.9903769045709703,0.06848396827170149,0.38956541168584513,0.2737124343648754,0.2682381856775779,0.5187376725838264
234,960.9341527655838,2.2616330114135206,0.0,0.0,2056.2194907813873,8.61344161545215,1.0781387181738367,1.183494293239684,7.891132572431958,2060.0,2270.0,0.11501316944688324,0.0,0.8849868305531168,0.08021806853582554,0.4099910992434357,0.34301290609701823,0.16677792612372053,0.5232919254658385
235,988.2390307793058,1.3339882121807465,0.0,0.0,2062.8382449246888,3.1589259986902425,0.6994106090373281,0.6345776031434185,7.335952848722986,2060.0,2220.0,0.0412573673870334,0.0,0.9587426326129665,0.06409569719692912,0.27914658096768435,0.3917157650419568,0.26504195679342973,0.47569955817378495
236,964.147771696638,1.7200938232994527,0.0,0.0,2110.157935887412,1.313948397185301,0.7873338545738858,0.9327599687255669,6.916340891321345,2070.0,2360.0,0.022673964034401875,0.0,0.9773260359655981,0.07393172055166176,0.360388876328284,0.3141532896224282,0.25152611349762605,0.5422727272727272
237,951.6263643996641,3.2401343408900085,0.0,0.0,2136.0554156171283,5.243702770780857,1.5163727959697733,1.723761544920235,7.842149454240134,2090.0,2450.0,0.08312342569269521,0.0,0.9168765743073047,0.07762312633832977,0.4055674518201285,0.32997858672376873,0.18683083511777301,0.5320031096138896
238,971.9405155320555,1.6754791804362195,0.0,0.0,2060.532055518837,4.448545935228023,0.9035029742233972,0.7719762062128223,7.366820885657634,2060.0,2260.0,0.04230006609385327,0.0,0.9576999339061467,0.05966265924995514,0.3001973802260901,0.3601291943298044,0.2800107661941504,0.46074950690335303
239,955.5277554304103,1.751407884151247,0.0,0.0,2099.6098149637974,0.779847144006436,0.8608205953338697,0.8905872888173774,7.569589702333065,2070.0,2287.9999999999995,0.016090104585679808,0.0,0.9839098954143202,0.06748857476883835,0.3915400148793708,0.3356360931023488,0.205335317249442,0.5084979329352319
240,962.991345397325,1.953579858379229,0.0,0.0,2059.9756097560976,7.578316286388671,0.9087332808811959,1.0448465774980331,8.084972462627853,2070.0,2280.0,0.12195121951219512,0.0,0.8780487804878049,0.07824056052938887,0.4188400155702608,0.3468275593616193,0.15609186453873103,0.5348368908578333
241,957.194259012016,1.9372496662216288,0.0,0.0,2079.2903871829108,3.0972830440587447,0.9699599465954606,0.9672897196261683,7.6208277703604805,2070.0,2280.0,0.03871829105473965,0.0,0.9612817089452603,0.06333216538192012,0.3068500350385424,0.37570077084793274,0.25411702873160474,0.49931082012405237
242,990.1986301369863,1.9429223744292237,0.0,0.0,2104.828767123288,1.0204946727549469,0.9961948249619482,0.9467275494672754,7.1826484018264845,2070.0,2330.0,0.01902587519025875,0.0,0.9809741248097412,0.06283110828565373,0.35346471710108074,0.3406442042805679,0.2430599703326976,0.4872698785742264
243,995.9691307879773,2.0438667749796915,0.0,0.0,2083.208773354996,4.628188464662876,1.0024370430544274,1.0414297319252641,7.76604386677498,2070.0,2300.0,0.09098294069861901,0.0,0.909017059301381,0.08158995815899582,0.4088912133891213,0.2884937238493724,0.22102510460251046,0.5095389507154213
244,969.3481481481482,1.2748148148148148,0.0,0.0,2086.294074074074,1.8808814814814816,0.6577777777777778,0.617037037037037,7.5777777777777775,2060.0,2260.0,0.03185185185185185,0.0,0.9681481481481482,0.0653958944281525,0.3346041055718475,0.3833822091886608,0.2166177908113392,0.48402091807088904
245,980.8262518968133,1.3960546282245827,0.0,0.0,2090.2465857359634,0.8382625189681335,0.7040971168437026,0.6919575113808801,7.074355083459787,2060.0,2250.0,0.015933232169954476,0.0,0.9840667678300455,0.06788931788931789,0.34695409695409696,0.35296010296010294,0.2321964821964822,0.4956521739130435
246,976.0883074407195,2.2976287816843826,0.0,0.0,2096.300899427637,6.755224856909239,1.0776778413736714,1.2199509403107114,7.680294358135732,2080.0,2380.0,0.10057236304170074,0.0,0.8994276369582993,0.08133716597466198,0.3915681890769722,0.308527626956244,0.2185670179921218,0.5309608540925267
247,958.6383712905453,2.2236024844720497,0.0,0.0,2101.071083505866,3.2371083505866114,1.098688750862664,1.1249137336093857,7.416839199447895,2070.0,2350.0,0.04692891649413389,0.0,0.9530710835058661,0.06578580068856425,0.3186935889085326,0.37712850097701683,0.2383921094258863,0.5058969584109249
248,983.754848719938,2.1016291698991467,0.0,0.0,2091.176105508146,2.045477114041893,0.9937936384794415,1.1078355314197053,7.394879751745539,2070.0,2300.0,0.02482544608223429,0.0,0.9751745539177658,0.06420478388585817,0.386802349979018,0.31756189676877883,0.23143096936634494,0.5271317829457365
249,1013.1672051696285,2.0977382875605817,0.0,0.0,2079.6857835218093,6.660791599353796,1.0218093699515347,1.0759289176090467,8.121970920840065,2080.0,2305.0999999999995,0.09693053311793215,0.0,0.9030694668820679,0.07518647439085033,0.3951268025857782,0.36230730979612136,0.1673794132272501,0.5128994994224104
250,976.8670143415906,1.360495436766623,0.0,0.0,2053.2835723598437,5.395521512385919,0.6610169491525424,0.6994784876140808,7.445893089960887,2050.0,2240.0,0.06649282920469361,0.0,0.9335071707953064,0.06329889686569777,0.33190334442304326,0.3638592190509543,0.24093853966030468,0.5141351221849545
251,988.414554374489,2.443990188062142,0.0,0.0,2135.8192968111202,1.4914636140637776,1.1668029435813574,1.277187244480785,7.415372035977105,2090.0,2467.9999999999995,0.022076860179885527,0.0,0.9779231398201145,0.0668210387032749,0.4007057007387805,0.3430367184915647,0.18943654206637997,0.5225828036132486
252,998.8312883435583,1.8466257668711656,0.0,0.0,2078.4210122699387,5.9494171779141105,0.8320552147239264,1.0145705521472392,7.6802147239263805,2070.0,2317.0000000000005,0.09125766871165644,0.0,0.9087423312883436,0.07528706939590614,0.3977034448327509,0.32591113330004995,0.20109835247129307,0.5494186046511628
253,1015.7698574338085,2.097080787508486,0.0,0.0,2078.032586558045,3.4792600135777323,1.0461642905634758,1.0509164969450102,7.61642905634759,2070.0,2250.0,0.05091649694501019,0.0,0.9490835030549898,0.06194848025670737,0.3310455477315269,0.3141991264818611,0.2928068455299046,0.501133052767886
254,1000.7724329324699,2.3311748381128585,0.0,0.0,2128.7197039777984,1.3319611470860313,1.0397779833487513,1.2913968547641073,7.718778908418131,2080.0,2430.0,0.020351526364477335,0.0,0.9796484736355227,0.07011025886864813,0.41514860977948226,0.3281399808245446,0.186601150527325,0.553968253968254
255,963.6749226006192,2.23374613003096,0.0,0.0,2101.799535603715,7.045356037151703,0.989938080495356,1.2438080495356036,7.4605263157894735,2080.0,2390.0,0.10603715170278638,0.0,0.8939628482972136,0.07884635335615728,0.3662205622989937,0.3574022201473182,0.19753086419753085,0.5568260568260568
256,974.244939271255,1.7503373819163293,0.0,0.0,2097.0033738191632,2.149547908232119,0.893387314439946,0.8569500674763832,7.2618083670715246,2070.0,2299.000000000001,0.03441295546558704,0.0,0.9655870445344129,0.061605649507526485,0.29251068574614386,0.34352350864151643,0.3023601561048132,0.48959136468774095
257,981.4132780082988,3.9883817427385893,0.0,0.0,2182.002489626556,0.7577427385892117,1.879668049792531,2.108713692946058,7.359336099585062,2100.0,2560.0,0.016597510373443983,0.0,0.983402489626556,0.06856111862877763,0.40054127198917455,0.3267929634641407,0.20410464591790708,0.5287141073657927
258,957.0648148148148,2.4205246913580245,0.0,0.0,2092.4768518518517,8.29358024691358,1.1628086419753085,1.257716049382716,7.724537037037037,2080.0,2370.0,0.10416666666666667,0.0,0.8958333333333334,0.07471781040855059,0.40075916491858954,0.3286384976525822,0.1958845270202777,0.5196047178833281
259,965.4165605095542,1.7636942675159235,0.0,0.0,2094.4254777070064,2.3389299363057323,0.8942675159235669,0.8694267515923567,7.390445859872611,2070.0,2320.0,0.041401273885350316,0.0,0.9585987261146497,0.057054210118072914,0.31983107816943895,0.3819701801258295,0.24114453158665863,0.49295774647887325
260,991.688138256088,1.9395129615082483,0.0,0.0,2088.672427336999,3.112725844461901,0.9379418695993715,1.0015710919088767,7.538884524744698,2060.0,2330.0,0.03220738413197172,0.0,0.9677926158680282,0.06772949880170887,0.40387621131603624,0.3428154631655726,0.1855788267166823,0.5164034021871203
261,963.5051140833989,2.902439024390244,0.0,0.0,2101.407553107789,5.94720692368214,1.3713611329661684,1.5310778914240755,8.035405192761605,2080.0,2380.0,0.08497246262785209,0.0,0.9150275373721479,0.07735239400763733,0.389503573876432,0.34955448937628514,0.18358954273964556,0.5275142314990512
262,986.4469055374593,1.5570032573289903,0.0,0.0,2095.670358306189,3.3129120521172637,0.745928338762215,0.8110749185667753,7.437785016286645,2080.0,2320.0,0.04169381107491857,0.0,0.9583061889250815,0.059735482175702896,0.3229394762196724,0.34790225102916705,0.26942279057545765,0.5209205020920502
263,1004.164191419142,2.2384488448844886,0.0,0.0,2123.8630363036305,0.5163778877887788,1.0940594059405941,1.1443894389438944,7.2995049504950495,2080.0,2379.000000000001,0.013201320132013201,0.0,0.9867986798679867,0.07177574318978185,0.41109980784446704,0.2791906861082853,0.2379337628574658,0.5112421673424253
264,973.5869947275922,1.8260105448154658,0.0,0.0,2061.669595782074,6.807205623901582,0.8330404217926186,0.9929701230228472,8.121265377855888,2060.0,2240.0,0.11247803163444639,0.0,0.8875219683655536,0.0768231984418957,0.43659381086344945,0.3344514174421121,0.15213157325254273,0.5437921077959577
265,998.838811630847,1.4039190897597977,0.0,0.0,2051.3084702907713,4.773438685208597,0.7225031605562579,0.6814159292035398,7.314159292035399,2055.0,2230.0,0.053729456384323644,0.0,0.9462705436156763,0.061187451387088414,0.29115893181228936,0.38440929910984356,0.26324431769077866,0.4853669518235029
266,994.2444267515923,2.7468152866242037,0.0,0.0,2122.498407643312,0.8045541401273886,1.2014331210191083,1.5453821656050954,7.1050955414012735,2080.0,2390.0,0.01751592356687898,0.0,0.982484076433121,0.06745853877185119,0.36922904527117884,0.3112953832362169,0.25201703272075304,0.5626086956521739
267,975.3302443133952,3.433866891322662,0.0,0.0,2118.844144903117,5.318921651221567,1.6663858466722832,1.767481044650379,7.998315080033699,2090.0,2410.0,0.08171861836562763,0.0,0.9182813816343723,0.07962923951969665,0.416473562249842,0.327680640404466,0.17621655782599538,0.514720314033366
268,997.7676902536716,1.9259012016021362,0.0,0.0,2087.279038718291,1.8634245660881175,0.9432576769025367,0.9826435246995995,7.430574098798398,2065.0,2259.3,0.029372496662216287,0.0,0.9706275033377837,0.0575869194142485,0.30401581169706227,0.36079417842062705,0.27760309046806214,0.5102253032928943
269,990.5463829787234,1.749787234042553,0.0,0.0,2098.620425531915,-0.03478297872340424,0.8519148936170213,0.8978723404255319,7.814468085106383,2070.0,2270.0,0.013617021276595745,0.0,0.9863829787234043,0.06676105423654977,0.3994772380744936,0.33347854497930735,0.20028316270964933,0.5131322957198443
270,991.4786986831913,1.7436096049573975,0.0,0.0,2066.0247869868317,7.397521301316809,0.814872192099148,0.9287374128582494,7.976762199845082,2070.0,2300.0,0.11618900077459333,0.0,0.8838109992254066,0.07477180034958245,0.42852981161390563,0.33812390755486504,0.15857448048164693,0.5326521545979565
271,993.6177836761779,1.8759124087591241,0.0,0.0,2075.981420039814,4.593284671532847,0.9303251493032515,0.9455872594558726,7.718646317186463,2070.0,2280.0,0.0491041804910418,0.0,0.9508958195089582,0.060866574965612104,0.31447730398899587,0.3813617606602476,0.24329436038514443,0.5040679165192784
272,973.2402496099844,1.81201248049922,0.0,0.0,2114.0647425897037,0.1224882995319813,0.8837753510140406,0.9282371294851794,7.198907956318252,2080.0,2330.0,0.0124804992199688,0.0,0.9875195007800313,0.06533752302524651,0.355834868349767,0.3447827500270885,0.23404485859789792,0.5122686181661644
273,1007.5147410358566,1.9569721115537848,0.0,0.0,2080.177689243028,3.9798804780876496,0.9322709163346613,1.0247011952191234,7.807171314741036,2070.0,2250.0,0.08127490039840637,0.0,0.9187250996015937,0.0790977750561339,0.4233517044294754,0.2873035313329251,0.21024698918146562,0.5236156351791531
274,969.0213549337261,1.5456553755522828,0.0,0.0,2074.9337260677466,3.3372164948453604,0.8070692194403535,0.7385861561119293,7.626656848306333,2060.0,2260.0,0.03608247422680412,0.0,0.9639175257731959,0.06218016800231727,0.34073573428599013,0.38263976054842136,0.21444433716327121,0.4778465936160076
275,981.1891252955082,1.8384554767533492,0.0,0.0,2098.9929078014184,1.43919621749409,0.8557919621749409,0.9826635145784082,7.40661938534279,2070.0,2290.0,0.02206461780929866,0.0,0.9779353821907013,0.0674539844664326,0.356420895839983,0.3508883923821683,0.2252367273114161,0.5345049292756108
276,974.0616493194556,2.3594875900720576,0.0,0.0,2091.0104083266615,5.030824659727783,1.164931945556445,1.1945556445156125,7.743795036028823,2070.0,2340.0,0.09367493995196156,0.0,0.9063250600480385,0.07754342431761786,0.3866832092638544,0.3232009925558313,0.21257237386269645,0.5062775704105871
277,970.1413352272727,2.2485795454545454,0.0,0.0,2089.2485795454545,3.973075284090909,1.203125,1.0454545454545454,7.649857954545454,2070.0,2330.0,0.05184659090909091,0.0,0.9481534090909091,0.06582490019496796,0.3236468294494476,0.37526692043450005,0.23526134992108438,0.4649399873657612
278,976.669014084507,2.3740219092331767,0.0,0.0,2109.705007824726,1.2418466353677622,1.1564945226917058,1.217527386541471,7.32472613458529,2080.0,2352.9999999999995,0.018779342723004695,0.0,0.9812206572769953,0.06495032581989103,0.3903429120820425,0.31545775024035894,0.22924901185770752,0.5128543177323666
279,1017.0151860288535,2.2437357630979498,0.0,0.0,2092.8587699316627,5.059028094153379,1.0994684889901292,1.1442672741078208,8.097949886104784,2080.0,2340.0,0.08352315869400152,0.0,0.9164768413059985,0.07257383966244725,0.4183778715424285,0.34542897327707456,0.1636193155180497,0.5099830795262267
280,1021.1235728676965,1.1900604432505038,0.0,0.0,2048.0550705171254,6.027709872397582,0.6218938885157824,0.5681665547347213,7.950302216252519,2060.0,2230.0,0.07118871725990597,0.0,0.9288112827400941,0.06555161344821761,0.34304781213042745,0.3639128231120122,0.2274877513093428,0.47742663656884876
281,1010.3513071895425,2.412581699346405,0.0,0.0,2106.8120915032678,1.3063071895424838,1.1805555555555556,1.2320261437908497,7.748366013071895,2080.0,2350.0,0.0196078431372549,0.0,0.9803921568627451,0.06769295655841417,0.38749472796288487,0.3436313791649093,0.20118093631379164,0.5106671181848967
282,992.7033051498847,2.0276710222905456,0.0,0.0,2056.284396617986,6.577878554957724,0.9838585703305149,1.0438124519600307,7.872405841660261,2060.0,2220.0,0.09915449654112221,0.0,0.9008455034588778,0.07635227494629955,0.40597539543058,0.3216168717047452,0.1960554579183753,0.514783927217589
283,978.6130952380952,1.7314814814814814,0.0,0.0,2062.203703703704,5.487169312169312,0.875,0.8564814814814815,7.591931216931217,2060.0,2270.0,0.06481481481481481,0.0,0.9351851851851852,0.06620785782733687,0.34445509190696055,0.29985190347591256,0.28948514678979004,0.4946524064171123
284,1004.8406337371855,2.14165890027959,0.0,0.0,2104.5573159366263,2.7961136999068033,0.9739049394221808,1.1677539608574092,7.767008387698043,2070.0,2360.0,0.028890959925442685,0.0,0.9711090400745573,0.07475401967842572,0.42764578833693306,0.3226541876649868,0.17494600431965443,0.5452567449956484
285,970.9625668449198,1.7608861726508784,0.0,0.0,2071.539343009931,6.918395721925134,0.852559205500382,0.9083269671504965,7.551566080977846,2070.0,2270.0,0.09778456837280367,0.0,0.9022154316271963,0.07769347496206373,0.3663125948406677,0.35781487101669196,0.19817905918057663,0.5158351409978308
286,973.0128865979382,1.5818298969072164,0.0,0.0,2060.367912371134,4.596894329896907,0.8176546391752577,0.7641752577319587,7.204252577319588,2050.0,2260.0,0.059922680412371136,0.0,0.9400773195876289,0.061532957696091586,0.30596547714873445,0.336821393435292,0.2956801717198819,0.48309572301425663
287,984.5977011494252,2.396993810786914,0.0,0.0,2126.102564102564,0.42195402298850576,1.156498673740053,1.240495137046861,7.626878868258179,2080.0,2410.0,0.014146772767462422,0.0,0.9858532272325375,0.07222351031764433,0.4099234871319267,0.3170646881520983,0.20078831439833064,0.5175212098856511
288,1003.265923566879,3.199044585987261,0.0,0.0,2077.576433121019,5.136528662420382,1.5764331210191083,1.622611464968153,8.128184713375797,2070.0,2290.0,0.08837579617834394,0.0,0.9116242038216561,0.07326868449407385,0.4082672152022725,0.3269664021941424,0.19149769810951123,0.5072175211548033
289,986.2511356262168,1.4665801427644387,0.0,0.0,2084.789097988319,2.052816353017521,0.7410772225827384,0.7255029201817002,7.656067488643738,2070.0,2270.0,0.03763789746917586,0.0,0.9623621025308241,0.05839972876758773,0.32641125614510935,0.38074249872859806,0.23444651635870487,0.4946902654867257
290,1016.7291159772911,1.5401459854014599,0.0,0.0,2078.4509326845096,2.4501054339010544,0.7453365774533658,0.7948094079480941,7.655312246553122,2060.0,2250.0,0.030008110300081103,0.0,0.9699918896999189,0.06865134018434156,0.40883568174594764,0.3486598156584384,0.17385316241127238,0.516061084781464
291,997.6026645768025,2.293103448275862,0.0,0.0,2086.7484326018807,4.927515673981191,1.1144200626959249,1.1786833855799372,8.051724137931034,2080.0,2310.0,0.09717868338557993,0.0,0.9028213166144201,0.07796379209655441,0.3958536110570372,0.34329375121666345,0.182888845629745,0.5140123034859877
292,986.7389875082183,1.7488494411571334,0.0,0.0,2068.163708086785,3.1974884944115716,0.851413543721236,0.8974358974358975,7.685075608152531,2060.0,2240.0,0.055226824457593686,0.0,0.9447731755424064,0.06313628197450595,0.31516810676704593,0.35751561296945844,0.26417999828898964,0.5131578947368421
293,1003.2966101694915,1.778120184899846,0.0,0.0,2087.281972265023,1.9363482280431434,0.8489984591679507,0.9291217257318952,7.102465331278891,2070.0,2270.0,0.01926040061633282,0.0,0.9807395993836672,0.06920490291788697,0.3985247857685215,0.28267707994359476,0.24959323136999675,0.5225303292894281
294,992.4643171806167,2.1859030837004405,0.0,0.0,2064.1127753303963,7.709004405286343,1.0220264317180616,1.1638766519823789,8.342731277533039,2060.0,2270.0,0.12599118942731277,0.0,0.8740088105726872,0.08152920054916042,0.4287675572922167,0.332347660787834,0.1573555813707889,0.5324465941152761
295,990.792899408284,1.1288625904010519,0.0,0.0,2060.249835634451,3.4012623274161733,0.5910585141354372,0.5378040762656148,7.52991452991453,2050.0,2230.0,0.05128205128205128,0.0,0.9487179487179487,0.06391338513926483,0.28603859250851305,0.3863616519689164,0.26368637038330567,0.47641234711706465
296,977.3770114942529,1.9118773946360152,0.0,0.0,2106.688122605364,0.8596015325670497,0.9302681992337165,0.9816091954022989,7.075862068965518,2070.0,2330.0,0.016091954022988506,0.0,0.9839080459770115,0.06800952999783409,0.35856616850768896,0.3288932207060862,0.24453108078839073,0.5134268537074148
297,991.1004291845494,2.915021459227468,0.0,0.0,2088.1785407725324,4.874369098712447,1.3733905579399142,1.5416309012875538,8.148497854077252,2070.0,2330.0,0.07553648068669527,0.0,0.9244635193133047,0.08048035394501211,0.42115242810491943,0.3249762983250816,0.17339091962498684,0.5288574793875147
298,995.4969818913481,1.7471495640509724,0.0,0.0,2061.116700201207,4.026472166331321,0.8370221327967807,0.9101274312541918,7.673373574782025,2060.0,2240.0,0.05097250167672703,0.0,0.9490274983232729,0.06092124814264487,0.30338257145354425,0.362905340442269,0.2727908399615418,0.5209213051823417
299,980.2758620689655,1.983179142136249,0.0,0.0,2079.2035323801515,0.5342388561816653,0.9209419680403701,1.062237174095879,7.564339781328848,2060.0,2222.0000000000005,0.01345668629100084,0.0,0.9865433137089992,0.06904603068712475,0.3991549922170336,0.32821881254169444,0.2035801645541472,0.5356234096692112
300,1006.2144540455616,1.9505106048703849,0.0,0.0,2053.543597800471,8.043071484681853,0.9300864100549883,1.0204241948153967,8.249803613511391,2060.0,2245.5999999999995,0.12568735271013354,0.0,0.8743126472898665,0.07455722719482004,0.43153685012378595,0.3415539897162445,0.15235193296514948,0.5231574708014498
301,987.2339142091153,2.028820375335121,0.0,0.0,2068.607908847185,3.5705965147453083,1.020107238605898,1.0087131367292226,7.9054959785522785,2065.0,2250.0,0.048927613941018765,0.0,0.9510723860589813,0.06214497668503603,0.3114879186095803,0.3783806697753285,0.24798643493005512,0.497191939213743
302,1016.2539091586001,1.606850335070737,0.0,0.0,2093.8183172002978,0.16319434102755026,0.7379002233804914,0.8689501116902457,7.114668652271035,2070.0,2260.0,0.012658227848101266,0.0,0.9873417721518988,0.06457352171637885,0.34850863422291994,0.3420198848770277,0.24489795918367346,0.540778498609824
303,1012.5490033222592,2.261627906976744,0.0,0.0,2071.033222591362,4.666395348837209,1.0473421926910298,1.2142857142857142,8.014119601328904,2070.0,2247.0000000000005,0.08305647840531562,0.0,0.9169435215946844,0.0812519432065499,0.4200435278267178,0.2895636853559954,0.20914084361073687,0.536907822254866
304,971.5548387096774,1.3003584229390681,0.0,0.0,2046.689605734767,5.836172043010753,0.6430107526881721,0.657347670250896,7.587096774193548,2050.0,2240.0,0.04946236559139785,0.0,0.9505376344086022,0.06575963718820861,0.33890778533635674,0.38038548752834467,0.21494708994708994,0.5055126791620728
305,1010.0451761102603,1.33843797856049,0.0,0.0,2084.009188361409,1.1122358346094945,0.6577335375191424,0.6807044410413476,7.2603369065849925,2070.0,2230.0,0.019908116385911178,0.0,0.9800918836140888,0.06939464248048935,0.3454967306475427,0.3431765450326935,0.24193208183927442,0.5085812356979404
306,988.2539432176657,2.42192429022082,0.0,0.0,2056.893533123028,6.430110410094637,1.115141955835962,1.3067823343848581,7.657728706624606,2060.0,2250.0,0.1056782334384858,0.0,0.8943217665615142,0.08115345005149331,0.3898043254376931,0.31946446961894953,0.20957775489186406,0.5395636600455878
307,954.7097701149426,2.2708333333333335,0.0,0.0,2084.914511494253,3.2854382183908046,1.2176724137931034,1.0531609195402298,7.665948275862069,2070.0,2280.0,0.04310344827586207,0.0,0.9568965517241379,0.06869084434448505,0.31299784462562086,0.3817824008996345,0.2365289101302596,0.46377728566909204
308,973.6137931034483,2.4727969348659005,0.0,0.0,2099.462068965517,0.9813869731800766,1.1693486590038313,1.303448275862069,7.167816091954023,2070.0,2270.0,0.016091954022988506,0.0,0.9839080459770115,0.06638871071199487,0.3896728672225786,0.3194355355997434,0.22450288646568314,0.527114967462039
309,980.9304482225657,1.6615146831530139,0.0,0.0,2076.8508500772796,4.9887326120556414,0.7921174652241113,0.8693972179289027,8.21483771251932,2070.0,2260.0,0.08268933539412673,0.0,0.9173106646058733,0.07450611476952022,0.41401693320790217,0.3469426152398871,0.1645343367826905,0.5232558139534884
310,970.8595096090125,1.6315440689198144,0.0,0.0,2050.596421471173,5.002398939695162,0.831013916500994,0.8005301524188204,7.655400927766733,2050.0,2220.0,0.06626905235255136,0.0,0.9337309476474487,0.061634349030470915,0.3344009695290859,0.37222991689750695,0.2317347645429363,0.49065800162469536
311,991.2590506838294,1.6773934030571198,0.0,0.0,2090.6693483507643,1.8251086082059533,0.7996781979082864,0.8777152051488335,7.390185036202736,2070.0,2290.0,0.01850362027353178,0.0,0.9814963797264682,0.06651426083170041,0.39157413455258,0.3450903548878729,0.19682124972784673,0.5232613908872902
312,977.897244973939,1.7907669396872674,0.0,0.0,2049.4422933730452,5.291250930752048,0.8406552494415488,0.9501116902457185,7.843633655994044,2060.0,2190.0,0.09084139985107967,0.0,0.9091586001489204,0.07736852097968483,0.4023163090943611,0.324568065312322,0.19574710461363204,0.5305613305613306
313,998.9194089993284,1.7139019476158495,0.0,0.0,2056.8079247817327,4.8596642041638685,0.8697112155809268,0.8441907320349228,7.701141705842848,2060.0,2250.0,0.06044325050369376,0.0,0.9395567494963063,0.06575390250283422,0.34507717798901194,0.30330513647859075,0.2858637830295631,0.4925548589341693
314,970.8824531516184,2.2078364565587734,0.0,0.0,2085.494037478705,2.08603066439523,1.0664395229982964,1.141396933560477,7.549403747870528,2060.0,2290.0,0.026405451448040886,0.0,0.9735945485519591,0.06769716800180525,0.4077626085975403,0.3337470382488999,0.19079318515175447,0.5169753086419753
315,983.1132511556241,1.5708782742681047,0.0,0.0,2064.247303543914,4.860616332819722,0.7750385208012327,0.7958397534668721,7.795069337442219,2060.0,2220.0,0.09553158705701079,0.0,0.9044684129429892,0.07985767938327733,0.3692429333860447,0.35738288199248863,0.19351650523818936,0.506620892594409
316,980.4983713355049,1.3791530944625408,0.0,0.0,2052.331596091205,3.631224755700326,0.6899022801302932,0.6892508143322476,7.214332247557003,2060.0,2200.0,0.04495114006514658,0.0,0.9550488599348534,0.06257901390644753,0.29727289145746794,0.34432002889651436,0.29582806573957016,0.4997638167217761
317,978.8774860779635,2.590294351630867,0.0,0.0,2122.1678599840893,0.09838504375497213,1.2386634844868736,1.3516308671439936,7.18774860779634,2080.0,2354.000000000001,0.011933174224343675,0.0,0.9880668257756563,0.06828998339789706,0.3923630326508024,0.3293857221914776,0.2099612617598229,0.5218058968058968
318,980.3018292682926,2.0053353658536586,0.0,0.0,2073.9153963414633,4.2631859756097565,0.9474085365853658,1.0579268292682926,7.995426829268292,2070.0,2247.2000000000007,0.08460365853658537,0.0,0.9153963414634146,0.07435653002859867,0.4018112488083889,0.3261201143946616,0.1977121067683508,0.5275560623337134
319,954.0969773299748,1.2751889168765742,0.0,0.0,2062.321788413098,4.244452141057934,0.6870277078085643,0.5881612090680101,7.466624685138539,2060.0,2250.0,0.04785894206549118,0.0,0.9521410579345088,0.06063928481066037,0.3206544657164544,0.3794383064856203,0.23926794298726492,0.46123456790123457
320,990.6893880712626,1.3067389620449263,0.0,0.0,2071.9085979860574,2.166553059643687,0.6444616576297444,0.6622773044151821,7.398915569326104,2060.0,2230.0,0.027885360185902403,0.0,0.9721146398140976,0.06825795644891122,0.4021147403685092,0.33971943048576214,0.18990787269681741,0.5068168346176645
321,1005.4458804523425,1.8594507269789984,0.0,0.0,2056.6235864297255,4.6158723747980615,0.9531502423263328,0.9063004846526656,8.215670436187398,2070.0,2220.0,0.09289176090468497,0.0,0.907108239095315,0.07816340576147872,0.395732966276669,0.3460819978369875,0.1800216301248648,0.48740225890529976
322,973.2538205980067,0.8485049833887043,0.0,0.0,2054.451827242525,3.979328903654485,0.45182724252491696,0.3966777408637874,7.702325581395349,2060.0,2210.0,0.05514950166112957,0.0,0.9448504983388705,0.06375086266390614,0.319271911663216,0.3534334023464458,0.263543823326432,0.46750195771339076
323,989.637168141593,1.8463395012067578,0.0,0.0,2071.690265486726,1.9580450522928399,0.9034593724859211,0.9428801287208367,7.230893000804505,2060.0,2220.0,0.02333065164923572,0.0,0.9766693483507642,0.07064975522919448,0.40042278593680464,0.28293279928793946,0.24599465954606142,0.5106753812636166
324,997.4933333333333,1.9066666666666667,0.0,0.0,2054.3225,6.527408333333334,0.9041666666666667,1.0025,8.035,2070.0,2210.0,0.11333333333333333,0.0,0.8866666666666667,0.08182949595519602,0.4299937772246422,0.33405932379174447,0.15411740302841734,0.5257867132867133
325,968.3277202072538,0.9132124352331606,0.0,0.0,2039.7402849740934,4.83470207253886,0.4876943005181347,0.4255181347150259,7.421632124352332,2050.0,2190.0,0.06023316062176166,0.0,0.9397668393782384,0.06353084911423336,0.28929225935945546,0.37856706518893446,0.26860982633737673,0.46595744680851064
326,987.9124315871775,1.9663799843627834,0.0,0.0,2093.5011727912433,-0.04554339327599686,0.944487881157154,1.0218921032056294,7.071931196247068,2070.0,2250.0,0.0109460516028147,0.0,0.9890539483971853,0.06909894969596463,0.37025981205085684,0.3152017689331122,0.24543946932006633,0.5196819085487078
327,969.9759734879867,3.4009942004971,0.0,0.0,2105.857497928749,4.545252692626346,1.6048053024026512,1.7961888980944491,7.945318972659487,2080.0,2360.0,0.0811930405965203,0.0,0.9188069594034797,0.0794577685088634,0.4263816475495308,0.32419186652763293,0.16996871741397288,0.528136419001218
328,994.6091307066916,1.7148217636022514,0.0,0.0,2063.121951219512,4.299806128830519,0.8780487804878049,0.8367729831144465,7.345215759849906,2060.0,2240.0,0.05565978736710444,0.0,0.9443402126328956,0.06292039165602384,0.3087271179225202,0.35538527032779904,0.27296722009365687,0.487964989059081
329,995.8422712933753,1.7152996845425867,0.0,0.0,2077.660094637224,1.224219242902208,0.8170347003154574,0.8982649842271293,7.500788643533123,2060.0,2222.9999999999995,0.01971608832807571,0.0,0.9802839116719243,0.06634423299337609,0.3993270949426979,0.326464094206708,0.20786457785721796,0.5236781609195402
330,992.9575757575758,1.9704545454545455,0.0,0.0,2059.462121212121,5.639530303030304,0.9325757575757576,1.0378787878787878,8.138636363636364,2070.0,2230.0,0.1159090909090909,0.0,0.884090909090909,0.07614260448664247,0.4395420273666574,0.33370566880759567,0.15060969933910454,0.526720492118416
331,984.9025506867233,1.5402223675604971,0.0,0.0,2058.710268149117,3.9652975801177237,0.7815565729234794,0.7586657946370177,7.737083060824068,2060.0,2240.0,0.052321778940483975,0.0,0.947678221059516,0.0628909551986475,0.31842772612003384,0.3746407438715131,0.24404057480980557,0.49256900212314225
332,997.777942264989,1.4078460399703923,0.0,0.0,2090.6698741672835,0.35058475203552925,0.6454478164322723,0.7623982235381199,7.1828275351591415,2070.0,2260.0,0.015544041450777202,0.0,0.9844559585492227,0.06327287716405607,0.34964962901896124,0.3409934047815334,0.2460840890354493,0.5415352260778128
333,1004.0616,1.8584,0.0,0.0,2062.092,2.9596240000000003,0.8392,1.0192,8.0392,2070.0,2190.0,0.0792,0.0,0.9208,0.07990844860185094,0.43258035625435365,0.27584834311871825,0.21166285202507712,0.5484287559190701
334,969.0056657223796,1.5998583569405098,0.0,0.0,2043.707507082153,5.498024079320113,0.8279036827195467,0.7719546742209632,7.586402266288951,2050.0,2220.0,0.060906515580736544,0.0,0.9390934844192634,0.0673076923076923,0.34036594473487675,0.37556011949215834,0.2167662434652726,0.482514386896857
335,1001.6523378582202,1.5128205128205128,0.0,0.0,2069.79939668175,2.151546003016591,0.6892911010558069,0.8235294117647058,7.315233785822021,2070.0,2220.0,0.027149321266968326,0.0,0.9728506787330317,0.06649484536082474,0.3510309278350515,0.3547422680412371,0.2277319587628866,0.5443668993020937
336,969.8653386454183,2.029482071713147,0.0,0.0,2052.5203187250995,5.365912350597609,0.950597609561753,1.0788844621513944,7.664541832669323,2060.0,2190.0,0.100398406374502,0.0,0.899601593625498,0.08025782305852999,0.40742280902380706,0.30055099282669717,0.2117683750909658,0.5316058107577543
337,971.43851018974,2.439212930428672,0.0,0.0,2084.7533380182713,3.7335488404778636,1.2656359803232606,1.1735769501054112,7.632466619817287,2070.0,2300.0,0.049894588896697116,0.0,0.9501054111033029,0.0675812540281742,0.32289844397385137,0.37657674247306877,0.2329435595249056,0.48112935753385194
338,976.0291545189505,1.7339650145772594,0.0,0.0,2061.1814868804663,2.3279810495626823,0.7886297376093294,0.9453352769679301,7.159620991253644,2060.0,2200.0,0.029154518950437316,0.0,0.9708454810495627,0.06606942889137737,0.37432556245546167,0.3158912755777257,0.2437137330754352,0.5451870533837747
339,979.8121118012423,2.5854037267080745,0.0,0.0,2074.0978260869565,4.428843167701864,1.1653726708074534,1.420031055900621,8.23136645962733,2070.0,2240.0,0.08074534161490683,0.0,0.9192546583850931,0.0740426334653839,0.4217128843614412,0.34125636672325976,0.16298811544991512,0.5492492492492492
340,959.8605863192182,1.1172638436482085,0.0,0.0,2029.2110749185667,6.646742671009772,0.5785016286644951,0.5387622149837134,7.619543973941368,2050.0,2200.0,0.07166123778501629,0.0,0.9283387622149837,0.06198700410396717,0.3350718194254446,0.3699555403556772,0.23298563611491108,0.4822157434402332
341,998.4511913912376,1.7963105303612605,0.0,0.0,2066.741737125288,2.3676787086856264,0.8332052267486548,0.9631053036126057,7.25749423520369,2060.0,2200.0,0.026133743274404306,0.0,0.9738662567255957,0.06725270069900445,0.3899597542893455,0.3403939843253548,0.20239356068629527,0.5361574668378263
342,986.4368932038835,1.315160567587752,0.0,0.0,2035.7752053771471,5.457139656460044,0.5982076176250933,0.7169529499626587,7.90067214339059,2060.0,2160.0,0.08663181478715459,0.0,0.9133681852128454,0.07666131014273561,0.40514226297381606,0.3252670384724454,0.19292938841100293,0.545144804088586
343,967.9960758665794,1.0719424460431655,0.0,0.0,2045.7311968606932,3.5057488554610856,0.566383257030739,0.5055591890124265,7.388489208633094,2050.0,2190.0,0.051667756703727925,0.0,0.9483322432962721,0.0645304063025582,0.34469328140214217,0.3003452243958573,0.29043108789944233,0.47162904209884077
344,966.0707743547044,1.4612822647793506,0.0,0.0,2052.6261448792675,2.2004496253122396,0.6611157368859284,0.8001665278934221,7.501248959200666,2050.0,2180.0,0.022481265611990008,0.0,0.97751873438801,0.06926406926406926,0.4019314019314019,0.33466533466533466,0.19413919413919414,0.5475783475783476
345,988.5659382064808,1.5523737754333082,0.0,0.0,2055.3715146948,4.128093443858327,0.6774679728711379,0.8749058025621703,7.655614167294649,2060.0,2180.0,0.0934438583270535,0.0,0.9065561416729465,0.07855103848804017,0.36105915936607935,0.36627620828821733,0.19411359385766316,0.5635922330097087
346,946.1709741550695,1.041086812458582,0.0,0.0,2035.9111994698476,5.259191517561299,0.5308151093439364,0.5102717031146454,7.316766070245196,2050.0,2190.0,0.054340622929092114,0.0,0.9456593770709079,0.0644869124173535,0.2925459650393986,0.3387374332035142,0.3042296893397337,0.49013367281986
347,925.2197891321979,2.225466342254663,0.0,0.0,2092.124898621249,1.4307785888077857,1.0178426601784265,1.2076236820762367,7.308191403081914,2070.0,2250.0,0.0186536901865369,0.0,0.981346309813463,0.06824991676839419,0.3944068360892243,0.3365886139163245,0.20075463322605705,0.5426384839650146
348,917.2576452599388,1.194189602446483,0.0,0.0,2043.322629969419,3.6749847094801225,0.5856269113149847,0.6085626911314985,7.974770642201835,2060.0,2170.0,0.09174311926605505,0.0,0.908256880733945,0.07554405138529384,0.41932700603968937,0.3112836736650369,0.19384526890997986,0.5096030729833547
349,920.0076873798847,1.2158872517616912,0.0,0.0,2047.211402946829,4.02739269698911,0.6252402306213966,0.5906470211402947,7.608584240871236,2050.0,2200.0,0.05573350416399744,0.0,0.9442664958360025,0.06112654710785552,0.32558726951250316,0.3787993601077713,0.23448682327187,0.4857744994731296
350,945.3423702556158,1.310611928737413,0.0,0.0,2061.8342370255614,1.5012316034082107,0.6127033307513555,0.6979085979860573,7.5693261037955075,2060.0,2180.0,0.021688613477924088,0.0,0.9783113865220759,0.062320916905444126,0.3999181334424887,0.3455792058943921,0.192181743757675,0.5325059101654847
351,951.8408723747981,1.8295638126009692,0.0,0.0,2053.184168012924,4.114612277867528,0.8497576736672051,0.9798061389337641,8.1421647819063,2060.0,2200.0,0.08562197092084006,0.0,0.9143780290791599,0.07827380952380952,0.3964285714285714,0.3476190476190476,0.17767857142857144,0.5355408388520971
352,931.1617268041238,0.9864690721649485,0.0,0.0,2040.6610824742268,5.247628865979381,0.48260309278350516,0.5038659793814433,7.514175257731959,2060.0,2200.0,0.06314432989690721,0.0,0.9368556701030928,0.06276796432858858,0.32841708111816154,0.343937575030012,0.26487737952323787,0.5107772697583279
353,932.3900245298446,1.4243663123466885,0.0,0.0,2071.376124284546,0.8432706459525756,0.6843826655764513,0.7399836467702371,7.308258381030253,2060.0,2190.0,0.014717906786590351,0.0,0.9852820932134096,0.07070933094652047,0.411053927053032,0.28552248825240545,0.23271425374804205,0.5195177956371986
354,950.9168096054889,1.6895368782161235,0.0,0.0,2041.0145797598627,7.2373756432247,0.8061749571183533,0.8833619210977701,8.299313893653517,2060.0,2190.0,0.11749571183533447,0.0,0.8825042881646655,0.08039681719541181,0.42637180944507597,0.3346078330060969,0.1586235403534153,0.5228426395939086
355,946.0802872062663,0.8929503916449086,0.0,0.0,2046.6958224543082,3.367708877284595,0.4425587467362924,0.45039164490861616,7.511749347258486,2050.0,2190.0,0.04503916449086162,0.0,0.9549608355091384,0.06369482099409107,0.28015293708724365,0.3872088981578033,0.268943343760862,0.5043859649122807
356,936.5972994440032,1.5480540111199366,0.0,0.0,2073.1413820492453,1.1004209690230342,0.7108816521048451,0.8371723590150913,7.011119936457506,2060.0,2192.0000000000005,0.020651310563939634,0.0,0.9793486894360603,0.07284468109210378,0.3713605981647219,0.3173218534043276,0.23847286733884673,0.5407901487942535
357,956.7227891156463,2.3375850340136055,0.0,0.0,2076.8928571428573,3.0566326530612242,1.0722789115646258,1.2653061224489797,8.10969387755102,2070.0,2230.0,0.07993197278911565,0.0,0.9200680272108843,0.07968962986264025,0.42529097200377475,0.3264129181084198,0.16860648002516515,0.541287740996726
358,956.758940397351,1.0880794701986756,0.0,0.0,2042.2867549668874,4.24964238410596,0.5529801324503312,0.5350993377483444,7.545033112582781,2050.0,2210.0,0.04966887417218543,0.0,0.9503311258278145,0.06109014307030633,0.3079083647853945,0.3524093741771263,0.2785921179671728,0.4917833231892879
359,973.4503205128206,1.4751602564102564,0.0,0.0,2073.5016025641025,0.6612259615384616,0.7163461538461539,0.7588141025641025,7.553685897435898,2050.0,2220.0,0.016826923076923076,0.0,0.9831730769230769,0.06587461546621406,0.3960963190834836,0.33255542590431736,0.20547363954598494,0.5143943508962521
360,974.7836797536567,1.8622016936104695,0.0,0.0,2044.3179368745189,6.595912240184758,0.8283294842186297,1.0338722093918398,8.211701308698999,2060.0,2200.0,0.11547344110854503,0.0,0.8845265588914549,0.07584137995687634,0.4413612074622668,0.33505202962407427,0.1477453829567826,0.5551880942538239
361,965.369310793238,1.5871261378413524,0.0,0.0,2053.0253576072823,4.076814044213264,0.7847854356306893,0.8023407022106632,7.67295188556567,2060.0,2210.0,0.06046814044213264,0.0,0.9395318595578673,0.06474027624777562,0.31480383018388275,0.3719176340988052,0.24853825946953648,0.5055305202785744
362,949.7546330615271,1.2327650111193478,0.0,0.0,2072.329132690882,0.27477390659747963,0.5441067457375834,0.6886582653817642,7.020014825796887,2060.0,2200.0,0.011860637509266123,0.0,0.9881393624907339,0.0651531151003168,0.35575501583949315,0.33484688489968323,0.24424498416050686,0.5586289837642814
363,959.7309893704006,1.5813573180703189,0.0,0.0,2047.4562551103843,4.139836467702371,0.7465249386753884,0.8348323793949305,7.844644317252658,2060.0,2180.0,0.08421913327882256,0.0,0.9157808667211774,0.08359391286220555,0.4311027725661872,0.2863247863247863,0.19897852824682094,0.5279214064115823
364,952.6791208791209,1.6,0.0,0.0,2054.3838827838827,3.789128205128205,0.8073260073260073,0.7926739926739926,7.733333333333333,2050.0,2210.0,0.046886446886446886,0.0,0.9531135531135531,0.06309208033345964,0.3445433876468359,0.3726790450928382,0.21968548692686624,0.49542124542124544
365,978.4232887490165,1.132179386309992,0.0,0.0,2059.8961447678994,1.2295987411487017,0.5420928402832416,0.5900865460267506,7.334382376081825,2050.0,2170.0,0.021243115656963022,0.0,0.978756884343037,0.06779661016949153,0.3575413001501824,0.3558249302724737,0.2188371594078524,0.5211952744961779
366,955.0733229329173,1.8400936037441498,0.0,0.0,2058.5858034321373,4.818127925117005,0.8806552262090483,0.9594383775351014,7.647425897035881,2070.0,2210.0,0.09438377535101404,0.0,0.905616224648986,0.0799673602611179,0.39004487964096285,0.3172174622603019,0.2127702978376173,0.5214073760067826
367,957.1739130434783,2.0420757363253856,0.0,0.0,2064.992987377279,3.882671809256662,1.0308555399719495,1.0112201963534362,7.648667601683029,2060.0,2240.0,0.05890603085553997,0.0,0.94109396914446,0.0659209681855689,0.3252039974328413,0.3770972769780875,0.23177775740350234,0.4951923076923077
368,983.7048799380325,1.7172734314484897,0.0,0.0,2094.7924089852827,0.7679705654531371,0.8481797056545314,0.8690937257939582,7.285824941905499,2070.0,2250.0,0.017815646785437646,0.0,0.9821843532145623,0.06857325111630874,0.3786944503508399,0.32309164363172443,0.22964065490112695,0.5060893098782138
369,966.4947791164659,1.6409638554216868,0.0,0.0,2058.4441767068274,5.391044176706828,0.7630522088353414,0.8779116465863454,8.428915662650603,2070.0,2220.0,0.09397590361445783,0.0,0.9060240963855422,0.07480465027634839,0.4246235944349152,0.3418143701162569,0.1587573851724795,0.534997552618698
370,974.8625654450262,1.0019633507853403,0.0,0.0,2031.0137434554974,5.848141361256544,0.4986910994764398,0.5032722513089005,7.787303664921466,2050.0,2200.0,0.07460732984293193,0.0,0.925392670157068,0.06269434406252626,0.3473401126145054,0.3636440036977897,0.2263215396251786,0.5022860875244938
371,976.7622047244095,1.832283464566929,0.0,0.0,2077.715748031496,1.859204724409449,0.8771653543307086,0.9551181102362205,7.363779527559055,2060.0,2230.0,0.025196850393700787,0.0,0.9748031496062992,0.06618905047048759,0.39264328485885375,0.34516680923866555,0.19600085543199317,0.5212720240653201
372,973.8361934477379,1.2698907956318253,0.0,0.0,2055.9368174726987,3.0027223088923556,0.5624024960998439,0.7074882995319812,8.061622464898596,2060.0,2170.0,0.07254290171606864,0.0,0.9274570982839313,0.07731011127237543,0.41519109820996614,0.3092404450895017,0.19825834542815676,0.5571253071253072
373,960.0622073578595,1.2822742474916389,0.0,0.0,2054.449498327759,3.522561872909699,0.6535117056856188,0.6287625418060201,7.466889632107024,2060.0,2210.0,0.048160535117056855,0.0,0.9518394648829431,0.06476753560870734,0.33933530412971424,0.30332347935142884,0.2925736809101496,0.4903495044340115
374,972.0473773265652,1.7800338409475465,0.0,0.0,2074.4416243654823,2.8039509306260575,0.8688663282571912,0.9111675126903553,7.582064297800338,2060.0,2230.0,0.02961082910321489,0.0,0.9703891708967851,0.06996206203972327,0.41374693148850705,0.33218031689355054,0.18411068957821916,0.5118821292775665
375,952.135632183908,1.757854406130268,0.0,0.0,2051.7141762452106,5.728965517241379,0.8114942528735632,0.946360153256705,7.719540229885057,2060.0,2198.8,0.10191570881226053,0.0,0.8980842911877395,0.07742703990470517,0.3739328965654159,0.3562636489974191,0.1923764145324598,0.5383609415867481
376,943.3914191419142,1.233003300330033,0.0,0.0,2064.3346534653465,2.0031155115511554,0.6171617161716172,0.6158415841584158,7.143894389438944,2060.0,2230.0,0.02838283828382838,0.0,0.9716171617161716,0.06208999353229234,0.29455788598355354,0.3425113184884043,0.3008408019957498,0.4994646680942184
377,962.7670221493028,2.1058244462674325,0.0,0.0,2119.284659557014,1.1281788351107465,0.9762100082034455,1.129614438063987,7.445447087776866,2080.0,2370.0,0.01804757998359311,0.0,0.9819524200164069,0.06886293521375055,0.39444689290436313,0.3308726311150286,0.20581754076685765,0.5364238410596026
378,979.3609375,1.71640625,0.0,0.0,2048.75,5.464484375,0.79453125,0.921875,8.109375,2070.0,2190.0,0.10390625,0.0,0.89609375,0.07263969171483622,0.4233140655105973,0.3175337186897881,0.18651252408477842,0.53709604005462
379,943.0509113764928,1.4242614707730987,0.0,0.0,2059.2539283469514,3.2272595851665615,0.6769327467001885,0.7473287240729101,7.436832181018228,2060.0,2240.0,0.04085480829666876,0.0,0.9591451917033312,0.05975321162947938,0.32361392832995267,0.3769438810006761,0.2396889790398918,0.5247131509267432
380,977.168253968254,1.6,0.0,0.0,2075.974603174603,1.721984126984127,0.7746031746031746,0.8253968253968254,7.677777777777778,2060.0,2220.0,0.027777777777777776,0.0,0.9722222222222222,0.06408931155675004,0.40593342981186686,0.34494521397560474,0.18503204465577838,0.5158730158730159
381,993.6532507739938,2.024767801857585,0.0,0.0,2068.938854489164,4.402631578947369,0.9891640866873065,1.0356037151702786,8.042569659442725,2060.0,2230.0,0.08126934984520123,0.0,0.9187306501547987,0.07410258877875084,0.4123760946973342,0.3392358772014243,0.1742854393224906,0.5114678899082569
382,977.0601700457815,0.9640287769784173,0.0,0.0,2054.239372138653,3.3123413996075866,0.5022890778286462,0.4617396991497711,7.575539568345324,2060.0,2210.0,0.04839764551994768,0.0,0.9516023544800524,0.06103772770439437,0.32539065872399203,0.3462833462833463,0.26728826728826727,0.4789687924016282
383,974.4560570071259,1.1765637371338085,0.0,0.0,2068.49089469517,1.0460570071258908,0.5431512272367379,0.6334125098970704,7.170229612034838,2060.0,2200.0,0.015043547110055424,0.0,0.9849564528899446,0.06813162544169611,0.4079063604240283,0.2819125441696113,0.2420494699646643,0.5383580080753702
384,990.113255033557,1.667785234899329,0.0,0.0,2041.130033557047,5.64864932885906,0.7776845637583892,0.8901006711409396,8.27768456375839,2060.0,2180.0,0.1115771812080537,0.0,0.8884228187919463,0.07793655619742576,0.4442079659470964,0.32451606364649843,0.15333941420897942,0.533702213279678
385,973.0567010309278,0.6707474226804123,0.0,0.0,2037.4710051546392,4.635180412371134,0.35631443298969073,0.31443298969072164,7.444587628865979,2050.0,2189.000000000001,0.05605670103092784,0.0,0.9439432989690721,0.06318158213605678,0.2933183313138307,0.3780508914661589,0.2654491950839536,0.4687800192122959
386,973.4624600638978,1.75,0.0,0.0,2080.626996805112,1.2143130990415334,0.8130990415335463,0.9369009584664537,7.306709265175719,2060.0,2220.0,0.02476038338658147,0.0,0.9752396166134185,0.06908613904678618,0.37210319195452557,0.3230214254481854,0.23578924355050285,0.535371976266545
387,965.8630952380952,2.19812925170068,0.0,0.0,2074.5042517006805,3.8942517006802726,1.0535714285714286,1.1445578231292517,8.04421768707483,2060.0,2240.0,0.08333333333333333,0.0,0.9166666666666666,0.08076109936575053,0.4215644820295983,0.3289640591966173,0.16871035940803383,0.5206963249516441
388,977.123417721519,1.5113924050632912,0.0,0.0,2052.0208860759494,4.274822784810127,0.7360759493670886,0.7753164556962026,7.367088607594937,2060.0,2220.0,0.05189873417721519,0.0,0.9481012658227848,0.06202749140893471,0.31099656357388317,0.35515463917525775,0.2718213058419244,0.5129815745393634
389,982.9378486055776,1.0286852589641435,0.0,0.0,2066.3266932270917,1.4165657370517928,0.4756972111553785,0.552988047808765,7.599203187250996,2060.0,2196.0000000000014,0.0199203187250996,0.0,0.9800796812749004,0.0659536541889483,0.38785781692356086,0.3460207612456747,0.2001677676418161,0.5375677769171185
390,1001.6428571428571,1.358695652173913,0.0,0.0,2043.3198757763976,6.822290372670808,0.6350931677018633,0.7236024844720497,8.380434782608695,2060.0,2200.0,0.11490683229813664,0.0,0.8850931677018633,0.0751343338891977,0.44376505465999627,0.3310172317954419,0.15008337965536409,0.5325714285714286
391,1000.5225342913129,1.6858262573481384,0.0,0.0,2049.3403004572174,5.16328543435663,0.8817766165904638,0.8040496407576747,7.774003919007185,2060.0,2230.0,0.06074461136512083,0.0,0.9392553886348791,0.06293059989917661,0.3210384809275752,0.3745588976642581,0.24147202150899008,0.4769469197985277
392,957.7728911319394,1.2595529920692141,0.0,0.0,2077.042537851478,1.1317087238644556,0.6474405191059841,0.61211247296323,7.095890410958904,2060.0,2220.0,0.015861571737563085,0.0,0.9841384282624369,0.06279211542369437,0.3469823206665312,0.3386506807559439,0.25157488315383053,0.48597595878649114
393,961.4996150885296,1.6651270207852193,0.0,0.0,2061.779830638953,3.735973826020015,0.7882986913010007,0.8768283294842186,7.747498075442648,2060.0,2202.0000000000005,0.08468052347959969,0.0,0.9153194765204004,0.07978934817170111,0.43064387917329094,0.28189586645469,0.20767090620031797,0.526583448913546
394,949.115523465704,1.1379061371841155,0.0,0.0,2048.462093862816,4.890072202166065,0.5935018050541516,0.5444043321299639,7.805054151624549,2050.0,2220.0,0.05631768953068592,0.0,0.9436823104693141,0.06706753006475485,0.34921369102682703,0.37261794634597595,0.2111008325624422,0.4784263959390863
395,976.1049156272927,1.1122523844460748,0.0,0.0,2063.8451944240646,0.934512105649303,0.5099046221570066,0.6023477622890683,7.1195891415994135,2050.0,2190.0,0.018341892883345562,0.0,0.9816581071166545,0.06430338004946413,0.3490313272877164,0.35181368507831823,0.23485160758450124,0.5415567282321899
396,955.3818181818182,1.482213438735178,0.0,0.0,2052.101185770751,4.007865612648221,0.6695652173913044,0.8126482213438735,7.848221343873518,2060.0,2196.0000000000014,0.08142292490118577,0.0,0.9185770750988143,0.08007655116841257,0.39705882352941174,0.3176873489121676,0.20517727639000805,0.5482666666666667
397,968.0262612301314,1.676572218382861,0.0,0.0,2058.41395991707,3.7551071181755358,0.8548721492743607,0.8217000691085004,7.580511402902557,2050.0,2240.0,0.05459571527297857,0.0,0.9454042847270214,0.0650925335035099,0.32901814203664875,0.3738718205852858,0.23201750387455555,0.49010717230008244
398,974.3859510655091,1.7655880031570639,0.0,0.0,2068.770323599053,1.3470639305445935,0.8760852407261247,0.8895027624309392,7.444356748224152,2060.0,2200.0,0.022888713496448304,0.0,0.9771112865035517,0.06605173876166243,0.38645038167938933,0.31530958439355383,0.2321882951653944,0.5037997317836388
399,946.2770061728395,1.4212962962962963,0.0,0.0,2046.5547839506173,3.873541666666666,0.6658950617283951,0.7554012345679012,8.074074074074074,2060.0,2170.0,0.08256172839506173,0.0,0.9174382716049383,0.07272553516819572,0.428230122324159,0.3423165137614679,0.15672782874617738,0.5314875135722041
400,948.8589826142949,1.0109465550547327,0.0,0.0,2025.5408886027044,6.367849323889247,0.5338055376690277,0.4771410173857051,7.587250482936253,2050.0,2190.0,0.07791371538956858,0.0,0.9220862846104314,0.061699057964864634,0.3443944666044301,0.3645930577951286,0.22931341763557667,0.47197452229299364
401,992.6131850675139,1.6060365369340746,0.0,0.0,2062.5377283558378,1.4542176330420968,0.7069102462271644,0.8991262907069102,7.439237490071485,2060.0,2190.0,0.018268467037331215,0.0,0.9817315329626688,0.06790518898142217,0.397501601537476,0.3415545590433483,0.1930386504377536,0.559841740850643
402,997.5572519083969,1.034351145038168,0.0,0.0,2044.3312977099238,3.31006106870229,0.49923664122137407,0.5351145038167939,7.9946564885496185,2060.0,2160.0,0.07557251908396946,0.0,0.9244274809160306,0.07333142366084217,0.41201183996944524,0.32321206913014416,0.1914446672395684,0.5173431734317343
403,953.8630872483221,1.1986577181208053,0.0,0.0,2044.1221476510068,3.840838926174497,0.6006711409395973,0.5979865771812081,7.502013422818792,2050.0,2200.0,0.046308724832214765,0.0,0.9536912751677852,0.06575415995705851,0.33718017534442657,0.30390051887636427,0.29316514582215064,0.4988801791713326
404,945.3408071748879,1.4968609865470852,0.0,0.0,2063.413452914798,2.2244484304932737,0.7165919282511211,0.7802690582959642,7.845739910313902,2050.0,2190.0,0.02780269058295964,0.0,0.9721973094170404,0.07155921353452217,0.4154092363968907,0.337334247828075,0.1756973022405121,0.5212702216896345
405,950.0626865671642,1.507462686567164,0.0,0.0,2053.60223880597,4.018246268656716,0.7395522388059701,0.767910447761194,7.621641791044776,2060.0,2180.0,0.08955223880597014,0.0,0.9104477611940298,0.07784196612160971,0.3688436306667972,0.36257710760795064,0.19073729560364241,0.5094059405940594
406,930.3097643097643,1.006060606060606,0.0,0.0,2073.684175084175,0.9245454545454546,0.5185185185185185,0.48754208754208755,7.261952861952862,2060.0,2220.0,0.024242424242424242,0.0,0.9757575757575757,0.059810830860534125,0.2897811572700297,0.34514094955489616,0.30526706231454004,0.48460508701472554
407,960.6213114754098,1.8278688524590163,0.0,0.0,2088.810655737705,1.1248360655737704,0.839344262295082,0.9885245901639345,7.526229508196721,2070.0,2261.0000000000014,0.018852459016393444,0.0,0.9811475409836066,0.06861250272271836,0.3929427140056633,0.3363101720758005,0.2021346111958179,0.5408071748878924
408,966.1684952978056,1.1731974921630095,0.0,0.0,2040.7962382445141,4.173001567398119,0.5462382445141066,0.6269592476489029,8.202194357366771,2060.0,2180.0,0.09717868338557993,0.0,0.9028213166144201,0.07404930250334416,0.41620485381234473,0.3196063443531435,0.19013949933116758,0.5344021376085505
409,949.7276757441418,0.9841671944268524,0.0,0.0,2048.6960101329955,3.179043698543382,0.461051298290057,0.5231158961367954,7.560481317289423,2050.0,2200.0,0.037365421152628246,0.0,0.9626345788473718,0.06039537610990116,0.3235885407941029,0.3790417155302396,0.2369743675657564,0.5315315315315315
410,959.5699765441751,0.9718530101641908,0.0,0.0,2041.2838154808444,3.507763878029711,0.4988272087568413,0.4730258014073495,7.505863956215793,2050.0,2170.0,0.033620015637216574,0.0,0.9663799843627834,0.06697916666666667,0.41125,0.34270833333333334,0.1790625,0.48672566371681414
411,982.0598159509202,1.4309815950920246,0.0,0.0,2040.276073619632,4.824616564417178,0.6572085889570553,0.7737730061349694,7.838957055214724,2060.0,2180.0,0.0897239263803681,0.0,0.9102760736196319,0.07630600665231853,0.39512815495989045,0.34944237918215615,0.1791234592056349,0.5407288317256163
412,953.6473186119874,0.5968454258675079,0.0,0.0,2043.058044164038,3.12394952681388,0.3028391167192429,0.294006309148265,7.287066246056782,2050.0,2180.0,0.044794952681388014,0.0,0.955205047318612,0.06458874458874458,0.3245021645021645,0.3452813852813853,0.2656277056277056,0.492600422832981
413,980.4270998415213,1.1711568938193344,0.0,0.0,2061.0198098256737,0.2970522979397781,0.5427892234548336,0.6283676703645008,7.25594294770206,2050.0,2180.0,0.01584786053882726,0.0,0.9841521394611727,0.06967347384514579,0.4061373812383969,0.28633832041061485,0.23785082450584252,0.5365358592692828
414,974.8829431438127,1.1195652173913044,0.0,0.0,2040.8411371237457,4.6189464882943145,0.4807692307692308,0.6387959866220736,8.235785953177258,2060.0,2160.0,0.09949832775919733,0.0,0.9005016722408027,0.07878172588832487,0.43421319796954316,0.3267005076142132,0.16030456852791877,0.5705750560119492
415,988.0651486401013,0.5736875395319418,0.0,0.0,2036.2213788741303,4.0659772296015175,0.30676786843769766,0.26691967109424414,7.34471853257432,2050.0,2180.0,0.05060088551549652,0.0,0.9493991144845034,0.0629521184981054,0.2907337237340682,0.3805545986910093,0.2657595590768171,0.4652701212789416
416,950.8808777429467,0.9310344827586207,0.0,0.0,2055.908307210031,1.0002507836990597,0.43260188087774293,0.49843260188087773,7.036050156739812,2050.0,2170.0,0.019592476489028215,0.0,0.9804075235109718,0.07039429717086211,0.3724660280686122,0.3119848518601025,0.24515482290042326,0.5353535353535354
417,993.3112582781457,1.0165562913907285,0.0,0.0,2048.28559602649,2.2884685430463576,0.4859271523178808,0.5306291390728477,8.16225165562914,2060.0,2170.0,0.07533112582781457,0.0,0.9246688741721855,0.0808316430020284,0.4143002028397566,0.3293103448275862,0.1755578093306288,0.5219869706840391
418,978.5530799475754,0.6880733944954128,0.0,0.0,2039.4384010484928,3.3856553079947576,0.3505897771952818,0.33748361730013104,7.564220183486238,2050.0,2180.0,0.04783748361730013,0.0,0.9521625163826999,0.060729446417742354,0.30624620982413586,0.35614658234427793,0.2768777614138439,0.49047619047619045
419,992.8523809523809,0.7761904761904762,0.0,0.0,2050.69126984127,0.9964444444444445,0.39920634920634923,0.376984126984127,7.680952380952381,2050.0,2160.0,0.015873015873015872,0.0,0.9841269841269841,0.06736929117586278,0.3909898739408969,0.3465592064476131,0.1950816284356272,0.48568507157464214
420,995.3323100537222,0.8603223330775134,0.0,0.0,2026.2632386799694,5.323407521105142,0.39984650805832694,0.4604758250191865,8.16039907904835,2060.0,2150.0,0.11665387567152724,0.0,0.8833461243284727,0.07429699990595316,0.4445593905765071,0.33311389071757735,0.14802971879996238,0.5352363960749331
421,1007.8626155878468,1.1023778071334214,0.0,0.0,2052.6948480845444,2.5120475561426683,0.5693527080581242,0.5330250990752973,7.801849405548217,2060.0,2200.0,0.0416116248348745,0.0,0.9583883751651255,0.061293599729089064,0.31645783948526923,0.37538096850660346,0.24686759227903826,0.4835230677052127
422,974.5520599250937,0.7146067415730337,0.0,0.0,2059.8426966292136,0.5819176029962547,0.38352059925093634,0.3310861423220974,7.28314606741573,2060.0,2170.0,0.020973782771535582,0.0,0.9790262172284644,0.06541190990435052,0.35596009462100175,0.3431039802530083,0.2355240152216394,0.46331236897274636
423,975.5544164037855,0.6845425867507886,0.0,0.0,2040.2350157728706,3.0961198738170346,0.32965299684542587,0.3548895899053628,7.94006309148265,2060.0,2160.0,0.07570977917981073,0.0,0.9242902208201893,0.07826777910210568,0.433849821215733,0.2813865713150576,0.2064958283671037,0.5184331797235023
424,947.9943222143364,0.7395315826827538,0.0,0.0,2033.056068133428,5.401724627395316,0.37189496096522356,0.36763662171753014,7.689850958126331,2050.0,2190.0,0.057487579843860895,0.0,0.9425124201561391,0.06488232579603138,0.34665436086755885,0.3724042455006922,0.21605906783571757,0.4971209213051823
425,971.614724803431,0.9256611865618298,0.0,0.0,2061.963545389564,0.5097641172265904,0.4517512508934953,0.4739099356683345,6.9971408148677625,2050.0,2180.0,0.01501072194424589,0.0,0.9849892780557541,0.06292777607518643,0.3489631218714884,0.34967821023597917,0.238430891817346,0.511969111969112
426,933.1558441558442,1.4514896867838045,0.0,0.0,2047.6661573720398,4.300626432391138,0.7035905271199389,0.7478991596638656,7.562261268143621,2050.0,2180.0,0.0985485103132162,0.0,0.9014514896867838,0.08101828467521972,0.39771694110516215,0.30457621982018385,0.2166885543994343,0.5152631578947369
427,934.6641586867305,1.0984952120383038,0.0,0.0,2049.7017783857727,3.4497469220246235,0.5861833105335157,0.512311901504788,7.398768809849521,2050.0,2209.000000000001,0.046511627906976744,0.0,0.9534883720930233,0.06499029305722474,0.3195895349912175,0.3837478043819913,0.2316723675695664,0.4663760896637609
428,974.5987261146497,1.1632165605095541,0.0,0.0,2066.3351910828023,1.2376194267515923,0.5756369426751592,0.5875796178343949,7.502388535031847,2060.0,2190.0,0.01910828025477707,0.0,0.9808917197452229,0.06844953836357848,0.3924440199511833,0.3138066433195373,0.22529979836570094,0.5051334702258727
429,938.6149068322982,1.2104037267080745,0.0,0.0,2050.7903726708073,4.212088509316771,0.5217391304347826,0.6886645962732919,8.160714285714286,2065.0,2180.0,0.08540372670807453,0.0,0.9145962732919255,0.07297117305679764,0.4183236609266483,0.34411568832651507,0.164589477690039,0.5689544579858884
430,949.2315586914689,0.841565105837075,0.0,0.0,2013.9833226427197,8.226574727389352,0.4137267479153303,0.4278383579217447,7.728030788967287,2050.0,2182.0000000000005,0.09044259140474663,0.0,0.9095574085952534,0.06416002656042497,0.3440405046480744,0.3607237715803453,0.23107569721115537,0.5083841463414634
431,962.5459501557632,1.161993769470405,0.0,0.0,2057.654205607477,2.3647819314641745,0.5584112149532711,0.6035825545171339,7.3286604361370715,2060.0,2190.0,0.024143302180685357,0.0,0.9758566978193146,0.06780021253985122,0.38767268862911797,0.3378320935175345,0.20669500531349627,0.5194369973190348
432,953.4170437405731,1.0369532428355959,0.0,0.0,2036.6297134238312,4.497941176470587,0.48340874811463047,0.5535444947209653,7.740573152337858,2055.0,2160.0,0.0889894419306184,0.0,0.9110105580693816,0.07570148090413094,0.40520265003897116,0.32180436477007013,0.19729150428682773,0.5338181818181819
433,945.3273213092853,0.8550434201736807,0.0,0.0,2043.5778223112893,4.111142284569138,0.3740814963259853,0.48096192384769537,7.500334001336006,2060.0,2190.0,0.053440213760855046,0.0,0.9465597862391449,0.06127538297114357,0.34690060562878516,0.3036159600997506,0.2882080513003206,0.5625
434,951.6335814722911,1.392886683209264,0.0,0.0,2053.462365591398,3.5400578990901574,0.7014061207609594,0.6914805624483044,7.601323407775021,2060.0,2190.0,0.033085194375516956,0.0,0.9669148056244831,0.06996735582154516,0.40794341675734497,0.33960826985854187,0.18248095756256802,0.49643705463182897
435,974.3310397553516,1.2125382262996942,0.0,0.0,2045.7010703363915,4.295451070336392,0.5489296636085627,0.6636085626911316,7.680428134556575,2060.0,2180.0,0.08868501529051988,0.0,0.9113149847094801,0.07913597451722078,0.3721879354967151,0.3565598248058929,0.19211626518017122,0.5472887767969735
436,931.3344113842173,1.222509702457956,0.0,0.0,2055.372574385511,3.9259637774902973,0.6060802069857697,0.6164294954721863,7.166235446313066,2060.0,2220.0,0.04463130659767141,0.0,0.9553686934023286,0.06354364112284502,0.29975629569455725,0.34244967957396877,0.29425038360862893,0.5042328042328043
437,944.8621248986212,1.5474452554744527,0.0,0.0,2077.491484184915,1.687234387672344,0.7185725871857259,0.8288726682887266,7.467153284671533,2070.0,2220.0,0.019464720194647202,0.0,0.9805352798053528,0.06907787552948844,0.3931791028565222,0.32768545671771476,0.21005756489627458,0.5356394129979035
438,964.1860107609531,1.4196771714066103,0.0,0.0,2056.5611068408916,3.7122367409684855,0.7156033820138356,0.7040737893927748,8.166026133743275,2060.0,2180.0,0.08378170637970792,0.0,0.9162182936202921,0.07172439759036145,0.4214984939759036,0.315417921686747,0.19135918674698796,0.4959393611261505
439,967.2103200522535,0.8275636838667537,0.0,0.0,2065.2299150881777,2.040829523187459,0.4147615937295885,0.41280209013716523,7.712606139777923,2060.0,2210.0,0.035924232527759635,0.0,0.9640757674722403,0.05936653116531165,0.3190210027100271,0.3839769647696477,0.23763550135501355,0.4988161010260458
440,965.934065934066,1.262166405023548,0.0,0.0,2055.4678178963895,3.306593406593407,0.652276295133438,0.6098901098901099,7.6828885400313975,2060.0,2200.0,0.033751962323390894,0.0,0.966248037676609,0.06742950551695955,0.40171638741315896,0.3440948099713935,0.18675929709848793,0.4832089552238806
441,971.7498039215686,1.6619607843137254,0.0,0.0,2064.8580392156864,5.496737254901961,0.7756862745098039,0.8862745098039215,8.143529411764705,2070.0,2240.0,0.09254901960784313,0.0,0.9074509803921569,0.07550804199171723,0.3970913994028701,0.35057305210440143,0.17682750650101126,0.5332704105710241
442,947.1103853690398,0.94578706727629,0.0,0.0,2058.8967994774657,2.9158785107772696,0.4611365120836055,0.4846505551926845,7.557152188112345,2060.0,2210.0,0.04441541476159373,0.0,0.9555845852384063,0.06231633535004322,0.32203975799481416,0.3481417458945549,0.26750216076058775,0.5124309392265194
443,963.4279967819791,1.2727272727272727,0.0,0.0,2067.8624296057924,0.6483185840707965,0.6098149637972646,0.6629123089300081,7.420756234915527,2060.0,2190.0,0.012872083668543845,0.0,0.9871279163314561,0.06895056374674761,0.3992844752818734,0.2856678230702515,0.2460971379011275,0.5208596713021492
444,962.3685092127304,1.789782244556114,0.0,0.0,2055.1700167504187,5.174388609715243,0.8819095477386935,0.9078726968174204,8.253768844221106,2060.0,2190.0,0.10301507537688442,0.0,0.8969849246231156,0.07833587011669203,0.43094875697615426,0.3332318619989853,0.15748351090816845,0.5072531586335985
445,966.9247524752475,0.8382838283828383,0.0,0.0,2043.2739273927393,4.465194719471947,0.4389438943894389,0.39933993399339934,7.581518151815182,2050.0,2190.0,0.05214521452145215,0.0,0.9478547854785478,0.06329444541180568,0.28425909803238725,0.3805502350687794,0.2718962214870277,0.4763779527559055
446,950.8072580645161,1.3491935483870967,0.0,0.0,2079.1790322580646,0.46115322580645157,0.6483870967741936,0.7008064516129032,7.258064516129032,2060.0,2210.0,0.014516129032258065,0.0,0.9854838709677419,0.07033333333333333,0.369,0.317,0.24366666666666667,0.5194261805140467
447,966.3869918699187,2.0447154471544717,0.0,0.0,2069.213008130081,3.0126747967479677,0.9829268292682927,1.0617886178861788,8.084552845528455,2070.0,2211.0000000000014,0.07317073170731707,0.0,0.926829268292683,0.08135559131134353,0.42025341914722447,0.3243161705551086,0.1740748189863234,0.5192842942345924
448,944.0006527415144,1.0137075718015667,0.0,0.0,2036.2963446475196,4.60869451697128,0.5574412532637075,0.456266318537859,7.587467362924282,2050.0,2190.0,0.05548302872062663,0.0,0.9445169712793734,0.060392291810048175,0.31288713007570546,0.3546111493461803,0.2721094287680661,0.45009658725048296
449,949.8653093187157,0.9545810493343775,0.0,0.0,2066.7689898198905,0.23133907595927958,0.48707909162098667,0.46750195771339076,7.520751761942051,2050.0,2180.0,0.014095536413469069,0.0,0.9859044635865309,0.06684714702207413,0.38713036234902126,0.3464181591003748,0.19960433152852977,0.48974569319114025
450,955.0982972136223,1.0054179566563468,0.0,0.0,2035.577399380805,4.806277089783282,0.4729102167182663,0.5325077399380805,8.325851393188854,2050.0,2160.0,0.1130030959752322,0.0,0.8869969040247678,0.0763223947197174,0.44445477363577207,0.33382913451705865,0.1453936971274519,0.5296381832178599
451,973.6078561917443,1.4533954727030627,0.0,0.0,2061.3695073235685,1.9470239680426098,0.7456724367509987,0.7077230359520639,7.746338215712384,2055.0,2200.0,0.03794940079893475,0.0,0.9620505992010653,0.06385904598195101,0.3140524280189085,0.3712075633863343,0.2508809626128062,0.4869445716903344
452,952.0036469730125,1.0919037199124726,0.0,0.0,2076.8745441283736,0.1287527352297593,0.5696571845368344,0.5222465353756383,7.165572574762947,2060.0,2200.0,0.012399708242159009,0.0,0.987600291757841,0.06636807817589577,0.3519951140065147,0.340492671009772,0.2411441368078176,0.47828991315965264
453,960.4901960784314,1.187450980392157,0.0,0.0,2058.2439215686272,2.164211764705882,0.5498039215686275,0.6376470588235295,7.900392156862745,2060.0,2180.0,0.07215686274509804,0.0,0.927843137254902,0.07812965352923658,0.43274099076739797,0.27826863893576886,0.21086071676759655,0.5369881109643329
454,944.3499288762447,1.290896159317212,0.0,0.0,2025.029160739687,6.8365718349928875,0.6578947368421053,0.6330014224751067,7.814366998577525,2040.0,2200.0,0.06756756756756757,0.0,0.9324324324324325,0.06571402566669701,0.35441885865113315,0.3720760899244562,0.20779102575771366,0.4903581267217631
455,957.383431085044,1.3848973607038124,0.0,0.0,2059.6363636363635,1.976715542521994,0.6612903225806451,0.7236070381231672,7.2404692082111435,2050.0,2190.0,0.022727272727272728,0.0,0.9772727272727273,0.06318347509113001,0.34852166869177803,0.3469015795868773,0.24139327663021465,0.5224986765484383
456,957.0288097043215,1.6990144048521607,0.0,0.0,2057.2433661865048,4.014412433661866,0.8021228203184231,0.8968915845337376,7.696739954510993,2060.0,2190.0,0.09021986353297953,0.0,0.9097801364670205,0.07890070921985816,0.3951930654058314,0.3189519306540583,0.20695429472025217,0.5278893351182508
457,956.821008984105,1.4858327574291639,0.0,0.0,2050.8369039391846,4.312660677263303,0.7719419488597098,0.7138908085694541,7.675881133379406,2060.0,2220.0,0.060124395300621976,0.0,0.939875604699378,0.06680471774556586,0.32411992437201764,0.37399837940037817,0.23507697848203835,0.4804651162790698
458,986.5043069694597,1.6014095536413469,0.0,0.0,2071.317149569303,1.345505090054816,0.6898981989036805,0.9115113547376664,7.436961628817541,2060.0,2204.000000000001,0.021143304620203602,0.0,0.9788566953797964,0.06538907023270507,0.38854375065810254,0.32410234810992944,0.22196483099926292,0.5691931540342299
459,974.3773148148148,1.554783950617284,0.0,0.0,2057.9953703703704,3.850949074074074,0.7322530864197531,0.8225308641975309,8.21141975308642,2060.0,2200.0,0.08950617283950617,0.0,0.9104938271604939,0.07357639541439578,0.42116143582033455,0.3440142830295057,0.16124788573576396,0.5290322580645161
460,925.977621483376,0.9731457800511509,0.0,0.0,2017.686061381074,8.084533248081842,0.48017902813299235,0.4929667519181586,7.66687979539642,2050.0,2200.0,0.08823529411764706,0.0,0.9117647058823529,0.06429822366775081,0.33983821199232755,0.36327245434075556,0.23259110999916605,0.5065703022339028
461,988.6880443388757,1.8471892319873318,0.0,0.0,2080.575613618369,1.073452098178939,0.9224069675376089,0.9247822644497229,7.4885193982581155,2060.0,2210.0,0.01979414093428345,0.0,0.9802058590657166,0.06629308521886233,0.39067456121801647,0.3456333262846268,0.1973990272784944,0.5006429489927132
462,975.0121120363361,1.4420893262679788,0.0,0.0,2053.866767600303,4.749825889477669,0.6941710825132476,0.7479182437547313,7.849356548069644,2060.0,2190.0,0.093111279333838,0.0,0.906888720666162,0.07734593499855338,0.41016491464943583,0.3171954865464365,0.1952936638055743,0.5186351706036746
463,945.4026666666666,1.6593333333333333,0.0,0.0,2051.7726666666667,4.512366666666667,0.8153333333333334,0.844,7.612,2050.0,2230.0,0.05333333333333334,0.0,0.9466666666666667,0.06612366438956034,0.3443685409003328,0.3041688561919776,0.28533893851812925,0.50863800723182
464,969.6115916955017,1.703287197231834,0.0,0.0,2076.68339100346,2.208892733564014,0.8598615916955017,0.8434256055363322,7.743944636678201,2060.0,2230.0,0.02249134948096886,0.0,0.9775086505190311,0.07238605898123325,0.41041108132260945,0.3383601429848079,0.1788427167113494,0.4951752158456069
465,985.3463235294117,1.3654411764705883,0.0,0.0,2054.408088235294,4.16027205882353,0.6176470588235294,0.7477941176470588,7.639705882352941,2060.0,2180.0,0.08970588235294118,0.0,0.9102941176470588,0.07670837343599615,0.3647738209817132,0.36111645813282,0.19740134744947063,0.5476575121163166
466,936.4337990685297,1.2954091816367266,0.0,0.0,2060.565535595476,3.10003992015968,0.648037258815702,0.6473719228210246,7.298735861610113,2060.0,2220.0,0.0385894876912841,0.0,0.9614105123087159,0.06253418413855971,0.29562443026435736,0.3406563354603464,0.3011850501367366,0.4997431946584489
467,969.6629482071713,2.0239043824701195,0.0,0.0,2094.213545816733,0.8511633466135459,0.9075697211155378,1.1163346613545817,7.328286852589642,2070.0,2266.0000000000014,0.020717131474103586,0.0,0.9792828685258964,0.06752201804936392,0.3957812330107644,0.3283679460693704,0.20832880287050126,0.5515748031496063
468,977.374213836478,1.395440251572327,0.0,0.0,2053.1611635220124,4.229504716981133,0.6713836477987422,0.7240566037735849,8.169811320754716,2065.0,2190.0,0.09984276729559749,0.0,0.9001572327044025,0.07630869899923018,0.4170515781370285,0.3164934565050038,0.1901462663587375,0.5188732394366197
469,961.7122488658457,1.0790667530784186,0.0,0.0,2052.4316267012314,3.8739727802981205,0.5281918340894362,0.5508749189889826,7.69799092676604,2050.0,2220.0,0.046662346079066754,0.0,0.9533376539209333,0.0592692372453275,0.322697423808722,0.37986192961778076,0.23817140932816971,0.5105105105105106
470,959.4135393671818,0.9374540103016924,0.0,0.0,2054.3436350257543,2.158830022075055,0.4297277409860191,0.5077262693156733,7.397350993377484,2050.0,2180.0,0.022810890360559236,0.0,0.9771891096394407,0.0631652243111509,0.38943598925693823,0.3530289465831095,0.19436983984880135,0.5416012558869702
471,977.9610983981694,1.3790999237223494,0.0,0.0,2046.6147978642257,4.668573607932876,0.6224256292906178,0.7566742944317315,8.08924485125858,2060.0,2180.0,0.08237986270022883,0.0,0.9176201372997712,0.07543611504007544,0.39575671852899574,0.34974068835454974,0.17906647807637907,0.5486725663716814
472,963.9422222222222,0.8806349206349207,0.0,0.0,2040.2444444444445,4.603860317460318,0.4292063492063492,0.4514285714285714,7.483809523809524,2050.0,2190.0,0.06476190476190476,0.0,0.9352380952380952,0.06430813608212438,0.3301094426062611,0.3437685585814881,0.2618138627301264,0.5126171593366979
473,972.7589498806683,1.1097852028639619,0.0,0.0,2066.159904534606,1.2416467780429594,0.5648369132856006,0.5449482895783612,7.3492442322991245,2060.0,2190.0,0.017501988862370723,0.0,0.9824980111376292,0.06765533665295519,0.3973803853647976,0.28588439056072745,0.24907988742151982,0.4910394265232975
474,975.595296025953,1.105433901054339,0.0,0.0,2038.0113544201135,4.8007218167072185,0.49878345498783455,0.6066504460665044,7.930251419302514,2060.0,2170.0,0.1070559610705596,0.0,0.8929440389294404,0.07966864389445695,0.42984250357946413,0.33309470239312744,0.15739415013295152,0.5487894350696992
475,970.7744408945687,0.7329073482428115,0.0,0.0,2044.1239616613418,3.348012779552716,0.36741214057507987,0.36549520766773164,7.433226837060703,2050.0,2180.0,0.04792332268370607,0.0,0.952076677316294,0.0613771168228316,0.2875440557036018,0.3824464884380641,0.26863233903550243,0.4986922406277245
476,981.3719696969697,1.371969696969697,0.0,0.0,2060.6454545454544,0.9536136363636364,0.6409090909090909,0.7310606060606061,7.049242424242424,2060.0,2180.0,0.015151515151515152,0.0,0.9848484848484849,0.06738312735088663,0.36851155292853305,0.3155292853304675,0.24857603439011283,0.5328547763666482
477,960.154036243822,2.0906095551894563,0.0,0.0,2062.8904448105436,4.277364085667216,0.9266886326194399,1.1639209225700164,8.028006589785832,2060.0,2210.0,0.07990115321252059,0.0,0.9200988467874794,0.07921198440385799,0.42704699363841575,0.3262877077775498,0.16745331418017648,0.5567375886524822
478,976.2565104166666,0.8606770833333334,0.0,0.0,2056.7740885416665,2.04734375,0.4127604166666667,0.4479166666666667,7.404296875,2050.0,2200.0,0.0390625,0.0,0.9609375,0.05908731205486679,0.308098127143234,0.35258946627978544,0.2802250945221138,0.5204236006051437
479,972.3412942989214,0.8659476117103235,0.0,0.0,2062.8882896764253,1.2079506933744222,0.42604006163328195,0.4399075500770416,7.4214175654853625,2060.0,2182.9999999999995,0.015408320493066256,0.0,0.9845916795069337,0.06664590470258487,0.38627634174192876,0.34039240112114605,0.20668535243434027,0.5080071174377224
480,993.9009976976208,0.7666922486569455,0.0,0.0,2035.712202609363,3.9189716039907907,0.33461243284727554,0.43207981580967,8.250959324635456,2060.0,2160.0,0.10207214121258634,0.0,0.8979278587874137,0.07366756580783183,0.43912194214491673,0.33336433820109757,0.15384615384615385,0.5635635635635635
481,997.7714105793451,1.2896725440806045,0.0,0.0,2037.110201511335,4.865484886649874,0.6492443324937027,0.6404282115869018,7.5308564231738035,2050.0,2200.0,0.05919395465994962,0.0,0.9408060453400504,0.061794464420102016,0.3180867965548959,0.376620118739025,0.2434986202859771,0.49658203125
482,1004.4030612244898,0.8061224489795918,0.0,0.0,2063.5590379008745,1.5994169096209914,0.3826530612244898,0.42346938775510207,7.23469387755102,2060.0,2190.0,0.02696793002915452,0.0,0.9730320699708455,0.06447713076768084,0.3441466854724965,0.34323997582107596,0.24813620793874672,0.5253164556962026
483,994.384430176565,0.9558587479935795,0.0,0.0,2054.9783306581057,3.3799999999999994,0.4462279293739968,0.5096308186195827,8.02808988764045,2060.0,2180.0,0.08025682182985554,0.0,0.9197431781701445,0.07977606717984605,0.432370288913326,0.2782165350394882,0.2096371088673398,0.5331654072208228
484,993.1774768353528,0.8916607270135424,0.0,0.0,2028.6243763364218,6.334333570919458,0.4682822523164647,0.4233784746970777,7.733428367783321,2050.0,2190.0,0.06343549536707056,0.0,0.9365645046329294,0.06516129032258064,0.3430414746543779,0.38055299539170506,0.2112442396313364,0.4748201438848921
485,993.1751662971175,0.8492239467849224,0.0,0.0,2068.0532150776053,0.34940133037694016,0.41832963784183297,0.43089430894308944,7.124168514412417,2060.0,2190.0,0.017738359201773836,0.0,0.9822616407982262,0.0647370059134765,0.34889511360099595,0.3527336860670194,0.23363419441850813,0.5073977371627503
486,980.6724003127443,1.6020328381548083,0.0,0.0,2059.1978107896794,4.922150117279124,0.7584050039093041,0.8436278342455042,7.706802189210321,2070.0,2212.0000000000005,0.09304143862392494,0.0,0.9069585613760751,0.08045044131074364,0.39920868418382877,0.3130770011159582,0.20726387338946942,0.5265983406539776
487,950.8544698544698,1.4095634095634095,0.0,0.0,2060.223839223839,3.7006514206514205,0.7172557172557172,0.6923076923076923,7.503118503118503,2060.0,2230.0,0.060984060984060985,0.0,0.939015939015939,0.06502262861365106,0.3299159508635818,0.3742495612819802,0.23081185924078693,0.4911504424778761
488,989.4479878511769,1.1807137433561123,0.0,0.0,2064.0660592255126,1.1543811693242216,0.5694760820045558,0.6112376613515565,7.255884586180714,2050.0,2200.0,0.022779043280182234,0.0,0.9772209567198178,0.06613645876935957,0.3819589786521557,0.3190665550439514,0.23283800753453326,0.5176848874598071
489,989.2007751937984,1.3224806201550388,0.0,0.0,2059.1356589147285,3.7246821705426356,0.6077519379844961,0.7147286821705426,8.202325581395348,2070.0,2190.0,0.08217054263565891,0.0,0.9178294573643411,0.07409507607976562,0.40865702674605425,0.3510065211227672,0.1662413760514129,0.5404454865181711
490,972.3103896103896,0.785064935064935,0.0,0.0,2024.8818181818183,6.470525974025975,0.39090909090909093,0.39415584415584415,7.646753246753247,2050.0,2200.0,0.07402597402597402,0.0,0.925974025974026,0.060377038043478264,0.3440047554347826,0.36447010869565216,0.23114809782608695,0.5020678246484698
491,994.4621785173979,1.6013615733736764,0.0,0.0,2068.661119515885,2.4482753403933435,0.7980332829046899,0.8033282904689864,7.195158850226929,2050.0,2240.0,0.0226928895612708,0.0,0.9773071104387292,0.06433978132884777,0.3838309503784693,0.34030698065601345,0.21152228763666947,0.5016532829475673
492,987.4814540059347,0.8983679525222552,0.0,0.0,2045.0504451038576,3.1961572700296736,0.4495548961424332,0.44881305637982194,7.8405044510385755,2060.0,2160.0,0.08086053412462908,0.0,0.9191394658753709,0.07493613397672438,0.40486327940202477,0.32415554924780016,0.19604503737345066,0.4995871180842279
493,978.152274225445,0.9077125906394199,0.0,0.0,2044.821357943309,4.378134475939354,0.46275543836519445,0.44495715227422544,7.541858932102834,2050.0,2210.0,0.05405405405405406,0.0,0.9459459459459459,0.062319727296564986,0.35075605279258804,0.3016344725111441,0.2852897473997028,0.49019607843137253
494,999.2589134125636,1.1723259762308997,0.0,0.0,2056.125636672326,1.590823429541596,0.5398981324278438,0.6324278438030561,7.66893039049236,2050.0,2172.9999999999995,0.025466893039049237,0.0,0.9745331069609507,0.07183971662607926,0.4129953508966128,0.33539960150542397,0.179765330971884,0.5394641564083997
495,991.3044478527607,0.9095092024539877,0.0,0.0,2049.0245398773004,3.5200076687116564,0.40797546012269936,0.5015337423312883,7.718558282208589,2060.0,2170.0,0.08512269938650306,0.0,0.9148773006134969,0.08037754595131644,0.3693989071038251,0.3524093392945852,0.19781420765027322,0.551433389544688
496,955.9323548181238,0.9948947032546267,0.0,0.0,2042.7977026164647,4.434767070835992,0.5264837268666241,0.46841097638800255,7.059349074664965,2050.0,2200.0,0.053605615826419914,0.0,0.9463943841735801,0.061290905803652145,0.30148255288374615,0.34035436629904176,0.29687217501355995,0.4708146247594612
497,989.551103843009,1.768601798855274,0.0,0.0,2090.2534750613245,0.11562551103843006,0.8291087489779232,0.9394930498773508,7.387571545380212,2070.0,2250.0,0.012264922322158627,0.0,0.9877350776778414,0.07094631986718318,0.3946873270614278,0.3320420586607637,0.20232429441062535,0.5312066574202496
498,986.2871674491392,1.2644757433489828,0.0,0.0,2050.421752738654,4.133740219092332,0.6111111111111112,0.6533646322378717,8.141627543035995,2060.0,2180.0,0.0892018779342723,0.0,0.9107981220657277,0.07611725132148006,0.41518500720807305,0.3182123978856319,0.190485343584815,0.5167079207920792
499,967.2105263157895,0.868421052631579,0.0,0.0,2032.7772785622592,4.652053915275995,0.43324775353016687,0.43517329910141206,7.702182284980744,2050.0,2180.0,0.05327342747111682,0.0,0.9467265725288831,0.06166666666666667,0.3239166666666667,0.37775,0.23666666666666666,0.5011086474501109
500,985.5823076923077,1.053076923076923,0.0,0.0,2052.9261538461537,3.1677307692307695,0.5346153846153846,0.5184615384615384,7.573076923076923,2060.0,2190.0,0.02846153846153846,0.0,0.9715384615384616,0.06653123412899949,0.4001015744032504,0.3500253936008126,0.18334179786693752,0.49233016800584367
501,976.9460486322189,1.7006079027355623,0.0,0.0,2057.6785714285716,5.2662462006079025,0.7651975683890577,0.9354103343465046,8.04711246200608,2070.0,2200.0,0.0911854103343465,0.0,0.9088145896656535,0.07440982058545798,0.4019830028328612,0.34098205854579794,0.1826251180358829,0.5500446827524575
502,982.4305019305019,0.7406692406692407,0.0,0.0,2041.2850707850707,4.894877734877735,0.3815958815958816,0.3590733590733591,7.5353925353925355,2060.0,2190.0,0.06306306306306306,0.0,0.9369369369369369,0.060973526900085395,0.3210076857386849,0.3492741246797609,0.26874466268146885,0.48479582971329277
503,998.3743016759777,1.3423782920989624,0.0,0.0,2065.9473264166,1.820758180367119,0.6695929768555466,0.6727853152434158,7.28731045490822,2060.0,2210.0,0.019952114924181964,0.0,0.9800478850758181,0.07020041616471362,0.4087175555798927,0.2788303581206878,0.24225167013470594,0.5011890606420928
504,974.8200493015612,1.5267050123253902,0.0,0.0,2044.8307313064913,5.125480690221857,0.6877567789646672,0.8389482333607231,8.083812654067378,2060.0,2170.0,0.10517666392769104,0.0,0.8948233360723089,0.07836958731449481,0.43037202683472253,0.33268957105102664,0.15856881479975604,0.5495156081808397
505,985.5260223048327,0.8711276332094176,0.0,0.0,2040.3351920693929,4.766009913258984,0.43804213135068154,0.43308550185873607,7.3128872366790585,2050.0,2197.0000000000005,0.058240396530359353,0.0,0.9417596034696406,0.062187579428958736,0.2941625010590528,0.3791408963822757,0.2645090231297128,0.4971550497866287
506,969.19921875,1.33359375,0.0,0.0,2073.5890625,1.0052890625,0.63984375,0.69375,7.1046875,2060.0,2210.0,0.01484375,0.0,0.98515625,0.06894655817022212,0.36100725753243895,0.3147129975808225,0.2553331867165164,0.5202108963093146
507,967.067087608524,1.9565903709550119,0.0,0.0,2076.1231254932914,2.6989344909234414,0.8539857932123125,1.1026045777426994,7.762430939226519,2060.0,2220.0,0.07813733228097869,0.0,0.9218626677190213,0.07676664972038638,0.41769191662430094,0.32821555668530755,0.1773258769700051,0.5635336829366681
508,963.5213836477988,1.0767295597484277,0.0,0.0,2041.4798742138364,4.969377358490567,0.5389937106918239,0.5377358490566038,7.471698113207547,2050.0,2210.0,0.059748427672955975,0.0,0.940251572327044,0.061531986531986535,0.31094276094276097,0.3547979797979798,0.2727272727272727,0.4994158878504673
509,962.0914826498423,0.943217665615142,0.0,0.0,2070.001577287066,0.3172555205047318,0.43690851735015773,0.5063091482649842,7.509463722397476,2060.0,2190.0,0.013406940063091483,0.0,0.9865930599369085,0.06595253098088637,0.3879437093047679,0.34541062801932365,0.20069313169502206,0.5367892976588629
510,994.1775771256584,1.3890142964635064,0.0,0.0,2041.625282167043,4.796433408577878,0.6320541760722348,0.7569601203912716,8.19714070729872,2060.0,2180.0,0.11587659894657637,0.0,0.8841234010534236,0.07306774371213512,0.4429043510189095,0.3333027354507068,0.15072516981824857,0.5449620801733478
511,979.3337696335078,1.567408376963351,0.0,0.0,2046.9456806282722,5.719548429319372,0.7428010471204188,0.824607329842932,7.900523560209424,2060.0,2220.0,0.06086387434554974,0.0,0.9391361256544503,0.06187872763419483,0.32123923127899273,0.3697813121272366,0.24710072895957588,0.5260960334029228
512,977.7636499626028,0.9573672400897532,0.0,0.0,2064.269259536275,1.651234106207928,0.4741959611069559,0.4831712789827973,7.261032161555722,2060.0,2200.0,0.020942408376963352,0.0,0.9790575916230366,0.0638648537288834,0.34723939019365474,0.33632056036258756,0.25257519571487436,0.5046875
513,966.0030816640987,1.2950693374422189,0.0,0.0,2058.835901386749,3.9229969183359015,0.6263482280431433,0.6687211093990755,7.783513097072419,2070.0,2180.0,0.07781201848998459,0.0,0.9221879815100154,0.07967930317727408,0.4198752845689399,0.28991388696426806,0.21053152528951796,0.5163593099345628
514,946.5697758496024,1.295010845986985,0.0,0.0,2041.12147505423,5.926912509038322,0.6883586406362979,0.6066522053506869,7.838756326825741,2060.0,2210.0,0.0650759219088937,0.0,0.9349240780911063,0.06383174983857577,0.3492297758509363,0.37441195461673277,0.2125265196937552,0.4684533780011167
515,956.9478127398312,1.651573292402149,0.0,0.0,2066.269378357636,1.2216960859554873,0.7935533384497314,0.8580199539524175,7.242517267843438,2060.0,2190.0,0.01841903300076746,0.0,0.9815809669992326,0.06750026491469746,0.34788598071421,0.35095899120483204,0.23365476316626047,0.5195167286245354
516,948.7503912363068,1.47339593114241,0.0,0.0,2063.0078247261345,4.459295774647887,0.741001564945227,0.7323943661971831,7.862284820031299,2070.0,2220.0,0.08685446009389672,0.0,0.9131455399061033,0.0794187898089172,0.39490445859872614,0.31329617834394907,0.21238057324840764,0.4970791290493893
517,919.0709723207949,1.7913413768630235,0.0,0.0,2066.594038325053,3.9509865152590486,0.9368346344925479,0.8545067423704755,7.667849538679915,2060.0,2250.0,0.051809794180269694,0.0,0.9481902058197303,0.06423546834505739,0.3182154757497223,0.3823583857830433,0.23519067012217698,0.47702060221870046
518,966.0052631578948,1.3548872180451128,0.0,0.0,2059.2398496240603,1.7724060150375942,0.674436090225564,0.6804511278195489,7.327067669172933,2060.0,2191.0000000000014,0.021052631578947368,0.0,0.9789473684210527,0.064648537711647,0.3835813237557722,0.3185223191380195,0.23324781939456132,0.5022197558268591
519,950.8599846977812,1.5011476664116297,0.0,0.0,2050.459066564652,4.307842387146136,0.6985462892119357,0.8026013771996939,8.224177505738332,2060.0,2190.0,0.08416220351951033,0.0,0.9158377964804897,0.07303004930691227,0.4179923713833845,0.34524141780630757,0.16373616150339568,0.5346585117227319
520,953.2793259883344,1.0226830848995463,0.0,0.0,2023.6370706416074,7.269526895657809,0.5495787427090084,0.47310434219053793,7.676604018146468,2050.0,2190.0,0.07388204795852236,0.0,0.9261179520414776,0.06230476994512452,0.33980582524271846,0.36403545799915576,0.23385394681300126,0.46261089987325726
521,983.6482490272374,1.4739299610894943,0.0,0.0,2058.929961089494,2.5298054474708174,0.6591439688715953,0.8147859922178988,7.524513618677043,2060.0,2206.0000000000014,0.025680933852140077,0.0,0.9743190661478599,0.06515668631709587,0.3900093080980453,0.340572965146344,0.20426104043851484,0.5527983104540655
522,982.9485842026826,0.9180327868852459,0.0,0.0,2040.251862891207,4.8578166915052154,0.43517138599105815,0.4828614008941878,7.903129657228018,2060.0,2170.0,0.09463487332339791,0.0,0.9053651266766021,0.07250612860644919,0.4036394493682821,0.32858759192909676,0.195266830096172,0.525974025974026
523,940.633155792277,1.3022636484687085,0.0,0.0,2047.8222370173103,3.992450066577896,0.677762982689747,0.6245006657789614,7.541944074567244,2050.0,2200.0,0.05459387483355526,0.0,0.9454061251664447,0.06320621468926553,0.3408368644067797,0.3065854519774011,0.2893714689265537,0.47955010224948874
524,973.8034970857618,1.851790174854288,0.0,0.0,2065.416319733555,1.7452539550374688,0.9159034138218152,0.9358867610324729,7.521232306411324,2060.0,2200.0,0.02414654454621149,0.0,0.9758534554537885,0.06697664120447248,0.40894497951953945,0.33444038525406844,0.18963799402191964,0.5053956834532374
525,961.769701606733,1.441469013006886,0.0,0.0,2044.343534812548,5.705723029839326,0.6847742922723795,0.7566947207345065,7.684009181331293,2060.0,2170.0,0.0971690895179801,0.0,0.9028309104820199,0.07846261077367321,0.3717016827641143,0.35049288061336253,0.19934282584884994,0.5249469214437368
526,933.9865861837693,1.085177733065057,0.0,0.0,2058.9993293091884,2.8648289738430583,0.5506371562709591,0.5345405767940979,7.344064386317908,2050.0,2210.0,0.03755868544600939,0.0,0.9624413145539906,0.06356164383561644,0.30091324200913244,0.3372602739726027,0.2982648401826484,0.4925834363411619
527,936.4494195688226,1.9461028192371477,0.0,0.0,2100.1185737976784,1.095688225538972,0.9419568822553898,1.0041459369817578,7.552238805970149,2070.0,2295.0,0.01824212271973466,0.0,0.9817578772802653,0.07026789635485288,0.39855072463768115,0.3300395256916996,0.20114185331576637,0.515977844056242
528,962.7347417840375,1.676056338028169,0.0,0.0,2040.839593114241,5.750469483568075,0.7566510172143975,0.9194053208137715,8.284820031298905,2065.0,2180.0,0.11189358372456965,0.0,0.8881064162754304,0.07650170003777862,0.404420098224405,0.3246127691726483,0.19446543256516813,0.5485527544351074
529,957.4323432343234,1.0033003300330032,0.0,0.0,2051.56501650165,4.500402640264026,0.5036303630363036,0.4996699669966997,7.911551155115512,2050.0,2230.0,0.052805280528052806,0.0,0.9471947194719472,0.05931920574003004,0.3245453028533289,0.38127815785082597,0.23485733355581512,0.4980263157894737
530,994.964257964258,1.2882672882672883,0.0,0.0,2067.310023310023,2.4704506604506604,0.5742035742035742,0.714063714063714,7.558663558663559,2060.0,2210.0,0.030303030303030304,0.0,0.9696969696969697,0.06650904605263158,0.3998766447368421,0.34467516447368424,0.18893914473684212,0.5542822677925211
531,957.1371473354232,1.9615987460815048,0.0,0.0,2059.344827586207,5.2727351097178685,0.9545454545454546,1.0070532915360502,8.137931034482758,2070.0,2220.0,0.09952978056426333,0.0,0.9004702194357367,0.07713790446841294,0.3913713405238829,0.34890215716486905,0.18258859784283513,0.5133839392728725
532,951.0299089726918,1.1599479843953187,0.0,0.0,2061.407022106632,4.407392717815345,0.5988296488946684,0.5611183355006502,7.636540962288686,2070.0,2230.0,0.05981794538361508,0.0,0.9401820546163849,0.060195828011919965,0.32686249467858663,0.34670072371221794,0.26624095359727545,0.48374439461883406
533,978.0397897897898,1.8168168168168168,0.0,0.0,2076.39039039039,1.2233483483483483,0.8828828828828829,0.933933933933934,7.0758258258258255,2060.0,2230.0,0.016516516516516516,0.0,0.9834834834834835,0.06896551724137931,0.390026525198939,0.28880636604774534,0.25220159151193633,0.5140495867768595
534,960.8021612635079,1.826267664172901,0.0,0.0,2059.022443890274,5.60069825436409,0.8886118038237739,0.9376558603491272,8.13549459684123,2060.0,2210.0,0.1113881961762261,0.0,0.8886118038237739,0.07806273628282416,0.43302339838561354,0.3332992745478696,0.15561459078369266,0.5134274010013655
535,962.5748233782916,0.8092485549132948,0.0,0.0,2045.3538856775851,3.5360757867694286,0.39948619139370584,0.40976236351958895,7.4091201027617215,2050.0,2190.0,0.045600513808606295,0.0,0.9543994861913937,0.062153259361997226,0.29204230235783635,0.38548890429958393,0.26031553398058255,0.5063492063492063
536,958.126497005988,1.6294910179640718,0.0,0.0,2075.0973053892217,1.556818862275449,0.7911676646706587,0.8383233532934131,7.00748502994012,2060.0,2230.0,0.02245508982035928,0.0,0.9775449101796407,0.0684682760093997,0.3630634479812006,0.31884212775048065,0.24962614825891905,0.5144694533762058
537,970.5193277310924,2.683193277310924,0.0,0.0,2086.5478991596638,4.041621848739496,1.2159663865546217,1.4672268907563024,8.079831932773109,2070.0,2291.0000000000014,0.07815126050420168,0.0,0.9218487394957983,0.07831513260530422,0.41372854914196566,0.33125325013000523,0.1767030681227249,0.5468211713122455
538,986.0065746219592,1.4858645627876397,0.0,0.0,2050.5700197238657,5.302925706771861,0.7324128862590401,0.7534516765285996,7.7133464825772515,2060.0,2230.0,0.0631163708086785,0.0,0.9368836291913215,0.06179679509035118,0.31068871462666214,0.3547562222979884,0.2727582679849983,0.5070796460176992
539,979.1018808777429,1.4365203761755485,0.0,0.0,2084.020376175549,0.9170689655172414,0.6755485893416928,0.7609717868338558,7.6191222570532915,2060.0,2250.0,0.014890282131661442,0.0,0.9851097178683386,0.06356716724953713,0.3865459781937873,0.3457107591030652,0.20417609545361037,0.5297326786688489
540,975.6424375917768,1.697503671071953,0.0,0.0,2067.3906020558,6.5212775330396475,0.8524229074889867,0.8450807635829662,8.113803230543319,2060.0,2279.000000000001,0.11894273127753303,0.0,0.8810572687224669,0.07221065966880826,0.4314541670437064,0.3396977649081531,0.15663740837933218,0.4978373702422145
541,989.6206896551724,1.7469095640858816,0.0,0.0,2057.616135328562,5.552700065061809,0.9121665582303188,0.8347430058555628,7.692908262849707,2060.0,2270.0,0.05920624593363696,0.0,0.940793754066363,0.059201623815967525,0.3185893098782138,0.37347767253044656,0.24873139377537212,0.47783985102420856
542,991.6389705882353,1.526470588235294,0.0,0.0,2087.4794117647057,1.5611691176470588,0.7242647058823529,0.8022058823529412,7.333823529411765,2070.0,2260.0,0.020588235294117647,0.0,0.9794117647058823,0.06206135953479046,0.3491076799679166,0.3406857830358933,0.24814517746139964,0.5255298651252408
543,944.0834633385335,2.3330733229329175,0.0,0.0,2094.4383775351016,3.7649219968798753,1.0842433697347893,1.248829953198128,7.790951638065523,2070.0,2300.0,0.08190327613104524,0.0,0.9180967238689548,0.0763916700040048,0.4355226271525831,0.2801361633960753,0.2079495394473368,0.5352724841190237
544,969.7194860813704,1.7787294789436117,0.0,0.0,2046.6895074946467,7.6072662384011425,0.9100642398286938,0.8686652391149179,7.690935046395432,2060.0,2250.0,0.06566738044254104,0.0,0.9343326195574589,0.06292343387470997,0.34320185614849186,0.3755916473317865,0.2182830626450116,0.48836276083467095
545,979.5296242774566,1.8973988439306357,0.0,0.0,2093.9552023121387,2.031943641618497,0.9320809248554913,0.9653179190751445,7.04407514450867,2070.0,2300.0,0.024566473988439308,0.0,0.9754335260115607,0.06369884090675967,0.34588162888501384,0.3467022258693199,0.24371730433890657,0.5087585681645087
546,982.5523952095808,2.6729041916167664,0.0,0.0,2071.0172155688624,5.223832335329341,1.284431137724551,1.3884730538922156,7.639221556886228,2070.0,2270.0,0.09431137724550898,0.0,0.905688622754491,0.078777189888301,0.39075053889868705,0.31344307270233196,0.21702919851068,0.5194623354802577
547,946.2695179904956,2.8194161575016974,0.0,0.0,2087.153428377461,4.918078750848609,1.4419551934826884,1.3774609640190087,7.6232179226069245,2070.0,2320.0,0.07128309572301425,0.0,0.9287169042769857,0.06527740671475643,0.3336004987087007,0.3735862498886811,0.22753584468786178,0.4885624849506381
548,1011.3639876352396,2.5224111282843893,0.0,0.0,2091.663833075734,0.8820942812982997,1.268160741885626,1.2542503863987635,7.5378670788253475,2070.0,2267.0000000000005,0.017001545595054096,0.0,0.9829984544049459,0.06592167315972934,0.38240721755177365,0.3126922288291983,0.23897888045929874,0.49724264705882354
549,987.0122887864824,2.993087557603687,0.0,0.0,2080.931643625192,4.889239631336405,1.3955453149001535,1.597542242703533,8.228110599078342,2070.0,2270.0,0.08986175115207373,0.0,0.9101382488479263,0.07271539251376832,0.42845141416970034,0.33809390460188554,0.16073928871464577,0.5337439055683859
550,1005.6015473887815,1.7195357833655707,0.0,0.0,2044.6028368794325,8.13695035460993,0.8529980657640233,0.8665377176015474,7.743391360412637,2060.0,2250.0,0.0851063829787234,0.0,0.9148936170212766,0.06169858451290591,0.3475437135720233,0.3623646960865945,0.22839300582847627,0.5039370078740157
551,1008.2531055900621,2.0869565217391304,0.0,0.0,2110.5388198757764,1.6611878881987578,0.9906832298136646,1.0962732919254659,7.542701863354037,2070.0,2342.9999999999995,0.023291925465838508,0.0,0.9767080745341615,0.06289243437982502,0.37560473494595986,0.34812146165723107,0.21338136901698404,0.5252976190476191
552,998.4650817236255,2.1344725111441307,0.0,0.0,2079.1953937592866,5.268380386329866,0.9895988112927192,1.1448736998514115,7.947994056463596,2070.0,2270.0,0.0950965824665676,0.0,0.9049034175334324,0.0723499719573752,0.40297251822770613,0.32604225088801647,0.19863525892690223,0.5363731291333101
553,941.8191632928475,1.9453441295546559,0.0,0.0,2078.9001349527666,4.667840755735493,0.9676113360323887,0.9777327935222672,7.661268556005398,2070.0,2309.000000000001,0.05060728744939271,0.0,0.9493927125506073,0.06376607363043861,0.34375550466795846,0.30561916505196407,0.2868592566496389,0.5026014568158168
554,973.6147473073737,1.9983429991714996,0.0,0.0,2098.5385252692627,1.2502899751449874,0.9444904722452361,1.0538525269262635,7.553438276719138,2070.0,2300.0,0.020712510356255178,0.0,0.9792874896437448,0.06690797411429199,0.4056158824174619,0.3359657782165186,0.19151036525172754,0.527363184079602
555,1005.2281226626776,1.718773373223635,0.0,0.0,2076.734480179506,4.3307928197456995,0.8227374719521316,0.8960359012715033,7.8204936424831715,2070.0,2250.0,0.08376963350785341,0.0,0.9162303664921466,0.07431140015302219,0.3696442234123948,0.3568286151491966,0.19921576128538637,0.5213228894691035
556,950.8,1.4406349206349207,0.0,0.0,2063.158095238095,6.2400126984126985,0.766984126984127,0.6736507936507936,7.194920634920635,2060.0,2280.0,0.06412698412698413,0.0,0.9358730158730159,0.061948464525238264,0.30215319449346983,0.33753971055418286,0.2983586304271091,0.46760687527545175
557,985.4346026490066,2.7665562913907285,0.0,0.0,2156.9966887417218,1.3931953642384105,1.343543046357616,1.4230132450331126,7.508278145695364,2090.0,2512.9999999999995,0.020695364238410598,0.0,0.9793046357615894,0.0659316427783903,0.3955898566703418,0.3296582138919515,0.20882028665931643,0.5143626570915619
558,986.8184591914569,2.2166285278413427,0.0,0.0,2094.948131197559,6.390327993897787,1.0625476735316552,1.1540808543096872,8.156369183829138,2080.0,2370.0,0.09153318077803203,0.0,0.9084668192219679,0.07219676423828673,0.4071822687739643,0.32264098008042646,0.19797998690732255,0.5206469373709567
559,967.0763260025873,1.260672703751617,0.0,0.0,2072.7121604139716,4.779702457956016,0.6397153945666235,0.6209573091849935,7.855109961190168,2060.5,2270.0,0.05886157826649418,0.0,0.9411384217335058,0.061100131752305664,0.32608695652173914,0.37738801054018445,0.23542490118577075,0.49256028732683427
560,1005.4485981308411,1.7102803738317758,0.0,0.0,2099.7406542056074,2.4940031152647975,0.8489096573208723,0.8613707165109035,7.703271028037383,2070.0,2340.0,0.03271028037383177,0.0,0.9672897196261683,0.06369426751592357,0.3910625821453847,0.3550702658982914,0.19017288444040037,0.5036429872495446
561,965.204705882353,2.8015686274509806,0.0,0.0,2096.4360784313726,6.160619607843137,1.3749019607843138,1.4266666666666667,8.206274509803922,2080.0,2356.0000000000014,0.09490196078431372,0.0,0.9050980392156863,0.0744528337952786,0.39720921341871357,0.3401510083150148,0.18818694447099302,0.5092385218365062
562,955.2278889606198,1.2537120723047128,0.0,0.0,2055.9819238218206,6.121885087153001,0.617817947062621,0.6358941252420917,7.613944480309877,2060.0,2250.0,0.07165913492575855,0.0,0.9283408650742414,0.061895879260641,0.32821773783279634,0.34407325758860435,0.2658131253179583,0.5072090628218332
563,958.2200772200772,1.9922779922779923,0.0,0.0,2133.4555984555986,0.9944247104247104,0.9397683397683397,1.0525096525096524,7.183011583011583,2090.0,2450.0,0.015444015444015444,0.0,0.9845559845559846,0.06751236293270264,0.39980649322726297,0.28714254998924965,0.24553859385078478,0.5282945736434108
564,974.0666111573688,2.13488759367194,0.0,0.0,2085.1981681931725,6.008284762697752,1.0183180682764363,1.1165695253955037,8.257285595337219,2070.0,2320.0,0.10241465445462115,0.0,0.8975853455453788,0.0801653725925179,0.43218715337299585,0.32640919632953513,0.16123827770495108,0.5230109204368175
565,978.445094217024,1.0357374918778428,0.0,0.0,2059.727095516569,4.678492527615335,0.539311241065627,0.4964262508122157,7.537361923326835,2060.0,2230.0,0.06302794022092267,0.0,0.9369720597790773,0.06206896551724138,0.2903448275862069,0.3821551724137931,0.2654310344827586,0.479297365119197
566,966.156462585034,2.052910052910053,0.0,0.0,2120.3318216175358,0.8131972789115646,0.9606953892668179,1.092214663643235,7.222978080120937,2070.0,2380.0,0.01889644746787604,0.0,0.981103552532124,0.06655504395144411,0.3531812473838426,0.32618250313938885,0.2540812055253244,0.5320324005891016
567,949.2047502047502,2.7592137592137593,0.0,0.0,2129.4643734643732,5.138296478296478,1.3153153153153154,1.443898443898444,8.032760032760033,2080.0,2460.0,0.08271908271908272,0.0,0.9172809172809173,0.08013866231647634,0.4149673735725938,0.3267740619902121,0.1781199021207178,0.5233006826951617
568,987.4884029158383,1.589794565937707,0.0,0.0,2067.5202120609674,5.57308813783963,0.7972166998011928,0.7925778661365143,7.745526838966203,2070.0,2290.0,0.061630218687872766,0.0,0.9383697813121272,0.062371663244353184,0.30740930869267624,0.35600616016427106,0.27421286789869953,0.49854105877448934
569,984.5403288958496,1.6178543461237276,0.0,0.0,2132.9365700861395,0.6916679718089271,0.8065779169929522,0.8112764291307752,7.664839467501958,2080.0,2414.000000000001,0.012529365700861394,0.0,0.9874706342991386,0.06395586432366163,0.3855741724560687,0.341744993870045,0.20872496935022478,0.5014520813165537
570,974.5140949554897,1.9962908011869436,0.0,0.0,2093.990356083086,7.605378338278931,0.9295252225519288,1.0667655786350148,8.103115727002967,2070.0,2400.0,0.1261127596439169,0.0,0.8738872403560831,0.07369770209649364,0.43376361805364827,0.33891787970337817,0.1536208001464799,0.5343738387216648
571,971.5267857142857,2.195741758241758,0.0,0.0,2122.1449175824177,3.3260096153846153,1.1751373626373627,1.0206043956043955,8.085164835164836,2090.0,2420.0,0.04601648351648352,0.0,0.9539835164835165,0.0609072375127421,0.3172782874617737,0.37776078831124704,0.24405368671423716,0.4648107600875821
572,966.922514619883,1.9152046783625731,0.0,0.0,2130.3201754385964,0.7972733918128655,0.956140350877193,0.9590643274853801,7.195906432748538,2080.0,2420.0,0.019005847953216373,0.0,0.9809941520467836,0.06267777326290126,0.35300690776107274,0.3388866314506298,0.24542868752539618,0.500763358778626
573,964.1985588470776,2.3266613290632505,0.0,0.0,2105.8839071257007,4.832449959967974,1.0920736589271418,1.234587670136109,8.139311449159328,2080.0,2380.0,0.07686148919135308,0.0,0.923138510808647,0.08095612827070628,0.4220932520165257,0.28270706275821367,0.2142435569545544,0.5306262904335857
574,960.4829787234042,1.478014184397163,0.0,0.0,2064.5163120567377,6.520836879432624,0.7886524822695036,0.6893617021276596,7.872340425531915,2060.0,2300.0,0.06666666666666667,0.0,0.9333333333333333,0.06648648648648649,0.3511711711711712,0.36774774774774777,0.2145945945945946,0.46641074856046066
575,965.3684971098265,1.6271676300578035,0.0,0.0,2109.106936416185,2.206618497109827,0.7984104046242775,0.828757225433526,7.097543352601156,2070.0,2370.0,0.022398843930635837,0.0,0.9776011560693642,0.06576402321083172,0.3443958057619872,0.35315076860429606,0.23668940242288505,0.5093250444049734
576,939.6293650793651,2.2182539682539684,0.0,0.0,2093.234920634921,7.044619047619047,1.0896825396825396,1.1285714285714286,7.901587301587302,2080.0,2360.0,0.09682539682539683,0.0,0.9031746031746032,0.07754118119726798,0.39363198071514666,0.3231217356368019,0.20570510245078344,0.5087656529516995
577,949.2235890014472,2.391461649782923,0.0,0.0,2112.0767004341533,4.0171562952243125,1.2301013024602026,1.1613603473227208,7.788712011577424,2080.0,2409.000000000001,0.04486251808972504,0.0,0.9551374819102749,0.06233742103307321,0.32348569305091046,0.37764771460423635,0.23652917131178,0.4856278366111952
578,995.3662079510704,2.011467889908257,0.0,0.0,2113.804281345566,2.402033639143731,0.9541284403669725,1.0573394495412844,7.56651376146789,2080.0,2370.0,0.02599388379204893,0.0,0.9740061162079511,0.06426189754471053,0.3747600282914014,0.31757098110538545,0.24340709305850258,0.5256556442417332
579,996.5812846946867,1.8065027755749405,0.0,0.0,2108.374306106265,5.170459952418716,0.8406026962727994,0.9659000793021412,8.384615384615385,2080.0,2350.0,0.09357652656621729,0.0,0.9064234734337827,0.0751915255840348,0.4080204293956304,0.35269081623001985,0.16409722879031496,0.5346795434591747
580,990.3554340396446,1.332194121667806,0.0,0.0,2083.622693096377,4.506705399863295,0.6930963773069037,0.6390977443609023,7.867395762132604,2070.0,2340.0,0.05126452494873548,0.0,0.9487354750512645,0.05916594265855778,0.34066029539530845,0.368375325803649,0.2317984361424848,0.4797331965110313
581,1012.3727272727273,1.9325757575757576,0.0,0.0,2132.669696969697,0.8662651515151515,0.9492424242424242,0.9833333333333333,7.445454545454545,2085.0,2420.0,0.015909090909090907,0.0,0.9840909090909091,0.06583231583231583,0.37749287749287747,0.34035409035409037,0.2163207163207163,0.5088200705605644
582,1001.448765893792,1.725504861630516,0.0,0.0,2083.9379207180255,5.507299925205684,0.868362004487659,0.8571428571428571,8.00074794315632,2070.0,2300.0,0.08900523560209424,0.0,0.9109947643979057,0.07721791156398991,0.4004861176030663,0.3236421426568197,0.19865382817612415,0.4967490247074122
583,963.5187823834196,2.2040155440414506,0.0,0.0,2073.609455958549,4.8882189119170985,1.0887305699481866,1.1152849740932642,7.560233160621761,2070.0,2280.0,0.06930051813471502,0.0,0.930699481865285,0.06347982523772809,0.350723892743939,0.30077957680116507,0.2850167052171678,0.5060240963855421
584,990.2783333333333,1.8741666666666668,0.0,0.0,2096.1366666666668,3.3799916666666663,0.9183333333333333,0.9558333333333333,7.699166666666667,2070.0,2350.0,0.0375,0.0,0.9625,0.07024569758631886,0.4038315835047083,0.3393224374932352,0.18660028141573765,0.5100044464206314
585,1002.9395313681028,2.5366591080876795,0.0,0.0,2081.4043839758124,5.536946334089191,1.125472411186697,1.4111866969009825,7.808012093726379,2070.0,2260.0,0.09372637944066516,0.0,0.9062736205593348,0.07628267182962246,0.3660212971926428,0.3576960309777348,0.2,0.5563170441001192
586,958.765136393879,1.7425149700598803,0.0,0.0,2060.2994011976048,6.098356620093147,0.948769128409847,0.7937458416500333,7.396540252827678,2060.0,2280.0,0.057218895542248835,0.0,0.9427811044577512,0.06143743815777638,0.2986417198884591,0.34199874066744623,0.29792210128631824,0.4555173730431462
587,998.3544201135442,2.56772100567721,0.0,0.0,2152.9286293592863,1.577729115977291,1.261962692619627,1.3057583130575832,7.523925385239254,2090.0,2530.0,0.0186536901865369,0.0,0.981346309813463,0.06834105853185297,0.3936617440983076,0.3309259458876792,0.20707125148216018,0.5085281111813014
588,1024.955399061033,2.1697965571205007,0.0,0.0,2089.37558685446,3.9597965571205007,1.0422535211267605,1.1275430359937402,8.293427230046948,2080.0,2292.9999999999995,0.08528951486697965,0.0,0.9147104851330203,0.07661100103783376,0.4157939428247948,0.3214454193791867,0.18614963675818474,0.5196538045438154
589,971.2771241830065,1.5215686274509803,0.0,0.0,2071.0339869281047,5.70943137254902,0.8111111111111111,0.7104575163398693,7.996732026143791,2070.0,2290.0,0.06209150326797386,0.0,0.9379084967320261,0.06072742133224356,0.3324887617490805,0.37392725786677566,0.23285655905190028,0.46692439862542956
590,1014.2734026745914,1.5059435364041605,0.0,0.0,2094.595839524517,2.1446210995542345,0.7080237741456167,0.7979197622585439,7.546805349182764,2065.0,2330.0,0.02897473997028232,0.0,0.9710252600297177,0.06556408741878322,0.39062807639299074,0.3479031305375074,0.19590470565071866,0.5298470646275284
591,996.563579277865,2.466248037676609,0.0,0.0,2105.1373626373625,6.0433124018838305,1.1664050235478807,1.2998430141287285,8.352433281004709,2080.0,2370.0,0.0989010989010989,0.0,0.9010989010989011,0.07687247439150456,0.38699370359928575,0.35081289352504463,0.185320928484165,0.5270528325907066
592,980.1087231352718,1.4873577749683944,0.0,0.0,2071.0252844500633,6.491624525916562,0.7515802781289507,0.7357774968394437,7.589759797724399,2070.0,2310.0,0.07585335018963338,0.0,0.9241466498103666,0.06454568168568335,0.3254768051969684,0.3440493045723328,0.2659282085450154,0.49468763280917977
593,1010.0791536050157,2.0344827586206895,0.0,0.0,2098.5344827586205,1.7951332288401256,0.9780564263322884,1.0564263322884013,7.263322884012539,2070.0,2325.0,0.02037617554858934,0.0,0.9796238244514106,0.07110487699611567,0.3944756150194217,0.2824773413897281,0.25194216659473456,0.5192604006163328
594,1015.6860179885527,2.154538021259199,0.0,0.0,2076.3221586263285,6.026197874080131,1.0024529844644317,1.152085036794767,8.227309893704007,2070.0,2297.9999999999995,0.11365494685200327,0.0,0.8863450531479967,0.07990459153249851,0.43072947724110516,0.3302524349035977,0.15911349632279864,0.5347248576850094
595,1004.9316239316239,1.6265614727153188,0.0,0.0,2060.518080210388,6.430552268244576,0.8441814595660749,0.7823800131492439,7.646285338593031,2060.0,2260.0,0.07100591715976332,0.0,0.9289940828402367,0.06337059329320723,0.29002579535683576,0.38048151332760105,0.266122098022356,0.48100242522231207
596,1004.3219017926734,1.8643803585346843,0.0,0.0,2083.3257989088074,2.871208106001559,0.8550272798129385,1.009353078721746,7.330475448168356,2060.0,2280.0,0.027279812938425563,0.0,0.9727201870615745,0.06656034024455076,0.3626794258373206,0.31738437001594894,0.2533758639021797,0.5413879598662207
597,979.1626016260162,2.9040650406504067,0.0,0.0,2103.1146341463414,4.433609756097561,1.4056910569105692,1.4983739837398373,8.073983739837399,2080.0,2340.0,0.08617886178861789,0.0,0.9138211382113821,0.07894471855805055,0.41073406504883697,0.32947336622696605,0.1808478501661464,0.5159574468085106
598,977.5380228136883,1.6964512040557669,0.0,0.0,2050.5437262357414,6.651856780735107,0.8751584283903675,0.8212927756653993,7.671736375158428,2060.0,2240.0,0.07731305449936629,0.0,0.9226869455006337,0.06302659838096812,0.3145547662316207,0.3553609780274244,0.26705765735998677,0.48412401942472916
599,1010.9736211031175,1.4444444444444444,0.0,0.0,2091.807354116707,0.17117505995203838,0.6866506794564349,0.7577937649880095,7.753796962430056,2060.0,2250.0,0.012789768185451638,0.0,0.9872102318145484,0.06329896907216495,0.38082474226804125,0.3463917525773196,0.20948453608247422,0.5246264526840066
600,1000.7330798479087,1.8661596958174904,0.0,0.0,2061.103422053232,6.1627452471482895,0.9269961977186312,0.9391634980988594,8.319391634980988,2060.0,2240.0,0.11254752851711027,0.0,0.8874524714828897,0.07321755027422304,0.4330895795246801,0.34113345521023763,0.15255941499085923,0.5032599837000815
601,998.2903443619176,1.7353139770425388,0.0,0.0,2060.3963538149897,6.456218771100607,0.8609047940580689,0.8744091829844699,8.135043889264011,2060.0,2280.0,0.06954760297096556,0.0,0.9304523970290345,0.06357901726427623,0.31789508632138114,0.3727589641434263,0.24576693227091634,0.5038910505836576
602,990.9354136429608,1.978955007256894,0.0,0.0,2089.9521044992744,2.5645863570391874,0.93033381712627,1.0486211901306242,7.257619738751814,2070.0,2290.0,0.02177068214804064,0.0,0.9782293178519593,0.064993500649935,0.34706529347065296,0.33796620337966204,0.24997500249975002,0.5298863219655299
603,1011.6644844517185,2.137479541734861,0.0,0.0,2086.0687397708675,3.750867430441898,1.0319148936170213,1.1055646481178396,8.245499181669395,2080.0,2260.0,0.07774140752864157,0.0,0.9222585924713584,0.07999206034140532,0.42467248908296945,0.2832473203652243,0.21208813021040096,0.5172281776416539
604,998.5250176180409,1.478505990133897,0.0,0.0,2042.3206483439042,6.336124031007751,0.7251585623678647,0.7533474277660324,7.935870331219168,2050.0,2230.0,0.07258632840028188,0.0,0.9274136715997181,0.06624633691501643,0.35316579344640797,0.3719030281502531,0.20868484148832253,0.509532888465205
605,1007.9503875968992,1.331782945736434,0.0,0.0,2069.8527131782944,1.6513643410852714,0.6387596899224807,0.6930232558139535,7.40077519379845,2060.0,2200.0,0.021705426356589147,0.0,0.9782945736434109,0.06557033623127684,0.35613281659159945,0.35183827380328897,0.2264585733738347,0.5203725261932479
606,985.1267828843106,2.2297939778129954,0.0,0.0,2064.19175911252,4.943446909667195,1.0507131537242471,1.179080824088748,7.945324881141046,2070.0,2260.0,0.09350237717908082,0.0,0.9064976228209192,0.08108108108108109,0.4006183305076294,0.31275555998803234,0.2055450284232572,0.5287846481876333
607,960.4370215727209,2.080723729993041,0.0,0.0,2067.125956854558,4.133994432846207,1.033402922755741,1.0473208072373,7.67223382045929,2060.0,2270.0,0.05845511482254697,0.0,0.941544885177453,0.06848072562358276,0.32562358276643993,0.37541950113378686,0.23047619047619047,0.5033444816053512
608,991.5358231707318,1.875,0.0,0.0,2064.4618902439024,2.5459908536585365,0.8978658536585366,0.9771341463414634,7.493140243902439,2060.0,2220.0,0.026676829268292682,0.0,0.9733231707317073,0.06448987895432814,0.3783948733597803,0.32244939477164075,0.23466585291425085,0.5211382113821138
609,985.8047619047619,1.738888888888889,0.0,0.0,2055.331746031746,4.454,0.8158730158730159,0.9230158730158731,8.533333333333333,2070.0,2190.0,0.07777777777777778,0.0,0.9222222222222223,0.07477678571428571,0.4138764880952381,0.3478422619047619,0.16350446428571427,0.5308078502966682
610,981.3856124432923,1.2047958522359041,0.0,0.0,2027.594296824368,8.46049902786779,0.5988334413480233,0.6059624108878807,7.814646791963707,2050.0,2220.0,0.09332469215813351,0.0,0.9066753078418665,0.06261403217780727,0.34499917067507047,0.3620003317299718,0.23038646541715044,0.5029585798816568
611,997.6368584758942,2.081648522550544,0.0,0.0,2087.889580093313,1.138592534992224,0.9704510108864697,1.1111975116640747,7.556765163297045,2070.0,2260.0,0.01866251944012442,0.0,0.9813374805598756,0.06410784111957193,0.3815599917678535,0.34698497633257874,0.2073471907799959,0.5338064998132238
612,995.1747997086671,1.6365622723962128,0.0,0.0,2059.846321922797,2.9996285506190823,0.7793153678077204,0.8572469045884924,7.845593590677349,2060.0,2190.0,0.08157319737800436,0.0,0.9184268026219956,0.07417378388414407,0.4065168956554029,0.3199962866691422,0.1993130337913108,0.5238095238095238
613,955.1053691275167,1.5563758389261746,0.0,0.0,2052.2550335570468,5.221798657718121,0.7563758389261745,0.8,7.735570469798658,2060.0,2230.0,0.06308724832214765,0.0,0.9369127516778524,0.06489675516224189,0.3498178032274857,0.30288044421308347,0.28240499739718894,0.5140146614920225
614,986.9537426408747,1.5433137089991589,0.0,0.0,2069.166526492851,2.274146341463415,0.7241379310344828,0.8191757779646762,7.820016820857863,2060.0,2210.0,0.025231286795626577,0.0,0.9747687132043734,0.06947730694773069,0.400838890083889,0.3417939341793934,0.1878898687889869,0.5307901907356948
615,983.2773998488284,1.3514739229024944,0.0,0.0,2057.5071806500378,4.461292517006803,0.6243386243386243,0.72713529856387,7.755102040816326,2070.0,2190.0,0.08994708994708994,0.0,0.91005291005291,0.07592592592592592,0.3761208576998051,0.3600389863547758,0.18791423001949317,0.5380313199105146
616,947.4699669966997,1.3966996699669967,0.0,0.0,2060.63300330033,4.1438349834983494,0.7273927392739274,0.6693069306930693,7.366336633663367,2060.0,2240.0,0.05478547854785479,0.0,0.9452145214521452,0.06191756272401434,0.2989247311827957,0.33978494623655914,0.2993727598566308,0.4792060491493384
617,948.3574297188756,2.482730923694779,0.0,0.0,2109.6305220883532,1.002682730923695,1.153413654618474,1.3293172690763053,7.468273092369478,2070.0,2340.0,0.01285140562248996,0.0,0.98714859437751,0.06818670681867069,0.3871800387180039,0.33458808345880836,0.2100451710045171,0.5354254286638628
618,977.7484227129338,2.7736593059936907,0.0,0.0,2076.48738170347,4.220118296529968,1.3059936908517351,1.4676656151419558,8.34621451104101,2070.0,2252.9999999999995,0.09700315457413249,0.0,0.9029968454258676,0.07663233487668902,0.4127374090522536,0.3203250496078617,0.19030520646319568,0.5291441569519477
619,974.383606557377,1.2885245901639344,0.0,0.0,2055.6872131147543,4.90464262295082,0.6367213114754099,0.6518032786885246,8.036065573770491,2060.0,2240.0,0.058360655737704915,0.0,0.9416393442622951,0.06185230518155855,0.32656058751529987,0.3756017951856385,0.23598531211750307,0.505852417302799
620,985.8712797619048,1.3638392857142858,0.0,0.0,2073.4590773809523,2.8007142857142857,0.6056547619047619,0.7581845238095238,7.677083333333333,2060.0,2240.0,0.03422619047619048,0.0,0.9657738095238095,0.06454739290560187,0.3904826516766815,0.34783872843574337,0.19713122698197325,0.5559192580469177
621,989.343481654957,2.360655737704918,0.0,0.0,2059.9492583918814,5.502669789227166,1.106167056986729,1.254488680718189,8.249024199843872,2070.0,2240.0,0.0936768149882904,0.0,0.9063231850117096,0.07495031702469954,0.40087063499574144,0.34607741080723003,0.17810163717232894,0.531415343915344
622,978.3050193050193,1.2155727155727156,0.0,0.0,2049.1087516087514,5.733700128700129,0.6216216216216216,0.5939510939510939,7.620334620334621,2060.0,2220.0,0.06885456885456885,0.0,0.9311454311454311,0.06476946461746326,0.32486066542813713,0.3480830940719473,0.2622867758824523,0.4886183165696136
623,1008.9899845916796,1.9268104776579353,0.0,0.0,2083.6987673343606,1.894853620955316,0.9121725731895224,1.0146379044684128,7.364406779661017,2070.0,2270.0,0.02157164869029276,0.0,0.9784283513097073,0.0682079715451407,0.39083586149178784,0.28789622345433624,0.25305994350873523,0.5265893642542983
624,1010.7223587223588,1.5741195741195741,0.0,0.0,2058.816543816544,4.146134316134316,0.7403767403767404,0.8337428337428338,8.175266175266175,2060.0,2190.0,0.09418509418509419,0.0,0.9058149058149059,0.07944299739531156,0.4344820677218994,0.32298136645962733,0.1630935684231617,0.5296566077003122
625,1000.7312176165804,1.1003886010362693,0.0,0.0,2049.455310880829,4.848329015544041,0.5459844559585493,0.5544041450777202,7.6392487046632125,2060.0,2210.0,0.06152849740932642,0.0,0.9384715025906736,0.06206019499788046,0.29682068673166595,0.3787197965239508,0.26239932174650277,0.503825779870512
626,967.6911764705883,1.4791021671826625,0.0,0.0,2069.390092879257,2.8390092879256965,0.6904024767801857,0.7886996904024768,7.404024767801857,2070.0,2230.0,0.02786377708978328,0.0,0.9721362229102167,0.06794898599205519,0.3595024043487351,0.3211373614886055,0.25141124817060423,0.5332286760858189
627,991.6322795341098,3.045757071547421,0.0,0.0,2095.7154742096504,4.0120133111480865,1.4417637271214643,1.6039933444259566,8.17054908485857,2080.0,2320.0,0.08069883527454243,0.0,0.9193011647254575,0.0808471642398941,0.41920374707259955,0.33408003258324,0.16586905610426636,0.5266320677410543
628,983.2381864623244,1.6385696040868454,0.0,0.0,2047.5242656449552,5.329112388250319,0.7988505747126436,0.8397190293742018,7.805874840357599,2060.0,2220.0,0.07151979565772669,0.0,0.9284802043422733,0.06454515706806283,0.3187990837696335,0.35201243455497383,0.26464332460732987,0.5124707716289946
629,1003.792093704246,1.4026354319180088,0.0,0.0,2080.3653001464127,1.6528989751098098,0.6808199121522694,0.7218155197657394,7.470717423133236,2060.0,2260.0,0.020497803806734993,0.0,0.9795021961932651,0.06232239098481137,0.3728564429201372,0.3465948064674179,0.2182263596276335,0.5146137787056367
630,965.1863117870722,1.7581749049429658,0.0,0.0,2057.691254752852,5.455406844106464,0.850190114068441,0.9079847908745247,8.400760456273764,2060.0,2230.0,0.11330798479087452,0.0,0.8866920152091254,0.0756766542952838,0.44419299357291575,0.33004435593373765,0.15008599619806282,0.5164359861591695
631,974.2496749024707,2.1410923276983094,0.0,0.0,2065.2340702210663,5.426599479843953,0.9967490247074122,1.1443433029908974,7.832899869960988,2070.0,2270.0,0.06371911573472042,0.0,0.9362808842652796,0.06316925375612185,0.31750643313688054,0.37328795550759525,0.24603635759940234,0.5344670513209839
632,979.9361544172234,1.645879732739421,0.0,0.0,2082.1417965850037,1.460393466963623,0.7951002227171492,0.8507795100222717,7.29547141796585,2070.0,2240.0,0.01855976243504083,0.0,0.9814402375649591,0.06258268037040805,0.35290526101556935,0.34496794545639564,0.23954411315762694,0.516914749661705
633,989.1729383506805,2.310648518815052,0.0,0.0,2068.039231385108,3.94787029623699,1.0584467574059246,1.2522017614091272,8.00080064051241,2070.0,2220.0,0.08166533226581266,0.0,0.9183346677341874,0.07895526868808166,0.4202942059441609,0.2817972580806565,0.21895326728710096,0.5419265419265419
634,977.9554006968641,1.4376306620209058,0.0,0.0,2040.723344947735,6.27188850174216,0.6996515679442509,0.7379790940766551,7.720557491289199,2050.0,2230.0,0.06968641114982578,0.0,0.9303135888501742,0.06913981406264104,0.3506634172759274,0.37088184854228723,0.20931492011914432,0.5133301017935046
635,1009.6125095347063,1.9527078565980167,0.0,0.0,2079.83295194508,0.1444241037376049,0.9626239511823036,0.9900839054157132,7.289092295957285,2060.0,2210.0,0.013729977116704805,0.0,0.9862700228832952,0.06634575136040184,0.35433235663457513,0.3452281289242361,0.23409376308078694,0.50703125
636,983.2547923322684,2.101437699680511,0.0,0.0,2077.865814696486,4.493490415335463,1.0527156549520766,1.0487220447284344,7.9504792332268375,2070.0,2280.0,0.09105431309904154,0.0,0.9089456869009584,0.07886276873618646,0.3907976692786819,0.32640144665461124,0.2039381153305204,0.49904979095400986
637,992.3560137457044,2.4646048109965637,0.0,0.0,2078.632302405498,4.457567010309279,1.2137457044673539,1.2508591065292096,7.626116838487973,2070.0,2310.0,0.061168384879725084,0.0,0.9388316151202749,0.06542898341744773,0.3290374909877433,0.3761715933669791,0.22936193222782986,0.5075292805354155
638,1023.1191520467836,1.963450292397661,0.0,0.0,2065.6739766081873,2.5551315789473685,0.9612573099415205,1.0021929824561404,7.319444444444445,2060.0,2222.9999999999995,0.023391812865497075,0.0,0.9766081871345029,0.06411664835713572,0.37291521022670526,0.32108259262958155,0.24188554878657745,0.5104244229337305
639,1004.9946605644546,1.5736079328756674,0.0,0.0,2067.41647597254,3.6080320366132725,0.6750572082379863,0.8985507246376812,8.15255530129672,2070.0,2230.0,0.07627765064836003,0.0,0.92372234935164,0.07606661676646706,0.41448353293413176,0.34861526946107785,0.16083458083832336,0.5710130877363063
640,994.5025608194622,1.4833546734955185,0.0,0.0,2024.2291933418694,8.018988476312419,0.7151088348271447,0.7682458386683739,7.7234314980793854,2050.0,2210.0,0.08642765685019206,0.0,0.913572343149808,0.0634946949602122,0.34350132625994695,0.36629641909814326,0.22670755968169762,0.5179110919292188
641,1017.1312111801242,2.040372670807453,0.0,0.0,2083.694099378882,1.6853571428571428,0.9976708074534162,1.0427018633540373,7.529503105590062,2060.0,2252.9999999999995,0.024844720496894408,0.0,0.9751552795031055,0.06949886574551455,0.3786347700556816,0.3397607754176119,0.212105588781192,0.51103500761035
642,1013.8744557329463,1.3584905660377358,0.0,0.0,2050.1277213352687,4.246117561683599,0.681422351233672,0.6770682148040639,7.672714078374455,2060.0,2180.0,0.08925979680696662,0.0,0.9107402031930334,0.0770831362905514,0.4008323087108673,0.3282890381159557,0.19379551688262556,0.4983974358974359
643,979.4525547445255,1.5454545454545454,0.0,0.0,2059.93696084937,3.724963503649635,0.7843397478433974,0.761114797611148,7.597876575978765,2060.0,2230.4,0.05308560053085601,0.0,0.946914399469144,0.0656768558951965,0.34777292576419216,0.2993013100436681,0.2872489082969432,0.49248604551309577
644,1004.704721030043,2.2377682403433474,0.0,0.0,2080.2137339055794,2.6449527896995706,1.0257510729613735,1.2120171673819742,7.753648068669528,2060.0,2270.0,0.030042918454935622,0.0,0.9699570815450643,0.07051920735082476,0.41403741835492086,0.3383150669766412,0.1771283073176132,0.5416187188339087
645,1014.647752394989,1.7855563743551952,0.0,0.0,2063.6249078850406,3.9753500368459838,0.8400884303610906,0.9454679439941046,7.555637435519528,2070.0,2200.0,0.08032424465733234,0.0,0.9196757553426677,0.07851360577391983,0.36681946747293476,0.35989466497610456,0.19477226177704088,0.529508873297565
646,992.5621794871795,1.7057692307692307,0.0,0.0,2069.0897435897436,3.976339743589744,0.8756410256410256,0.8301282051282052,7.3724358974358974,2060.0,2280.0,0.0532051282051282,0.0,0.9467948717948718,0.06599426136857664,0.30806016868098424,0.33518824450047824,0.29075732544996086,0.48665915069522736
647,993.9556074766355,3.041277258566978,0.0,0.0,2146.9914330218066,0.9248753894080997,1.4376947040498442,1.603582554517134,7.4034267912772584,2080.0,2510.0,0.014018691588785047,0.0,0.985981308411215,0.06879865348201136,0.383757626762045,0.33252682516305493,0.2149168945928887,0.5272727272727272
648,1014.0670180722891,2.4096385542168677,0.0,0.0,2071.086596385542,4.26375,1.177710843373494,1.2319277108433735,7.984186746987952,2070.0,2230.0,0.08509036144578314,0.0,0.9149096385542169,0.07318683391492974,0.41243044421390174,0.3227388474959917,0.19164387437517683,0.51125
649,992.0801796023092,1.4887748556767157,0.0,0.0,2069.8268120590124,3.8661577934573446,0.7472738935214881,0.7415009621552278,7.727389352148814,2060.0,2260.0,0.05452212957023733,0.0,0.9454778704297627,0.06092803187515564,0.32290196729476217,0.37777039926952766,0.2383996015605545,0.4980611805256355
650,1022.3669724770642,1.93348623853211,0.0,0.0,2078.362385321101,3.5975611620795105,0.8761467889908257,1.0573394495412844,7.6796636085626915,2070.0,2290.0,0.03058103975535168,0.0,0.9694189602446484,0.06580388252862121,0.3964161274265804,0.3496266799402688,0.18815331010452963,0.5468564650059312
651,1023.5221518987341,3.1471518987341773,0.0,0.0,2093.815664556962,6.027594936708861,1.4778481012658229,1.6693037974683544,8.197784810126583,2080.0,2320.0,0.09335443037974683,0.0,0.9066455696202531,0.07604709515537542,0.3887280447790002,0.3539857170430419,0.1812391430225825,0.5304172951231775
652,1007.3476283300845,1.4372969460688758,0.0,0.0,2061.5068226120857,4.298551007147498,0.6855100714749838,0.7517868745938922,7.671864847303444,2060.0,2230.0,0.06172839506172839,0.0,0.9382716049382716,0.06326755314643856,0.32455323113407303,0.3477598035063945,0.26441941221309395,0.5230560578661845
653,994.8223234624146,2.0926347760060744,0.0,0.0,2097.3788914198935,0.3253302961275626,1.020501138952164,1.0721336370539103,7.207289293849659,2070.0,2290.0,0.009111617312072893,0.0,0.9908883826879271,0.06805731142014328,0.3914875684787189,0.28655710071639273,0.25389801938474504,0.5123367198838897
654,965.436772046589,2.420965058236273,0.0,0.0,2056.920965058236,5.655099833610649,1.1530782029950084,1.2678868552412645,8.196339434276206,2070.0,2220.0,0.1064891846921797,0.0,0.8935108153078203,0.08049127080795777,0.4398091758018676,0.3233861144945189,0.15631343889565572,0.5237113402061856
655,999.4924590163935,1.6334426229508197,0.0,0.0,2054.643278688525,5.197586885245902,0.8177049180327869,0.8157377049180328,7.629508196721312,2060.0,2220.0,0.06622950819672131,0.0,0.9337704918032786,0.062913622690159,0.2925655350236356,0.38504512247529005,0.25947571981091533,0.4993978321959053
656,993.1826625386997,2.178792569659443,0.0,0.0,2095.018575851393,1.8607198142414862,1.0170278637770898,1.161764705882353,7.188080495356037,2060.0,2320.0,0.02244582043343653,0.0,0.9775541795665634,0.07052869602670399,0.3565198664800258,0.3339076127920749,0.23904382470119523,0.533214920071048
657,985.5208163265306,3.3689795918367347,0.0,0.0,2102.5404081632655,4.960089795918367,1.6595918367346938,1.7093877551020409,7.955102040816326,2070.0,2365.000000000001,0.08489795918367347,0.0,0.9151020408163265,0.0832221652129297,0.412108773730118,0.3321703437660339,0.17249871729091842,0.5073903561909378
658,1021.1988188976378,1.3418635170603674,0.0,0.0,2054.6784776902887,5.398674540682415,0.6948818897637795,0.6469816272965879,7.754593175853018,2050.0,2240.0,0.06430446194225722,0.0,0.9356955380577427,0.06413944829920461,0.30326620409544763,0.3606363174818074,0.27195803012354036,0.4821515892420538
659,1001.3800456968773,1.3952779893373952,0.0,0.0,2075.7006854531605,1.4711576542269613,0.715917745620716,0.6793602437166794,7.559025133282559,2060.0,2230.0,0.019801980198019802,0.0,0.9801980198019802,0.0617632241813602,0.38055415617128463,0.3480100755667506,0.20967254408060454,0.4868995633187773
660,1003.520061728395,2.3055555555555554,0.0,0.0,2051.809413580247,7.209035493827161,1.0100308641975309,1.2955246913580247,8.249228395061728,2060.0,2230.0,0.12037037037037036,0.0,0.8796296296296297,0.07398746609297539,0.4298943036198672,0.3435600037414648,0.15255822654569265,0.5619143239625167
661,1011.9002642007925,2.1003963011889035,0.0,0.0,2048.60964332893,6.230112285336856,1.046235138705416,1.0541611624834875,7.83553500660502,2060.0,2240.0,0.06869220607661823,0.0,0.9313077939233818,0.06229452920846329,0.3140858130321167,0.37924639635842533,0.2443732614009947,0.5018867924528302
662,1028.0860294117647,1.3375,0.0,0.0,2074.051470588235,0.7580514705882353,0.6367647058823529,0.700735294117647,7.242647058823529,2060.0,2210.0,0.015441176470588236,0.0,0.9845588235294118,0.06548223350253807,0.34670050761421317,0.3386802030456853,0.24913705583756346,0.5239142385926333
663,1002.3441971383148,2.1065182829888713,0.0,0.0,2075.9689984101747,2.533267090620032,0.9705882352941176,1.1359300476947536,7.90302066772655,2070.0,2210.0,0.07313195548489666,0.0,0.9268680445151033,0.07895795614564474,0.416012874673104,0.2843492255079461,0.22067994367330518,0.5392452830188679
664,990.6739726027397,1.6397260273972603,0.0,0.0,2029.7746575342467,6.41691095890411,0.8486301369863014,0.791095890410959,7.749315068493151,2050.0,2190.0,0.08287671232876713,0.0,0.9171232876712329,0.06796888810323493,0.35672617995403927,0.36803959695951916,0.20726533498320665,0.4824561403508772
665,1006.6075949367089,1.0409530900967983,0.0,0.0,2067.675353685778,0.2674236783320923,0.47356664184661207,0.5673864482501861,7.251675353685778,2050.0,2187.9999999999995,0.010424422933730455,0.0,0.9895755770662695,0.06314816716295307,0.34685285963651297,0.3528082965396858,0.23719067666084814,0.5450643776824035
666,982.963190184049,1.7346625766871167,0.0,0.0,2052.5575153374234,4.468289877300613,0.8013803680981595,0.933282208588957,7.773006134969325,2060.0,2190.0,0.08819018404907976,0.0,0.9118098159509203,0.08040647198105762,0.39354775059194946,0.31600236779794794,0.210043409629045,0.5380194518125553
667,991.1298701298701,2.511961722488038,0.0,0.0,2072.583048530417,6.337532467532467,1.2276144907723856,1.2843472317156528,7.536568694463432,2080.0,2317.9999999999995,0.07177033492822966,0.0,0.9282296650717703,0.0662978414656267,0.32332668238708506,0.37629239978233264,0.23408307636495557,0.5112925170068027
668,1013.8522727272727,1.7340909090909091,0.0,0.0,2079.6401515151515,0.506371212121212,0.8287878787878787,0.9053030303030303,7.332575757575758,2060.0,2230.0,0.015151515151515152,0.0,0.9848484848484849,0.06622584977786962,0.3841305920033061,0.31945448910011365,0.23018906911871062,0.5220620358235037
669,1002.7224425059477,1.9873116574147502,0.0,0.0,2064.4504361617765,4.869452815226011,0.9262490087232356,1.0610626486915147,8.352101506740683,2070.0,2200.0,0.08485329103885805,0.0,0.9151467089611419,0.0748195974173946,0.4131219141663502,0.3448537789593619,0.16720470945689328,0.5339185953711093
670,1017.1544502617801,1.5111256544502618,0.0,0.0,2035.8219895287957,7.422598167539267,0.800392670157068,0.7107329842931938,7.859293193717278,2060.0,2220.0,0.07722513089005235,0.0,0.9227748691099477,0.06436839037388625,0.3430760263135981,0.36522608043967025,0.22732950287284537,0.4703334776959723
671,1031.8800309597523,2.236068111455108,0.0,0.0,2085.3831269349844,2.4078792569659444,1.0944272445820433,1.141640866873065,7.5828173374613,2070.0,2280.0,0.025541795665634675,0.0,0.9744582043343654,0.06614269674390119,0.37756456057976934,0.34255384301316727,0.2137388996631622,0.5105572862582208
672,1004.021449704142,1.8809171597633136,0.0,0.0,2057.316568047337,4.594726331360946,0.8942307692307693,0.9866863905325444,7.853550295857988,2060.0,2200.0,0.08653846153846154,0.0,0.9134615384615384,0.07600301375023545,0.4029007346016199,0.3256733848182332,0.19542286682991147,0.5245772709398349
673,1000.65087605451,1.836469824789098,0.0,0.0,2055.20311486048,5.090149253731344,0.9247242050616483,0.9117456197274497,7.45165476963011,2060.0,2240.0,0.06294613887086307,0.0,0.9370538611291369,0.06461726029783157,0.344944700862144,0.30061830532090916,0.2898197335191152,0.49646643109540634
674,998.0727272727273,1.8603305785123967,0.0,0.0,2083.7247933884296,1.7698925619834711,0.9024793388429752,0.9578512396694215,7.681818181818182,2070.0,2260.0,0.0256198347107438,0.0,0.9743801652892562,0.0706831629908553,0.3991393222162453,0.3376008606777838,0.19257665411511565,0.5148822745446469
675,1013.5059790732437,1.9671150971599403,0.0,0.0,2068.8796711509717,4.487242152466368,0.9020926756352765,1.0650224215246638,7.705530642750373,2060.0,2190.0,0.08221225710014948,0.0,0.9177877428998505,0.07691561590688652,0.362172647914646,0.36663433559650827,0.19427740058195928,0.5414133738601824
676,988.6462046204621,1.852145214521452,0.0,0.0,2076.26798679868,3.3945610561056108,0.933993399339934,0.9181518151815181,7.3887788778877885,2070.0,2260.0,0.044884488448844885,0.0,0.9551155115511551,0.06485617294979454,0.29828479542612113,0.338484902626407,0.29837412899767735,0.49572344975053456
677,975.0656,2.752,0.0,0.0,2106.24,1.4616639999999999,1.3136,1.4384,7.364,2070.0,2351.0000000000014,0.0184,0.0,0.9816,0.0714828897338403,0.38794133623030963,0.33177620858229223,0.20879956545355785,0.5226744186046511
678,1026.1406015037594,1.9406015037593984,0.0,0.0,2062.636842105263,3.838270676691729,0.9428571428571428,0.9977443609022556,7.9601503759398495,2070.0,2210.0,0.0924812030075188,0.0,0.9075187969924812,0.07461981675639935,0.40974780391045623,0.3316331349768584,0.183999244356286,0.5141418055017435
679,999.5137123745819,1.5505016722408027,0.0,0.0,2079.6260869565217,2.844461538461538,0.7846153846153846,0.7658862876254181,7.768561872909699,2070.0,2270.0,0.03745819397993311,0.0,0.9625418060200669,0.06001377647666609,0.31367315309109695,0.387807818150508,0.23850525228172895,0.49396031061259704
680,1042.5073020753266,2.1552651806302845,0.0,0.0,2087.437355880092,1.7969869331283628,1.0015372790161414,1.153727901614143,7.58032282859339,2070.0,2250.0,0.027671022290545733,0.0,0.9723289777094543,0.06469276008923139,0.3988034881362807,0.3472926384100588,0.1892111133644291,0.5353067047075606
681,1019.6803472770324,2.341752170481452,0.0,0.0,2061.1278610891873,5.551033938437254,1.101026045777427,1.2407261247040253,8.262825572217837,2070.0,2220.0,0.0962904498816101,0.0,0.9037095501183899,0.07794440729773618,0.39125035820040116,0.3494125513420575,0.18139268315980514,0.5298281092012134
682,1017.6265214606021,1.521460602178091,0.0,0.0,2052.073670723895,4.95668802049968,0.7546444586803331,0.7668161434977578,7.547725816784113,2060.0,2210.0,0.0647021140294683,0.0,0.9352978859705318,0.06272279748769309,0.32031913087760994,0.3464607027669326,0.2704973688677644,0.504
683,1011.9218139171228,2.3917122752150117,0.0,0.0,2105.0476935105553,0.7662392494136043,1.1853010164190774,1.2064112587959344,7.293979671618452,2070.0,2310.0,0.017982799061767005,0.0,0.982017200938233,0.06988959159609819,0.39800621717225854,0.28995605102368954,0.2421481402079537,0.5044132069303694
684,1007.4244725738397,2.569620253164557,0.0,0.0,2064.42194092827,4.754725738396624,1.2632911392405064,1.3063291139240507,8.427848101265823,2070.0,2236.0000000000014,0.10379746835443038,0.0,0.8962025316455696,0.078602182837689,0.4380694903374387,0.33052968859517373,0.1527986382296986,0.5083743842364532
685,994.5543046357616,1.2920529801324503,0.0,0.0,2051.53642384106,4.4067947019867555,0.6940397350993377,0.5980132450331126,7.668211920529801,2060.0,2210.0,0.05562913907284768,0.0,0.9443708609271523,0.06269971500129545,0.29000777269194233,0.3826755332930305,0.26461697901373177,0.4628395694515633
686,984.9571865443426,2.397553516819572,0.0,0.0,2095.4510703363912,2.4335474006116207,1.103211009174312,1.29434250764526,7.243119266055046,2070.0,2322.9999999999995,0.0290519877675841,0.0,0.9709480122324159,0.06945324044754064,0.3670044331855605,0.3280557314756175,0.2354865948912814,0.5398596938775511
687,949.4849471114727,3.5695687550854354,0.0,0.0,2104.840520748576,4.279747762408462,1.6794141578519122,1.8901545972335232,7.90480065093572,2080.0,2370.0,0.08299430431244914,0.0,0.9170056956875509,0.08039114770972723,0.41317550180133816,0.3294904786412764,0.17694287184765825,0.529519033508092
688,984.2024500322373,1.8936170212765957,0.0,0.0,2060.22695035461,6.2213023855577045,0.9864603481624759,0.90715667311412,7.598323662153449,2060.0,2270.0,0.06511927788523533,0.0,0.9348807221147647,0.06143402630462452,0.30530335171828593,0.3602036487059822,0.27305897327110734,0.4790602655771195
689,992.3392171910974,2.264006139677667,0.0,0.0,2096.607060629317,0.5581504221028396,1.099002302379125,1.1650038372985418,7.657712970069071,2070.0,2300.0,0.013814274750575594,0.0,0.9861857252494244,0.06283824413710162,0.37302064541992386,0.34706353978753257,0.21707757065544198,0.5145762711864407
690,999.1113689095127,2.3789636504253675,0.0,0.0,2058.3016241299306,5.018259860788863,1.1245166279969063,1.254447022428461,8.169373549883991,2060.0,2210.0,0.10827532869296211,0.0,0.8917246713070379,0.07677743065417021,0.4306541702167945,0.3347533844551737,0.15781501467386158,0.5273081924577373
691,993.4512032085562,2.412433155080214,0.0,0.0,2076.0006684491977,4.024338235294118,1.1978609625668448,1.214572192513369,7.889705882352941,2070.0,2270.0,0.045454545454545456,0.0,0.9545454545454546,0.06278064898754554,0.31619079894941965,0.3711768194526815,0.2498517326103533,0.5034635633139374
692,998.6220414201183,1.982248520710059,0.0,0.0,2084.033284023669,1.4870414201183433,0.9319526627218935,1.0502958579881656,7.3076923076923075,2070.0,2250.0,0.019230769230769232,0.0,0.9807692307692307,0.06558704453441296,0.34757085020242917,0.3438259109311741,0.2430161943319838,0.5298507462686567
693,977.5927357032457,3.072642967542504,0.0,0.0,2077.4714064914992,4.013732612055642,1.3995363214837713,1.6731066460587327,7.7998454404945905,2070.0,2240.0,0.07805255023183925,0.0,0.9219474497681608,0.08193797681561478,0.4213811552561181,0.2789061725948677,0.21777469533339938,0.5445171026156942
694,959.6706293706294,1.932867132867133,0.0,0.0,2045.5622377622378,5.327643356643357,0.9881118881118881,0.9447552447552447,7.673426573426574,2050.0,2220.0,0.06923076923076923,0.0,0.9307692307692308,0.0686229836872323,0.344846441264923,0.37646951608493573,0.21006105896290897,0.48878437047756873
695,1008.727969348659,1.8842911877394637,0.0,0.0,2073.712643678161,1.0762911877394636,0.8957854406130268,0.9885057471264368,7.488122605363984,2060.0,2210.0,0.017624521072796936,0.0,0.9823754789272031,0.06713057715923046,0.34506753990994676,0.35888252148997135,0.2289193614408514,0.524603497356649
696,977.3642745709828,2.645865834633385,0.0,0.0,2073.6232449297972,5.527067082683307,1.2909516380655226,1.3549141965678626,7.865054602184087,2075.0,2291.8,0.10374414976599064,0.0,0.8962558502340093,0.0813250024794208,0.38173162749181794,0.3251016562530993,0.211841713775662,0.5120872641509434
697,964.2985386221294,2.7174669450243565,0.0,0.0,2104.661099512874,3.0367432150313154,1.3799582463465554,1.3375086986778009,7.548364648573417,2080.0,2360.0,0.04732080723729993,0.0,0.9526791927627001,0.06729971420669309,0.31686180510740297,0.3811192034663962,0.2347192772195077,0.4921895006402049
698,999.3833592534992,2.791601866251944,0.0,0.0,2117.6671850699845,0.7133514774494557,1.3880248833592534,1.4035769828926905,7.439346811819596,2070.0,2330.0,0.015552099533437015,0.0,0.9844479004665629,0.06658304588690289,0.3877913661544894,0.3118009825441622,0.2338246054144455,0.5027855153203342
699,948.1444184231069,2.450429352068696,0.0,0.0,2086.6128024980485,4.473559718969555,1.1772053083528493,1.273224043715847,8.263075722092115,2070.0,2310.0,0.08430913348946135,0.0,0.9156908665105387,0.07680680207841285,0.41218705715635334,0.3472838923004251,0.16372224846480868,0.5195922268238292
700,991.3484750162232,1.8864373783257624,0.0,0.0,2042.6515249837769,6.465632706035043,0.9422452952628163,0.9441920830629461,7.71966255678131,2050.0,2220.0,0.07657365347177157,0.0,0.9234263465282284,0.06338264963012777,0.34616677874915935,0.36155010087424344,0.2289004707464694,0.500515995872033
701,1009.3653699466056,3.082379862700229,0.0,0.0,2115.51411136537,0.9023188405797102,1.4157131960335623,1.6666666666666667,7.4035087719298245,2080.0,2360.0,0.016018306636155607,0.0,0.9839816933638444,0.06635071090047394,0.366886461982279,0.3509169585823202,0.21584586853492685,0.5407077456075229
702,985.5346968590212,2.3703433162892624,0.0,0.0,2068.319211102995,5.311672753834916,1.0993425858290724,1.27100073046019,7.739225712198685,2070.0,2240.0,0.09057706355003653,0.0,0.9094229364499635,0.07720622935346862,0.39216611609249646,0.326852288815479,0.20377536573855592,0.5362095531587057
703,978.0903614457832,2.3326639892904955,0.0,0.0,2067.111780455154,4.583333333333333,1.176706827309237,1.1559571619812583,7.576974564926372,2070.0,2270.0,0.050200803212851405,0.0,0.9497991967871486,0.06625441696113074,0.3392226148409894,0.3053886925795053,0.28913427561837457,0.49555236728837876
704,982.4134029590948,2.300261096605744,0.0,0.0,2091.746736292428,1.4193733681462142,1.0974760661444734,1.2027850304612706,7.623150565709312,2070.0,2280.0,0.020017406440382943,0.0,0.979982593559617,0.0726110286562393,0.40632492293640826,0.33793812079004454,0.18312592761730792,0.522890654559213
705,1007.8440029433407,2.3642384105960264,0.0,0.0,2061.4444444444443,4.161582045621781,1.1456953642384107,1.218543046357616,7.710816777041942,2060.0,2210.0,0.08020603384841796,0.0,0.919793966151582,0.07720202309380667,0.36005344021376084,0.36053058497948276,0.2022139517129497,0.5154061624649859
706,982.8743421052632,1.7644736842105264,0.0,0.0,2046.75,6.372947368421052,0.8894736842105263,0.875,7.369078947368421,2060.0,2240.0,0.06644736842105263,0.0,0.9335526315789474,0.06588697437728774,0.2988126060173199,0.337380591018659,0.2979198285867333,0.49589858314690527
707,1012.8589211618257,3.7095435684647304,0.0,0.0,2126.61244813278,0.5990373443983402,1.7634854771784232,1.946058091286307,7.568464730290456,2080.0,2390.0,0.013278008298755186,0.0,0.9867219917012449,0.06951754385964912,0.39462719298245613,0.331030701754386,0.20482456140350877,0.5246085011185683
708,1021.6025738077215,2.4314912944738833,0.0,0.0,2073.440575321726,4.372482967448902,1.1650264950794853,1.2664647993943983,8.006056018168055,2070.0,2240.0,0.09462528387585163,0.0,0.9053747161241483,0.07611573373676248,0.3950453857791225,0.34001512859304084,0.18882375189107414,0.5208592777085927
709,1001.833000665336,2.1097804391217565,0.0,0.0,2069.737857618097,3.3778975382568195,1.0266134397870925,1.083166999334664,7.886892880904857,2060.0,2250.0,0.04125083166999335,0.0,0.9587491683300067,0.0588830774422136,0.3180361059557955,0.38417411844103255,0.23890669816095833,0.5134027120782088
710,982.2468652037618,2.030564263322884,0.0,0.0,2071.103448275862,3.5861363636363635,0.9733542319749217,1.0572100313479624,7.736677115987461,2070.0,2250.0,0.0274294670846395,0.0,0.9725705329153606,0.06493111831442464,0.39313209076175043,0.3553484602917342,0.18658833063209077,0.520648398301814
711,980.6452119309262,2.8846153846153846,0.0,0.0,2074.664050235479,4.781412872841445,1.2543171114599685,1.630298273155416,8.186813186813186,2080.0,2270.0,0.08869701726844584,0.0,0.9113029827315542,0.07689357622243528,0.3868648130393097,0.3502396931927133,0.1860019175455417,0.5651700680272109
712,985.0548741123305,1.8515171078114914,0.0,0.0,2055.5713363460295,4.591504196255649,0.8579728857327308,0.9935442220787605,7.561007101355713,2060.0,2230.0,0.056810845706907684,0.0,0.9431891542930924,0.06181693989071038,0.31779371584699456,0.35348360655737704,0.26690573770491804,0.5366108786610879
713,988.3408360128617,2.3384244372990355,0.0,0.0,2091.1816720257234,0.942805466237942,1.1205787781350482,1.2178456591639872,7.34887459807074,2070.0,2270.0,0.01607717041800643,0.0,0.9839228295819936,0.06945963684095384,0.39323999124917963,0.2974185079851236,0.23988186392474295,0.5207975249226539
714,981.7422852376981,2.2110091743119265,0.0,0.0,2064.002502085071,5.355029190992494,1.0158465387823186,1.195162635529608,8.111759799833195,2070.0,2240.0,0.10508757297748124,0.0,0.8949124270225187,0.07896360271437385,0.4293645897594078,0.3297347316471314,0.16193707587908698,0.5405507355714825
715,998.1831262262917,1.3446697187704382,0.0,0.0,2062.763897972531,3.446206671026815,0.6697187704381949,0.6749509483322433,7.463701765860039,2060.0,2220.0,0.04316546762589928,0.0,0.9568345323741008,0.06352961794602173,0.2882930248860848,0.38774973711882227,0.26042762004907116,0.5019455252918288
716,966.8625707356508,1.8795472918350848,0.0,0.0,2094.522231204527,1.5741632983023444,0.8908649959579629,0.9886822958771221,7.350040420371867,2070.0,2310.0,0.021827000808407437,0.0,0.9781729991915926,0.0686317641882974,0.3684557853057633,0.31973163220413553,0.2431808183018038,0.5260215053763441
717,969.5378850957535,3.4945878434637803,0.0,0.0,2108.0249791840133,4.452014987510408,1.694421315570358,1.8001665278934222,8.17901748542881,2080.0,2380.0,0.0791007493755204,0.0,0.9208992506244796,0.08011809019647766,0.4096508195052428,0.33564084291967833,0.17459024737860124,0.5151298546580891
718,990.6962769431744,1.8954931417374266,0.0,0.0,2043.7197909862834,5.6225277596342265,0.9640757674722403,0.9314173742651861,7.6329196603527105,2050.0,2220.0,0.05551926845199216,0.0,0.9444807315480078,0.060670888242341264,0.30634947800787266,0.3610302926578812,0.27194934109190483,0.4913852515506547
719,1013.6456928838951,1.4771535580524344,0.0,0.0,2068.991011235955,0.9909588014981272,0.7295880149812735,0.7475655430711611,7.500374531835206,2060.0,2210.0,0.015730337078651686,0.0,0.9842696629213483,0.06421651852591631,0.3770098871467093,0.35084390292619594,0.20792969140117848,0.5060851926977687
720,999.0835214446953,1.8969149736644093,0.0,0.0,2070.3002257336343,4.421565086531227,0.8607975921745673,1.036117381489842,8.224981188863808,2070.0,2230.0,0.10233258088788563,0.0,0.8976674191121143,0.07556490714481749,0.4310676058915012,0.3428780532430702,0.1504894337206111,0.546211820706069
721,998.5592322964924,2.058239576439444,0.0,0.0,2074.4493712772996,4.696803441429517,1.0648577101257446,0.9933818663136995,7.790866975512905,2070.0,2270.0,0.05162144275314361,0.0,0.9483785572468564,0.06260618416581719,0.3118416581719334,0.37869520897043835,0.24685694869181107,0.48263665594855304
722,1005.6928895612708,1.674735249621785,0.0,0.0,2077.3464447806355,1.2392057488653556,0.8532526475037822,0.8214826021180031,7.258698940998487,2060.0,2229.000000000001,0.018910741301059002,0.0,0.981089258698941,0.064922884535223,0.3530637765735723,0.3467069612338474,0.23530637765735724,0.4905149051490515
723,976.26599845798,2.5905936777178105,0.0,0.0,2078.0439475713183,4.121865844255976,1.2505782575173476,1.3400154202004626,7.953739398612182,2070.0,2234.000000000001,0.07555898226676946,0.0,0.9244410177332305,0.07813105854982551,0.4189608375339279,0.28887165568049633,0.2140364482357503,0.5172619047619048
724,977.2393103448276,1.4593103448275861,0.0,0.0,2046.6241379310345,6.2488,0.7124137931034483,0.7468965517241379,7.675172413793104,2060.0,2221.0000000000014,0.08,0.0,0.92,0.06972773834127055,0.3457633210531045,0.37586485757929733,0.20864408302632761,0.5118147448015122
725,1012.3394970414201,2.1272189349112427,0.0,0.0,2091.76775147929,1.0361834319526628,1.0525147928994083,1.0747041420118344,7.241124260355029,2070.0,2279.000000000001,0.01849112426035503,0.0,0.981508875739645,0.06557711950970378,0.3463738508682329,0.35556690500510724,0.23248212461695608,0.5052155771905424
726,950.4996265870052,2.6422703510082153,0.0,0.0,2078.4271844660193,4.599088872292756,1.2927557879014189,1.3495145631067962,7.628080657206871,2070.0,2280.0,0.08513816280806571,0.0,0.9148618371919343,0.08008615625611905,0.3939690620716663,0.32054043469747406,0.20540434697474055,0.5107405313736574
727,952.9979536152797,2.616643929058663,0.0,0.0,2089.756480218281,3.3782605729877213,1.3090040927694406,1.3076398362892223,7.506139154160982,2070.0,2330.0,0.04911323328785812,0.0,0.9508867667121419,0.06842966194111233,0.3255179934569248,0.3767720828789531,0.2292802617230098,0.4997393117831074
728,992.145061728395,2.0787037037037037,0.0,0.0,2070.855709876543,3.3472222222222223,0.9915123456790124,1.0871913580246915,7.613425925925926,2070.0,2240.0,0.031635802469135804,0.0,0.9683641975308642,0.06587615283267458,0.3777237255498125,0.3200567548393635,0.23634336677814938,0.5230141054194506
729,980.446511627907,2.358139534883721,0.0,0.0,2076.8325581395347,4.6418294573643415,1.1046511627906976,1.2534883720930232,8.427906976744186,2070.0,2270.0,0.07984496124031008,0.0,0.92015503875969,0.07321559970566593,0.41832229580573954,0.34869389256806477,0.1597682119205298,0.5315581854043393
730,1004.3148765843896,1.2515010006671115,0.0,0.0,2047.1160773849233,4.97314209472982,0.6424282855236825,0.609072715143429,7.696464309539693,2060.0,2220.0,0.058038692461641096,0.0,0.9419613075383589,0.06275461558464072,0.33171535061107743,0.37124035711190084,0.23428967669238104,0.48667377398720685
731,1000.2248427672956,2.5432389937106916,0.0,0.0,2103.7672955974845,0.7852751572327045,1.2122641509433962,1.3309748427672956,7.539308176100629,2080.0,2299.000000000001,0.019654088050314465,0.0,0.9803459119496856,0.06642335766423357,0.383837330552659,0.34911366006256517,0.20062565172054223,0.523338485316847
732,980.155767817781,1.994121969140338,0.0,0.0,2068.7714915503307,4.762828802351212,0.9338721528288023,1.0602498163115357,7.842027920646584,2070.0,2230.0,0.09037472446730345,0.0,0.9096252755326966,0.07692307692307693,0.39557762578469036,0.33055373372060337,0.19694556357162935,0.5316875460574797
733,970.8645627876397,1.6824457593688362,0.0,0.0,2066.8921761998686,3.481255752794214,0.8362919132149902,0.8461538461538461,7.48060486522025,2060.0,2250.0,0.05325443786982249,0.0,0.9467455621301775,0.06582879240639831,0.339866408859202,0.3068201792933732,0.28748461944102655,0.5029308323563892
734,1005.9180743243244,1.8673986486486487,0.0,0.0,2082.866554054054,2.318851351351351,0.8640202702702703,1.0033783783783783,7.61402027027027,2070.0,2247.0000000000005,0.03125,0.0,0.96875,0.07232390460343871,0.4055463117027177,0.33743760399334444,0.18469217970049917,0.5373134328358209
735,1017.1185296324081,2.04351087771943,0.0,0.0,2063.058514628657,6.412738184546137,0.9579894973743436,1.0855213803450863,7.68417104276069,2060.0,2210.0,0.08927231807951988,0.0,0.9107276819204801,0.07985941618666406,0.3620033193400371,0.36551791467343553,0.1926193497998633,0.5312041116005873
736,956.8755700325733,1.4827361563517916,0.0,0.0,2068.8254071661236,2.847791530944625,0.7693811074918567,0.7133550488599348,7.108794788273616,2060.0,2240.0,0.03517915309446254,0.0,0.9648208469055375,0.06286656891495601,0.2935300586510264,0.3400843108504399,0.3035190615835777,0.4811072056239016
737,979.9630872483222,2.3045302013422817,0.0,0.0,2103.981543624161,1.6955285234899329,1.0813758389261745,1.2231543624161074,7.483221476510067,2080.0,2310.0,0.025167785234899327,0.0,0.9748322147651006,0.06804932735426009,0.4,0.33262331838565024,0.19932735426008968,0.5307608299963597
738,969.1773211567732,1.9109589041095891,0.0,0.0,2064.415525114155,3.157191780821918,0.8942161339421614,1.0167427701674276,8.056316590563165,2070.0,2210.0,0.0821917808219178,0.0,0.9178082191780822,0.07604383147553373,0.40836954468165504,0.32401284715662193,0.1915737766861893,0.5320589406610912
739,968.5197060788244,1.7555110220440882,0.0,0.0,2088.325317301269,2.9381295925183704,0.8877755511022044,0.8677354709418837,7.891783567134269,2070.0,2310.0,0.04408817635270541,0.0,0.9559118236472945,0.05823599119688505,0.32105975960724564,0.3856441510072795,0.2350600981885898,0.4942922374429224
740,1008.7796101949026,1.4670164917541229,0.0,0.0,2071.660419790105,2.452466266866567,0.6956521739130435,0.7713643178410795,7.6611694152923535,2070.0,2240.0,0.031484257871064465,0.0,0.9685157421289355,0.06448140900195695,0.387866927592955,0.35205479452054794,0.19559686888454011,0.5258048032703116
741,967.2594887683966,2.3067389620449266,0.0,0.0,2071.8048024786985,5.253787761425252,1.0852052672347017,1.2215336948102247,8.144074360960495,2070.0,2270.0,0.09450038729666925,0.0,0.9054996127033308,0.0774205820810348,0.3927144759368461,0.34744150656267836,0.18242343541944075,0.5295500335795836
742,986.3951822916666,1.4563802083333333,0.0,0.0,2053.8834635416665,5.428144531249999,0.763671875,0.6927083333333334,7.65625,2060.0,2230.0,0.064453125,0.0,0.935546875,0.06488095238095239,0.32142857142857145,0.34770408163265304,0.26598639455782314,0.47563701385784535
743,1002.974569319114,1.9745693191140279,0.0,0.0,2113.487284659557,0.15009844134536507,0.8999179655455292,1.0746513535684987,7.552091878589008,2070.0,2340.0,0.01066447908121411,0.0,0.9893355209187858,0.07028025200955898,0.40397566804258095,0.2905713665001086,0.23517271344775148,0.5442459493144993
744,983.885784716516,1.6688578471651603,0.0,0.0,2060.4387838948232,4.774141331142153,0.8036154478225144,0.8652423993426458,8.24075595727198,2060.0,2200.0,0.09942481511914544,0.0,0.9005751848808545,0.08106491175590787,0.43414099112573534,0.3248579120550404,0.1599361850633164,0.518463810930576
745,989.5879774577332,1.0832811521603005,0.0,0.0,2050.9198497182215,4.3703130870381965,0.532874139010645,0.5504070131496556,7.298058860363181,2060.0,2210.0,0.058860363180964305,0.0,0.9411396368190357,0.0634062634062634,0.28845988845988846,0.38361218361218363,0.26452166452166453,0.508092485549133
746,1017.9737039819685,1.7505634861006762,0.0,0.0,2082.8519909842225,1.2116979714500375,0.864763335837716,0.8858001502629602,7.213373403456048,2070.0,2250.0,0.0202854996243426,0.0,0.9797145003756574,0.07051348817831476,0.35642120612436207,0.32496614935944174,0.24809915633788146,0.5060085836909871
747,985.3407290015848,2.2329635499207607,0.0,0.0,2075.6125198098257,3.331172741679873,1.0618066561014263,1.1711568938193344,7.896988906497623,2070.0,2240.0,0.08003169572107766,0.0,0.9199683042789224,0.08468793899257475,0.4193257074051776,0.32500501705799717,0.17098133654425046,0.524485450674237
748,1004.5717144763175,1.4603068712474983,0.0,0.0,2055.8859239492995,3.421747831887925,0.6797865243495663,0.7805203468979319,7.645763842561708,2060.0,2220.0,0.0466977985323549,0.0,0.9533022014676451,0.06282174330337667,0.30433644533635806,0.3549428496640782,0.27789896169618705,0.5344906349931475
749,1021.0840534171249,1.335428122545169,0.0,0.0,2072.7124901806756,0.6527729772191674,0.631578947368421,0.7038491751767478,7.720345640219953,2060.0,2210.0,0.015710919088766692,0.0,0.9842890809112333,0.06593406593406594,0.3777981277981278,0.3486975986975987,0.20757020757020758,0.5270588235294118
750,1009.1707692307692,1.6446153846153846,0.0,0.0,2057.943076923077,4.1463,0.7307692307692307,0.9138461538461539,8.335384615384616,2060.0,2200.0,0.10846153846153846,0.0,0.8915384615384615,0.0755813953488372,0.43613879660391286,0.3383167220376523,0.14996308600959762,0.5556594948550047
751,1003.1653746770025,1.6369509043927648,0.0,0.0,2047.3204134366924,5.067525839793282,0.8378552971576227,0.7990956072351422,7.708656330749354,2060.0,2210.0,0.059431524547803614,0.0,0.9405684754521964,0.06310232129389089,0.3174390346099053,0.37241263722450346,0.24704600687170034,0.4881610102604578
752,1006.590308370044,1.0308370044052864,0.0,0.0,2066.557268722467,1.2709544787077827,0.5337738619676946,0.49706314243759175,7.279001468428781,2070.0,2200.0,0.016152716593245228,0.0,0.9838472834067548,0.06596731894290901,0.34849707484365544,0.34002420819043777,0.2455113980229978,0.4821937321937322
753,993.5061919504644,1.9078947368421053,0.0,0.0,2057.5549535603714,3.6628328173374616,0.8691950464396285,1.0386996904024768,7.925696594427245,2060.0,2190.0,0.07739938080495357,0.0,0.9226006191950464,0.076953125,0.42001953125,0.28876953125,0.2142578125,0.5444219066937119
754,980.8106761565837,1.0441281138790035,0.0,0.0,2041.6889679715302,4.4219715302491105,0.5672597864768684,0.47686832740213525,7.750177935943061,2050.0,2200.0,0.05195729537366548,0.0,0.9480427046263346,0.06768298282670585,0.35163926898705117,0.3716594728625218,0.2090182753237212,0.4567143830947512
755,999.4084302325581,1.2805232558139534,0.0,0.0,2066.6366279069766,1.1109302325581394,0.6111918604651163,0.6693313953488372,7.207122093023256,2060.0,2200.0,0.015261627906976744,0.0,0.9847383720930233,0.06695573258041747,0.3406272058082081,0.35726530200665524,0.23515175960471918,0.5227014755959137
756,995.9969673995452,1.510235026535254,0.0,0.0,2056.2911296436696,3.5500758150113723,0.66868840030326,0.8415466262319939,7.673995451099318,2060.0,2200.0,0.09021986353297953,0.0,0.9097801364670205,0.07952973720608575,0.3938944872554831,0.3185141276427583,0.2080616478956728,0.5572289156626506
757,966.7033783783784,1.5810810810810811,0.0,0.0,2053.362837837838,4.543858108108108,0.8060810810810811,0.775,7.422972972972973,2060.0,2230.0,0.05945945945945946,0.0,0.9405405405405406,0.06744948115783725,0.3290551611141453,0.3694702348443474,0.23402512288367014,0.49017094017094015
758,996.8318112633181,1.93455098934551,0.0,0.0,2074.4010654490107,0.9333028919330288,0.928462709284627,1.0060882800608828,7.392694063926941,2060.0,2220.0,0.0167427701674277,0.0,0.9832572298325722,0.06547251389746757,0.37986411365040146,0.31820053530986203,0.2364628371422689,0.5200629425649095
759,992.8810289389068,1.3882636655948553,0.0,0.0,2063.66077170418,3.5541559485530545,0.6237942122186495,0.7644694533762058,8.47347266881029,2070.0,2197.0000000000005,0.07877813504823152,0.0,0.9212218649517685,0.07466084811687695,0.42737880656484206,0.3383929418461247,0.15956740347215634,0.5506658946149392
760,982.5251612903226,1.2070967741935483,0.0,0.0,2036.0606451612903,6.33094193548387,0.604516129032258,0.6025806451612903,7.647741935483871,2050.0,2210.0,0.07935483870967742,0.0,0.9206451612903226,0.06293234351273831,0.342922220347562,0.36890501096676226,0.2252404251729374,0.4991982896846606
761,1007.2527301092043,1.2745709828393135,0.0,0.0,2070.307332293292,1.1559516380655226,0.5670826833073322,0.7074882995319812,7.417316692667707,2060.0,2190.0,0.0202808112324493,0.0,0.9797191887675507,0.06762014933221158,0.3833210642549164,0.35082553370491115,0.19823325270796088,0.555079559363525
762,1005.1590214067278,1.3279816513761469,0.0,0.0,2053.250764525994,3.8613149847094803,0.595565749235474,0.7324159021406728,8.071865443425077,2060.0,2190.0,0.08792048929663608,0.0,0.9120795107033639,0.07671907558249669,0.3956241712445539,0.3278082970259519,0.19984845614699753,0.5515256188831318
763,991.1840894148586,0.9907955292570677,0.0,0.0,2045.7021696252466,4.437271531886917,0.49441157133464825,0.49638395792241946,7.537804076265615,2050.0,2210.0,0.05982905982905983,0.0,0.9401709401709402,0.06620148277365896,0.3372873964238988,0.3032708242477104,0.29324029655473177,0.5009953550099535
764,1007.9764903442485,1.2854743912678421,0.0,0.0,2052.5919395465994,2.8882703610411418,0.6750629722921915,0.6104114189756508,7.6397984886649875,2060.0,2180.0,0.02938706968933669,0.0,0.9706129303106633,0.07066710627541488,0.4045499505440158,0.34289482360698975,0.1818881195735795,0.47485303723056826
765,1009.9665144596652,1.0730593607305936,0.0,0.0,2045.058599695586,4.155372907153729,0.5015220700152208,0.571537290715373,7.732876712328767,2060.0,2170.0,0.09056316590563165,0.0,0.9094368340943684,0.08030705639208739,0.3700423186694223,0.3526227733490798,0.1970278515894105,0.5326241134751774
766,997.7425806451613,0.92,0.0,0.0,2036.7464516129032,5.708032258064517,0.4780645161290323,0.44193548387096776,7.35741935483871,2060.0,2200.0,0.05870967741935484,0.0,0.9412903225806452,0.06532795510347246,0.29849175727814803,0.33716239915819013,0.2990178884601894,0.4803646563814867
767,958.6230407523511,1.725705329153605,0.0,0.0,2085.685736677116,0.14250000000000004,0.8032915360501567,0.9224137931034483,7.36128526645768,2060.0,2230.0,0.011755485893416929,0.0,0.9882445141065831,0.06739061002874482,0.3823059725327371,0.33556904077504524,0.2147343766634728,0.5345140781108083
768,978.1418918918919,1.2207207207207207,0.0,0.0,2055.358108108108,3.1802327327327324,0.5563063063063063,0.6644144144144144,7.9774774774774775,2060.0,2180.0,0.08183183183183183,0.0,0.9181681681681682,0.07594579333709768,0.40523244871070957,0.3246753246753247,0.19414643327686806,0.544280442804428
769,970.6830748482805,0.9136884693189481,0.0,0.0,2056.4066082265676,2.8314093054619014,0.4726904922454484,0.44099797707349964,8.097100472016184,2060.0,2200.0,0.044504383007417395,0.0,0.9554956169925826,0.05812791472351766,0.32878081279147237,0.37883077948034644,0.23426049300466356,0.4826568265682657
770,1023.1516853932584,0.7616372391653291,0.0,0.0,2039.9325842696628,3.4496950240770463,0.39325842696629215,0.3683788121990369,7.683788121990369,2050.0,2170.0,0.03531300160513644,0.0,0.9646869983948636,0.06601211614790056,0.4063087528723626,0.3448924169626071,0.18278671401712973,0.48366701791359323
771,993.5311795642374,1.468069120961683,0.0,0.0,2046.7385424492863,5.588542449286251,0.6401202103681443,0.8279489105935387,7.955672426746807,2060.0,2200.0,0.09992486851990984,0.0,0.9000751314800901,0.07413353480026443,0.3957880819718576,0.34498064028709036,0.1850977429407876,0.563971340839304
772,1005.3280153158902,0.8359923420548819,0.0,0.0,2036.0063816209317,5.604926611359286,0.40459476707083597,0.43139757498404596,7.550733886407148,2060.0,2190.0,0.0631780472239949,0.0,0.9368219527760051,0.06271129141311697,0.3247971602434077,0.3476166328600406,0.2648749154834348,0.516030534351145
773,1016.4776923076923,1.2153846153846153,0.0,0.0,2078.9376923076925,0.27649230769230765,0.5384615384615384,0.676923076923077,7.308461538461539,2060.0,2211.0000000000014,0.010769230769230769,0.0,0.9892307692307692,0.06778233870118935,0.38438059151668247,0.2911272497631828,0.2567098200189454,0.5569620253164557
774,995.8713932399011,1.40560593569662,0.0,0.0,2036.01483924155,5.497436108821105,0.7328936521022259,0.6727122835943941,8.205276174773289,2060.0,2170.0,0.11046990931574609,0.0,0.8895300906842539,0.07927258113131719,0.4301215713855119,0.3246257409826183,0.1659801065005526,0.4785923753665689
775,1023.1898326898327,0.8571428571428571,0.0,0.0,2037.3204633204634,5.432561132561133,0.42535392535392536,0.4317889317889318,7.552123552123552,2060.0,2190.0,0.06692406692406692,0.0,0.9330759330759331,0.06561008861622358,0.2863837764144513,0.38633265167007497,0.26167348329925016,0.5037537537537538
776,1010.1293103448276,0.9278996865203761,0.0,0.0,2056.962382445141,1.4717319749216302,0.43573667711598746,0.49216300940438873,7.278213166144201,2060.0,2190.0,0.014106583072100314,0.0,0.9858934169278997,0.06923656724453538,0.3657801227522343,0.31754064821793904,0.24744266178529126,0.5304054054054054
777,1017.7661812297735,1.9004854368932038,0.0,0.0,2062.789644012945,3.5376699029126217,0.8802588996763754,1.0202265372168284,8.008899676375405,2070.0,2200.0,0.0784789644012945,0.0,0.9215210355987055,0.08142236589554501,0.41428427113849886,0.32589150419234264,0.1784018587736135,0.5368241805023414
778,1003.7871512005191,0.8877352368591823,0.0,0.0,2038.2939649578195,4.585665152498378,0.4243997404282933,0.46333549643088906,7.638546398442569,2050.0,2190.0,0.06424399740428294,0.0,0.9357560025957171,0.06380086653640303,0.3095743777079263,0.3550250615920483,0.27159969416362245,0.5219298245614035
779,1012.732350659426,0.8650116369278511,0.0,0.0,2056.8937160589603,1.076811481768813,0.42901474010861135,0.4359968968192397,7.6741660201706745,2060.0,2170.0,0.017843289371605897,0.0,0.9821567106283942,0.06581075616659927,0.38526081682167407,0.34128588758592804,0.20764253942579863,0.5040358744394619
780,1011.0874439461884,1.2825112107623318,0.0,0.0,2039.144245142003,3.8029372197309415,0.5665171898355755,0.7159940209267563,8.218236173393125,2060.0,2170.0,0.10538116591928251,0.0,0.8946188340807175,0.07575481993452164,0.4337941069479811,0.33457620953073847,0.1558748635867588,0.5582750582750583
781,961.7973684210526,1.2144736842105264,0.0,0.0,2035.8973684210525,5.374144736842105,0.6348684210526315,0.5796052631578947,7.796710526315789,2050.0,2200.0,0.056578947368421055,0.0,0.9434210526315789,0.060754366720108005,0.31718842291789723,0.37558011982111217,0.24647709054088263,0.4772481040086674
782,968.9867354458364,1.0154753131908623,0.0,0.0,2061.87324981577,0.9139646278555638,0.4745762711864407,0.5408990420044215,7.52542372881356,2060.0,2180.0,0.01694915254237288,0.0,0.9830508474576272,0.06120250685468077,0.33783783783783783,0.3415589502546024,0.259400705052879,0.532656023222061
783,964.1059013742927,1.413904607922393,0.0,0.0,2057.6370250606305,3.491560226354083,0.6677445432497979,0.746160064672595,8.187550525464834,2060.0,2190.0,0.07922392886014551,0.0,0.9207760711398545,0.07958135860979462,0.4253554502369668,0.2809044233807267,0.21415876777251186,0.5277301315037164
784,977.690007293946,0.8818380743982495,0.0,0.0,2036.4121079504012,5.497075127644055,0.4194018964259664,0.462436177972283,7.976659372720642,2050.0,2190.0,0.05981035740335521,0.0,0.9401896425966448,0.06848939283101682,0.34692757863935625,0.36914776883686906,0.21543525969275787,0.5244003308519437
785,1029.130566037736,1.3924528301886792,0.0,0.0,2065.9124528301886,0.8887018867924528,0.6966037735849057,0.6958490566037736,7.397735849056604,2060.0,2200.0,0.017358490566037735,0.0,0.9826415094339622,0.06661905733523771,0.3478881860844726,0.35084676596612935,0.2346459906141604,0.4997289972899729
786,987.4144074360961,1.704879938032533,0.0,0.0,2056.404337722696,3.4104492641363287,0.796281951975213,0.9085979860573199,7.860573199070488,2070.0,2190.0,0.07900852052672347,0.0,0.9209914794732765,0.07774931020890816,0.3965313362238865,0.3160228616476153,0.20969649191959006,0.5329395729213994
787,968.922024623803,1.6025991792065664,0.0,0.0,2050.670998632011,4.025253077975377,0.7872777017783857,0.8153214774281806,7.667578659370725,2050.0,2210.0,0.06566347469220246,0.0,0.9343365253077975,0.06619090098126673,0.3326494201605709,0.3714540588760036,0.2297056199821588,0.5087494664959453
788,978.3787072243346,1.9019011406844106,0.0,0.0,2075.927756653992,0.7249961977186312,0.8904942965779468,1.0114068441064639,7.3566539923954375,2060.0,2206.0000000000014,0.01749049429657795,0.0,0.9825095057034221,0.0658465991316932,0.3822617324788092,0.3181724209220591,0.2337192474674385,0.5317872850859656
789,983.1938610662359,1.8707592891760905,0.0,0.0,2075.7673667205167,3.216672051696284,0.8537964458804523,1.0169628432956381,8.491114701130856,2080.0,2242.9999999999995,0.08077544426494346,0.0,0.9192245557350566,0.07363013698630137,0.4118150684931507,0.3473173515981735,0.16723744292237444,0.5436096718480138
790,991.5325255102041,1.0133928571428572,0.0,0.0,2029.3073979591836,6.184343112244897,0.492984693877551,0.5204081632653061,7.541454081632653,2050.0,2200.0,0.0778061224489796,0.0,0.9221938775510204,0.0638477801268499,0.33801268498942916,0.36854122621564483,0.22959830866807612,0.513530522341095
791,987.6275862068966,1.3593869731800767,0.0,0.0,2062.135632183908,1.1133563218390803,0.675095785440613,0.6842911877394636,7.317241379310345,2060.0,2186.0000000000014,0.01839080459770115,0.0,0.9816091954022989,0.06733689391559326,0.37836422662058855,0.34506231018954864,0.20923656927426956,0.5033821871476888
792,994.6395262768319,1.700962250185048,0.0,0.0,2052.5884529977793,3.6513693560325686,0.7957068837897854,0.9052553663952627,7.9851961509992595,2060.0,2180.0,0.08364174685418209,0.0,0.9163582531458179,0.07415647015202076,0.40526510938079346,0.3227660363366704,0.19781238413051538,0.5322019147084421
793,971.4242819843342,1.0182767624020888,0.0,0.0,2052.5026109660575,3.5200391644908615,0.4980417754569191,0.5202349869451697,7.492167101827676,2060.0,2210.0,0.0587467362924282,0.0,0.9412532637075718,0.06708485798919672,0.34500784108729743,0.30527966544694196,0.2826276354765639,0.5108974358974359
794,982.8744662681469,1.4961571306575576,0.0,0.0,2057.4218616567036,2.536345004269855,0.6789069171648164,0.8172502134927413,7.800170794192997,2050.0,2190.0,0.030742954739538857,0.0,0.9692570452604612,0.07181957521348807,0.4067221370702868,0.33807751259032187,0.18338077512590323,0.5462328767123288
795,1001.2297998517421,1.938472942920682,0.0,0.0,2059.277242401779,3.8155967383246847,0.9243884358784284,1.0140845070422535,7.6997776130467015,2070.0,2190.0,0.08969607116382505,0.0,0.910303928836175,0.07451622220082796,0.3645903533262732,0.35871762780398575,0.20217579666891305,0.5231357552581262
796,959.1979030144167,1.4403669724770642,0.0,0.0,2036.4829619921363,6.252182175622543,0.755570117955439,0.6847968545216252,7.444298820445609,2060.0,2210.0,0.06815203145478375,0.0,0.9318479685452162,0.06452464788732394,0.3050176056338028,0.3351232394366197,0.2953345070422535,0.4754322111010009
797,983.963111467522,2.281475541299118,0.0,0.0,2082.1347233360066,0.873159582999198,1.090617481956696,1.1908580593424218,7.5180433039294305,2070.0,2240.0,0.014434643143544507,0.0,0.9855653568564555,0.06752,0.38261333333333336,0.3303466666666667,0.21952,0.5219683655536028
798,959.5377431906614,1.8303501945525291,0.0,0.0,2051.591439688716,4.105937743190662,0.8459143968871595,0.9844357976653697,8.189105058365758,2070.0,2180.0,0.09027237354085603,0.0,0.909727626459144,0.07725933669105768,0.4080585384396085,0.3253824954860781,0.18929962938325573,0.5378401360544217
799,999.462783171521,1.5980582524271845,0.0,0.0,2066.1326860841423,3.7337993527508093,0.7909385113268609,0.8071197411003236,7.883495145631068,2070.0,2246.0000000000014,0.05307443365695793,0.0,0.946925566343042,0.05927750410509031,0.3281609195402299,0.3743021346469622,0.23825944170771757,0.5050627784528149
800,1001.4220532319391,1.6433460076045627,0.0,0.0,2062.5437262357414,3.0299923954372625,0.7893536121673004,0.8539923954372624,7.451711026615969,2060.0,2220.0,0.028897338403041824,0.0,0.9711026615969581,0.06572099193795285,0.40004082049188694,0.34095315848555974,0.19328502908460046,0.5196668209162425
801,973.8945736434108,2.441860465116279,0.0,0.0,2061.060465116279,3.644364341085271,1.1170542635658915,1.3248062015503876,8.274418604651164,2070.0,2210.0,0.08139534883720931,0.0,0.9186046511627907,0.077103241521454,0.3974142776840922,0.3400786958965711,0.1854037848978827,0.5425396825396825
802,945.8761232349166,1.3915275994865213,0.0,0.0,2040.6110397946084,5.597021822849808,0.6989730423620025,0.6925545571245186,7.53594351732991,2060.0,2200.0,0.06161745827984596,0.0,0.938382541720154,0.0652414615450132,0.32305595775487606,0.3442636913380462,0.26743888936206456,0.4976937269372694
803,942.1008950366152,1.6834825061025225,0.0,0.0,2087.2034174125306,0.5226362896663954,0.790886899918633,0.8925956061838893,7.347436940602115,2060.0,2242.0000000000005,0.01627339300244101,0.0,0.983726606997559,0.06998892580287928,0.4059800664451827,0.2805094130675526,0.2435215946843854,0.5302078298695022
804,961.9728841413312,1.6836483155299917,0.0,0.0,2037.1109285127363,4.902185702547247,0.7978635990139687,0.885784716516023,8.13722267871816,2060.0,2160.0,0.10435497124075596,0.0,0.895645028759244,0.08037968292436636,0.43501969100272647,0.3232353832172069,0.16136524285570028,0.5261102977061981
805,976.0472388556221,1.2867598137059215,0.0,0.0,2043.8895542248836,4.692581503659348,0.6726546906187625,0.614105123087159,7.63872255489022,2050.0,2200.0,0.06320691949434465,0.0,0.9367930805056554,0.06488981796010801,0.2856022994512673,0.380715965508231,0.2687919170803937,0.4772492244053775
806,942.7768273716952,1.5489891135303266,0.0,0.0,2073.120528771384,0.3261430793157076,0.6998444790046656,0.8491446345256609,7.2791601866251945,2060.0,2200.0,0.013219284603421462,0.0,0.9867807153965785,0.06858241640850336,0.3544493109710501,0.32432432432432434,0.2526439482961222,0.5481927710843374
807,973.6325660699063,2.368286445012788,0.0,0.0,2064.5098039215686,3.709539641943734,1.0494458653026428,1.318840579710145,8.202898550724637,2070.0,2210.0,0.08013640238704177,0.0,0.9198635976129582,0.08096029931407192,0.4181043442111827,0.32612762419455416,0.17480773228019122,0.5568754499640028
808,962.7493523316062,1.366580310880829,0.0,0.0,2044.946243523316,4.4280958549222795,0.7066062176165803,0.6599740932642487,7.634715025906735,2060.0,2200.0,0.05893782383419689,0.0,0.9410621761658031,0.06345436036647438,0.31396335256192737,0.35714285714285715,0.2654394299287411,0.4829383886255924
809,986.5014880952381,1.3043154761904763,0.0,0.0,2066.5706845238096,0.8853645833333332,0.6361607142857143,0.6681547619047619,7.386160714285714,2060.0,2190.0,0.01488095238095238,0.0,0.9851190476190477,0.06477284174473658,0.3744333635539438,0.3446156945703637,0.21617810013095598,0.5122646891043925
810,986.9900306748466,2.1894171779141103,0.0,0.0,2058.7446319018404,4.8958742331288345,1.0015337423312884,1.187883435582822,8.365030674846626,2070.0,2207.0000000000005,0.10506134969325154,0.0,0.8949386503067485,0.07535753575357536,0.4442610927759443,0.32994132746607996,0.15044004400440045,0.5425569176882662
811,978.2826808228268,1.6635700066357,0.0,0.0,2055.187790311878,4.216350364963503,0.8526874585268746,0.8108825481088254,7.8347710683477105,2060.0,2230.0,0.05308560053085601,0.0,0.946914399469144,0.059625645803337006,0.3126958583890912,0.3823155755060557,0.24536292030151605,0.4874351814918229
812,950.4111675126903,1.3698332124728063,0.0,0.0,2070.9108049311094,1.3908629441624365,0.6424945612762871,0.7273386511965192,7.326323422770123,2060.0,2220.0,0.02030456852791878,0.0,0.9796954314720813,0.06433732554686726,0.34197763040680984,0.3414827279026032,0.2522023161437197,0.5309687665431445
813,975.0894439967768,1.742143432715552,0.0,0.0,2059.7929089443996,3.691933924254633,0.7767929089443997,0.9653505237711523,8.037066881547139,2060.0,2190.0,0.07413376309427881,0.0,0.9258662369057212,0.08211349508722679,0.4217966713454983,0.28042911570082213,0.21566071786645277,0.5541165587419057
814,950.2945906432749,1.0592105263157894,0.0,0.0,2031.357456140351,6.303940058479531,0.5182748538011696,0.5409356725146199,7.966374269005848,2050.0,2190.0,0.06286549707602339,0.0,0.9371345029239766,0.06689300789135622,0.34877959258579555,0.37428886034134706,0.2100385391815012,0.5106970324361628
815,995.4483013293944,2.0937961595273262,0.0,0.0,2080.1964549483014,-0.0005686853766617296,1.0036927621861151,1.0901033973412113,7.302067946824224,2060.0,2220.0,0.011816838995568686,0.0,0.9881831610044313,0.06301203600687771,0.34287448164256096,0.3553150601800344,0.23879842217052696,0.5206349206349207
816,950.3422924901186,1.967588932806324,0.0,0.0,2054.2869565217393,4.305802371541502,0.9241106719367589,1.0434782608695652,7.824505928853755,2070.0,2200.0,0.09249011857707509,0.0,0.9075098814229249,0.07920792079207921,0.3917963224893918,0.3166296221458881,0.21236613457264095,0.5303334672559261
817,948.7479050279329,1.848463687150838,0.0,0.0,2050.0914804469276,4.252981843575419,0.9476256983240223,0.9008379888268156,7.668296089385475,2060.0,2220.0,0.057960893854748605,0.0,0.9420391061452514,0.06620526363719151,0.3245606046808123,0.37728804298333485,0.23194608869866132,0.4873441632036267
818,968.0671641791045,1.7813432835820895,0.0,0.0,2068.2895522388058,1.4143134328358207,0.8649253731343284,0.9164179104477612,7.46044776119403,2060.0,2210.0,0.020149253731343283,0.0,0.9798507462686568,0.06682004601380415,0.36600980294088226,0.3219965989796939,0.2451735520656197,0.514453288646837
819,991.0715935334873,1.9753656658968437,0.0,0.0,2075.3048498845264,3.2801462663587375,0.9353348729792148,1.040030792917629,8.23941493456505,2070.0,2250.0,0.07621247113163972,0.0,0.9237875288683602,0.07390451275343361,0.421190320470896,0.34392226478557414,0.16098290199009624,0.5265003897116134
820,987.0258278145695,1.3397350993377484,0.0,0.0,2029.9953642384105,6.588649006622517,0.6814569536423841,0.6582781456953642,7.78476821192053,2050.0,2210.0,0.07748344370860927,0.0,0.9225165562913907,0.06261165461505742,0.3439387494683114,0.3591663122075712,0.23428328370906,0.4913494809688581
821,995.2072498029945,2.0961386918833727,0.0,0.0,2077.9708431836093,1.4579905437352245,1.0315208825847124,1.0646178092986605,7.572892040977147,2070.0,2230.0,0.017336485421591805,0.0,0.9826635145784082,0.0696149843912591,0.38241415192507805,0.3355879292403746,0.21238293444328823,0.5078947368421053
822,973.8709187547456,1.9020501138952164,0.0,0.0,2051.2224753227033,4.43749430523918,0.8185269552012149,1.0835231586940015,7.994684889901291,2070.0,2170.0,0.0888382687927107,0.0,0.9111617312072893,0.07769018900180454,0.4028872637477443,0.32063823724950136,0.19878431000094976,0.5696606786427145
823,970.7088859416446,1.4721485411140585,0.0,0.0,2059.882625994695,3.966100795755968,0.7400530503978779,0.7320954907161804,7.712201591511937,2060.0,2230.0,0.059018567639257294,0.0,0.9409814323607427,0.06775580395528805,0.34411006018916596,0.30421324161650903,0.283920894239037,0.4972972972972973
824,979.7056277056278,1.6294372294372295,0.0,0.0,2068.330735930736,1.6364242424242423,0.7740259740259741,0.8554112554112554,7.801731601731602,2060.0,2190.0,0.024242424242424242,0.0,0.9757575757575757,0.07291088669404061,0.4062812118521807,0.33547885917212295,0.18532904228165575,0.5249734325185972
825,986.2613814756672,1.7558869701726845,0.0,0.0,2050.7613814756673,4.813257456828886,0.7864992150706437,0.9693877551020408,7.810832025117739,2060.0,2190.0,0.09811616954474098,0.0,0.901883830455259,0.08129836197367099,0.36418450406994274,0.3590593910159783,0.195457742940408,0.5520786767992848
826,933.4703166226913,1.0356200527704484,0.0,0.0,2047.1101583113457,4.023509234828496,0.5415567282321899,0.4940633245382586,7.389841688654354,2060.0,2200.0,0.052110817941952506,0.0,0.9478891820580475,0.0637329286798179,0.3012585914487191,0.332857270374007,0.30215120949745605,0.4770700636942675
827,995.8486312399356,1.6561996779388084,0.0,0.0,2080.7399355877615,1.007632850241546,0.7584541062801933,0.8977455716586151,7.392914653784219,2060.0,2230.0,0.020933977455716585,0.0,0.9790660225442834,0.07057285994336746,0.39228926159878025,0.3223698540622958,0.21476802439555653,0.5420515313563442
828,970.1585735963581,2.3861911987860394,0.0,0.0,2050.286798179059,5.5527693474962065,1.1335356600910471,1.2526555386949925,8.022003034901365,2060.0,2190.0,0.1039453717754173,0.0,0.8960546282245827,0.07613733093729311,0.39979192282228315,0.32904568239856236,0.19502506384186136,0.5249602543720191
829,995.5108767303889,1.5735003295978907,0.0,0.0,2062.0349373764006,3.8977059986816083,0.7765326301911668,0.7969676994067239,7.963085036255768,2060.0,2240.0,0.05273566249176005,0.0,0.9472643375082399,0.05645695364238411,0.3259933774834437,0.38228476821192053,0.23526490066225167,0.5064935064935064
830,1010.2319627618309,1.6850271528316525,0.0,0.0,2050.0403413498834,4.004988363072149,0.7470907680372382,0.9379363847944143,7.672614429790535,2060.0,2200.0,0.0395655546935609,0.0,0.9604344453064391,0.06501516683518706,0.39858442871587463,0.3417593528816987,0.19464105156723963,0.5566298342541437
831,956.5940138142747,2.012279355333845,0.0,0.0,2052.373752877974,4.798388334612433,0.8994627782041443,1.1128165771297007,8.079048349961626,2060.0,2200.0,0.09056024558710668,0.0,0.9094397544128934,0.0788448750831196,0.3915645483043602,0.3415977961432507,0.1879927804692695,0.5530129672006102
832,980.1067452521283,1.5494433529796987,0.0,0.0,2041.5717092337918,5.163817943680419,0.7236411263916176,0.8258022265880812,7.912901113294041,2060.0,2200.0,0.07858546168958742,0.0,0.9214145383104125,0.06331209136803774,0.331291897707523,0.34147148886865847,0.2639245220557809,0.532967032967033
833,969.6233183856502,1.7772795216741406,0.0,0.0,2086.487294469357,0.23258594917787748,0.8266068759342302,0.9506726457399103,6.973841554559043,2060.0,2240.0,0.01046337817638266,0.0,0.9895366218236173,0.0664451827242525,0.39652770335441,0.2868931518593934,0.25013396206194405,0.5349032800672834
834,966.2482100238664,1.675417661097852,0.0,0.0,2047.1201272871917,4.801869530628481,0.7915672235481305,0.8838504375497216,8.03659506762132,2060.0,2180.0,0.10898965791567224,0.0,0.8910103420843277,0.07869728766580875,0.44129875272223323,0.3181548208275589,0.16184913878439913,0.5275403608736942
835,987.071523178808,1.1112582781456954,0.0,0.0,2040.3841059602648,5.7297615894039735,0.5668874172185431,0.5443708609271524,7.739735099337748,2050.0,2210.0,0.06357615894039735,0.0,0.9364238410596026,0.0636604774535809,0.2918627534867802,0.3818772995636177,0.2625994694960212,0.4898688915375447
836,954.5252679938744,1.3124042879019908,0.0,0.0,2062.2932618683003,1.4580551301684532,0.610260336906585,0.7021439509954058,7.198315467075038,2060.0,2180.0,0.018376722817764167,0.0,0.9816232771822359,0.06616317413041166,0.3595362195511116,0.31326454632485906,0.2610360599936177,0.5350058343057176
837,946.2359098228663,1.607085346215781,0.0,0.0,2053.541062801932,3.288824476650564,0.789049919484702,0.8180354267310789,7.802737520128824,2060.0,2180.0,0.07246376811594203,0.0,0.927536231884058,0.07966154163657001,0.42059642967701993,0.32081312558043545,0.17892890310597462,0.5090180360721442
838,958.5090909090909,1.566883116883117,0.0,0.0,2052.8064935064936,3.7439415584415583,0.7655844155844156,0.8012987012987013,7.722077922077922,2060.0,2210.0,0.05454545454545454,0.0,0.9454545454545454,0.06449714093508241,0.31180625630676084,0.35418768920282545,0.2695089135553313,0.5113966017405719
839,1009.4642857142857,1.3115501519756838,0.0,0.0,2065.7560790273556,0.9482142857142857,0.6436170212765957,0.6679331306990881,7.5121580547112465,2060.0,2190.0,0.015957446808510637,0.0,0.9840425531914894,0.06423224762290107,0.37355856767145457,0.343010317620878,0.21919886708476632,0.5092699884125145
840,1028.2756211180124,1.673913043478261,0.0,0.0,2045.4153726708075,4.722740683229814,0.7958074534161491,0.8781055900621118,8.347826086956522,2070.0,2170.0,0.10947204968944099,0.0,0.890527950310559,0.07338169642857142,0.4373139880952381,0.32998511904761907,0.15931919642857142,0.524582560296846
841,992.1548172757475,1.6445182724252492,0.0,0.0,2043.202657807309,5.091056478405315,0.8544850498338871,0.7900332225913621,7.859136212624585,2050.0,2216.0000000000014,0.06378737541528239,0.0,0.9362126245847177,0.0637470409198512,0.3166215759215421,0.37073047007101795,0.24890091308758877,0.4804040404040404
842,1008.9462897526502,1.306713780918728,0.0,0.0,2057.329328621908,1.5187420494699646,0.607773851590106,0.6989399293286219,7.1441696113074205,2050.0,2180.0,0.02049469964664311,0.0,0.9795053003533569,0.06449698288653676,0.34236818676426944,0.3335641507567514,0.2595706795924424,0.5348837209302325
843,974.3658903080391,1.777610818933133,0.0,0.0,2061.0435762584525,3.7519759579263714,0.8692712246431255,0.9083395942900075,7.655897821187077,2070.0,2200.0,0.0743801652892562,0.0,0.9256198347107438,0.07733071638861629,0.4259077526987242,0.27850834151128556,0.2182531894013739,0.510989010989011
844,960.7032890132961,1.43666899930021,0.0,0.0,2042.660601819454,5.349125262421273,0.6431070678796361,0.7935619314205739,7.734779566130161,2050.0,2210.0,0.06717984604618614,0.0,0.9328201539538139,0.06695014928073827,0.3549262643626165,0.36858771374287524,0.20953587261377002,0.5523623964929372
845,991.4374553252323,1.7369549678341674,0.0,0.0,2066.5689778413152,2.2994424588992137,0.8463187991422445,0.8906361686919227,7.134381701215154,2060.0,2210.0,0.02573266619013581,0.0,0.9742673338098642,0.06432221220318605,0.34415389239555155,0.3517683598837792,0.23975553551748321,0.5127572016460905
846,950.4927203065134,1.9624521072796934,0.0,0.0,2040.8651340996169,6.465724137931034,0.9157088122605364,1.046743295019157,7.567816091954023,2060.0,2200.0,0.10727969348659004,0.0,0.89272030651341,0.07867557715674361,0.3991494532199271,0.314196030781693,0.2079789388416363,0.5333853963295587
847,965.1124137931034,2.0910344827586207,0.0,0.0,2060.598620689655,3.675510344827586,1.1048275862068966,0.9862068965517241,7.597241379310345,2060.0,2230.0,0.05517241379310345,0.0,0.9448275862068966,0.06345315904139434,0.32616194625998546,0.37363834422657954,0.23674655047204066,0.4716358839050132
848,991.137984496124,2.2930232558139534,0.0,0.0,2075.625581395349,1.6891317829457364,1.086046511627907,1.2069767441860466,7.428682170542635,2060.0,2230.0,0.020155038759689922,0.0,0.9798449612403101,0.06761974329541898,0.38683084629030573,0.3151413962224773,0.230408014191798,0.526369168356998
849,969.2961808261887,2.165237724084178,0.0,0.0,2080.2844894777863,4.20796570537802,1.0124707716289945,1.1527669524551831,8.324240062353859,2080.0,2260.0,0.08106001558846454,0.0,0.9189399844115355,0.07322097378277154,0.4095505617977528,0.35009363295880147,0.16713483146067415,0.5323974082073434
850,972.4551282051282,1.483974358974359,0.0,0.0,2033.1115384615384,7.092314102564103,0.7410256410256411,0.742948717948718,7.717948717948718,2060.0,2220.0,0.08076923076923077,0.0,0.9192307692307692,0.06237541528239203,0.3470930232558139,0.36129568106312293,0.2292358803986711,0.5006479481641468
851,1004.8932496075353,2.0031397174254315,0.0,0.0,2090.5423861852432,1.5687755102040815,0.9976452119309263,1.0054945054945055,7.655416012558869,2070.0,2280.0,0.02119309262166405,0.0,0.978806907378336,0.06787655080488054,0.37998564544242797,0.34543217471547216,0.2067056290372193,0.5019592476489029
852,987.762084592145,2.1283987915407856,0.0,0.0,2061.7794561933533,5.030543806646525,0.9154078549848943,1.2129909365558913,8.098187311178247,2070.0,2220.0,0.08761329305135952,0.0,0.9123867069486404,0.0740533482559224,0.3992725237828763,0.3200895355344152,0.20658459242678603,0.5699077359829666
853,955.0914593140551,1.4277067921990585,0.0,0.0,2051.595830531271,4.918950907868191,0.7424344317417619,0.6852723604572966,7.705447209145931,2050.0,2230.0,0.06321452589105582,0.0,0.9367854741089442,0.06528189910979229,0.3414208413335661,0.2998778146273346,0.29341944492930705,0.4799811587376354
854,976.3497872340425,1.905531914893617,0.0,0.0,2071.343829787234,2.1661531914893617,0.9685106382978723,0.9370212765957446,7.6178723404255315,2060.0,2210.0,0.023829787234042554,0.0,0.9761702127659575,0.06960116188135404,0.41403195173723606,0.3280080437939895,0.1883588425874204,0.49173738276016077
855,1017.3420045906656,1.5263963274674828,0.0,0.0,2063.0986993114,4.1158377964804895,0.6924254016832441,0.8339709257842387,7.902065799540933,2070.0,2190.0,0.09104820198928845,0.0,0.9089517980107116,0.07649109217660728,0.363574748257165,0.3640588690937258,0.19587529047250193,0.5463659147869674
856,948.9444444444445,1.4043927648578811,0.0,0.0,2047.795219638243,4.507842377260982,0.7467700258397932,0.6576227390180879,7.23578811369509,2060.0,2220.0,0.05103359173126615,0.0,0.9489664082687338,0.06374430854388001,0.30550843674671907,0.3355950361574859,0.295152218551915,0.46826126954921804
857,956.0803043110735,1.9205409974640744,0.0,0.0,2080.8596787827555,2.434590025359256,0.9323753169907016,0.9881656804733728,7.621301775147929,2070.0,2277.9999999999995,0.023668639053254437,0.0,0.9763313609467456,0.06787932564330079,0.40039929015084297,0.3270851818988465,0.20463620230700977,0.514524647887324
858,944.5029717682021,1.9457652303120356,0.0,0.0,2058.6649331352155,4.91148588410104,0.8967310549777118,1.049034175334324,7.862555720653789,2070.0,2220.0,0.09955423476968796,0.0,0.9004457652303121,0.0742700557497874,0.40253236322403857,0.3245771520362846,0.19862042898988944,0.5391370752195495
859,974.2212041884817,1.7729057591623036,0.0,0.0,2069.865837696335,3.796531413612566,0.8468586387434555,0.9260471204188482,7.917539267015707,2070.0,2250.0,0.058900523560209424,0.0,0.9410994764397905,0.058687386344850385,0.33179037857497107,0.37634319722268145,0.2331790378574971,0.5223329641934293
860,990.8542159180457,1.3821907013396375,0.0,0.0,2060.6966115051223,3.323869188337273,0.6012608353033885,0.780929866036249,7.87785657998424,2060.0,2220.0,0.03309692671394799,0.0,0.966903073286052,0.06491947584275283,0.3992197659297789,0.3442032609782935,0.19165749724917475,0.564994298745724
861,965.6930161166539,1.9938603223330775,0.0,0.0,2065.787413660783,4.709324635456639,0.8749040675364543,1.1189562547966232,8.129700690713738,2070.0,2220.0,0.08979278587874137,0.0,0.9102072141212586,0.0731615217596526,0.38657604078164826,0.35561219673369204,0.18465024072500708,0.5612009237875288
862,970.2168447517284,1.4336895034569452,0.0,0.0,2049.1213073538656,4.917831552482715,0.7529855436832181,0.6807039597737272,7.441860465116279,2060.0,2220.0,0.06913890634820867,0.0,0.9308610936517914,0.061402027027027024,0.32432432432432434,0.344847972972973,0.26942567567567566,0.4747917580008768
863,959.1048513302035,1.161189358372457,0.0,0.0,2066.1009389671362,1.7020266040688576,0.5876369327073553,0.5735524256651017,7.2981220657277,2060.0,2200.0,0.017996870109546165,0.0,0.9820031298904538,0.06636646295700654,0.3969121904149244,0.2856223866194918,0.25109896000857723,0.4939353099730458
864,973.0218671152229,1.3238015138772077,0.0,0.0,2043.2489486963834,4.372136248948697,0.6593776282590412,0.6644238856181666,8.376787216148024,2050.0,2172.0000000000005,0.09840201850294365,0.0,0.9015979814970564,0.08002008032128514,0.43443775100401605,0.3225903614457831,0.16295180722891567,0.5019059720457433
865,984.9744597249509,1.0798952193844138,0.0,0.0,2045.6666666666667,5.149371316306484,0.5402750491159135,0.5396201702685003,7.694826457105435,2060.0,2200.0,0.07007203667321546,0.0,0.9299279633267845,0.06459574468085107,0.29217021276595745,0.3781276595744681,0.2651063829787234,0.4996967859308672
866,955.1490880253767,2.1165741475019826,0.0,0.0,2078.544805709754,1.480650277557494,0.9888977002379065,1.1276764472640761,7.32355273592387,2060.0,2250.0,0.019825535289452814,0.0,0.9801744647105471,0.0660530590146183,0.3675148890092041,0.32528424472116946,0.24114780725500812,0.5327838141626077
867,957.8100158982512,1.9848966613672496,0.0,0.0,2065.1947535771064,3.407154213036566,0.9213036565977742,1.0635930047694753,7.849761526232115,2060.0,2200.0,0.0739268680445151,0.0,0.9260731319554849,0.0830379746835443,0.40141772151898736,0.3306329113924051,0.1849113924050633,0.5358430116139368
868,954.9205426356589,1.449612403100775,0.0,0.0,2045.8443152454781,5.601905684754522,0.7286821705426356,0.7209302325581395,7.746770025839793,2050.0,2220.0,0.06718346253229975,0.0,0.9328165374677002,0.06462641761174116,0.309873248832555,0.3566544362908606,0.2688458972648432,0.49732620320855614
869,960.5053846153846,1.4223076923076923,0.0,0.0,2060.7184615384617,2.0357230769230767,0.6815384615384615,0.7407692307692307,7.733076923076923,2060.0,2200.0,0.021538461538461538,0.0,0.9784615384615385,0.064060479458868,0.37421665174574753,0.35103949069929374,0.21068337809609072,0.5208220659816117
870,969.222891566265,0.8712349397590361,0.0,0.0,2042.671686746988,4.5438177710843375,0.42771084337349397,0.4435240963855422,8.319277108433734,2060.0,2170.0,0.11370481927710843,0.0,0.8862951807228916,0.07413106444605358,0.43066618392469225,0.34160028964518463,0.15360246198406952,0.5090751944684528
871,956.0431937172775,1.281413612565445,0.0,0.0,2035.1871727748692,6.405772251308901,0.6551047120418848,0.6263089005235603,7.820680628272251,2050.0,2220.0,0.06544502617801047,0.0,0.9345549738219895,0.06292887029288703,0.3174058577405858,0.37506276150627615,0.24460251046025105,0.4887640449438202
872,933.0547550432277,1.068443804034582,0.0,0.0,2060.3033141210376,1.1628890489913546,0.5122478386167147,0.5561959654178674,7.2881844380403455,2060.0,2190.0,0.015129682997118156,0.0,0.9848703170028819,0.06514432582048241,0.3474693554764729,0.33659549228944247,0.25079082641360223,0.5205664194200944
873,954.3749031758327,1.1951975213013168,0.0,0.0,2065.2292796281954,2.3448799380325327,0.546862896979086,0.6483346243222309,7.7924089852827265,2070.0,2180.0,0.06506584043377227,0.0,0.9349341595662277,0.07693836978131213,0.41302186878727637,0.29463220675944335,0.2154075546719682,0.542449773169151
874,949.2136812411848,1.349083215796897,0.0,0.0,2039.9407616361073,6.920409026798307,0.7002820874471086,0.6488011283497884,7.883638928067701,2060.0,2210.0,0.07968970380818054,0.0,0.9203102961918195,0.06834242776634762,0.3546828875570266,0.3667591018874676,0.21021558278915825,0.48092002090956615
875,980.4421518054532,1.621223286661754,0.0,0.0,2062.2733971997054,1.4642299189388357,0.8039793662490788,0.817243920412675,7.459837877671334,2060.0,2200.0,0.01989683124539425,0.0,0.9801031687546058,0.06381507458263361,0.33814086733181864,0.35147683493035664,0.24656722315519114,0.5040909090909091
876,930.0880062305296,1.928348909657321,0.0,0.0,2055.181464174455,4.899361370716511,0.910436137071651,1.0179127725856698,7.749221183800623,2070.0,2200.0,0.0926791277258567,0.0,0.9073208722741433,0.08321608040201005,0.39768844221105526,0.31055276381909547,0.20854271356783918,0.5278675282714055
877,940.870218579235,1.6762295081967213,0.0,0.0,2048.6693989071036,5.329439890710383,0.8210382513661202,0.855191256830601,7.616803278688525,2060.0,2220.0,0.06967213114754098,0.0,0.930327868852459,0.06546498071921801,0.3319881624966371,0.37090843870504886,0.23163841807909605,0.5101874490627547
878,954.9453846153846,2.036153846153846,0.0,0.0,2075.9023076923077,0.927823076923077,0.9830769230769231,1.053076923076923,7.558461538461539,2060.0,2210.0,0.018461538461538463,0.0,0.9815384615384616,0.0678811316914309,0.3786891919397517,0.3154895176063505,0.23794015876246694,0.5171892708726861
879,955.9201252936571,1.8332028191072827,0.0,0.0,2055.1041503523884,4.553414252153485,0.8997650743931088,0.9334377447141738,8.257635082223963,2060.0,2200.0,0.09005481597494126,0.0,0.9099451840250588,0.07311522048364154,0.41403508771929826,0.34727358937885255,0.1655761024182077,0.5091841093549765
880,963.8373612018289,0.9581972566949706,0.0,0.0,2021.920966688439,7.105062050947094,0.5323318092749837,0.42586544741998694,7.888961463096016,2050.0,2200.0,0.09079033311561072,0.0,0.9092096668843893,0.06499420433846663,0.34575260804769004,0.3622288458354032,0.22702434177844014,0.4444444444444444
881,970.0861538461538,1.5476923076923077,0.0,0.0,2077.5692307692307,1.0499615384615384,0.7515384615384615,0.7961538461538461,7.484615384615385,2060.0,2220.0,0.019230769230769232,0.0,0.9807692307692307,0.06628982528263104,0.3762589928057554,0.34265159301130527,0.2147995889003083,0.51441351888668
882,932.4491654021244,1.2040971168437027,0.0,0.0,2057.4203338391503,4.273937784522003,0.5918057663125948,0.6122913505311077,8.04628224582701,2060.0,2200.0,0.08877086494688922,0.0,0.9112291350531108,0.07590759075907591,0.3981140971239981,0.3303158887317303,0.19566242338519566,0.5085066162570888
883,941.0473292765382,1.0845165652467883,0.0,0.0,2048.874915483435,4.580845165652468,0.5354969574036511,0.5490196078431373,7.839080459770115,2060.0,2220.0,0.06490872210953347,0.0,0.9350912778904665,0.0652923926168708,0.3444022770398482,0.30015525271692256,0.29015007762635847,0.5062344139650873
884,945.5715474209651,1.4559068219633944,0.0,0.0,2069.920133111481,2.4295590682196337,0.6405990016638935,0.8153078202995009,7.6738768718802,2060.0,2200.0,0.025790349417637273,0.0,0.9742096505823628,0.06862532523850824,0.4056808326105811,0.3391153512575889,0.18657849089332176,0.56
885,973.4405487804878,1.610518292682927,0.0,0.0,2062.418445121951,3.314047256097561,0.8010670731707317,0.8094512195121951,7.952743902439025,2060.0,2210.0,0.08003048780487805,0.0,0.9199695121951219,0.07695993866206632,0.3655357485144719,0.3658232700785892,0.19168104274487252,0.5026029342167534
886,939.8422117329737,1.4173971679028996,0.0,0.0,2052.1260957518543,4.124463924477411,0.7599460552933244,0.6574511126095752,7.544841537424141,2060.0,2220.0,0.05057316250842886,0.0,0.9494268374915711,0.06327643221020646,0.3028867637858611,0.3376530521047457,0.2961837518991867,0.4638439581351094
887,944.8754988028732,1.6440542697525937,0.0,0.0,2080.023942537909,1.0522984836392657,0.7877094972067039,0.8563447725458898,7.3830806065442935,2060.0,2230.0,0.018355945730247406,0.0,0.9816440542697525,0.07058696357150579,0.3872013836342017,0.33272078694195223,0.20949086585234028,0.5208737864077669
888,975.5694656488549,1.748854961832061,0.0,0.0,2059.608396946565,4.101137404580152,0.834351145038168,0.9145038167938931,8.138931297709924,2060.0,2210.0,0.09083969465648854,0.0,0.9091603053435114,0.07493903582817482,0.4039579816169574,0.3297692740574001,0.19133370849746764,0.5229157573112178
889,956.1462783171521,1.1864077669902913,0.0,0.0,2065.493203883495,3.248673139158576,0.5598705501618123,0.626537216828479,7.945631067961165,2060.0,2230.0,0.05501618122977346,0.0,0.9449838187702265,0.05865102639296188,0.32877158683610297,0.3765070055392636,0.23607038123167157,0.5280960174577196
890,985.23226812159,1.1722525331254872,0.0,0.0,2059.0226032735777,2.4378643803585347,0.54871395167576,0.6235385814497272,7.737334372564303,2060.0,2200.0,0.019485580670303974,0.0,0.9805144193296961,0.06326181122192001,0.39014808099123605,0.347537020247809,0.19905308753903495,0.5319148936170213
891,989.0710424710425,1.9637065637065636,0.0,0.0,2062.3135135135135,5.4228030888030885,0.894980694980695,1.0687258687258687,8.21003861003861,2070.0,2230.0,0.0918918918918919,0.0,0.9081081081081082,0.07552671181339353,0.39663280662151995,0.3413280662151994,0.18651241534988713,0.5442390876917027
892,977.4202992843201,1.2862719583604425,0.0,0.0,2048.9518542615483,5.112537410540013,0.6519193233571894,0.6343526350032531,7.692908262849707,2060.0,2220.0,0.06701366297983084,0.0,0.9329863370201692,0.0631765899864682,0.3240020297699594,0.3434539918809202,0.2693673883626522,0.4931714719271624
893,986.0295007564297,1.2874432677760967,0.0,0.0,2073.3532526475037,1.4133282904689863,0.613464447806354,0.6739788199697428,7.290468986384266,2070.0,2220.0,0.019667170953101363,0.0,0.9803328290468987,0.06661133015148371,0.38638721726499275,0.29072421664245696,0.2562772359410666,0.5235017626321974
894,1012.665,2.2333333333333334,0.0,0.0,2050.4975,6.0220666666666665,1.03,1.2033333333333334,8.24,2060.0,2210.0,0.11583333333333333,0.0,0.8841666666666667,0.08070388349514564,0.4313309061488673,0.32807443365695793,0.15989077669902912,0.5388059701492537
895,987.5654145077721,1.0537564766839378,0.0,0.0,2042.8769430051814,5.3987370466321245,0.5181347150259067,0.5356217616580311,7.682642487046632,2060.0,2210.0,0.06865284974093264,0.0,0.9313471502590673,0.06449165402124431,0.2928679817905918,0.38088012139605465,0.26176024279210924,0.5082974800245851
896,971.7100903614457,1.3155120481927711,0.0,0.0,2071.1152108433735,1.32710843373494,0.6024096385542169,0.7131024096385542,7.296686746987952,2060.0,2220.0,0.01957831325301205,0.0,0.9804216867469879,0.06604747162022703,0.3479876160990712,0.32301341589267285,0.2629514963880289,0.5420721236405266
897,984.4606557377049,2.455737704918033,0.0,0.0,2065.489344262295,3.9536475409836065,1.1778688524590164,1.2778688524590165,8.048360655737705,2060.0,2220.0,0.0778688524590164,0.0,0.9221311475409836,0.08096547509929729,0.41154903758020167,0.3274264181688563,0.18005906915164477,0.5203604806408545
898,982.410783055199,1.0866495507060334,0.0,0.0,2038.2991014120666,5.04107188703466,0.6033376123234917,0.4833119383825417,7.655327342747111,2050.0,2190.0,0.06225930680359435,0.0,0.9377406931964056,0.06279869204326319,0.30862748386014927,0.35683742768508425,0.2717363964115033,0.44477259303012406
899,1006.4644284572342,1.7553956834532374,0.0,0.0,2067.3517186250997,1.1612789768185452,0.9064748201438849,0.8489208633093526,7.78017585931255,2060.0,2210.0,0.016786570743405275,0.0,0.9832134292565947,0.06431727113942258,0.3816911538066372,0.34470358573923765,0.20928798931470255,0.48360655737704916
900,987.1803530314659,1.5932463545663853,0.0,0.0,2043.0936300844205,4.0194551036070605,0.7413660782808903,0.851880276285495,8.337682271680738,2060.0,2170.0,0.09900230237912509,0.0,0.9009976976208749,0.07225699558173784,0.42921575846833576,0.33735272459499266,0.16117452135493374,0.5346820809248555
901,966.6148782093483,1.9934167215273206,0.0,0.0,2045.4805793285057,5.0395786701777485,0.9657669519420672,1.0276497695852536,7.937458854509546,2060.0,2210.0,0.061224489795918366,0.0,0.9387755102040817,0.06319980094550884,0.3179066102678942,0.37596417019158995,0.24292941859500705,0.5155217965653897
902,968.7323420074349,1.6193308550185874,0.0,0.0,2057.897397769517,1.7977620817843865,0.7739776951672862,0.8453531598513011,7.408921933085502,2060.0,2180.0,0.019330855018587362,0.0,0.9806691449814127,0.06512794781736077,0.3467134972403412,0.3380832915203211,0.25007526342197695,0.522038567493113
903,972.7572347266881,1.5578778135048232,0.0,0.0,2057.9533762057877,3.203400321543408,0.6229903536977492,0.934887459807074,8.10048231511254,2070.0,2180.0,0.07717041800643087,0.0,0.9228295819935691,0.07968641460752209,0.42512652575171184,0.28063907909099933,0.2145479805497668,0.6001031991744066
904,959.1721664275466,1.1599713055954088,0.0,0.0,2039.054519368723,5.6469225251076045,0.5824964131994261,0.5774748923959828,7.875896700143472,2050.0,2200.0,0.06886657101865136,0.0,0.9311334289813487,0.06658165588851443,0.3474815556972402,0.3718007104472174,0.21413607796702797,0.49783549783549785
905,957.9763101220387,1.587221823402728,0.0,0.0,2061.0983488872935,1.7099210337401292,0.7832017229002154,0.8040201005025126,7.21608040201005,2050.0,2210.0,0.01722900215362527,0.0,0.9827709978463748,0.06386788698766414,0.34033028253083963,0.3486868284918424,0.2471150019896538,0.506558118498417
906,982.2574712643678,2.1816091954022987,0.0,0.0,2050.8030651340996,3.6739463601532565,1.0268199233716475,1.1547892720306514,7.774712643678161,2060.0,2190.0,0.08582375478927202,0.0,0.9141762452107279,0.0788488074117879,0.398876404494382,0.3172678888231816,0.20500689927064852,0.5293291183702142
907,970.974605353466,1.5820178448867537,0.0,0.0,2049.9732326698695,3.607789979409746,0.8153740562800275,0.7666437886067261,7.532601235415237,2050.0,2210.0,0.053534660260809885,0.0,0.9464653397391901,0.0642369020501139,0.32628701594533027,0.3755808656036446,0.23389521640091115,0.48459869848156184
908,975.9028614457832,2.065512048192771,0.0,0.0,2064.25,2.0816189759036146,0.9774096385542169,1.0881024096385543,7.452560240963855,2050.0,2210.0,0.024096385542168676,0.0,0.9759036144578314,0.06456501970294029,0.3724360917449732,0.3210063655653228,0.24199252298676366,0.5267954794021145
909,958.9466135458167,1.6183266932270917,0.0,0.0,2058.3139442231077,3.336876494023904,0.7569721115537849,0.8613545816733068,8.547410358565736,2070.0,2190.0,0.07569721115537849,0.0,0.9243027888446215,0.07252726764239768,0.4122308194276126,0.3478139274727324,0.1674279854572574,0.5322501230920729
910,958.3629916183107,1.1644100580270793,0.0,0.0,2019.8955512572534,7.9768214055448095,0.6125080593165699,0.5519019987105094,7.771760154738878,2050.0,2200.0,0.09026434558349453,0.0,0.9097356544165055,0.0626348100215696,0.3445329351252696,0.3619545379127261,0.2308777169404347,0.4739756367663344
911,953.2292796281952,1.5755228505034857,0.0,0.0,2059.714949651433,2.569992254066615,0.7699457784663052,0.8055770720371804,7.437645236250968,2060.0,2210.0,0.026336173508907823,0.0,0.9736638264910922,0.06623620079150178,0.3835659237658821,0.34107477608831493,0.20912309935430118,0.511307767944936
912,953.5365126676602,1.7816691505216096,0.0,0.0,2054.1400894187777,3.398412816691505,0.8055141579731744,0.9761549925484352,7.94709388971684,2060.0,2180.0,0.08420268256333831,0.0,0.9157973174366617,0.07660571964369432,0.4027191748710736,0.3212376933895921,0.19943741209563995,0.54788791300711
913,942.1830985915493,1.3105298457411134,0.0,0.0,2052.757209926224,4.389664654594232,0.6599597585513078,0.6505700871898055,7.7364185110663986,2060.0,2210.0,0.056338028169014086,0.0,0.9436619718309859,0.06493281317728652,0.34373645426961424,0.30264412657130474,0.2886866059817945,0.49641760491299897
914,961.3799126637555,1.456768558951965,0.0,0.0,2068.345851528384,1.0709519650655022,0.6899563318777293,0.7668122270742358,7.782532751091703,2060.0,2190.0,0.01834061135371179,0.0,0.9816593886462882,0.07002581079564583,0.4057905958927169,0.33924363146672654,0.1849399618449108,0.526378896882494
915,967.449659348978,1.4322482967448902,0.0,0.0,2053.545798637396,3.80445874337623,0.6661619984859954,0.7660862982588947,7.770628311884936,2060.0,2190.0,0.0817562452687358,0.0,0.9182437547312642,0.07978567949342426,0.3628835849975645,0.36463711641500246,0.19269361909400876,0.5348837209302325
916,930.2387959866221,1.5645484949832775,0.0,0.0,2025.589297658863,7.178595317725753,0.8033444816053512,0.7612040133779264,7.586622073578595,2050.0,2200.0,0.07157190635451505,0.0,0.928428093645485,0.06612590372068418,0.30585434667607125,0.34253218127314405,0.2854875683301005,0.48653270628473705
917,953.5599041533546,1.8354632587859425,0.0,0.0,2058.023162939297,1.6639297124600638,0.8330670926517572,1.0023961661341854,7.444888178913738,2060.0,2180.0,0.019968051118210862,0.0,0.9800319488817891,0.06694560669456066,0.3862246540070808,0.33279691020276797,0.2140328290955906,0.5461270670147955
918,969.1537884471118,2.1237809452363092,0.0,0.0,2050.428357089272,4.153713428357089,0.9879969992498124,1.1357839459864967,8.13728432108027,2060.0,2190.0,0.08852213053263316,0.0,0.9114778694673669,0.07744076703235918,0.4061030699732645,0.3244214990319904,0.19203466396238592,0.5347933592370188
919,967.4104979811575,1.6063257065948855,0.0,0.0,2047.3660834454913,4.449266487213997,0.8156123822341858,0.7907133243606999,8.022880215343204,2060.0,2200.0,0.052489905787348586,0.0,0.9475100942126514,0.05963764469048817,0.3253648716658279,0.3789632611977856,0.23603422244589833,0.4922496857980729
920,986.2608024691358,1.8055555555555556,0.0,0.0,2055.4753086419755,4.200239197530864,0.8194444444444444,0.9861111111111112,7.756944444444445,2060.0,2220.0,0.03780864197530864,0.0,0.9621913580246914,0.06475678901820352,0.3953048841141948,0.35223316422958323,0.1877051626380185,0.5461538461538461
921,991.1035825545172,2.269470404984424,0.0,0.0,2049.165109034268,4.301518691588785,1.0233644859813085,1.2461059190031152,8.141744548286605,2070.0,2190.0,0.09034267912772585,0.0,0.9096573208722741,0.07796058924813469,0.3918117466998278,0.34589630763344176,0.18433135641859574,0.5490734385724091
922,974.9542525773196,1.4600515463917525,0.0,0.0,2047.1539948453608,5.015109536082474,0.6881443298969072,0.7719072164948454,7.750644329896907,2060.0,2210.0,0.07474226804123711,0.0,0.9252577319587629,0.061933660320891176,0.3318646604040236,0.34458392218804557,0.26161775708703966,0.5286849073256841
923,980.6519036519037,2.1103341103341102,0.0,0.0,2080.083916083916,0.6221989121989122,0.9595959595959596,1.1507381507381507,7.326340326340326,2070.0,2220.0,0.01320901320901321,0.0,0.9867909867909868,0.06649697741011772,0.39102768055997456,0.29175946547884185,0.25071587655106586,0.5452871870397643
924,970.3182978723404,1.7617021276595746,0.0,0.0,2042.9412765957447,4.8868340425531915,0.8102127659574468,0.9514893617021276,8.380425531914893,2070.0,2180.0,0.10127659574468086,0.0,0.8987234042553192,0.08154767949629328,0.43465014725297046,0.3207068142581497,0.16309535899258656,0.5400966183574879
925,994.2661135928525,1.5813656668793874,0.0,0.0,2031.1276324186342,6.1518315252074025,0.795788130185067,0.7855775366943204,7.648372686662412,2050.0,2190.0,0.08104658583280153,0.0,0.9189534141671984,0.06608260325406759,0.2968710888610763,0.37521902377972466,0.2618272841051314,0.496771589991929
926,981.4177505738332,1.9127773527161438,0.0,0.0,2065.8898240244835,2.6303902065799543,0.8783473603672532,1.0344299923488907,7.242540168324407,2060.0,2220.0,0.028309104820198928,0.0,0.9716908951798011,0.06782167758292837,0.36435664483414326,0.3180857806887809,0.24973589689414746,0.5408
927,1026.3382352941176,2.6633986928104574,0.0,0.0,2057.4942810457514,3.6055147058823525,1.1928104575163399,1.4705882352941178,8.095588235294118,2060.0,2190.0,0.08251633986928104,0.0,0.9174836601307189,0.082248460995055,0.4069028156221617,0.326269048339893,0.1845796750428903,0.5521472392638037
928,979.3425806451613,1.344516129032258,0.0,0.0,2020.8348387096773,6.990961290322581,0.6787096774193548,0.6658064516129032,7.736129032258065,2050.0,2180.0,0.07225806451612904,0.0,0.927741935483871,0.06663330831456926,0.31240096739221085,0.3506796764239847,0.27028604786923527,0.4952015355086372
929,1035.1129900076864,2.20445810914681,0.0,0.0,2071.088393543428,0.5019984627209839,1.0830130668716371,1.121445042275173,7.710991544965411,2060.0,2200.0,0.014604150653343582,0.0,0.9853958493466565,0.06578947368421052,0.3768939393939394,0.34559409888357256,0.2117224880382775,0.5087168758716876
930,1042.149806949807,2.271814671814672,0.0,0.0,2047.6301158301158,3.823382239382239,1.047104247104247,1.2247104247104248,8.272586872586873,2060.0,2180.0,0.10965250965250965,0.0,0.8903474903474904,0.07262204797909082,0.43227854009147765,0.33818724913656306,0.1569121627928685,0.5390890550645819
931,1013.0819563780568,2.310641110376735,0.0,0.0,2050.1011235955057,4.381758096497026,1.1506939854593523,1.1599471249173827,7.894910773298084,2060.0,2220.0,0.056840713813615336,0.0,0.9431592861863847,0.06362494767685224,0.31745500209292593,0.3719547928003349,0.24696525742988698,0.5020022883295194
932,998.452802359882,2.064159292035398,0.0,0.0,2068.0309734513276,1.192278761061947,0.995575221238938,1.0685840707964602,7.272861356932153,2060.0,2205.0,0.018436578171091445,0.0,0.9815634218289085,0.0682417359561955,0.3528696004867167,0.3272155749340904,0.25167308862299737,0.5176848874598071
933,1016.4289118347895,1.801429706115965,0.0,0.0,2054.85941223193,2.795782366957903,0.8737092930897538,0.9277204130262113,8.12549642573471,2060.0,2190.0,0.0698967434471803,0.0,0.9301032565528197,0.07712609970674487,0.42209188660801567,0.2867057673509286,0.21407624633431085,0.5149911816578483
934,978.0394644115574,1.353770260747005,0.0,0.0,2025.6969696969697,7.4521494009866105,0.6737138830162086,0.6800563777307963,7.829457364341085,2050.0,2200.0,0.08104298801973221,0.0,0.9189570119802678,0.06840684068406841,0.35121512151215123,0.3718271827182718,0.20855085508550855,0.5023425299323269
935,1013.3063197026022,1.6475836431226767,0.0,0.0,2061.6520446096656,1.6299405204460966,0.7806691449814126,0.866914498141264,7.362081784386617,2060.0,2190.0,0.020074349442379184,0.0,0.9799256505576208,0.06332054130478691,0.3399313270046455,0.3511411835992729,0.24560694809129469,0.526173285198556
936,996.7131782945736,1.8310077519379846,0.0,0.0,2058.579069767442,2.596271317829457,0.8666666666666667,0.9643410852713178,7.771317829457364,2070.0,2190.0,0.07984496124031008,0.0,0.92015503875969,0.08169576059850374,0.3858354114713217,0.3231920199501247,0.20927680798004988,0.5266723116003387
937,1009.0161630358398,2.3225579761068165,0.0,0.0,2060.548137737175,3.4481588193956427,1.2417427969079409,1.0808151791988756,7.800421644413212,2060.0,2220.0,0.05551651440618412,0.0,0.9444834855938159,0.06963963963963964,0.32504504504504506,0.37486486486486487,0.23045045045045046,0.4653555219364599
938,994.8707224334601,2.6813688212927755,0.0,0.0,2077.7916349809884,2.5182661596958176,1.2844106463878326,1.396958174904943,7.561216730038023,2070.0,2220.0,0.028136882129277566,0.0,0.9718631178707224,0.06557377049180328,0.3769486070602434,0.31640349994971334,0.24107412249823998,0.520986954055587
939,1001.3541829554339,1.6403440187646599,0.0,0.0,2055.028146989836,3.5733541829554336,0.7232212666145426,0.9171227521501173,8.346364347146208,2070.0,2190.0,0.07896794370602032,0.0,0.9210320562939797,0.07325526932084309,0.41601873536299766,0.3465105386416862,0.16421545667447307,0.5591039084842707
940,1010.7240924092409,1.6587458745874588,0.0,0.0,2023.5768976897689,7.961082508250825,0.8191419141914191,0.8396039603960396,8.064686468646865,2050.0,2200.0,0.09570957095709572,0.0,0.9042904290429042,0.06580455066295629,0.35030283188737926,0.35889670977246685,0.22499590767719757,0.5061679267807402
941,1011.5100931677018,1.9976708074534162,0.0,0.0,2058.7523291925468,2.3338431677018634,0.9153726708074534,1.0822981366459627,7.569099378881988,2060.0,2210.0,0.02562111801242236,0.0,0.9743788819875776,0.06657093035183095,0.374294799466612,0.342394091701713,0.2167401784798441,0.5417800233190828
942,1005.952416918429,3.134441087613293,0.0,0.0,2061.6261329305134,4.679811178247734,1.401057401812689,1.7333836858006042,8.012084592145015,2070.0,2217.0000000000005,0.09592145015105741,0.0,0.9040785498489426,0.07607466063348416,0.403657616892911,0.32381221719457015,0.1964555052790347,0.553012048192771
943,982.5871261378413,1.9934980494148244,0.0,0.0,2055.5858257477244,4.3621326397919375,1.010403120936281,0.9830949284785435,7.576072821846554,2060.0,2230.0,0.06306892067620286,0.0,0.9369310793237972,0.06831445245451424,0.3503261242705115,0.3000343288705802,0.28132509440439407,0.4931506849315068
944,984.6938603868797,2.4373423044575273,0.0,0.0,2058.1143818334735,3.6749873843566023,1.1791421362489487,1.2582001682085786,7.6627417998317915,2050.0,2230.0,0.031118587047939444,0.0,0.9688814129520605,0.07200087805948853,0.40851717703874435,0.32828449127428383,0.19119745362748325,0.5162180814354728
945,1018.7453042824943,2.386175807663411,0.0,0.0,2055.602554470323,3.7440270473328328,1.1412471825694965,1.2449286250939144,7.758827948910594,2070.0,2180.0,0.09391435011269722,0.0,0.9060856498873028,0.0755301636486879,0.35470126851941514,0.36971046770601335,0.2000581001258836,0.5217254408060453
946,944.6019169329073,1.6575079872204472,0.0,0.0,2033.0223642172523,6.415009584664537,0.865814696485623,0.7916932907348243,7.393610223642172,2050.0,2200.0,0.07412140575079872,0.0,0.9258785942492013,0.0647307924984876,0.3118140178031285,0.329617146314061,0.2938380433843229,0.47764070932922126
947,973.0123762376238,2.7235973597359737,0.0,0.0,2083.7417491749175,1.442549504950495,1.2722772277227723,1.4513201320132014,7.641914191419142,2070.0,2240.0,0.019801980198019802,0.0,0.9801980198019802,0.06877564240984668,0.3921399265817318,0.3293025264521702,0.20978190455625134,0.5328688276279915
948,974.4296875,3.06796875,0.0,0.0,2067.95859375,4.655320312500001,1.43828125,1.6296875,8.090625,2070.0,2240.0,0.09296875,0.0,0.90703125,0.07541521823097722,0.4051757435303206,0.3272499034376207,0.1921591348010815,0.5311942959001783
949,969.8307588985897,1.5110812625923438,0.0,0.0,2046.5876427132303,4.778576225654802,0.7259905977165884,0.7850906648757555,8.068502350570853,2060.0,2220.0,0.05910006715916723,0.0,0.9408999328408327,0.060762443815548524,0.32212418844681207,0.38296986848676545,0.234143499250874,0.5195555555555555
950,985.7017411052233,1.6063588190764573,0.0,0.0,2036.0302800908403,5.061400454201363,0.8289174867524602,0.7774413323239969,7.697199091597275,2050.0,2190.0,0.04012112036336109,0.0,0.9598788796366389,0.06500786782061369,0.3940794649881983,0.33693941778127456,0.20397324940991346,0.4839773798303487
951,986.2375601926163,2.946227929373997,0.0,0.0,2056.725521669342,5.536805778491171,1.2857142857142858,1.660513643659711,8.276886035313002,2070.0,2220.0,0.09390048154093097,0.0,0.906099518459069,0.0762144865703481,0.3911567923979443,0.3450984194705711,0.18753030156113643,0.5636066466902752
952,979.7296774193549,1.3948387096774193,0.0,0.0,2046.7032258064517,4.9593225806451615,0.6974193548387096,0.6974193548387096,7.588387096774194,2060.0,2210.0,0.06516129032258064,0.0,0.9348387096774193,0.06333956810066316,0.324689678626084,0.34534943036898486,0.266621322904268,0.5
953,992.4008064516129,2.332258064516129,0.0,0.0,2091.817741935484,1.395741935483871,1.1733870967741935,1.1588709677419355,7.437096774193549,2070.0,2300.0,0.018548387096774192,0.0,0.9814516129032258,0.06744740837128606,0.3974192149208415,0.28475384949034915,0.2503795272175233,0.49688796680497926
954,999.2455395072218,2.3211554800339846,0.0,0.0,2058.1852166525064,5.505463041631266,1.0305862361937128,1.2905692438402718,8.190314358538657,2060.0,2210.8,0.10875106202209006,0.0,0.8912489379779099,0.08226141078838174,0.42489626556016596,0.329253112033195,0.16358921161825726,0.5560029282576867
955,993.4304723885563,1.5622089155023287,0.0,0.0,2039.632734530938,5.524337990685296,0.7924151696606786,0.7697937458416501,7.811044577511644,2050.0,2220.0,0.07252162341982701,0.0,0.927478376580173,0.06456558773424191,0.28986371379897785,0.3784497444633731,0.26712095400340713,0.4927597955706985
956,967.1665375677769,2.8280402788536017,0.0,0.0,2097.916343919442,1.3921301316808676,1.2347017815646786,1.5933384972889233,7.353989155693261,2070.0,2310.0,0.016266460108443067,0.0,0.983733539891557,0.06572572150832104,0.3600168527491047,0.32399410153781333,0.2502633242047609,0.5634072856751575
957,956.839732888147,2.0951585976627713,0.0,0.0,2050.465776293823,4.148647746243739,0.9707846410684474,1.1243739565943238,8.046744574290484,2060.0,2180.0,0.08013355592654424,0.0,0.9198664440734557,0.08381742738589211,0.40643153526970954,0.32977178423236514,0.1799792531120332,0.5366533864541833
958,974.5363636363636,2.0,0.0,0.0,2056.035714285714,4.563000000000001,1.0116883116883117,0.9883116883116884,7.782467532467533,2060.0,2240.0,0.06883116883116883,0.0,0.9311688311688312,0.06274509803921569,0.3168126825198164,0.3543596161869003,0.2660826032540676,0.4941558441558442
959,997.2145135566188,1.9059011164274322,0.0,0.0,2075.9059011164272,0.845542264752791,0.9066985645933014,0.9992025518341308,7.81658692185008,2060.0,2220.0,0.01594896331738437,0.0,0.9840510366826156,0.06437461742501531,0.3833911446643542,0.34452152621913895,0.20771271169149153,0.5242677824267783
960,983.749808135073,2.193399846508058,0.0,0.0,2058.551803530315,5.342816577129701,0.9539524174980814,1.239447429009977,8.198772064466615,2060.0,2220.0,0.11435149654643131,0.0,0.8856485034535687,0.07666385846672283,0.42562950482074324,0.3432556398015539,0.15445099691098005,0.5650804758572429
961,1000.3614130434783,2.150815217391304,0.0,0.0,2055.3172554347825,4.476216032608695,1.0794836956521738,1.0713315217391304,8.139945652173912,2060.0,2230.0,0.0625,0.0,0.9375,0.06668335837088966,0.3101318644633617,0.3785678517776665,0.24461692538808213,0.49810486418193306
962,976.2613890963405,1.6639283047050037,0.0,0.0,2068.447348767737,2.028289768483943,0.7908887229275579,0.8730395817774459,7.545929798356982,2070.0,2210.0,0.024645257654966394,0.0,0.9753547423450336,0.06314330958036421,0.3405581947743468,0.33640142517814725,0.2598970704671417,0.524685816876122
963,986.3569701853344,1.903303787268332,0.0,0.0,2066.2949234488315,3.514053182917003,0.8896051571313457,1.0136986301369864,7.959709911361805,2070.0,2220.0,0.0781627719580983,0.0,0.9218372280419017,0.08038064385503138,0.4140514274144564,0.28315448471350474,0.2224134440170075,0.5325994919559696
964,997.8514780100937,1.7217015140591203,0.0,0.0,2034.1312184571016,6.263366979091564,0.8738284066330209,0.8478731074260994,7.893294881038212,2050.0,2200.0,0.0692141312184571,0.0,0.9307858687815429,0.06658750456704421,0.3441724515893314,0.37851662404092073,0.21072341980270368,0.49246231155778897
965,1002.9164086687307,1.3691950464396285,0.0,0.0,2063.0417956656347,2.0131114551083593,0.631578947368421,0.7376160990712074,7.472910216718266,2060.0,2220.0,0.027089783281733747,0.0,0.9729102167182663,0.06670119109269808,0.33713102019678926,0.35484205075090625,0.24132573795960643,0.5387224420576597
966,982.032154340836,1.9083601286173633,0.0,0.0,2046.0522508038584,4.357435691318328,0.8954983922829582,1.0128617363344052,7.778938906752412,2060.0,2190.0,0.09807073954983923,0.0,0.9019292604501608,0.07905342564844477,0.3802831456029761,0.32933760462953393,0.21132582411904516,0.5307497893850042
967,1000.7616361071932,2.3991537376586742,0.0,0.0,2061.0902679830747,3.5976163610719323,1.165021156558533,1.2341325811001411,7.851904090267983,2055.0,2240.0,0.06488011283497884,0.0,0.9351198871650211,0.07113346506197234,0.3246811568169571,0.37506736123585416,0.22911801688521646,0.51440329218107
968,1010.4204275534441,2.6318289786223277,0.0,0.0,2082.097387173397,1.203483768804434,1.1821060965954078,1.4497228820269201,7.659540775930324,2060.0,2240.0,0.02058590657165479,0.0,0.9794140934283452,0.06719040727723796,0.37967748604506923,0.3114533801943353,0.24167872648335745,0.5508423586040915
969,1001.6362922230951,2.7352710133542812,0.0,0.0,2063.16810683425,4.924744697564807,1.2199528672427338,1.5153181461115475,8.206598586017282,2060.0,2220.0,0.08719560094265515,0.0,0.9128043990573449,0.07370536996266872,0.4076768450272806,0.3526371207045085,0.16598066430554226,0.5539919586444572
970,978.5217391304348,1.5428194993412385,0.0,0.0,2028.2588932806325,6.379782608695653,0.7292490118577075,0.813570487483531,7.859683794466403,2050.0,2190.0,0.08036890645586298,0.0,0.919631093544137,0.06294526862794401,0.3431397200569944,0.36468024474059174,0.22923476657446987,0.5273270708795901
971,1001.1883166794773,1.6564181398923905,0.0,0.0,2051.4058416602616,2.9791929285165257,0.7594158339738662,0.8970023059185243,7.599538816295158,2060.0,2180.0,0.024596464258262875,0.0,0.9754035357417371,0.06503489430565389,0.37170021240012135,0.3410539091736624,0.22221098412056237,0.5415313225058005
972,1002.4082397003746,1.8202247191011236,0.0,0.0,2047.198501872659,3.922606741573034,0.8157303370786517,1.0044943820224719,7.988014981273408,2060.0,2170.0,0.08689138576779026,0.0,0.9131086142322098,0.07670667666916729,0.3928169542385596,0.32736309077269315,0.2031132783195799,0.5518518518518518
973,959.723544973545,1.164021164021164,0.0,0.0,2044.4966931216932,5.14603835978836,0.5456349206349206,0.6183862433862434,7.650793650793651,2060.0,2210.0,0.06481481481481481,0.0,0.9351851851851852,0.06751383125864453,0.3475103734439834,0.29936030428769017,0.28561549100968187,0.53125
974,996.0451063829787,1.6808510638297873,0.0,0.0,2062.4017021276595,1.0536425531914893,0.8561702127659574,0.8246808510638298,7.709787234042553,2060.0,2170.0,0.017872340425531916,0.0,0.9821276595744681,0.07208301136990838,0.3908819958052765,0.34264267579203,0.1943923170327851,0.49063291139240506
975,994.2403273809524,1.8080357142857142,0.0,0.0,2047.529761904762,3.9400223214285717,0.8690476190476191,0.9389880952380952,7.654761904761905,2060.0,2170.0,0.09151785714285714,0.0,0.9084821428571429,0.07669129082426128,0.354296267496112,0.37159797822706064,0.1974144634525661,0.5193415637860083
976,959.3802535023349,1.4516344229486324,0.0,0.0,2036.336224149433,5.242401601067378,0.7978652434956638,0.6537691794529686,7.511674449633089,2050.0,2200.0,0.06337558372248166,0.0,0.9366244162775184,0.06536412078152753,0.29964476021314385,0.341651865008881,0.2933392539964476,0.45036764705882354
977,965.2905982905983,1.6393162393162393,0.0,0.0,2051.4521367521365,1.878871794871795,0.8136752136752137,0.8256410256410256,7.652991452991453,2050.0,2170.0,0.018803418803418803,0.0,0.9811965811965812,0.07013625195443378,0.3991512173330355,0.3300201027473755,0.20069242796515524,0.5036496350364964
978,984.4134762633997,1.7924961715160797,0.0,0.0,2045.9793261868301,4.674800918836141,0.8246554364471669,0.9678407350689127,7.977029096477795,2060.0,2180.0,0.09800918836140889,0.0,0.9019908116385911,0.07477442887310425,0.39767709733154155,0.3352850835093108,0.1922633902860434,0.5399401964972234
979,988.2268392370572,1.3923705722070845,0.0,0.0,2053.466621253406,3.6450817438692096,0.6634877384196185,0.728882833787466,8.24591280653951,2060.0,2210.0,0.05790190735694823,0.0,0.9420980926430518,0.061792647666253614,0.3292028087567121,0.37736472532011567,0.23163981825691862,0.5234833659491194
980,989.2875867386276,1.3415574402467232,0.0,0.0,2053.6900539707017,3.3295759444872783,0.5913646877409406,0.7501927525057825,7.572089437162683,2060.0,2190.0,0.029298380878951428,0.0,0.9707016191210486,0.06577741574177783,0.3948681397006415,0.33632013033296,0.2030343142246207,0.5591954022988506
981,997.8209926769731,2.0821806346623273,0.0,0.0,2052.33360455655,4.6683645240032545,1.0398698128559805,1.0423108218063466,8.25793327908869,2060.0,2200.0,0.08950366151342555,0.0,0.9104963384865744,0.07803724504877328,0.38023450586264657,0.35333530397083457,0.1883929451177456,0.5005861664712778
982,986.3556701030927,1.208762886597938,0.0,0.0,2046.2931701030927,4.250753865979381,0.6114690721649485,0.5972938144329897,7.681056701030927,2060.0,2199.000000000001,0.061211340206185565,0.0,0.9387886597938144,0.064340239912759,0.32304336884489554,0.3446858485026424,0.26793054273970307,0.494136460554371
983,1018.0055643879173,1.8497615262321145,0.0,0.0,2071.6995230524644,1.1950238473767885,0.8767885532591415,0.972972972972973,7.4372019077901435,2060.0,2212.9999999999995,0.01589825119236884,0.0,0.9841017488076311,0.06776400171013254,0.3901239846088072,0.28527148353997434,0.25684053014108593,0.5259991405242802
984,1026.5033898305085,1.8754237288135593,0.0,0.0,2056.4042372881354,4.787754237288135,0.8788135593220339,0.9966101694915255,8.327118644067797,2070.0,2180.0,0.0940677966101695,0.0,0.9059322033898305,0.08192550376552005,0.42713209851414613,0.3315693059230613,0.15937309179727255,0.5314053321283326
985,1001.2720052945069,1.444076770350761,0.0,0.0,2040.4983454665785,5.3967769688947715,0.6949040370615487,0.7491727332892124,7.755129053606883,2050.0,2199.0,0.07015221707478492,0.0,0.9298477829252151,0.06426011264720942,0.2925413893155829,0.38009899300221883,0.2630995050349889,0.5187901008249313
986,980.2252113758648,2.1552651806302845,0.0,0.0,2072.4396617986163,1.5000076863950806,0.9853958493466565,1.169869331283628,7.382782475019216,2060.0,2220.0,0.01921598770176787,0.0,0.9807840122982321,0.06777719937532535,0.3519000520562207,0.32670484122852683,0.2536179073399271,0.5427960057061341
987,991.1419302514194,2.291970802919708,0.0,0.0,2058.558799675588,3.754647201946472,1.089213300892133,1.202757502027575,7.916463909164639,2070.0,2180.0,0.07623682076236821,0.0,0.9237631792376317,0.08175391865587542,0.40969162995594716,0.332342997643684,0.1762114537444934,0.5247699929228592
988,978.9641226353555,1.3294194390084801,0.0,0.0,2042.2941943900848,4.980189171559035,0.680365296803653,0.6490541422048272,7.851924331376386,2050.0,2207.9999999999995,0.06784083496412263,0.0,0.9321591650358774,0.06338788734734568,0.31585943341364126,0.35515493893827366,0.2655977403007394,0.48822374877330715
989,985.5672782874618,1.3960244648318043,0.0,0.0,2069.603975535168,0.7085321100917431,0.7400611620795107,0.6559633027522935,7.64908256880734,2060.0,2200.0,0.011467889908256881,0.0,0.9885321100917431,0.0625687156421789,0.36911544227886056,0.3570214892553723,0.21129435282358822,0.46987951807228917
990,975.7217928902628,1.5749613601236476,0.0,0.0,2039.4474497681608,6.0735857805255025,0.7001545595054096,0.874806800618238,8.295208655332303,2050.0,2180.0,0.11282843894899536,0.0,0.8871715610510046,0.07657909446618222,0.4216508291410471,0.34153158188932364,0.160238494503447,0.5554465161923454
991,993.5197628458498,1.907114624505929,0.0,0.0,2047.0961791831357,5.0563372859025035,0.9459815546772069,0.961133069828722,7.923583662714098,2050.0,2210.0,0.05862977602108037,0.0,0.9413702239789197,0.0625207848353841,0.31609577652144993,0.37845028267376124,0.24293315596940473,0.5039723661485319
992,976.5066765578636,1.2663204747774481,0.0,0.0,2066.049703264095,0.6405712166172107,0.599406528189911,0.6669139465875371,7.445103857566766,2060.0,2190.0,0.015578635014836795,0.0,0.9844213649851632,0.0646671980868872,0.3435631725787166,0.33698684734954165,0.25478278198485454,0.526654950205038
993,1015.5842696629213,1.7736757624398074,0.0,0.0,2061.800963081862,3.7509069020866774,0.7728731942215088,1.0008025682182986,8.137239165329053,2070.0,2190.0,0.07624398073836276,0.0,0.9237560192616372,0.08018542262550547,0.417694052667916,0.2869119242528849,0.21520860045369367,0.5642533936651584
994,987.3381294964029,1.1589928057553958,0.0,0.0,2039.2690647482013,5.660244604316547,0.6187050359712231,0.5402877697841727,7.987050359712231,2050.0,2200.0,0.0776978417266187,0.0,0.9223021582733812,0.06521347504954063,0.3517384255089173,0.37380652134750497,0.20924157809403712,0.46617008069522037
995,1009.1891891891892,1.5495495495495495,0.0,0.0,2070.8475975975975,2.2789189189189187,0.7995495495495496,0.75,7.223723723723723,2060.0,2220.0,0.023273273273273273,0.0,0.9767267267267268,0.06776138017044274,0.3525254624818125,0.347329037622116,0.23238411972562878,0.48401162790697677
996,981.3750985027581,1.913317572892041,0.0,0.0,2063.3877068557917,4.765563435776202,0.8684003152088259,1.044917257683215,7.929866036249015,2070.0,2220.0,0.09692671394799054,0.0,0.9030732860520094,0.07949915532147471,0.3886514955778595,0.3234621882142502,0.2083871608864156,0.5461285008237232
997,970.3289564616448,2.3351762266758813,0.0,0.0,2057.5024187975123,4.798624740843123,1.2080165860400829,1.1271596406357982,7.716655148583276,2060.0,2220.0,0.056668970283344854,0.0,0.9433310297166552,0.06815332258642307,0.3272434175174637,0.3730073437220133,0.23159591617409994,0.48268718555785733
998,986.931784107946,2.0172413793103448,0.0,0.0,2075.0179910044976,1.8912218890554722,0.954272863568216,1.062968515742129,7.452773613193403,2070.0,2240.0,0.02623688155922039,0.0,0.9737631184407796,0.06427278213639107,0.37185676926171796,0.3206598269965802,0.2432106216053108,0.5269416573764399
999,971.265306122449,1.880690737833595,0.0,0.0,2067.3076923076924,4.008642072213501,0.8233908948194663,1.0572998430141287,8.375981161695448,2070.0,2201.4,0.07849293563579278,0.0,0.9215070643642073,0.07506325555243182,0.4078343173085934,0.35263799081623093,0.16446443632274388,0.5621869782971619
1000,983.0431701030927,1.452319587628866,0.0,0.0,2036.9697164948454,7.344201030927835,0.7474226804123711,0.7048969072164949,7.689432989690721,2050.0,2220.0,0.08311855670103092,0.0,0.916881443298969,0.0645215351097704,0.3381096028154852,0.3656778950896598,0.23169096698508462,0.48535936113575867
