generation,cells_visited,cave_entries,predator_touches,drained_ticks,lifetime,energy_at_death,cave_entries_day,cave_entries_night,food_total,lifetime_median,lifetime_p90,survived_frac,drained_frac,starved_frac,food_default_frac,food_low_frac,food_medium_frac,food_prestige_frac,night_share
1,394.62295081967216,0.0,10.991803278688524,18.204918032786885,1373.4754098360656,-2.082622950819672,0.0,0.0,4.934426229508197,1341.0,2110.0,0.0,0.7377049180327869,0.26229508196721313,0.31893687707641194,0.6445182724252492,0.036544850498338874,0.0,
2,325.5438596491228,0.05263157894736842,11.675438596491228,20.80701754385965,1178.4122807017543,-2.294385964912281,0.008771929824561403,0.043859649122807015,4.184210526315789,1238.0,1855.5,0.0,0.7631578947368421,0.23684210526315788,0.3018867924528302,0.6834381551362684,0.014675052410901468,0.0,0.8333333333333334
3,346.76851851851853,0.046296296296296294,13.055555555555555,22.287037037037038,1180.8148148148148,-2.255462962962963,0.0,0.046296296296296294,5.287037037037037,1247.0,1791.8,0.0,0.7962962962962963,0.2037037037037037,0.2469352014010508,0.7425569176882661,0.010507880910683012,0.0,1.0
4,346.57142857142856,0.031746031746031744,13.373015873015873,23.333333333333332,1180.2777777777778,-2.1421428571428573,0.031746031746031744,0.0,4.968253968253968,1095.0,2000.0,0.0,0.7698412698412699,0.23015873015873015,0.2539936102236422,0.6821086261980831,0.06070287539936102,0.003194888178913738,0.0
5,336.4871794871795,0.18803418803418803,12.239316239316238,21.846153846153847,1156.017094017094,-1.995982905982906,0.09401709401709402,0.09401709401709402,4.948717948717949,1173.0,1942.0,0.0,0.7777777777777778,0.2222222222222222,0.2538860103626943,0.7184801381692574,0.027633851468048358,0.0,0.5
6,346.125,0.0,12.442307692307692,21.71153846153846,1183.1153846153845,-2.3028846153846154,0.0,0.0,3.4615384615384617,1255.0,1721.4,0.0,0.8365384615384616,0.16346153846153846,0.4166666666666667,0.5333333333333333,0.044444444444444446,0.005555555555555556,
7,406.5170068027211,0.061224489795918366,11.122448979591837,18.789115646258505,1344.421768707483,-1.9120408163265306,0.061224489795918366,0.0,6.374149659863946,1430.0,2110.0,0.0,0.7074829931972789,0.2925170068027211,0.20597652081109924,0.695837780149413,0.09391675560298826,0.004268943436499467,0.0
8,409.0234375,0.0078125,10.75,17.6640625,1345.5625,-1.730859375,0.0078125,0.0,4.8671875,1485.0,1960.0,0.0,0.609375,0.390625,0.23274478330658105,0.680577849117175,0.08025682182985554,0.006420545746388443,0.0
9,464.56451612903226,0.04838709677419355,7.830645161290323,13.28225806451613,1515.475806451613,-1.8220967741935483,0.04838709677419355,0.0,5.57258064516129,1624.0,2020.0,0.0,0.5645161290322581,0.43548387096774194,0.22575976845151954,0.678726483357453,0.08827785817655572,0.00723589001447178,0.0
10,401.05426356589146,0.24806201550387597,11.434108527131784,20.03875968992248,1296.4263565891472,-2.0344961240310075,0.12403100775193798,0.12403100775193798,5.658914728682171,1279.0,2096.4,0.0,0.7596899224806202,0.24031007751937986,0.21232876712328766,0.6958904109589041,0.08082191780821918,0.010958904109589041,0.5
11,420.4102564102564,0.07692307692307693,9.948717948717949,17.23076923076923,1341.5641025641025,-2.095128205128205,0.06837606837606838,0.008547008547008548,4.871794871794871,1407.0,1958.8,0.0,0.7008547008547008,0.29914529914529914,0.24035087719298245,0.7140350877192982,0.03859649122807018,0.007017543859649123,0.1111111111111111
12,379.7894736842105,0.2807017543859649,11.973684210526315,20.0,1235.5263157894738,-2.0012280701754386,0.09649122807017543,0.18421052631578946,4.421052631578948,1316.0,1992.6000000000001,0.0,0.7456140350877193,0.2543859649122807,0.2698412698412698,0.6448412698412699,0.08134920634920635,0.003968253968253968,0.65625
13,414.3542857142857,0.22857142857142856,11.491428571428571,19.731428571428573,1319.537142857143,-2.0629142857142857,0.06857142857142857,0.16,7.514285714285714,1308.0,2087.2,0.0,0.7428571428571429,0.2571428571428571,0.15133079847908745,0.7178707224334601,0.12167300380228137,0.009125475285171103,0.7
14,333.48275862068965,0.0603448275862069,13.706896551724139,23.560344827586206,1060.8620689655172,-2.0037931034482757,0.0,0.0603448275862069,3.8879310344827585,1062.5,1880.0,0.0,0.75,0.25,0.23503325942350334,0.6718403547671841,0.08869179600886919,0.004434589800443459,1.0
15,495.8709677419355,0.5080645161290323,7.935483870967742,13.556451612903226,1505.258064516129,-2.0175,0.1774193548387097,0.33064516129032256,5.016129032258065,1725.0,2020.0,0.0,0.5241935483870968,0.47580645161290325,0.21382636655948553,0.6768488745980707,0.09485530546623794,0.014469453376205787,0.6507936507936508
16,406.4674556213018,0.047337278106508875,13.893491124260356,23.42603550295858,1170.0414201183432,-2.3162130177514793,0.011834319526627219,0.03550295857988166,6.207100591715976,1155.0,1840.4,0.0,0.8284023668639053,0.17159763313609466,0.14871306005719734,0.6177311725452812,0.2020972354623451,0.03145853193517636,0.75
17,490.75,0.14285714285714285,9.635714285714286,16.2,1392.0357142857142,-1.9820714285714287,0.05714285714285714,0.08571428571428572,4.957142857142857,1459.5,1960.0,0.0,0.6928571428571428,0.30714285714285716,0.14553314121037464,0.6815561959654178,0.15994236311239193,0.012968299711815562,0.6
18,458.4931506849315,0.15753424657534246,10.965753424657533,19.054794520547944,1277.5616438356165,-1.9765068493150684,0.0410958904109589,0.11643835616438356,4.719178082191781,1238.0,2010.0,0.0,0.726027397260274,0.273972602739726,0.20754716981132076,0.5776487663280117,0.15384615384615385,0.06095791001451379,0.7391304347826086
19,491.15458937198065,0.05314009661835749,11.526570048309178,19.0,1341.536231884058,-1.9156521739130437,0.033816425120772944,0.01932367149758454,6.657004830917875,1382.0,2104.0,0.0,0.7294685990338164,0.27053140096618356,0.10595065312046444,0.5994194484760522,0.23439767779390422,0.0602322206095791,0.36363636363636365
20,491.3943661971831,0.176056338028169,11.014084507042254,18.3943661971831,1311.0985915492959,-1.8956338028169015,0.06338028169014084,0.11267605633802817,4.190140845070423,1380.0,1945.9,0.0,0.823943661971831,0.176056338028169,0.13781512605042018,0.6151260504201681,0.21008403361344538,0.03697478991596639,0.64
21,431.7,0.36363636363636365,13.354545454545455,22.072727272727274,1162.6636363636364,-2.278909090909091,0.2727272727272727,0.09090909090909091,3.109090909090909,1184.0,1885.2000000000003,0.0,0.8636363636363636,0.13636363636363635,0.23976608187134502,0.6637426900584795,0.08771929824561403,0.008771929824561403,0.25
22,456.49122807017545,0.5906432748538012,14.555555555555555,23.730994152046783,1163.608187134503,-1.9669590643274855,0.3157894736842105,0.27485380116959063,4.941520467836257,1181.0,1873.0,0.0,0.8128654970760234,0.1871345029239766,0.13609467455621302,0.5644970414201184,0.16568047337278108,0.13372781065088757,0.46534653465346537
23,492.12179487179486,0.47435897435897434,12.256410256410257,20.67948717948718,1241.948717948718,-2.1967307692307694,0.30128205128205127,0.17307692307692307,5.42948717948718,1204.5,1973.0,0.0,0.7307692307692307,0.2692307692307692,0.09563164108618655,0.6599763872491146,0.21369539551357733,0.030696576151121605,0.36486486486486486
24,468.3809523809524,0.2619047619047619,13.285714285714286,22.166666666666668,1170.126984126984,-2.135873015873016,0.07936507936507936,0.18253968253968253,4.214285714285714,1104.5,1973.5,0.0,0.7380952380952381,0.2619047619047619,0.1657250470809793,0.6666666666666666,0.14124293785310735,0.026365348399246705,0.696969696969697
25,521.2772277227723,0.44554455445544555,12.247524752475247,20.47029702970297,1272.8217821782177,-2.0836138613861386,0.19306930693069307,0.2524752475247525,5.712871287128713,1278.5,1975.0000000000002,0.0,0.7524752475247525,0.24752475247524752,0.09618717504332755,0.512998266897747,0.31542461005199307,0.07538994800693241,0.5666666666666667
26,483.91752577319585,0.211340206185567,12.391752577319588,21.283505154639176,1185.8917525773195,-2.0126288659793814,0.16494845360824742,0.04639175257731959,5.056701030927835,1174.5,1922.8000000000002,0.0,0.7835051546391752,0.21649484536082475,0.10703363914373089,0.5718654434250765,0.27217125382262997,0.04892966360856269,0.21951219512195122
27,531.2164179104477,0.5074626865671642,10.873134328358208,18.059701492537314,1323.6791044776119,-2.0527611940298507,0.291044776119403,0.21641791044776118,4.343283582089552,1359.0,2010.0,0.0,0.746268656716418,0.2537313432835821,0.15979381443298968,0.6666666666666666,0.10996563573883161,0.06357388316151202,0.4264705882352941
28,497.81739130434784,0.2608695652173913,12.71304347826087,21.56086956521739,1221.7217391304348,-2.029086956521739,0.10434782608695652,0.1565217391304348,5.7956521739130435,1194.0,2010.0,0.0,0.7782608695652173,0.2217391304347826,0.09827456864216054,0.45161290322580644,0.3353338334583646,0.11477869467366841,0.6
29,518.0793650793651,0.037037037037037035,12.052910052910052,19.95767195767196,1247.6613756613756,-1.8974603174603175,0.0,0.037037037037037035,6.042328042328043,1296.0,1970.0,0.0,0.6878306878306878,0.31216931216931215,0.07705779334500876,0.6768826619964974,0.2075306479859895,0.03852889667250438,1.0
30,457.68,0.104,14.376,24.52,1027.28,-2.1332,0.064,0.04,4.224,980.0,1755.2000000000007,0.0,0.8,0.2,0.16098484848484848,0.6875,0.125,0.026515151515151516,0.38461538461538464
31,478.32065217391306,0.41304347826086957,14.945652173913043,25.429347826086957,1101.016304347826,-2.2333152173913042,0.21739130434782608,0.1956521739130435,4.994565217391305,1095.5,1777.9,0.0,0.8586956521739131,0.14130434782608695,0.11643090315560392,0.55930359085963,0.23394994559303592,0.09031556039173014,0.47368421052631576
32,523.9560439560439,0.5054945054945055,11.840659340659341,20.23076923076923,1256.7747252747254,-2.156758241758242,0.23626373626373626,0.2692307692307692,4.8901098901098905,1238.5,1911.8,0.0,0.8021978021978022,0.1978021978021978,0.10898876404494381,0.5808988764044943,0.18876404494382024,0.12134831460674157,0.532608695652174
33,450.8993288590604,0.9194630872483222,13.845637583892618,23.86577181208054,1078.8724832214766,-2.2048993288590606,0.4899328859060403,0.42953020134228187,5.442953020134228,1095.0,1702.2000000000007,0.0,0.8657718120805369,0.1342281879194631,0.11960542540073983,0.7163995067817509,0.11220715166461159,0.051787916152897656,0.46715328467153283
34,474.7616580310881,0.32642487046632124,13.088082901554404,23.54922279792746,1167.2642487046633,-2.129119170984456,0.15025906735751296,0.17616580310880828,5.181347150259067,1190.0,1779.8,0.0,0.7979274611398963,0.20207253886010362,0.108,0.522,0.265,0.105,0.5396825396825397
35,556.233918128655,0.7017543859649122,10.771929824561404,18.619883040935672,1299.672514619883,-2.2696491228070177,0.3333333333333333,0.3684210526315789,5.228070175438597,1322.0,1841.0,0.0,0.8362573099415205,0.16374269005847952,0.09955257270693513,0.5637583892617449,0.2941834451901566,0.042505592841163314,0.525
36,506.06802721088434,0.3129251700680272,10.884353741496598,19.13605442176871,1251.7414965986395,-1.8842857142857143,0.2108843537414966,0.10204081632653061,5.401360544217687,1270.0,2010.0,0.0,0.6394557823129252,0.36054421768707484,0.12720403022670027,0.6397984886649875,0.1712846347607053,0.061712846347607056,0.32608695652173914
37,540.0438596491229,0.4166666666666667,12.223684210526315,20.86842105263158,1253.201754385965,-1.927719298245614,0.22807017543859648,0.18859649122807018,5.991228070175438,1237.0,2021.4,0.0,0.7368421052631579,0.2631578947368421,0.10834553440702782,0.5490483162518301,0.22108345534407028,0.12152269399707175,0.45263157894736844
38,560.1277533039647,0.32599118942731276,10.625550660792952,18.665198237885463,1304.079295154185,-1.8548898678414096,0.16740088105726872,0.15859030837004406,5.612334801762114,1308.0,1960.0,0.0,0.7577092511013216,0.2422907488986784,0.07378335949764521,0.5227629513343799,0.3021978021978022,0.10125588697017268,0.4864864864864865
39,528.5090909090909,0.17575757575757575,10.957575757575757,19.854545454545455,1249.4424242424243,-1.984181818181818,0.10303030303030303,0.07272727272727272,5.921212121212121,1252.0,1899.2,0.0,0.8181818181818182,0.18181818181818182,0.11361310133060389,0.7666325486182191,0.08904810644831115,0.030706243602865915,0.41379310344827586
40,508.7918367346939,0.31020408163265306,12.70204081632653,22.43673469387755,1181.9673469387756,-1.9375102040816325,0.1836734693877551,0.12653061224489795,5.9918367346938775,1150.0,1948.4,0.0,0.7591836734693878,0.24081632653061225,0.08923705722070845,0.5313351498637602,0.2786103542234332,0.1008174386920981,0.40789473684210525
41,509.95108695652175,0.3641304347826087,11.701086956521738,20.097826086956523,1235.7391304347825,-1.9245652173913044,0.15760869565217392,0.20652173913043478,5.059782608695652,1226.0,1980.0,0.0,0.6956521739130435,0.30434782608695654,0.09452201933404941,0.6015037593984962,0.23200859291084855,0.0719656283566058,0.5671641791044776
42,513.8874172185431,0.5033112582781457,10.695364238410596,19.218543046357617,1227.41059602649,-2.344039735099338,0.3841059602649007,0.11920529801324503,5.026490066225166,1299.0,1837.0,0.0,0.8543046357615894,0.1456953642384106,0.1383399209486166,0.6851119894598156,0.12779973649538867,0.048748353096179184,0.23684210526315788
43,555.5827338129496,0.802158273381295,11.546762589928058,20.298561151079138,1280.7122302158273,-1.9257553956834532,0.34172661870503596,0.460431654676259,6.115107913669065,1248.5,1980.0,0.0,0.7841726618705036,0.2158273381294964,0.09647058823529411,0.5352941176470588,0.23529411764705882,0.13294117647058823,0.5739910313901345
44,511.71,0.395,12.945,23.185,1129.79,-1.9805000000000001,0.125,0.27,5.305,1100.0,1910.5,0.0,0.77,0.23,0.08482563619227144,0.5409990574929312,0.2704995287464656,0.10367577756833177,0.6835443037974683
45,551.6802721088435,0.43537414965986393,11.095238095238095,18.87074829931973,1292.952380952381,-1.8908843537414965,0.25170068027210885,0.1836734693877551,5.700680272108843,1365.0,2010.0,0.0,0.7482993197278912,0.25170068027210885,0.12410501193317422,0.7016706443914081,0.15274463007159905,0.021479713603818614,0.421875
46,558.3196202531645,0.20569620253164558,8.689873417721518,15.85126582278481,1434.3512658227849,-1.602974683544304,0.11392405063291139,0.09177215189873418,5.680379746835443,1510.0,2085.0,0.0,0.6329113924050633,0.3670886075949367,0.08133704735376045,0.4479108635097493,0.31977715877437324,0.15097493036211698,0.4461538461538462
47,562.8651685393259,0.3595505617977528,10.719101123595506,20.06741573033708,1229.9606741573034,-2.0652247191011237,0.1348314606741573,0.2247191011235955,5.286516853932584,1232.5,1950.9,0.0,0.7584269662921348,0.24157303370786518,0.09458023379383634,0.6089266737513284,0.2359192348565356,0.06057385759829968,0.625
48,564.5762711864406,0.3163841807909605,10.107344632768362,17.627118644067796,1346.3785310734463,-1.7773446327683617,0.192090395480226,0.12429378531073447,5.1807909604519775,1341.0,2020.0,0.0,0.6949152542372882,0.3050847457627119,0.09923664122137404,0.5965103598691385,0.24645583424209377,0.05779716466739367,0.39285714285714285
49,567.1798561151079,0.04316546762589928,9.53956834532374,16.8705035971223,1402.6978417266187,-1.751115107913669,0.017985611510791366,0.025179856115107913,6.068345323741007,1462.5,2053.0,0.0,0.5971223021582733,0.4028776978417266,0.1001778304682869,0.5091879075281565,0.27563722584469474,0.11499703615886188,0.5833333333333334
50,534.2679425837321,0.14832535885167464,11.89952153110048,21.645933014354068,1177.1435406698565,-1.9900000000000002,0.0430622009569378,0.10526315789473684,5.5933014354066986,1199.0,1960.0,0.0,0.7368421052631579,0.2631578947368421,0.0932420872540633,0.5577416595380668,0.2660393498716852,0.08297690333618478,0.7096774193548387
51,546.6887417218543,0.3443708609271523,10.794701986754967,19.841059602649008,1254.682119205298,-1.9753642384105963,0.23841059602649006,0.10596026490066225,5.437086092715232,1273.0,1972.0,0.0,0.7086092715231788,0.2913907284768212,0.14859926918392205,0.6784409257003654,0.15468940316686966,0.018270401948842874,0.3076923076923077
52,552.0627177700349,0.47735191637630664,10.790940766550523,19.62369337979094,1265.4634146341464,-1.8377003484320555,0.23344947735191637,0.24390243902439024,5.853658536585366,1190.0,2060.0,0.0,0.6515679442508711,0.34843205574912894,0.09404761904761905,0.48333333333333334,0.2630952380952381,0.1595238095238095,0.5109489051094891
53,579.6244897959184,0.8122448979591836,9.016326530612245,16.771428571428572,1368.4734693877551,-1.8027755102040817,0.37551020408163266,0.43673469387755104,6.453061224489796,1395.0,1996.0,0.0,0.636734693877551,0.363265306122449,0.08349146110056926,0.6198608475648324,0.19101834282099936,0.105629348513599,0.5376884422110553
54,573.4722222222222,0.5833333333333334,10.416666666666666,18.75,1274.2722222222221,-1.8510555555555555,0.35,0.23333333333333334,5.7444444444444445,1305.0,2011.0,0.0,0.6333333333333333,0.36666666666666664,0.12669245647969052,0.6160541586073501,0.21083172147001933,0.04642166344294004,0.4
55,605.8277153558053,0.41198501872659177,9.486891385767791,17.074906367041198,1408.4606741573034,-1.848052434456929,0.1348314606741573,0.27715355805243447,6.674157303370786,1510.0,2064.0,0.0,0.6404494382022472,0.3595505617977528,0.11616161616161616,0.5112233445566778,0.27441077441077444,0.09820426487093153,0.6727272727272727
56,601.4659090909091,0.24621212121212122,8.912878787878787,16.446969696969695,1374.1477272727273,-1.506060606060606,0.13257575757575757,0.11363636363636363,6.106060606060606,1491.0,2000.0,0.0,0.5454545454545454,0.45454545454545453,0.08684863523573201,0.5210918114143921,0.29838709677419356,0.09367245657568238,0.46153846153846156
57,591.2105263157895,0.5592105263157895,10.263157894736842,18.31578947368421,1316.1315789473683,-2.137763157894737,0.3815789473684211,0.17763157894736842,5.493421052631579,1287.5,1980.0,0.0,0.7171052631578947,0.28289473684210525,0.12694610778443113,0.6898203592814371,0.1473053892215569,0.03592814371257485,0.3176470588235294
58,605.0494186046511,0.40988372093023256,10.584302325581396,18.79360465116279,1327.1976744186047,-1.7436918604651164,0.25,0.15988372093023256,6.104651162790698,1344.5,2040.0,0.0,0.6656976744186046,0.33430232558139533,0.10333333333333333,0.4123809523809524,0.2966666666666667,0.18761904761904763,0.3900709219858156
59,588.1695652173913,0.10434782608695652,10.934782608695652,18.991304347826087,1286.804347826087,-1.9317826086956522,0.06956521739130435,0.034782608695652174,6.71304347826087,1314.5,1970.0,0.0,0.7304347826086957,0.26956521739130435,0.07707253886010362,0.6262953367875648,0.23316062176165803,0.06347150259067358,0.3333333333333333
60,573.0352422907489,0.40969162995594716,11.616740088105727,20.312775330396477,1248.488986784141,-2.042466960352423,0.14537444933920704,0.2643171806167401,6.4449339207048455,1215.0,1994.0,0.0,0.7092511013215859,0.2907488986784141,0.127136021872864,0.5789473684210527,0.22009569377990432,0.07382091592617908,0.6451612903225806
61,612.6190476190476,0.948051948051948,11.173160173160174,18.8008658008658,1324.2857142857142,-2.101904761904762,0.4329004329004329,0.5151515151515151,6.012987012987013,1395.0,2010.0,0.0,0.7489177489177489,0.2510822510822511,0.10511159107271419,0.558675305975522,0.2267818574514039,0.10943124550035997,0.54337899543379
62,589.0762711864406,0.6779661016949152,10.86864406779661,18.584745762711865,1310.550847457627,-1.7425000000000002,0.2627118644067797,0.4152542372881356,5.987288135593221,1375.0,1985.0,0.0,0.6864406779661016,0.3135593220338983,0.08987968860580325,0.581033262561925,0.2208067940552017,0.10828025477707007,0.6125
63,583.5103092783505,0.979381443298969,10.783505154639176,20.00515463917526,1222.1237113402062,-1.999278350515464,0.6082474226804123,0.3711340206185567,6.891752577319588,1214.5,1951.2000000000003,0.0,0.7680412371134021,0.23195876288659795,0.12266267763649963,0.6888556469708302,0.11593118922961855,0.07255048616305161,0.37894736842105264
64,622.5067567567568,0.902027027027027,10.496621621621621,18.68581081081081,1317.9222972972973,-2.047466216216216,0.41216216216216217,0.48986486486486486,6.543918918918919,1331.5,2039.5,0.0,0.7263513513513513,0.27364864864864863,0.10067114093959731,0.4687661331956634,0.2953020134228188,0.1352607124419205,0.5430711610486891
65,611.0135746606335,0.7873303167420814,10.647058823529411,18.65610859728507,1312.0452488687783,-1.8269683257918552,0.33031674208144796,0.45701357466063347,6.542986425339366,1320.0,1960.0,0.0,0.6470588235294118,0.35294117647058826,0.08575380359612725,0.573997233748271,0.2966804979253112,0.043568464730290454,0.5804597701149425
66,610.7692307692307,0.3131868131868132,10.626373626373626,18.417582417582416,1306.8186813186812,-1.8701098901098903,0.1813186813186813,0.13186813186813187,5.824175824175824,1305.5,2019.5,0.0,0.6373626373626373,0.3626373626373626,0.10754716981132076,0.6669811320754717,0.17641509433962263,0.04905660377358491,0.42105263157894735
67,614.689552238806,0.564179104477612,11.850746268656716,21.083582089552237,1240.9582089552239,-1.8984776119402986,0.3074626865671642,0.25671641791044775,5.650746268656716,1225.0,1938.4000000000003,0.0,0.7671641791044777,0.23283582089552238,0.10618066561014262,0.4712097200211305,0.22820919175911253,0.19440042260961438,0.455026455026455
68,604.8512396694215,0.4256198347107438,10.214876033057852,18.75619834710744,1309.0371900826447,-1.6383471074380167,0.17355371900826447,0.25206611570247933,5.8264462809917354,1282.5,2020.0,0.0,0.6528925619834711,0.34710743801652894,0.07234042553191489,0.4971631205673759,0.30638297872340425,0.12411347517730496,0.5922330097087378
69,586.3641304347826,0.07608695652173914,11.320652173913043,20.744565217391305,1185.108695652174,-2.0390217391304346,0.05434782608695652,0.021739130434782608,6.646739130434782,1156.5,1950.0,0.0,0.7608695652173914,0.2391304347826087,0.10793131643499591,0.7007358953393296,0.15944399018806213,0.03188879803761243,0.2857142857142857
70,592.1460317460318,0.273015873015873,11.549206349206349,20.66984126984127,1239.8666666666666,-1.7652698412698415,0.1619047619047619,0.1111111111111111,6.339682539682539,1217.0,1996.0000000000002,0.0,0.6984126984126984,0.30158730158730157,0.0971457185778668,0.4636955433149725,0.28793189784677015,0.1512268402603906,0.4069767441860465
71,620.3073170731707,0.4682926829268293,10.136585365853659,17.921951219512195,1318.0390243902439,-1.8558048780487806,0.2731707317073171,0.1951219512195122,5.678048780487805,1350.0,1960.0,0.0,0.7024390243902439,0.2975609756097561,0.09106529209621993,0.5798969072164949,0.23539518900343642,0.0936426116838488,0.4166666666666667
72,601.9059405940594,0.8415841584158416,10.549504950495049,19.0,1262.9950495049504,-1.8339108910891089,0.4801980198019802,0.3613861386138614,6.4504950495049505,1276.0,2010.0,0.0,0.6633663366336634,0.33663366336633666,0.11895625479662318,0.6231772831926324,0.2003069838833461,0.05755947812739831,0.4294117647058823
73,621.3801169590644,0.6900584795321637,9.807017543859649,18.178362573099417,1348.2222222222222,-1.848391812865497,0.28654970760233917,0.40350877192982454,6.330409356725146,1311.5,2039.1000000000004,0.0,0.6842105263157895,0.3157894736842105,0.08545034642032333,0.4951501154734411,0.22678983833718244,0.19260969976905312,0.5847457627118644
74,584.1628787878788,0.5378787878787878,9.670454545454545,17.928030303030305,1321.25,-1.7531818181818184,0.2159090909090909,0.32196969696969696,5.284090909090909,1327.5,2004.2,0.0,0.6363636363636364,0.36363636363636365,0.08315412186379928,0.5017921146953405,0.2752688172043011,0.13978494623655913,0.5985915492957746
75,588.0952380952381,0.5026455026455027,10.53968253968254,20.0,1212.6719576719577,-1.9221164021164023,0.3439153439153439,0.15873015873015872,6.021164021164021,1124.0,1952.0000000000002,0.0,0.7513227513227513,0.24867724867724866,0.10720562390158173,0.6423550087873462,0.22934973637961337,0.0210896309314587,0.3157894736842105
76,591.4944444444444,0.16666666666666666,10.391666666666667,19.252777777777776,1281.4583333333333,-1.7032222222222222,0.14722222222222223,0.019444444444444445,5.911111111111111,1201.5,1996.4,0.0,0.6722222222222223,0.3277777777777778,0.08646616541353383,0.42199248120300753,0.33129699248120303,0.16024436090225563,0.11666666666666667
77,630.8301158301158,0.61003861003861,9.772200772200772,18.698841698841697,1282.3320463320463,-1.9727413127413127,0.3166023166023166,0.29343629343629346,5.223938223938224,1229.0,1960.2,0.0,0.752895752895753,0.2471042471042471,0.07834441980783444,0.5365853658536586,0.1958610495195861,0.18920916481892092,0.4810126582278481
78,633.1383928571429,0.46875,10.491071428571429,18.709821428571427,1294.674107142857,-1.8458482142857144,0.2544642857142857,0.21428571428571427,6.058035714285714,1266.0,1997.0000000000002,0.0,0.6339285714285714,0.36607142857142855,0.11274871039056743,0.5408990420044215,0.2593957258658806,0.08695652173913043,0.45714285714285713
79,572.0356083086053,0.228486646884273,11.771513353115727,21.281899109792285,1215.4302670623144,-1.7158753709198813,0.06824925816023739,0.16023738872403562,6.216617210682492,1110.0,2011.6000000000001,0.0,0.7091988130563798,0.29080118694362017,0.10739856801909307,0.4892601431980907,0.2649164677804296,0.13842482100238662,0.7012987012987013
80,586.456834532374,0.20503597122302158,10.532374100719425,19.5431654676259,1248.3992805755395,-1.7763309352517986,0.07913669064748201,0.12589928057553956,5.802158273381295,1234.0,1963.0,0.0,0.6510791366906474,0.3489208633093525,0.0731556106633602,0.523248605083695,0.2541847489150651,0.14941103533787972,0.6140350877192983
81,632.6111111111111,0.5055555555555555,10.555555555555555,19.47222222222222,1266.95,-2.0661666666666667,0.24444444444444444,0.2611111111111111,5.944444444444445,1255.0,1980.0,0.0,0.7888888888888889,0.2111111111111111,0.10186915887850467,0.6785046728971963,0.1560747663551402,0.06355140186915888,0.5164835164835165
82,615.7879656160459,0.36962750716332377,9.011461318051577,16.501432664756447,1389.759312320917,-1.896561604584527,0.18051575931232092,0.18911174785100288,6.07163323782235,1418.0,2082.0,0.0,0.6819484240687679,0.31805157593123207,0.09910335063709297,0.4747522416234073,0.25200566304860783,0.17413874469089194,0.5116279069767442
83,649.996699669967,0.933993399339934,8.749174917491748,16.207920792079207,1391.96699669967,-1.7712871287128715,0.40924092409240925,0.5247524752475248,6.115511551155116,1429.0,1984.8000000000002,0.0,0.6402640264026402,0.35973597359735976,0.07015650296815974,0.5688073394495413,0.20669185105234755,0.15434430652995143,0.5618374558303887
84,615.6359223300971,0.9902912621359223,11.20873786407767,20.54854368932039,1207.1990291262136,-2.0224271844660193,0.6310679611650486,0.3592233009708738,5.956310679611651,1187.0,1969.5,0.0,0.8106796116504854,0.18932038834951456,0.11246943765281174,0.6210268948655256,0.2176039119804401,0.0488997555012225,0.3627450980392157
85,620.5053380782919,0.6227758007117438,10.814946619217082,20.206405693950177,1259.9786476868328,-1.953523131672598,0.29537366548042704,0.3274021352313167,6.540925266903915,1222.0,2000.0,0.0,0.7508896797153025,0.2491103202846975,0.08487486398258977,0.5239390642002176,0.3073993471164309,0.08378672470076169,0.5257142857142857
86,639.512987012987,0.38311688311688313,8.49025974025974,16.863636363636363,1354.8246753246754,-1.7196753246753245,0.16883116883116883,0.21428571428571427,6.068181818181818,1341.0,2000.0,0.0,0.6201298701298701,0.37987012987012986,0.07169609416800428,0.47191011235955055,0.31835205992509363,0.13804173354735153,0.559322033898305
87,583.87,0.42,12.265,22.355,1155.18,-1.98625,0.255,0.165,6.33,1027.0,1991.0,0.0,0.69,0.31,0.1382306477093207,0.6161137440758294,0.18404423380726698,0.061611374407582936,0.39285714285714285
88,637.5777777777778,0.4444444444444444,10.004938271604939,17.891358024691357,1345.0172839506172,-1.7676296296296297,0.19753086419753085,0.24691358024691357,5.881481481481481,1353.0,2040.0,0.0,0.6962962962962963,0.3037037037037037,0.08858102434928632,0.4164567590260285,0.3022670025188917,0.19269521410579346,0.5555555555555556
89,621.5880281690141,0.3591549295774648,8.809859154929578,17.288732394366196,1304.2288732394366,-1.9503521126760563,0.18661971830985916,0.17253521126760563,6.383802816901408,1305.0,1977.9,0.0,0.6866197183098591,0.31338028169014087,0.06067291781577496,0.592388306674021,0.22504136789851076,0.12189740761169332,0.4803921568627451
90,609.7256637168142,0.17256637168141592,10.393805309734514,20.0,1231.853982300885,-1.9484513274336284,0.084070796460177,0.08849557522123894,6.548672566371682,1269.5,1956.0,0.0,0.6902654867256637,0.30973451327433627,0.11148648648648649,0.6202702702702703,0.1858108108108108,0.08243243243243244,0.5128205128205128
91,594.1888412017167,0.9012875536480687,12.17596566523605,22.103004291845494,1198.6223175965665,-2.0143776824034334,0.4592274678111588,0.44206008583690987,6.407725321888412,1150.0,1998.0,0.0,0.7167381974248928,0.2832618025751073,0.11051574012056263,0.5720026791694575,0.21500334896182183,0.10247823174815807,0.49047619047619045
92,626.3371647509579,0.5823754789272031,10.118773946360154,18.99616858237548,1268.5977011494253,-1.9452873563218391,0.2796934865900383,0.30268199233716475,6.310344827586207,1284.0,1960.0,0.0,0.7318007662835249,0.2681992337164751,0.0777170613236187,0.5124468731026108,0.26958105646630237,0.14025500910746813,0.5197368421052632
93,614.776923076923,1.0692307692307692,11.526923076923078,19.93846153846154,1251.1153846153845,-1.8597692307692308,0.6307692307692307,0.43846153846153846,7.111538461538461,1215.5,2021.0,0.0,0.6538461538461539,0.34615384615384615,0.10600324499729584,0.6214169821525148,0.15575987020010817,0.11681990265008113,0.41007194244604317
94,667.2025316455696,1.0430379746835443,10.321518987341772,18.837974683544303,1302.2632911392404,-1.9715443037974683,0.43037974683544306,0.6126582278481013,6.086075949367088,1260.0,2030.0,0.0,0.7088607594936709,0.2911392405063291,0.11397670549084858,0.4113976705490849,0.31281198003327787,0.16181364392678868,0.587378640776699
95,658.6838235294117,0.8933823529411765,10.621323529411764,19.422794117647058,1274.0919117647059,-1.9695220588235296,0.5183823529411765,0.375,6.959558823529412,1246.0,1980.0,0.0,0.7022058823529411,0.2977941176470588,0.09455890121500264,0.5309033280507132,0.3085050184891706,0.06603275224511358,0.41975308641975306
96,628.8492462311558,0.9045226130653267,11.371859296482413,19.09045226130653,1280.9396984924624,-1.8490452261306531,0.44221105527638194,0.4623115577889447,6.924623115577889,1296.0,2022.0000000000002,0.0,0.6130653266331658,0.3869346733668342,0.11175616835994194,0.6132075471698113,0.21190130624092887,0.06313497822931785,0.5111111111111111
97,671.6,1.1472222222222221,9.283333333333333,16.77777777777778,1405.7611111111112,-1.7536944444444447,0.5861111111111111,0.5611111111111111,6.344444444444444,1480.0,2070.0,0.0,0.6444444444444445,0.35555555555555557,0.11690017513134851,0.47285464098073554,0.23598949211908932,0.17425569176882663,0.4891041162227603
98,649.7766666666666,0.3433333333333333,10.59,18.906666666666666,1294.4,-1.8240666666666667,0.15666666666666668,0.18666666666666668,5.99,1253.5,1990.0,0.0,0.6633333333333333,0.33666666666666667,0.07122982749026155,0.43795214245965497,0.33834168057874237,0.15247634947134112,0.5436893203883495
99,634.3476394849786,0.6781115879828327,10.592274678111588,18.240343347639485,1323.8798283261804,-1.9467381974248927,0.39914163090128757,0.27896995708154504,7.141630901287554,1340.0,2008.0,0.0,0.6824034334763949,0.31759656652360513,0.11478365384615384,0.6604567307692307,0.17307692307692307,0.051682692307692304,0.41139240506329117
100,653.7323232323232,0.48484848484848486,10.547979797979798,18.97222222222222,1317.2474747474748,-1.888030303030303,0.2222222222222222,0.26262626262626265,6.537878787878788,1312.5,2010.0,0.0,0.7247474747474747,0.27525252525252525,0.09038238702201622,0.47663190421011975,0.25685592893008885,0.1761297798377752,0.5416666666666666
101,665.8675799086758,1.4337899543378996,9.08675799086758,17.232876712328768,1362.7671232876712,-1.8010045662100458,0.6301369863013698,0.8036529680365296,5.831050228310502,1429.0,1982.0000000000002,0.0,0.6666666666666666,0.3333333333333333,0.08457321848081441,0.6100234925606891,0.21221613155833985,0.09318715740015662,0.5605095541401274
102,632.4494382022472,0.5393258426966292,11.782771535580524,20.355805243445694,1237.003745318352,-1.8265917602996253,0.32209737827715357,0.21722846441947566,6.595505617977528,1279.0,1948.0,0.0,0.7228464419475655,0.27715355805243447,0.10221465076660988,0.5752413401476434,0.23679727427597955,0.08574673480976717,0.4027777777777778
103,664.5124153498871,1.4559819413092552,10.595936794582393,17.609480812641085,1386.492099322799,-1.635643340857788,0.6772009029345373,0.7787810383747178,6.706546275395034,1408.0,2050.0,0.0,0.618510158013544,0.38148984198645597,0.09794681925277685,0.4661730057219791,0.21844496802423427,0.21743520700100977,0.5348837209302325
104,671.7085020242915,1.1983805668016194,11.736842105263158,20.299595141700404,1243.8947368421052,-1.7278947368421054,0.5222672064777328,0.6761133603238867,5.866396761133603,1254.0,1960.0,0.0,0.708502024291498,0.291497975708502,0.08350586611456176,0.5134575569358178,0.27674258109040717,0.12629399585921325,0.5641891891891891
105,664.6833333333333,1.1611111111111112,8.988888888888889,16.366666666666667,1383.1166666666666,-1.8519444444444446,0.5555555555555556,0.6055555555555555,6.811111111111111,1484.0,2020.0,0.0,0.6555555555555556,0.34444444444444444,0.13458401305057097,0.6068515497553018,0.21941272430668843,0.03915171288743882,0.5215311004784688
106,628.1747572815534,0.49271844660194175,11.514563106796116,20.514563106796118,1234.9635922330096,-1.900970873786408,0.20388349514563106,0.28883495145631066,6.053398058252427,1189.0,1989.8000000000002,0.0,0.7402912621359223,0.25970873786407767,0.09222133119486768,0.3957497995188452,0.3195669607056937,0.19246190858059342,0.5862068965517241
107,694.094696969697,0.9053030303030303,9.787878787878787,16.818181818181817,1367.246212121212,-1.8871969696969697,0.3712121212121212,0.5340909090909091,5.901515151515151,1380.0,2024.4,0.0,0.6401515151515151,0.35984848484848486,0.0821566110397946,0.5128369704749679,0.23491655969191272,0.17008985879332478,0.5899581589958159
108,641.4435146443515,0.5690376569037657,9.715481171548117,17.815899581589957,1296.2259414225941,-1.9889958158995815,0.2928870292887029,0.27615062761506276,6.518828451882845,1376.0,1980.4,0.0,0.7238493723849372,0.27615062761506276,0.10462130937098844,0.5314505776636713,0.2939666238767651,0.0699614890885751,0.4852941176470588
109,657.5162241887906,0.5752212389380531,10.294985250737463,19.206489675516224,1284.2625368731563,-1.681946902654867,0.30973451327433627,0.26548672566371684,6.321533923303835,1205.0,2010.0,0.0,0.7138643067846607,0.2861356932153392,0.08492767148856743,0.5300979934671022,0.22351843210452638,0.16145590293980402,0.46153846153846156
110,655.847972972973,0.18243243243243243,8.760135135135135,18.243243243243242,1292.7297297297298,-1.879425675675676,0.11148648648648649,0.07094594594594594,5.800675675675675,1251.0,1985.0,0.0,0.7364864864864865,0.2635135135135135,0.06930693069306931,0.5259172976121141,0.2556785090273733,0.14909726266744322,0.3888888888888889
111,634.0537634408602,0.7311827956989247,10.494623655913978,19.758064516129032,1226.005376344086,-2.095752688172043,0.41397849462365593,0.3172043010752688,5.881720430107527,1262.5,1865.0,0.0,0.7741935483870968,0.22580645161290322,0.10877513711151737,0.6489945155393053,0.1846435100548446,0.05758683729433273,0.4338235294117647
112,653.849344978166,0.3799126637554585,11.441048034934498,20.740174672489083,1253.386462882096,-1.880240174672489,0.19213973799126638,0.18777292576419213,6.275109170305677,1218.0,1973.0,0.0,0.7292576419213974,0.27074235807860264,0.09916492693110647,0.42379958246346555,0.2654836464857342,0.2115518441196938,0.4942528735632184
113,686.2406779661017,1.2949152542372881,9.410169491525425,17.410169491525423,1367.5898305084745,-1.5872203389830508,0.5525423728813559,0.7423728813559322,6.125423728813559,1410.0,2000.0,0.0,0.5932203389830508,0.4067796610169492,0.07028223574986164,0.5605976757055894,0.22302158273381295,0.14609850581073602,0.5732984293193717
114,655.1984732824427,0.9656488549618321,10.293893129770993,18.755725190839694,1302.1297709923665,-2.031946564885496,0.6412213740458015,0.3244274809160305,6.343511450381679,1317.5,1959.0,0.0,0.7251908396946565,0.2748091603053435,0.12815884476534295,0.5216606498194946,0.2870036101083033,0.0631768953068592,0.3359683794466403
115,711.8899676375405,0.6116504854368932,8.449838187702266,15.297734627831716,1436.106796116505,-1.5079935275080907,0.3074433656957929,0.3042071197411003,6.692556634304207,1480.0,2100.0,0.0,0.5631067961165048,0.4368932038834951,0.09816247582205029,0.4574468085106383,0.33945841392649906,0.10493230174081238,0.4973544973544973
116,657.319018404908,0.2361963190184049,8.030674846625766,15.886503067484663,1380.282208588957,-1.600920245398773,0.0950920245398773,0.1411042944785276,6.208588957055214,1381.0,2009.5,0.0,0.6134969325153374,0.38650306748466257,0.07905138339920949,0.4540513833992095,0.3102766798418972,0.1566205533596838,0.5974025974025974
117,656.1728971962617,0.677570093457944,9.509345794392523,17.83644859813084,1316.696261682243,-1.7772429906542055,0.4205607476635514,0.2570093457943925,6.836448598130841,1313.5,2020.0,0.0,0.6214953271028038,0.37850467289719625,0.11414900888585099,0.6220095693779905,0.17361585782638414,0.09022556390977443,0.3793103448275862
118,673.8430962343097,0.5983263598326359,10.725941422594142,18.97489539748954,1287.1799163179917,-1.8979916317991632,0.3117154811715481,0.28661087866108786,5.989539748953975,1278.5,1991.8000000000002,0.0,0.7175732217573222,0.2824267782426778,0.09640237513098149,0.38421236465246245,0.28501571777855395,0.2343695424380021,0.479020979020979
119,676.6543624161073,1.023489932885906,9.295302013422818,17.88255033557047,1326.1241610738255,-1.8665771812080538,0.38926174496644295,0.6342281879194631,6.526845637583893,1346.5,1970.0,0.0,0.7046979865771812,0.2953020134228188,0.06478149100257069,0.574293059125964,0.23444730077120823,0.12647814910025706,0.6196721311475409
120,624.7713310580205,0.25597269624573377,11.57679180887372,20.368600682593858,1235.0170648464164,-1.7874402730375427,0.10921501706484642,0.14675767918088736,6.167235494880546,1272.0,1958.0,0.0,0.7235494880546075,0.2764505119453925,0.1261759822910902,0.5235196458218041,0.2263420033204206,0.12396236856668512,0.5733333333333334
121,669.7663043478261,1.7065217391304348,11.39945652173913,18.891304347826086,1334.2065217391305,-1.8241304347826086,0.8070652173913043,0.8994565217391305,6.711956521739131,1321.5,2033.2,0.0,0.654891304347826,0.3451086956521739,0.13036437246963561,0.45870445344129557,0.24210526315789474,0.16882591093117408,0.5270700636942676
122,678.7016949152543,0.735593220338983,9.76271186440678,17.566101694915254,1343.0576271186442,-1.8750847457627118,0.4440677966101695,0.29152542372881357,6.145762711864407,1361.0,1990.0,0.0,0.6677966101694915,0.33220338983050846,0.07446221731936017,0.5068946497517927,0.26806398234969664,0.15057915057915058,0.39631336405529954
123,662.6382252559727,1.8668941979522184,11.426621160409557,19.66211604095563,1268.1433447098975,-1.9017747440273038,1.0443686006825939,0.8225255972696246,7.549488054607509,1240.0,2020.0,0.0,0.621160409556314,0.378839590443686,0.10307414104882459,0.6125678119349005,0.17902350813743217,0.10533453887884267,0.4405850091407678
124,713.5892116182573,1.6846473029045643,10.035269709543568,17.139004149377595,1367.188796680498,-1.8083609958506224,0.8298755186721992,0.8547717842323651,6.174273858921162,1368.0,2050.0,0.0,0.6950207468879668,0.3049792531120332,0.09643817204301075,0.3840725806451613,0.3279569892473118,0.19153225806451613,0.5073891625615764
125,711.7958333333333,1.6833333333333333,9.966666666666667,17.633333333333333,1350.5291666666667,-1.746375,0.9458333333333333,0.7375,6.966666666666667,1409.5,2001.0,0.0,0.6333333333333333,0.36666666666666664,0.0819377990430622,0.5328947368421053,0.3361244019138756,0.04904306220095694,0.4381188118811881
126,650.5729537366548,0.6476868327402135,11.462633451957295,19.97153024911032,1256.9537366548043,-2.102099644128114,0.42704626334519574,0.2206405693950178,6.95729537366548,1235.0,2010.0,0.0,0.7615658362989324,0.23843416370106763,0.11815856777493607,0.5268542199488491,0.2772378516624041,0.07774936061381074,0.34065934065934067
127,685.847311827957,1.1698924731182796,11.281720430107526,18.89032258064516,1317.32688172043,-1.765010752688172,0.5440860215053763,0.6258064516129033,6.668817204301075,1312.0,2040.0,0.0,0.6623655913978495,0.33763440860215055,0.1054498548855208,0.4069654950016124,0.26217349242179944,0.2254111576910674,0.5349264705882353
128,686.5493421052631,1.0230263157894737,11.148026315789474,19.25,1294.9572368421052,-1.7791118421052632,0.45394736842105265,0.569078947368421,5.782894736842105,1293.0,1967.0,0.0,0.6875,0.3125,0.06541524459613197,0.472127417519909,0.30773606370875994,0.1547212741751991,0.5562700964630225
129,693.3797101449276,1.6028985507246376,11.344927536231884,18.872463768115942,1296.3797101449275,-1.919072463768116,0.7478260869565218,0.855072463768116,7.176811594202898,1311.0,1996.0000000000002,0.0,0.6869565217391305,0.3130434782608696,0.09773828756058159,0.56421647819063,0.23263327948303716,0.10541195476575121,0.5334538878842676
130,739.6671755725191,0.5862595419847328,9.099236641221374,15.38473282442748,1439.516030534351,-1.7129923664122138,0.2687022900763359,0.31755725190839695,6.178625954198473,1481.0,2060.0,0.0,0.6091603053435114,0.39083969465648855,0.08623671855695576,0.3832468495181616,0.3145539906103286,0.215962441314554,0.5416666666666666
131,718.1133603238867,2.639676113360324,9.522267206477732,16.967611336032387,1385.31983805668,-1.6685425101214575,1.1902834008097165,1.4493927125506072,6.194331983805668,1470.0,2010.0,0.0,0.6194331983805668,0.3805668016194332,0.08954248366013072,0.5901960784313726,0.24248366013071895,0.07777777777777778,0.549079754601227
132,656.5191256830601,1.040983606557377,11.923497267759563,20.221311475409838,1241.967213114754,-1.857568306010929,0.4562841530054645,0.5846994535519126,6.51912568306011,1175.5,2020.0,0.0,0.6912568306010929,0.3087431693989071,0.11022632020117351,0.5058675607711651,0.2548197820620285,0.12908633696563285,0.5616797900262467
133,700.1953405017921,1.2867383512544803,10.817204301075268,18.408602150537636,1330.9551971326164,-1.729731182795699,0.6236559139784946,0.6630824372759857,6.623655913978495,1359.5,2060.0,0.0,0.6379928315412187,0.36200716845878134,0.08955627705627706,0.4337121212121212,0.25703463203463206,0.2196969696969697,0.5153203342618384
134,762.0879478827361,2.1172638436482085,9.003257328990228,15.543973941368078,1435.273615635179,-1.8312377850162869,0.9022801302931596,1.214983713355049,5.478827361563518,1521.0,2050.0,0.0,0.5732899022801303,0.42671009771986973,0.07788347205707491,0.47859690844233055,0.2966706302021403,0.14684898929845422,0.5738461538461539
135,692.5129032258064,1.364516129032258,11.154838709677419,19.248387096774195,1305.983870967742,-1.9919677419354838,0.6774193548387096,0.6870967741935484,7.225806451612903,1328.0,2020.0,0.0,0.7064516129032258,0.29354838709677417,0.11116071428571428,0.5,0.29642857142857143,0.09241071428571429,0.5035460992907801
136,735.5007923930269,1.0285261489698891,8.973058637083994,15.35974643423138,1450.7052297939779,-1.7050396196513473,0.5055467511885895,0.5229793977812995,6.083993660855785,1492.0,2060.0,0.0,0.6038034865293186,0.39619651347068147,0.09429538942432925,0.33420161500390727,0.3362854910132847,0.23521750455847876,0.5084745762711864
137,739.7540983606557,1.6229508196721312,8.445901639344262,14.544262295081968,1466.055737704918,-1.5414754098360657,0.7180327868852459,0.9049180327868852,5.872131147540983,1659.0,2070.0,0.0,0.5672131147540984,0.43278688524590164,0.07537688442211055,0.5019542155220548,0.24790619765494137,0.17476270240089337,0.5575757575757576
138,733.9906323185012,2.0679156908665104,10.037470725995316,16.679156908665107,1398.1334894613583,-1.823583138173302,1.1381733021077283,0.9297423887587822,6.772833723653396,1438.0,2030.0,0.0,0.6604215456674473,0.3395784543325527,0.08056708160442601,0.41839557399723376,0.34923928077455046,0.15179806362378975,0.44960362400906
139,761.9856915739268,1.5771065182829889,9.362480127186009,15.273449920508744,1463.1081081081081,-1.6813195548489666,0.7790143084260731,0.7980922098569158,6.5723370429252785,1519.0,2110.0,0.0,0.5914149443561209,0.40858505564387915,0.08345428156748912,0.3691340106434446,0.3248669569424286,0.22254475084663763,0.5060483870967742
140,722.3495440729483,0.364741641337386,8.933130699088146,15.133738601823708,1433.6808510638298,-1.7329787234042553,0.23100303951367782,0.1337386018237082,6.182370820668693,1570.0,2030.0,0.0,0.5896656534954408,0.41033434650455924,0.06637168141592921,0.48525073746312686,0.27925270403146507,0.16912487708947885,0.36666666666666664
141,668.6050955414013,1.9522292993630572,11.831210191082803,20.09235668789809,1241.8694267515923,-1.9339490445859873,1.0127388535031847,0.9394904458598726,6.601910828025478,1248.5,2001.4,0.0,0.7515923566878981,0.2484076433121019,0.10805595754944525,0.49252291365171247,0.2421611191509889,0.15726000964785336,0.4812398042414356
142,720.1533742331288,0.5874233128834356,10.276073619631902,17.504601226993866,1371.4187116564417,-1.6774233128834357,0.3266871165644172,0.2607361963190184,6.16717791411043,1408.0,2040.0,0.0,0.6334355828220859,0.3665644171779141,0.0825665257398657,0.347177319074857,0.31559313603581196,0.2546630191494653,0.44386422976501305
143,727.5118343195267,1.5857988165680474,9.736686390532544,16.03846153846154,1384.9556213017752,-1.5018639053254437,0.7869822485207101,0.7988165680473372,5.8609467455621305,1466.0,2000.0,0.0,0.6331360946745562,0.3668639053254438,0.06915699141847552,0.5169106511862696,0.22412922766279655,0.18980312973245836,0.503731343283582
144,709.927536231884,1.0144927536231885,12.101449275362318,18.89855072463768,1300.750724637681,-1.9216231884057973,0.5217391304347826,0.4927536231884058,6.539130434782609,1270.0,2000.0,0.0,0.7130434782608696,0.28695652173913044,0.09042553191489362,0.4352836879432624,0.37056737588652483,0.10372340425531915,0.4857142857142857
145,713.4213333333333,0.9893333333333333,11.973333333333333,19.778666666666666,1277.552,-1.8137866666666667,0.4666666666666667,0.5226666666666666,6.565333333333333,1211.0,2010.0,0.0,0.7093333333333334,0.2906666666666667,0.09463850528025995,0.4455727051177904,0.3314378554021121,0.12835093419983754,0.5283018867924528
146,685.2119565217391,0.46195652173913043,10.66304347826087,18.141304347826086,1330.6494565217392,-1.7483152173913044,0.2717391304347826,0.19021739130434784,6.233695652173913,1357.5,2010.0,0.0,0.625,0.375,0.07061900610287707,0.4306887532693984,0.33958151700087186,0.15911072362685266,0.4117647058823529
147,698.3562653562653,0.9828009828009828,11.113022113022113,18.985257985257984,1287.078624078624,-1.8345208845208845,0.5651105651105651,0.4176904176904177,6.6093366093366095,1260.0,2021.2,0.0,0.6461916461916462,0.3538083538083538,0.08736059479553904,0.46988847583643123,0.28178438661710037,0.16096654275092936,0.425
148,738.9569583931134,0.9081779053084649,9.591104734576758,16.919655667144905,1373.2252510760402,-1.7331276901004304,0.4490674318507891,0.45911047345767575,6.21090387374462,1399.0,2070.0,0.0,0.6599713055954088,0.3400286944045911,0.08108108108108109,0.33379533379533377,0.33495033495033494,0.25017325017325015,0.5055292259083728
149,733.375,0.6934523809523809,9.12202380952381,15.976190476190476,1406.6607142857142,-1.6994345238095239,0.25892857142857145,0.43452380952380953,6.592261904761905,1510.0,2020.0,0.0,0.5952380952380952,0.40476190476190477,0.0672686230248307,0.5431151241534988,0.2451467268623025,0.14446952595936793,0.6266094420600858
150,693.60407239819,0.5226244343891403,11.753393665158372,19.805429864253394,1260.5,-2.041470588235294,0.2579185520361991,0.2647058823529412,6.658371040723982,1242.0,1966.7,0.0,0.748868778280543,0.251131221719457,0.09072375127421,0.44580360176690453,0.3221202854230377,0.14135236153584776,0.5064935064935064
151,737.2857142857143,0.9981916817359855,10.942133815551538,17.924050632911392,1354.506329113924,-1.840488245931284,0.4936708860759494,0.5045207956600362,6.560578661844485,1352.0,2040.0,0.0,0.6654611211573237,0.3345388788426763,0.10226019845644983,0.3867144432194046,0.2929988974641676,0.21802646085997796,0.5054347826086957
152,724.9465240641712,0.839572192513369,9.62566844919786,16.74331550802139,1379.3475935828876,-1.7347860962566846,0.4385026737967914,0.40106951871657753,6.002673796791444,1491.5,2028.5,0.0,0.6417112299465241,0.3582887700534759,0.07527839643652562,0.4503340757238307,0.2734966592427617,0.20089086859688196,0.47770700636942676
153,749.4011627906976,0.9011627906976745,9.51937984496124,16.248062015503876,1405.6511627906978,-1.7203682170542636,0.4786821705426357,0.42248062015503873,6.796511627906977,1499.5,2060.0,0.0,0.6395348837209303,0.36046511627906974,0.07955517536355859,0.47476475620188197,0.2523524379811805,0.19332763045337895,0.46881720430107526
154,784.6652949245541,1.270233196159122,8.8559670781893,15.01920438957476,1463.0603566529492,-1.7018930041152265,0.635116598079561,0.635116598079561,6.032921810699588,1620.0,2090.0,0.0,0.5925925925925926,0.4074074074074074,0.08685766257389722,0.30991359708958616,0.33083219645293316,0.2723965438835834,0.5
155,747.9651567944251,1.5679442508710801,9.21951219512195,15.770034843205575,1416.01393728223,-1.6017073170731708,0.7421602787456446,0.8257839721254355,6.630662020905923,1523.0,2013.6000000000004,0.0,0.6202090592334495,0.3797909407665505,0.06883867577509196,0.5086705202312138,0.34104046242774566,0.0814503415659485,0.5266666666666666
156,703.526558891455,0.3187066974595843,12.046189376443419,18.96997690531178,1301.0230946882218,-1.8419630484988454,0.13394919168591224,0.18475750577367206,6.815242494226328,1326.0,2030.0,0.0,0.6674364896073903,0.3325635103926097,0.09928837682141647,0.42663503896984073,0.33988478481870554,0.13419179939003728,0.5797101449275363
157,748.9097222222222,1.273611111111111,9.063888888888888,15.479166666666666,1445.401388888889,-1.673625,0.6458333333333334,0.6277777777777778,6.176388888888889,1564.5,2060.0,0.0,0.6305555555555555,0.36944444444444446,0.08972340903980211,0.34180346300876996,0.3233640656622442,0.24510906228918372,0.49291166848418755
158,731.2793296089385,1.175977653631285,9.30167597765363,15.854748603351956,1403.8519553072626,-1.5836871508379888,0.4720670391061452,0.7039106145251397,5.840782122905028,1584.0,2060.0,0.0,0.547486033519553,0.45251396648044695,0.07364897178383549,0.42037302725968434,0.3242467718794835,0.18173122907699665,0.5985748218527316
159,750.39592760181,0.5339366515837104,9.552036199095022,15.993212669683258,1409.2058823529412,-1.7445248868778283,0.28054298642533937,0.25339366515837103,6.253393665158371,1513.5,2040.0,0.0,0.581447963800905,0.41855203619909503,0.08755426917510854,0.42872648335745295,0.30137481910274966,0.18234442836468887,0.4745762711864407
160,760.8878116343491,0.5595567867036011,8.362880886426593,14.271468144044322,1484.5415512465374,-1.5235180055401663,0.32271468144044324,0.23684210526315788,6.137119113573407,1644.0,2070.0,0.0,0.5429362880886427,0.45706371191135736,0.07944030692845859,0.3455201986007673,0.32385466034755134,0.25118483412322273,0.42326732673267325
161,655.4943396226415,1.630188679245283,11.547169811320755,19.57358490566038,1249.3849056603774,-1.6911698113207547,0.8,0.8301886792452831,6.060377358490566,1286.0,1965.6,0.0,0.6641509433962264,0.33584905660377357,0.08343711083437111,0.5585305105853051,0.22291407222914073,0.13511830635118308,0.5092592592592593
162,678.7753303964757,0.6233480176211453,10.537444933920705,18.037444933920703,1327.0484581497797,-1.7791629955947137,0.3436123348017621,0.27973568281938327,6.240088105726873,1385.5,2040.0,0.0,0.7180616740088106,0.28193832599118945,0.09742322626191316,0.4182845040593011,0.28768090363572185,0.1966113660430639,0.44876325088339225
163,739.7309711286089,0.7624671916010499,10.341207349081365,16.879265091863516,1379.5656167979002,-1.6469160104986877,0.3569553805774278,0.40551181102362205,6.375328083989501,1440.5,2050.0,0.0,0.6181102362204725,0.38188976377952755,0.0833676410045286,0.3746397694524496,0.277274598600247,0.2647179909427748,0.53184165232358
164,694.273311897106,0.6045016077170418,10.993569131832798,18.372990353697748,1308.7877813504824,-1.7705466237942122,0.3215434083601286,0.2829581993569132,5.987138263665595,1330.0,1980.0,0.0,0.6527331189710611,0.34726688102893893,0.07303974221267455,0.45005370569280345,0.30773361976369495,0.16917293233082706,0.46808510638297873
165,699.0435779816514,1.2889908256880733,12.082568807339449,19.889908256880734,1275.1628440366972,-1.8031651376146791,0.6353211009174312,0.6536697247706422,6.928899082568807,1243.0,2040.0,0.0,0.6490825688073395,0.35091743119266056,0.09334657398212512,0.4515061238000662,0.31214829526646803,0.14299900695134063,0.5071174377224199
166,722.6613832853026,0.430835734870317,9.463976945244957,15.619596541786743,1447.1023054755044,-1.6418587896253602,0.22046109510086456,0.21037463976945245,6.416426512968299,1495.5,2030.0,0.0,0.5994236311239193,0.40057636887608067,0.0909499214013025,0.3137210869077027,0.3465079721536043,0.24882101953739053,0.4882943143812709
167,711.5510204081633,0.7321428571428571,9.153061224489797,15.83673469387755,1415.9591836734694,-1.7409693877551022,0.3673469387755102,0.3647959183673469,6.23469387755102,1471.0,2050.0,0.0,0.5892857142857143,0.4107142857142857,0.08346972176759411,0.4472176759410802,0.27782324058919805,0.19148936170212766,0.49825783972125437
168,747.6268907563025,0.9176470588235294,9.878991596638656,16.114285714285714,1411.5361344537814,-1.7591932773109245,0.4991596638655462,0.4184873949579832,6.586554621848739,1502.0,2060.0,0.0,0.6420168067226891,0.35798319327731093,0.08369482010717019,0.3904057157438122,0.3403929573870885,0.18550650676192906,0.45604395604395603
169,717.3403614457832,0.7605421686746988,10.231927710843374,17.10542168674699,1373.355421686747,-1.7383584337349398,0.37650602409638556,0.38403614457831325,6.423192771084337,1433.0,2037.6000000000004,0.0,0.6686746987951807,0.3313253012048193,0.08745603751465417,0.38827667057444315,0.2954279015240328,0.22883939038686987,0.504950495049505
170,733.7127371273713,0.3252032520325203,9.146341463414634,15.51490514905149,1414.119241192412,-1.67029810298103,0.16802168021680217,0.15718157181571815,6.124661246612466,1481.0,2030.0,0.0,0.6287262872628726,0.3712737127371274,0.07345132743362832,0.479646017699115,0.2911504424778761,0.15575221238938053,0.48333333333333334
171,699.6992840095465,1.4200477326968974,11.238663484486873,18.875894988066825,1299.2792362768496,-1.846801909307876,0.7398568019093079,0.6801909307875895,6.620525059665871,1317.0,2016.8,0.0,0.6825775656324582,0.31742243436754175,0.11499639509733237,0.44556596971881757,0.24116798846431145,0.19826964671953856,0.4789915966386555
172,747.7373626373626,0.878021978021978,9.375824175824176,15.868131868131869,1431.0681318681318,-1.5679890109890111,0.42967032967032964,0.44835164835164837,6.187912087912088,1510.0,2070.0,0.001098901098901099,0.6076923076923076,0.3912087912087912,0.08222340614455692,0.32942638962884035,0.3031433137986148,0.2852068904279879,0.5106382978723404
173,709.1645885286783,1.4812967581047383,9.72069825436409,16.418952618453865,1394.6807980049875,-1.5620199501246883,0.7057356608478803,0.7755610972568578,6.371571072319202,1474.0,2060.0,0.0,0.600997506234414,0.39900249376558605,0.08336594911937378,0.50293542074364,0.23131115459882584,0.18238747553816048,0.5235690235690236
174,747.3277777777778,1.3111111111111111,9.488888888888889,15.705555555555556,1435.5907407407408,-1.7861111111111112,0.575925925925926,0.7351851851851852,6.368518518518519,1532.5,2045.5,0.0,0.6333333333333333,0.36666666666666664,0.08723466123873219,0.35330037801686537,0.3687118348357081,0.1907531259086944,0.5607344632768362
175,732.8450920245399,1.205521472392638,10.196319018404909,17.234662576687118,1380.4493865030674,-1.819478527607362,0.6226993865030674,0.5828220858895705,6.6656441717791415,1427.0,2080.0,0.0,0.6380368098159509,0.3619631901840491,0.0966405890473999,0.35411872986654397,0.3232857800276116,0.22595490105844454,0.48346055979643765
176,713.3404255319149,0.9290780141843972,8.921985815602836,14.5177304964539,1471.8581560283687,-1.6899763593380615,0.46099290780141844,0.46808510638297873,6.408983451536643,1600.0,2030.0,0.0,0.6288416075650118,0.37115839243498816,0.07893766137956473,0.42788638878642565,0.3116931021763187,0.18148284765769088,0.5038167938931297
177,752.3844827586207,0.9137931034482759,9.60344827586207,16.146551724137932,1404.501724137931,-1.6237931034482758,0.4862068965517241,0.42758620689655175,6.413793103448276,1483.0,2050.0,0.0,0.5896551724137931,0.4103448275862069,0.08602150537634409,0.4053763440860215,0.3260752688172043,0.1825268817204301,0.4679245283018868
178,774.3071748878924,1.4730941704035874,9.477578475336323,15.682735426008968,1430.72533632287,-1.6854820627802691,0.7645739910313901,0.7085201793721974,6.218609865470852,1512.5,2060.0,0.0,0.6322869955156951,0.36771300448430494,0.08202632053362177,0.30683252208400935,0.32558139534883723,0.2855597620335316,0.4809741248097412
179,695.6608695652174,0.8347826086956521,10.736956521739131,18.60217391304348,1294.8021739130436,-1.7174782608695651,0.3804347826086957,0.4543478260869565,7.136956521739131,1286.5,2000.0,0.0,0.65,0.35,0.09016143770941212,0.5373134328358209,0.2162656107219007,0.15625951873286628,0.5442708333333334
180,728.8084714548803,0.9686924493554327,10.197053406998158,16.775322283609576,1379.475138121547,-1.7464272559852672,0.44014732965009207,0.5285451197053407,7.0073664825046045,1450.0,2060.0,0.0,0.6279926335174953,0.3720073664825046,0.09697766097240473,0.43153745072273325,0.3059132720105125,0.16557161629434955,0.5456273764258555
181,734.984593837535,1.2759103641456582,10.145658263305322,17.170868347338935,1362.1134453781513,-1.7573949579831933,0.6624649859943977,0.6134453781512605,6.932773109243698,1372.0,2060.0,0.0,0.6582633053221288,0.34173669467787116,0.09535353535353536,0.3880808080808081,0.28606060606060607,0.23050505050505052,0.4807903402854007
182,725.3062200956938,1.1148325358851674,9.54066985645933,15.717703349282298,1416.1507177033493,-1.5401196172248803,0.5574162679425837,0.5574162679425837,6.440191387559809,1563.0,2030.0,0.0,0.5933014354066986,0.40669856459330145,0.08283803863298662,0.4591381872213967,0.2841753343239227,0.1738484398216939,0.5
183,719.1286956521739,1.5478260869565217,10.139130434782608,16.99304347826087,1365.1773913043478,-1.8531304347826085,0.808695652173913,0.7391304347826086,7.340869565217392,1356.0,2056.0,0.0,0.6695652173913044,0.33043478260869563,0.09357972044539209,0.4996446339729922,0.24425491589670695,0.1625207296849088,0.47752808988764045
184,756.812351543943,0.832541567695962,9.005938242280285,15.035629453681711,1460.312351543943,-1.6837648456057008,0.4358669833729216,0.39667458432304037,6.6389548693586695,1517.5,2089.6,0.0,0.5914489311163895,0.4085510688836104,0.0853309481216458,0.3479427549194991,0.3304114490161002,0.23631484794275492,0.4764621968616263
185,689.4520547945206,1.6657534246575343,11.057534246575342,18.665753424657535,1303.7945205479452,-1.862986301369863,0.7342465753424657,0.9315068493150684,7.336986301369863,1289.0,1980.0,0.0,0.7068493150684931,0.29315068493150687,0.09372666168782674,0.5089619118745332,0.3188946975354742,0.07841672890216579,0.5592105263157895
186,675.4990512333966,0.3738140417457306,11.853889943074003,19.72485768500949,1239.8861480075902,-1.8041935483870968,0.16129032258064516,0.2125237191650854,6.946869070208729,1215.0,2012.0000000000002,0.0,0.6907020872865275,0.3092979127134725,0.10079213329691342,0.4258399344441409,0.3253209505599563,0.14804698169898936,0.5685279187817259
187,770.3079584775087,0.6113033448673587,8.85351787773933,14.883506343713956,1453.8985005767013,-1.5124798154555938,0.31718569780853517,0.29411764705882354,6.381776239907728,1600.0,2090.0,0.0,0.5559400230680508,0.44405997693194926,0.08458340863907464,0.336887764323152,0.3126694379179469,0.2658593891198265,0.4811320754716981
188,696.0471869328494,1.1923774954627948,11.295825771324864,18.39382940108893,1307.546279491833,-1.7132304900181488,0.604355716878403,0.588021778584392,6.784029038112522,1330.0,2012.0,0.0,0.6533575317604355,0.3466424682395644,0.09390048154093097,0.4464954521134296,0.28196896736222576,0.1776350989834136,0.4931506849315068
189,745.0583038869258,0.4823321554770318,10.022968197879859,16.867491166077738,1364.0194346289752,-1.8024558303886926,0.24381625441696114,0.23851590106007067,7.1431095406360425,1400.0,2030.0,0.0,0.6448763250883393,0.3551236749116608,0.08186989859015582,0.46228048478852335,0.29656195894138015,0.15928765767994063,0.4945054945054945
190,784.1951219512196,0.5942350332594235,8.53991130820399,14.257206208425721,1477.8858093126387,-1.6760532150776053,0.2960088691796009,0.2982261640798226,6.909090909090909,1548.0,2080.0,0.0,0.582039911308204,0.417960088691796,0.0834403080872914,0.36232349165596917,0.3146662387676508,0.23956996148908857,0.5018656716417911
191,715.3018018018018,1.587837837837838,11.405405405405405,19.17117117117117,1285.3693693693695,-2.014527027027027,0.8400900900900901,0.7477477477477478,6.907657657657658,1265.5,1990.0,0.0,0.7117117117117117,0.2882882882882883,0.11574828822954027,0.494946201499837,0.2194326703619172,0.16987283990870558,0.47092198581560285
192,764.7159253945481,1.3529411764705883,8.846484935437589,14.893830703012913,1444.5982783357244,-0.1926255380200861,0.624103299856528,0.7288378766140603,6.70157819225251,1563.0,2058.2,0.01291248206599713,0.5595408895265424,0.42754662840746055,0.09077285377863413,0.40783558124598585,0.2759580389638193,0.2254335260115607,0.5387062566277837
193,830.2595494613124,0.8991185112634672,7.51126346718903,12.601371204701273,1550.633692458374,-1.5904603330068559,0.4436826640548482,0.455435847208619,6.81586679725759,1690.0,2080.0,0.0,0.564152791380999,0.435847208619001,0.0738611869521483,0.3744790918235379,0.28121856588590316,0.2704411553384107,0.5065359477124183
194,750.6608695652174,1.1304347826086956,10.554347826086957,17.108695652173914,1354.9934782608696,-1.334,0.5130434782608696,0.6173913043478261,6.797826086956522,1380.0,2034.2,0.004347826086956522,0.6456521739130435,0.35,0.09146146466261593,0.4595458906299968,0.2836584585865046,0.16533418612088263,0.5461538461538461
195,721.5810147299509,1.3273322422258593,9.685761047463176,16.32242225859247,1396.795417348609,-1.6831260229132572,0.6710310965630114,0.6563011456628478,7.024549918166939,1470.0,2060.0,0.0,0.6006546644844517,0.3993453355155483,0.09575955265610438,0.41309412861137,0.31477166821994407,0.17637465051258155,0.49445129469790383
196,831.1422764227642,1.0447154471544715,7.914634146341464,13.0619918699187,1521.2123983739837,-1.4885060975609756,0.5172764227642277,0.5274390243902439,6.704268292682927,1637.5,2090.0,0.0,0.5294715447154471,0.47052845528455284,0.07291192966499924,0.3224192814915871,0.3685008337122935,0.2361679551311202,0.504863813229572
197,720.35303514377,0.9792332268370607,10.884984025559106,18.966453674121407,1286.6661341853035,-1.7905750798722047,0.4424920127795527,0.536741214057508,6.618210862619808,1288.5,1974.5,0.0,0.6805111821086262,0.3194888178913738,0.09896210475500845,0.462466811489259,0.24233647115616702,0.19623461259956554,0.5481239804241436
198,790.4295580110497,0.8549723756906077,8.933701657458563,14.997237569060774,1440.5317679558011,-1.7467817679558013,0.3770718232044199,0.47790055248618785,7.087016574585635,1529.0,2070.0,0.0,0.6035911602209945,0.39640883977900554,0.0843890079906451,0.39368544143441825,0.3309296433443773,0.19099590723055934,0.5589660743134087
199,822.9244491080798,1.0713536201469045,8.076600209863589,13.826862539349422,1496.0020986358866,-1.513357817418678,0.5383001049317944,0.5330535152151101,7.16579223504722,1600.0,2090.0,0.002098635886673662,0.5456453305351522,0.4522560335781742,0.07717088885634793,0.3969834529213648,0.30575486894127984,0.22009078928100748,0.4975514201762977
200,732.8302277432712,0.37267080745341613,9.459627329192546,16.443064182194618,1362.8467908902692,-1.6996066252587991,0.17598343685300208,0.19668737060041408,6.923395445134576,1420.0,2020.0,0.0,0.6335403726708074,0.36645962732919257,0.0625,0.5191387559808612,0.26016746411483255,0.15819377990430622,0.5277777777777778
201,776.1837672281777,1.2817764165390506,8.592649310872895,14.609494640122511,1444.9892802450229,-1.4948392036753446,0.6309341500765697,0.6508422664624809,6.895865237366003,1540.0,2070.0,0.0030627871362940277,0.5834609494640123,0.41347626339969373,0.10815012214079503,0.4179435931601155,0.28336664445924936,0.1905396402398401,0.5077658303464755
202,822.8693808312129,1.340966921119593,7.786259541984733,13.132315521628499,1528.916878710772,-1.5158184902459713,0.6624257845631891,0.6785411365564037,6.779474130619168,1669.0,2091.4000000000005,0.0,0.527565733672604,0.4724342663273961,0.07318904041035906,0.31952958838984113,0.3375453521831603,0.26973601901663957,0.5060088551549652
203,757.6084583901774,1.1964529331514324,9.986357435197817,17.663028649386085,1328.6957708049113,-1.6820600272851296,0.5866302864938608,0.6098226466575716,7.466575716234652,1341.0,2010.0,0.001364256480218281,0.6302864938608458,0.3683492496589359,0.09227114927827516,0.4951580486022291,0.2495888909190572,0.1629819112004385,0.5096921322690992
204,789.8853046594982,1.3094384707287934,9.19115890083632,15.696535244922341,1398.020310633214,0.6008124253285544,0.6212664277180406,0.6881720430107527,7.567502986857826,1451.0,2054.0,0.02031063321385902,0.6260454002389486,0.3536439665471924,0.09283233343858541,0.4139564256394064,0.33091253552257655,0.16229870539943164,0.5255474452554745
205,857.6088527551942,1.5121951219512195,7.78590785907859,13.251129177958447,1530.9006323396568,-1.4259439927732611,0.7660343270099368,0.7461607949412827,7.439024390243903,1625.0,2100.0,0.0018066847335140017,0.5564588979223125,0.44173441734417346,0.07261687917425623,0.349605343047966,0.33758348512446873,0.24019429265330905,0.4934289127837515
206,792.4330855018587,1.1152416356877324,8.371747211895912,14.237918215613384,1464.592936802974,-1.5128252788104088,0.5055762081784386,0.6096654275092936,7.604089219330855,1600.5,2044.0,0.0,0.5780669144981413,0.42193308550185876,0.07577609386458078,0.47616719628452703,0.29943779027132733,0.1486189195795649,0.5466666666666666
207,808.6684841875682,0.9694656488549618,8.28135223555071,14.255179934569247,1457.3042529989095,-0.39625954198473284,0.44711014176663033,0.5223555070883316,7.070883315158125,1546.0,2070.0,0.010905125408942203,0.6030534351145038,0.386041439476554,0.08682911782850093,0.39235040098704504,0.3161628624305984,0.20465761875385566,0.5388076490438695
208,889.2155570204351,1.1437046802900461,6.741595253790376,11.8569545154911,1584.878707976269,-1.4648055372445616,0.5866842452208306,0.5570204350692155,6.811470006591958,1755.0,2110.0,0.0,0.5115359261700725,0.4884640738299275,0.05700183876899255,0.2841381980063873,0.36204393690119036,0.2968160263234298,0.48703170028818443
209,710.0712435233161,0.8730569948186528,11.568652849740932,20.479274611398964,1204.8665803108809,-1.9725906735751295,0.4326424870466321,0.44041450777202074,7.756476683937824,1123.0,1997.1999999999998,0.0,0.7642487046632125,0.23575129533678757,0.07782231128924516,0.5011690046760187,0.2636940547762191,0.15731462925851702,0.5044510385756676
210,782.3780487804878,1.1243902439024391,9.109756097560975,15.88048780487805,1404.2158536585366,-1.6974024390243905,0.551219512195122,0.573170731707317,7.251219512195122,1514.0,2066.4,0.0,0.6158536585365854,0.38414634146341464,0.08627648839556004,0.3975782038345106,0.33282879246552305,0.18331651530440632,0.5097613882863341
211,825.3962743437764,1.991532599491956,7.846740050804403,13.575783234546995,1513.0203217612193,-1.5445131244707875,1.014394580863675,0.9771380186282811,6.776460626587638,1632.0,2097.0,0.0,0.5757832345469941,0.4242167654530059,0.06784955641634387,0.3607397226040235,0.2885168061976759,0.28289391478195675,0.4906462585034014
212,797.3864894795128,1.8604651162790697,9.19047619047619,15.601328903654485,1426.188261351052,-1.7305647840531562,0.8615725359911407,0.9988925802879292,7.1993355481727574,1483.0,2070.0,0.0,0.6190476190476191,0.38095238095238093,0.08152591908937086,0.43285648361790496,0.28103368712505766,0.2045839101676665,0.5369047619047619
213,808.0622837370242,1.0530565167243369,8.284890426758938,14.14878892733564,1484.2456747404844,-1.4255594002306806,0.5201845444059977,0.532871972318339,7.629757785467128,1630.0,2080.0,0.002306805074971165,0.5870818915801614,0.41061130334486734,0.0761904761904762,0.4504913076341648,0.291307634164777,0.182010582010582,0.5060240963855421
214,841.1640866873065,1.21671826625387,7.364551083591332,12.93343653250774,1543.139318885449,-1.5327554179566563,0.6099071207430341,0.6068111455108359,6.941950464396285,1659.5,2100.0,0.0,0.5572755417956656,0.44272445820433437,0.06332924517783477,0.3043817593934664,0.3665960530716914,0.26569294235700747,0.49872773536895676
215,728.4072657743786,1.1376673040152965,10.75717017208413,18.449330783938816,1309.80879541109,-1.868546845124283,0.4665391969407266,0.6711281070745698,7.713193116634799,1290.0,2020.0,0.0,0.6902485659655831,0.30975143403441685,0.0805651958353991,0.5019831432821021,0.28953891918691127,0.1279127416955875,0.5899159663865546
216,748.2303102625299,0.9665871121718377,9.257756563245824,15.71837708830549,1407.6670644391409,-1.238293556085919,0.48568019093078757,0.4809069212410501,7.1682577565632455,1430.0,2060.0,0.0059665871121718375,0.6181384248210023,0.37589498806682575,0.08839687031796238,0.41218578325287164,0.3212918262027634,0.17812552022640252,0.49753086419753084
217,828.9362962962963,0.8888888888888888,7.38,12.922962962962963,1534.714074074074,-1.494074074074074,0.45925925925925926,0.42962962962962964,6.982222222222222,1627.5,2090.0,0.0,0.5296296296296297,0.4703703703703704,0.06365372374283895,0.30872056015276894,0.36325058349246764,0.26437513261192447,0.48333333333333334
218,830.3663967611336,1.3906882591093117,8.31174089068826,13.950404858299596,1485.4240890688259,-1.6422874493927124,0.7004048582995951,0.6902834008097166,7.151821862348178,1604.5,2060.0,0.0010121457489878543,0.5748987854251012,0.4240890688259109,0.08378148881969998,0.41423719218794225,0.2998867817718653,0.2020945372204925,0.4963609898107715
219,797.3876464323748,0.617678381256656,8.307774227902023,14.448349307774228,1456.9243876464325,-0.5016719914802982,0.28434504792332266,0.3333333333333333,7.368477103301385,1544.0,2060.0,0.01703940362087327,0.5857294994675186,0.3972310969116081,0.07847954906778436,0.4409596762537939,0.291082526376644,0.1894782483017777,0.5396551724137931
220,854.844494047619,1.0744047619047619,6.7961309523809526,11.607142857142858,1594.1034226190477,-1.4022098214285714,0.5029761904761905,0.5714285714285714,7.054315476190476,1741.0,2090.0,0.0,0.47842261904761907,0.5215773809523809,0.06254614492142178,0.33783356186056324,0.3527054108216433,0.2469148823963717,0.5318559556786704
221,812.3943181818182,1.8238636363636365,9.286363636363637,16.352272727272727,1398.1715909090908,-1.6445681818181819,0.8545454545454545,0.9693181818181819,6.9579545454545455,1423.0,2032.0,0.0011363636363636363,0.6420454545454546,0.3568181818181818,0.09439817083129184,0.45010615711252655,0.2526539278131635,0.20284174424301812,0.5314641744548286
222,808.2860215053763,1.121505376344086,8.856989247311828,15.093548387096774,1438.8956989247313,-0.44969892473118284,0.535483870967742,0.5860215053763441,7.48494623655914,1510.0,2060.0,0.016129032258064516,0.5698924731182796,0.41397849462365593,0.08303404683235167,0.4085619882200833,0.31173681942249676,0.19666714552506823,0.5225311601150527
223,868.7958366693355,0.8014411529223379,6.788630904723779,11.56204963971177,1599.06645316253,-1.4009207365892715,0.39951961569255406,0.40192153722978385,7.593274619695757,1760.0,2100.0,0.0008006405124099279,0.4859887910328263,0.5132105684547638,0.060628426824124844,0.3505904681568958,0.3357233234921974,0.25305778152678193,0.5014985014985015
224,850.7909547738693,1.0592964824120603,8.074371859296482,13.899497487437186,1493.4572864321608,-1.2677889447236181,0.5175879396984925,0.5417085427135678,7.317587939698493,1620.0,2070.0,0.0020100502512562816,0.5587939698492462,0.4391959798994975,0.07622579316028018,0.4150528773520121,0.315203955500618,0.19351737398708968,0.5113851992409867
225,789.776102088167,0.6473317865429234,8.179814385150813,14.172853828306264,1472.6136890951277,0.04294663573085845,0.33642691415313225,0.3109048723897912,7.481438515081207,1583.0,2070.0,0.015081206496519721,0.54292343387471,0.4419953596287703,0.09334780586137385,0.40037215072104204,0.33974259575127924,0.16653744766630485,0.48028673835125446
226,864.8972653362897,0.7967479674796748,6.532150776053215,11.283074648928308,1602.9630450849963,-1.3757132298595713,0.42941611234294164,0.36733185513673317,6.912786400591279,1760.0,2090.0,0.0,0.4641537324464154,0.5358462675535847,0.06051534267080081,0.28675291350368864,0.39003528279696353,0.262696461028547,0.461038961038961
227,783.9058139534884,1.4523255813953488,8.774418604651164,15.27093023255814,1438.0372093023257,-0.9600000000000001,0.663953488372093,0.7883720930232558,7.35,1521.0,2058.2,0.004651162790697674,0.5965116279069768,0.3988372093023256,0.0854295206454675,0.43600696092390445,0.2988451194431261,0.17971839898750197,0.5428342674139311
228,785.243093922652,0.8664825046040515,8.632596685082873,14.832412523020258,1452.402394106814,-0.8751657458563536,0.3775322283609576,0.4889502762430939,7.483425414364641,1510.0,2062.5,0.007366482504604052,0.5893186003683242,0.40331491712707185,0.08084163898117387,0.37947582133628643,0.3453919035314384,0.19429063615110126,0.5642933049946866
229,838.2387843704776,0.47901591895803186,7.291606367583213,12.792329956584659,1527.616497829233,-0.2708683068017366,0.25180897250361794,0.2272069464544139,7.366136034732272,1632.0,2070.0,0.008683068017366137,0.5535455861070911,0.4377713458755427,0.06542239685658154,0.35461689587426326,0.34449901768172886,0.23546168958742633,0.4743202416918429
230,792.9,0.7702702702702703,7.948648648648649,13.928378378378378,1483.1851351351352,-1.6640405405405407,0.4391891891891892,0.3310810810810811,7.967567567567568,1584.5,2040.0,0.0,0.5351351351351351,0.4648648648648649,0.07818860244233379,0.47116689280868385,0.30919267299864317,0.1414518317503392,0.4298245614035088
231,772.7153465346535,0.8366336633663366,9.013613861386139,15.149752475247524,1445.1608910891089,-1.5515346534653467,0.38985148514851486,0.4467821782178218,7.272277227722772,1518.5,2050.0,0.0024752475247524753,0.5952970297029703,0.40222772277227725,0.09972770592239619,0.4143975493533016,0.3099046970728387,0.17597004765146357,0.5340236686390533
232,852.5430144528561,0.9642119752236752,6.531314521679284,11.229869236063317,1612.5849965588438,-1.4175774260151413,0.49346180316586374,0.47075017205781144,6.9449415003441155,1760.0,2095.5999999999995,0.0006882312456985547,0.4748795595320027,0.5244322092222987,0.06203547715786344,0.30680804677435336,0.36656426518680013,0.26459221088098306,0.48822269807280516
233,835.8610206297503,1.218241042345277,7.9185667752443,13.763300760043432,1497.6221498371335,-1.387024972855592,0.5700325732899023,0.6482084690553745,7.686210640608035,1587.0,2060.0,0.003257328990228013,0.5602605863192183,0.4364820846905538,0.07840090408249753,0.45995197061731885,0.2959457550501483,0.1657013702500353,0.5320855614973262
234,830.2025072324011,1.1687560270009643,7.70877531340405,13.720347155255546,1488.0665380906462,0.8196046287367407,0.570877531340405,0.5978784956605593,7.586306653809064,1600.0,2063.4,0.02892960462873674,0.5438765670202508,0.42719382835101255,0.08808948773357062,0.40167789500444895,0.35884072708783527,0.15139189017414517,0.5115511551155115
235,886.8808952837729,0.8313349320543565,6.794564348521183,11.664268585131895,1597.5323741007194,-1.0723021582733814,0.4084732214228617,0.4228617106314948,7.432454036770584,1740.0,2100.0,0.0015987210231814548,0.486810551558753,0.5115907274180655,0.06506775650677565,0.3294256829425683,0.36502473650247363,0.2404818240481824,0.5086538461538461
236,802.4688601645123,0.6944770857814336,7.621621621621622,13.1786133960047,1507.3384253819036,-1.317520564042303,0.345475910693302,0.3490011750881316,7.297297297297297,1642.0,2050.0,0.0023501762632197414,0.5299647473560517,0.46768507638072854,0.08518518518518518,0.4326892109500805,0.321256038647343,0.1608695652173913,0.5025380710659898
237,848.3835740072202,1.227436823104693,6.914259927797834,12.159747292418773,1554.5397111913358,1.5458483754512635,0.555956678700361,0.6714801444043321,7.2671480144404335,1687.5,2090.0,0.03429602888086643,0.5018050541516246,0.463898916967509,0.09066070541480377,0.38338301043219075,0.3304769001490313,0.19547938400397416,0.5470588235294118
238,915.301747311828,0.8971774193548387,5.251344086021505,9.084005376344086,1703.782258064516,-1.26002688172043,0.4603494623655914,0.4368279569892473,7.259408602150538,1899.0,2120.0,0.0006720430107526882,0.4018817204301075,0.5974462365591398,0.056285872986483985,0.2823551194223292,0.37983706720977595,0.2815219403814109,0.4868913857677903
239,815.4626068376068,1.3888888888888888,8.173076923076923,14.417735042735043,1478.559829059829,-1.2747115384615386,0.6185897435897436,0.7702991452991453,7.823717948717949,1569.0,2050.0,0.004273504273504274,0.5480769230769231,0.44764957264957267,0.0733306022122081,0.4939232554963813,0.2837634849105558,0.14898265738085484,0.5546153846153846
240,838.5930101465615,0.6989853438556933,7.869222096956031,13.626832018038332,1504.0958286358511,-0.9671251409244646,0.3337091319052988,0.3652762119503946,7.722660653889515,1620.0,2070.0,0.009019165727170236,0.5276211950394588,0.4633596392333709,0.08262773722627738,0.4018978102189781,0.35036496350364965,0.1651094890510949,0.5225806451612903
241,869.3304209690231,1.04527402700556,6.3891977760127086,11.295472597299444,1611.5742652899125,-1.382152501985703,0.5496425734710088,0.49563145353455124,7.092136616362192,1760.0,2100.0,0.0,0.4670373312152502,0.5329626687847498,0.0657408444394669,0.3503191846791354,0.31660880277746667,0.26733116810393104,0.47416413373860183
242,879.0448943661971,1.335387323943662,6.802816901408451,12.034330985915492,1580.2394366197184,-1.274137323943662,0.6302816901408451,0.7051056338028169,7.277288732394366,1723.0,2082.0,0.0017605633802816902,0.5149647887323944,0.48327464788732394,0.07354542155558244,0.41357203338575055,0.3235756622716826,0.1893068827869844,0.5280158206987475
243,874.6778805719092,1.2077375946173254,6.676198486122792,11.449116904962153,1581.4516400336418,1.704129520605551,0.5508830950378469,0.6568544995794785,7.638351555929352,1710.0,2090.0,0.03952901597981497,0.4381833473507149,0.5222876366694701,0.07938780004404317,0.43118255890772955,0.2913455186082361,0.19808412243999118,0.5438718662952646
244,897.061505065123,1.0549927641099854,5.986251808972503,10.5,1646.632416787265,-1.3838856729377713,0.5151953690303908,0.5397973950795948,7.225036179450072,1820.0,2129.8,0.0,0.44573082489146165,0.5542691751085383,0.059789684526790184,0.2933400100150225,0.39499248873309967,0.25187781672508763,0.5116598079561042
245,825.1381215469613,0.9237569060773481,7.687292817679558,13.588950276243095,1506.4519337016575,-0.5899226519337016,0.39558011049723757,0.5281767955801105,7.67182320441989,1626.0,2061.8,0.004419889502762431,0.5204419889502763,0.47513812154696133,0.0809448365259974,0.4385712228143454,0.3295405444332421,0.1509433962264151,0.5717703349282297
246,832.3487394957983,0.8665966386554622,7.4527310924369745,13.132352941176471,1513.811974789916,-0.03396008403361349,0.40861344537815125,0.4579831932773109,7.53046218487395,1600.0,2060.0,0.015756302521008403,0.49684873949579833,0.48739495798319327,0.08606500209234202,0.3862463384014507,0.36602036546240757,0.1616682940437997,0.5284848484848484
247,881.0396716826266,1.0779753761969904,6.335841313269494,11.307113543091655,1612.2763337893298,-1.4283515731874146,0.5554035567715458,0.5225718194254446,6.826949384404925,1770.0,2110.0,0.0,0.4487004103967168,0.5512995896032832,0.057609457970143274,0.30057108506161706,0.3714056707744715,0.27041378619376816,0.4847715736040609
248,868.8438818565401,1.2675105485232068,6.520675105485232,11.776371308016877,1586.4194092827004,-1.470042194092827,0.5670886075949367,0.70042194092827,6.977215189873418,1740.0,2090.0,0.0,0.470042194092827,0.529957805907173,0.07256894049346879,0.36937590711175616,0.3271649733913885,0.23089017900338654,0.5525965379494008
249,874.9612612612613,0.7657657657657657,6.461261261261261,11.166666666666666,1580.7108108108107,2.939927927927928,0.34144144144144145,0.4243243243243243,7.816216216216216,1731.0,2090.0,0.051351351351351354,0.45675675675675675,0.4918918918918919,0.08437067773167359,0.4389119409866298,0.3000230520977409,0.17669432918395575,0.5541176470588235
250,897.9197396963124,0.8937093275488069,5.889370932754881,10.440347071583513,1647.1518438177875,-1.409768618944324,0.4244396240057845,0.4692697035430224,7.164859002169197,1810.0,2107.3999999999996,0.0,0.45625451916124365,0.5437454808387563,0.05843172873145625,0.33575537390251287,0.37077404379856693,0.23503885356746393,0.5250809061488673
251,856.2407407407408,2.1840277777777777,7.702546296296297,13.408564814814815,1526.5636574074074,-1.6535300925925926,0.9953703703703703,1.1886574074074074,7.403935185185185,1657.0,2070.0,0.0,0.5555555555555556,0.4444444444444444,0.09144911677348758,0.468500859778021,0.2605909019853056,0.17945912146318588,0.5442501324854266
252,863.7893772893773,1.184981684981685,6.967032967032967,11.993589743589743,1572.9652014652015,0.16568681318681316,0.5970695970695971,0.5879120879120879,7.561355311355311,1680.0,2090.0,0.024725274725274724,0.5064102564102564,0.46886446886446886,0.08392878769528885,0.40329417463969963,0.32493641758507935,0.18784062007993219,0.49613601236476046
253,903.4617067833698,1.3719912472647702,6.397520058351568,11.150255288110868,1630.2654996353026,-1.3946827133479212,0.6666666666666666,0.7053245805981035,7.274981765134938,1770.0,2100.0,0.0,0.4726477024070022,0.5273522975929978,0.05905353920192501,0.35131341487868456,0.3319631040705835,0.25766994184880687,0.5140882509303561
254,859.1845360824742,1.1670103092783506,7.511340206185567,13.00721649484536,1531.0298969072164,-0.5728453608247422,0.554639175257732,0.6123711340206186,7.2690721649484535,1626.5,2070.0,0.008247422680412371,0.5072164948453608,0.4845360824742268,0.08282513118706566,0.43071904694369595,0.3138561906112608,0.1725996312579776,0.5247349823321554
255,863.3343915343916,0.6317460317460317,7.142857142857143,12.193650793650793,1540.5957671957672,2.297830687830688,0.328042328042328,0.3037037037037037,7.661375661375661,1679.0,2070.0,0.047619047619047616,0.4888888888888889,0.4634920634920635,0.08908839779005524,0.430939226519337,0.3229281767955801,0.15704419889502763,0.4807370184254606
256,912.5781792911745,0.6282140375260598,5.547602501737318,9.607366226546212,1679.3238359972204,-1.3032036136205698,0.31758165392633775,0.310632383599722,6.844336344683808,1840.0,2110.0,0.0,0.4044475330090341,0.595552466990966,0.05777236267641385,0.28266829119707587,0.39800995024875624,0.2615493958777541,0.4944690265486726
257,884.3691756272401,1.4704301075268817,6.790322580645161,11.974014336917563,1563.4596774193549,0.48047491039426526,0.6568100358422939,0.8136200716845878,7.007168458781362,1691.0,2100.0,0.012544802867383513,0.45878136200716846,0.5286738351254481,0.07941176470588235,0.4010230179028133,0.2961636828644501,0.2234015345268542,0.5533211456429007
258,854.3625570776255,1.5515981735159818,7.027397260273973,12.549771689497717,1552.0730593607307,0.1595525114155251,0.7132420091324201,0.8383561643835616,7.48310502283105,1682.0,2089.6,0.019178082191780823,0.5223744292237443,0.45844748858447487,0.08188918721015377,0.3919941420551623,0.3276787893580669,0.19843788137661703,0.5403178340200118
259,864.7118294360386,1.1155433287482805,6.484869325997249,11.449793672627235,1595.7530949105915,-0.23801237964236593,0.5488308115543329,0.5667125171939478,7.325997248968363,1740.0,2104.7,0.015130674002751032,0.4814305364511692,0.5034387895460798,0.06505820503191889,0.359181374389786,0.3402177994742771,0.23554262110401802,0.5080147965474723
260,847.6883720930233,0.8825581395348837,7.0,12.283720930232558,1544.6337209302326,-1.5040232558139535,0.43953488372093025,0.44302325581395346,7.616279069767442,1678.5,2080.0,0.0011627906976744186,0.49767441860465117,0.5011627906976744,0.08458015267175573,0.46595419847328245,0.3054961832061069,0.14396946564885496,0.5019762845849802
261,827.5648038049941,1.5362663495838287,7.840665873959572,13.57550535077289,1511.3555291319858,-1.1071700356718193,0.7265160523186682,0.8097502972651606,7.225921521997622,1581.0,2070.0,0.005945303210463734,0.5184304399524375,0.4756242568370987,0.09659371400362021,0.42718446601941745,0.2748066480171137,0.20141517195984862,0.5270897832817337
262,897.4976588628763,1.3217391304347825,5.48494983277592,9.741806020066889,1677.9458193979933,-1.2012173913043478,0.6367892976588628,0.6849498327759197,6.944481605351171,1830.0,2120.0,0.0013377926421404682,0.40668896321070236,0.5919732441471572,0.05952610287035253,0.30591408206511267,0.3660181082643036,0.26854170680023115,0.5182186234817814
263,907.3848190644308,2.0997352162400706,6.420123565754634,11.116504854368932,1617.9073256840247,-0.06433362753751107,1.0123565754633717,1.087378640776699,7.280670785525155,1790.0,2100.0,0.00706090026478376,0.4801412180052957,0.5127978817299206,0.07406958419202328,0.42696084373863497,0.3045217602133592,0.19444781185598253,0.51786464901219
264,863.1768888888889,1.3262222222222222,6.6835555555555555,11.634666666666666,1566.3368888888888,2.6610933333333335,0.624,0.7022222222222222,7.501333333333333,1689.0,2090.0,0.048,0.48444444444444446,0.46755555555555556,0.08567365801635266,0.37859936011375755,0.3595212702926887,0.17620571157720108,0.5294906166219839
265,891.6951501154734,1.2024634334103157,6.0431100846805235,10.860662047729022,1632.139337952271,-0.4944495765973826,0.5835257890685143,0.6189376443418014,7.389530408006158,1786.0,2110.0,0.009237875288683603,0.4665127020785219,0.5242494226327945,0.06469423898322742,0.3322221064694239,0.35691217835191164,0.24617147619543703,0.5147247119078106
266,873.4645892351275,1.4296506137865912,6.524079320113314,11.064211520302171,1608.9216241737488,-0.3525495750708215,0.6543909348441926,0.7752596789423984,7.098205854579792,1780.0,2080.0,0.009442870632672332,0.4693106704438149,0.5212464589235127,0.07516296394838366,0.39510442995876016,0.33710256751363576,0.19263003857922043,0.5422721268163805
267,847.7601102941177,1.3786764705882353,7.315257352941177,12.722426470588236,1531.3832720588234,1.8672426470588235,0.6488970588235294,0.7297794117647058,7.304227941176471,1665.5,2090.0,0.034926470588235295,0.4963235294117647,0.46875,0.08254687303384925,0.39234931420661884,0.338240845602114,0.1868629671574179,0.5293333333333333
268,913.13,1.3825,5.355625,9.501875,1695.15875,-1.0602500000000001,0.656875,0.725625,7.06875,1837.5,2130.0,0.00375,0.420625,0.575625,0.053934571175950484,0.2704686118479222,0.3801945181255526,0.29540229885057473,0.5248643761301989
269,884.4922232387923,1.8645928636779505,6.765782250686184,11.779505946935041,1590.1930466605672,-0.9315919487648674,0.8856358645928637,0.9789569990850869,7.494053064958829,1716.0,2090.0,0.0036596523330283625,0.48947849954254347,0.5068618481244281,0.07044316933219387,0.4649005005493835,0.2734708826761079,0.19118544744231475,0.5250245338567223
270,858.1108850457782,1.9348931841302137,7.644964394710072,12.942014242115972,1555.4832146490335,-0.8449847405900305,0.8819938962360122,1.0528992878942014,7.425228891149542,1664.0,2080.0,0.008138351983723296,0.5147507629704985,0.47711088504577825,0.08055898068228524,0.4018358679271133,0.34374571859158787,0.17385943279901356,0.5441640378548895
271,890.4402985074627,1.6843283582089552,6.0694029850746265,10.488059701492537,1653.3723880597015,-1.2900074626865672,0.8835820895522388,0.8007462686567164,6.790298507462687,1810.0,2120.0,0.0014925373134328358,0.4552238805970149,0.5432835820895522,0.06473238817452467,0.3408066820529729,0.33047587646994175,0.2639850533025607,0.47540983606557374
272,879.5953703703703,2.537037037037037,6.511111111111111,11.952777777777778,1611.5194444444444,-1.5154814814814814,1.1962962962962962,1.3407407407407408,7.108333333333333,1772.5,2120.0,0.0,0.4962962962962963,0.5037037037037037,0.07528982675524293,0.40471538361339066,0.32486648430376447,0.19512830532760192,0.5284671532846715
273,889.7607476635515,1.6168224299065421,6.874766355140187,11.817757009345794,1595.8766355140187,1.1589719626168224,0.7747663551401869,0.8420560747663551,7.348598130841122,1697.0,2110.0,0.029906542056074768,0.4766355140186916,0.4934579439252336,0.07121963627114333,0.4142184916698461,0.3073890372631311,0.20717283479587945,0.5208092485549133
274,891.6374071573262,1.5415259959486833,5.931127616475354,10.37272113436867,1653.0533423362592,-0.6749696151249156,0.7285617825793382,0.812964213369345,6.909520594193113,1820.0,2100.0,0.00675219446320054,0.4530722484807562,0.5401755570560433,0.05736343203361673,0.2960031271376918,0.3836607055604417,0.26297273526824977,0.5273762593079282
275,876.1031487513573,2.0597176981541803,7.339847991313789,13.052117263843648,1548.041259500543,-1.032442996742671,0.9685124864277959,1.0912052117263844,7.541802388707926,1660.0,2080.0,0.006514657980456026,0.5200868621064061,0.4733984799131379,0.08090987618773395,0.4366541894615606,0.31600921393607834,0.1664267204146271,0.5297838692672641
276,853.6518026565465,2.064516129032258,6.995256166982922,12.186907020872866,1568.1679316888046,-0.22219165085389,0.9259962049335864,1.1385199240986716,7.291271347248577,1672.0,2098.2000000000003,0.014231499051233396,0.4781783681214421,0.5075901328273245,0.08861418347430058,0.38620689655172413,0.3483409238776838,0.17683799609629147,0.5514705882352942
277,866.5330661322645,1.3607214428857715,6.299265197060788,10.730794923179692,1655.9732798931195,-1.1301202404809618,0.6626586506346025,0.698062792251169,6.844355377421509,1820.0,2142.4000000000005,0.0026720106880427524,0.44422177688710757,0.5531062124248497,0.060609018153425724,0.30040991606480577,0.3722428264688659,0.2667382393129026,0.5130093274423171
278,858.4929178470255,1.578847969782814,6.999055712936733,12.037771482530689,1574.1463644948064,-0.8572426817752598,0.728989612842304,0.8498583569405099,7.07176581680831,1720.0,2100.0,0.0066100094428706326,0.4985835694050991,0.4948064211520302,0.07584457203899052,0.3993857657898251,0.32394178127920953,0.2008278808919749,0.5382775119617225
279,839.3753399818677,1.3708068902991841,7.616500453309157,13.12873980054397,1524.637352674524,1.8699728014505892,0.700815956482321,0.6699909338168631,7.648232094288304,1615.0,2080.0,0.03626473254759746,0.5213055303717135,0.44242973708068906,0.08392603129445235,0.4344476055002371,0.2958748221906117,0.1857515410146989,0.4887566137566138
280,839.4051172707889,1.1961620469083156,6.318407960199005,11.157782515991471,1618.4321250888415,-0.6971002132196161,0.5828002842928216,0.6133617626154939,7.250177683013504,1780.0,2100.0,0.008528784648187633,0.46979388770433544,0.5216773276474769,0.06058229585334771,0.32859523576119987,0.36868934418194294,0.24213312420350946,0.5127748068924539
281,874.8179979777553,2.4135490394337715,7.511627906976744,12.723963599595551,1563.8675429726998,-1.3493528816986855,1.2254802831142568,1.1880687563195147,7.110212335692619,1686.0,2090.0,0.003033367037411527,0.5429726996966633,0.4539939332659252,0.08518202502844141,0.4441126279863481,0.2787258248009101,0.19197952218430034,0.4922496857980729
282,843.1293179805137,1.2223206377325067,7.387068201948627,12.407440212577502,1549.0947741364039,1.135199291408326,0.5969884853852967,0.62533215234721,7.353410097431355,1671.0,2080.0,0.024800708591674048,0.5119574844995571,0.4632418069087688,0.08600337268128162,0.3882197060949169,0.32618646109371235,0.19959046013008913,0.5115942028985507
283,904.9128540305011,1.6456063907044298,5.681917211328976,9.909222948438634,1679.0406681190996,-1.384081336238199,0.8482207697893972,0.7973856209150327,7.444444444444445,1873.0,2130.0,0.0,0.439360929557008,0.560639070442992,0.05970149253731343,0.34611257438298704,0.3356745683347966,0.25851136474490294,0.48455428067078554
284,866.3369272237197,1.9110512129380053,7.505840071877808,13.005390835579515,1542.8149146451033,-0.7659658580413298,0.958670260557053,0.9523809523809523,7.056603773584905,1666.0,2090.0,0.006289308176100629,0.5336927223719676,0.46001796945193174,0.07613954672778202,0.402724726254138,0.3325693913929208,0.18856633562515915,0.4983544898918665
285,829.8959143968872,1.0603112840466926,6.995136186770428,11.929961089494164,1558.4241245136186,2.42136186770428,0.5262645914396887,0.5340466926070039,7.585603112840467,1698.0,2090.0,0.047665369649805445,0.5009727626459144,0.45136186770428016,0.0854065144908951,0.4120287253141831,0.33149525519363937,0.17106950500128237,0.5036697247706422
286,876.784435261708,0.9614325068870524,5.568181818181818,10.019283746556473,1660.6053719008264,-1.2454545454545456,0.48278236914600553,0.4786501377410468,6.763774104683195,1820.0,2100.0,0.0,0.41046831955922863,0.5895316804407713,0.05702066999287242,0.2791976377151003,0.4009774971998778,0.2628041950921495,0.4978510028653295
287,802.4399117971334,1.239250275633958,7.879823594266814,14.280044101433296,1469.3704520396914,-0.28288864388092616,0.5766262403528115,0.6626240352811467,7.095920617420066,1570.0,2060.0,0.007717750826901874,0.525909592061742,0.4663726571113561,0.08421379738968303,0.42075823492852704,0.2978558110627719,0.19717215661901802,0.5346975088967971
288,842.5734919286322,1.5046728971962617,7.328802039082413,12.45624468988955,1547.627017841971,0.8770518266779949,0.7340696686491079,0.7706032285471538,7.490229396771453,1646.0,2080.0,0.02888700084961767,0.5004248088360238,0.47068819031435855,0.08269056261343012,0.3879310344827586,0.3477767695099819,0.1816016333938294,0.5121400338791643
289,877.301652892562,0.9345730027548209,5.945592286501378,10.372589531680442,1646.9242424242425,-0.6530096418732783,0.45523415977961434,0.4793388429752066,7.214876033057851,1860.0,2110.9,0.0048209366391184574,0.4132231404958678,0.5819559228650137,0.060423825887743414,0.33629247804505535,0.349942726231386,0.2533409698358152,0.5128960943257185
290,882.1413043478261,1.4407114624505928,7.441699604743083,12.803359683794467,1551.4693675889328,-1.1817391304347826,0.7292490118577075,0.7114624505928854,7.403162055335969,1655.0,2080.0,0.0029644268774703555,0.5247035573122529,0.4723320158102767,0.07447944474105712,0.44514148424986655,0.3138013881473572,0.16657768286171917,0.49382716049382713
291,847.0858536585366,1.9190243902439024,7.459512195121952,12.838048780487805,1544.8078048780487,0.27578536585365854,0.9307317073170732,0.9882926829268293,7.31609756097561,1653.0,2090.0,0.0224390243902439,0.5141463414634146,0.4634146341463415,0.08907854380584078,0.4240565408721163,0.30537404987331646,0.1814908654487265,0.5149974580579563
292,893.5647291941876,1.4564068692206076,5.875825627476883,10.001981505944517,1679.118890356671,-1.1262945838837517,0.7417437252311757,0.714663143989432,7.147952443857331,1858.0,2130.0,0.002642007926023778,0.43262879788639363,0.5647291941875826,0.05812234337460728,0.30077619663648125,0.3650896322306413,0.2760118277582702,0.490702947845805
293,883.6074418604651,2.257674418604651,7.27906976744186,12.545116279069767,1577.273488372093,-0.9797209302325581,1.0632558139534884,1.194418604651163,7.395348837209302,1670.0,2110.0,0.004651162790697674,0.5125581395348837,0.4827906976744186,0.0729559748427673,0.42968553459119496,0.3070440251572327,0.19031446540880503,0.5290482076637825
294,869.3185247275775,2.3931265716680636,7.090528080469405,12.424979044425818,1561.1659681475273,3.529580888516345,1.1031014249790445,1.2900251466890194,7.557418273260687,1645.0,2130.0,0.05113160100586756,0.4895222129086337,0.45934618608549876,0.08085625554569655,0.37899290150842946,0.3646850044365572,0.17546583850931677,0.5390542907180386
295,875.2522590361446,1.480421686746988,6.088855421686747,10.545180722891565,1649.2808734939758,-0.7227409638554216,0.7432228915662651,0.7371987951807228,7.363704819277109,1798.0,2120.0,0.007530120481927711,0.4480421686746988,0.5444277108433735,0.06340116576337049,0.3210962266080376,0.3719194191635137,0.24358318846507823,0.4979654120040692
296,854.0112044817927,1.8608776844070962,7.117647058823529,12.239962651727357,1600.237161531279,-1.338095238095238,0.861811391223156,0.9990662931839402,7.144724556489263,1720.0,2110.0,0.0009337068160597573,0.4976657329598506,0.5014005602240896,0.07710402509147936,0.3878724516466283,0.34265551489806584,0.19236800836382645,0.5368790767686904
297,867.9219427580225,1.6461405030355594,6.939288811795317,12.216825672159583,1563.9722463139635,1.6267736339982655,0.8100607111882047,0.8360797918473547,7.170858629661752,1700.0,2100.0,0.032090199479618386,0.47181266261925414,0.49609713790112747,0.08067247218190614,0.37082728592162556,0.3409530720851476,0.20754716981132076,0.5079030558482613
298,909.6927444794952,1.5312302839116718,5.834069400630915,10.042902208201893,1682.0277602523659,-1.2820441640378548,0.7634069400630915,0.7678233438485804,7.2182965299684545,1850.0,2130.0,0.0,0.4069400630914827,0.5930599369085173,0.05646359583952452,0.26824578271130145,0.38519360195787083,0.29009701949130323,0.5014421096003296
299,864.322188449848,1.2553191489361701,7.052684903748734,12.25126646403242,1581.8176291793313,-1.4583080040526848,0.6210739614994935,0.6342451874366768,7.634245187436677,1720.0,2100.0,0.0010131712259371835,0.49138804457953394,0.5075987841945289,0.07498341074983411,0.4846715328467153,0.28931652289316523,0.15102853351028533,0.5052461662631155
300,875.1409214092141,1.943089430894309,6.795844625112918,11.687443541102077,1605.9214092140921,0.8574887082204156,0.9494128274616079,0.993676603432701,7.821138211382114,1760.0,2110.0,0.028003613369467027,0.45799457994579945,0.5140018066847335,0.08362208362208362,0.41118041118041115,0.3322938322938323,0.1729036729036729,0.5113900511390052
301,905.8926174496644,2.18717375093214,5.794183445190156,10.089485458612975,1688.255779269202,-0.4454586129753916,1.070096942580164,1.1170768083519762,7.165548098434004,1862.0,2160.0,0.006711409395973154,0.41387024608501116,0.5794183445190156,0.06389842855656155,0.3312519512956603,0.331043813091893,0.2738058070558851,0.5107398568019093
302,888.6617038875104,2.3449131513647643,6.738626964433416,11.507030603804797,1621.4334160463193,0.15883374689826302,1.0661703887510339,1.2787427626137304,7.138130686517783,1786.0,2140.0,0.010752688172043012,0.48304383788254757,0.5062034739454094,0.06987253765932792,0.3888760139049826,0.33128621089223637,0.20996523754345306,0.545326278659612
303,870.5078125,1.4895833333333333,7.041666666666667,12.055555555555555,1585.3098958333333,-0.11098958333333336,0.6710069444444444,0.8185763888888888,7.457465277777778,1694.0,2100.0,0.021701388888888888,0.4626736111111111,0.515625,0.07729018740542429,0.41217553253404726,0.30636712839017577,0.20416715167035268,0.5495337995337995
304,901.0790020790021,1.8731808731808732,5.9355509355509355,10.14968814968815,1688.7422037422039,-1.1045738045738047,0.9487179487179487,0.9244629244629244,7.140679140679141,1852.0,2160.0,0.001386001386001386,0.39223839223839224,0.6063756063756064,0.05920031055900621,0.28979037267080743,0.38004658385093165,0.27096273291925466,0.49352571217166114
305,864.180482686254,2.7869884575026234,7.3599160545645335,13.10598111227702,1574.4658971668416,-0.033819517313746064,1.2633788037775446,1.5236096537250787,7.594963273871983,1697.0,2148.4000000000005,0.00944386149003148,0.5225603357817419,0.46799580272822666,0.07971815418623929,0.42608455374412824,0.33766233766233766,0.15653495440729484,0.5466867469879518
306,857.471304347826,1.9043478260869566,7.007826086956522,12.411304347826087,1570.4365217391305,1.9422086956521738,0.8991304347826087,1.0052173913043478,7.271304347826087,1672.0,2110.0,0.03739130434782609,0.4747826086956522,0.48782608695652174,0.09016981583353265,0.36641951686199475,0.36187514948576893,0.18153551781870367,0.5278538812785388
307,897.0939373750833,1.586942038640906,6.437041972018654,11.352431712191873,1623.1518987341772,-1.2551299133910727,0.8061292471685543,0.7808127914723517,7.0266489007328445,1754.0,2110.0,0.0013324450366422385,0.46235842771485675,0.536309127248501,0.05736228311368161,0.2867166018773111,0.37204892386460603,0.28387219114440126,0.4920235096557515
308,922.7068965517242,2.009031198686371,6.214285714285714,10.829228243021346,1668.7988505747126,-0.49811986863711005,0.9252873563218391,1.083743842364532,6.987684729064039,1847.0,2160.0,0.006568144499178982,0.42036124794745483,0.5730706075533661,0.07390435906473974,0.3642345200328986,0.33110092821055104,0.2307601926918106,0.5394360441356764
309,872.8408695652174,1.9130434782608696,6.98,12.136521739130435,1568.0530434782609,4.744104347826087,0.9530434782608695,0.96,7.679130434782609,1690.0,2120.0,0.06695652173913043,0.48,0.45304347826086955,0.08175744536292606,0.43381270524289434,0.30902502547842825,0.17540482391575132,0.5018181818181818
310,899.4186521443158,1.874063989108237,6.642614023144996,11.560245064669843,1640.1027910142955,-1.0193328795098706,0.8822328114363512,0.9918311776718857,7.236215112321307,1753.0,2170.0,0.0034036759700476512,0.4676650782845473,0.5289312457454051,0.05738476011288805,0.32483537158984005,0.37215428033866416,0.24562558795860773,0.5292408281874319
311,861.1173520561686,2.987963891675025,7.310932798395186,13.094282848545637,1583.456369107322,-1.4119157472417252,1.3961885656970914,1.5917753259779337,6.8966900702106315,1672.0,2153.6,0.0010030090270812437,0.48946840521564694,0.5095285857572718,0.08464223385689354,0.4277196044211751,0.25945317044793487,0.2281849912739965,0.5327291037260826
312,853.4053571428572,2.013392857142857,7.478571428571429,13.116964285714285,1536.4973214285715,0.29357142857142854,0.9857142857142858,1.0276785714285714,7.441071428571429,1629.5,2090.0,0.027678571428571427,0.5035714285714286,0.46875,0.08159347252219823,0.3806095512359011,0.3286537077033837,0.20914326853851692,0.5104212860310421
313,896.972972972973,2.1506756756756755,6.022297297297297,11.091216216216216,1656.5993243243242,-0.09707432432432433,1.0891891891891892,1.0614864864864866,7.303378378378379,1810.0,2180.0,0.008108108108108109,0.4506756756756757,0.5412162162162162,0.058562309186788786,0.33213063188084,0.3362938292163937,0.2730132297159774,0.49355953502984606
314,872.623706491063,2.3358419567262465,7.597365945437441,13.34901222953904,1561.2069614299153,-1.326698024459078,1.1646284101599247,1.1712135465663218,7.179680150517403,1650.0,2100.0,0.0028222013170272815,0.5587958607714016,0.43838193791157104,0.0749475890985325,0.39334381551362685,0.33516771488469604,0.19654088050314467,0.5014095851792187
315,808.9296187683284,2.0410557184750733,8.191593352883675,13.925708699902248,1509.1710654936462,1.3142228739002932,0.9814271749755621,1.0596285434995112,7.702834799608993,1590.0,2090.0,0.042033235581622676,0.4838709677419355,0.47409579667644186,0.08185279187817258,0.399492385786802,0.33375634517766495,0.1848984771573604,0.5191570881226054
316,890.6540027137042,1.8256445047489824,6.474219810040705,11.23202170963365,1649.4647218453188,-1.3121438263229308,0.9335142469470827,0.8921302578018996,6.823609226594301,1799.5,2160.0,0.0,0.44369063772048845,0.5563093622795116,0.05865977331477431,0.2744084310996222,0.3917279777291708,0.27520381785643266,0.48866592344853216
317,898.6137699412259,2.4021830394626362,7.138539042821159,12.318219983207388,1595.6129303106634,1.1700251889168767,1.1452560873215785,1.256926952141058,6.982367758186398,1732.0,2150.0,0.014273719563392108,0.5054575986565911,0.4802686817800168,0.07215007215007214,0.3918951418951419,0.31625781625781624,0.2196969696969697,0.5232436211114995
318,887.3145161290323,2.7233870967741933,6.980645161290322,12.348387096774193,1580.225,2.589903225806452,1.3266129032258065,1.396774193548387,7.545967741935484,1700.0,2130.0,0.03951612903225806,0.4830645161290323,0.4774193548387097,0.07459655872608742,0.36881479106551246,0.3453029817249118,0.2112856684834883,0.5128812555522653
319,876.4682593856655,1.908532423208191,6.7815699658703075,12.215699658703072,1603.1788395904437,-0.8001433447098977,0.9331058020477816,0.9754266211604096,7.208191126279863,1725.0,2140.0,0.0061433447098976105,0.5044368600682594,0.489419795221843,0.05956439393939394,0.33759469696969696,0.3488636363636364,0.2539772727272727,0.5110872675250357
320,861.7432989690722,1.7989690721649485,7.771134020618557,13.774226804123712,1538.560824742268,-1.6077835051546392,0.8309278350515464,0.9680412371134021,7.358762886597938,1626.5,2110.0,0.0,0.5412371134020618,0.4587628865979381,0.07635191930512748,0.4435416082936397,0.29405996077332586,0.18604651162790697,0.5381088825214899
321,810.9349315068494,2.0536529680365296,8.617579908675799,15.242009132420092,1457.5148401826484,-0.4686415525114155,1.0445205479452055,1.0091324200913243,7.171232876712328,1532.0,2080.0,0.0136986301369863,0.5821917808219178,0.4041095890410959,0.08707418019738937,0.41165234001910217,0.2997453040432983,0.20152817574021012,0.4913841022790439
322,886.8455392809587,1.9427430093209055,6.772969374167777,11.914780292942742,1615.4700399467376,-0.984647137150466,0.9640479360852197,0.9786950732356857,7.141810918774967,1730.0,2150.0,0.004660452729693742,0.4733688415446072,0.521970705725699,0.05649296168546658,0.30241446816444484,0.3632888971753519,0.2778036729747366,0.5037697052775874
323,870.5770308123249,2.760971055088702,7.6265172735760975,13.021475256769374,1567.345471521942,-1.1240336134453783,1.284780578898226,1.4761904761904763,7.603174603174603,1677.0,2130.0,0.003734827264239029,0.5331465919701214,0.4631185807656396,0.07564779565270785,0.4322731180154734,0.3013631339801056,0.19071595235171312,0.534663510314508
324,867.6005385996409,1.9766606822262118,7.993716337522442,14.018850987432675,1496.2558348294435,1.8058438061041293,0.8797127468581688,1.0969479353680431,7.543087971274685,1520.5,2090.0,0.03411131059245961,0.5377019748653501,0.4281867145421903,0.07390217779364512,0.3621325717005831,0.3811733904557896,0.18279186004998216,0.5549500454132607
325,879.2747489239598,2.142754662840746,6.329268292682927,11.169296987087519,1627.786944045911,0.5083285509325681,1.0559540889526542,1.086800573888092,7.147058823529412,1790.0,2141.4,0.010043041606886656,0.46700143472022954,0.5229555236728838,0.06132690956539195,0.3202850547023989,0.3676603432700994,0.2507276924621098,0.5071978573819886
326,858.5651769087523,1.6564245810055866,7.554934823091248,13.467411545623836,1547.3333333333333,-0.9998696461824954,0.7802607076350093,0.8761638733705773,7.08659217877095,1646.0,2100.0,0.0037243947858473,0.5391061452513967,0.45716945996275604,0.07410327158060702,0.38615162265142555,0.3362238864800946,0.2035212192878728,0.5289488476672288
327,863.8534119629318,1.953664700926706,7.502948609941027,13.531592249368154,1507.0825610783488,1.71318449873631,0.9149115417017691,1.0387531592249368,7.314237573715249,1575.0,2080.0,0.03454085930918281,0.5155855096882898,0.44987363100252736,0.08120248790601244,0.3818244644091223,0.3333333333333333,0.20363971435153191,0.5316946959896507
328,857.8672069825436,1.5467581047381547,6.389027431421447,11.703241895261845,1604.5642144638405,-0.3534289276807981,0.7425187032418953,0.8042394014962594,7.201371571072319,1728.0,2130.0,0.00685785536159601,0.4688279301745636,0.5243142144638404,0.052809280581767815,0.2676824517357804,0.38265085274002253,0.29685741494242923,0.5199516324062878
329,837.3535439795047,1.878736122971819,7.284372331340735,12.763450042698548,1575.2152006831768,-0.46022203245089666,0.9052092228864219,0.9735269000853971,7.397096498719043,1678.0,2120.0,0.009393680614859094,0.5055508112724167,0.4850555081127242,0.07019164165319787,0.44816439621334564,0.29704456245670746,0.18459939967674902,0.5181818181818182
330,832.6731662024141,1.6982358402971216,7.428040854224698,13.18477251624884,1558.2915506035283,0.13445682451253482,0.7985143918291551,0.8997214484679665,7.442896935933148,1671.0,2110.0,0.02414113277623027,0.5143918291550603,0.46146703806870937,0.07871756487025948,0.39234031936127745,0.3527944111776447,0.17614770459081835,0.5297977036632039
331,862.9113737075332,2.7895125553914326,6.519940915805022,11.71122599704579,1628.6772525849335,-1.4097341211225998,1.3899556868537666,1.3995568685376663,7.004431314623338,1769.0,2160.0,0.0007385524372230429,0.4793205317577548,0.5199409158050221,0.060312104597216365,0.3248629270350063,0.3320328975115985,0.2827920708561788,0.501720942546995
332,856.2753246753247,2.890909090909091,7.316883116883117,12.825108225108226,1594.5922077922078,-0.7237489177489178,1.3835497835497836,1.5073593073593075,7.34025974025974,1720.0,2140.0,0.006060606060606061,0.49523809523809526,0.4987012987012987,0.07159707478178816,0.39278131634819535,0.3343949044585987,0.2012267044114178,0.521413596885295
333,855.0824742268042,2.0060137457044673,6.7826460481099655,11.816151202749142,1587.3462199312714,2.5729810996563574,1.0420962199312716,0.9639175257731959,7.688144329896907,1691.5,2110.0,0.04639175257731959,0.4639175257731959,0.4896907216494845,0.07766230863783663,0.4241814727902559,0.30461504078668006,0.1935411777852274,0.48051391862955034
334,873.7429530201342,1.7939597315436242,6.187248322147651,10.971812080536912,1641.5684563758389,0.8790604026845638,0.8516778523489933,0.9422818791946309,7.18993288590604,1778.0,2160.0,0.012751677852348993,0.45436241610738254,0.5328859060402684,0.058807056846821616,0.286661065994586,0.3891533650704751,0.26537851208811725,0.5252525252525253
335,881.1373831775701,1.9542056074766354,7.030841121495327,12.328971962616823,1593.007476635514,0.13867289719626164,0.9570093457943926,0.997196261682243,7.35233644859813,1687.5,2120.0,0.010280373831775701,0.5093457943925234,0.4803738317757009,0.07474259565272658,0.4084148976738274,0.3353247743739672,0.18151773229947885,0.5102821616451458
336,858.1366972477064,1.9422018348623853,7.205504587155963,12.548623853211009,1577.248623853211,2.7102477064220185,0.9128440366972477,1.0293577981651376,7.440366972477064,1667.5,2130.8,0.03944954128440367,0.5073394495412844,0.45321100917431195,0.08840937114673243,0.36448828606658445,0.36769420468557334,0.17940813810110975,0.5299952763344355
337,892.5753865979382,1.5992268041237114,6.298969072164948,11.224226804123711,1628.729381443299,0.7939948453608248,0.7899484536082474,0.8092783505154639,6.969716494845361,1760.0,2130.0,0.014819587628865979,0.46262886597938147,0.5225515463917526,0.058056762503466766,0.2839974114819266,0.36914116668207453,0.28880465933253213,0.5060435132957293
338,886.1482084690554,2.275244299674267,7.32084690553746,13.067589576547231,1554.6376221498372,-0.7583143322475571,1.0724755700325732,1.2027687296416938,7.078990228013029,1660.0,2110.0,0.004885993485342019,0.5171009771986971,0.4780130293159609,0.07235706890601634,0.3615552743586794,0.34648567813183023,0.21960197860347405,0.5286327845382963
339,857.6375,1.7919642857142857,6.995535714285714,12.608035714285714,1553.7901785714287,2.2516964285714285,0.8830357142857143,0.9089285714285714,7.953571428571428,1628.5,2090.0,0.038392857142857145,0.5223214285714286,0.4392857142857143,0.07745846430175124,0.4321957790749888,0.31230354737314775,0.17804220925011227,0.5072247135027405
340,864.7401520387008,1.7829993089149965,6.671043538355217,11.809260539046303,1622.851416724257,-0.7228196268140982,0.8949550794747754,0.8880442294402211,7.313061506565307,1740.0,2150.0,0.006910850034554251,0.45335176226675883,0.539737387698687,0.057456057456057454,0.32224532224532226,0.37875637875637874,0.24154224154224155,0.49806201550387597
341,882.7797563261481,3.838800374882849,7.334582942830366,13.02717900656045,1602.7000937207122,-1.089015932521087,1.7872539831302718,2.051546391752577,7.020618556701031,1702.0,2220.0,0.0028116213683223993,0.5098406747891284,0.4873477038425492,0.0803631023895341,0.4247763983446803,0.2751301561874249,0.2197303430783607,0.534423828125
342,863.7067901234568,2.2854938271604937,6.593364197530864,11.935185185185185,1591.5100308641975,2.424444444444444,1.1257716049382716,1.1597222222222223,7.410493827160494,1679.5,2120.0,0.05246913580246913,0.5100308641975309,0.4375,0.07892544773011245,0.38390254060808,0.3362140774677218,0.2009579341940858,0.5074274139095206
343,896.9809134287661,2.383094751192911,6.167007498295842,11.266530334014996,1653.7484662576687,0.1974982958418541,1.190865712338105,1.1922290388548058,7.439672801635992,1790.0,2200.0,0.010906612133605999,0.4594410361281527,0.5296523517382413,0.05708264614256918,0.33763972878871173,0.33525746747297047,0.2700201575957486,0.5002860411899314
344,929.4828544949027,2.588507877664504,6.888785912882298,12.617238183503243,1584.9990732159406,-1.3104077849860982,1.2279888785912882,1.360518999073216,7.561631139944393,1683.0,2140.0,0.0027803521779425394,0.5301204819277109,0.46709916589434664,0.07439637210442457,0.39661723250398334,0.3358254688074519,0.19316092658414022,0.5255997135696384
345,860.225063938619,2.392156862745098,6.468883205456096,11.586530264279626,1597.1952259164536,4.393486786018756,1.197783461210571,1.1943734015345269,7.529411764705882,1749.0,2139.3999999999996,0.06308610400682012,0.46035805626598464,0.47655583972719523,0.08559782608695653,0.4114583333333333,0.3250679347826087,0.17787590579710144,0.4992872416250891
346,888.5926910299004,2.118936877076412,5.895016611295681,10.583388704318937,1682.7893687707642,-0.003574750830564781,1.015282392026578,1.103654485049834,7.022591362126246,1810.0,2220.0,0.0106312292358804,0.440531561461794,0.5488372093023256,0.06263601097549437,0.2811997350742738,0.38669694389251585,0.26946731005771596,0.5208529319535905
347,887.4995700773861,2.9501289767841787,7.100601891659501,12.605331040412725,1631.7773000859845,-0.3539036973344798,1.4342218400687876,1.5159071367153911,7.007738607050731,1720.0,2248.5999999999995,0.0060189165950128975,0.5090283748925194,0.48495270851246775,0.07251533742331288,0.3871165644171779,0.31754601226993867,0.22282208588957056,0.5138443602448266
348,895.8154188287621,2.6849518161601185,6.306152705707932,11.448480355819125,1629.6323202372128,3.2606375092661235,1.2557449962935507,1.4292068198665677,7.509266123054114,1733.0,2190.0,0.042994810971089696,0.46627131208302447,0.4907338769458858,0.07502467917077986,0.3818361303060217,0.3462981243830207,0.19684106614017768,0.5323025952512425
349,902.0960108181204,1.5672751859364435,6.246112237998648,11.31102096010818,1634.081135902637,-0.4592562542258283,0.8140635564570656,0.7532116294793779,7.551724137931035,1761.0,2150.0,0.011494252873563218,0.4827586206896552,0.5057471264367817,0.060524666487599604,0.34434595756110664,0.3469424299400125,0.24818694601128122,0.48058671268334774
350,887.0735694822888,1.6575840145322434,7.161671207992734,12.832879200726612,1572.8083560399637,-0.9339237057220708,0.8192552225249773,0.8383287920072662,7.5295186194368755,1660.0,2110.0,0.004541326067211626,0.5059037238873751,0.4895549500454133,0.06936067551266586,0.4224366706875754,0.3174909529553679,0.19071170084439082,0.5057534246575343
351,873.519052523172,2.8805355303810503,6.80638516992791,12.177136972193615,1618.2996910401648,0.6752214212152419,1.4644696189495365,1.416065911431514,7.190525231719876,1741.0,2240.0,0.021627188465499485,0.486096807415036,0.4922760041194645,0.08794041821827557,0.39315382411916355,0.32139788026353483,0.19750787739902606,0.49159814086521275
352,902.35,1.414935064935065,5.8720779220779225,11.068831168831169,1649.9525974025973,-0.21546103896103896,0.6961038961038961,0.7188311688311688,7.1967532467532465,1770.0,2177.3,0.011688311688311689,0.474025974025974,0.5142857142857142,0.060362717675719574,0.30415952359469456,0.3652440674907516,0.27023369123883423,0.5080312069756769
353,895.349676225717,3.2701202590194263,6.437557816836263,11.363552266419982,1673.6530989824237,-0.4150416281221092,1.538390379278446,1.7317298797409806,7.549491211840888,1812.0,2240.0,0.012025901942645698,0.46345975948196116,0.5245143385753932,0.07155985786055631,0.43756892537679204,0.3051096679328514,0.18576154882980028,0.5295615275813296
354,885.2888117953165,2.1257588898525586,6.668690372940156,11.91673894189072,1574.2150910667824,4.709748482220295,0.9800520381613183,1.1457068516912403,7.7103209019947965,1697.0,2130.0,0.06157849089332177,0.46227233304423243,0.4761491760624458,0.07694038245219348,0.38571428571428573,0.3655793025871766,0.1717660292463442,0.5389636882904937
355,902.7528868360278,1.5719784449576597,6.159353348729792,11.14395688991532,1646.9561200923788,0.14688221709006935,0.7944572748267898,0.7775211701308699,7.70746728252502,1803.0,2161.4,0.015396458814472672,0.4534257120862202,0.5311778290993071,0.06292449061126648,0.3374950059928086,0.3680583300039952,0.23152217339192968,0.49461312438785504
356,865.7714581178903,1.6535677352637022,7.013443640124095,12.621509824198553,1572.1695966907962,-0.39954498448810755,0.7776628748707343,0.8759048603929679,7.236814891416753,1700.0,2100.0,0.007238883143743537,0.4756980351602896,0.5170630816959669,0.07344955701629037,0.41626178908259504,0.3219491283223778,0.1883395255787368,0.5297060662914321
357,871.7665306122449,2.4604081632653063,6.708571428571428,11.790204081632654,1585.429387755102,5.890677551020408,1.1714285714285715,1.2889795918367346,7.501224489795918,1695.0,2108.4000000000005,0.07673469387755102,0.476734693877551,0.446530612244898,0.07704864511916422,0.389596256393514,0.33115681793448687,0.20219828055283492,0.5238885202388852
358,882.96017423771,1.7237087741132544,5.9029247044181705,10.873677660236465,1648.3602986932171,-0.8481269446172993,0.85065339141257,0.8730553827006845,7.395146235220908,1802.0,2150.0,0.006222775357809583,0.44430616054760425,0.5494710640945862,0.055200269269606195,0.2858465163244699,0.3760518343991922,0.28290138000673176,0.5064981949458484
359,871.3152838427948,2.098689956331878,6.720524017467249,12.377292576419213,1594.240174672489,-0.6257816593886463,1.0436681222707425,1.0550218340611355,7.453275109170305,1710.0,2130.0,0.00611353711790393,0.5004366812227075,0.49344978165938863,0.07007265057417389,0.4592219357862667,0.29716428404030937,0.17354112959925005,0.5027049521431544
360,908.5647451963241,1.9289891395154553,6.6725146198830405,11.536340852130326,1618.9306599832917,2.247669172932331,0.9072681704260651,1.0217209690893903,7.804511278195489,1718.0,2150.0,0.04678362573099415,0.47953216374269003,0.47368421052631576,0.08520659387711411,0.4100834938985228,0.3283022907300364,0.1764076214943267,0.5296665223040277
361,876.4489329268292,2.2583841463414633,6.266768292682927,11.490853658536585,1636.5083841463415,-0.3274923780487805,1.1295731707317074,1.1288109756097562,7.3635670731707314,1757.0,2160.0,0.010670731707317074,0.4801829268292683,0.5091463414634146,0.06552116758099576,0.34075147500258773,0.33495497360521687,0.25877238381119966,0.49983125210934864
362,902.316565481353,2.2445793581960105,6.672159583694709,11.868169991326972,1622.2393755420642,-0.18084128360797921,1.0390286209887252,1.2055507372072853,7.4943625325238505,1766.0,2150.0,0.008673026886383347,0.47094535993061576,0.5203816131830009,0.06932068047679667,0.3942830690892258,0.33456775836130076,0.20182849207267678,0.5370942812982998
363,879.6385135135135,2.4653716216216215,6.660472972972973,11.91891891891892,1600.5160472972973,2.3053631756756756,1.2153716216216217,1.25,7.870777027027027,1707.0,2130.0,0.04222972972972973,0.48817567567567566,0.46959459459459457,0.07565189398004078,0.42826483528275566,0.2975641163214937,0.19851915441570983,0.5070229530661186
364,902.8314381270903,2.0080267558528426,5.705685618729097,10.19933110367893,1675.933110367893,-0.18781939799331102,1.0100334448160535,0.9979933110367893,7.1866220735785955,1845.0,2140.0,0.009364548494983277,0.4294314381270903,0.5612040133779265,0.05779970215934475,0.28983618763961283,0.38896128071481756,0.26340282948622484,0.49700199866755496
365,876.6616682286785,1.872539831302718,6.617619493908154,12.362699156513589,1609.6504217432052,-0.6038238050609185,0.9175257731958762,0.9550140581068416,7.4058106841611995,1750.0,2150.0,0.00937207122774133,0.5154639175257731,0.4751640112464855,0.07238673753480132,0.41660339154644394,0.3340926347760061,0.17691723614274868,0.51001001001001
366,844.4253859348199,2.2341337907375642,6.783018867924528,12.389365351629502,1605.7315608919382,2.4430102915951974,1.0403087478559176,1.1938250428816466,7.555746140651801,1729.0,2170.0,0.04202401372212693,0.4725557461406518,0.4854202401372213,0.08569807037457434,0.37480136208853576,0.35686719636776393,0.18263337116912598,0.5343570057581574
367,883.9360580092288,1.6657877389584708,6.211601845748187,11.272907053394858,1638.6934739617666,-0.04830586684245223,0.7996044825313118,0.8661832564271589,7.014502307185234,1769.0,2150.0,0.008569545154911009,0.47264337508239945,0.5187870797626896,0.05375434639601541,0.28606333991166244,0.37505873508128934,0.2851235786110328,0.5199841709537001
368,866.3169907016061,2.1927303465765005,7.289095519864751,12.94843617920541,1588.2214708368554,-1.3582755705832628,0.9966187658495351,1.1961115807269653,7.198647506339814,1692.0,2130.0,0.0016906170752324597,0.5224006762468301,0.47590870667793744,0.07233442930953499,0.35767966181305777,0.338069516204791,0.23191639267261624,0.5454895913646878
369,847.6661224489795,2.0146938775510206,6.978775510204081,12.16326530612245,1588.3575510204082,3.4399183673469387,0.9559183673469388,1.0587755102040817,7.589387755102041,1710.0,2128.000000000001,0.0473469387755102,0.48244897959183675,0.47020408163265304,0.07959556846294503,0.43336560180703454,0.303323652791223,0.18371517693879746,0.5255267423014587
370,884.7230559345157,1.8847203274215552,5.726466575716235,10.3731241473397,1685.2326057298772,-0.8400818553888131,0.9208731241473397,0.9638472032742156,7.263301500682128,1851.5,2180.0,0.002728512960436562,0.41678035470668484,0.5804911323328786,0.06048084147257701,0.3243801652892562,0.37659654395191583,0.23854244928625093,0.511400651465798
371,871.5603686635944,3.4221198156682027,7.244239631336406,12.695852534562212,1609.872811059908,-1.1904147465437789,1.6175115207373272,1.8046082949308755,6.928110599078341,1712.0,2167.6000000000004,0.003686635944700461,0.4986175115207373,0.4976958525345622,0.07848875881335639,0.42317413861912995,0.27404549687375285,0.2242916056937608,0.5273363856719634
372,873.0043975373791,1.6877748460861917,6.629727352682498,11.88830255057168,1588.1248900615656,1.4723131046613895,0.8891820580474934,0.7985927880386984,7.627968337730871,1700.0,2100.4,0.040457343887423045,0.4758135444151275,0.4837291116974494,0.08094085091663784,0.3989392367116338,0.3216879972327914,0.19843191513893693,0.4731631057842626
373,890.5071770334928,2.7088174982911823,5.88174982911825,10.725222146274778,1663.22009569378,-0.7621394395078606,1.3485987696514012,1.3602187286397813,7.4442925495557075,1800.0,2160.0,0.004101161995898838,0.4524948735475051,0.543403964456596,0.05959048755853457,0.34239280139564776,0.3378936736755119,0.26012303737030573,0.5021448397678526
374,900.7916666666666,2.2803030303030303,7.09469696969697,12.544507575757576,1575.5785984848485,-0.32313446969696974,1.1098484848484849,1.1704545454545454,7.318181818181818,1675.0,2090.0,0.011363636363636364,0.4990530303030303,0.4895833333333333,0.07466356107660456,0.4135610766045549,0.32155797101449274,0.19021739130434784,0.5132890365448505
375,857.7854671280277,1.6046712802768166,7.2145328719723185,13.21712802768166,1504.977508650519,4.5802422145328725,0.7257785467128027,0.8788927335640139,7.618512110726644,1587.5,2081.0,0.05968858131487889,0.5268166089965398,0.4134948096885813,0.08811172930623368,0.4135346883161122,0.3303054388554559,0.16804814352219824,0.5477088948787062
376,872.7717086834734,1.9012605042016806,6.277310924369748,11.586834733893557,1627.4572829131653,-0.8286484593837534,0.9201680672268907,0.9810924369747899,7.184873949579832,1750.0,2150.0,0.004201680672268907,0.4831932773109244,0.5126050420168067,0.06033138401559454,0.28586744639376216,0.39239766081871347,0.2614035087719298,0.5160220994475138
377,862.2766519823789,2.488105726872247,7.107488986784141,12.898678414096917,1588.0044052863436,-1.3988898678414097,1.1497797356828194,1.3383259911894274,7.111894273127754,1703.0,2150.0,0.000881057268722467,0.5295154185022026,0.46960352422907486,0.07135777998017839,0.3928394449950446,0.32333994053518333,0.21246283448959366,0.5378895184135978
378,893.9933184855233,2.34075723830735,6.714922048997773,11.994060876020788,1605.6792873051224,2.9183296213808463,1.1492204899777283,1.1915367483296213,7.546399406087602,1708.0,2160.0,0.04528582034149963,0.4892353377876763,0.46547884187082406,0.07368421052631578,0.38573536645351697,0.3411706837186424,0.19940973930152484,0.5090390104662227
379,864.7446524064171,1.4351604278074865,6.604946524064171,12.773395721925134,1556.4451871657755,0.6340708556149732,0.7212566844919787,0.713903743315508,7.286764705882353,1669.5,2110.0,0.01871657754010695,0.536096256684492,0.4451871657754011,0.06026970002752041,0.3465737088340519,0.3418035042656637,0.251353086872764,0.4974382859804378
380,871.9552364864865,1.6798986486486487,7.277027027027027,13.59543918918919,1534.0413851351352,-1.3735219594594594,0.8057432432432432,0.8741554054054054,7.297297297297297,1624.0,2100.0,0.0016891891891891893,0.581081081081081,0.4172297297297297,0.07233796296296297,0.41354166666666664,0.3212962962962963,0.19282407407407406,0.5203619909502263
381,808.3850210970464,2.691983122362869,8.012658227848101,14.761603375527427,1507.6635021097047,0.7126582278481012,1.2784810126582278,1.4135021097046414,7.492616033755274,1589.0,2170.0,0.016877637130801686,0.5516877637130801,0.43143459915611815,0.08587920596930874,0.39771927354638886,0.325637054765592,0.1907644657187104,0.5250783699059561
382,872.844816883923,1.499068901303538,6.476101800124146,12.025450031036623,1607.5884543761638,0.2179453755431409,0.7101179391682185,0.7889509621353197,7.072004965859715,1736.0,2154.0,0.01303538175046555,0.5226567349472377,0.4643078833022967,0.0580180812779777,0.30746949881506186,0.35995786886684805,0.27455455104011234,0.5262939958592132
383,853.144312393888,2.4906621392190154,7.67062818336163,13.668081494057725,1565.044142614601,-1.2646264855687606,1.2062818336162988,1.2843803056027165,7.325127334465195,1645.5,2147.8999999999996,0.0025466893039049238,0.533106960950764,0.46434634974533107,0.07266195387646308,0.4174295978676556,0.3197357747131765,0.19017267354270484,0.5156782549420587
384,867.2422003284072,1.8940886699507389,6.865353037766831,12.20279146141215,1573.3177339901479,5.480706075533662,0.8555008210180624,1.0385878489326765,7.706896551724138,1700.5,2110.0,0.07799671592775041,0.4688013136288998,0.45320197044334976,0.07989773090444231,0.39139235112389476,0.36113774368807927,0.16757217428358367,0.5483311660164716
385,871.3622269203664,1.5715292459478507,6.403100775193798,11.735024665257223,1628.353770260747,-0.12448907681465823,0.7794221282593375,0.792107117688513,7.127554615926709,1750.0,2150.0,0.009161381254404511,0.46018322762508806,0.5306553911205074,0.06278425944235713,0.32568716630413286,0.36414870476567135,0.24737986948783863,0.5040358744394619
386,858.8747714808044,1.5274223034734917,7.3208409506398535,13.59597806215722,1559.27239488117,-1.0957586837294333,0.6828153564899452,0.8446069469835467,7.161791590493602,1661.0,2120.0,0.002742230347349177,0.5347349177330896,0.4625228519195612,0.07326100829610721,0.383535417996171,0.35469049138481173,0.18851308232291003,0.5529622980251346
387,850.7849025974026,2.1875,7.328733766233766,13.082792207792208,1546.1631493506493,3.35075487012987,1.0608766233766234,1.1266233766233766,7.2646103896103895,1620.0,2130.0,0.05032467532467533,0.5186688311688312,0.4310064935064935,0.07966480446927374,0.3836871508379888,0.3324022346368715,0.20424581005586592,0.5150278293135436
388,874.5046845721424,1.5646470955652716,6.258588382261086,10.915677701436602,1671.5465334166147,-0.6122798251093067,0.7895065584009994,0.7751405371642723,7.297938788257339,1823.0,2170.0,0.004996876951905059,0.45596502186133664,0.5390381011867583,0.057685724067100305,0.28004108182129406,0.3766689489900719,0.2856042451215337,0.49540918163672654
389,842.93458781362,1.6711469534050178,7.416666666666667,13.3584229390681,1574.801971326165,-1.3758602150537635,0.8010752688172043,0.8700716845878136,7.652329749103942,1682.5,2150.0,0.002688172043010753,0.5241935483870968,0.4731182795698925,0.07072599531615925,0.4560889929742389,0.31065573770491806,0.16252927400468384,0.5206434316353887
390,865.1984126984127,1.3924162257495591,7.158730158730159,12.888007054673722,1557.4814814814815,2.1777865961199296,0.6754850088183422,0.716931216931217,7.783068783068783,1665.0,2107.0000000000005,0.05026455026455026,0.5202821869488536,0.4294532627865961,0.0805574439157036,0.4007477906186268,0.3401314298663041,0.17856333559936552,0.5148828372387587
391,849.7529239766081,1.9912280701754386,6.68640350877193,11.967836257309942,1627.5095029239767,-0.232390350877193,1.037280701754386,0.9539473684210527,7.228801169590644,1742.5,2190.0,0.008771929824561403,0.48391812865497075,0.5073099415204678,0.06663970067752048,0.3370411568409344,0.3348164627363737,0.2615026797451714,0.4790748898678414
392,900.6965572457966,2.4355484387510007,6.391513210568455,11.309847878302643,1675.827862289832,-0.41585268214571663,1.1080864691753403,1.3274619695756604,7.236989591673339,1810.0,2220.0,0.005604483586869495,0.4691753402722178,0.5252201761409128,0.06748534129881624,0.3957296161079765,0.32647416749640445,0.21031087509680274,0.5450361604207759
393,864.8872427983539,2.0872427983539095,6.68559670781893,11.837860082304527,1594.520987654321,3.9789465020576134,1.0403292181069959,1.0469135802469136,7.795061728395062,1705.0,2129.2000000000003,0.06502057613168724,0.4699588477366255,0.46502057613168724,0.07834441980783444,0.43311160384331115,0.2965895892725161,0.1919543870763383,0.501577287066246
394,893.5847568988173,2.0295663600525624,6.421156373193167,11.610381077529567,1628.5427069645204,0.11850197109067011,1.0045992115637319,1.0249671484888305,7.3646517739816035,1761.0,2160.0,0.011169513797634692,0.44218134034165574,0.5466491458607096,0.06120082076902489,0.3025247568917834,0.3779998215719511,0.2582746007672406,0.5050178051149239
395,892.5466786355476,1.73967684021544,7.055655296229802,12.761220825852783,1578.7558348294435,0.721391382405745,0.7836624775583483,0.9560143626570916,7.51705565529623,1680.0,2140.0,0.011669658886894075,0.5152603231597845,0.4730700179533214,0.07320277048005731,0.4068545497969907,0.34344399331263437,0.17649868641031766,0.5495356037151703
396,843.7723502304148,1.7456221198156683,7.248847926267281,13.085714285714285,1588.4617511520737,1.5312350230414746,0.8304147465437788,0.9152073732718894,7.496774193548387,1679.0,2160.0,0.026728110599078342,0.5096774193548387,0.46359447004608295,0.08470617162527662,0.37878042783378413,0.3582493238259159,0.17826407671502337,0.5242872228088701
397,893.4471853257432,1.8266919671094244,6.07337128399747,11.009487666034156,1660.5294117647059,1.3868374446552816,0.8931056293485136,0.9335863377609108,7.117647058823529,1770.0,2190.0,0.018342820999367487,0.44212523719165087,0.5395319418089817,0.05856216120145739,0.3017861903492402,0.3610592730827335,0.2785923753665689,0.5110803324099723
398,863.712206952304,2.311236863379143,6.836701697655618,12.135812449474535,1633.8270008084075,-0.9799272433306387,1.1131770412287794,1.1980598221503638,7.248181083265966,1764.0,2168.2000000000003,0.005658852061438965,0.48181083265966046,0.5125303152789006,0.07060004461298237,0.3596921704215927,0.3463082757082311,0.22339950925719385,0.5183630640083945
399,865.3500851788756,1.5477001703577513,7.140545144804088,12.599659284497445,1572.2930153321977,4.795374787052811,0.7444633730834753,0.803236797274276,7.691652470187393,1672.5,2120.0,0.06643952299829642,0.49829642248722317,0.4352640545144804,0.0805094130675526,0.4415282392026578,0.2965669988925803,0.1813953488372093,0.5189873417721519
400,891.1541005291006,1.3703703703703705,5.881613756613756,10.500661375661375,1677.4966931216932,-0.7076917989417989,0.6382275132275133,0.7321428571428571,7.130291005291006,1828.5,2159.8,0.007936507936507936,0.42923280423280424,0.5628306878306878,0.06001298580836657,0.3249234764864113,0.37148687505797234,0.24357666264724978,0.5342664092664092
401,851.4025500910747,2.5264116575591986,7.56648451730419,13.44535519125683,1612.0710382513662,-1.4141894353369764,1.145719489981785,1.3806921675774135,7.213114754098361,1690.0,2213.000000000001,0.00273224043715847,0.5136612021857924,0.48360655737704916,0.07853535353535354,0.42348484848484846,0.2734848484848485,0.2244949494949495,0.5465032444124008
402,884.1388443017656,1.2937399678972712,6.780898876404494,12.40048154093098,1576.7744783306582,1.1568539325842697,0.6709470304975923,0.622792937399679,7.497592295345104,1690.0,2100.0,0.03451043338683788,0.478330658105939,0.4871589085072231,0.07964033397559409,0.3958467137657889,0.33055020338257335,0.19396274887604367,0.4813895781637717
403,902.2809430255403,1.8519973804846104,5.962017026850033,10.605108055009824,1675.0438768827767,0.6844924688932547,0.925343811394892,0.9266535690897184,7.3647675180091685,1840.0,2200.0,0.011787819253438114,0.43287491814014406,0.5553372626064178,0.059754579406011026,0.3358527476436066,0.3337186555219634,0.270674017428419,0.5003536067892503
404,913.737195633921,2.089840470193115,6.842149454240134,12.010915197313182,1610.816120906801,-0.7760285474391267,1.0,1.089840470193115,7.062132661628883,1720.0,2130.0,0.005037783375314861,0.5046179680940386,0.4903442485306465,0.07430745452383783,0.38580430388776604,0.3416953988824159,0.19819284270598025,0.521494576134994
405,845.7718491260349,1.6292548298068077,7.243790248390065,12.99540018399264,1544.6292548298068,2.8700183992640294,0.8178472861085556,0.8114075436982521,7.789328426862926,1640.0,2110.0,0.06071757129714812,0.5087396504139834,0.43054277828886844,0.08515412779024448,0.41750324790362586,0.32325498996102514,0.17408763434510452,0.4980237154150198
406,887.408843537415,1.514965986394558,5.869387755102041,10.434013605442177,1693.2102040816326,-1.2022789115646257,0.7380952380952381,0.7768707482993197,7.038775510204082,1862.5,2211.0000000000014,0.0006802721088435374,0.4129251700680272,0.5863945578231292,0.05943751812119455,0.2788247801295061,0.3903546921813086,0.2713830095679907,0.5127974854063763
407,869.6570486397362,2.009068425391591,6.868920032976092,12.267930750206101,1629.6430338004945,-0.47678483099752683,0.9447650453421269,1.0643033800494641,6.986809563066776,1730.0,2200.0,0.008244023083264633,0.4872217642209398,0.5045342126957956,0.07268436578171092,0.38595870206489674,0.3192920353982301,0.22206489675516225,0.529749692244563
408,867.69921875,1.9796875,6.16328125,11.0015625,1646.7796875,3.4879921875,0.9828125,0.996875,7.69140625,1754.0,2201.0000000000014,0.0515625,0.4671875,0.48125,0.07750126968004063,0.3876079228034535,0.3362112747587608,0.19867953275774505,0.5035516969218626
409,878.8978668390433,1.0006464124111183,5.92824822236587,10.780219780219781,1660.1182934712347,-0.0998771816418876,0.47575953458306397,0.5248868778280543,7.169360051712993,1815.0,2147.4,0.013574660633484163,0.4544279250161603,0.5319974143503555,0.058515913803985214,0.3460463438824272,0.3462266702731945,0.2492110720403931,0.524547803617571
410,868.052540913006,1.4444444444444444,7.140396210163652,12.565030146425496,1600.2730404823428,-1.2525150732127477,0.7131782945736435,0.7312661498708011,7.383290267011197,1710.0,2140.0,0.0017226528854435831,0.4780361757105943,0.5202411714039621,0.06801213252449836,0.41740550629958,0.32629491367242186,0.18828744750349977,0.5062611806797853
411,829.7603686635945,2.5345622119815667,7.671889400921659,13.615668202764978,1555.458064516129,2.2371612903225806,1.207373271889401,1.327188940092166,7.414746543778802,1630.0,2170.0,0.035023041474654376,0.5207373271889401,0.44423963133640554,0.09098819142324426,0.42585456805469235,0.2970789310130516,0.1860783095090118,0.5236363636363637
412,869.588643533123,1.8302839116719243,5.6517350157728705,10.017034700315458,1708.9312302839116,0.5889022082018927,0.9242902208201893,0.905993690851735,7.124921135646687,1880.0,2230.0,0.015141955835962145,0.4069400630914827,0.5779179810725552,0.0611883467634818,0.3073585406889223,0.35916054192862834,0.2722925706189675,0.49500172354360567
413,876.1287044877223,2.70194750211685,7.016088060965283,12.303132938187977,1638.9966130397968,-0.4341320914479255,1.2472480948348856,1.4546994072819643,7.490262489415749,1750.0,2230.0,0.007620660457239628,0.4953429297205758,0.4970364098221846,0.07110558444494687,0.41668550757404477,0.3293013791544201,0.18290752882658828,0.538389219680351
414,879.280998389694,2.244766505636071,6.561996779388084,11.731078904991948,1612.3711755233494,3.719653784219002,1.0434782608695652,1.2012882447665056,7.8035426731078905,1721.5,2160.0,0.0499194847020934,0.46859903381642515,0.48148148148148145,0.08058192323565827,0.387536112257532,0.3647338010730499,0.1671481634337598,0.5351506456241033
415,823.2828630419821,1.4611149346180317,6.688231245698555,12.309015829318652,1598.8279421885754,0.8779972470750173,0.7068134893324157,0.7543014452856159,7.153475567790777,1710.0,2175.8,0.017205781142463867,0.48520302821748107,0.4975911906400551,0.06474889359245718,0.3373099865306908,0.35905329998075813,0.2388878198960939,0.5162505887894488
416,848.7449152542373,1.971186440677966,6.916949152542373,12.65,1601.7127118644069,-0.8883813559322034,0.9661016949152542,1.005084745762712,7.072033898305085,1697.5,2170.0,0.00423728813559322,0.538135593220339,0.4576271186440678,0.074415817855003,0.3610545236668664,0.3633313361294188,0.2011983223487118,0.5098882201203784
417,850.4829443447038,1.6956912028725315,7.003590664272891,12.795332136445243,1554.5987432675045,3.3960951526032317,0.7872531418312387,0.9084380610412927,7.596947935368043,1677.5,2120.0,0.04847396768402154,0.473967684021544,0.47755834829443444,0.08566702115089211,0.4041120170152428,0.32967032967032966,0.1805506321635354,0.5357331921651668
418,869.8326153846153,1.7415384615384615,5.961846153846154,10.747076923076923,1674.2276923076922,-0.382683076923077,0.8547692307692307,0.8867692307692308,7.290461538461538,1834.0,2180.0,0.009846153846153846,0.432,0.5581538461538461,0.056047944627331814,0.2769477504853549,0.3827973326580569,0.28420697222925634,0.5091872791519435
419,867.3062397372743,2.255336617405583,6.529556650246305,12.03448275862069,1632.4293924466338,-0.4025862068965517,1.0574712643678161,1.1978653530377668,7.341543513957307,1768.0,2190.0,0.006568144499178982,0.5180623973727422,0.4753694581280788,0.06877656005367927,0.4467680608365019,0.2991500782822635,0.18530530082755536,0.5311248634874408
420,832.5892255892256,1.797979797979798,7.133838383838384,13.17087542087542,1576.4974747474748,2.5348737373737373,0.8198653198653199,0.9781144781144782,7.63973063973064,1654.0,2210.0,0.05134680134680135,0.4957912457912458,0.45286195286195285,0.0873732921992067,0.4179153812252093,0.3321947994711327,0.1625165271044513,0.5440074906367042
421,845.7855547282204,2.054355919583023,6.400595681310499,11.658227848101266,1651.458674609084,-1.2221444527177958,1.0558451228592702,0.9985107967237528,7.198808637379003,1791.0,2209.3999999999996,0.0029784065524944155,0.49218168279970215,0.5048399106478034,0.06371534960695077,0.3261274306992139,0.3393669838642946,0.27079023582954076,0.48604566872055094
422,833.6685529506872,1.7259498787388845,6.9280517380759905,12.700080840743734,1596.580436540016,-0.95661277283751,0.7841552142279709,0.9417946645109135,7.113985448666128,1720.0,2174.000000000001,0.004850444624090542,0.513338722716249,0.48181083265966046,0.07011363636363636,0.38670454545454547,0.3303409090909091,0.21284090909090908,0.5456674473067916
423,819.1722177091796,2.008123476848091,6.861088545897644,12.448415922014622,1586.9902518277822,3.3276441917140533,0.9634443541835905,1.0446791226645005,7.567018683996751,1684.0,2180.0,0.047116165718927704,0.487408610885459,0.4654752233956133,0.07869028448738594,0.42082662372517443,0.3070316693505099,0.19345142243692967,0.5202265372168284
424,860.5914836992681,1.6473719228210246,6.318030605455755,11.122421823020625,1648.2341982701264,0.5839387890884896,0.8343313373253493,0.8130405854956753,7.29208250166334,1787.0,2170.0,0.014637391882900865,0.45575515635395875,0.5296074517631404,0.06076642335766423,0.2892335766423358,0.3825729927007299,0.26742700729927005,0.49353796445880455
425,848.2876151484135,1.6120777891504605,7.011258955987717,12.404298874104402,1610.5199590583418,-0.024329580348004125,0.7830092118730808,0.8290685772773797,7.725690890481064,1766.0,2143.6,0.01023541453428864,0.49744114636642783,0.4923234390992835,0.0759141494435612,0.4315050344462109,0.3492315845257022,0.1433492315845257,0.5142857142857142
426,859.3778162911611,1.5736568457538995,6.87261698440208,12.560658578856152,1580.7530329289427,2.1596707105719237,0.7097053726169844,0.8639514731369151,7.579722703639515,1677.0,2130.0,0.043327556325823226,0.5173310225303293,0.4393414211438475,0.08871613124499829,0.37624328341145535,0.3556647993597805,0.17937578598376586,0.5490088105726872
427,900.5430038510912,1.5077021822849808,5.430038510911425,9.72785622593068,1723.6193838254171,-0.25359435173299105,0.7387676508344031,0.7689345314505777,6.963414634146342,1900.0,2220.0,0.007060333761232349,0.41335044929396664,0.579589216944801,0.058991612130150244,0.2952345838326113,0.3722002027836667,0.2735736012535718,0.5100042571306939
428,888.2060185185185,2.376543209876543,5.7407407407407405,10.045524691358025,1731.1712962962963,-1.1371527777777777,1.2067901234567902,1.1697530864197532,7.003086419753086,1900.0,2233.5,0.0015432098765432098,0.408179012345679,0.5902777777777778,0.06886293521375055,0.35654473336271486,0.34508594094314676,0.22950639048038785,0.4922077922077922
429,866.7366841710427,2.388597149287322,6.246811702925731,11.025506376594148,1646.212303075769,4.407801950487622,1.0817704426106527,1.3068267066766692,7.693923480870217,1795.0,2147.9999999999995,0.07201800450112528,0.43885971492873216,0.4891222805701425,0.07410296411856475,0.4471528861154446,0.2961193447737909,0.18262480499219969,0.5471105527638191
430,883.4363876071193,1.971654581410679,5.704680290046143,10.208305866842451,1695.2979564930783,0.33065260382333556,0.9281476598549769,1.043506921555702,7.133157547791694,1870.0,2210.0,0.013183915622940013,0.4139749505603164,0.5728411338167436,0.06099251455503188,0.3223361981332594,0.3700212549671934,0.2466500323445153,0.5292544299565363
431,845.4168260038241,3.225621414913958,6.995219885277247,12.265774378585085,1656.4282982791588,-1.4143307839388146,1.531548757170172,1.694072657743786,7.336520076481835,1770.0,2233.5,0.0019120458891013384,0.48852772466539196,0.5095602294455067,0.07961949439666406,0.42572322126661455,0.2835548605681522,0.2111024237685692,0.5251926496739775
432,868.8062310030396,1.6762917933130699,6.213525835866261,11.170212765957446,1627.1436170212767,2.6198480243161097,0.7651975683890577,0.9110942249240122,7.477963525835866,1760.0,2150.0,0.0425531914893617,0.4566869300911854,0.5007598784194529,0.07844731226501372,0.393455949598618,0.33411238695254547,0.1939843511838228,0.543517679057117
433,905.5912986156889,2.2261041529334213,5.197099538562953,9.18259723137772,1753.6506262359921,1.2132036914963744,1.114700065919578,1.111404087013843,7.410678971654582,1930.0,2280.0,0.013843111404087014,0.3770599868160844,0.6090969017798286,0.05719622842910514,0.33517167763743105,0.338373954812311,0.2692581391211528,0.49925969795676634
434,900.7548076923077,1.9375,6.5568910256410255,11.590544871794872,1643.329326923077,0.24385416666666665,0.9647435897435898,0.9727564102564102,7.149038461538462,1763.0,2170.0,0.01201923076923077,0.49278846153846156,0.4951923076923077,0.07094821788836583,0.37502802062317864,0.3456624075319435,0.20836135395651198,0.5020678246484698
435,839.3278116826503,1.5091543156059286,6.641673931996513,11.605928509154316,1576.3400174367916,7.65613775065388,0.6931124673060157,0.8160418482999128,7.853530950305144,1680.0,2100.0,0.08718395815170009,0.44027898866608545,0.47253705318221445,0.08425843694493783,0.411190053285968,0.329151865008881,0.17539964476021314,0.5407279029462738
436,854.696636481242,1.758085381630013,5.6371280724450195,10.024579560155239,1710.4417852522638,-1.2758214747736094,0.9055627425614489,0.8525226390685641,6.798835705045279,1860.0,2180.0,0.000646830530401035,0.40815006468305304,0.5912031047865459,0.05784416325753972,0.2830368185710208,0.387308533916849,0.2718104842545904,0.48491537895511405
437,882.311612364244,2.7610693400167086,6.598997493734336,11.786967418546366,1661.061821219716,-0.4755722639933166,1.2548036758563075,1.506265664160401,7.014202172096909,1798.0,2230.0,0.005847953216374269,0.48955722639933164,0.504594820384294,0.07432110528823249,0.385540733682706,0.3245593139590281,0.21557884707003336,0.5455370650529501
438,875.6362229102167,2.442724458204334,5.664860681114551,9.956656346749226,1689.6594427244581,4.206741486068111,1.1230650154798762,1.3196594427244581,7.617647058823529,1829.0,2210.0,0.06888544891640867,0.42105263157894735,0.510061919504644,0.07732168258484048,0.3837634627108311,0.34688071530176795,0.19203413940256045,0.5402408111533586
439,890.8670177748519,1.7524687294272547,5.2238314680711,9.184331797235023,1731.611586570112,0.6214680710994075,0.8689927583936801,0.8834759710335747,7.2633311389071755,1900.0,2214.2,0.016458196181698487,0.402238314680711,0.5813034891375906,0.05900480377050666,0.3350856521345056,0.3502220610894589,0.25568748300552885,0.5041322314049587
440,857.4487534626039,1.8522622345337028,6.670360110803324,12.037857802400739,1606.8891966759002,-1.279409048938135,0.9436749769159741,0.9085872576177285,7.352723915050785,1730.0,2121.6000000000004,0.002770083102493075,0.4866112650046168,0.5106186518928901,0.074092678638704,0.42609569257817403,0.32487755870902923,0.17493407007409267,0.4905284147557328
441,835.7323556370302,2.675527039413382,6.406966086159486,11.543538038496791,1629.1329055912008,4.6332905591200735,1.2713107241063244,1.4042163153070577,7.2740604949587535,1750.0,2210.0,0.054078826764436295,0.44087992667277726,0.5050412465627865,0.09349798387096774,0.40234375,0.3089717741935484,0.19518649193548387,0.5248372730387119
442,893.222427603204,1.7738755391250771,5.240295748613678,9.227972889710413,1721.8656808379544,2.086691312384473,0.9020332717190388,0.8718422674060382,7.117683302526186,1890.0,2220.0,0.025261860751694395,0.381392483056069,0.5933456561922366,0.062326869806094184,0.3099896121883656,0.3573407202216066,0.2703427977839335,0.49149010072941995
443,879.2747826086957,3.0982608695652174,5.86,10.736521739130435,1683.1034782608697,0.2784782608695652,1.4660869565217391,1.6321739130434783,7.492173913043478,1835.5,2190.0,0.01217391304347826,0.4391304347826087,0.548695652173913,0.07253946146703807,0.42107706592386257,0.30942432683379756,0.19695914577530177,0.5268032556834129
444,857.2201986754967,2.926324503311258,6.3841059602649,11.730960264900663,1602.2301324503312,3.406945364238411,1.3518211920529801,1.5745033112582782,7.575331125827814,1744.5,2150.0,0.059602649006622516,0.4586092715231788,0.4817880794701987,0.08294175499945361,0.3888099661239209,0.35974210468801227,0.16850617418861327,0.538048090523338
445,865.1297376093295,1.7266763848396502,5.423469387755102,10.059766763848396,1692.0750728862974,0.7648396501457725,0.8651603498542274,0.8615160349854227,7.401603498542274,1860.0,2170.0,0.013848396501457727,0.3892128279883382,0.5969387755102041,0.06262924667651404,0.32141802067946823,0.365534219596258,0.25041851304775975,0.4989447024060785
446,839.3993231810491,2.2174280879864634,6.186125211505922,11.583756345177665,1653.351945854484,-0.7068781725888325,1.0795262267343486,1.137901861252115,6.94331641285956,1790.0,2199.0,0.004230118443316413,0.4873096446700508,0.5084602368866328,0.07274278055318631,0.37419276227610576,0.3475082246862434,0.20555623248446447,0.5131629149179703
447,873.3947368421053,2.126794258373206,6.655502392344498,12.014354066985646,1571.8979266347687,3.7442663476874,1.0199362041467304,1.1068580542264752,7.657097288676236,1690.0,2110.0,0.06539074960127592,0.49362041467304624,0.4409888357256778,0.08133722141220578,0.4050197875442616,0.30941470526973547,0.20422828577379712,0.520434945631796
448,911.0687766281193,1.992696287279367,5.11381618989653,9.311016433353622,1745.9433962264152,-0.4751612903225807,0.9920876445526476,1.0006086427267193,7.227023737066342,1910.0,2240.0,0.007303712720632989,0.40170419963481435,0.5909920876445527,0.05314131716355062,0.2737072595586997,0.3783897591376116,0.2947616641401381,0.5021380574221136
449,874.5925619834711,1.8851239669421487,6.678512396694215,11.880165289256198,1655.7322314049586,0.14609090909090908,0.8776859504132232,1.0074380165289256,7.400826446280992,1766.5,2260.0,0.010743801652892562,0.48677685950413224,0.5024793388429752,0.07001675041876047,0.4510329424902289,0.2926856504745952,0.18626465661641542,0.5344147303814116
450,864.8089887640449,1.9230769230769231,6.037165082108903,11.146067415730338,1637.8738115816768,2.875989628349179,0.9602420051858254,0.9628349178910977,7.688850475367329,1790.0,2167.6000000000004,0.052722558340535866,0.44684528954191877,0.5004321521175453,0.08453237410071943,0.3965827338129496,0.3389163669064748,0.17996852517985612,0.5006741573033708
451,880.9261992619926,2.241328413284133,5.443542435424354,10.139483394833949,1714.5239852398524,-1.238221402214022,1.1062730627306272,1.1350553505535055,7.2413284132841325,1894.0,2220.6000000000004,0.004428044280442804,0.44132841328413286,0.5542435424354244,0.06328984916428862,0.3336730534039951,0.33316347329800244,0.2698736241337138,0.5064208100098782
452,875.2790513833992,2.575494071146245,6.167588932806324,11.037154150197628,1667.8584980237154,-1.1506482213438736,1.1723320158102766,1.4031620553359683,7.123320158102767,1804.0,2194.800000000001,0.0023715415019762848,0.433201581027668,0.5644268774703557,0.07135723005215848,0.3868605038286539,0.33570081012096326,0.2060814559982244,0.5448127685696746
453,876.9869431643625,2.586021505376344,5.911674347158218,10.928571428571429,1638.4984639016898,4.982565284178188,1.2857142857142858,1.3003072196620584,7.653609831029186,1772.5,2180.0,0.06835637480798772,0.42242703533026116,0.5092165898617511,0.07827395885599599,0.416156547917712,0.3065730055193176,0.19899648770697442,0.5028215028215028
454,923.0705171255877,2.198119543317663,4.932840832773674,9.205507051712559,1731.883143049026,1.181773002014775,1.0886501007387508,1.109469442578912,7.315648085963734,1898.0,2217.6000000000004,0.018132975151108125,0.3982538616521155,0.5836131631967764,0.06114018176810796,0.2948682640227669,0.3858441200771137,0.2581474341320114,0.5047357164680721
455,880.8905803996195,1.9543292102759278,6.6003805899143675,11.782112274024739,1632.5042816365367,-0.4556803044719315,0.9039010466222646,1.0504281636536632,7.589914367269268,1791.0,2140.0,0.007611798287345386,0.46241674595623217,0.5299714557564225,0.08248715055785383,0.40804813839789394,0.3353390999122477,0.1741256111320045,0.5374878286270691
456,873.5956239870341,1.7163695299837924,6.388978930307942,11.73581847649919,1611.3808752025932,2.261158833063209,0.8103727714748784,0.9059967585089141,7.256077795786061,1730.0,2130.0,0.04781199351701783,0.4554294975688817,0.4967585089141005,0.08677685950413223,0.3677685950413223,0.36609336609336607,0.17936117936117937,0.5278564683663833
457,870.1771907216495,1.737757731958763,6.103737113402062,11.125644329896907,1666.486469072165,-0.12105670103092787,0.833118556701031,0.904639175257732,6.990979381443299,1810.0,2210.0,0.00902061855670103,0.44652061855670105,0.5444587628865979,0.05640552995391705,0.287926267281106,0.36921658986175115,0.2864516129032258,0.5205784204671857
458,858.2325396825397,2.2333333333333334,7.066666666666666,12.727777777777778,1603.55,-1.0533968253968253,1.1023809523809525,1.130952380952381,7.188095238095238,1730.0,2140.0,0.002380952380952381,0.4714285714285714,0.5261904761904762,0.06867616208457547,0.35188252180633767,0.3486805785580214,0.23076073755106546,0.5063965884861408
459,832.1921470342523,1.8989139515455304,6.512949039264829,11.704260651629072,1593.045948203843,6.582297410192147,0.8412698412698413,1.0576441102756893,7.615705931495405,1700.0,2140.0,0.07518796992481203,0.454469507101086,0.4703425229741019,0.07689776217639316,0.42628345765686704,0.30792014041246163,0.1888986397542782,0.5569731632204136
460,871.9952766531713,1.2489878542510122,6.3367071524966265,11.51417004048583,1614.4075573549258,0.8092307692307694,0.6039136302294197,0.6450742240215924,7.2145748987854255,1757.5,2129.000000000001,0.017543859649122806,0.44399460188933876,0.5384615384615384,0.05873550317994763,0.3258511036288814,0.37467265245043024,0.24074074074074073,0.5164775796866559
461,831.2802197802198,2.2637362637362637,7.0265567765567765,12.894688644688644,1590.9478021978023,-0.9450641025641026,1.108974358974359,1.1547619047619047,7.059523809523809,1711.5,2154.5,0.005494505494505495,0.5146520146520146,0.47985347985347987,0.0777013879880659,0.41613698274743804,0.2779867687118952,0.22817486055260086,0.5101132686084142
462,818.3998488284202,1.3975812547241118,7.226001511715798,13.160241874527589,1549.4610733182162,1.5964021164021163,0.6235827664399093,0.7739984882842026,7.4104308390022675,1660.0,2108.2,0.04157218442932729,0.4958427815570673,0.46258503401360546,0.07690738474092207,0.3925948592411261,0.32384740922072625,0.20665034679722563,0.5538128718226069
463,848.4431263084439,1.7697138869504536,6.758548499651082,12.138171667829727,1637.771109560363,-1.4261479413817166,0.8339148639218423,0.9357990230286113,7.405443126308444,1753.0,2170.0,0.0,0.5024424284717376,0.4975575715282624,0.05493780625706747,0.32783641160949867,0.33744817188088955,0.2797776102525443,0.5287854889589906
464,866.4030482641829,2.1346316680779003,7.247248094834886,13.00169348010161,1590.453852667231,-1.0129551227773073,1.0618120237087214,1.0728196443691786,7.29043183742591,1695.0,2120.0,0.005080440304826418,0.5309060118543607,0.4640135478408129,0.07200929152148665,0.3854819976771196,0.3401858304297329,0.20232288037166085,0.5025783419278064
465,812.8910472972973,1.5329391891891893,7.39527027027027,13.380912162162161,1504.7153716216217,6.0401013513513515,0.722972972972973,0.8099662162162162,7.702702702702703,1599.5,2090.0,0.07516891891891891,0.5,0.4248310810810811,0.08201754385964913,0.4179824561403509,0.33168859649122806,0.16831140350877194,0.528374655647383
466,860.0060483870968,1.4724462365591398,6.005376344086022,11.284274193548388,1641.366935483871,-0.8811962365591398,0.6955645161290323,0.7768817204301075,7.120967741935484,1790.0,2160.0,0.003360215053763441,0.4771505376344086,0.519489247311828,0.059267648169120425,0.28038882597206494,0.38863722159305397,0.27170630426576065,0.5276129621177544
467,824.0113913751017,2.3254678600488203,7.870626525630594,13.717656631407648,1588.2481692432873,-0.8711472742066722,1.1049633848657445,1.2205044751830756,6.912937347436941,1681.0,2201.0,0.004882017900732303,0.531326281529699,0.46379170056956875,0.06897363465160075,0.3767655367231638,0.3207391713747646,0.2335216572504708,0.5248425472358292
468,839.9101382488479,2.5453149001536097,7.257296466973886,12.990783410138249,1567.663594470046,3.046989247311828,1.205069124423963,1.3402457757296466,7.767281105990784,1641.5,2119.4000000000005,0.05145929339477726,0.511520737327189,0.43701996927803377,0.07594185701572234,0.3823791159893207,0.3375852862652032,0.20409374072975378,0.5265540132770067
469,832.5516556291391,1.2867549668874172,6.8019867549668875,12.764238410596027,1570.7364238410596,-0.327794701986755,0.6,0.6867549668874172,7.201986754966887,1680.0,2110.0,0.009271523178807948,0.5139072847682119,0.4768211920529801,0.06004597701149425,0.3353563218390805,0.35006896551724137,0.2545287356321839,0.5337107565620175
470,840.2030328559393,1.835720303285594,7.181971356360573,12.709351305812973,1605.0362257792756,-1.564161752316765,0.8711036225779275,0.9646166807076664,7.155012636899747,1720.0,2120.0,0.0008424599831508003,0.535804549283909,0.4633529907329402,0.06876251030260214,0.4058636524196397,0.3280348522312493,0.1973389850465089,0.5254703992657183
471,809.3038461538462,1.9442307692307692,7.922115384615385,14.20673076923077,1517.758653846154,2.094980769230769,0.9471153846153846,0.9971153846153846,7.313461538461539,1606.0,2120.0,0.03365384615384615,0.5355769230769231,0.4307692307692308,0.0891401525111754,0.40678411780173546,0.29963186957665,0.20444386011043914,0.5128585558852621
472,851.3876678876679,1.4493284493284493,6.283882783882784,11.52991452991453,1640.0982905982905,-0.5901159951159951,0.7045177045177046,0.7448107448107448,6.948717948717949,1765.0,2160.0,0.007936507936507936,0.47619047619047616,0.5158730158730159,0.060534176770339135,0.2995079950799508,0.360305745914602,0.27965208223510807,0.5139005897219882
473,839.1904355251921,2.5192143467122117,7.567036720751495,13.873612297181896,1577.8181041844578,-1.6200256191289495,1.17933390264731,1.3398804440649017,7.333048676345005,1670.0,2190.0,0.0,0.5584970111016225,0.44150298889837747,0.06929078840107139,0.41318271806218704,0.3219983696285082,0.19552812390823338,0.5318644067796611
474,843.6036636136553,1.9600333055786845,7.205661948376353,12.918401332223148,1551.1948376353039,2.4595170691090757,0.9142381348875936,1.0457951706910908,7.498751040799334,1670.0,2122.0,0.04412989175686927,0.4954204829308909,0.4604496253122398,0.08194536975349767,0.3809682433932934,0.3530979347101932,0.18398845214301576,0.5335598980458793
475,838.8570381231672,1.4193548387096775,6.972873900293255,13.013196480938417,1556.1554252199414,0.3345527859237536,0.7074780058651027,0.7118768328445748,7.363636363636363,1685.5,2150.0,0.012463343108504398,0.4846041055718475,0.5029325513196481,0.0630227001194743,0.32317801672640384,0.36837913181999205,0.24542015133412984,0.5015495867768595
476,830.7688311688312,2.0077922077922077,7.567965367965368,14.142857142857142,1547.8987012987013,-0.8753246753246753,0.9567099567099567,1.051082251082251,6.96017316017316,1632.0,2162.4000000000005,0.004329004329004329,0.5194805194805194,0.47619047619047616,0.07463614877472323,0.37193680806070406,0.33735539246174895,0.21607165070282375,0.5235015092712376
477,849.847405112316,2.2579395817195973,6.82571649883811,12.340821068938807,1586.1270333075136,3.6809527498063512,1.0844306738962044,1.1735089078233927,7.419829589465531,1703.0,2140.0,0.07203718048024788,0.4701781564678544,0.45778466305189774,0.07944461843616243,0.3897066499634617,0.32205867000730765,0.20879006159306818,0.5197255574614065
478,869.7592256503327,1.7326073805202662,5.874773139745916,10.950998185117967,1668.8263762855415,-0.7522565033272838,0.8632788868723533,0.8693284936479129,7.038112522686025,1850.0,2190.0,0.006049606775559589,0.4652147610405324,0.5287356321839081,0.05174488567990373,0.2730789066529139,0.38121024583118446,0.29396596183599794,0.5017458100558659
479,852.4252775405636,1.9086251067463706,6.879590093936806,12.327924850555082,1647.3159692570453,-0.21169086251067462,0.941929974380871,0.9666951323654995,7.616567036720752,1760.0,2240.0,0.008539709649871904,0.5038428693424424,0.48761742100768574,0.06850543782935306,0.4453414059872183,0.3057517658930373,0.1804013902903913,0.5064876957494407
480,838.3757322175733,2.082008368200837,7.00836820083682,12.510460251046025,1600.7439330543932,3.766937238493724,0.9464435146443515,1.1355648535564853,7.590794979079498,1688.0,2170.0,0.06108786610878661,0.4577405857740586,0.4811715481171548,0.08257083011795834,0.3975305919964723,0.33149597618785137,0.188402601697718,0.5454180064308681
481,831.6520771513353,2.363501483679525,6.121661721068249,11.231454005934719,1709.7774480712167,-1.295274480712166,1.2084569732937684,1.1550445103857567,7.143175074183977,1848.5,2300.0,0.001483679525222552,0.4732937685459941,0.5252225519287834,0.06200020770588846,0.32651365666216636,0.3330563921487174,0.27842974348322774,0.4887005649717514
482,826.2473469387755,2.4726530612244897,6.994285714285715,13.273469387755101,1609.1363265306122,-0.5140734693877551,1.209795918367347,1.262857142857143,7.076734693877551,1700.0,2240.0,0.011428571428571429,0.5224489795918368,0.4661224489795918,0.07221132771946015,0.3956627061944861,0.3206828930672511,0.21144307301880264,0.5107296137339056
483,821.9686985172982,2.5214168039538714,7.41845140032949,13.645799011532125,1557.8533772652388,3.795774299835255,1.1935749588138385,1.327841845140033,7.719110378912685,1650.0,2200.0,0.05518945634266886,0.4942339373970346,0.45057660626029655,0.08078113328353431,0.42610180343613274,0.30935865969480314,0.18375840358552983,0.526625285854296
484,859.613087674714,1.8627700127064803,6.3595933926302415,11.846886912325285,1625.4612452350698,0.4267407878017789,0.9186785260482846,0.9440914866581956,7.009529860228716,1770.0,2180.0,0.013341804320203304,0.4536213468869123,0.5330368487928844,0.06063627299918427,0.288044956040968,0.3794072328469138,0.27191153811293395,0.5068212824010914
485,842.742,2.41,7.045,13.141,1613.486,-0.65975,1.099,1.311,7.461,1723.0,2250.0,0.006,0.514,0.48,0.0770674172362954,0.4145556895858464,0.33346736362417906,0.17490952955367914,0.5439834024896265
486,817.990041493776,2.0273858921161825,7.0232365145228215,13.191701244813277,1573.9933609958507,4.115502074688797,0.9726141078838174,1.0547717842323652,7.360165975103734,1644.0,2270.0,0.05726141078838174,0.4954356846473029,0.4473029045643154,0.08659375352350886,0.38504904724320665,0.35099785770661857,0.1773593415266659,0.520261972984036
487,840.9148148148148,1.837037037037037,6.459876543209877,11.776543209876543,1682.7222222222222,-0.5890802469135803,0.8950617283950617,0.9419753086419753,6.751234567901235,1789.5,2280.2000000000003,0.007407407407407408,0.4728395061728395,0.519753086419753,0.056596872999908565,0.29212764012069126,0.370485507908933,0.2807899789704672,0.5127688172043011
488,836.886524822695,2.8904649330181247,6.692671394799055,12.36327817178881,1666.5437352245863,-0.614602048857368,1.401103230890465,1.4893617021276595,6.869976359338062,1800.0,2360.0,0.0070921985815602835,0.4799054373522459,0.5130023640661938,0.06962606102317045,0.3633860977288369,0.33287451250286765,0.23411332874512503,0.5152671755725191
489,842.705654531371,2.1409759876065064,6.777691711851278,12.321456235476376,1618.2579395817195,3.7629357087529045,1.0224632068164214,1.1185127807900852,7.748257164988381,1710.0,2220.0,0.061192873741285826,0.47714949651433,0.4616576297443842,0.07947615715285414,0.4524642607217835,0.29171248625412377,0.17634709587123862,0.5224312590448625
490,852.5253671562083,1.6255006675567423,6.491989319092123,12.287716955941255,1610.9966622162883,-0.015534045393858505,0.8404539385847797,0.7850467289719626,7.251668891855807,1676.5,2178.3,0.012016021361815754,0.4712950600801068,0.5166889185580774,0.061953419865598824,0.32587682960508146,0.36113412501150693,0.2510356255178128,0.4829568788501027
491,813.8356299212599,3.454724409448819,7.40255905511811,13.336614173228346,1664.1574803149606,-0.5875295275590552,1.6289370078740157,1.8257874015748032,7.1387795275590555,1760.5,2387.5,0.007874015748031496,0.48720472440944884,0.5049212598425197,0.08368950778988005,0.4279608437887771,0.2683027712670619,0.22004687715428098,0.5284900284900285
492,809.608214849921,2.093996840442338,6.925750394944708,12.776461295418642,1571.480252764613,3.3903554502369664,1.0015797788309637,1.0924170616113744,7.4281200631911535,1669.0,2150.0,0.053712480252764615,0.5031595576619273,0.4431279620853081,0.08177371331348363,0.38462356444066353,0.33198638877073583,0.20161633347511698,0.5216899283289325
493,842.777027027027,2.245945945945946,6.277027027027027,11.610810810810811,1688.620945945946,-1.0517094594594594,1.1858108108108107,1.0601351351351351,7.326351351351351,1805.5,2330.0,0.00472972972972973,0.4831081081081081,0.5121621621621621,0.059669833072028035,0.3463985981739371,0.327400166005718,0.2665314027483169,0.4720216606498195
494,864.6757215619695,2.8174872665534805,6.087436332767402,11.602716468590831,1678.9855687606112,-0.44247028862478777,1.4219015280135823,1.3955857385398982,7.078098471986418,1849.5,2312.9999999999995,0.011035653650254669,0.46774193548387094,0.5212224108658744,0.07519788918205805,0.38966178939793716,0.32969537059246823,0.20544495082753658,0.4953299186501958
495,809.7141509433962,1.8858490566037736,7.107547169811321,13.021698113207547,1556.9056603773586,4.297358490566038,0.9462264150943396,0.939622641509434,7.628301886792453,1675.5,2120.0,0.05188679245283019,0.5066037735849057,0.44150943396226416,0.07667573583972298,0.4036606480336384,0.33860994311155085,0.18105367301508782,0.49824912456228115
496,855.3364548494983,1.9832775919732442,5.917725752508361,11.081605351170568,1689.341806020067,-1.4260802675585287,1.0193979933110369,0.9638795986622074,6.8822742474916385,1840.0,2270.0,0.0,0.47224080267558527,0.5277591973244147,0.05841189619982506,0.27232967246574014,0.39391583244241424,0.2753425988920206,0.48600337268128163
497,821.963026655202,2.473774720550301,7.743766122098022,13.910576096302666,1580.6870163370593,-0.5613671539122957,1.1470335339638864,1.3267411865864145,7.152192605331041,1650.0,2230.8,0.009458297506448839,0.5184866723989682,0.472055030094583,0.07369559990382303,0.39648954075498916,0.30536186583313296,0.2244529935080548,0.5363225582203685
498,832.4854740061162,2.72782874617737,6.401376146788991,11.76223241590214,1647.0886850152906,3.9513455657492353,1.2767584097859328,1.4510703363914372,7.469418960244648,1771.0,2290.3,0.05198776758409786,0.48394495412844035,0.46406727828746175,0.07533265097236438,0.3842374616171955,0.3301944728761515,0.21023541453428865,0.5319506726457399
499,852.7886497064579,2.0665362035225048,5.90150032615786,11.084148727984344,1669.0417482061318,-0.7101891715590346,1.0339204174820613,1.0326157860404437,7.266797129810828,1827.0,2220.0,0.007175472928897586,0.4233529028049576,0.5694716242661448,0.06086175942549372,0.339048473967684,0.34416517055655294,0.2559245960502693,0.4996843434343434
500,844.698314108252,2.0825199645075423,6.326530612244898,11.989352262644188,1654.5714285714287,-1.2813398402839395,1.0771960958296363,1.005323868677906,7.240461401952085,1788.0,2274.0,0.00354924578527063,0.4951197870452529,0.5013309671694764,0.07267156862745099,0.4134803921568627,0.31924019607843135,0.1946078431372549,0.4827439284192586
501,806.4257620452311,2.43756145526057,7.160275319567355,13.174041297935103,1570.904621435595,2.163598820058997,1.2005899705014749,1.2369714847590954,7.423795476892822,1650.0,2154.0,0.043264503441494594,0.5024582104228122,0.45427728613569324,0.09112582781456954,0.40066225165562913,0.30529801324503314,0.2029139072847682,0.5074626865671642
502,860.052599009901,1.3254950495049505,6.09220297029703,11.623762376237623,1618.772896039604,-0.6571349009900991,0.655940594059406,0.6695544554455446,6.938737623762377,1760.0,2160.0,0.006806930693069307,0.4907178217821782,0.5024752475247525,0.058592704896102736,0.30241683759921517,0.35325069116204405,0.28573976634263804,0.5051353874883286
503,854.0694087403599,2.79777206512425,6.107112253641817,11.520994001713795,1662.1491002570694,-0.2719537275064267,1.3024850042844902,1.4952870608397602,7.420736932305056,1809.0,2290.0,0.00856898029134533,0.46186803770351326,0.5295629820051414,0.07078521939953811,0.4197459584295612,0.30484988452655887,0.2046189376443418,0.5344563552833078
504,839.1480620155039,2.2131782945736433,6.555813953488372,11.590697674418605,1615.137984496124,4.048193798449613,1.0224806201550387,1.1906976744186046,7.577519379844961,1749.0,2150.1000000000004,0.06201550387596899,0.4697674418604651,0.4682170542635659,0.07846547314578005,0.3849616368286445,0.35478260869565215,0.18179028132992328,0.5380035026269703
505,844.1007092198581,1.5765957446808512,6.028368794326241,11.38368794326241,1657.8156028368794,0.40024822695035456,0.7716312056737589,0.8049645390070922,7.29645390070922,1785.0,2210.0,0.014184397163120567,0.4716312056737589,0.5141843971631206,0.06172239502332815,0.32562208398133746,0.36469673405909797,0.24795878693623638,0.5105713000449843
506,832.2814479638009,2.521266968325792,6.817194570135746,13.14841628959276,1591.762895927602,-1.2532036199095022,1.188235294117647,1.3330316742081447,7.246153846153846,1688.0,2200.6,0.0036199095022624436,0.5212669683257919,0.4751131221719457,0.0713126014737105,0.3767953041089047,0.3412014487323592,0.2106906456850256,0.5287150035893754
507,837.5516693163752,1.8314785373608904,6.426868044515103,12.038155802861684,1582.2885532591415,4.678823529411765,0.848966613672496,0.9825119236883942,7.3147853736089035,1662.0,2121.5,0.06756756756756757,0.505564387917329,0.42686804451510335,0.08106933275374918,0.4019778309063247,0.3109106715931319,0.20604216474679418,0.5364583333333334
508,853.1256732495511,1.8988629563135846,5.821065230400958,10.915619389587073,1684.9760622381807,0.02567324955116695,0.9437462597247157,0.9551166965888689,7.124476361460204,1860.0,2230.0,0.010173548773189706,0.4548174745661281,0.5350089766606823,0.05375892482150357,0.28047039059218815,0.3757244855102898,0.2900461990760185,0.5029940119760479
509,833.9902222222222,1.6675555555555555,6.776,12.878222222222222,1578.9857777777777,-0.42215111111111114,0.7937777777777778,0.8737777777777778,7.694222222222222,1667.0,2168.4,0.008,0.5102222222222222,0.4817777777777778,0.07024029574861368,0.4567929759704251,0.29390018484288355,0.17906654343807762,0.5239872068230277
510,814.3452380952381,2.127551020408163,6.812074829931973,12.853741496598639,1576.6360544217687,2.7705357142857143,0.9523809523809523,1.1751700680272108,7.614795918367347,1650.0,2197.0,0.04931972789115646,0.5093537414965986,0.4413265306122449,0.08542713567839195,0.41529871580122835,0.3231714126186488,0.17610273590173087,0.5523581135091926
511,835.36,2.21,5.770714285714286,10.942142857142857,1686.2957142857142,-0.8070857142857143,1.1442857142857144,1.0657142857142856,6.941428571428571,1829.0,2240.1000000000004,0.005,0.4878571428571429,0.5071428571428571,0.06256431364478288,0.3352541675241819,0.3202305001029018,0.2819510187281334,0.48222365869424694
512,816.1844512195122,2.2644817073170733,6.7301829268292686,12.817073170731707,1589.0358231707316,-0.44178353658536595,1.1120426829268293,1.1524390243902438,7.084603658536586,1667.0,2150.0,0.007621951219512195,0.5251524390243902,0.46722560975609756,0.06863905325443787,0.3827864443249059,0.33028509951586876,0.21828940290478752,0.5089195557051498
513,804.842287694974,2.3890814558058926,7.107452339688042,13.00259965337955,1565.8570190641249,2.1411871750433273,1.1377816291161178,1.2512998266897748,7.712305025996534,1645.0,2130.0,0.0389948006932409,0.511265164644714,0.44974003466204504,0.07786516853932585,0.4314606741573034,0.30157303370786515,0.18910112359550563,0.5237577076532463
514,860.3630991464215,1.9783322390019698,5.953381483913329,11.035456336178594,1664.5508864084045,-0.833381483913329,0.9625738673670388,1.015758371634931,7.033486539724229,1819.0,2170.0,0.007222586999343401,0.4583059750492449,0.5344714379514117,0.05843913368185213,0.28762135922330095,0.37789395070948467,0.2760455563853622,0.5134417524062397
515,833.341856060606,1.696969696969697,7.111742424242424,12.99810606060606,1594.2339015151515,-1.0279734848484847,0.8607954545454546,0.8361742424242424,7.586174242424242,1710.0,2145.0,0.006628787878787879,0.5113636363636364,0.48200757575757575,0.07439770315815754,0.41630258394707276,0.3389090001248284,0.17039071276994133,0.4927455357142857
516,811.53264604811,1.7998281786941581,6.756013745704467,12.289518900343642,1601.6443298969073,3.6824570446735394,0.8788659793814433,0.9209621993127147,7.472508591065292,1700.0,2177.0000000000005,0.059278350515463915,0.43986254295532645,0.5008591065292096,0.09059553920441481,0.3774430903656013,0.3465164405610485,0.18544492986893538,0.5116945107398568
517,834.6958224543081,1.5966057441253263,6.276109660574413,11.552872062663186,1643.650130548303,1.2417167101827675,0.860313315926893,0.7362924281984334,7.106396866840731,1780.0,2180.0,0.018276762402088774,0.4497389033942559,0.5319843342036553,0.057959033709929275,0.29301001194084686,0.3663084412602186,0.28272251308900526,0.46116107931316436
518,839.7859477124183,1.7859477124183007,6.8504901960784315,12.479575163398692,1632.3464052287582,-0.03169117647058825,0.8684640522875817,0.9174836601307189,7.062091503267974,1730.0,2190.0,0.00980392156862745,0.5147058823529411,0.47549019607843135,0.07184173993521518,0.3655714946783896,0.33294770939379914,0.22963905599259601,0.5137236962488564
519,816.7451886066204,1.8275596612779061,6.4056966897613545,12.257120862201694,1592.9668976135488,4.839422632794457,0.8775981524249422,0.9499615088529638,7.75211701308699,1675.0,2160.0,0.08545034642032333,0.4880677444187837,0.426481909160893,0.07358490566037736,0.4516385302879841,0.2936444885799404,0.1811320754716981,0.5197978096040438
520,843.5113031914893,1.5970744680851063,5.8337765957446805,10.851063829787234,1671.5418882978724,-0.5374601063829787,0.7726063829787234,0.824468085106383,7.198803191489362,1810.0,2190.0,0.00997340425531915,0.43550531914893614,0.5545212765957447,0.06151288445552785,0.32714510021243187,0.36639881777038885,0.24494319756165142,0.5162364696086594
521,818.5609532538955,3.53987167736022,6.782768102658112,12.7057745187901,1624.0999083409715,-0.9646929422548122,1.703941338221815,1.8359303391384052,7.0192483959670025,1750.0,2218.0,0.00458295142071494,0.5022914757103575,0.4931255728689276,0.07861060329067641,0.42739618699399323,0.2652128493079133,0.2287803604074171,0.5186431900569654
522,830.7301587301587,1.8587301587301588,6.658730158730159,11.952380952380953,1607.70873015873,3.2883968253968257,0.9293650793650794,0.9293650793650794,7.625396825396826,1710.0,2150.0,0.046031746031746035,0.48095238095238096,0.473015873015873,0.08201498751040799,0.3883222314737719,0.33045378850957535,0.1992089925062448,0.5
523,864.5701871657755,1.8850267379679144,5.746657754010696,10.434491978609625,1720.359625668449,-1.1461965240641712,0.94451871657754,0.9405080213903744,7.324197860962567,1900.0,2265.0,0.002005347593582888,0.44786096256684493,0.5501336898395722,0.057406224331477594,0.34516747284840743,0.3295610112257005,0.2678652915944145,0.498936170212766
524,877.2078239608802,2.0383048084759574,6.819070904645477,12.378973105134474,1608.8932355338222,-0.8161369193154034,0.9453952730236349,1.0929095354523228,7.102689486552567,1712.0,2130.0,0.0057049714751426246,0.4930725346373268,0.5012224938875306,0.0699942627653471,0.3815261044176707,0.33138267355134826,0.21709695926563397,0.5361855257896841
525,821.9165885660731,2.11340206185567,6.0749765698219305,11.24742268041237,1591.0421743205247,5.802305529522025,1.022492970946579,1.0909090909090908,7.942830365510778,1720.0,2110.0,0.07216494845360824,0.4639175257731959,0.4639175257731959,0.08330383480825959,0.416047197640118,0.3233038348082596,0.17734513274336283,0.5161862527716187
526,846.6802096985583,1.7044560943643512,5.870249017038008,10.639580602883354,1683.0583224115335,-0.3142005242463958,0.8702490170380078,0.8342070773263434,7.005897771952818,1849.0,2170.0,0.010484927916120577,0.44823066841415465,0.5412844036697247,0.061079412590029,0.27986156580301186,0.38097465157609206,0.2780843700308671,0.48942714340638216
527,839.8522088353413,2.7140562248995983,6.986345381526104,12.448192771084337,1652.2449799196788,-1.1080562248995984,1.2963855421686747,1.4176706827309238,6.959036144578313,1750.0,2250.0,0.001606425702811245,0.4755020080321285,0.5228915662650603,0.06890581717451523,0.3876962142197599,0.3219067405355494,0.22149122807017543,0.5223438887244747
528,834.4559939301972,2.5675265553869497,6.500758725341426,11.77845220030349,1623.45751138088,3.189529590288316,1.1813353566009104,1.3861911987860394,7.516691957511381,1740.0,2160.0,0.05311077389984825,0.45068285280728376,0.496206373292868,0.07368527303926517,0.3901281921873423,0.33420813566165336,0.20197839911173918,0.5398936170212766
529,868.4142287234042,1.5924202127659575,5.26529255319149,9.60372340425532,1724.8045212765958,-0.687247340425532,0.7799202127659575,0.8125,7.327127659574468,1911.0,2180.0,0.007313829787234043,0.39361702127659576,0.5990691489361702,0.05789473684210526,0.33575317604355714,0.3515426497277677,0.25480943738656986,0.5102296450939457
530,856.1111111111111,2.1001683501683504,6.307239057239057,11.226430976430976,1649.8670033670035,-1.0642760942760945,1.0345117845117846,1.0656565656565657,7.369528619528619,1790.0,2140.0,0.005050505050505051,0.4722222222222222,0.5227272727272727,0.0701313535122787,0.4177041690462593,0.31936036550542546,0.19280411193603655,0.5074148296593186
531,811.469450101833,2.6812627291242364,7.029531568228106,12.40224032586558,1623.8910386965376,0.4297861507128309,1.2729124236252545,1.4083503054989817,7.264765784114053,1760.0,2160.0,0.020366598778004074,0.47046843177189407,0.5091649694501018,0.08480515839641155,0.4051023268853378,0.30529857022708157,0.20479394449116906,0.5252563615647551
532,825.6023355869698,1.427781192378611,6.287645974185618,11.549477566072525,1632.519360786724,0.20333743085433315,0.704978488014751,0.7228027043638598,7.051014136447449,1766.0,2170.0,0.01290719114935464,0.4658881376767056,0.5212046711739398,0.05953626220362622,0.301952580195258,0.3532949790794979,0.28521617852161785,0.5062419285406802
533,830.7618270799347,2.407830342577488,6.441272430668842,11.124796084828711,1689.5456769983687,-1.1923980424143557,1.1721044045676998,1.235725938009788,7.267536704730832,1826.0,2213.0,0.0032626427406199023,0.46084828711256115,0.535889070146819,0.06868686868686869,0.41571268237934905,0.31402918069584734,0.2015712682379349,0.5132113821138211
534,836.2588042588043,1.972972972972973,6.5053235053235055,11.415233415233415,1603.2620802620802,4.437215397215398,0.8624078624078624,1.1105651105651106,7.738738738738738,1700.0,2120.0,0.0647010647010647,0.4594594594594595,0.47583947583947583,0.07768017779659223,0.3929516350936607,0.35135993226796486,0.1780082548417822,0.5628891656288917
535,844.5455882352941,1.525,6.150735294117647,11.325735294117647,1650.3029411764705,-1.3175,0.7522058823529412,0.7727941176470589,7.146323529411765,1800.0,2150.0,0.0,0.45441176470588235,0.5455882352941176,0.05864800905442947,0.3219467023356312,0.36742463216380283,0.25198065644613643,0.5067502410800385
536,835.2834839769926,2.4248151191454395,6.666392769104355,12.083812654067378,1635.7814297452753,-1.1367543138866065,1.1495480690221858,1.275267050123254,6.895645028759244,1790.0,2170.0,0.0024650780608052587,0.48726376335250615,0.5102711585866886,0.0723307912297426,0.37047187797902764,0.3433031458531935,0.21389418493803622,0.5259234157912572
537,813.6109399075501,2.274268104776579,7.149460708782743,12.878274268104777,1557.8436055469954,4.076016949152542,1.0932203389830508,1.1810477657935285,7.328197226502311,1677.0,2110.0,0.059322033898305086,0.47996918335901384,0.46070878274268107,0.08063498738435661,0.39550042052144657,0.32169890664423884,0.20216568544995794,0.5193089430894309
538,858.1950182260024,1.6743620899149454,5.482381530984204,9.611786148238153,1726.0911300121506,-0.7455710814094776,0.8207776427703524,0.8535844471445929,7.140947752126367,1890.0,2190.0,0.004860267314702308,0.42831105710814094,0.5668286755771568,0.05351369746469287,0.27556576484600986,0.3796154500595542,0.29130508762974305,0.5097968069666183
539,815.2129934210526,1.8692434210526316,6.623355263157895,11.859375,1615.624177631579,0.41513980263157896,0.9366776315789473,0.9325657894736842,7.462993421052632,1736.0,2120.0,0.013157894736842105,0.5074013157894737,0.47944078947368424,0.06953168044077135,0.4481542699724518,0.29476584022038566,0.1875482093663912,0.4989001319841619
540,806.7890410958904,2.1634703196347034,6.726027397260274,12.122374429223743,1606.516894977169,2.2879360730593605,0.9817351598173516,1.1817351598173516,7.615525114155251,1696.0,2160.0,0.04657534246575343,0.4794520547945205,0.473972602739726,0.08142463125074949,0.3886557141144022,0.34392613023144264,0.1859935244034057,0.5462220346137611
541,813.6425017768302,2.185501066098081,6.551528073916134,12.08955223880597,1613.229566453447,-0.38272921108742003,1.1009239516702203,1.0845771144278606,6.937455579246624,1762.0,2150.0,0.007818052594171997,0.48756218905472637,0.5046197583511016,0.06659153775227948,0.33336748283987294,0.33142096096711404,0.2686200184407335,0.49626016260162603
542,830.4492282696995,1.8058489033306255,7.095857026807473,12.35255889520715,1602.5207148659626,-1.0417140536149472,0.8822095857026807,0.9236393176279447,7.1600324939073925,1720.0,2130.0,0.00487408610885459,0.5329000812347685,0.46222583265637696,0.06977535738597686,0.3897208985704561,0.32221465849784436,0.2182890855457227,0.5114709851551957
543,822.809176984705,2.5243991260014567,6.881281864530226,12.159504734158777,1592.6402039329935,4.605673707210488,1.17115804806992,1.3532410779315367,7.575382374362709,1700.0,2150.0,0.06846321922796796,0.47560087399854334,0.4559359067734887,0.07778098259782713,0.42082492068070376,0.30872031535429284,0.19267378136717622,0.536064627813041
544,857.8698673404928,1.7214150347441566,5.996841440303221,10.977258370183197,1643.6456096020215,0.5430448515476942,0.8420720151610865,0.8793430195830702,7.085912823752369,1804.0,2160.0,0.013897662665824383,0.4510423246999368,0.5350600126342387,0.0636533832575555,0.29517696353748774,0.37443166622091467,0.26673798698404205,0.5108256880733945
545,803.1131178707225,1.711977186311787,7.86596958174905,14.216730038022813,1531.2585551330799,-1.0128326996197718,0.776615969581749,0.935361216730038,7.571292775665399,1589.0,2120.0,0.005703422053231939,0.561787072243346,0.43250950570342206,0.07532956685499058,0.41268047708725675,0.3447583176396736,0.1672316384180791,0.5463631315935591
546,810.0677816901408,1.9982394366197183,7.254401408450704,12.696302816901408,1581.6029929577464,1.8411795774647888,0.8952464788732394,1.1029929577464788,7.216549295774648,1702.5,2140.0,0.040492957746478875,0.5079225352112676,0.4515845070422535,0.08636252744571847,0.3802146865089046,0.343864357160283,0.18955842888509392,0.5519823788546255
547,843.2622533418205,1.75493316359007,6.174411203055379,11.147676639083386,1667.604710375557,-1.1548058561425845,0.8746021642266073,0.8803309993634627,6.7829408020369195,1840.0,2190.0,0.0019096117122851686,0.44621260343730107,0.5518777848504137,0.05442942942942943,0.2819069069069069,0.37509384384384387,0.28856981981981983,0.5016322089227421
548,834.5074862096138,2.2923561859732073,6.66903073286052,11.81639085894405,1637.5311268715525,-1.112876280535855,1.115839243498818,1.1765169424743893,7.1725768321513,1807.0,2140.0,0.0031520882584712374,0.4720252167060678,0.524822695035461,0.06877609316633707,0.35937156668863984,0.33421226104152935,0.23764007910349375,0.5132347885871433
549,799.5258408531583,2.135356849876948,7.326497128794093,12.98605414273995,1549.205906480722,4.5830106644790805,0.92616899097621,1.2091878589007383,7.987694831829368,1673.0,2117.6000000000004,0.06808859721082855,0.4749794913863823,0.45693191140278916,0.07897709766868645,0.4488035329156824,0.30050323508267435,0.17171613433295677,0.5662696888205916
550,819.5541069100391,1.7685788787483703,6.207301173402868,11.38070404172099,1631.30704041721,0.05946544980443286,0.9067796610169492,0.8617992177314211,7.237288135593221,1790.0,2150.0,0.012385919165580182,0.4817470664928292,0.5058670143415906,0.0605296343001261,0.33174202846333994,0.3675013511079085,0.24022698612862547,0.48728345005528934
551,796.6538461538462,2.369047619047619,7.644688644688645,13.744505494505495,1561.9001831501832,-0.7912362637362638,1.0815018315018314,1.2875457875457876,7.107142857142857,1660.5,2160.0,0.00641025641025641,0.5485347985347986,0.44505494505494503,0.07692307692307693,0.4249452390155908,0.2864321608040201,0.2116995232573122,0.5434866640896792
552,789.1721641190668,1.4682220434432824,7.025744167337088,12.591311343523733,1566.7079646017698,1.5316894609814964,0.6983105390185036,0.7699115044247787,7.439259855189059,1699.0,2100.0,0.038616251005631534,0.5148833467417538,0.4465004022526146,0.07991781118200497,0.38704444684762623,0.3367578674164594,0.19627987455390938,0.5243835616438356
553,817.241638225256,1.647098976109215,5.825938566552901,10.622525597269625,1681.8225255972695,-0.6833993174061433,0.8300341296928327,0.8170648464163822,7.520136518771331,1860.0,2190.0,0.0034129692832764505,0.4552901023890785,0.5412969283276451,0.057365889080511934,0.33702459834800763,0.33176000726150495,0.2738495053099755,0.49606299212598426
554,802.8760035682426,1.9571810883140053,7.584299732381802,13.335414808206957,1572.5245316681535,-0.1858965209634255,0.9241748438893844,1.0330062444246209,7.213202497769848,1715.0,2130.0,0.01159678858162355,0.5156110615521855,0.4727921498661909,0.07556270096463022,0.4057630472421469,0.3203067029433589,0.19836754884986396,0.5278030993618961
555,762.8806479113384,1.5618073316283034,7.608695652173913,13.597612958226769,1512.9607843137255,3.029173060528559,0.7297527706734868,0.8320545609548167,8.07161125319693,1588.0,2090.0,0.06223358908780904,0.5328218243819267,0.40494458653026427,0.0815378115758344,0.4086396282213773,0.3449514152936206,0.1648711449091677,0.5327510917030568
556,817.3924936386768,1.3854961832061068,6.672391857506361,12.26208651399491,1593.4325699745548,-0.02078880407124686,0.6851145038167938,0.700381679389313,6.796437659033079,1730.0,2120.0,0.010814249363867684,0.5025445292620865,0.4866412213740458,0.05915387495320105,0.2819168850617746,0.3863721452639461,0.27255709472107825,0.5055096418732782
557,814.3757225433526,2.3666391412056154,7.449215524360033,13.424442609413708,1587.5499587118084,-1.1858298926507018,1.1271676300578035,1.2394715111478116,6.976878612716763,1700.0,2190.0,0.0016515276630883566,0.5400495458298926,0.458298926507019,0.07054089241330334,0.39270919635459817,0.3083205113031128,0.22842939992898567,0.5237264480111654
558,806.3866256725596,2.11837048424289,6.9646425826287475,12.43120676402767,1597.6671790930054,3.012644119907763,0.9838585703305149,1.1345119139123752,7.578016910069177,1696.0,2170.0,0.04842428900845504,0.49116064565718676,0.46041506533435816,0.07556547317172127,0.3898975555330155,0.33370524393954765,0.20083172735571558,0.5355587808417998
559,829.0814182534472,1.2961260669730794,5.971766250820749,11.064346684175968,1651.8351936966515,0.5461260669730794,0.6539724228496389,0.6421536441234406,7.355219960604071,1824.0,2150.0,0.017071569271175313,0.45699277741300065,0.525935653315824,0.06025709694697375,0.3422603106588109,0.35234779503660063,0.2451347973576147,0.49544072948328266
560,815.1429848078642,1.9749776586237713,6.93923145665773,12.3047363717605,1631.615728328865,-1.2847184986595173,0.9910634495084897,0.9839142091152815,7.4066130473637175,1750.0,2186.0,0.0035746201966041107,0.47631814119749777,0.5201072386058981,0.07118725868725868,0.41590250965250963,0.32890926640926643,0.18400096525096524,0.4981900452488688
561,786.6210335448776,2.2456935630099726,7.5548504079782415,13.329102447869447,1575.3581142339076,3.490290117860381,1.073436083408885,1.1722574796010878,7.457842248413418,1650.0,2200.0,0.04986400725294651,0.49501359927470534,0.4551223934723481,0.09469973255531243,0.4011670313639679,0.30342815463165573,0.20070508144906393,0.5220024222850222
562,829.205625,1.225,6.66125,12.26625,1604.77875,0.031818750000000014,0.643125,0.581875,7.11875,1726.0,2140.0,0.013125,0.505,0.481875,0.06066725197541703,0.3064091308165057,0.3553116769095698,0.27761194029850744,0.475
563,815.1960623461854,2.5553732567678424,6.737489745693191,12.193601312551271,1679.659557013946,-1.0933962264150943,1.1730926989335522,1.3822805578342905,7.330598851517637,1825.0,2286.0,0.004101722723543888,0.49302707136997537,0.5028712059064807,0.06882273948075202,0.4102506714413608,0.32553715308863024,0.19538943598925693,0.5409309791332263
564,797.830255057168,1.4388742304309587,7.0958663148636765,12.560246262093228,1575.2145998240985,2.337528583992964,0.6912928759894459,0.7475813544415127,7.550571679859279,1698.0,2130.0,0.040457343887423045,0.5127528583992964,0.4467897977132806,0.07885847408270238,0.37623762376237624,0.3595806639487478,0.18532323820617355,0.519559902200489
565,804.9342657342658,1.43006993006993,6.578321678321679,11.93986013986014,1623.4965034965035,0.674055944055944,0.7419580419580419,0.6881118881118881,7.16013986013986,1769.0,2170.0,0.014685314685314685,0.4797202797202797,0.5055944055944056,0.06250610411172966,0.32981736497704855,0.36693036429338804,0.24074616661783377,0.4811735941320293
566,805.5452261306533,1.9581239530988275,7.030988274706868,12.546901172529314,1633.255443886097,-1.003710217755444,0.9614740368509213,0.9966499162479062,7.067839195979899,1749.0,2254.2000000000003,0.005862646566164154,0.5050251256281407,0.48911222780569513,0.0719279535489987,0.3722004976892997,0.351463443535964,0.20440810522573766,0.5089820359281437
567,807.6759608138659,2.145440844009043,6.284099472494348,11.596081386586285,1611.3021853805576,4.806759608138658,1.0007535795026374,1.1446872645064055,7.188394875659382,1775.0,2162.6000000000004,0.07385079125847777,0.44762622456669177,0.47852298417483047,0.08460006289967502,0.39993710032498164,0.3079987420064996,0.2074640947688437,0.533544081489287
568,845.8106617647059,1.5790441176470589,5.525122549019608,9.795343137254902,1719.9276960784314,0.4876960784313725,0.8045343137254902,0.7745098039215687,7.237132352941177,1886.0,2230.0,0.014093137254901961,0.44424019607843135,0.5416666666666666,0.054356108712217424,0.2744052154770976,0.3853187706375413,0.2859199051731437,0.4904928211098176
569,815.3880972338642,1.6781223805532273,7.06035205364627,12.718357082984074,1589.707460184409,-0.4304274937133277,0.7619446772841576,0.9161777032690696,7.628667225481978,1755.0,2130.0,0.009220452640402346,0.501257334450964,0.4895222129086337,0.06592682122843643,0.458301285573014,0.29952752444786285,0.17624436875068675,0.545954045954046
570,802.9926047658175,2.2317173377156942,6.8504519309778145,12.696795398520953,1586.3188167625308,1.6863023829087922,1.018898931799507,1.2128184059161873,7.721446179129006,1740.0,2190.0,0.041084634346754315,0.5078060805258833,0.45110928512736237,0.08226029583909758,0.4132169841438757,0.3267000106416942,0.17782270937533257,0.5434462444771723
571,816.8593634344929,2.376757957068838,6.062176165803109,11.049592894152479,1670.980754996299,-0.6556550703182827,1.15099925980755,1.225758697261288,7.1584011843079205,1840.0,2202.0,0.0051813471502590676,0.4463360473723168,0.5484826054774241,0.06421259435425498,0.33584944679971046,0.33605625064626204,0.2638817081997725,0.5157271877919651
572,822.683774834437,2.3269867549668874,6.605960264900662,11.831953642384105,1642.5322847682119,-0.5730463576158941,1.0521523178807948,1.2748344370860927,7.378311258278146,1780.0,2220.0,0.009933774834437087,0.46771523178807944,0.5223509933774835,0.07023448894872658,0.39683608212722987,0.3320991809716145,0.20083024795242904,0.5478477410174315
573,824.2879668049793,2.819087136929461,6.409958506224067,11.691286307053941,1608.7452282157676,4.165792531120331,1.3526970954356847,1.4663900414937758,7.736929460580913,1755.0,2140.0,0.06639004149377593,0.46307053941908716,0.4705394190871369,0.07808645285852193,0.42893918266652364,0.31320390432264295,0.1797704601523115,0.5201648513394171
574,855.7969052224371,1.4087685364281108,6.068987749838814,11.18375241779497,1633.24306898775,0.41272082527401677,0.720180528691167,0.688588007736944,7.158607350096712,1800.0,2130.0,0.013539651837524178,0.46421663442940037,0.5222437137330754,0.0597135909213726,0.2964063766549581,0.3773754841033955,0.2665045483202738,0.48878718535469107
575,836.8245454545455,2.07,6.831818181818182,12.785454545454545,1589.7718181818182,-0.38223636363636365,1.0136363636363637,1.0563636363636364,7.444545454545454,1723.0,2120.0,0.005454545454545455,0.5263636363636364,0.4681818181818182,0.07375747954573209,0.41238246428135306,0.3427768958358774,0.1710831603370375,0.510320597277119
576,812.9507640067911,2.1816638370118846,7.196943972835314,12.909168081494057,1564.522920203735,3.3914431239388794,0.9991511035653651,1.1825127334465195,7.33786078098472,1693.5,2152.9999999999995,0.05263157894736842,0.50169779286927,0.4456706281833616,0.08815363257751041,0.3673068024062934,0.36441462285978715,0.18012494215640906,0.5420233463035019
577,827.4815498154982,1.7257072570725707,6.337638376383764,11.20110701107011,1658.068880688807,1.6039052890528904,0.8585485854858549,0.8671586715867159,6.884378843788438,1838.5,2170.0,0.023985239852398525,0.45694956949569493,0.5190651906519065,0.057620153653743074,0.2964981239949973,0.36233696623191,0.28354475611934965,0.5024946543121882
578,845.6092307692307,2.6784615384615384,6.716153846153846,12.015384615384615,1630.2615384615385,-1.4684846153846154,1.27,1.4084615384615384,7.035384615384616,1790.0,2160.0,0.0,0.5038461538461538,0.49615384615384617,0.0652744369123114,0.35272250164006125,0.3566586485895473,0.22534441285808005,0.525847214244687
579,805.9022556390977,1.760233918128655,7.576441102756892,13.743525480367586,1525.4778613199667,2.3396908939014205,0.8262322472848789,0.934001670843776,7.902255639097745,1620.0,2100.0,0.04594820384294068,0.5221386800334169,0.4319131161236424,0.08045247912041442,0.43852415688762025,0.3112379744159002,0.16978538957606512,0.5306122448979592
580,850.0625,2.1471774193548385,6.372311827956989,11.311155913978494,1650.130376344086,-0.10847446236559137,1.0813172043010753,1.0658602150537635,7.32258064516129,1824.5,2190.0,0.012096774193548387,0.45631720430107525,0.5315860215053764,0.060480910425844345,0.32929515418502203,0.37031938325991187,0.23990455212922174,0.49640062597809076
581,807.9036363636363,2.849090909090909,8.088181818181818,14.22,1548.1136363636363,-1.4017636363636363,1.3709090909090909,1.4781818181818183,7.166363636363636,1640.0,2140.1,0.0009090909090909091,0.5390909090909091,0.46,0.0768742864391729,0.4297856146137257,0.2734999365723709,0.21984016237473042,0.5188257817485641
582,814.6808675445391,2.4523625096824166,7.065065840433772,12.683965917893106,1570.1549186676993,2.55429899302866,1.238574748257165,1.2137877614252517,7.587916343919442,1685.0,2120.0,0.042602633617350893,0.4988381099922541,0.458559256390395,0.07758268681094324,0.38913842384646796,0.33207431604736626,0.20120457329522254,0.49494630448515475
583,825.334191886671,2.43915003219575,6.27237604636188,11.361880231809401,1661.5009658725048,0.29818415969092077,1.1551835157759176,1.2839665164198326,7.3786220218931104,1822.0,2210.0,0.013522215067611075,0.47070186735350933,0.5157759175788796,0.06178549611658958,0.342263722837944,0.3328388166506676,0.26311196439479884,0.5263991552270327
584,851.2398648648649,2.0692567567567566,6.944256756756757,12.472972972972974,1597.668918918919,-0.08548986486486489,0.9898648648648649,1.0793918918918919,7.121621621621622,1740.0,2136.3,0.009290540540540541,0.5219594594594594,0.46875,0.07447817836812144,0.38674098671726753,0.34048861480075904,0.198292220113852,0.5216326530612245
585,806.5904920767306,1.933277731442869,6.841534612176814,12.707256046705588,1536.9699749791494,5.686572143452877,0.9232693911592994,1.0100083402835696,7.918265221017514,1623.0,2110.0,0.0725604670558799,0.49291075896580483,0.43452877397831524,0.0811038550663577,0.4241626290288603,0.33652833368443225,0.15820518222034968,0.5224331320103538
586,841.7831482691051,2.052253429131287,5.775963422599608,10.918354016982365,1657.8125408229914,-1.2624363161332461,1.0352710646636185,1.016982364467668,6.865447419986936,1790.0,2180.0,0.0013063357282821686,0.47811887655127366,0.5205747877204442,0.05908096280087528,0.2749500523261345,0.3872133954904386,0.2787555893825516,0.4955442393380013
587,825.8636363636364,2.873205741626794,7.2304625199362045,13.318181818181818,1595.8867623604465,-0.2094657097288677,1.365231259968102,1.5079744816586922,7.026315789473684,1730.0,2229.1000000000004,0.007974481658692184,0.5031897926634769,0.48883572567783096,0.07184201566224038,0.3777096810804676,0.3188060379071615,0.23164226535013052,0.5248404107688037
588,823.0645161290323,2.9890029325513194,6.939882697947214,12.705278592375366,1587.409090909091,2.509560117302053,1.4442815249266863,1.5447214076246334,7.726539589442815,1700.0,2170.0,0.0469208211143695,0.5058651026392962,0.4472140762463343,0.07628807287218901,0.38960053135971157,0.33617990321662394,0.19793149255147546,0.5168015697817022
589,860.3088334457182,2.050573162508429,6.0128118678354685,10.707349966284559,1673.453809844909,1.0613216453135537,0.9804450438300741,1.0701281186783547,7.458530006743088,1815.0,2210.0,0.01753202966958867,0.4524612272420769,0.5300067430883345,0.058222583853177835,0.3373112738450411,0.34852183346894494,0.2559443088328361,0.5218678066425518
590,796.0988074957411,2.6252129471890973,6.8645655877342415,12.276831345826235,1619.572402044293,-1.106839863713799,1.233390119250426,1.3918228279386713,7.152470187393527,1746.0,2150.0,0.0034071550255536627,0.49148211243611584,0.5051107325383305,0.0722877218054067,0.4121710134571871,0.3348815052995117,0.18065975943789447,0.5301752109020117
591,802.3324764353042,3.622107969151671,6.627249357326479,12.025706940874036,1613.8431876606685,4.444361610968294,1.7583547557840618,1.8637532133676094,7.184233076263925,1750.0,2210.0,0.054841473864610114,0.4370179948586118,0.508140531276778,0.08432729007633588,0.40565362595419846,0.3033158396946565,0.20670324427480916,0.5145493257629524
592,818.6745341614907,1.8944099378881987,5.845962732919254,10.90248447204969,1652.5229813664596,0.5733229813664596,0.9664596273291925,0.9279503105590062,7.214285714285714,1810.0,2160.0,0.02111801242236025,0.44782608695652176,0.531055900621118,0.06069737408523461,0.3061558329746018,0.36013775290572536,0.2730090400344382,0.4898360655737705
593,829.9439002671415,2.614425645592164,6.982190560997329,12.552092609082814,1623.7631344612644,-1.0711308993766697,1.1656277827248442,1.4487978628673197,7.472840605520926,1794.0,2180.0,0.003561887800534283,0.5129118432769367,0.4835262689225289,0.07292659675881792,0.42564346997140134,0.30946139180171595,0.19196854146806483,0.5541553133514986
594,851.6524822695036,2.3947990543735225,6.863672182821119,12.45705279747833,1571.3041765169426,3.774799054373523,1.1386918833727344,1.256107171000788,7.710007880220646,1680.0,2160.0,0.062253743104806934,0.4672970843183609,0.47044917257683216,0.07890433360588717,0.3893090760425184,0.356909239574816,0.1748773507767784,0.5245146429746628
595,847.1423487544484,2.222775800711744,6.044839857651246,11.1644128113879,1640.1758007117437,1.6372099644128113,1.0797153024911033,1.1430604982206405,7.43202846975089,1800.0,2186.0000000000014,0.025622775800711744,0.44270462633451957,0.5316725978647687,0.06493009002106877,0.32876843516567705,0.3610419459873587,0.2452595288258954,0.5142491194364394
596,828.8217905405405,3.407939189189189,6.117398648648648,11.809966216216216,1670.2491554054054,-1.0960472972972972,1.6714527027027026,1.7364864864864864,7.206925675675675,1833.5,2310.0,0.002533783783783784,0.4847972972972973,0.512668918918919,0.07359662486815892,0.36845189265205675,0.3447790929333177,0.21317238954646667,0.509541511771995
597,827.2313927781872,3.5210022107590273,6.442888725128961,11.833456153279293,1618.3787767133383,4.016742815033162,1.6293294030950627,1.8916728076639646,7.319823139277819,1748.0,2174.000000000001,0.061164333087693444,0.4524686809137804,0.4863669859985262,0.07772072888351958,0.39363737038155644,0.32618544246451225,0.20245645827041175,0.5372540812055253
598,842.9705702023299,2.158185162477008,5.466584917228694,10.094420600858369,1712.9950950337216,0.15827713059472717,1.049662783568363,1.108522378908645,7.290006131207848,1880.0,2230.0,0.012262415695892091,0.437155119558553,0.5505824647455548,0.05172413793103448,0.2751892346509672,0.3813288477712363,0.29175777964676197,0.5136363636363637
599,836.31583403895,2.6206604572396275,5.952582557154954,11.076206604572397,1687.718882303133,0.23196443691786617,1.2870448772226926,1.3336155800169347,7.7214225232853515,1852.0,2260.0,0.010160880609652836,0.48687552921253174,0.5029635901778154,0.06524838249808093,0.46057681763351244,0.29729136966772673,0.1768834302006799,0.5088852988691438
600,843.4380097879282,3.1109298531810765,6.781402936378466,12.199836867862969,1615.3792822185972,2.902553017944535,1.4845024469820554,1.6264274061990212,7.8164763458401305,1716.5,2210.0,0.052202283849918436,0.4910277324632953,0.4567699836867863,0.07857664614421371,0.40884900344359804,0.33674214755295834,0.17583220285922987,0.5228106974305191
601,869.1435750179469,2.719310839913855,5.758793969849246,10.16367552045944,1719.7106963388371,-0.4355778894472362,1.3747307968413496,1.3445800430725054,7.1457286432160805,1890.0,2240.0,0.007896625987078248,0.43431442928930364,0.5577889447236181,0.06268836648583484,0.33353425758489047,0.3324291742013261,0.27134820172794855,0.4944561774023231
602,857.8710407239819,2.4871794871794872,6.171945701357466,11.426093514328809,1670.0482654600303,-1.00736802413273,1.2164404223227752,1.2707390648567118,7.089743589743589,1790.0,2233.0,0.004524886877828055,0.46003016591251883,0.5354449472096531,0.06626954579300075,0.38081055206892883,0.3448569301138177,0.20806297202425275,0.510915706488781
603,819.0864291129643,2.984078847611827,6.538286580742987,11.893858984078848,1616.1106899166034,3.339037149355572,1.4799090219863533,1.5041698256254739,7.745261561789234,1750.0,2180.0,0.058377558756633814,0.4829416224412434,0.4586808188021228,0.07527407987470634,0.4257047768206735,0.30599060297572434,0.19303054032889586,0.5040650406504065
604,849.5133030499676,1.709279688513952,5.745619727449708,10.593121349772876,1666.597014925373,0.9236080467229072,0.854639844256976,0.854639844256976,7.264114211550941,1829.0,2150.0,0.01946787800129786,0.44127190136275146,0.5392602206359507,0.06056816151509738,0.29631945685188493,0.38082901554404147,0.26228336608897623,0.5
605,821.6432015429123,2.132111861137898,7.506268081002893,13.75506268081003,1591.963355834137,-0.8371552555448409,1.021215043394407,1.1108968177434908,7.715525554484088,1667.0,2220.0,0.007714561234329798,0.5178399228543876,0.47444551591128253,0.07336582927134108,0.4209473815773028,0.3342082239720035,0.1714785651793526,0.5210312075983717
606,835.636803874092,2.7021791767554477,6.58999192897498,11.95318805488297,1615.314769975787,3.56230024213075,1.1969330104923326,1.5052461662631154,7.522195318805489,1740.0,2170.0,0.05488297013720742,0.4705407586763519,0.4745762711864407,0.0825107296137339,0.3736051502145923,0.36373390557939916,0.18015021459227468,0.5570489844683393
607,836.6488888888889,1.8844444444444444,6.090793650793651,11.144126984126984,1639.7060317460318,2.3922158730158727,0.954920634920635,0.9295238095238095,7.1257142857142854,1790.0,2170.0,0.02158730158730159,0.4552380952380952,0.5231746031746032,0.06005524369598147,0.2922569722890493,0.36514300989040366,0.28254477412456563,0.49326145552560646
608,839.3305084745763,2.214175654853621,6.780431432973806,12.2095531587057,1655.8744221879815,-0.982673343605547,1.1510015408320493,1.0631741140215716,7.167950693374422,1810.0,2230.3,0.003852080123266564,0.5,0.49614791987673346,0.06438091143594153,0.3517841788478074,0.3422184006878762,0.2416165090283749,0.4801670146137787
609,804.9496805111821,2.237220447284345,7.186102236421725,13.136581469648561,1552.1661341853035,5.380774760383386,1.0015974440894568,1.2356230031948883,7.714057507987221,1597.0,2130.0,0.0742811501597444,0.4936102236421725,0.43210862619808305,0.08003727479809485,0.45040381031269416,0.29540277490163597,0.17415613998757506,0.5523027490182078
610,818.2489683631362,1.65818431911967,6.0928473177441544,11.286107290233838,1644.1292984869326,0.4471389270976616,0.8404401650618982,0.8177441540577717,7.367950481430537,1780.0,2177.0000000000005,0.011691884456671253,0.4580467675378267,0.5302613480055021,0.057313544291981704,0.3209185102212265,0.3727247269672361,0.2490432185195557,0.4931563666528411
611,826.156914893617,3.0789007092198584,6.675531914893617,12.11436170212766,1690.3927304964539,-1.061418439716312,1.4104609929078014,1.6684397163120568,7.25886524822695,1829.5,2310.0,0.005319148936170213,0.4929078014184397,0.50177304964539,0.0759648265754763,0.4209819247679531,0.29531021006350755,0.207743038593063,0.5418946156061042
612,818.0522331566995,1.6729750189250567,6.752460257380772,12.431491294473883,1587.9825889477668,2.946525359576079,0.7842543527630583,0.8887206661619985,7.623769871309614,1730.0,2120.0,0.05526116578349735,0.4761544284632854,0.46858440575321725,0.07804587429252309,0.3962863667957502,0.32856717307119454,0.19710058584053222,0.5312217194570136
613,843.8652202498356,2.374095989480605,5.518080210387903,10.13740959894806,1711.6180144641683,0.26078238001314924,1.182774490466798,1.1913214990138068,7.409598948060487,1912.0,2230.0,0.008547008547008548,0.41946088099934253,0.571992110453649,0.059006211180124224,0.34232475598935225,0.3333629103815439,0.2653061224489796,0.5018000553863196
614,872.9059205190592,1.8848337388483374,6.7201946472019465,12.16301703163017,1621.8953771289537,-0.06695052716950528,0.8978102189781022,0.9870235198702352,7.329278183292782,1730.0,2170.0,0.008921330089213302,0.5214922952149229,0.46958637469586373,0.07137324333296448,0.3775589244218214,0.3446940356312936,0.20637379661392055,0.5236660929432013
615,782.6176727909011,1.136482939632546,7.951881014873141,14.30883639545057,1504.6859142607175,3.163902012248469,0.4969378827646544,0.6395450568678915,7.724409448818897,1568.0,2100.0,0.05074365704286964,0.510061242344707,0.43919510061242345,0.08313512289047457,0.4072941442972024,0.34579227545588404,0.163778457356439,0.5627405696689761
616,839.6883561643835,1.3342465753424657,6.164383561643835,11.045205479452054,1674.140410958904,-1.3528287671232877,0.6390410958904109,0.6952054794520548,7.138356164383562,1836.5,2181.0000000000014,0.0013698630136986301,0.4657534246575342,0.5328767123287671,0.05632316254077912,0.27787372865093074,0.3949337938975245,0.2708693149107657,0.521047227926078
617,812.8134757600658,2.218570254724733,7.871815940838126,14.313886606409202,1540.9909613804437,-0.3259572719802794,1.0304026294165982,1.1881676253081348,7.158586688578471,1634.0,2160.0,0.009860312243221035,0.5546425636811833,0.4354971240755957,0.06668962350780533,0.3862488521579431,0.32575757575757575,0.22130394857667585,0.5355555555555556
618,805.6323417238749,2.2730739893211287,7.858886346300534,14.026697177726925,1521.933638443936,2.8521586575133484,1.1144164759725401,1.1586575133485888,7.706331045003814,1607.0,2130.0,0.041189931350114416,0.5347063310450039,0.4241037376048818,0.071067999604078,0.38523210927447293,0.3428684549143819,0.2008314362070672,0.5097315436241611
619,823.065057008719,1.5144198524480215,6.9195171026156945,12.940979208584842,1580.7350771294434,-1.332186452045607,0.7323943661971831,0.7820254862508383,7.260898725687458,1709.0,2160.0,0.0026827632461435278,0.5331991951710262,0.4641180415828303,0.05736190652133752,0.3396452983558101,0.3472196563827822,0.2557731387400702,0.516386182462356
620,804.8033088235294,1.7987132352941178,8.064338235294118,14.629595588235293,1533.2472426470588,-0.5274632352941178,0.8584558823529411,0.9402573529411765,7.533088235294118,1600.0,2150.0,0.009191176470588236,0.5670955882352942,0.42371323529411764,0.06857003416300635,0.4232552464616886,0.3261346998535871,0.18204001952171792,0.5227388860500767
621,796.6533101045296,2.5226480836236935,7.7717770034843205,13.908536585365853,1567.3937282229965,2.5923170731707317,1.1794425087108014,1.343205574912892,7.392857142857143,1656.5,2190.0,0.046167247386759584,0.5270034843205574,0.4268292682926829,0.08813479439142217,0.41157063744550487,0.30906091669612346,0.19123365146694946,0.5324585635359116
622,853.6,1.3941935483870969,6.712258064516129,12.167741935483871,1612.131612903226,1.076967741935484,0.6819354838709677,0.712258064516129,7.432903225806451,1750.0,2160.0,0.02193548387096774,0.5245161290322581,0.4535483870967742,0.06336255533373839,0.31542400833261003,0.35587188612099646,0.26534155021265515,0.5108745950948634
623,822.0129136400323,1.9903147699757868,7.18724778046812,12.929782082324456,1629.4850686037128,-0.04710250201775629,0.9709443099273608,1.0193704600484261,7.388216303470541,1744.0,2300.0,0.012106537530266344,0.5060532687651331,0.48184019370460046,0.06707450294953025,0.41304347826086957,0.3281625518898842,0.19171946689971597,0.5121654501216545
624,822.55910543131,1.7228434504792332,7.222843450479234,13.28594249201278,1546.3993610223642,5.464496805111821,0.8346645367412141,0.8881789137380192,7.815495207667731,1620.0,2153.6000000000004,0.05910543130990415,0.5271565495207667,0.41373801916932906,0.07715891670924885,0.3932549821154829,0.36167603474706184,0.16791006642820644,0.5155308298562818
625,835.2644230769231,1.3269230769230769,6.65934065934066,12.067994505494505,1614.5947802197802,0.8900755494505493,0.6737637362637363,0.6531593406593407,7.181318681318682,1740.0,2190.0,0.015796703296703296,0.5116758241758241,0.4725274725274725,0.06168706962509564,0.3359793420045907,0.35979342004590664,0.24254016832440703,0.4922360248447205
626,804.1547721410146,1.7901977644024076,7.566638005159072,13.935511607910577,1603.0997420464316,-0.9293895098882202,0.9208942390369733,0.8693035253654342,7.094582975064489,1669.0,2339.6,0.005159071367153913,0.5588993981083406,0.43594153052450557,0.07417282753605624,0.380075142406981,0.3621379226760393,0.1836141073809235,0.48559077809798273
627,812.4641791044776,1.8477611940298508,8.05,14.556716417910447,1512.3380597014925,3.214455223880597,0.8634328358208955,0.9843283582089553,7.318656716417911,1565.0,2130.0,0.05298507462686567,0.5649253731343283,0.382089552238806,0.08024880187621088,0.392678698888549,0.3256857346793107,0.20138676455592944,0.5327140549273021
628,846.6549423893268,1.3553668890236508,6.714372346876895,12.324439053972105,1619.9714978775014,-1.2070345664038813,0.7016373559733171,0.6537295330503335,7.192844147968466,1757.0,2200.0,0.0018192844147968466,0.5197089144936325,0.47847180109157067,0.05142905319956159,0.27948739566646996,0.3819239524492033,0.2871595986847652,0.4823266219239374
629,824.1802973977696,1.6226765799256506,8.24907063197026,15.034386617100372,1534.6013011152415,-1.3796189591078067,0.758364312267658,0.8643122676579925,8.04089219330855,1599.0,2185.0,0.0018587360594795538,0.570631970260223,0.4275092936802974,0.06969486823855756,0.46636615811373094,0.30374479889042993,0.16019417475728157,0.5326460481099656
630,839.7125103562552,1.4026512013256007,7.5940347970173985,13.824357912178955,1539.9917149958576,3.073463131731566,0.647887323943662,0.7547638773819387,7.623860811930406,1627.0,2160.0,0.04888152444076222,0.527754763877382,0.4233637116818558,0.08335144533797001,0.40708541621386657,0.3328624212127798,0.1767007172353836,0.538098050797401
631,839.5793304221252,1.985443959243086,6.65429403202329,12.43377001455604,1634.0080058224164,-1.0959243085880641,0.9883551673944687,0.9970887918486172,7.184861717612809,1750.0,2200.0,0.002911208151382824,0.50509461426492,0.49199417758369723,0.06280388978930308,0.3399513776337115,0.3268841166936791,0.27036061588330634,0.5021994134897361
632,825.4789644012945,1.8406148867313916,7.526699029126213,13.740291262135923,1577.2419093851133,-0.7480906148867313,0.8940129449838188,0.9466019417475728,7.289644012944984,1678.0,2180.0,0.008090614886731391,0.5849514563106796,0.406957928802589,0.07058823529411765,0.3915649278579356,0.3360710321864595,0.20177580466148723,0.5142857142857142
633,829.3643546971027,1.851624231782265,7.086040386303775,13.129938542581211,1540.0825285338017,4.528331870061458,0.9648814749780509,0.8867427568042142,7.942932396839333,1651.0,2110.4,0.061457418788410885,0.52414398595259,0.41439859525899914,0.07483143583508345,0.44235658229247266,0.2977782690394606,0.1850337128329833,0.4788999525841631
634,856.9263803680982,1.6134969325153374,6.888207225630539,12.761417859577369,1598.3490115882753,-0.36795501022494886,0.7723244717109747,0.8411724608043627,7.323108384458077,1730.0,2180.0,0.007498295841854124,0.523517382413088,0.46898432174505794,0.05780508237922368,0.29544819882714324,0.37978218374755657,0.26696453504607653,0.5213350232361639
635,814.419776119403,1.7695895522388059,7.705223880597015,14.406716417910447,1531.892723880597,0.5046921641791045,0.8432835820895522,0.9263059701492538,7.55410447761194,1570.0,2220.0,0.016791044776119403,0.5522388059701493,0.43097014925373134,0.07446283032847617,0.41491726352185726,0.3474932081995554,0.16312669795011114,0.5234580917237743
636,810.6885521885522,1.9882154882154883,7.85016835016835,14.483164983164983,1505.5143097643097,2.5805471380471383,0.9107744107744108,1.0774410774410774,7.498316498316498,1580.0,2180.0,0.04713804713804714,0.5563973063973064,0.39646464646464646,0.08632689717108218,0.3731477323753929,0.35945217781769195,0.18107319263583296,0.541913632514818
637,858.0261356565028,1.6894835096453018,6.4611076540136905,11.899191039203485,1625.3142501555694,2.2186807716241446,0.8226509023024269,0.8668326073428749,7.188550093341631,1777.0,2220.0,0.021157436216552583,0.49968886123210954,0.4791537025513379,0.05990304709141274,0.3006405817174515,0.35846606648199447,0.28099030470914127,0.5130755064456722
638,841.2121684867394,2.1076443057722307,7.689547581903276,13.723088923556942,1566.4726989079563,-1.3247503900156006,1.0078003120124805,1.0998439937597504,7.261310452418097,1662.0,2160.0,0.0031201248049922,0.5452418096723869,0.4516380655226209,0.0662799441400795,0.3515952304221721,0.3602964872703835,0.2218283381673649,0.5218356772760918
639,817.0151006711409,1.9203020134228188,7.092281879194631,13.004194630872483,1570.6518456375838,5.603330536912752,0.8389261744966443,1.0813758389261745,7.979026845637584,1665.5,2143.6000000000004,0.07802013422818792,0.5293624161073825,0.3926174496644295,0.0806434654610451,0.4471664388602671,0.3002838818210493,0.17190621385763852,0.5631280034949759
640,833.6682400539447,1.5293324342548886,6.931894807821982,13.18745785569791,1564.4275118004045,-1.1567768037761295,0.8017532029669588,0.7275792312879299,7.270397842211733,1640.0,2140.0,0.004045853000674309,0.5401213755900203,0.45583277140930545,0.06028566128733074,0.3225746614728251,0.3699684659617882,0.24717121127805602,0.4757495590828924
641,834.1225531914894,2.364255319148936,7.221276595744681,13.404255319148936,1593.5412765957446,-0.5322297872340426,1.171063829787234,1.1931914893617022,7.092765957446809,1692.0,2270.0,0.006808510638297872,0.5234042553191489,0.4697872340425532,0.07355411567074634,0.41552675785937127,0.2912167026637869,0.2197024238060955,0.5046796256299496
642,841.2214663643235,1.7135298563869992,6.729402872260015,12.504913076341648,1586.9501133786848,2.2806802721088437,0.817838246409675,0.8956916099773242,7.495086923658352,1711.0,2130.0,0.04610733182161754,0.4981103552532124,0.4557823129251701,0.0790641387656313,0.3988503428801936,0.3242234772085518,0.19786204114562322,0.5227172474636083
643,836.3623188405797,1.8695652173913044,6.682539682539683,12.595583160800553,1607.623188405797,-1.2970324361628711,0.8681849551414769,1.0013802622498276,7.561766735679779,1732.0,2190.0,0.0027605244996549345,0.5169082125603864,0.4803312629399586,0.05567217304006571,0.33905266039974447,0.33521949438714976,0.27005567217304005,0.5356220007382798
644,849.9501246882793,1.881961762261014,7.290108063175395,13.465502909393184,1581.6824605153781,-0.5397423108894431,0.9301745635910225,0.9517871986699917,7.200332502078138,1681.0,2180.0,0.00914380714879468,0.545303408146301,0.4455527847049044,0.0714615562225814,0.38917109212652967,0.339298083583468,0.20006926806742092,0.5057420494699647
645,797.5828220858896,1.6468010517090272,7.2988606485539,14.195442594215601,1499.5188431200702,5.3658545135845745,0.7659947414548641,0.880806310254163,7.6888694127957935,1580.0,2130.0,0.06573181419807186,0.5328659070990359,0.4014022787028922,0.08480565371024736,0.41376952011854556,0.3322694631254987,0.1691553630457084,0.5348589675359233
646,849.9356568364611,1.6916890080428955,5.7801608579088475,10.990616621983914,1681.6092493297588,-1.414912868632708,0.8190348525469169,0.8726541554959786,6.951742627345845,1850.0,2200.0,0.0,0.48056300268096513,0.5194369973190348,0.05736598534516005,0.2765136907057462,0.3912456613960663,0.2748746625530274,0.5158478605388273
647,851.8925831202046,2.360613810741688,7.374254049445866,13.552429667519181,1586.9931798806479,-0.40818414322250646,1.1372549019607843,1.2233589087809036,7.179880647911339,1709.0,2260.0,0.0076726342710997444,0.5635123614663257,0.4288150042625746,0.07361671811921158,0.3887437663262883,0.32806934219900263,0.20957017335549752,0.5182376309136872
648,840.3516014234875,2.111032028469751,6.77153024911032,12.50747330960854,1610.753024911032,3.53026334519573,1.0220640569395019,1.0889679715302492,7.4832740213523135,1747.0,2232.4000000000005,0.054804270462633455,0.48825622775800714,0.45693950177935944,0.07627924671866083,0.390526916492296,0.33897660262507134,0.19421723416397185,0.5158462575859744
649,850.794921875,1.6881510416666667,6.526692708333333,12.133463541666666,1657.0924479166667,-0.37746744791666664,0.8600260416666666,0.828125,7.24609375,1791.5,2280.0,0.0078125,0.498046875,0.494140625,0.05579514824797844,0.33926325247079964,0.35058400718778077,0.25435759209344116,0.49055148476667954
650,839.2140439932318,1.9450084602368867,6.636209813874789,12.489001692047378,1641.0558375634519,-1.1584433164128596,0.9509306260575296,0.994077834179357,7.4636209813874785,1777.0,2290.0,0.001692047377326565,0.5186125211505922,0.4796954314720812,0.070505554296078,0.40818408524144184,0.32350940829743824,0.19780095216504195,0.5110917790343628
651,820.7887970615243,2.985307621671258,6.933884297520661,13.544536271809,1591.8191000918273,2.9506244260789716,1.401285583103765,1.584022038567493,7.494949494949495,1679.0,2330.0,0.04591368227731864,0.5325987144168962,0.4214876033057851,0.08858123009066406,0.4057828963489341,0.30874785591766724,0.19688801764273461,0.5306059673946478
652,867.2358845671267,1.665621079046424,6.0119196988707655,11.275407779171895,1674.0144291091594,0.12362609786700123,0.7823086574654956,0.8833124215809285,7.084065244667503,1810.0,2245.1000000000004,0.013174404015056462,0.48117942283563364,0.5056461731493099,0.05809422600070847,0.3013637973786752,0.3657456606447042,0.27479631597591214,0.5303201506591337
653,836.9687242798354,2.6921810699588478,7.063374485596708,13.147325102880659,1640.897119341564,0.5770205761316872,1.2592592592592593,1.4329218106995885,7.394238683127572,1720.0,2417.2000000000007,0.010699588477366255,0.5432098765432098,0.44609053497942386,0.0732413178984862,0.41262243989314334,0.3111086375779163,0.20302760463045413,0.532253133598288
654,840.3338607594936,2.3710443037974684,6.932753164556962,13.261075949367088,1563.98417721519,4.718014240506329,1.0356012658227849,1.3354430379746836,7.737341772151899,1657.5,2211.4,0.06724683544303797,0.5284810126582279,0.40427215189873417,0.07740286298568508,0.38588957055214723,0.3614519427402863,0.1752556237218814,0.5632298965632299
655,814.0041124057574,1.704592186429061,6.2721041809458535,12.028101439342015,1649.92186429061,1.6142563399588759,0.8533241946538725,0.8512679917751885,7.121315969842358,1773.0,2319.2,0.019876627827278958,0.4996572995202193,0.48046607265250174,0.06448508180943215,0.3271414821944177,0.36198267564966313,0.24639076034648702,0.49939686369119424
656,831.4298401420959,2.22202486678508,6.762877442273535,12.99822380106572,1644.7042628774423,-1.393854351687389,1.047069271758437,1.174955595026643,7.231793960923623,1778.0,2340.0,0.0017761989342806395,0.5062166962699822,0.4920071047957371,0.07392852756969176,0.3736951983298539,0.3563797126366204,0.19599656146383396,0.5287769784172662
657,813.2852589641434,2.099601593625498,6.9593625498007965,12.92589641434263,1573.6478087649402,6.907665338645419,0.9760956175298805,1.1235059760956174,7.3274900398406375,1660.0,2160.0,0.08286852589641434,0.5450199203187251,0.37211155378486055,0.08286211396259244,0.39027838190517616,0.32688125271857327,0.1999782514136581,0.5351043643263758
658,849.0042143287177,2.142685129440096,5.535219747140277,10.364840457555689,1727.633955448525,0.30263696568332327,1.0433473810957254,1.099337748344371,7.22155328115593,1883.0,2330.0,0.011438892233594221,0.42624924744130044,0.5623118603251054,0.05568987077949145,0.27511463109629014,0.38124218424343476,0.28795331388078366,0.5130654678280416
659,832.8866328257192,2.49746192893401,6.809644670050761,12.937394247038917,1639.2216582064298,-0.5572504230118444,1.2174280879864636,1.2800338409475465,7.617597292724196,1731.0,2340.0,0.01015228426395939,0.5439932318104906,0.44585448392554994,0.07030208796090627,0.4495779653487339,0.30453131941359396,0.17558862727676589,0.5125338753387534
660,820.4517766497462,2.045685279187817,7.128595600676819,13.714890016920474,1551.718274111675,4.585431472081218,0.9796954314720813,1.0659898477157361,7.8815566835871405,1600.0,2239.3000000000006,0.06091370558375635,0.5194585448392555,0.4196277495769882,0.08029197080291971,0.41208673250322025,0.3371618720480893,0.1704594246457707,0.5210918114143921
661,829.4667630057803,2.9710982658959537,5.867774566473988,11.145953757225433,1718.7673410404625,0.3804479768786127,1.4689306358381502,1.5021676300578035,7.16257225433526,1896.5,2365.6000000000004,0.012283236994219654,0.4407514450867052,0.5469653179190751,0.06597397357005952,0.3377383234136992,0.3325935640068597,0.2636941390093816,0.5055933852140078
662,831.2125796178344,2.406847133757962,6.936305732484076,12.990445859872612,1632.1711783439491,-0.985875796178344,1.1369426751592357,1.269904458598726,7.115445859872612,1754.0,2330.0,0.005573248407643312,0.49044585987261147,0.5039808917197452,0.06982208794897617,0.3856998992950655,0.3465368691954795,0.1979411435604789,0.527621567978829
663,834.8368298368298,2.6208236208236206,6.404817404817405,11.902874902874903,1650.7443667443667,5.338344988344988,1.2913752913752914,1.3294483294483295,7.716394716394716,1766.0,2321.2000000000003,0.06604506604506605,0.49417249417249415,0.4397824397824398,0.07501762158896386,0.4348001208337529,0.3028899405900715,0.18729231698721177,0.5072635635932404
664,871.3189259986902,2.375900458415193,6.0203012442698105,11.18467583497053,1677.687622789784,0.5871709233791749,1.1676489849377865,1.2082514734774066,7.12770137524558,1826.0,2257.0000000000005,0.01309757694826457,0.45972495088408644,0.527177472167649,0.060731348768834986,0.29492833517089306,0.37954796030871,0.2647923557515619,0.5085446527012127
665,791.2091932457786,2.703564727954972,7.651969981238274,14.347091932457786,1632.2851782363978,0.9012757973733584,1.327392120075047,1.376172607879925,7.615384615384615,1692.0,2460.0,0.01594746716697936,0.5647279549718575,0.41932457786116323,0.07711258930771125,0.4159891598915989,0.34626755358462674,0.16063069721606307,0.5090215128383068
666,837.8743801652893,2.100826446280992,6.41900826446281,12.173553719008265,1622.4347107438016,4.818214876033058,0.947107438016529,1.1537190082644628,7.4082644628099175,1773.0,2260.7000000000007,0.05950413223140496,0.5181818181818182,0.4223140495867769,0.08969210174029452,0.3596608656849621,0.3676929941990183,0.18295403837572513,0.5491738788355626
667,874.1721978710082,1.8252974326862867,5.943018159048216,11.415153412648717,1652.9411396368191,0.5394051346274265,0.8822792736380713,0.9430181590482154,7.073262366938009,1805.0,2220.0,0.016906700062617408,0.4664996869129618,0.5165936130244208,0.061349150141643057,0.29966359773371104,0.36163243626062325,0.27735481586402266,0.5166380789022298
668,843.0634028892456,2.317014446227929,6.789727126805778,12.475120385232744,1679.3715890850722,-1.2696147672552167,1.1637239165329052,1.153290529695024,7.426966292134831,1830.0,2340.0,0.0032102728731942215,0.47351524879614765,0.5232744783306581,0.06548519559109574,0.34752539442403285,0.3534687702615085,0.23352063972336287,0.49774852788361623
669,855.6550116550117,1.937062937062937,5.940947940947941,11.379176379176378,1642.8477078477079,6.44021756021756,0.8671328671328671,1.06993006993007,7.652680652680653,1780.0,2240.0,0.09168609168609168,0.4654234654234654,0.4428904428904429,0.0767590618336887,0.4351710833587166,0.3013503909026297,0.18671946390496497,0.5523465703971119
670,856.7070773263434,1.7929226736566186,5.82961992136304,11.121887287024903,1682.0,1.0882896461336828,0.9115334207077327,0.8813892529488859,7.270642201834862,1844.0,2313.0,0.017693315858453473,0.44102228047182174,0.5412844036697247,0.06065795403334835,0.3295178008111762,0.37160883280757095,0.23821541234790447,0.49159356725146197
671,839.3291592128802,2.924865831842576,6.6815742397137745,12.663685152057244,1657.4266547406082,-0.057898032200357795,1.385509838998211,1.539355992844365,7.1762075134168155,1837.0,2325.6000000000004,0.01073345259391771,0.5286225402504472,0.4606440071556351,0.07815031783622087,0.40683036270721673,0.29240932319581203,0.22260999626075034,0.5262996941896024
672,837.1486183719194,1.7027632561613144,6.715459297983569,12.398058252427184,1581.3218820014936,3.8750410754294253,0.8506348020911128,0.8521284540702017,7.41075429424944,1705.0,2132.6000000000004,0.0619865571321882,0.5026138909634055,0.43539955190440627,0.07739594880580469,0.3746850750781014,0.34273909100070543,0.20517988511538848,0.500438596491228
673,856.5634451019066,2.0598290598290596,6.15844838921762,11.485207100591715,1674.7902695595003,0.45825115055884286,1.0506245890861277,1.0092044707429322,7.422748191978961,1800.0,2290.0,0.013149243918474688,0.4746877054569362,0.5121630506245891,0.06200177147918512,0.33693534100974315,0.33454384410983173,0.26651904340124005,0.4899457389083945
674,850.2382522671063,2.2431986809563065,7.136026380873867,13.586974443528442,1598.6446826051113,-0.9116488046166529,1.112118713932399,1.1310799670239076,7.014839241549876,1712.0,2277.9999999999995,0.009068425391591096,0.5309150865622424,0.4600164880461665,0.07251145845575273,0.38147843459866027,0.34034551651192857,0.20566459043365848,0.5042263873575891
675,824.925925925926,1.9371231696813092,6.835486649440138,13.137812230835486,1538.3488372093022,4.971843238587425,0.9776055124892334,0.9595176571920758,7.666666666666667,1663.0,2110.0,0.06890611541774333,0.49612403100775193,0.43496985357450474,0.0821256038647343,0.39995506122907537,0.3435569037186833,0.17436243118750702,0.49533125833703867
676,878.9939718687207,1.6309444072337576,5.729403884795714,11.062960482250503,1660.773610180844,-0.5214467515070328,0.8446081714668453,0.7863362357669123,7.114534494306765,1812.0,2200.0,0.0053583389149363695,0.47622237106496984,0.5184192900200938,0.06100546036527961,0.27358312935417056,0.39145170401054413,0.27395970627000565,0.48213552361396306
677,856.4254143646409,2.088397790055249,6.936858721389108,13.791633780584057,1576.7640094711917,-0.7544041041831098,0.9558011049723757,1.132596685082873,7.099447513812155,1690.0,2200.4,0.007103393843725336,0.5414364640883977,0.4514601420678769,0.07415230683713174,0.37053918843802114,0.3239577543079489,0.2313507504168983,0.5423280423280423
678,841.8016591251885,2.493212669683258,6.020361990950226,11.262443438914028,1667.3650075414782,4.183989441930619,1.1817496229260935,1.3114630467571644,7.665158371040724,1830.0,2256.0,0.05580693815987934,0.4502262443438914,0.4939668174962293,0.07841401023219205,0.3774104683195592,0.33874458874458874,0.20543093270365997,0.5260133091349062
679,866.4600785340314,1.5556282722513088,5.766361256544503,10.929319371727749,1657.6060209424083,1.5202552356020942,0.731020942408377,0.824607329842932,7.414921465968586,1851.5,2180.0,0.02225130890052356,0.4476439790575916,0.5301047120418848,0.061341571050308914,0.34351279788172995,0.3445719329214475,0.2505736981465137,0.5300799326882625
680,850.0626631853786,2.21496953872933,6.880765883376849,13.06875543951262,1610.9181897302,-0.7387641427328112,1.0678851174934725,1.1470844212358573,7.351610095735422,1734.0,2290.0,0.006962576153176675,0.5178416013925152,0.4751958224543081,0.07884456019888718,0.4118621995974902,0.3169172487273588,0.19237599147626377,0.5178781925343812
681,806.4358507734304,2.467697907188353,6.364877161055505,12.35486806187443,1628.2666060054596,4.42624203821656,1.2666060054595087,1.2010919017288444,7.345768880800728,1796.0,2260.0,0.05732484076433121,0.4886260236578708,0.454049135577798,0.09215904868078781,0.41372476155084853,0.3007556051034312,0.1933605846649325,0.48672566371681414
682,857.3651424784625,1.3558648111332008,6.166335321404904,11.89529489728297,1650.6567263088139,-0.48334658714380385,0.7024519549370444,0.6534128561961564,7.352551358515573,1810.0,2230.0,0.00927766732935719,0.5096090125911199,0.48111332007952284,0.05975664713835061,0.30085624155024787,0.3689950428120775,0.270392068499324,0.48191593352883677
683,851.4167330677291,2.3195219123505977,6.656573705179283,12.8199203187251,1636.5673306772908,-0.007601593625498069,1.1776892430278885,1.1418326693227092,7.356175298804781,1790.0,2320.0,0.009561752988047808,0.5235059760956176,0.46693227091633466,0.06997400346620451,0.4007798960138648,0.3193240901213172,0.20992201039861352,0.4922706973548609
684,853.3121118012423,2.2399068322981366,7.0062111801242235,12.819099378881987,1573.9689440993789,4.667468944099379,1.0170807453416149,1.2228260869565217,7.653726708074534,1676.5,2170.0,0.07142857142857142,0.49301242236024845,0.4355590062111801,0.07810914992899168,0.3842564414688578,0.36193954148914587,0.17569486711300467,0.5459272097053726
685,848.9583627381793,1.7106563161609034,6.722653493295695,12.459421312632323,1617.6633733239237,0.864756527875794,0.839802399435427,0.8708539167254764,7.456598447424136,1735.0,2180.0,0.017642907551164433,0.5031757233592096,0.479181369089626,0.06492523187582813,0.3334279765284876,0.36475487412455043,0.23689191747113383,0.509075907590759
686,840.0716069941715,2.1748542880932558,6.784346378018318,12.535387177352206,1642.85012489592,-1.1066111573688593,1.0724396336386344,1.1024146544546212,6.996669442131557,1800.0,2260.0,0.0033305578684429643,0.4845961698584513,0.5120732722731057,0.07092704986314412,0.37129596572652623,0.34713792693085804,0.21063905747947162,0.5068912710566615
687,836.2602409638554,1.9461847389558233,6.7815261044176705,13.11566265060241,1564.5389558232932,4.374160642570281,0.8843373493975903,1.061847389558233,7.350200803212851,1710.0,2150.0,0.05461847389558233,0.5188755020080321,0.42650602409638555,0.0801005354606054,0.3996284559064583,0.32575674789640474,0.19451426073653152,0.5456046223689641
688,889.5976729944887,1.7483159828536436,5.143906919779547,9.873851806491121,1729.8285364360074,-0.9314390691977954,0.8303735456215554,0.9179424372320881,7.227189222290264,1950.0,2230.0,0.003674219228413962,0.43355786895284754,0.5627679118187385,0.050499915268598546,0.27334350110150823,0.38357905439755974,0.2925775292323335,0.5250437828371278
689,839.4473684210526,1.6230899830220713,7.066213921901528,13.408319185059423,1570.9855687606112,-0.40157045840407474,0.7809847198641766,0.8421052631578947,7.551782682512734,1710.0,2130.6,0.006791171477079796,0.5424448217317487,0.45076400679117146,0.07250449640287769,0.44548111510791366,0.30598021582733814,0.1760341726618705,0.5188284518828452
690,874.9471153846154,2.3822115384615383,6.358173076923077,11.91826923076923,1620.3133012820513,3.434967948717949,1.1378205128205128,1.2443910256410255,7.649038461538462,1770.0,2190.0,0.0641025641025641,0.4543269230769231,0.48157051282051283,0.08212864026817515,0.4098051539912005,0.33616174313848735,0.17190446260213701,0.5223679784729229
691,862.6134644478063,1.9500756429652042,5.332829046898638,10.203479576399396,1723.7564296520425,-1.2482904689863843,0.981089258698941,0.9689863842662633,7.354765506807867,1936.0,2250.0,0.0015128593040847202,0.434947049924357,0.5635400907715582,0.06438342075491103,0.3265453049470328,0.33559600946210016,0.27347526483595597,0.49689681923972073
692,877.3476263399693,1.8782542113323124,6.143185298621746,11.815467075038285,1661.7266462480857,-0.9027411944869832,0.8828483920367535,0.9954058192955589,7.064318529862175,1800.0,2204.0,0.004594180704441042,0.48009188361408883,0.5153139356814701,0.06525037936267071,0.3769781053544331,0.3431606329937134,0.21461088228918274,0.5299633102323685
693,865.758431372549,2.3301960784313724,6.04235294117647,11.44235294117647,1649.1027450980391,4.797725490196079,1.116078431372549,1.2141176470588235,7.741176470588235,1780.0,2260.0,0.07137254901960784,0.4541176470588235,0.4745098039215686,0.07700101317122594,0.4319148936170213,0.30455927051671733,0.18652482269503545,0.5210366879838438
694,870.4820867379007,1.6643620364550598,6.104965430546826,11.63419233186675,1627.081081081081,1.3113639220615965,0.8133249528598366,0.8510370835952231,7.044626021370207,1785.0,2150.0,0.018856065367693273,0.46825895663104966,0.5128849780012571,0.06138472519628837,0.2916666666666667,0.3806209850107066,0.26632762312633834,0.5113293051359517
695,852.867374005305,2.336870026525199,6.771883289124668,12.755968169761273,1634.10433244916,0.820866489832007,1.1777188328912467,1.1591511936339522,7.552608311229001,1750.0,2290.0,0.013262599469496022,0.5287356321839081,0.45800176834659595,0.07492390540856943,0.40131116834464997,0.3480449543432451,0.17571997190353547,0.4960272417707151
696,852.1899841017488,1.971383147853736,5.969793322734499,11.578696343402227,1632.841812400636,5.319721780604134,0.9372019077901431,1.034181240063593,7.5627980922098565,1785.0,2202.3999999999996,0.08108108108108109,0.4864864864864865,0.43243243243243246,0.08629388269918016,0.36998108051292833,0.3626235022072735,0.18110153458061803,0.5245967741935483
697,868.9270205066344,1.810615199034982,5.968636911942099,11.639927623642944,1644.065138721351,1.8285042219541616,0.882388419782871,0.928226779252111,6.930639324487334,1796.5,2232.9999999999995,0.019903498190591073,0.47104945717732205,0.5090470446320868,0.062309633626316245,0.29423026716560785,0.3608041075624402,0.2826559916456357,0.5126582278481012
698,860.2823355506282,1.4634146341463414,6.008130081300813,11.813747228381375,1656.531411677753,-1.2004582409460458,0.7110125646711013,0.7524020694752402,6.986696230598669,1799.0,2170.0,0.0029563932002956393,0.5018477457501848,0.49519586104951957,0.06643393631651327,0.34793187347931875,0.35565428964349943,0.22997990056066858,0.5141414141414141
699,852.4992614475627,1.861890694239291,5.955686853766617,11.60930576070901,1628.0878877400296,4.550465288035451,0.8146233382570163,1.0472673559822747,7.5243722304283605,1750.0,2150.7,0.0827178729689808,0.49261447562776955,0.42466765140324964,0.07685512367491167,0.4378680800942285,0.3041813898704358,0.18109540636042404,0.5624752082506942
700,865.3415468856947,1.8631074606433948,5.521560574948666,10.936344969199178,1676.5400410677619,-0.016899383983572915,0.9390828199863107,0.9240246406570842,7.477754962354552,1879.0,2234.0,0.013004791238877482,0.45242984257357977,0.5345653661875428,0.062334096109839816,0.32723112128146453,0.3648512585812357,0.24558352402745995,0.49595885378398236
701,878.7871591908531,2.4881266490765173,6.002638522427441,11.47669305189094,1688.70800351803,-0.6726121372031663,1.2022867194371152,1.2858399296394019,7.180299032541777,1860.0,2229.4,0.007036059806508356,0.4714160070360598,0.5215479331574319,0.07643312101910828,0.4140127388535032,0.28392944634982853,0.22562469377756003,0.5167903852951573
702,862.4358407079646,2.2647492625368733,6.030973451327434,11.799410029498524,1622.5103244837758,4.92136430678466,1.051622418879056,1.213126843657817,7.547197640117994,1752.0,2160.0,0.07595870206489676,0.443952802359882,0.48008849557522126,0.07690052765292163,0.393296853625171,0.32558139534883723,0.20422122337307017,0.5356561380657766
703,866.1029792746114,2.3283678756476682,5.512305699481865,10.48056994818653,1710.9857512953367,0.7090932642487046,1.1483160621761659,1.1800518134715026,7.345854922279793,1907.5,2270.0,0.016191709844559584,0.422279792746114,0.5615284974093264,0.060306824193263976,0.33856462704990303,0.33433256921177923,0.2667959795450538,0.5068150208623088
704,893.1667977970102,1.979543666404406,6.62155782848151,12.508261211644374,1609.2116443745083,-0.8373485444531864,0.9331235247836349,1.046420141620771,7.030684500393391,1740.0,2140.0,0.0055074744295830055,0.5090479937057435,0.4854445318646735,0.06971799462846912,0.36671888988361684,0.34523276633840644,0.2183303491495076,0.5286168521462639
705,849.5089430894309,1.9861788617886178,6.255284552845528,11.799186991869918,1608.320325203252,6.249227642276423,0.9284552845528455,1.0577235772357723,7.841463414634147,1737.0,2160.3,0.0910569105691057,0.45447154471544715,0.45447154471544715,0.08346293416277864,0.42457231726283046,0.32586832555728357,0.1660964230171073,0.5325419566107246
706,858.4159636599611,1.8929266709928618,5.18040233614536,9.953277092796885,1738.1745619727449,-0.4438481505515899,0.9617131732641142,0.9312134977287476,6.850097339390007,1913.0,2300.0,0.006489292667099286,0.39390006489292667,0.5996106424399741,0.061860553239863586,0.2782303902993558,0.38973095869647595,0.2701780977643047,0.49194377785395954
707,891.6215805471124,2.088905775075988,5.860182370820668,10.720364741641337,1723.1975683890578,-1.062196048632219,1.0045592705167172,1.0843465045592706,7.018237082066869,1904.0,2315.0,0.004559270516717325,0.48632218844984804,0.5091185410334347,0.06658726721524469,0.3757037678648766,0.32124296232135124,0.2364660025985275,0.5190978537650055
708,855.7100149476831,1.79745889387145,5.531390134529148,10.48206278026906,1684.5104633781764,4.514402092675636,0.8572496263079222,0.9402092675635276,7.8557548579970105,1846.5,2250.0,0.06726457399103139,0.43871449925261585,0.4940209267563528,0.07392255732090192,0.38787936447531157,0.3439254114736942,0.19427266673009227,0.5230769230769231
709,872.2967105263158,1.231578947368421,5.61578947368421,10.275657894736842,1696.9052631578948,1.1347960526315788,0.5782894736842106,0.6532894736842105,7.476315789473684,1874.5,2198.2000000000003,0.019078947368421053,0.425,0.555921052631579,0.060630059838085185,0.3447729672650475,0.34380499824005634,0.25079197465681097,0.530448717948718
710,843.6040322580645,1.9540322580645162,6.497580645161291,12.308064516129033,1630.0443548387098,-0.8501612903225807,0.9467741935483871,1.007258064516129,7.270161290322581,1756.0,2200.0,0.004838709677419355,0.49032258064516127,0.5048387096774194,0.06988352745424292,0.39700499168053244,0.32823072656683305,0.20488075429839156,0.5154766817994222
711,864.2480349344978,2.4,6.335371179039301,12.1764192139738,1603.0602620087336,4.288454148471615,1.0663755458515285,1.3336244541484716,7.565065502183406,1734.0,2170.0,0.06986899563318777,0.4829694323144105,0.44716157205240176,0.08981759408912492,0.4194181482336643,0.29150311706303395,0.19926114061417685,0.5556768558951966
712,886.6485642946317,1.5730337078651686,5.348314606741573,10.31398252184769,1698.7265917602997,-0.26809612983770287,0.7503121098626716,0.8227215980024969,7.249063670411985,1870.5,2207.2000000000007,0.013108614232209739,0.4612983770287141,0.5255930087390761,0.060363385860673385,0.30388357874795485,0.35985533453887886,0.2758977008524929,0.523015873015873
713,852.3103734439834,2.0672199170124483,6.211618257261411,11.764315352697096,1654.5842323651452,-0.7529875518672199,0.9626556016597511,1.1045643153526972,7.549377593360996,1810.0,2210.0,0.007468879668049793,0.48132780082987553,0.5112033195020746,0.06760470484775201,0.41079476750577115,0.3253819940639771,0.19621853358249972,0.5343235648334003
714,879.6955859969559,2.106544901065449,5.534246575342466,10.341704718417047,1661.5342465753424,6.477123287671233,0.9619482496194824,1.1445966514459665,7.736681887366819,1830.0,2180.0,0.09208523592085235,0.4520547945205479,0.4558599695585997,0.07810348219555381,0.39464882943143814,0.3462522132598859,0.18099547511312217,0.5433526011560693
715,854.2043386983905,1.7011896431070679,5.344996501049685,10.294611616515045,1682.1210636808958,3.302029391182645,0.8551434569629112,0.8460461861441567,7.311406578026592,1873.0,2210.0,0.03358992302309307,0.4282715185444367,0.5381385584324703,0.06316998468606431,0.33365237366003064,0.3616960183767228,0.24148162327718223,0.49732620320855614
716,840.6611433305717,2.2220381110190557,5.72245236122618,11.149130074565038,1685.857497928749,-1.2179038939519469,1.0853355426677713,1.1367025683512841,7.132560066280033,1855.0,2294.000000000001,0.004971002485501243,0.4739022369511185,0.5211267605633803,0.06957834824021374,0.3661284702055988,0.35927517714020213,0.20501800441398538,0.511558538404176
717,861.3487140695916,1.8555219364599091,5.537821482602118,10.562783661119516,1652.819213313162,4.705022692889561,0.8479576399394856,1.0075642965204237,7.546142208774584,1805.5,2154.5000000000005,0.07791225416036308,0.4508320726172466,0.4712556732223903,0.0805934242181235,0.39815557337610263,0.3200681635926223,0.20118283881315158,0.5430085609457806
718,861.3917274939173,2.101581508515815,5.238442822384428,9.847323600973237,1730.8321167883212,-0.9311131386861314,1.0504866180048662,1.051094890510949,7.226885644768856,1940.0,2230.0,0.004257907542579075,0.4324817518248175,0.5632603406326034,0.052604999579160004,0.2747243498022052,0.3833852369329181,0.2892854136857167,0.5001447178002895
719,870.5430463576159,2.1730132450331126,6.033940397350993,11.457781456953642,1676.0488410596026,-0.6140397350993377,1.064569536423841,1.1084437086092715,7.551324503311259,1840.0,2270.0,0.008278145695364239,0.4900662251655629,0.5016556291390728,0.06840605130453847,0.45121683841262883,0.29960534970401226,0.18077176057882044,0.510095238095238
720,837.4686774941995,2.1446249033255995,6.648878576952823,12.365042536736272,1592.9621036349574,4.0837973704563035,1.0015467904098994,1.1430781129157,7.491879350348028,1716.0,2150.0,0.060324825986078884,0.47641144624903325,0.46326372776488783,0.0810364405904821,0.4082791369877155,0.3265200784556622,0.18416434396614018,0.5329967544175983
721,878.3973988439307,2.264450867052023,5.3973988439306355,10.260115606936417,1714.260838150289,-0.4196820809248554,1.1365606936416186,1.1278901734104045,7.268063583815029,1900.0,2208.2000000000003,0.008670520231213872,0.4429190751445087,0.5484104046242775,0.06620936474798687,0.332736852569838,0.3315438910428472,0.269509891639328,0.498085513720485
722,866.4089298369951,2.2693125442948263,5.800850460666195,10.750531537916372,1705.8830616583982,-0.1501842664776754,1.0978029766123316,1.1715095676824947,6.956768249468462,1878.0,2250.0,0.009922041105598866,0.4394046775336641,0.5506732813607371,0.06713528932355338,0.37398125509372454,0.3437245313773431,0.21515892420537897,0.5162398500936914
723,848.2968630451415,2.130833970925784,5.4468247895944915,10.878347360367254,1656.1193573068094,5.181361897475134,1.0290742157612853,1.1017597551644989,7.841622035195103,1820.0,2170.0,0.06426931905126243,0.4827850038255547,0.45294567712318284,0.07844667772465606,0.43087130451751393,0.3033466679676066,0.18733534979022343,0.5170556552962298
724,843.3759351620947,1.559850374064838,5.417705735660848,10.513715710723192,1669.455735660848,1.4284663341645887,0.7618453865336658,0.7980049875311721,7.001246882793017,1850.0,2186.3,0.017456359102244388,0.4613466334164589,0.5211970074812967,0.06019590382902939,0.29145146927871773,0.3811219946571683,0.2672306322350846,0.5115907274180655
725,853.5976129582268,2.1099744245524295,5.927536231884058,11.179880647911338,1686.2924126172209,-0.04709292412617226,1.041773231031543,1.0682011935208866,7.418584825234442,1850.0,2297.2,0.011935208866155157,0.46717817561807334,0.5208866155157715,0.07193748563548609,0.3965754998850839,0.3492300620547001,0.18225695242472995,0.5062626262626263
726,831.8542319749216,1.8432601880877744,6.155172413793103,11.329937304075235,1631.5650470219437,5.726637931034483,0.7931034482758621,1.0501567398119123,7.2507836990595615,1793.5,2170.0,0.0822884012539185,0.45297805642633227,0.4647335423197492,0.08852140077821012,0.3672719412019023,0.35894941634241245,0.18525724167747515,0.5697278911564626
727,838.6906700062617,1.743894802755166,5.25735754539762,9.86662492172824,1723.186599874765,1.1030118973074514,0.902316844082655,0.841577958672511,6.924859110832812,1912.0,2240.0,0.017532874139010644,0.4226675015654352,0.5597996242955542,0.058866081924224614,0.28845284383759834,0.36730264942580704,0.28537842481237,0.4825852782764811
728,833.6545048399106,2.0349962769918095,5.8734177215189876,10.962025316455696,1694.0379746835442,-0.6067386448250186,0.9910647803425168,1.0439314966492925,6.956813104988831,1887.0,2258.2,0.005956813104988831,0.42963514519731943,0.5644080416976918,0.06582468157979236,0.3484962003639088,0.34646259231510224,0.23921652574119662,0.5129893889498719
729,841.8876488095239,2.3266369047619047,6.049851190476191,11.186755952380953,1654.9754464285713,3.7889285714285714,1.0803571428571428,1.2462797619047619,7.7961309523809526,1810.0,2170.7,0.061755952380952384,0.44419642857142855,0.49404761904761907,0.07463256346631036,0.45247184577209393,0.2950944836800916,0.1778011070815041,0.5356571794051807
730,817.4193112761648,1.6407832545577312,6.00202565833896,11.48953409858204,1641.1985145172182,-0.7254085077650236,0.7819041188386225,0.8588791357191087,7.25050641458474,1810.0,2172.0,0.006076975016880486,0.4618501012829169,0.5320729237002025,0.0574594896628795,0.3217545166697709,0.37176382939094804,0.24902216427640156,0.5234567901234568
731,834.3007846556234,3.2868352223190933,6.122929380993897,11.380122057541412,1702.7515257192676,-0.9022493461203139,1.5143853530950304,1.7724498692240627,7.186573670444639,1870.0,2319.4,0.006102877070619006,0.44986922406277247,0.5440278988666085,0.07424481378139026,0.4170811597719277,0.2932184884144122,0.2154555380322698,0.5392572944297083
732,801.9105812220566,2.6467958271236958,6.214605067064084,11.495529061102832,1627.9724292101341,2.4343889716840534,1.251117734724292,1.3956780923994039,7.573770491803279,1781.0,2140.0,0.05141579731743666,0.46944858420268254,0.4791356184798808,0.07329791420700511,0.38833136560409287,0.33293978748524206,0.20543093270365997,0.5273085585585585
733,843.7063440156966,2.185088293001962,5.3675604970569,9.771746239372138,1722.071942446043,0.8488750817527796,1.0575539568345325,1.1275343361674297,7.474166121648136,1900.0,2192.0000000000005,0.015696533682145193,0.41007194244604317,0.5742315238718116,0.06064053202660133,0.3330416520826041,0.3373293664683234,0.26898844942247113,0.5160131697096678
734,851.359842519685,2.54251968503937,6.625984251968504,12.134645669291338,1612.4133858267717,0.849724409448819,1.2220472440944883,1.3204724409448818,7.200787401574803,1745.0,2150.0,0.014173228346456693,0.5070866141732283,0.47874015748031495,0.07271733187534171,0.36555494805904865,0.3373428102788409,0.22438490978676873,0.5193558377206565
735,800.926582278481,1.7392405063291139,6.311392405063291,11.733333333333333,1581.4194092827004,6.30348523206751,0.8354430379746836,0.9037974683544304,7.849789029535865,1714.0,2110.0,0.08438818565400844,0.45907172995780593,0.45654008438818566,0.08202537088798108,0.4151795312835949,0.3297140399913997,0.1730810578370243,0.519650655021834
736,826.1284810126582,1.409493670886076,5.541772151898734,10.575316455696203,1665.860759493671,0.1358670886075949,0.6721518987341772,0.7373417721518988,6.89620253164557,1849.0,2140.0,0.010759493670886076,0.4417721518987342,0.5474683544303798,0.0612151248164464,0.28377386196769455,0.3801395007342144,0.27487151248164465,0.5231252806466098
737,823.3460960960961,1.8656156156156156,6.611861861861862,12.308558558558559,1612.5863363363364,0.3215915915915916,0.9384384384384384,0.9271771771771772,6.930930930930931,1771.5,2139.9,0.010510510510510511,0.493993993993994,0.4954954954954955,0.06889081455805893,0.36611785095320626,0.3222487001733102,0.24274263431542462,0.4969818913480885
738,822.9598566308243,2.1232974910394264,6.268817204301075,11.301075268817204,1640.3562724014337,4.135749103942652,0.9806451612903225,1.142652329749104,7.711827956989247,1754.0,2163.000000000001,0.06666666666666667,0.44157706093189963,0.4917562724014337,0.07315486149841978,0.38473693995166386,0.3402119353039598,0.2018962632459565,0.5381498987170831
739,823.1054036024016,1.485657104736491,5.644429619746497,10.5657104736491,1686.3809206137425,0.48152101400933955,0.7578385590393596,0.7278185456971314,7.416277518345564,1850.0,2200.0,0.0133422281521014,0.4482988659106071,0.5383589059372915,0.06116758118197355,0.34127912206530536,0.34280831159485475,0.2547449851578663,0.48989672204759765
740,819.7779552715655,1.79073482428115,6.615015974440895,12.170127795527156,1633.3586261980831,-0.873929712460064,0.8929712460063898,0.8977635782747604,7.3314696485623,1768.5,2160.0,0.006389776357827476,0.4928115015974441,0.5007987220447284,0.06907070486981153,0.39731996949558773,0.3209499945527835,0.2126593310818172,0.5013380909901873
741,805.9717948717948,3.364102564102564,6.58034188034188,12.01025641025641,1639.5957264957265,4.594324786324786,1.6136752136752137,1.7504273504273504,7.48034188034188,1804.5,2250.0,0.06752136752136752,0.488034188034188,0.4444444444444444,0.08980804387568556,0.41921846435100546,0.28941956124314444,0.20155393053016454,0.5203252032520326
742,843.7468274111675,1.6376903553299493,5.469543147208122,10.195431472081218,1705.5532994923858,0.8869352791878172,0.8147208121827412,0.8229695431472082,7.33502538071066,1873.5,2247.0,0.020939086294416244,0.4467005076142132,0.5323604060913706,0.058910034602076125,0.305363321799308,0.35847750865051903,0.2772491349480969,0.5025184037194885
743,848.5456730769231,3.141025641025641,5.935096153846154,10.842948717948717,1724.099358974359,-0.46967147435897444,1.4879807692307692,1.6530448717948718,7.587339743589744,1880.0,2325.499999999999,0.010416666666666666,0.4719551282051282,0.5176282051282052,0.0670609356848664,0.3986693420635759,0.3249551166965889,0.20931460555496884,0.5262755102040816
744,825.0372623574144,2.020532319391635,5.998479087452472,10.89657794676806,1647.8653992395436,5.571292775665399,0.8935361216730038,1.1269961977186311,7.843346007604563,1793.0,2170.0,0.07984790874524715,0.43650190114068443,0.48365019011406846,0.0751405856117898,0.3877254217568354,0.3540818305216211,0.18305216210975372,0.5577719232216786
745,835.3309759547383,1.4448373408769448,5.1492220650636495,9.726308345120227,1704.1859971711456,3.066902404526167,0.7461103253182461,0.6987270155586988,7.462517680339462,1880.0,2220.0,0.028995756718528994,0.41654879773691655,0.5544554455445545,0.06728582259287338,0.32875284306292646,0.35633055344958303,0.24763078089461713,0.4836025452765541
746,823.6593673965937,2.021086780210868,6.2084347120843475,11.56853203568532,1660.4533657745337,-0.7259367396593673,0.9691808596918086,1.0519059205190593,7.235198702351987,1830.0,2190.0,0.0056772100567721,0.45336577453365773,0.5409570154095702,0.0719650263423383,0.35388409371146734,0.36419683891940363,0.20995404102679072,0.5204654895666132
747,817.9493575207861,2.2260015117157974,6.705215419501134,12.194255479969765,1592.156462585034,4.47880574452003,1.00151171579743,1.2244897959183674,7.488284202569917,1726.0,2160.0,0.07180650037792895,0.4928193499622071,0.43537414965986393,0.08034722923185626,0.3957807610780256,0.32320581407085897,0.2006661956192591,0.5500848896434635
748,830.7118226600985,1.772167487684729,5.583743842364532,10.393472906403941,1709.2327586206898,0.8170197044334976,0.8762315270935961,0.895935960591133,7.400862068965517,1880.0,2275.2000000000003,0.014778325123152709,0.4458128078817734,0.5394088669950738,0.05274981279640569,0.2818038106331642,0.3731591646559614,0.29228721191446877,0.5055594162612925
749,810.8316286388671,1.7797010228166799,6.60582218725413,12.472069236821401,1615.4146341463415,0.9011959087332809,0.8544453186467349,0.925255704169945,7.3933910306845005,1768.0,2190.0,0.015735641227380016,0.48623131392604246,0.4980330448465775,0.06831967649249761,0.44184314142811537,0.2941364265191018,0.1957007555602852,0.519893899204244
750,826.7570850202429,2.54251012145749,6.659919028340081,12.391902834008096,1595.6761133603238,3.646404858299595,1.1295546558704452,1.4129554655870444,7.795951417004049,1727.0,2150.0,0.06396761133603239,0.5052631578947369,0.4307692307692308,0.08631076028250935,0.40091400083090983,0.33215621105110094,0.18061902783547984,0.5557324840764332
751,834.5529583637692,2.1862673484295105,5.902118334550767,11.261504747991234,1679.8904309715122,-0.93081811541271,1.0803506208911615,1.1059167275383492,7.2629656683710735,1850.0,2220.0,0.007304601899196494,0.4543462381300219,0.5383491599707816,0.06748466257668712,0.326058533641758,0.33350095544604247,0.2729558483355124,0.5058469762779819
752,803.8784615384616,2.602307692307692,6.486153846153846,11.900769230769232,1652.8576923076923,-0.8774076923076924,1.2,1.4023076923076923,7.151538461538461,1826.0,2240.0,0.005384615384615384,0.4846153846153846,0.51,0.06851672582553511,0.38162848230612023,0.3374206733354846,0.21243411853286007,0.5388708247117943
753,817.9590163934427,2.4991803278688525,6.525409836065574,11.90655737704918,1621.1073770491803,6.390803278688525,1.2614754098360657,1.2377049180327868,8.002459016393443,1750.0,2200.0,0.07213114754098361,0.45,0.4778688524590164,0.07456724367509987,0.43419031035542355,0.30267335859879135,0.18856908737068523,0.49524434240734666
754,847.4834437086092,2.003973509933775,5.725165562913907,10.42384105960265,1702.4562913907284,0.9290529801324503,0.9927152317880795,1.0112582781456954,7.480794701986755,1870.0,2220.3,0.019867549668874173,0.44304635761589406,0.5370860927152318,0.06081798866855524,0.3006373937677054,0.3722556657223796,0.26628895184135976,0.5046265697290152
755,829.9565217391304,2.0408163265306123,6.299911268855368,11.960070984915705,1642.4152617568766,-1.1124844720496894,0.9778172138420586,1.0629991126885536,7.562555456965395,1770.0,2193.8,0.0044365572315882874,0.487133984028394,0.5084294587400178,0.07309632758418397,0.3946967030388361,0.34882083773319256,0.1833861316437874,0.5208695652173913
756,771.6615252784918,2.317052270779777,6.972579263067695,12.6426735218509,1573.9391602399314,4.0106426735218506,1.0522707797772066,1.2647814910025708,7.5886889460154245,1690.0,2130.0,0.061696658097686374,0.4910025706940874,0.4473007712082262,0.08943089430894309,0.369579945799458,0.3552393857271906,0.1857497741644083,0.5458579881656804
757,833.3416393442623,1.7311475409836066,5.660327868852459,10.348852459016394,1699.7645901639344,0.029809836065573758,0.879344262295082,0.8518032786885246,7.244590163934427,1856.0,2200.0,0.009836065573770493,0.46229508196721314,0.5278688524590164,0.05847212165097755,0.2843953656770456,0.3690260680666184,0.28810644460535845,0.49204545454545456
758,842.9076335877862,2.4396946564885496,6.050381679389313,11.0793893129771,1677.1312977099237,-1.2201603053435115,1.1557251908396946,1.283969465648855,7.050381679389313,1830.0,2200.0,0.0022900763358778627,0.45267175572519086,0.5450381679389313,0.07135123430056302,0.3495019488956258,0.33899956691208316,0.24014724989172803,0.5262828535669587
759,848.2326621923937,2.0387770320656227,5.771066368381804,10.378821774794929,1665.0402684563758,4.105756897837434,0.9507829977628636,1.0879940343027592,7.803877703206562,1820.0,2160.0,0.07457121551081283,0.42132736763609246,0.5041014168530947,0.07950310559006211,0.43105590062111804,0.30243669374104154,0.18700430004777832,0.5336503291880029
760,827.2163978494624,1.773521505376344,5.938172043010753,10.78494623655914,1664.0060483870968,1.2851545698924731,0.8904569892473119,0.8830645161290323,7.426075268817204,1820.0,2180.0,0.020833333333333332,0.43413978494623656,0.5450268817204301,0.0616289592760181,0.32280542986425337,0.3663348416289593,0.24923076923076923,0.49791587722622205
761,833.1951871657755,2.4616755793226384,6.094474153297683,11.278966131907309,1698.6122994652405,-0.28731729055258465,1.179144385026738,1.2825311942959001,7.213903743315508,1849.0,2304.5,0.0106951871657754,0.4732620320855615,0.516042780748663,0.08191252779836916,0.42154682480850014,0.28650852483320977,0.21003212255992093,0.5209992758870384
762,824.1248062015504,2.108527131782946,6.142635658914728,11.144961240310078,1646.0682170542636,2.7882790697674418,1.0178294573643412,1.0906976744186045,7.748837209302326,1808.0,2155.500000000001,0.04961240310077519,0.4666666666666667,0.48372093023255813,0.07883153261304522,0.3817527010804322,0.33363345338135253,0.20578231292517007,0.5172794117647059
763,869.4463200540175,2.201890614449696,5.901417960837272,10.689399054692775,1695.3632680621201,0.3932613099257259,1.0803511141120865,1.1215395003376096,7.695476029709655,1883.0,2220.0,0.016205266711681297,0.45577312626603644,0.5280216070222823,0.06071773273668509,0.3375449679740283,0.3342107572168114,0.2675265420724752,0.5093529592149647
764,861.1138075313808,2.0493723849372385,6.7489539748953975,12.07866108786611,1625.3991631799163,0.28771548117154805,0.9866108786610879,1.0627615062761506,7.317991631799163,1760.0,2150.0,0.010878661087866108,0.4920502092050209,0.497071129707113,0.0779874213836478,0.38238993710691827,0.33607775871926815,0.2035448827901658,0.518579011841568
765,825.1487263763353,1.9950698438783896,6.587510271158587,11.884141331142153,1579.4650780608054,5.674872637633525,0.9860312243221035,1.009038619556286,7.7658175842235,1710.0,2110.0,0.09695973705834018,0.4650780608052588,0.43796220213640097,0.08274256692413501,0.4066236377102952,0.34461961697174903,0.16601417839382077,0.5057660626029654
766,851.1074546675621,1.4459368703828073,6.1141705842847545,10.974479516453997,1656.502350570853,1.2325990597716587,0.7367360644728005,0.7092008059100067,7.208193418401612,1820.0,2180.0,0.014775016789791807,0.47414372061786436,0.5110812625923439,0.06372868722631138,0.2762508152427094,0.39066430634491756,0.2693561911860617,0.4904784022294473
767,846.2280564263323,2.1598746081504703,6.598746081504702,11.839341692789969,1652.6528213166143,-0.049474921630094086,1.0932601880877744,1.066614420062696,6.997648902821316,1808.5,2260.0,0.01018808777429467,0.4843260188087774,0.5054858934169278,0.07134057565236869,0.37081420091835593,0.3250083995968194,0.23283682383245605,0.49383164005805513
768,831.0466284074605,2.2847919655667144,6.224533715925395,11.401004304160688,1635.3134863701578,3.731334289813486,1.1169296987087518,1.1678622668579628,7.5774748923959825,1801.0,2180.0,0.06312769010043041,0.45265423242467717,0.48421807747489237,0.07554671968190854,0.378585629082647,0.3458297832055287,0.20003786802991574,0.5111459968602826
769,848.5602450646699,1.4213750850918994,5.644656228727025,10.281143635125936,1688.4554118447925,2.5113274336283187,0.7093260721579305,0.7120490129339687,7.746085772634445,1890.0,2221.2000000000003,0.02722940776038121,0.4329475833900613,0.5398230088495575,0.06274716583179542,0.3392213727041041,0.3460761051058968,0.2519553563582037,0.5009578544061303
770,845.5269922879178,1.651242502142245,6.711225364181662,12.408740359897172,1620.7035132819194,-1.4375149957155098,0.8389031705227078,0.8123393316195373,7.572407883461868,1740.0,2177.6000000000004,0.000856898029134533,0.4910025706940874,0.508140531276778,0.07264908905737241,0.4035306099354985,0.33314473237524045,0.19067556863188864,0.4919564089257914
771,822.6427923844062,2.376246600181324,6.699909338168631,12.031731640979148,1622.026291931097,5.687361740707162,1.1967361740707163,1.1795104261106075,7.669084315503174,1739.0,2169.8,0.0843155031731641,0.4886672710788758,0.4270172257479601,0.09055443905899042,0.3966189856957087,0.30204515900224616,0.21078141624305474,0.49637542922548644
772,833.5663329161451,1.1695869837296622,5.4555694618272845,10.03441802252816,1692.974342928661,1.7154380475594493,0.5882352941176471,0.581351689612015,7.2240300375469335,1893.0,2210.0,0.023779724655819776,0.41614518147684604,0.5600750938673341,0.06297643797643798,0.30214830214830213,0.36044698544698545,0.27442827442827444,0.4970572498662386
773,851.4211356466877,2.521293375394322,6.264984227129338,11.317034700315457,1684.6466876971608,-0.43072555205047325,1.139589905362776,1.3817034700315458,7.335173501577287,1860.0,2290.0,0.007886435331230283,0.45741324921135645,0.5347003154574133,0.06816471347166972,0.39748414149016237,0.3273841522416944,0.2069669927964735,0.5480137629027213
774,832.9328244274809,2.496946564885496,6.347328244274809,11.429770992366413,1638.4251908396946,4.200358778625954,1.149618320610687,1.3473282442748091,7.735114503816794,1760.0,2180.0,0.0648854961832061,0.4595419847328244,0.47557251908396947,0.0786539030889174,0.3885325175170236,0.3489588473305043,0.1838547320635547,0.5395903393457658
775,821.6854166666667,1.4104166666666667,5.932638888888889,10.594444444444445,1678.826388888889,2.689736111111111,0.7118055555555556,0.6986111111111111,7.3277777777777775,1820.0,2190.0,0.02847222222222222,0.45625,0.5152777777777777,0.06368460955269144,0.32155041698256254,0.3677975739196361,0.24696739954510993,0.49532250123092075
776,835.3023443815683,2.0064672594987876,6.18431689571544,11.393694421988682,1673.6855295068715,-0.8308892481810832,0.9717057396928052,1.0347615198059823,7.096200485044462,1820.0,2230.0,0.004850444624090542,0.49232012934519,0.5028294260307195,0.07051720209614946,0.354522670312144,0.36762360446570974,0.20733652312599682,0.515713134568896
777,855.3936335403727,1.8517080745341614,6.313664596273292,11.597049689440993,1624.236801242236,3.502857142857143,0.8586956521739131,0.9930124223602484,7.681677018633541,1768.0,2150.0,0.06133540372670807,0.4860248447204969,0.452639751552795,0.08267636951687891,0.39225793410147564,0.32989690721649484,0.1951687891651506,0.5362683438155136
778,835.0303766707169,1.3128797083839612,5.713244228432564,10.147630619684083,1698.5650060753342,1.4009234507897934,0.6567436208991495,0.6561360874848117,7.498784933171325,1880.5,2184.5,0.01761846901579587,0.44106925880923453,0.5413122721749696,0.06011504496475735,0.2828323746252937,0.3756785222393259,0.281374058170623,0.4997686256362795
779,854.0975609756098,1.4413847364280095,5.766325727773407,10.581431943351692,1691.0047206923682,-1.070157356412274,0.6782061369000787,0.7631785995279308,7.625491738788356,1876.0,2190.0,0.0015735641227380016,0.45318646734854445,0.5452399685287176,0.0653115971935617,0.4297358646306232,0.31159719356170035,0.19335534461411474,0.5294759825327511
780,832.493079584775,1.7742214532871972,5.825259515570934,10.935121107266436,1660.5397923875432,2.817871972318339,0.8192041522491349,0.9550173010380623,8.018166089965398,1820.5,2190.0,0.045847750865051905,0.45069204152249137,0.5034602076124568,0.08587765670514619,0.4087819613766318,0.33487970654871074,0.17046067536951126,0.538274012676743
781,843.2684797768479,1.9121338912133892,5.769177126917713,10.528591352859136,1686.2133891213389,1.7329428172942818,0.9400278940027894,0.9721059972105998,7.380753138075314,1843.0,2190.0,0.027196652719665274,0.44630404463040446,0.5264993026499303,0.07123960695389267,0.3453325774754346,0.3195389266817838,0.2638888888888889,0.5083880379285193
782,829.3971255673223,2.104387291981846,6.283661119515885,11.845688350983359,1646.1285930408471,-1.3223222390317702,0.9841149773071104,1.1202723146747353,7.189863842662632,1804.0,2170.0,0.0022692889561270802,0.4848714069591528,0.5128593040847201,0.06722777485533929,0.3746449237243556,0.3408732246186218,0.21725407680168332,0.5323508267433501
783,830.1934984520124,2.6044891640866874,6.284829721362229,11.630030959752322,1623.2004643962848,4.846865325077399,1.2190402476780187,1.3854489164086687,8.00077399380805,1758.0,2190.0,0.06888544891640867,0.4713622291021672,0.45975232198142413,0.07884299119667215,0.4285576085905001,0.30327948147431555,0.18931991873851214,0.5319465081723626
784,848.4260985352863,1.8162450066577895,6.009320905459387,10.966711051930758,1667.517310252996,0.8617043941411451,0.8788282290279628,0.9374167776298269,7.276964047936085,1848.5,2190.0,0.012649800266311585,0.45272969374167776,0.5346205059920106,0.057456541628545285,0.2922232387923147,0.3826166514181153,0.2677035681610247,0.5161290322580645
785,824.8886894075404,1.4730700179533214,7.144524236983842,13.016157989228008,1588.1992818671454,0.29978456014362653,0.7001795332136446,0.7728904847396768,7.726211849192101,1720.0,2150.0,0.010771992818671455,0.5385996409335727,0.4506283662477558,0.07505518763796909,0.4011850819100732,0.3450679679330777,0.17869176251887997,0.5246800731261426
786,841.6134453781513,1.5781512605042016,6.428571428571429,12.419327731092437,1589.9453781512605,3.6955714285714283,0.711764705882353,0.8663865546218488,7.660504201680673,1759.5,2160.0,0.06302521008403361,0.4966386554621849,0.4403361344537815,0.09028082492321193,0.3594778411584028,0.37264150943396224,0.177599824484423,0.5489882854100107
787,858.3738379814077,1.5079681274900398,5.700531208499336,10.49070385126162,1679.6852589641435,-0.30254980079681276,0.7543160690571049,0.7536520584329349,7.290836653386454,1880.0,2180.0,0.00597609561752988,0.448871181938911,0.5451527224435591,0.05792349726775956,0.29143897996357016,0.3652094717668488,0.2854280510018215,0.4997798326728313
788,834.3181473044799,2.049354593773728,6.793470007593014,12.377372817008352,1635.16476841306,-1.236712224753227,0.9506454062262718,1.0987091875474564,7.0364464692482915,1790.0,2230.0,0.002277904328018223,0.4745634016704632,0.5231586940015186,0.06744361713607425,0.3463904176108773,0.35221754613143413,0.23394841912161432,0.5361244905520564
789,841.0168,1.888,6.1592,11.348,1612.7536,5.410416000000001,0.8624,1.0256,7.9752,1740.0,2150.0,0.0776,0.476,0.4464,0.08044939311866788,0.4421707292607082,0.30243755642491726,0.17494232119570668,0.5432203389830509
790,813.309102815979,1.738703339882122,5.726260641781271,10.578912901113293,1675.6476751800917,0.7426457105435494,0.8965291421087099,0.842174197773412,7.226588081204977,1836.0,2180.0,0.021611001964636542,0.46037982973149966,0.5180091683038638,0.05908473040326235,0.3196193928409606,0.3720888083371092,0.24920706841866788,0.48436911487758944
791,823.6202764976958,2.4460829493087557,6.68294930875576,12.4,1644.4700460829492,-1.1940645161290322,1.1161290322580646,1.3299539170506913,7.337327188940092,1781.0,2269.2,0.005529953917050691,0.5069124423963134,0.4875576036866359,0.0808943600050245,0.4147720135661349,0.29368169827911067,0.21065192814972994,0.5437076111529766
792,785.5689783743475,1.546607009694258,6.261744966442953,11.68158090976883,1610.4802386278895,2.4239895600298285,0.7076808351976137,0.8389261744966443,7.527218493661446,1767.0,2120.0,0.04623415361670395,0.48322147651006714,0.47054436987322895,0.07994848424806816,0.38032494551218543,0.3358430750941153,0.20388349514563106,0.5424300867888139
793,839.1562091503268,2.1901960784313728,5.701960784313726,10.083660130718954,1711.370588235294,0.4467516339869281,1.0640522875816993,1.1261437908496732,7.541830065359477,1894.5,2220.0,0.01437908496732026,0.4411764705882353,0.5444444444444444,0.06092382355490077,0.33616431233209115,0.3347777103735159,0.2681341537394922,0.5141748731721874
794,849.0103537532356,1.7644521138912856,6.340811044003451,11.519413287316652,1649.2053494391716,0.43942191544434855,0.8792062122519413,0.8852459016393442,7.3140638481449525,1820.0,2210.0,0.013805004314063849,0.47799827437446074,0.5081967213114754,0.07420077857732689,0.3878730683024655,0.3495340332664858,0.18839211985372184,0.5017114914425428
795,792.7075873827793,1.5396419437340154,6.422847399829497,11.982949701619779,1566.6726342710997,7.69376811594203,0.7280477408354646,0.8115942028985508,7.693947144075021,1690.0,2123.2,0.08780903665814152,0.4697357203751066,0.4424552429667519,0.0863157894736842,0.41484764542936287,0.3257617728531856,0.17307479224376732,0.5271317829457365
796,827.1201079622132,1.2402159244264508,5.775303643724697,10.741565452091768,1673.7759784075574,-0.5278475033738191,0.6369770580296896,0.6032388663967612,7.206477732793522,1870.5,2169.7000000000003,0.009446693657219974,0.4574898785425101,0.5330634278002699,0.06301498127340824,0.28071161048689136,0.3862359550561798,0.2700374531835206,0.48639825897714906
797,843.6058631921824,2.1319218241042344,5.935667752442996,11.132736156351791,1685.6905537459284,-0.6323941368078176,1.0651465798045603,1.0667752442996743,7.251628664495114,1882.5,2240.0,0.005700325732899023,0.4837133550488599,0.510586319218241,0.07209432902863559,0.37237507018528915,0.3357664233576642,0.219764177428411,0.5003819709702063
798,818.5183321351545,1.8468727534148095,6.052480230050324,11.286125089863408,1657.9007907979872,4.5154780733285405,0.9137311286843998,0.9331416247304097,7.78001437814522,1796.0,2246.0,0.06182602444284687,0.47591660675772823,0.46225736879942486,0.07420070227314729,0.3838477176122713,0.3428201811125485,0.1991313990020329,0.5052549630206306
799,820.4401850627892,1.6523463317911433,5.419695968274951,10.031064111037674,1696.5723727693326,2.925670852610707,0.8195637805684072,0.8327825512227363,7.605419695968275,1890.0,2220.0,0.0356906807666887,0.4170522141440846,0.5472571050892266,0.06118015121230555,0.34492048318414875,0.34422525419309985,0.24967411141044582,0.504
800,841.4212662337662,1.8327922077922079,5.833603896103896,10.83685064935065,1694.6663961038962,-0.3699107142857143,0.911525974025974,0.9212662337662337,7.3433441558441555,1858.5,2260.0,0.007305194805194805,0.48214285714285715,0.510551948051948,0.06930474190339339,0.39858516635348734,0.3324859069304742,0.19962418481264507,0.5026572187776793
801,808.144,2.5813333333333333,6.009777777777778,11.422222222222222,1637.9422222222222,5.804222222222222,1.2817777777777777,1.2995555555555556,7.5137777777777774,1776.0,2201.6,0.08088888888888889,0.47555555555555556,0.44355555555555554,0.09168342600260262,0.40600970069797704,0.3022595528214835,0.20004732047793683,0.5034435261707989
802,853.2263322884013,1.2884012539184952,5.260188087774295,10.001880877742947,1697.92539184953,0.7914420062695924,0.6639498432601881,0.6244514106583072,7.35987460815047,1880.0,2200.0,0.01755485893416928,0.4470219435736677,0.535423197492163,0.0626118067978533,0.2995144390493228,0.3626373626373626,0.2752363915154613,0.4846715328467153
803,811.5118670886076,2.231012658227848,6.10126582278481,11.487341772151899,1680.575158227848,-0.7477927215189873,1.1210443037974684,1.1099683544303798,7.472310126582278,1830.0,2340.0,0.003955696202531646,0.49050632911392406,0.5055379746835443,0.06659608258337744,0.38867125463208047,0.322075172048703,0.22265749073583907,0.4975177304964539
804,816.8884917798428,2.1515368120085774,6.533238027162259,12.3180843459614,1611.914939242316,4.9041458184417435,1.0178699070764832,1.1336669049320944,7.6290207290922085,1712.0,2223.6000000000004,0.0764832022873481,0.49463902787705505,0.42887776983559683,0.078703269933477,0.3821793310222056,0.3541647147006465,0.18495268434367096,0.5269102990033223
805,839.3307529908515,1.441942294159043,5.494018296973962,10.393384940182969,1672.4919071076706,2.0885995777621393,0.7438423645320197,0.6980999296270233,7.441942294159043,1850.0,2195.0,0.024630541871921183,0.44053483462350457,0.5348346235045742,0.06524822695035461,0.3237825059101655,0.3625531914893617,0.2484160756501182,0.48413860419716936
806,813.1884773662551,1.5901234567901235,6.108641975308642,11.618930041152263,1659.085596707819,-0.8334979423868313,0.782716049382716,0.8074074074074075,7.187654320987654,1829.0,2210.0,0.005761316872427984,0.49382716049382713,0.5004115226337449,0.07214015802129853,0.36161685560517576,0.36001374098248023,0.20622924539104545,0.5077639751552795
807,842.8807692307693,1.6223076923076922,6.0,11.458461538461538,1610.7146153846154,5.530861538461538,0.7323076923076923,0.89,7.584615384615384,1768.0,2160.9000000000015,0.07615384615384616,0.46384615384615385,0.46,0.08235294117647059,0.38742393509127787,0.3262677484787018,0.2039553752535497,0.5486012328117591
808,861.412609238452,1.205992509363296,5.16916354556804,9.434456928838951,1733.121722846442,0.33343945068664166,0.6173533083645443,0.5886392009987516,7.602372034956304,1930.0,2220.0,0.012484394506866416,0.42946317103620474,0.5580524344569289,0.05887182855735282,0.2786764102143033,0.377206667214057,0.2852450940142869,0.4880952380952381
809,835.7405119152692,1.470432480141218,6.1350397175639895,11.330097087378642,1656.6098852603707,0.7102647837599294,0.705207413945278,0.76522506619594,7.9443954104148276,1863.0,2170.0,0.01500441306266549,0.4880847308031774,0.4969108561341571,0.06921453171869792,0.450061104321742,0.3115209421175425,0.16920342184201756,0.5204081632653061
810,833.3030794165317,1.4894651539708266,6.59643435980551,11.951377633711507,1617.9894651539707,2.3906077795786063,0.6961102106969206,0.793354943273906,7.744732576985413,1778.5,2170.0,0.04538087520259319,0.4813614262560778,0.473257698541329,0.08381291200167416,0.4101705556136863,0.3366119075023543,0.16940462488228525,0.5326441784548422
811,838.8395522388059,1.585820895522388,5.827611940298508,10.81865671641791,1687.1910447761195,-0.17867910447761198,0.8238805970149253,0.7619402985074627,7.395522388059701,1888.0,2200.600000000001,0.008208955223880597,0.44925373134328356,0.5425373134328358,0.06629667003027245,0.32896064581231077,0.3403632694248234,0.26437941473259335,0.4804705882352941
812,841.9251170046801,1.3806552262090483,6.370514820592824,11.739469578783151,1633.603744149766,-0.7794071762870515,0.6396255850234009,0.7410296411856474,7.343213728549142,1800.0,2137.5000000000005,0.0070202808112324495,0.49297971918876754,0.5,0.06692160611854685,0.369980879541109,0.3431060123220735,0.21999150201827067,0.536723163841808
813,846.9501915708812,2.0965517241379312,6.337164750957855,11.696551724137931,1619.0812260536397,3.4211187739463598,0.9816091954022989,1.1149425287356323,7.831417624521073,1723.0,2160.0,0.055938697318007664,0.47662835249042146,0.4674329501915709,0.07886497064579256,0.42475538160469667,0.3098825831702544,0.18649706457925636,0.5317982456140351
814,880.4087638979726,1.355134074558535,5.525179856115108,10.225637671680838,1672.160889470242,1.3846173969914977,0.6893394375408763,0.6657946370176586,7.349901896664487,1858.0,2155.6000000000004,0.020928711576193592,0.41792020928711576,0.5611510791366906,0.06300053390282968,0.29382452393664354,0.38218544224951057,0.2609894999110162,0.49131274131274133
815,865.2606007067138,1.7897526501766785,6.206713780918728,11.476148409893993,1654.469964664311,0.23567137809187277,0.9037102473498233,0.8860424028268551,7.4143109540636045,1826.5,2200.0,0.009717314487632508,0.4920494699646643,0.49823321554770317,0.07482425831049684,0.40521863457643276,0.34886214702728463,0.17109496008578579,0.4950641658440276
816,861.9678935003916,1.639780736100235,6.651527016444793,12.366483946750195,1580.3876272513703,2.4985826155050903,0.7345340642129993,0.9052466718872357,7.5403288958496475,1718.0,2130.0,0.05559906029757244,0.48864526233359434,0.4557556773688332,0.08505556132516356,0.361304392979541,0.3681586872987849,0.18548135839651053,0.5520534861509073
817,877.6578947368421,1.5121457489878543,5.3576248313090415,9.668016194331983,1718.3670715249661,-0.40750337381916335,0.8225371120107963,0.689608636977058,7.350877192982456,1900.0,2179.5000000000005,0.005398110661268556,0.41295546558704455,0.581646423751687,0.05581053791077657,0.28602900679272997,0.37387552781347533,0.2842849274830182,0.45604640785363676
818,866.4374034003091,1.3755795981452859,6.560278207109738,11.90340030911901,1630.660741885626,-1.2341885625965996,0.6931993817619784,0.6823802163833076,7.292117465224111,1797.0,2140.0,0.0015455950540958269,0.4775888717156105,0.5208655332302936,0.06846121237812633,0.3443196269605765,0.3470750317931327,0.24014412886816447,0.4960674157303371
819,848.7463149728471,1.9239720713731574,7.211016291698991,12.808378588052754,1562.3056633048875,4.185593483320403,0.8510473235065943,1.0729247478665633,7.994569433669511,1698.0,2128.4,0.07525213343677269,0.4716834755624515,0.4530643910007758,0.07986414361960213,0.44095099466278503,0.30616205725376033,0.1730228044638525,0.5576612903225806
820,863.5781959766385,1.4042829331602855,5.765087605451006,10.73264114211551,1656.3770279039584,0.6000908500973394,0.7105775470473719,0.6937053861129137,7.243997404282934,1840.0,2150.0,0.012978585334198572,0.4334847501622323,0.5535366645035691,0.06485711726238466,0.3184627788228971,0.3686285048822001,0.24805159903251814,0.493992606284658
821,836.2161921708185,2.7348754448398576,6.903914590747331,12.57473309608541,1632.238434163701,-1.5021975088967972,1.3051601423487544,1.4297153024911031,7.155693950177936,1787.5,2200.0,0.0008896797153024911,0.4830960854092527,0.5160142348754448,0.08118861121472087,0.40805669526296157,0.2819843342036554,0.2287703593186622,0.5227716330513988
822,836.6853582554517,1.7102803738317758,6.238317757009346,11.42056074766355,1618.2725856697818,2.9270093457943926,0.8255451713395638,0.8847352024922118,7.633177570093458,1770.0,2120.0,0.06542056074766354,0.45872274143302183,0.47585669781931467,0.0793796551372309,0.37863483318028773,0.33639424548515456,0.20559126619732682,0.517304189435337
823,843.6524137931034,2.3082758620689656,5.756551724137931,10.359310344827586,1723.7806896551724,-1.1070689655172414,1.156551724137931,1.1517241379310346,7.464137931034482,1890.5,2220.0,0.002758620689655172,0.4579310344827586,0.5393103448275862,0.05774738981798023,0.3323477778804398,0.3347500692968678,0.2751547630047122,0.49895428742157155
824,848.2347188264059,1.676446617766911,6.590057049714751,12.009779951100244,1607.762021189894,1.409722901385493,0.8451507742461287,0.8312958435207825,7.165444172779136,1742.0,2150.0,0.017114914425427872,0.5028524857375714,0.4800325998370008,0.07085987261146497,0.37590991810737034,0.3398544131028208,0.21337579617834396,0.49586776859504134
825,816.7556451612903,1.8072580645161291,6.728225806451613,12.375,1564.5225806451613,5.492403225806451,0.8370967741935483,0.9701612903225807,7.868548387096774,1687.0,2130.0,0.075,0.4991935483870968,0.4258064516129032,0.08281233985856308,0.4047350620067644,0.3430357691913498,0.16941682894332274,0.536813922356091
826,840.5065789473684,1.5388157894736842,6.153947368421052,11.298684210526316,1652.6796052631578,0.0844473684210526,0.7703947368421052,0.7684210526315789,7.208552631578947,1840.0,2170.0,0.009868421052631578,0.46842105263157896,0.5217105263157895,0.06260837820571324,0.2789997262024277,0.3876060965592772,0.27078579903258193,0.4993587002992732
827,869.9301032565528,2.401906274821287,6.148530579825258,11.445591739475775,1662.5877680698968,-0.1333121525019857,1.1620333598093726,1.2398729150119143,7.171564733915806,1850.0,2215.0,0.007148530579825258,0.4765687053216839,0.5162827640984908,0.07376232140879388,0.36936537822571713,0.32384538708605604,0.23302691327943295,0.5162037037037037
828,865.3560767590618,1.7725657427149963,6.088130774697939,11.125799573560768,1649.3795309168443,3.2708315565031985,0.822316986496091,0.9502487562189055,7.648898365316276,1803.0,2160.0,0.051883439943141436,0.48685145700071075,0.4612651030561478,0.07489314253856161,0.37483739081955025,0.3485411633525367,0.20172830328935143,0.5360866078588613
829,851.131926121372,1.3594986807387863,5.722955145118734,10.447889182058047,1640.3218997361478,4.081312664907651,0.691952506596306,0.6675461741424802,7.5679419525065965,1810.5,2160.0,0.037598944591029027,0.45184696569920846,0.5105540897097626,0.06336616403730498,0.3392312385600976,0.34428658589732414,0.25311601150527324,0.4910237748665696
830,838.2704987320371,1.8072696534234995,7.090448013524937,13.04902789518174,1577.2459847844464,-1.4383009298393914,0.9010989010989011,0.9061707523245984,7.25781910397295,1680.0,2140.0,0.0033812341504649195,0.5570583262890956,0.43956043956043955,0.06976473328674586,0.4103191241556021,0.3178430002329373,0.20207314232471466,0.5014031805425632
831,841.3788395904437,2.724402730375427,6.2209897610921505,11.367747440273037,1630.778156996587,3.7384300341296925,1.3233788395904438,1.401023890784983,7.343003412969283,1777.0,2170.0,0.05887372013651877,0.46757679180887374,0.4735494880546075,0.09226121310713456,0.3949570067394841,0.3094352777132233,0.20334650244015803,0.5142499217037269
832,881.7449622166247,1.4955919395465995,5.55919395465995,10.045969773299747,1685.442065491184,1.0069395465994961,0.7531486146095718,0.7424433249370277,7.302267002518891,1890.0,2180.0,0.01700251889168766,0.43702770780856426,0.5459697732997482,0.06053811659192825,0.30062090375991724,0.3615039668851328,0.27733701276302175,0.49642105263157893
833,850.5540958268933,2.3887171561051006,5.3268933539412675,10.038639876352395,1735.8570324574962,-1.2149227202472954,1.1993817619783618,1.1893353941267388,7.2727975270479135,1896.0,2298.2000000000003,0.0030911901081916537,0.437403400309119,0.5595054095826894,0.06789926681542875,0.39305068536818616,0.31792583147380726,0.22112421634257784,0.4978971206729214
834,866.6894457099469,2.0531511009870917,6.185269552012149,11.347760060744115,1611.9240698557328,4.733819286256644,0.9331814730447988,1.119969627942293,7.662870159453303,1750.0,2130.0,0.08428246013667426,0.47380410022779046,0.4419134396355353,0.0786761791518034,0.3762386048355133,0.36424891002774473,0.18083630598493858,0.5454881656804734
835,869.4448951994591,1.7119675456389452,5.345503718728871,9.565922920892495,1695.0655848546314,2.9948951994590938,0.8735632183908046,0.8384043272481406,7.31710615280595,1880.0,2180.0,0.03515889114266396,0.39080459770114945,0.5740365111561866,0.06884124930696729,0.33006837922749954,0.3628719275549806,0.23821844391055258,0.48973143759873616
836,868.2561284868978,1.6551141166525782,6.485207100591716,11.609467455621301,1637.0456466610312,-0.8134742180896027,0.7827557058326289,0.8723584108199492,7.352493660185968,1770.0,2160.0,0.00422654268808115,0.48689771766694845,0.5088757396449705,0.07082087836284204,0.35123016785467925,0.36180731202575306,0.21614164175672568,0.5270684371807968
837,871.561755952381,2.072172619047619,6.1086309523809526,11.09375,1628.561755952381,4.4538690476190474,0.9486607142857143,1.1235119047619047,7.472470238095238,1757.5,2150.0,0.07366071428571429,0.48586309523809523,0.44047619047619047,0.07965747286667331,0.3927113412326994,0.32749178532311063,0.20013940057751667,0.5421903052064632
838,877.1184863523573,1.7338709677419355,5.687344913151365,10.092431761786601,1688.7915632754343,-0.04475186104218363,0.8511166253101737,0.8827543424317618,7.5173697270471465,1890.0,2160.0,0.011786600496277916,0.4218362282878412,0.5663771712158809,0.056610001650437364,0.27809869615448096,0.37910546294768116,0.28618583924740054,0.50912343470483
839,876.682382133995,1.511166253101737,6.305210918114144,11.665012406947891,1633.8775847808106,-1.0821339950372209,0.7667493796526055,0.7444168734491315,7.471464019851116,1814.0,2130.0,0.004962779156327543,0.4813895781637717,0.5136476426799007,0.06863721908557512,0.44093878002878334,0.2993468393667663,0.19107716151887524,0.49261083743842365
840,869.4525368248773,1.9549918166939444,6.6636661211129296,12.036824877250409,1607.8764320785597,2.4434533551554827,0.8895253682487725,1.065466448445172,7.6759410801964,1730.0,2150.0,0.049099836333878884,0.5065466448445172,0.44435351882160395,0.08422174840085288,0.3961620469083156,0.3392324093816631,0.18038379530916845,0.5449979070740896
841,877.6461649782923,1.8972503617945007,5.520984081041968,10.082489146164978,1697.294500723589,0.19313314037626625,0.9732272069464544,0.9240231548480463,7.2178002894356,1889.5,2170.0,0.011577424023154847,0.45803183791606367,0.5303907380607815,0.06927318295739349,0.3256140350877193,0.33032581453634086,0.27478696741854636,0.4870327993897788
842,881.4504,1.7624,5.696,10.5776,1683.168,-0.632144,0.8456,0.9168,7.424,1886.5,2180.0,0.008,0.4408,0.5512,0.06810344827586207,0.375323275862069,0.3492456896551724,0.20732758620689656,0.5201997276441217
843,847.0455655004068,1.8291293734743694,6.435313262815297,12.220504475183075,1577.2774613506915,2.6858014646053703,0.8982912937347437,0.9308380797396257,7.82912937347437,1751.0,2135.6000000000004,0.043124491456468676,0.5085435313262815,0.4483319772172498,0.0815838702972355,0.41384327582623154,0.3130326335481189,0.19154022032841406,0.5088967971530249
844,887.638425617078,1.695797198132088,5.542361574382922,10.357571714476318,1682.0700466977985,-0.2729686457638426,0.8805870580386924,0.8152101400933957,7.2588392261507675,1890.0,2160.0,0.00733822548365577,0.4496330887258172,0.543028685790527,0.05808289679257421,0.28646264130135096,0.3904052936311001,0.2650491682749747,0.48072383949645947
845,862.4466437177281,1.6523235800344234,6.534423407917384,12.195352839931154,1621.709122203098,-0.08528399311531844,0.7375215146299484,0.9148020654044751,7.491394148020654,1791.5,2220.0,0.011187607573149742,0.5232358003442341,0.4655765920826162,0.07352096496266514,0.3842619184376795,0.35738081562320506,0.18483630097645032,0.5536458333333333
846,876.3368592351505,1.9731489015459724,6.353946297803092,11.393002441008951,1626.8258746948738,2.8069243287225385,0.8828315703824248,1.0903173311635477,7.573637103336045,1775.0,2140.0,0.05695687550854353,0.49389747762408465,0.44914564686737185,0.08283197249677697,0.3545337344220026,0.37730984099699183,0.18532445208422862,0.5525773195876289
847,889.719512195122,1.1790757381258024,5.465340179717587,9.870988446726573,1673.8350449293966,1.8386071887034658,0.5725288831835686,0.6065468549422336,7.208600770218228,1880.0,2138.3,0.018613607188703467,0.4396662387676508,0.5417201540436457,0.06277268275309411,0.28643931974000536,0.36604042382690766,0.28474757367999287,0.5144256940664126
848,865.588512981904,1.5059008654602675,6.129819040125885,10.994492525570417,1672.3461841070023,-1.2144925255704169,0.6758457907159717,0.8300550747442959,7.261998426435877,1840.0,2130.0,0.0015735641227380016,0.4940991345397325,0.5043273013375295,0.06912242686890574,0.3466955579631636,0.35102925243770317,0.23315276273022753,0.5512016718913271
849,843.3307086614174,1.2291338582677165,6.081889763779528,10.961417322834645,1609.4566929133857,5.633543307086614,0.5645669291338583,0.6645669291338583,7.67244094488189,1753.0,2130.0,0.08582677165354331,0.46141732283464565,0.452755905511811,0.07799671592775041,0.4318555008210181,0.3099343185550082,0.18021346469622332,0.5406790518898142
850,857.7788267026298,1.2778152393796358,5.5650708024275115,10.095751854349292,1693.894133513149,-0.5223398516520567,0.6668914362778152,0.6109238031018206,7.292650033715442,1900.0,2157.2,0.006068779501011463,0.445043830074174,0.5488873904248146,0.05889967637540453,0.31604253351826167,0.37623670827554323,0.24882108183079057,0.47810026385224275
851,843.0998185117967,1.9655172413793103,6.8774954627949185,12.342105263157896,1617.1833030852995,-1.3038656987295827,0.9600725952813067,1.0054446460980035,7.044464609800363,1777.0,2172.8,0.0018148820326678765,0.52994555353902,0.46823956442831216,0.07909313409764267,0.4150457297436558,0.2845549401004766,0.2213061960582249,0.5115420129270545
852,862.5909428359317,1.6859688195991092,5.819599109131403,10.587230883444692,1651.5107646622123,2.486057906458797,0.8188567186340014,0.8671121009651076,7.500371195248701,1841.0,2140.0,0.051224944320712694,0.45434298440979953,0.49443207126948774,0.07641294664951005,0.3800851232307235,0.34227457190933386,0.20122735821043256,0.5143108762659622
853,869.6347062795409,1.4321404456448346,5.636056718433491,10.170830519918974,1685.8568534773801,0.23490209318028357,0.7407157326130993,0.6914247130317354,7.446320054017556,1883.0,2170.0,0.008102633355840648,0.4510465901417961,0.5408507765023632,0.05794341675734494,0.33124773304316285,0.3401342038447588,0.27067464635473343,0.4827911362564828
854,854.3867768595042,1.493388429752066,6.64297520661157,12.033884297520661,1615.3595041322315,-1.2286280991735539,0.7619834710743801,0.731404958677686,7.089256198347107,1779.0,2130.0,0.001652892561983471,0.5115702479338843,0.48677685950413224,0.07414315691303335,0.3751457216134297,0.34413616227558874,0.20657495919794824,0.48976203652462647
855,836.5998322147651,1.0159395973154361,6.152684563758389,11.050335570469798,1595.5847315436242,7.210427852348993,0.4748322147651007,0.5411073825503355,7.898489932885906,1734.0,2110.0,0.09815436241610738,0.44043624161073824,0.46140939597315433,0.0831651619755709,0.4093467870419543,0.34306956983536907,0.1644184811471057,0.532617671345995
856,867.0492866407263,1.1361867704280155,5.264591439688716,9.448767833981842,1710.1381322957197,-0.3651750972762646,0.585603112840467,0.5505836575875487,6.956549935149157,1930.0,2170.0,0.005836575875486381,0.42347600518806744,0.5706874189364461,0.05966253379323203,0.2758459960846462,0.3892048102917871,0.2752866598303347,0.4845890410958904
857,900.1857923497267,1.1530054644808743,6.097580015612802,11.060109289617486,1645.8095238095239,-0.3701014832162373,0.5441061670569868,0.6088992974238876,7.14207650273224,1840.0,2120.0,0.00858704137392662,0.45901639344262296,0.5323965651834505,0.06995300032790469,0.36452071264619085,0.3363209093890043,0.22920537763690021,0.5280974949221394
858,878.858511422255,1.776713338246131,5.6757553426676495,10.190862196020634,1664.6698599852616,3.9999410464259397,0.8585114222549742,0.918201915991157,7.814296241709654,1801.0,2140.0,0.06263817243920412,0.47015475313190863,0.46720707442888726,0.07468879668049792,0.37231233496793664,0.3543002640513014,0.19869860430026406,0.5167980091248444
859,854.3782894736842,1.3072368421052631,5.596052631578948,10.0625,1665.2940789473685,2.6397368421052634,0.6578947368421053,0.6493421052631579,7.474342105263158,1870.0,2160.0,0.025657894736842105,0.43026315789473685,0.5440789473684211,0.060734090308951674,0.33685415016283776,0.3503212745356923,0.25209048499251824,0.4967287367891293
860,852.4124293785311,1.5722356739305892,6.198547215496368,11.248587570621469,1653.9790153349475,-0.7702582728006457,0.8062953995157385,0.7659402744148507,7.042776432606941,1856.0,2157.6000000000004,0.004842615012106538,0.48991121872477805,0.5052461662631155,0.07047902819161128,0.4005271602108641,0.3370387348154939,0.19195507678203072,0.48716632443531827
861,843.5274725274726,1.94843617920541,6.50464919695689,11.328825021132714,1643.046491969569,3.3551901944209637,0.9256128486897718,1.0228233305156382,7.389687235841082,1783.0,2180.0,0.060016906170752324,0.4657650042265427,0.474218089602705,0.08796614047128803,0.39430336307481123,0.3132006405856783,0.20452985586822237,0.5249457700650759
862,873.5490445859873,1.2547770700636942,5.368152866242038,9.670063694267515,1697.800636942675,-0.6830318471337581,0.5853503184713376,0.6694267515923567,7.346496815286624,1925.5,2140.0,0.006369426751592357,0.40573248407643314,0.5878980891719745,0.061903936188659615,0.29833535633778396,0.3605860932894052,0.2791746141841512,0.533502538071066
863,873.4156378600823,2.376131687242798,5.8880658436213995,10.4880658436214,1714.3358024691358,-1.4583209876543208,1.0674897119341564,1.308641975308642,7.517695473251028,1900.0,2240.0,0.0008230452674897119,0.45843621399176954,0.5407407407407407,0.0672213707028684,0.394788701554631,0.3396102474271951,0.19837968031530545,0.5507447177000346
864,880.151189562548,1.831926323867997,5.894090560245587,10.380660015349195,1643.524942440522,5.659585571757482,0.896392939370683,0.9355333844973139,7.698388334612432,1800.0,2140.0,0.08825786646201074,0.43591711435149655,0.4758250191864927,0.0791546206759047,0.37872594955637523,0.3661648888445818,0.17595454092313828,0.5106828655215752
865,856.3513328776487,1.2200956937799043,5.3328776486671225,9.438824333561175,1687.2043745727956,4.761531100478469,0.5987696514012304,0.621326042378674,7.3841421736158575,1890.0,2170.0,0.047163362952836636,0.4183185235816815,0.5345181134654818,0.06590761825418866,0.3249097472924188,0.36545404054429326,0.24372859390909932,0.5092436974789916
866,864.8920922570017,1.4489291598023064,5.967874794069193,10.733113673805601,1671.1507413509062,0.03576606260296537,0.6968698517298187,0.7520593080724877,7.239703459637561,1869.0,2187.9000000000005,0.008237232289950576,0.46622734761120266,0.5255354200988468,0.0730458527705086,0.3515758334281488,0.3630674707020139,0.2123108430993287,0.519044911881751
867,882.6443418013857,1.7736720554272518,6.321785989222479,11.10161662817552,1616.2193995381062,4.8846805234796,0.8090839107005389,0.9645881447267128,7.593533487297922,1760.0,2120.0,0.07544264819091609,0.4634334103156274,0.4611239414934565,0.08313057583130576,0.3799675587996756,0.32968369829683697,0.20721816707218166,0.5438368055555556
868,887.0988664987406,1.241183879093199,5.704030226700252,10.146725440806046,1690.4722921914358,-0.11881612090680099,0.5806045340050378,0.6605793450881612,7.6517632241813605,1900.0,2170.0,0.013853904282115869,0.4250629722921914,0.5610831234256927,0.056127067731050945,0.2757797712122459,0.38293144597152495,0.2851617150851782,0.5322171486555048
869,880.3770491803278,1.6729508196721312,5.557377049180328,9.714754098360656,1722.6401639344263,-0.40297540983606556,0.8139344262295082,0.8590163934426229,7.6811475409836065,1930.0,2180.0,0.009016393442622951,0.42295081967213116,0.5680327868852459,0.06797566961903746,0.428556183971828,0.30807811332835344,0.19539003308078112,0.5134737873591376
870,861.225,1.535344827586207,6.142241379310345,11.088793103448277,1634.0051724137932,3.074413793103448,0.6741379310344827,0.8612068965517241,7.958620689655173,1810.0,2150.0,0.05517241379310345,0.47758620689655173,0.4672413793103448,0.08470537261698441,0.37770797227036396,0.3478119584055459,0.18977469670710573,0.5609208309938237
871,866.428679817906,1.772382397572079,5.7693474962063735,10.401365705614568,1700.9036418816388,0.250432473444613,0.8968133535660091,0.8755690440060698,7.450682852807284,1870.0,2190.0,0.013657056145675266,0.42564491654021247,0.5606980273141123,0.06690427698574337,0.3278004073319756,0.3354378818737271,0.269857433808554,0.4940068493150685
872,878.5861003861004,1.664092664092664,5.957528957528957,10.646332046332047,1685.1142857142856,-0.5438455598455599,0.7536679536679537,0.9104247104247104,7.281853281853282,1878.0,2190.0,0.007722007722007722,0.45791505791505793,0.5343629343629344,0.06595970307529163,0.3750795334040297,0.34687168610816543,0.21208907741251326,0.5470997679814386
873,863.8474708171207,1.8077821011673152,6.621789883268482,11.983657587548638,1589.3486381322957,2.6686459143968873,0.8560311284046692,0.9517509727626459,7.860700389105058,1740.0,2130.0,0.051361867704280154,0.4801556420233463,0.46848249027237354,0.07632907632907633,0.4166914166914167,0.3153153153153153,0.19166419166419166,0.5264743865690917
874,881.115107913669,1.5480706344015696,5.771746239372138,10.518639633747547,1662.230215827338,0.6867560497056899,0.7671680837148463,0.7809025506867233,7.277305428384565,1880.0,2140.0,0.015042511445389144,0.43623283191628515,0.5487246566383257,0.06335939606362902,0.2874090051226746,0.3815943201222252,0.2676372786914712,0.5044359949302915
875,835.1618293755497,1.4916446789797713,6.512752858399296,11.727352682497802,1626.4124890061566,0.28570800351802994,0.7229551451187335,0.7686895338610378,7.4485488126649075,1800.0,2164.0,0.011433597185576077,0.4890061565523307,0.4995602462620932,0.0749793364033534,0.39166371472428857,0.35435116306529696,0.17900578580706106,0.5153301886792453
876,870.0204402515724,1.7429245283018868,5.988207547169812,10.64308176100629,1649.2948113207547,4.46940251572327,0.8404088050314465,0.9025157232704403,7.341194968553459,1831.5,2140.0,0.06839622641509434,0.41037735849056606,0.5212264150943396,0.08652816448918398,0.3497536945812808,0.37813236239023346,0.18558577853930178,0.5178168696436626
877,880.4820867379007,1.2080452545568825,5.354494028912634,9.554368321810182,1702.9918290383407,1.4687240729101192,0.6109365179132621,0.5971087366436204,7.174104336895034,1910.0,2160.0,0.02199874292897549,0.3997485857950974,0.578252671275927,0.06343087436481513,0.2886805677238479,0.3629752934992115,0.28491326441212544,0.49427679500520294
878,870.0624505928854,1.3691699604743084,6.53596837944664,11.67588932806324,1624.405533596838,-0.32382608695652176,0.633201581027668,0.7359683794466403,7.158102766798419,1800.0,2130.0,0.008695652173913044,0.4735177865612648,0.5177865612648221,0.07023743787962451,0.34986195472114856,0.3464384318056323,0.2334621755935947,0.5375288683602771
879,846.2549467275495,1.3409436834094368,6.117199391171994,10.982496194824963,1612.9619482496196,4.767945205479452,0.6757990867579908,0.665144596651446,7.607305936073059,1787.0,2130.0,0.0776255707762557,0.4680365296803653,0.454337899543379,0.08083233293317327,0.40836334533813523,0.32002801120448177,0.19077631052420968,0.4960272417707151
880,907.7421299397187,1.3549899531145344,5.567983924983255,10.007367716008037,1693.6671131949097,-0.4671868720696584,0.7119892833221702,0.6430006697923644,7.244474212993972,1880.0,2150.0,0.006697923643670462,0.4434025452109846,0.549899531145345,0.06000369822485207,0.3119452662721893,0.37666420118343197,0.25138683431952663,0.4745427582797825
881,869.0233393177738,2.5224416517055657,6.450628366247756,11.311490125673249,1685.6014362657093,-0.9916157989228008,1.2307001795332135,1.291741472172352,7.209156193895871,1840.0,2250.0,0.005385996409335727,0.4919210053859964,0.5026929982046678,0.0789440916448761,0.4059270327481011,0.29311418254264726,0.22201469306437555,0.5120996441281139
882,841.8643439584878,2.144551519644181,6.23943661971831,11.138621200889547,1639.3721275018531,2.7725426241660487,1.0259451445515197,1.1186063750926611,7.565604151223129,1788.0,2140.0,0.05707931801334322,0.4714603409933284,0.4714603409933284,0.07995296884185774,0.3803644914756026,0.33931020968058007,0.20037233000195964,0.5216038714137573
883,868.8515369522564,1.76324395029431,5.618705035971223,10.173969914977109,1684.021582733813,1.4610529758011772,0.8436886854153042,0.9195552648790059,7.34597776324395,1874.0,2190.0,0.02158273381294964,0.4133420536298234,0.5650752125572269,0.06187678062678063,0.33262108262108264,0.34045584045584043,0.2650462962962963,0.521513353115727
884,863.1158645276292,1.6871657754010696,6.8698752228163995,12.246880570409981,1595.3761140819965,-1.4020142602495542,0.8449197860962567,0.8422459893048129,7.409982174688057,1771.0,2110.0,0.0035650623885918,0.5089126559714795,0.4875222816399287,0.07144575414962713,0.378157324993986,0.3473658888621602,0.20303103199422662,0.49920760697305866
885,861.8925421010425,1.280673616680032,6.304731355252606,11.04410585404972,1604.2878909382518,4.584683239775462,0.6086607858861267,0.6720128307939054,7.7473937449879715,1741.0,2100.0,0.07217321571772253,0.4715316760224539,0.45629510825982356,0.08384225235482869,0.40534106200186315,0.34582341372528724,0.1649932719180209,0.5247338760175329
886,881.3960995292535,1.104909213180901,5.62542030934768,9.648957632817753,1681.616677874916,1.5406388702084732,0.5480833893745797,0.5568258238063215,7.212508406186954,1870.0,2140.0,0.017484868863483525,0.4357767316745124,0.5467383994620041,0.06461538461538462,0.2739393939393939,0.38974358974358975,0.2717016317016317,0.5039561777236762
887,872.3541666666666,1.9879807692307692,6.292467948717949,11.314903846153847,1650.9326923076924,-0.6765384615384615,0.9743589743589743,1.013621794871795,7.147435897435898,1837.0,2170.0,0.004807692307692308,0.4831730769230769,0.5120192307692307,0.06928251121076233,0.36356502242152466,0.3329596412556054,0.23419282511210762,0.5098750503829101
888,883.0216579536968,2.206870799103809,5.858103061986557,10.433159073935773,1656.6333084391338,4.115436893203883,1.0881254667662434,1.1187453323375653,7.813293502613891,1806.0,2150.0,0.0619865571321882,0.4525765496639283,0.4854368932038835,0.07713630281017014,0.3768877843624546,0.34582297839801185,0.2001529344293634,0.5069373942470389
889,913.5446724023825,1.342819324950364,5.350761085373924,9.12839179351423,1704.8716082064857,2.2900397088021176,0.6340172071475844,0.7088021178027796,7.506949040370616,1880.0,2120.0,0.04037061548643282,0.40370615486432826,0.5559232296492389,0.06391607158600017,0.34012166093626023,0.3532575156484175,0.24270475182932205,0.5278462296697881
890,887.3260869565217,1.8695652173913044,6.260869565217392,10.915551839464882,1660.336120401338,-1.3550501672240804,0.8595317725752508,1.0100334448160535,7.273411371237458,1830.0,2150.0,0.0008361204013377926,0.4690635451505017,0.5301003344481605,0.07311185193700426,0.40349465455799516,0.3262443959075756,0.197149097597425,0.5402504472271914
891,861.2710280373832,2.038232795242141,6.384027187765506,11.292268479184367,1610.5624468988956,5.261265930331351,0.9609175870858114,1.0773152081563298,7.372982158028887,1780.0,2130.0,0.07731520815632965,0.46049277824978757,0.46219201359388273,0.09230237381885227,0.3949066605208573,0.3072136436967043,0.20557732196358608,0.5285535639849938
892,882.4572142410993,1.2229856339787633,5.544034978138663,9.944409743910056,1683.1130543410368,1.5081761399125548,0.6252342286071205,0.5977514053716427,7.18051217988757,1880.0,2140.0,0.023735165521549032,0.4166146158650843,0.5596502186133666,0.06602296450939457,0.2950591510090466,0.360821155184412,0.27809672929714685,0.4887640449438202
893,877.6873949579832,1.8210084033613445,6.409243697478992,11.217647058823529,1653.2420168067226,-0.558672268907563,0.8663865546218488,0.9546218487394958,7.384873949579832,1828.5,2160.0,0.0067226890756302525,0.45966386554621846,0.5336134453781513,0.07032316795630406,0.41124260355029585,0.31952662721893493,0.1989076012744652,0.5242270419935394
894,863.1476043276662,1.8191653786707882,6.027047913446677,10.808346213292117,1623.3307573415766,5.338593508500773,0.8894899536321483,0.9296754250386399,7.673879443585781,1770.0,2120.0,0.0695517774343122,0.45440494590417313,0.4760432766615147,0.07693856998992951,0.3829808660624371,0.3649546827794562,0.17512588116817723,0.5110450297366185
895,867.2737146994931,1.6531498913830558,5.6908037653874,10.120926864590876,1682.091962346126,1.7778276611151338,0.8472121650977552,0.8059377262853005,7.513396089790008,1850.0,2170.0,0.020275162925416364,0.4330195510499638,0.5467052860246199,0.06437933693138011,0.331437933693138,0.36603700848111026,0.23814572089437164,0.48751642575558474
896,898.3819951338199,1.640713706407137,5.2465531224655315,9.314679643146796,1726.0032441200324,-0.04256285482562856,0.7721005677210057,0.8686131386861314,7.016220600162206,1950.0,2190.0,0.0072992700729927005,0.4120032441200324,0.5806974858069749,0.07536700959426657,0.3583400762917582,0.34932377759796557,0.21696913651600971,0.5294117647058824
897,887.347792998478,2.26027397260274,5.971841704718417,10.503044140030442,1661.9071537290715,3.2336834094368343,1.1560121765601217,1.104261796042618,7.713089802130898,1831.0,2160.0,0.06012176560121765,0.4490106544901065,0.4908675799086758,0.07952639368524914,0.38598914652195365,0.325407005426739,0.2090774543660582,0.48855218855218857
898,878.2323677581863,1.3016372795969773,5.528337531486146,9.654282115869018,1700.4798488664987,1.189609571788413,0.6750629722921915,0.6265743073047859,7.61712846347607,1891.5,2160.0,0.018891687657430732,0.42317380352644834,0.5579345088161209,0.05869708994708995,0.2820767195767196,0.3795469576719577,0.2796792328042328,0.4813739719400097
899,880.4671532846716,1.4728304947283049,6.046228710462287,10.825628548256285,1666.699107866991,-0.07360908353609087,0.7210056772100568,0.7518248175182481,7.490673154906731,1856.0,2160.0,0.008921330089213302,0.44282238442822386,0.5482562854825629,0.06756171502815071,0.43806842789086187,0.3030532698137722,0.19131658726721523,0.5104625550660793
900,877.2230332522304,2.0794809407948094,6.302514193025142,10.91727493917275,1645.2846715328467,3.409229521492295,0.9545823195458232,1.1248986212489862,7.814274128142741,1821.0,2140.0,0.055150040551500405,0.43876723438767234,0.5060827250608273,0.08386092371562014,0.39844317592112094,0.3439543331603529,0.17374156720290607,0.5409516380655226
901,883.2332838038633,2.3789004457652303,5.904903417533433,10.224368499257057,1703.4346210995543,-1.111849925705795,1.1537890044576522,1.225111441307578,7.349182763744428,1900.0,2190.0,0.0029717682020802376,0.42421991084695393,0.5728083209509658,0.06520420541852001,0.324706833805095,0.34027496967246257,0.26981399110392235,0.5149906308557152
902,852.5809968847352,2.5950155763239877,6.25,11.047507788161994,1676.7679127725858,-0.8358956386292835,1.2484423676012462,1.3465732087227413,7.455607476635514,1844.0,2170.0,0.003894080996884735,0.46417445482866043,0.5319314641744548,0.06486994672516452,0.3778334900240259,0.34764441658832135,0.20965214666248824,0.5189075630252101
903,866.7332808811959,2.176239181746656,6.084185680566483,10.601888276947285,1659.9685287175453,3.845255704169945,1.0550747442958301,1.121164437450826,8.044059795436665,1800.0,2140.0,0.06530291109362707,0.45790715971675844,0.4767899291896145,0.0764866979655712,0.4240023474178404,0.30809859154929575,0.19141236306729265,0.5151843817787418
904,879.2479495268138,1.5949526813880126,5.398107255520505,9.562145110410095,1686.1047318611988,2.101854889589905,0.7772870662460568,0.8176656151419558,7.25615141955836,1896.0,2132.4000000000005,0.032176656151419555,0.4,0.5678233438485805,0.0646900269541779,0.2924963046691592,0.38074950004347446,0.2620641683331884,0.5126582278481012
905,864.9585253456221,1.8285714285714285,7.086635944700461,12.215668202764977,1616.8857142857144,0.10914285714285711,0.9124423963133641,0.9161290322580645,7.691244239631336,1759.0,2150.0,0.01566820276497696,0.48294930875576036,0.5013824884792627,0.07693229478729778,0.40575194727381664,0.34811264230077893,0.16920311563810664,0.501008064516129
906,872.3398692810457,2.1315359477124183,6.39297385620915,11.091503267973856,1621.0433006535948,3.873684640522876,1.0049019607843137,1.1266339869281046,7.610294117647059,1788.0,2110.0,0.06781045751633986,0.47549019607843135,0.45669934640522875,0.08470209339774556,0.3625335480407944,0.3699409554482018,0.18282340311325818,0.5285550019164431
907,862.4315531000614,1.518109269490485,5.489871086556169,9.632289748311848,1690.4671577655004,2.371430325352977,0.7900552486187845,0.7280540208717005,7.03621853898097,1880.0,2150.0,0.027624309392265192,0.39226519337016574,0.580110497237569,0.06159483510731111,0.29366602687140114,0.36171697783981854,0.2830221601814692,0.4795794581479984
908,886.3033252230332,2.206001622060016,6.347931873479319,10.70397404703974,1674.1476074614761,-1.3961070559610707,1.08110300081103,1.1248986212489862,7.347120843471209,1831.0,2140.0,0.0024330900243309003,0.46958637469586373,0.5279805352798054,0.06733635059057291,0.35070096037090187,0.35864885748978914,0.22331383154873607,0.5099264705882353
909,871.937019969278,1.4070660522273426,6.062980030721966,10.789554531490015,1620.6167434715821,5.098863287250384,0.6874039938556068,0.7196620583717358,7.956221198156682,1783.0,2120.0,0.08064516129032258,0.4393241167434716,0.48003072196620583,0.07935128873443383,0.43759050101361135,0.30881359204556424,0.1742446182063906,0.5114628820960698
910,871.0575163398693,1.1725490196078432,5.4941176470588236,9.57516339869281,1689.150980392157,1.578137254901961,0.5594771241830065,0.6130718954248366,7.308496732026144,1866.5,2130.0,0.02287581699346405,0.4137254901960784,0.5633986928104575,0.0630477553210517,0.31917367197281343,0.3651404042210696,0.25263816848506526,0.5228539576365663
911,864.7675244010647,1.9822537710736468,6.189884649511979,10.90150842945874,1682.6468500443655,-1.1082519964507542,0.9343389529724934,1.0479148181011535,7.154392191659272,1850.0,2184.0,0.0044365572315882874,0.4658385093167702,0.5297249334516415,0.07441398983008805,0.41051717722931913,0.2871139774277564,0.22795485551283642,0.5286481647269472
912,848.0940366972477,1.8470948012232415,6.208715596330276,10.886850152905199,1644.124617737003,3.04802752293578,0.9120795107033639,0.9350152905198776,7.542048929663609,1818.5,2140.0,0.05733944954128441,0.4319571865443425,0.5107033639143731,0.07927014698428789,0.39047136340598076,0.3324885960466295,0.19776989356310187,0.5062086092715232
913,893.5471698113207,1.8847708894878705,5.416442048517521,9.190700808625337,1735.7783018867924,1.1307277628032344,0.910377358490566,0.9743935309973046,7.70822102425876,1930.0,2190.0,0.01549865229110512,0.3719676549865229,0.612533692722372,0.061194160328700065,0.33394527493662035,0.33849112684675237,0.2663694378879273,0.5169824812298892
914,896.5179916317992,1.7322175732217573,6.130543933054393,10.971548117154812,1657.944769874477,-0.4906108786610878,0.8836820083682009,0.8485355648535565,7.312970711297071,1820.0,2140.0,0.0100418410041841,0.4769874476987448,0.5129707112970712,0.0711751916695274,0.3816226112827555,0.34214441011557384,0.20505778693214327,0.48985507246376814
915,846.921681780709,1.7518549051937344,6.118713932399011,10.708161582852432,1622.042868920033,5.514641384995878,0.8746908491343776,0.877164056059357,7.998351195383347,1750.0,2110.0,0.0898598516075845,0.4319868095630668,0.47815333882934874,0.08513708513708514,0.41517212945784376,0.33663162234590804,0.16305916305916307,0.5007058823529412
916,877.0439414114514,1.3235685752330226,5.209720372836219,9.300932090545938,1717.2150466045273,-0.4093675099866844,0.6651131824234354,0.6584553928095872,7.246338215712384,1921.5,2160.0,0.009986684420772303,0.40279627163781623,0.5872170439414115,0.06550900404263138,0.27655273796398383,0.38515251745681733,0.27278574053656746,0.49748490945674045
917,878.6105508145849,1.9325058184639254,6.296353762606672,11.067494181536075,1662.166795965865,0.19107835531419695,0.9604344453064391,0.9720713731574864,7.030256012412723,1840.0,2170.0,0.009309542280837859,0.4786656322730799,0.5120248254460822,0.0695210770249393,0.372986095784595,0.3299492385786802,0.22754358861178547,0.5030108390204737
918,849.8899773926149,1.7068575734740015,6.837226827430294,11.88696307460437,1601.232856066315,2.039216277317257,0.8266767143933685,0.880180859080633,7.7362471740768655,1727.0,2130.0,0.04295403165033911,0.4905802562170309,0.46646571213263,0.07344632768361582,0.3809662965127606,0.34658094681472823,0.1990064289888954,0.515673289183223
919,860.177131526768,1.1321877065432915,5.867151354923992,10.187706543291474,1666.6556510244548,2.324811632518176,0.612690019828156,0.5194976867151355,7.541969596827495,1869.0,2140.0,0.025776602775941838,0.43489755452742895,0.5393258426966292,0.06520024537726755,0.33984751555516607,0.34379107878362986,0.25116116028393654,0.45884413309982486
920,864.7510407993339,1.440466278101582,6.546211490424646,11.282264779350541,1639.577851790175,-1.3261032472939218,0.6827643630308077,0.7577019150707743,7.290591174021649,1790.0,2120.0,0.0008326394671107411,0.5070774354704413,0.492089925062448,0.07252169940612152,0.39881224303334856,0.34205116491548654,0.1866148926450434,0.5260115606936416
921,855.6325,1.8358333333333334,6.381666666666667,11.013333333333334,1627.8241666666668,3.802866666666667,0.8675,0.9683333333333334,7.289166666666667,1788.5,2130.1000000000004,0.06416666666666666,0.44583333333333336,0.49,0.09077397965016577,0.3938493197667772,0.30204641591402764,0.21333028466902937,0.5274625510667272
922,886.1295938104449,1.1553836234687298,5.66602192134107,10.179239200515797,1669.6827852998065,-0.2391424887169568,0.6034816247582205,0.5519019987105094,7.313990973565442,1875.0,2139.0,0.009026434558349452,0.4442295293359123,0.5467440361057382,0.05809238363892807,0.29892454160789844,0.366361071932299,0.27662200282087446,0.47767857142857145
923,880.9813008130081,2.456910569105691,6.15609756097561,10.71788617886179,1691.5560975609756,-0.4259837398373984,1.1764227642276424,1.2804878048780488,7.4869918699186995,1850.0,2216.3,0.01056910569105691,0.4658536585365854,0.5235772357723577,0.07101748289716582,0.40102074057986753,0.327505700944728,0.2004560755782387,0.5211780277961615
924,878.0754716981132,2.0754716981132075,6.533584905660377,11.259622641509434,1618.7101886792452,4.542120754716981,0.9924528301886792,1.0830188679245283,7.824150943396226,1790.0,2130.0,0.0649056603773585,0.4573584905660377,0.47773584905660377,0.07533519822513746,0.384006945114305,0.35699816726150285,0.1836596893990547,0.5218181818181818
925,857.318870523416,2.018595041322314,5.823002754820936,10.172176308539944,1673.9972451790634,2.722947658402204,0.9249311294765841,1.09366391184573,7.404958677685951,1860.0,2159.100000000001,0.027548209366391185,0.4263085399449036,0.5461432506887053,0.06715029761904762,0.326171875,0.36104910714285715,0.24562872023809523,0.5417946093483452
926,866.5048,1.7352,6.4376,11.2024,1644.708,-0.6732400000000001,0.816,0.9192,7.196,1834.5,2130.0,0.0056,0.4816,0.5128,0.0717065036131184,0.34463590883824347,0.3706503613118399,0.21300722623679821,0.5297372060857538
927,866.3276752767528,2.1498154981549815,6.445018450184502,11.22509225092251,1618.281180811808,4.294081180811808,1.0583025830258304,1.0915129151291514,7.5808118081180815,1760.0,2130.0,0.07380073800738007,0.4738007380073801,0.45239852398523983,0.07768691588785047,0.39125778816199375,0.3270054517133956,0.20404984423676012,0.5077239958805355
928,878.9142312579415,1.5019059720457433,5.573062261753495,9.699491740787801,1716.369123252859,-1.3921156289707752,0.7407878017789072,0.761118170266836,7.436467598475223,1898.5,2150.0,0.0006353240152477764,0.44472681067344344,0.5546378653113088,0.05390858607432721,0.27210593763348995,0.3799231097821444,0.2940623665100384,0.5067681895093062
929,872.9295659295659,1.7493857493857494,6.2031122031122035,10.734643734643734,1690.5561015561016,-0.937903357903358,0.828009828009828,0.9213759213759214,7.674856674856675,1860.0,2178.0,0.006552006552006552,0.46764946764946763,0.5257985257985258,0.06744210863301675,0.433144808451606,0.3040230498345961,0.19539003308078112,0.526685393258427
930,873.9663730984788,2.089671737389912,6.3090472377902325,11.22898318654924,1637.894315452362,2.5620336269015214,0.9415532425940752,1.1481184947958367,7.869495596477182,1768.0,2160.0,0.051240992794235385,0.477982385908727,0.4707766212970376,0.08118832027673212,0.4039068063892563,0.3359446535761522,0.1789602197578594,0.5494252873563218
931,872.5044776119403,2.126865671641791,5.552238805970149,9.851492537313433,1723.547014925373,-1.1682910447761194,1.0634328358208955,1.0634328358208955,7.45,1904.0,2199.1000000000004,0.0029850746268656717,0.41567164179104477,0.5813432835820895,0.06501051788039668,0.32915957127116097,0.3338675748772914,0.27196233597115094,0.5
932,874.8265765765766,2.3971471471471473,5.8258258258258255,10.42867867867868,1706.4947447447448,-1.1117867867867868,1.114864864864865,1.2822822822822824,7.286036036036036,1870.0,2214.5000000000005,0.0015015015015015015,0.4241741741741742,0.5743243243243243,0.06800618238021638,0.36774858320453374,0.3442555383822772,0.2199896960329727,0.5349201378014407
933,857.7570449352628,2.15003808073115,6.04036557501904,10.762376237623762,1661.2757044935263,4.428712871287129,1.0182787509520184,1.1317593297791317,7.881949733434882,1801.0,2175.5999999999995,0.0715917745620716,0.43869002284843867,0.4897182025894897,0.07633587786259542,0.42535510677360133,0.3078558314813025,0.19045318388250074,0.526390364860078
934,887.6594301221166,1.7808683853459972,5.41112618724559,9.757801899592945,1709.7042062415196,-0.42313432835820897,0.8507462686567164,0.9301221166892809,7.424016282225238,1922.0,2160.0,0.006105834464043419,0.4158751696065129,0.5780189959294437,0.06214018093758567,0.2926985287398337,0.3828931737183588,0.2622681166042219,0.5222857142857142
935,871.6021126760563,1.6998239436619718,5.992957746478873,10.620598591549296,1685.3635563380283,0.7521390845070423,0.7737676056338029,0.926056338028169,7.433978873239437,1850.0,2170.0,0.01584507042253521,0.4630281690140845,0.5211267605633803,0.07613972764949674,0.4063943161634103,0.3437537004144464,0.17371225577264654,0.5447954427757639
936,839.9965782720274,1.88366124893071,6.800684345594525,11.95295124037639,1593.6107784431138,4.9034302822925575,0.8982035928143712,0.9854576561163387,7.731394354148845,1740.0,2146.2,0.07698887938408897,0.49016253207869975,0.4328485885372113,0.08973224164638194,0.36313343660101793,0.36711661872095597,0.18001770303164416,0.5231607629427792
937,891.7122641509434,1.460242587601078,5.308625336927224,9.217654986522911,1701.551886792453,1.539898921832884,0.7142857142857143,0.7459568733153639,7.414420485175202,1908.0,2150.0,0.014150943396226415,0.41846361185983827,0.5673854447439353,0.06098336817231664,0.2896482777424339,0.3657184404253385,0.28364991365991093,0.5108444854637748
938,871.8912198912199,1.6853146853146854,6.065268065268065,10.81973581973582,1661.5376845376845,-1.1163014763014762,0.7933177933177933,0.891996891996892,7.333333333333333,1862.0,2130.0,0.002331002331002331,0.466977466977467,0.5306915306915307,0.06696333969061241,0.3394787031150667,0.35653740199194744,0.2370205552023734,0.5292761641309359
939,849.9304556354916,1.5795363709032775,6.458832933653078,11.364508393285371,1602.8569144684252,3.9501438848920865,0.7649880095923262,0.8145483613109512,8.049560351718625,1770.0,2110.0,0.07354116706634692,0.4572342126298961,0.469224620303757,0.08073485600794439,0.4288977159880834,0.3131082423038729,0.1772591857000993,0.5156882591093117
940,888.9182180851063,1.204122340425532,5.8138297872340425,10.397606382978724,1666.2992021276596,0.1601196808510638,0.605718085106383,0.598404255319149,7.39561170212766,1871.0,2138.2000000000003,0.013297872340425532,0.4554521276595745,0.53125,0.06131439359884923,0.3229344601276634,0.3663579969432707,0.24939314933021667,0.4969630038652678
941,878.8990909090909,2.438181818181818,6.5172727272727276,11.34909090909091,1644.189090909091,-0.4556727272727273,1.1481818181818182,1.29,7.274545454545454,1839.5,2133.3,0.011818181818181818,0.4536363636363636,0.5345454545454545,0.07823044238940265,0.4147713071732067,0.2910522369407648,0.21594601349662584,0.529082774049217
942,850.4252615844545,1.4319880418535127,6.0926756352765326,10.760089686098654,1633.3288490284006,2.5765470852017938,0.6808669656203289,0.7511210762331838,7.512705530642751,1805.0,2110.0,0.045590433482810166,0.44469357249626307,0.5097159940209267,0.08376442499005173,0.3800238758456029,0.3321727019498607,0.20403899721448468,0.5245302713987474
943,870.6219512195122,2.091463414634146,6.0013550135501355,10.564363143631436,1671.4220867208671,0.4602371273712737,1.0853658536585367,1.0060975609756098,7.625338753387534,1860.0,2170.0,0.014905149051490514,0.4275067750677507,0.5575880758807588,0.06050644158151933,0.33558418480675256,0.34144824522434475,0.2624611283873834,0.48104956268221577
944,872.2239932885906,1.735738255033557,6.846476510067114,12.145134228187919,1593.633389261745,-0.6793204697986577,0.8179530201342282,0.9177852348993288,7.274328859060403,1750.0,2100.0,0.008389261744966443,0.48573825503355705,0.5058724832214765,0.07207934494291315,0.37804174835659093,0.34102179679391076,0.20885710990658518,0.528757854035766
945,818.9860883797054,1.8756137479541735,6.726677577741407,12.040916530278233,1571.8870703764321,4.38253682487725,0.8821603927986906,0.9934533551554828,7.960720130932897,1700.0,2100.0,0.07201309328968904,0.46317512274959083,0.46481178396072015,0.08182565789473684,0.41519325657894735,0.3386101973684211,0.16437088815789475,0.5296684118673648
946,860.8649006622517,1.1052980132450332,6.0,10.745695364238411,1640.5317880794703,0.6120529801324504,0.543046357615894,0.562251655629139,7.0125827814569535,1870.0,2120.0,0.011920529801324504,0.4470198675496689,0.5410596026490067,0.05855132684861649,0.2785909906506752,0.3925772027575786,0.2702804797431297,0.5086878370281606
947,881.8838141025641,1.5256410256410255,6.477564102564102,11.784455128205128,1613.7483974358975,-0.9889262820512821,0.6907051282051282,0.8349358974358975,7.10176282051282,1782.0,2150.0,0.004006410256410256,0.4671474358974359,0.5288461538461539,0.07130768362856821,0.36545187859641204,0.33656775358230845,0.22667268419271128,0.5472689075630253
948,861.5953757225434,1.8034682080924855,6.461705202312139,11.539017341040463,1611.7145953757226,1.954371387283237,0.8547687861271677,0.9486994219653179,7.754335260115607,1757.0,2110.7,0.052745664739884394,0.4790462427745665,0.4682080924855491,0.07314573238911666,0.3919120387625792,0.3411293328363772,0.19381289601192694,0.5260416666666666
949,862.2265575833858,1.4688483322844557,5.912523599748269,10.637507866582757,1637.7589679043424,2.975173064820642,0.7306482064191315,0.7382001258653241,7.367526746381372,1791.0,2140.0,0.03146633102580239,0.4581497797356828,0.5103838892385147,0.06449132997352011,0.33911335098658923,0.3491927906380798,0.2472025284018109,0.5025706940874036
950,885.4239226033421,1.4045734388742304,6.496921723834652,11.497801231310467,1636.9454705364997,-1.378258575197889,0.6816182937554969,0.7229551451187335,7.642919964819701,1761.0,2140.0,0.002638522427440633,0.48548812664907653,0.5118733509234829,0.07387802071346375,0.404487917146145,0.33429228998849253,0.18734177215189873,0.514715090795241
951,840.388085106383,1.851063829787234,6.7157446808510635,11.865531914893618,1597.4229787234042,2.0803063829787236,0.8459574468085106,1.0051063829787235,7.478297872340425,1735.0,2120.0,0.04595744680851064,0.4757446808510638,0.47829787234042553,0.08945032434277911,0.399795151928986,0.3112552634573802,0.19949926027085468,0.5429885057471264
952,857.5575562700965,1.1794212218649518,5.942122186495177,10.60385852090032,1645.7967845659164,0.8707331189710611,0.5479099678456592,0.6315112540192926,7.306752411575562,1850.0,2120.0,0.017363344051446947,0.4302250803858521,0.5524115755627009,0.06152085900369653,0.29906706565745467,0.36569265974300297,0.2737194155958458,0.5354416575790621
953,879.0755048287972,1.5961369622475856,6.506584723441615,11.858647936786655,1621.2502194907813,-1.4791395961369622,0.7594381035996488,0.8366988586479368,7.882352941176471,1790.0,2117.6000000000004,0.000877963125548727,0.4925373134328358,0.5065847234416154,0.06972599688126531,0.40721764312764536,0.33415014479839605,0.18890621519269324,0.5242024202420242
954,864.844065166796,1.352986811481769,6.382467028704422,11.474786656322731,1588.3196276183087,4.442490302560124,0.6074476338246703,0.7455391776570985,7.816912335143522,1720.0,2100.0,0.08533747090768037,0.4910783553141971,0.4235841737781226,0.07810639142516872,0.38576816196903535,0.3572846367606193,0.17884080984517667,0.5510321100917431
955,828.7282157676349,1.479253112033195,6.592669432918395,11.746196403872752,1612.5947441217152,0.7069917012448133,0.7627939142461964,0.7164591977869986,7.246196403872752,1760.0,2140.0,0.01590594744121715,0.47925311203319504,0.5048409405255878,0.0649933193357511,0.3251574728001527,0.36485970605077306,0.24498950181332316,0.4843384759233287
956,875.269000853971,1.8394534585824083,6.60461144321093,11.54995730145175,1635.926558497011,-0.7025021349274124,0.9171648163962425,0.9222886421861657,7.274978650725875,1780.0,2130.0,0.007685738684884714,0.466268146883006,0.5260461144321094,0.07477403451109285,0.37070078647728605,0.35861016551238406,0.195915013499237,0.5013927576601671
957,860.2437357630979,1.7805618830675778,6.411541381928625,11.545937737281701,1586.5512528473805,4.678223234624146,0.782839787395596,0.9977220956719818,7.566438876233865,1740.0,2110.0,0.08048595292331055,0.4639331814730448,0.45558086560364464,0.07747114902157551,0.39207225288509784,0.329453085800301,0.2010035122930256,0.5603411513859275
958,865.228952150212,1.3821926105390672,5.659600242277407,10.158691701998789,1674.350090854028,0.0640278619018776,0.6505148394912175,0.7316777710478498,7.33373712901272,1847.0,2130.0,0.009691096305269533,0.4451847365233192,0.5451241671714112,0.055417905517013547,0.2794846382556987,0.3800792864222002,0.28501816980508754,0.5293602103418055
959,869.907207953604,1.59983429991715,6.7017398508699255,11.901408450704226,1597.4291632145816,0.21859154929577462,0.7879038939519469,0.8119304059652029,7.68102734051367,1780.0,2103.2000000000007,0.008285004142502071,0.47141673570836784,0.52029826014913,0.06838528745550641,0.4423471038722899,0.3112932801208068,0.17797432855139683,0.5075090626618333
960,852.0743525480368,1.5162907268170427,6.751044277360067,12.355889724310776,1566.1144527986633,2.249699248120301,0.7092731829573935,0.8070175438596491,7.873851294903926,1698.0,2120.0,0.05012531328320802,0.49707602339181284,0.4527986633249791,0.08371352785145889,0.41421750663129975,0.3323076923076923,0.16976127320954906,0.5322314049586777
961,855.4539007092199,1.4099290780141844,6.2368794326241135,11.356028368794327,1615.3921985815603,1.1344893617021277,0.7184397163120567,0.6914893617021277,7.337588652482269,1800.0,2120.0,0.02269503546099291,0.474468085106383,0.5028368794326241,0.06891552290740383,0.33355886332882273,0.33355886332882273,0.2639667504349507,0.4904426559356137
962,851.7596774193548,1.4322580645161291,6.9,12.078225806451613,1604.3064516129032,-1.4376854838709678,0.6564516129032258,0.7758064516129032,7.338709677419355,1760.0,2120.0,0.0008064516129032258,0.510483870967742,0.48870967741935484,0.0689010989010989,0.37714285714285717,0.34835164835164834,0.2056043956043956,0.5416666666666666
963,869.5060331825038,1.852187028657617,6.503016591251885,11.89819004524887,1591.1327300150829,3.0598642533936653,0.9079939668174962,0.9441930618401206,7.882352941176471,1700.0,2130.0,0.053544494720965306,0.5015082956259427,0.444947209653092,0.07539226942212017,0.4260428626100268,0.30874473784921547,0.18982013011863758,0.509771986970684
964,892.5992089650626,1.5306526038233355,5.8338826631509555,10.21555702043507,1661.323005932762,0.6566117336849043,0.7317073170731707,0.7989452867501649,7.333553065260382,1858.0,2130.0,0.01120632827949901,0.4535266974291364,0.5352669742913645,0.06364044943820225,0.29375280898876405,0.379685393258427,0.26292134831460673,0.5219638242894057
965,864.9559585492228,1.6407599309153713,6.569948186528498,11.473229706390327,1619.6312607944733,1.8439896373056996,0.7340241796200345,0.9067357512953368,7.543177892918825,1808.5,2146.5,0.018998272884283247,0.4758203799654577,0.5051813471502591,0.07258156840297653,0.3967945048654837,0.3507727532913566,0.17985117344018317,0.5526315789473685
966,865.5972222222222,1.4803921568627452,6.190359477124183,10.729575163398692,1625.233660130719,3.711323529411765,0.6764705882352942,0.803921568627451,7.4526143790849675,1775.0,2120.0,0.06372549019607843,0.4485294117647059,0.4877450980392157,0.08397281297960973,0.37667178250383687,0.3589125191843894,0.180442885332164,0.543046357615894
967,867.4688715953307,1.202983138780804,5.8022049286640724,10.363813229571985,1671.8878080415045,-0.931018158236057,0.5421530479896238,0.6608300907911803,7.0985732814526585,1860.0,2130.0,0.00324254215304799,0.44228274967574577,0.5544747081712063,0.05819477434679335,0.2906997990133382,0.3698154577014435,0.281289968938425,0.5493261455525607
968,861.4004491017964,1.401946107784431,6.202095808383233,11.135479041916168,1641.7312874251497,-0.9375074850299401,0.6908682634730539,0.7110778443113772,7.043413173652695,1810.0,2120.0,0.0029940119760479044,0.4842814371257485,0.5127245508982036,0.06896918172157279,0.3487778958554729,0.34994686503719447,0.23230605738575982,0.5072076882007475
969,832.8085808580859,1.0940594059405941,7.170792079207921,12.732673267326733,1530.9191419141914,4.145148514851485,0.4661716171617162,0.6278877887788779,7.891089108910891,1614.5,2080.0,0.06188118811881188,0.514026402640264,0.4240924092409241,0.08281053952321205,0.4259723964868256,0.31200334588038475,0.1792137181095776,0.5739064856711915
970,870.1133682830931,1.0340760157273918,5.562909567496724,10.257536041939712,1657.8931847968545,-0.1289449541284404,0.5255570117955439,0.508519003931848,7.2922673656618615,1870.0,2150.0,0.009174311926605505,0.45150720838794234,0.5393184796854522,0.06047807332854062,0.32863048166786485,0.3670920201294033,0.24379942487419123,0.4917617237008872
971,848.7484874675886,1.794295592048401,6.475367329299914,11.3923941227312,1660.2808988764045,-1.2743042350907519,0.8522039757994814,0.9420916162489196,7.2566983578219535,1830.0,2200.0,0.0025929127052722557,0.4658599827139153,0.5315471045808124,0.0730109575988566,0.40578847070033347,0.2990709861838971,0.2221295855169128,0.5250481695568401
972,828.7509850275808,1.4925137903861307,6.271079590228527,11.08983451536643,1603.7202521670606,2.6975571315996847,0.7084318360914106,0.7840819542947203,7.6052009456264775,1778.0,2110.0,0.054373522458628844,0.44759653270291566,0.4980299448384555,0.07978447829240493,0.37809553414153974,0.34141539736814835,0.20070459019790696,0.5253431890179514
973,863.5199724517906,1.4676308539944904,5.7541322314049586,10.070247933884298,1677.0592286501378,1.7638292011019283,0.7513774104683195,0.7162534435261708,7.825068870523416,1844.0,2160.0,0.01928374655647383,0.4476584022038568,0.5330578512396694,0.06231297306812181,0.33620841401161766,0.3377046294666432,0.2637739834536173,0.48803378695448146
974,873.0433244916004,1.1679929266136162,7.213085764809903,12.556145004420866,1578.288240495137,-0.6905216622458001,0.5428824049513705,0.6251105216622458,7.352785145888594,1720.0,2100.0,0.00618921308576481,0.5260831122900088,0.4677276746242264,0.0784030784030784,0.3844396344396344,0.34114959114959115,0.19600769600769602,0.5352006056018168
975,815.635761589404,1.320364238410596,6.711920529801325,12.091059602649006,1552.3369205298013,5.044081125827814,0.6390728476821192,0.6812913907284768,7.795529801324503,1698.0,2090.0,0.07367549668874172,0.49503311258278143,0.43129139072847683,0.08229797175321228,0.41382605925453964,0.33843049803546776,0.16544547095678028,0.515987460815047
976,841.7508196721311,0.9704918032786886,5.92,10.531147540983607,1672.7173770491804,-1.0300196721311474,0.5140983606557377,0.45639344262295084,6.927213114754099,1855.0,2140.0,0.0013114754098360656,0.4491803278688525,0.5495081967213115,0.05887921241953805,0.2741385838697463,0.3896251419916698,0.27735706171904584,0.4702702702702703
977,837.018771331058,2.127986348122867,7.079351535836177,12.727815699658702,1593.019624573379,-0.4814249146757679,0.9752559726962458,1.1527303754266212,7.227815699658703,1749.5,2159.000000000001,0.006825938566552901,0.523037542662116,0.47013651877133106,0.07401723527328533,0.3882658481879353,0.3291228898595207,0.20859402667925864,0.541700080192462
978,841.2352517985612,1.4129496402877697,6.677697841726618,11.86978417266187,1587.9589928057553,3.2315755395683454,0.6287769784172662,0.7841726618705036,7.646762589928057,1700.0,2130.0,0.05539568345323741,0.4956834532374101,0.4489208633093525,0.074230877787186,0.38648979207827644,0.33991908928403425,0.19936024085050333,0.554989816700611
979,843.6886024423338,1.147896879240163,6.044097693351425,10.813432835820896,1641.629579375848,1.587483039348711,0.5915875169606513,0.5563093622795116,7.511533242876526,1811.0,2160.0,0.016960651289009497,0.4531886024423338,0.5298507462686567,0.06277095375722544,0.33598265895953755,0.35034320809248554,0.25090317919075145,0.4846335697399527
980,843.8008333333333,1.6483333333333334,6.423333333333333,11.589166666666667,1619.3258333333333,-1.0113833333333333,0.7716666666666666,0.8766666666666667,7.1241666666666665,1770.0,2095.3,0.004166666666666667,0.5041666666666667,0.49166666666666664,0.07416072055211136,0.4037899169493508,0.3283424961983858,0.19370686630015208,0.531850353892821
981,821.3090090090091,1.9009009009009008,7.112612612612613,12.815315315315315,1572.727927927928,2.5105675675675676,0.8918918918918919,1.009009009009009,7.6063063063063066,1712.0,2170.0,0.04864864864864865,0.5027027027027027,0.4486486486486487,0.0915551344308895,0.41075447115954045,0.30640767499703897,0.19128271941253108,0.5308056872037915
982,853.0582765034098,1.1221326720396776,5.787972721636701,10.41847489150651,1661.7978921264723,0.4874395536267824,0.5858648481091134,0.5362678239305642,7.2696838189708615,1848.0,2150.0,0.017978921264724116,0.4569125852448853,0.5251084934903906,0.06174313491386662,0.3092273580078458,0.35297629200068226,0.27605321507760533,0.47790055248618785
983,865.869966442953,1.9697986577181208,6.319630872483222,11.224832214765101,1653.4496644295302,-0.7667953020134228,0.9605704697986577,1.0092281879194631,7.573825503355705,1811.0,2150.0,0.009228187919463088,0.4974832214765101,0.49328859060402686,0.0717766947275144,0.40972529906956134,0.3217766947275144,0.19672131147540983,0.512350936967632
984,857.0923694779117,1.6690763052208835,6.759036144578313,11.903614457831326,1585.855421686747,4.072104417670683,0.7606425702811245,0.908433734939759,7.900401606425703,1725.0,2120.0,0.07068273092369477,0.4867469879518072,0.442570281124498,0.07899552663684424,0.3926392842618951,0.3623424156161041,0.16602277348515657,0.5442733397497593
985,852.5293265749457,1.2027516292541636,5.66183924692252,10.626357711803042,1644.9246922519912,2.1845908761766837,0.6046343229543809,0.5981173062997828,7.588703837798697,1825.0,2150.0,0.020999275887038378,0.4540188269370022,0.5249818971759594,0.06603053435114503,0.33396946564885494,0.36374045801526717,0.2362595419847328,0.49729078868151716
986,831.0017196904557,1.4763542562338778,6.564918314703354,11.826311263972485,1642.8435081685298,-0.6765090283748925,0.7497850386930353,0.7265692175408427,7.230438521066208,1800.0,2170.0,0.005159071367153913,0.4815133276010318,0.5133276010318143,0.07396836722559162,0.3734094422642407,0.3535497681056011,0.19907242240456655,0.49213744903902157
987,839.8324240062354,1.9750584567420109,6.764614185502728,11.927513639906469,1588.2026500389711,4.316048324240062,0.9922057677318784,0.9828526890101325,7.50896336710834,1717.0,2110.0,0.07326578332034295,0.4770070148090413,0.44972720187061577,0.08293543699397965,0.38935021797799463,0.3296657670749429,0.19804857795308284,0.4976322020520916
988,883.5836858006043,1.4290030211480362,5.2308157099697885,9.277945619335348,1724.7160120845922,0.8010151057401812,0.6972809667673716,0.7317220543806646,7.425981873111782,1900.0,2180.0,0.013897280966767372,0.39274924471299094,0.5933534743202417,0.05842148087876322,0.27998372660699755,0.3799023596419854,0.2816924328722539,0.5120507399577167
989,859.2461799660441,1.1561969439728352,6.040747028862479,10.917657045840407,1659.2597623089982,-0.7057470288624788,0.5500848896434635,0.6061120543293718,7.726655348047538,1826.5,2148.6,0.004244482173174873,0.46434634974533107,0.5314091680814941,0.06734783564051856,0.45209843990331794,0.2955394418809053,0.18501428257525818,0.5242290748898678
990,849.4357723577235,2.1731707317073172,5.89349593495935,10.496747967479674,1670.340650406504,3.4856747967479675,0.9772357723577236,1.1959349593495936,7.621138211382114,1810.0,2170.0,0.05609756097560976,0.4479674796747967,0.4959349593495935,0.08406229997866439,0.403563046724984,0.336995946234265,0.17537870706208664,0.5503179947624393
991,853.5652818991098,1.7017804154302671,5.7707715133531154,10.213649851632047,1699.3538575667656,-1.0814169139465875,0.8456973293768546,0.8560830860534124,7.243323442136498,1850.0,2190.0,0.001483679525222552,0.4176557863501484,0.5808605341246291,0.06401065137238837,0.33080704629250307,0.335415813191315,0.26976648914379353,0.5030514385353095
992,862.6847058823529,2.132549019607843,6.211764705882353,10.901960784313726,1679.6564705882354,-0.6512941176470589,1.0572549019607844,1.0752941176470587,7.323137254901961,1850.0,2187.600000000001,0.00784313725490196,0.4682352941176471,0.523921568627451,0.07068651601156689,0.3789225661347328,0.3412230909285638,0.20916782692513655,0.5042294961382862
993,847.1455792682926,1.860518292682927,5.759908536585366,10.516768292682928,1653.720274390244,3.8408460365853654,0.9382621951219512,0.9222560975609756,7.661585365853658,1782.5,2160.0,0.07621951219512195,0.41310975609756095,0.510670731707317,0.07650218861918026,0.42906884202148826,0.29974134500596894,0.1946876243533625,0.4956984842277755
994,871.5970719287078,1.5079567154678548,5.172501591343093,9.152132399745385,1726.742838956079,0.8635009548058561,0.7593889242520687,0.7485677912157861,7.2017823042648,1920.0,2200.0,0.01718650541056652,0.3831954169318905,0.5996180776575429,0.062400565670850276,0.2951210889163868,0.38076719109068413,0.26171115432207886,0.49641198818066695
995,855.8668503213958,1.359963269054178,7.111111111111111,12.656565656565656,1588.937557392103,-0.15185491276400367,0.6437098255280074,0.7162534435261708,7.533516988062442,1675.0,2140.0,0.0073461891643709825,0.5335169880624426,0.4591368227731864,0.07471964895173086,0.40260848366650415,0.35689907362262313,0.1657727937591419,0.5266711681296421
996,875.3275726630008,1.4823252160251374,6.2772977219167325,11.006284367635507,1636.4045561665357,3.0408876669285156,0.6944226237234878,0.7879025923016496,7.343283582089552,1776.0,2160.0,0.06677140612725845,0.4595443833464258,0.47368421052631576,0.08611467693624304,0.366923406076166,0.36350021394950793,0.183461703038083,0.5315315315315315
997,852.549356223176,1.1937461679950951,5.9294911097486205,10.798283261802576,1667.3323114653588,1.7295524218271,0.5732679337829553,0.6204782342121398,6.9147762109135495,1815.0,2200.0,0.02023298589822195,0.4537093807480074,0.5260576333537706,0.06118106047171484,0.290831707749601,0.3699237453449193,0.27806348643376483,0.519774011299435
998,906.4398734177215,1.481012658227848,5.977848101265823,10.636075949367088,1675.007911392405,-0.8963291139240507,0.7555379746835443,0.7254746835443038,7.171677215189874,1852.0,2150.0,0.0031645569620253164,0.4541139240506329,0.5427215189873418,0.06662989520132377,0.35146166574738,0.3416436845008274,0.24026475455046883,0.48985042735042733
999,861.9316960859555,1.4973138910207213,5.898695318495779,10.58096699923254,1643.4934765924788,4.8563545663852645,0.7052954719877207,0.7920184190330007,7.760552570990023,1780.0,2130.0,0.06830391404451266,0.4389869531849578,0.4927091327705295,0.07743275316455696,0.43829113924050633,0.3088409810126582,0.17543512658227847,0.5289595079446437
1000,877.1440960640427,1.4042695130086724,5.651100733822548,10.18945963975984,1691.6117411607738,-0.22149432955303539,0.7104736490993996,0.6937958639092728,7.353569046030687,1850.0,2180.0,0.01134089392928619,0.4523015343562375,0.5363575717144763,0.06332214460673138,0.3296743173364783,0.36251474190329314,0.24448879615349722,0.49406175771971494
