generation,cells_visited,cave_entries,predator_touches,drained_ticks,lifetime,energy_at_death,cave_entries_day,cave_entries_night,food_total,lifetime_median,lifetime_p90,survived_frac,drained_frac,starved_frac,food_default_frac,food_low_frac,food_medium_frac,food_prestige_frac,night_share
1,464.65497076023394,0.08187134502923976,7.87719298245614,12.859649122807017,1575.2748538011697,-1.875263157894737,0.07602339181286549,0.005847953216374269,7.625730994152047,1750.0,2110.0,0.0,0.5497076023391813,0.4502923976608187,0.17868098159509202,0.6717791411042945,0.1357361963190184,0.013803680981595092,0.07142857142857142
2,490.7093023255814,0.13953488372093023,8.872093023255815,16.877906976744185,1355.9186046511627,-1.8779651162790698,0.08139534883720931,0.05813953488372093,6.773255813953488,1458.5,1960.0,0.0,0.5930232558139535,0.4069767441860465,0.1278969957081545,0.6600858369098712,0.18283261802575107,0.029184549356223177,0.4166666666666667
3,429.0612244897959,0.2585034013605442,10.08843537414966,20.34013605442177,1226.795918367347,-1.9172108843537414,0.1292517006802721,0.1292517006802721,6.1020408163265305,1150.0,2010.0,0.0,0.6598639455782312,0.3401360544217687,0.18617614269788182,0.6276477146042363,0.16722408026755853,0.0189520624303233,0.5
4,396.39130434782606,0.2608695652173913,11.2,22.06086956521739,1196.4608695652173,-2.174,0.0782608695652174,0.1826086956521739,3.2695652173913046,1134.0,2106.4,0.0,0.7217391304347827,0.2782608695652174,0.13031914893617022,0.6888297872340425,0.15159574468085107,0.02925531914893617,0.7
5,367.9065040650407,0.10569105691056911,10.40650406504065,24.130081300813007,1040.6544715447155,-2.1784146341463413,0.06097560975609756,0.044715447154471545,6.288617886178862,885.5,1960.0,0.0,0.7276422764227642,0.27235772357723576,0.10407239819004525,0.5746606334841629,0.19069166127989656,0.1305753070458953,0.4230769230769231
6,380.98214285714283,0.26785714285714285,9.583333333333334,21.904761904761905,1173.6011904761904,-1.780297619047619,0.10714285714285714,0.16071428571428573,6.190476190476191,1092.5,2000.0,0.0,0.6369047619047619,0.3630952380952381,0.13557692307692307,0.6067307692307692,0.22692307692307692,0.03076923076923077,0.6
7,393.47899159663865,0.16806722689075632,8.394957983193278,19.49579831932773,1285.2521008403362,-1.8452941176470588,0.07563025210084033,0.09243697478991597,2.9495798319327733,1377.0,2078.0,0.0,0.680672268907563,0.31932773109243695,0.1168091168091168,0.603988603988604,0.21367521367521367,0.06552706552706553,0.55
8,387.0,0.0845771144278607,8.502487562189055,18.09950248756219,1301.6119402985075,-1.858457711442786,0.014925373134328358,0.06965174129353234,6.651741293532338,1372.0,1970.0,0.0,0.572139303482587,0.42786069651741293,0.10845175766641735,0.6207928197456993,0.156320119670905,0.11443530291697832,0.8235294117647058
9,365.6243654822335,0.02030456852791878,6.715736040609137,16.33502538071066,1366.3857868020305,-1.6455837563451776,0.02030456852791878,0.0,7.223350253807107,1604.0,2040.0,0.0,0.4416243654822335,0.5583756345177665,0.12789880534082923,0.6788475052705552,0.12789880534082923,0.06535488404778636,0.0
10,385.54545454545456,0.17355371900826447,9.338842975206612,20.669421487603305,1254.6446280991736,-1.6315702479338845,0.10743801652892562,0.06611570247933884,2.7024793388429753,1250.0,2055.0,0.0,0.6942148760330579,0.30578512396694213,0.17737003058103976,0.5137614678899083,0.2324159021406728,0.0764525993883792,0.38095238095238093
11,371.79425837320576,0.1291866028708134,8.583732057416269,20.033492822966508,1221.4114832535886,-1.8370813397129186,0.04784688995215311,0.08133971291866028,6.92822966507177,1210.0,1981.8000000000002,0.0,0.6220095693779905,0.37799043062200954,0.10704419889502763,0.625,0.13259668508287292,0.13535911602209943,0.6296296296296297
12,387.6263736263736,0.16483516483516483,8.763736263736265,19.791208791208792,1246.3956043956043,-1.737857142857143,0.06043956043956044,0.1043956043956044,6.5,1195.5,2020.0,0.0,0.5494505494505495,0.45054945054945056,0.1445477599323753,0.6407438715131023,0.1386306001690617,0.0760777683854607,0.6333333333333333
13,380.8347107438017,0.14049586776859505,8.776859504132231,18.305785123966942,1347.1652892561983,-1.7998347107438017,0.10743801652892562,0.03305785123966942,3.43801652892562,1310.0,2110.0,0.0,0.6694214876033058,0.3305785123966942,0.17307692307692307,0.5120192307692307,0.27884615384615385,0.036057692307692304,0.23529411764705882
14,381.4450261780105,0.19895287958115182,8.769633507853403,20.06282722513089,1243.2460732984293,-1.94282722513089,0.07853403141361257,0.12041884816753927,7.471204188481676,1263.0,1970.0,0.0,0.6492146596858639,0.3507853403141361,0.09950946040644709,0.7266993693062369,0.12824106517168885,0.04555010511562719,0.6052631578947368
15,378.3636363636364,0.18181818181818182,10.789473684210526,22.91866028708134,1105.598086124402,-2.0064114832535886,0.10047846889952153,0.08133971291866028,6.6746411483253585,987.0,2000.0,0.0,0.7081339712918661,0.291866028708134,0.15483870967741936,0.513978494623656,0.21433691756272402,0.11684587813620072,0.4473684210526316
16,396.00787401574803,0.2992125984251969,9.755905511811024,22.30708661417323,1153.0944881889764,-1.952677165354331,0.12598425196850394,0.1732283464566929,2.984251968503937,974.0,2066.4,0.0,0.7795275590551181,0.2204724409448819,0.1345646437994723,0.47229551451187335,0.2770448548812665,0.11609498680738786,0.5789473684210527
17,404.3220338983051,0.2542372881355932,9.09322033898305,21.0635593220339,1193.1483050847457,-1.919872881355932,0.1271186440677966,0.1271186440677966,7.021186440677966,1159.5,1980.0,0.0,0.6652542372881356,0.3347457627118644,0.08509354254677128,0.6016898008449004,0.22208811104405551,0.09112854556427279,0.5
18,402.51785714285717,0.18303571428571427,8.919642857142858,20.348214285714285,1215.357142857143,-2.0129910714285715,0.10267857142857142,0.08035714285714286,6.848214285714286,1138.0,2018.8000000000002,0.0,0.6205357142857143,0.3794642857142857,0.13624511082138202,0.5528031290743155,0.21903520208604954,0.09191655801825294,0.43902439024390244
19,492.1181818181818,0.5409090909090909,9.040909090909091,19.345454545454544,1276.790909090909,-1.6785909090909092,0.3181818181818182,0.22272727272727272,4.713636363636364,1349.5,2080.0,0.0,0.6454545454545455,0.35454545454545455,0.16489874638379942,0.3124397299903568,0.31822565091610416,0.20443587270973965,0.4117647058823529
20,516.9257142857143,0.3314285714285714,7.674285714285714,16.02857142857143,1373.3485714285714,-1.9505714285714286,0.21142857142857144,0.12,5.9714285714285715,1403.0,1970.0,0.0,0.6114285714285714,0.38857142857142857,0.11004784688995216,0.6172248803827751,0.22679425837320574,0.045933014354066985,0.3620689655172414
21,474.327868852459,0.13524590163934427,8.192622950819672,18.524590163934427,1300.3524590163934,-2.0179918032786883,0.0778688524590164,0.05737704918032787,6.360655737704918,1375.0,2020.0,0.0,0.6516393442622951,0.3483606557377049,0.13595360824742267,0.45940721649484534,0.3002577319587629,0.10438144329896908,0.42424242424242425
22,461.85714285714283,0.25210084033613445,10.714285714285714,24.361344537815125,1074.5882352941176,-1.8022689075630252,0.21008403361344538,0.04201680672268908,2.857142857142857,978.0,2022.0,0.0,0.6974789915966386,0.3025210084033613,0.15588235294117647,0.5529411764705883,0.25,0.041176470588235294,0.16666666666666666
23,401.7823834196891,0.19689119170984457,8.689119170984457,21.803108808290155,1107.4145077720207,-1.8460103626943007,0.13471502590673576,0.06217616580310881,6.383419689119171,930.0,1960.0,0.0,0.5958549222797928,0.40414507772020725,0.09902597402597403,0.5576298701298701,0.3060064935064935,0.037337662337662336,0.3157894736842105
24,521.4774436090225,0.07894736842105263,9.030075187969924,18.518796992481203,1296.548872180451,-1.7064285714285716,0.05263157894736842,0.02631578947368421,7.041353383458647,1342.5,2020.0,0.0,0.5488721804511278,0.45112781954887216,0.1382808328884143,0.5888948211425521,0.16764548852108915,0.10517885744794447,0.3333333333333333
25,561.3288288288288,0.4189189189189189,10.26126126126126,19.86936936936937,1273.7027027027027,-1.7344144144144145,0.20270270270270271,0.21621621621621623,4.5225225225225225,1319.5,2049.0,0.0,0.6531531531531531,0.34684684684684686,0.1952191235059761,0.2410358565737052,0.30278884462151395,0.26095617529880477,0.5161290322580645
26,504.0711462450593,0.7865612648221344,8.003952569169961,18.90909090909091,1297.300395256917,-1.704387351778656,0.4031620553359684,0.383399209486166,5.877470355731226,1259.0,2000.0,0.0,0.5612648221343873,0.43873517786561267,0.12037659717552118,0.4828513786146604,0.2568930733019502,0.1398789509078682,0.48743718592964824
27,467.55555555555554,0.178743961352657,8.63768115942029,18.91304347826087,1271.0966183574878,-1.740289855072464,0.10628019323671498,0.07246376811594203,6.304347826086956,1328.0,2030.0,0.0,0.5990338164251208,0.40096618357487923,0.13486590038314175,0.6068965517241379,0.19616858237547893,0.06206896551724138,0.40540540540540543
28,467.4370860927152,0.10596026490066225,11.006622516556291,24.37748344370861,1078.4238410596026,-1.919271523178808,0.026490066225165563,0.07947019867549669,3.986754966887417,1063.0,1906.0,0.0,0.7814569536423841,0.2185430463576159,0.19767441860465115,0.45514950166112955,0.21096345514950166,0.1362126245847176,0.75
29,485.01428571428573,0.08,8.42,19.077142857142857,1255.9685714285715,-1.836542857142857,0.037142857142857144,0.04285714285714286,6.637142857142857,1279.0,2000.0,0.0,0.6171428571428571,0.38285714285714284,0.0951356005165734,0.538958243650452,0.2087817477399914,0.1571244080929832,0.5357142857142857
30,506.1391304347826,0.1826086956521739,8.904347826086957,19.87391304347826,1223.6391304347826,-1.8407391304347827,0.10434782608695652,0.0782608695652174,6.256521739130434,1228.5,2010.0,0.0,0.6434782608695652,0.3565217391304348,0.113273106323836,0.5462126476719944,0.2863099374565671,0.054204308547602505,0.42857142857142855
31,543.6123348017621,0.17180616740088106,8.612334801762115,18.58590308370044,1319.8105726872247,-1.7196916299559473,0.08370044052863436,0.0881057268722467,4.770925110132159,1359.0,2100.0,0.0,0.6387665198237885,0.36123348017621143,0.1505078485687904,0.33056325023084027,0.3628808864265928,0.15604801477377656,0.5128205128205128
32,528.6008064516129,0.0967741935483871,8.15725806451613,17.923387096774192,1313.9435483870968,-1.6826209677419355,0.04838709677419355,0.04838709677419355,6.879032258064516,1357.0,1980.0,0.0,0.5725806451612904,0.4274193548387097,0.10023446658851114,0.5908558030480656,0.2661195779601407,0.04279015240328253,0.5
33,598.4624624624624,0.4804804804804805,7.957957957957958,17.114114114114113,1353.2432432432433,-1.343993993993994,0.2732732732732733,0.2072072072072072,6.768768768768769,1351.0,2020.0,0.003003003003003003,0.5555555555555556,0.44144144144144143,0.13087843833185447,0.48047914818101156,0.26441881100266196,0.12422360248447205,0.43125
34,569.0472103004291,0.18025751072961374,9.489270386266094,19.34763948497854,1287.6523605150214,-1.7849356223175965,0.12017167381974249,0.060085836909871244,4.888412017167382,1276.0,1998.0,0.0,0.6866952789699571,0.3133047210300429,0.14135206321334504,0.42230026338893767,0.21949078138718173,0.21685689201053557,0.3333333333333333
35,477.32363636363635,0.18545454545454546,9.829090909090908,22.10909090909091,1158.010909090909,-1.9537090909090908,0.08727272727272728,0.09818181818181818,6.221818181818182,1065.0,1970.0,0.0,0.7127272727272728,0.2872727272727273,0.1011104617182934,0.5248392752776154,0.23378141437755698,0.1402688486265342,0.5294117647058824
36,544.895061728395,0.4783950617283951,8.358024691358025,18.953703703703702,1266.4845679012346,-1.761327160493827,0.2222222222222222,0.25617283950617287,7.219135802469136,1247.5,2016.8,0.0,0.6234567901234568,0.3765432098765432,0.142368533561351,0.4890979050876443,0.2804617357845233,0.0880718255664814,0.535483870967742
37,637.7982832618026,0.44635193133047213,8.695278969957082,17.751072961373392,1377.137339055794,-1.865236051502146,0.21888412017167383,0.22746781115879827,5.227467811158799,1405.0,2108.0,0.0,0.6351931330472103,0.3648068669527897,0.19704433497536947,0.3366174055829228,0.2602627257799672,0.20607553366174056,0.5096153846153846
38,561.6888217522659,0.3867069486404834,7.341389728096677,16.749244712990937,1375.7673716012084,-1.728640483383686,0.15709969788519637,0.229607250755287,6.900302114803625,1470.0,2000.0,0.0,0.5770392749244713,0.4229607250755287,0.10157618213660245,0.6063922942206655,0.1436077057793345,0.14842381786339756,0.59375
39,601.7082405345211,0.5300668151447662,7.1915367483296215,14.971046770601337,1449.1492204899778,-1.6922717149220492,0.2739420935412027,0.2561247216035635,7.1625835189309575,1534.0,2060.0,0.0,0.5545657015590201,0.44543429844098,0.11411691542288557,0.5034203980099502,0.24191542288557213,0.14054726368159204,0.4831932773109244
40,663.2974910394265,0.7132616487455197,7.838709677419355,15.810035842293907,1419.3978494623657,-1.5648745519713263,0.4121863799283154,0.3010752688172043,5.372759856630824,1527.0,2090.0,0.0035842293906810036,0.6523297491039427,0.34408602150537637,0.1601067378252168,0.31487658438959304,0.3322214809873249,0.19279519679786525,0.4221105527638191
41,625.7690058479532,0.49122807017543857,7.628654970760234,16.00877192982456,1403.546783625731,-1.7077777777777776,0.24269005847953215,0.24853801169590642,5.997076023391813,1519.5,1995.4,0.0,0.5964912280701754,0.40350877192982454,0.09458800585080449,0.4778156996587031,0.2593856655290102,0.1682106289614822,0.5059523809523809
42,647.5718475073314,0.7565982404692082,6.9501466275659824,13.961876832844574,1498.5454545454545,-1.6604985337243403,0.39296187683284456,0.36363636363636365,6.935483870967742,1552.0,2050.0,0.0,0.4897360703812317,0.5102639296187683,0.11712473572938689,0.5260042283298098,0.26257928118393237,0.09429175475687103,0.4806201550387597
43,576.580310880829,0.7875647668393783,7.284974093264249,14.202072538860104,1500.9481865284974,-1.6052331606217616,0.37823834196891193,0.40932642487046633,4.606217616580311,1653.0,2118.0,0.0,0.49222797927461137,0.5077720207253886,0.19010123734533182,0.28008998875140606,0.38245219347581555,0.14735658042744657,0.5197368421052632
44,590.26,1.1533333333333333,7.78,16.81,1362.84,-1.5816999999999999,0.5166666666666667,0.6366666666666667,6.9,1380.5,2010.0,0.0,0.56,0.44,0.12028985507246377,0.6347826086956522,0.14299516908212562,0.10193236714975845,0.5520231213872833
45,565.8380681818181,0.5738636363636364,7.698863636363637,15.980113636363637,1407.46875,-1.6139488636363637,0.19318181818181818,0.3806818181818182,6.846590909090909,1480.0,2020.0,0.0,0.5482954545454546,0.45170454545454547,0.11991701244813278,0.46804979253112033,0.2950207468879668,0.11701244813278008,0.6633663366336634
46,555.2051282051282,0.9358974358974359,7.698717948717949,16.878205128205128,1371.1602564102564,-1.601923076923077,0.6474358974358975,0.28846153846153844,4.153846153846154,1453.5,2110.0,0.0,0.5961538461538461,0.40384615384615385,0.1697530864197531,0.32098765432098764,0.38117283950617287,0.12808641975308643,0.3082191780821918
47,586.4577259475219,0.30029154518950435,4.895043731778426,11.040816326530612,1590.9154518950438,-1.4858892128279884,0.15743440233236153,0.14285714285714285,7.174927113702624,1840.0,2060.0,0.0,0.3848396501457726,0.6151603498542274,0.07476635514018691,0.5952864689150752,0.2230800487606664,0.10686712718407151,0.47572815533980584
48,554.5460317460318,0.2507936507936508,7.155555555555556,15.295238095238096,1420.8603174603174,-1.5796190476190475,0.1111111111111111,0.13968253968253969,7.095238095238095,1490.0,2040.0,0.0,0.5111111111111111,0.4888888888888889,0.10827740492170022,0.5655480984340044,0.22684563758389262,0.09932885906040269,0.5569620253164557
49,638.5195822454308,0.15926892950391644,6.6475195822454305,13.02088772845953,1544.869451697128,-1.5755874673629244,0.10182767624020887,0.057441253263707574,5.772845953002611,1670.0,2108.0,0.0,0.5248041775456919,0.4751958224543081,0.11533242876526459,0.3066485753052917,0.3618272274988693,0.2161917684305744,0.36065573770491804
50,669.4323432343234,0.9075907590759076,6.01980198019802,12.528052805280527,1527.6897689768978,-1.2001980198019804,0.6237623762376238,0.2838283828382838,6.488448844884489,1722.0,2054.0,0.0033003300330033004,0.48184818481848185,0.5148514851485149,0.1190233977619532,0.4669379450661241,0.3021363173957274,0.11190233977619532,0.31272727272727274
51,754.4815668202765,1.564516129032258,6.357142857142857,13.317972350230415,1525.7165898617511,-1.58536866359447,0.8410138248847926,0.7235023041474654,6.592165898617512,1647.0,2060.0,0.0,0.5345622119815668,0.46543778801843316,0.10311080041943377,0.4257252708843062,0.3226144704648724,0.14854945823138763,0.46244477172312226
52,675.2377622377622,1.9755244755244756,7.506993006993007,14.874125874125873,1462.9125874125873,-1.7203846153846154,0.9370629370629371,1.0384615384615385,4.979020979020979,1550.0,2080.5,0.0,0.5174825174825175,0.4825174825174825,0.13834269662921347,0.28230337078651685,0.38553370786516855,0.19382022471910113,0.5256637168141592
53,646.6812080536913,0.6644295302013423,6.614093959731544,14.181208053691275,1451.46644295302,-1.5316778523489933,0.40268456375838924,0.26174496644295303,5.949664429530201,1535.0,2020.0,0.0,0.5,0.5,0.08798646362098139,0.45685279187817257,0.34686971235194586,0.10829103214890017,0.3939393939393939
54,615.8253164556962,1.0354430379746835,7.321518987341772,15.113924050632912,1446.6101265822786,-1.6351392405063292,0.5215189873417722,0.5139240506329114,7.19493670886076,1521.0,2050.0,0.0,0.549367088607595,0.4506329113924051,0.09218859957776214,0.5408163265306123,0.24278676988036593,0.12420830401125968,0.4963325183374083
55,546.3928571428571,0.2767857142857143,6.96875,14.830357142857142,1475.5892857142858,-1.5321874999999998,0.16964285714285715,0.10714285714285714,5.004464285714286,1571.5,2110.0,0.0,0.5267857142857143,0.4732142857142857,0.15967885816235505,0.264049955396967,0.3871543264942016,0.18911685994647637,0.3870967741935484
56,544.5251798561151,0.9748201438848921,7.989208633093525,17.02158273381295,1357.1007194244605,-1.5114748201438848,0.5611510791366906,0.4136690647482014,5.784172661870503,1388.5,2000.0,0.0,0.5827338129496403,0.4172661870503597,0.08146766169154229,0.5118159203980099,0.27300995024875624,0.13370646766169153,0.42435424354243545
57,528.0267558528428,0.16387959866220736,7.0200668896321075,15.150501672240802,1422.8628762541805,-1.6707357859531773,0.07357859531772576,0.0903010033444816,6.48494983277592,1480.0,2050.0,0.0,0.5585284280936454,0.4414715719063545,0.10056730273336771,0.5471892728210418,0.25012893243940176,0.10211449200618876,0.5510204081632653
58,639.006329113924,0.8417721518987342,7.613924050632911,15.465189873417721,1438.8955696202531,-1.7048101265822786,0.4177215189873418,0.4240506329113924,5.4905063291139244,1521.5,2076.0,0.0,0.5854430379746836,0.41455696202531644,0.10259365994236311,0.407492795389049,0.2628242074927954,0.2270893371757925,0.5037593984962406
59,717.2364457831326,1.1897590361445782,5.9397590361445785,12.715361445783133,1532.2153614457832,-1.4526656626506025,0.5240963855421686,0.6656626506024096,7.105421686746988,1740.0,2056.5,0.0,0.46987951807228917,0.5301204819277109,0.08329800763035185,0.4720220432386604,0.27702416278083936,0.16765578635014836,0.5594936708860759
60,762.0722222222222,0.7722222222222223,5.337037037037037,10.603703703703705,1595.3092592592593,2.4927037037037034,0.3888888888888889,0.38333333333333336,7.0814814814814815,1748.0,2060.0,0.03333333333333333,0.43148148148148147,0.5351851851851852,0.10617154811715482,0.4905857740585774,0.27955020920502094,0.12369246861924686,0.49640287769784175
61,731.1256544502618,0.31151832460732987,6.476439790575916,13.209424083769633,1522.9214659685863,-1.5563089005235602,0.19633507853403143,0.11518324607329843,6.272251308900524,1608.0,2069.0000000000005,0.0,0.5287958115183246,0.4712041884816754,0.12479131886477463,0.35601001669449084,0.34056761268781305,0.17863105175292154,0.3697478991596639
62,661.8987654320988,0.6666666666666666,6.4222222222222225,13.192592592592593,1511.8962962962962,-1.5066419753086422,0.32592592592592595,0.34074074074074073,7.051851851851852,1750.0,2050.0,0.0,0.5333333333333333,0.4666666666666667,0.09838935574229692,0.5322128851540616,0.25630252100840334,0.1130952380952381,0.5111111111111111
63,654.2104018912529,0.6879432624113475,5.1867612293144205,11.44208037825059,1577.4137115839244,-0.7961702127659573,0.3191489361702128,0.36879432624113473,6.60047281323877,1831.0,2070.0,0.004728132387706856,0.40425531914893614,0.5910165484633569,0.11532951289398281,0.42478510028653294,0.3123209169054441,0.14756446991404013,0.5360824742268041
64,797.8819599109131,0.44766146993318484,4.260579064587973,8.915367483296214,1699.055679287305,-0.5244320712694878,0.22048997772828507,0.22717149220489977,5.877505567928731,1950.0,2120.0,0.004454342984409799,0.34743875278396436,0.6481069042316259,0.09586964759378552,0.3796892762410004,0.2985979537703676,0.22584312239484652,0.5074626865671642
65,759.7604938271605,0.7037037037037037,4.822222222222222,9.782716049382715,1639.4592592592592,-1.3272839506172838,0.24938271604938272,0.454320987654321,6.580246913580247,1830.0,2080.0,0.0,0.3530864197530864,0.6469135802469136,0.11069418386491557,0.5144465290806755,0.23527204502814258,0.1395872420262664,0.6456140350877193
66,635.1788413098237,0.7178841309823678,5.6498740554156175,12.1183879093199,1539.6423173803526,-1.4172040302267002,0.3879093198992443,0.32997481108312343,6.355163727959698,1710.0,2050.0,0.0,0.4634760705289673,0.5365239294710328,0.093935790725327,0.46056282203725724,0.2976615140705509,0.14783987316686484,0.45964912280701753
67,588.3203463203463,0.9264069264069265,7.761904761904762,17.181818181818183,1350.6406926406926,-1.7696969696969698,0.5454545454545454,0.38095238095238093,5.294372294372295,1431.0,2090.0,0.0,0.6493506493506493,0.35064935064935066,0.13900245298446443,0.4145543744889616,0.25756336876533115,0.18887980376124286,0.411214953271028
68,596.3823529411765,0.5073529411764706,5.9338235294117645,13.323529411764707,1499.0416666666667,-1.570514705882353,0.26715686274509803,0.24019607843137256,6.573529411764706,1662.0,2050.0,0.0,0.5294117647058824,0.47058823529411764,0.0831469052945563,0.5190156599552572,0.25205070842654737,0.14578672632363907,0.47342995169082125
69,674.3230769230769,0.9173076923076923,5.809615384615385,12.296153846153846,1546.9846153846154,-1.2340384615384616,0.5057692307692307,0.4115384615384615,6.792307692307692,1710.0,2060.0,0.0057692307692307696,0.4307692307692308,0.5634615384615385,0.10758776896942242,0.45781426953567383,0.2718006795016987,0.16279728199320498,0.44863731656184486
70,649.9045801526718,0.5916030534351145,7.4961832061068705,16.5381679389313,1379.3854961832062,-1.4933587786259541,0.3282442748091603,0.2633587786259542,5.8816793893129775,1483.0,2089.0,0.003816793893129771,0.5763358778625954,0.4198473282442748,0.14536015574302402,0.3951979234263465,0.31343283582089554,0.14600908500973395,0.44516129032258067
71,596.0191780821917,0.5534246575342465,4.956164383561644,11.627397260273973,1545.2575342465752,-1.3754794520547946,0.2876712328767123,0.26575342465753427,6.093150684931507,1813.0,2070.0,0.0,0.4438356164383562,0.5561643835616439,0.0651978417266187,0.4680755395683453,0.3017086330935252,0.1650179856115108,0.4801980198019802
72,572.8664383561644,0.363013698630137,6.52054794520548,14.674657534246576,1446.085616438356,-1.636849315068493,0.1232876712328767,0.23972602739726026,7.212328767123288,1636.5,2034.5000000000002,0.0,0.5376712328767124,0.4623287671232877,0.12060778727445394,0.5208926875593543,0.30389363722697055,0.054605887939221276,0.660377358490566
73,658.0730158730158,0.7047619047619048,5.628571428571429,11.968253968253968,1568.4253968253968,-1.4632380952380952,0.3968253968253968,0.30793650793650795,5.857142857142857,1785.0,2130.0,0.0,0.46984126984126984,0.5301587301587302,0.13983739837398373,0.3311653116531165,0.359349593495935,0.16964769647696476,0.4369369369369369
74,648.6813186813187,0.9267399267399268,6.47985347985348,13.260073260073261,1499.996336996337,-1.5469963369963369,0.4835164835164835,0.4432234432234432,6.615384615384615,1674.0,2040.0,0.0,0.4725274725274725,0.5274725274725275,0.09246954595791805,0.5526024363233666,0.2779623477297896,0.0769656699889258,0.4782608695652174
75,644.3412887828163,0.6610978520286396,6.155131264916467,13.193317422434367,1516.6563245823388,-1.4656324582338902,0.27923627684964203,0.3818615751789976,7.040572792362768,1690.0,2046.0,0.002386634844868735,0.4892601431980907,0.5083532219570406,0.1152542372881356,0.4471186440677966,0.3044067796610169,0.13322033898305086,0.5776173285198556
76,689.2693602693603,0.6363636363636364,6.4646464646464645,13.892255892255893,1495.4107744107744,-1.7074747474747476,0.3434343434343434,0.29292929292929293,5.774410774410774,1629.0,2110.0,0.0,0.5757575757575758,0.42424242424242425,0.13877551020408163,0.37026239067055394,0.31370262390670556,0.1772594752186589,0.4603174603174603
77,586.6755162241888,0.31563421828908556,6.174041297935103,13.52802359882006,1481.5722713864307,-1.4025368731563421,0.20353982300884957,0.11209439528023599,7.230088495575221,1738.0,2061.7999999999997,0.0,0.4365781710914454,0.5634218289085545,0.1036311709506324,0.5467156262749898,0.2537739698082415,0.09587923296613628,0.35514018691588783
78,630.3434125269979,0.4773218142548596,6.14902807775378,13.226781857451403,1501.1036717062634,-0.037559395248380104,0.24190064794816415,0.23542116630669546,7.32829373650108,1667.0,2060.0,0.017278617710583154,0.47516198704103674,0.5075593952483801,0.10639552018862364,0.5116416150898909,0.2593575007368111,0.12260536398467432,0.49321266968325794
79,662.633971291866,0.80622009569378,6.0047846889952154,12.282296650717702,1567.267942583732,-1.508086124401914,0.41148325358851673,0.39473684210526316,6.0933014354066986,1739.0,2110.0,0.0,0.48325358851674644,0.5167464114832536,0.12249705535924617,0.3608166470357283,0.30859835100117783,0.20808794660384766,0.4896142433234421
80,700.6938775510204,1.7244897959183674,6.334183673469388,12.900510204081632,1526.466836734694,-1.1981122448979593,0.8341836734693877,0.8903061224489796,7.525510204081633,1733.0,2050.0,0.002551020408163265,0.5076530612244898,0.4897959183673469,0.11322033898305085,0.5505084745762712,0.2352542372881356,0.10101694915254238,0.5162721893491125
81,649.0260047281324,1.4893617021276595,6.41371158392435,13.009456264775414,1528.4278959810874,-1.6324113475177304,0.5862884160756501,0.9030732860520094,7.01418439716312,1706.0,2060.8,0.0,0.5153664302600472,0.4846335697399527,0.10077519379844961,0.47556454330974046,0.3185035389282103,0.1051567239635996,0.6063492063492063
82,679.2527881040892,0.4646840148698885,6.855018587360595,13.74721189591078,1519.4386617100372,-1.5985873605947956,0.24907063197026022,0.21561338289962825,5.4907063197026025,1680.0,2101.4,0.0,0.5018587360594795,0.49814126394052044,0.16790792146242384,0.33649289099526064,0.2985781990521327,0.1970209884901828,0.464
83,625.4545454545455,1.0564263322884013,6.06269592476489,12.586206896551724,1545.9059561128527,-1.3352978056426332,0.4952978056426332,0.5611285266457681,7.009404388714733,1738.0,2090.0,0.0,0.445141065830721,0.554858934169279,0.09123434704830054,0.5286225402504472,0.2956171735241503,0.08452593917710197,0.5311572700296736
84,653.9761336515513,0.45823389021479716,6.178997613365155,13.011933174224344,1525.7756563245823,-1.1169212410501193,0.23389021479713604,0.2243436754176611,6.885441527446301,1719.0,2050.0,0.00477326968973747,0.48448687350835323,0.5107398568019093,0.10433275563258232,0.5379549393414211,0.23986135181975737,0.11785095320623917,0.4895833333333333
85,666.209756097561,0.8975609756097561,6.717073170731707,13.585365853658537,1516.0780487804877,-1.5854634146341462,0.48048780487804876,0.4170731707317073,5.2926829268292686,1640.0,2100.0,0.0,0.5024390243902439,0.4975609756097561,0.13640552995391705,0.2589861751152074,0.3262672811059908,0.2783410138248848,0.46467391304347827
86,685.5983379501386,2.418282548476454,6.049861495844875,12.800554016620499,1536.398891966759,-0.8345983379501386,1.105263157894737,1.3130193905817173,6.404432132963989,1640.0,2080.0,0.002770083102493075,0.4515235457063712,0.5457063711911357,0.11721453287197232,0.5008650519031141,0.2305363321799308,0.1513840830449827,0.5429553264604811
87,599.6928934010152,0.5431472081218274,7.317258883248731,15.956852791878173,1392.3502538071066,-1.129289340101523,0.2614213197969543,0.2817258883248731,6.621827411167513,1501.5,2020.0,0.005076142131979695,0.565989847715736,0.4289340101522843,0.11728631659639709,0.4883096972019931,0.24108853967037178,0.15331544653123802,0.5186915887850467
88,636.3796296296297,0.4660493827160494,6.867283950617284,14.283950617283951,1478.111111111111,-1.4587345679012345,0.2932098765432099,0.1728395061728395,5.685185185185185,1595.5,2100.0,0.0,0.49382716049382713,0.5061728395061729,0.12866449511400652,0.3811074918566775,0.26547231270358307,0.2247557003257329,0.3708609271523179
89,618.2966666666666,0.9033333333333333,4.83,10.26,1610.87,-1.3149333333333333,0.4166666666666667,0.4866666666666667,6.24,1830.0,2061.0,0.0,0.42333333333333334,0.5766666666666667,0.0811965811965812,0.5277777777777778,0.22863247863247863,0.1623931623931624,0.5387453874538746
90,646.8169014084507,1.1492957746478873,6.183098591549296,13.03661971830986,1527.9154929577464,-1.6131267605633801,0.6028169014084507,0.5464788732394367,6.698591549295775,1700.0,2086.0,0.0,0.4704225352112676,0.5295774647887324,0.09840201850294365,0.4667788057190917,0.3343145500420521,0.10050462573591253,0.47549019607843135
91,680.6955128205128,2.371794871794872,6.2243589743589745,13.195512820512821,1532.323717948718,-1.487852564102564,0.8814102564102564,1.4903846153846154,5.439102564102564,1654.5,2110.0,0.0,0.49038461538461536,0.5096153846153846,0.13494401885680612,0.3246906305244549,0.34295816146140246,0.1974071891573365,0.6283783783783784
92,630.8834688346883,0.6287262872628726,6.4471544715447155,13.83739837398374,1477.6233062330623,-1.6033333333333333,0.3089430894308943,0.31978319783197834,6.913279132791328,1650.0,2030.0,0.0,0.5121951219512195,0.4878048780487805,0.11250490003920031,0.5272442179537437,0.2591140729125833,0.10113680909447276,0.5086206896551724
93,684.4072398190045,1.1968325791855203,5.9366515837104075,12.481900452488688,1540.4389140271494,-1.1094343891402716,0.5384615384615384,0.6583710407239819,6.597285067873303,1706.0,2070.0,0.0022624434389140274,0.502262443438914,0.49547511312217196,0.10733882030178327,0.45164609053497945,0.28703703703703703,0.15397805212620028,0.5500945179584121
94,701.8229426433916,0.7581047381546134,6.800498753117207,13.8428927680798,1510.139650872818,-1.5134164588528678,0.2718204488778055,0.486284289276808,6.007481296758105,1650.0,2060.0,0.004987531172069825,0.5187032418952618,0.4763092269326683,0.1087588210875882,0.37650477376504776,0.29306766293067665,0.22166874221668742,0.6414473684210527
95,677.1680911680912,1.3618233618233617,5.700854700854701,11.549857549857549,1593.5954415954416,-1.6341595441595442,0.6125356125356125,0.7492877492877493,6.635327635327635,1777.0,2080.0,0.0,0.5299145299145299,0.4700854700854701,0.10347788750536711,0.5126663804207815,0.24688707599828252,0.1369686560755689,0.5502092050209205
96,635.0728051391862,0.8436830835117773,6.389721627408994,13.244111349036402,1488.5117773019272,3.168522483940043,0.5267665952890792,0.3169164882226981,6.9036402569593145,1597.0,2070.0,0.03640256959314775,0.49464668094218417,0.4689507494646681,0.11476426799007444,0.4665012406947891,0.2704714640198511,0.14826302729528537,0.3756345177664975
97,627.5741626794259,0.47368421052631576,7.990430622009569,16.784688995215312,1411.598086124402,-1.73555023923445,0.22488038277511962,0.24880382775119617,5.866028708133971,1499.0,2060.0,0.0,0.5885167464114832,0.41148325358851673,0.18515497553017946,0.48450244698205547,0.19086460032626426,0.13947797716150082,0.5252525252525253
98,650.5140562248996,0.8373493975903614,6.817269076305221,14.98995983935743,1455.9819277108434,-1.6255421686746987,0.39156626506024095,0.4457831325301205,6.919678714859438,1554.5,2063.0,0.0,0.572289156626506,0.42771084337349397,0.10098665118978525,0.526407428903076,0.1845618107951248,0.18804410911201394,0.5323741007194245
99,699.8852201257862,1.0581761006289307,5.2578616352201255,10.61320754716981,1639.7672955974842,-0.3860377358490566,0.5220125786163522,0.5361635220125787,6.8081761006289305,1880.0,2110.0,0.014150943396226415,0.3789308176100629,0.6069182389937107,0.10346420323325635,0.4489607390300231,0.2605080831408776,0.18706697459584296,0.5066864784546805
100,720.6768149882904,0.6440281030444965,6.711943793911007,13.192037470725996,1523.7658079625294,-1.0030210772833723,0.36533957845433257,0.2786885245901639,6.07728337236534,1629.0,2100.0,0.00468384074941452,0.5152224824355972,0.48009367681498827,0.12369942196531791,0.3140655105973025,0.34527938342967246,0.21695568400770712,0.43272727272727274
101,665.9389978213508,1.0610021786492374,6.871459694989107,13.965141612200435,1492.8082788671024,-1.513769063180828,0.5599128540305011,0.5010893246187363,7.0435729847494555,1610.0,2050.0,0.0,0.4923747276688453,0.5076252723311547,0.09836065573770492,0.5153108567893597,0.2421899164862357,0.14413857098669966,0.4722792607802875
102,672.1740196078431,0.8725490196078431,5.625,12.29656862745098,1552.2794117647059,-1.281078431372549,0.46078431372549017,0.4117647058823529,6.431372549019608,1753.0,2063.0,0.0,0.3897058823529412,0.6102941176470589,0.10746951219512195,0.4455030487804878,0.31135670731707316,0.13567073170731708,0.47191011235955055
103,719.6368715083798,3.1508379888268156,6.0251396648044695,12.620111731843576,1591.1480446927374,-0.9748324022346369,1.4748603351955307,1.675977653631285,5.56145251396648,1775.0,2144.6,0.00558659217877095,0.4888268156424581,0.505586592178771,0.12606730286288298,0.316926167754897,0.3415369161225515,0.2154696132596685,0.5319148936170213
104,754.4282907662083,1.4027504911591355,6.051080550098232,12.390962671905697,1572.5265225933201,-1.3618860510805502,0.6915520628683693,0.7111984282907662,6.675834970530452,1770.0,2079.2,0.0,0.4263261296660118,0.5736738703339882,0.09711595055915244,0.4782224838140082,0.2513243084167157,0.1733372572101236,0.5070028011204482
105,664.8620689655172,2.3184584178498984,6.298174442190669,13.557809330628803,1512.2434077079108,-0.7904462474645031,1.2190669371196754,1.0993914807302232,6.68762677484787,1662.0,2069.4,0.010141987829614604,0.4665314401622718,0.5233265720081136,0.11555959963603275,0.4346375492872308,0.31149529875644527,0.13830755232029118,0.4741907261592301
106,686.171052631579,2.8190789473684212,6.832236842105263,15.055921052631579,1470.8881578947369,-1.722730263157895,1.2828947368421053,1.5361842105263157,5.756578947368421,1558.0,2087.0,0.0,0.5789473684210527,0.42105263157894735,0.13085714285714287,0.38857142857142857,0.3017142857142857,0.17885714285714285,0.544924154025671
107,623.6550802139037,0.8716577540106952,5.63903743315508,12.679144385026738,1518.4705882352941,-1.3868449197860961,0.4197860962566845,0.45187165775401067,6.75668449197861,1730.0,2060.0,0.00267379679144385,0.4304812834224599,0.5668449197860963,0.09180846853977048,0.5302730510486743,0.24258013454689356,0.13533834586466165,0.5184049079754601
108,705.3171171171172,1.445045045045045,5.98018018018018,13.03063063063063,1526.6684684684685,-0.9831351351351351,0.7747747747747747,0.6702702702702703,7.461261261261261,1677.0,2070.0,0.010810810810810811,0.5153153153153153,0.47387387387387386,0.11736295580777589,0.4788698382033325,0.26515334460275297,0.13861386138613863,0.46384039900249374
109,689.7945859872611,1.555732484076433,6.676751592356688,13.547770700636942,1530.8089171974523,-1.4451592356687897,0.7914012738853503,0.7643312101910829,6.062101910828026,1608.5,2093.5000000000005,0.0015923566878980893,0.535031847133758,0.46337579617834396,0.10349356448647229,0.35749934331494615,0.28789072760703965,0.2511163645915419,0.49129989764585463
110,684.8688172043011,1.6129032258064515,6.333333333333333,14.008602150537634,1475.1376344086023,-1.53505376344086,0.7096774193548387,0.9032258064516129,6.647311827956989,1554.0,2070.0,0.002150537634408602,0.4924731182795699,0.5053763440860215,0.1035263668715626,0.5008087997411841,0.2646392753154319,0.13102555807182142,0.56
111,622.296577946768,2.3155893536121672,7.216730038022813,14.891634980988593,1451.6520912547528,-0.8984410646387834,1.3136882129277567,1.0019011406844107,7.250950570342205,1555.5,2040.0,0.0076045627376425855,0.5285171102661597,0.46387832699619774,0.10277923439958049,0.4632931305715784,0.31646565285789197,0.11746198217094914,0.43267651888341546
112,749.8581907090464,1.2469437652811737,6.393643031784841,13.158924205378973,1539.877750611247,-1.6425183374083128,0.5794621026894865,0.6674816625916871,5.474327628361858,1740.0,2102.7999999999997,0.0,0.49144254278728605,0.508557457212714,0.12103617686467173,0.2827154979901742,0.3488164359088879,0.2474318892362662,0.5352941176470588
113,672.7175925925926,2.7083333333333335,6.782407407407407,14.252314814814815,1513.851851851852,-1.6038194444444445,1.2222222222222223,1.4861111111111112,7.050925925925926,1631.0,2266.8,0.0,0.5254629629629629,0.47453703703703703,0.08699934340118187,0.4737360472751149,0.3164806303348654,0.12278397898883782,0.5487179487179488
114,641.498789346247,0.9830508474576272,7.268765133171913,14.91041162227603,1448.7893462469733,-1.5704842615012107,0.48184019370460046,0.5012106537530266,7.24455205811138,1560.0,2038.0,0.0,0.5302663438256658,0.46973365617433416,0.09659090909090909,0.5310828877005348,0.2520053475935829,0.12032085561497326,0.5098522167487685
115,626.8850174216028,1.0766550522648084,7.29616724738676,16.048780487804876,1417.5400696864112,-1.5789547038327527,0.5261324041811847,0.5505226480836237,5.43205574912892,1526.0,2100.0,0.003484320557491289,0.6097560975609756,0.3867595818815331,0.150096215522771,0.3598460551635664,0.2687620269403464,0.22129570237331622,0.511326860841424
116,614.75,2.361111111111111,5.965277777777778,13.1875,1560.2083333333333,-1.5618402777777778,1.0972222222222223,1.2638888888888888,6.263888888888889,1688.5,2090.0,0.0,0.5,0.5,0.06596452328159645,0.532150776053215,0.2588691796008869,0.14301552106430154,0.5352941176470588
117,590.5275080906149,0.4401294498381877,6.398058252427185,14.608414239482201,1426.5566343042071,-1.6711326860841424,0.19741100323624594,0.24271844660194175,6.614886731391586,1580.0,2045.1999999999998,0.0,0.5533980582524272,0.44660194174757284,0.10371819960861056,0.5464774951076321,0.2519569471624266,0.09784735812133072,0.5514705882352942
118,612.2019867549669,1.3841059602649006,7.76158940397351,16.105960264900663,1413.0165562913908,-1.6451655629139075,0.8013245033112583,0.5827814569536424,5.771523178807947,1538.0,2100.0,0.0,0.5894039735099338,0.4105960264900662,0.12392426850258176,0.41767068273092367,0.2587492828456684,0.19965576592082615,0.42105263157894735
119,583.7446808510638,0.8054711246200608,7.452887537993921,15.583586626139818,1401.6808510638298,-1.5884194528875382,0.2613981762917933,0.5440729483282675,6.224924012158055,1500.0,2040.0,0.0,0.5349544072948328,0.46504559270516715,0.11767578125,0.52734375,0.19287109375,0.162109375,0.6754716981132075
120,568.904282115869,0.6675062972292192,7.1914357682619645,15.21662468513854,1395.831234256927,2.757078085642317,0.3425692695214106,0.3249370277078086,6.602015113350126,1466.0,2030.0,0.04030226700251889,0.5390428211586902,0.42065491183879095,0.11674933231590996,0.44296070202212895,0.34910339565051507,0.09118657001144602,0.4867924528301887
121,589.7352941176471,2.1260504201680672,8.415966386554622,17.73109243697479,1344.0168067226891,-1.9063865546218488,1.0294117647058822,1.096638655462185,5.319327731092437,1317.0,2086.0,0.0,0.6386554621848739,0.36134453781512604,0.1406003159557662,0.3783570300157978,0.3325434439178515,0.1484992101105845,0.5158102766798419
122,592.6470588235294,0.5392156862745098,6.222222222222222,14.549019607843137,1450.5294117647059,-1.497091503267974,0.24183006535947713,0.2973856209150327,5.7973856209150325,1543.5,2064.0,0.0,0.5098039215686274,0.49019607843137253,0.07835400225479143,0.5180383314543405,0.30947012401352875,0.09413754227733935,0.5515151515151515
123,607.1042128603104,1.9268292682926829,5.414634146341464,12.361419068736142,1554.831485587583,-1.441419068736142,1.0598669623059866,0.8669623059866962,6.25720620842572,1820.0,2130.0,0.0,0.45454545454545453,0.5454545454545454,0.08575478384124734,0.43692416725726435,0.34514528703047487,0.13217576187101346,0.44994246260069043
124,700.4556962025316,0.43670886075949367,6.727848101265823,15.420886075949367,1414.4651898734178,-1.7403164556962027,0.22784810126582278,0.2088607594936709,5.569620253164557,1482.0,2050.0,0.0,0.620253164556962,0.379746835443038,0.11704545454545455,0.41704545454545455,0.28295454545454546,0.18295454545454545,0.4782608695652174
125,517.704347826087,0.37681159420289856,7.072463768115942,16.77391304347826,1344.4724637681159,-1.6837971014492752,0.19130434782608696,0.1855072463768116,6.072463768115942,1448.0,2020.0,0.0,0.5681159420289855,0.4318840579710145,0.09976133651551312,0.5145584725536992,0.24200477326968975,0.14367541766109784,0.49230769230769234
126,570.6587537091988,2.3590504451038576,6.329376854599406,14.611275964391691,1453.8516320474778,-1.632967359050445,1.3916913946587537,0.9673590504451038,6.55786350148368,1575.0,2050.0,0.0,0.5341246290801187,0.4658753709198813,0.09909502262443438,0.48914027149321265,0.2850678733031674,0.12669683257918551,0.410062893081761
127,590.9684684684685,2.0495495495495497,7.13963963963964,15.117117117117116,1439.5045045045044,-1.6622072072072072,0.8648648648648649,1.1846846846846846,5.405405405405405,1560.0,2109.7,0.0,0.5855855855855856,0.4144144144144144,0.16583333333333333,0.4266666666666667,0.2325,0.175,0.578021978021978
128,570.522658610272,1.1873111782477341,7.480362537764351,17.380664652567976,1337.9909365558913,-1.698429003021148,0.4471299093655589,0.7401812688821753,6.770392749244713,1359.0,2040.0,0.0,0.6193353474320241,0.3806646525679758,0.08121374386434628,0.5747434181169121,0.249442213297635,0.09460062472110665,0.6234096692111959
129,587.8502415458937,0.38164251207729466,4.823671497584541,11.439613526570048,1578.108695652174,-1.4593236714975846,0.20772946859903382,0.17391304347826086,6.929951690821256,1835.0,2080.0,0.0,0.41545893719806765,0.5845410628019324,0.09898919484140815,0.5095852213314744,0.2631578947368421,0.12826768909027536,0.45569620253164556
130,677.5686274509804,1.7483660130718954,5.712418300653595,12.669934640522875,1546.2124183006536,-1.4390196078431372,1.0196078431372548,0.7287581699346405,5.5,1768.0,2120.0,0.0,0.4934640522875817,0.5065359477124183,0.12834224598930483,0.35591206179441476,0.3672014260249554,0.14854426619132502,0.41682242990654206
131,589.6441176470588,0.7470588235294118,4.826470588235294,11.411764705882353,1587.8176470588235,-1.2230294117647058,0.3411764705882353,0.40588235294117647,5.732352941176471,1890.0,2080.0,0.0,0.38529411764705884,0.6147058823529412,0.06003078501795793,0.49153412006157005,0.27706516162134426,0.17136993329912775,0.5433070866141733
132,645.0172413793103,0.49712643678160917,6.373563218390805,13.614942528735632,1491.4022988505747,-1.5568965517241378,0.22126436781609196,0.27586206896551724,6.525862068965517,1692.0,2050.0,0.0,0.5172413793103449,0.4827586206896552,0.09687362395420519,0.4667547335975341,0.3003082342580361,0.13606340819022458,0.5549132947976878
133,600.9273504273505,1.0982905982905984,7.354700854700854,15.841880341880342,1440.6153846153845,-1.5845726495726498,0.4658119658119658,0.6324786324786325,5.713675213675214,1466.0,2120.0,0.0,0.5256410256410257,0.47435897435897434,0.12789827973074047,0.36724008975317873,0.3709798055347794,0.1338818249813014,0.5758754863813229
134,663.8993288590603,0.7986577181208053,6.466442953020135,13.64765100671141,1480.5738255033557,-1.4984228187919464,0.5,0.2986577181208054,6.671140939597316,1635.0,2033.0,0.0,0.4429530201342282,0.5570469798657718,0.07394366197183098,0.562374245472837,0.2676056338028169,0.0960764587525151,0.3739495798319328
135,652.3946360153257,0.4731800766283525,6.431034482758621,13.459770114942529,1508.5996168582376,-1.4035249042145594,0.20306513409961685,0.27011494252873564,6.990421455938697,1661.5,2060.0,0.0,0.446360153256705,0.553639846743295,0.10578240613866813,0.45574129898602356,0.2943272129350507,0.1441490819402576,0.5708502024291497
136,683.086854460094,1.4272300469483568,6.55868544600939,14.23943661971831,1498.4413145539907,-0.856455399061033,0.8427230046948356,0.5845070422535211,6.046948356807512,1605.0,2120.0,0.004694835680751174,0.5211267605633803,0.47417840375586856,0.14169254658385094,0.3567546583850932,0.25815217391304346,0.24340062111801242,0.4095394736842105
137,714.1901709401709,0.967948717948718,5.905982905982906,11.835470085470085,1569.2222222222222,-1.150405982905983,0.4722222222222222,0.49572649572649574,7.553418803418803,1697.5,2060.0,0.00641025641025641,0.48504273504273504,0.5085470085470085,0.11626591230551626,0.5575671852899575,0.2,0.12616690240452616,0.5121412803532008
138,668.0495283018868,1.294811320754717,6.589622641509434,13.742924528301886,1515.754716981132,-1.611179245283019,0.5495283018867925,0.7452830188679245,7.625,1637.5,2070.0,0.0,0.5400943396226415,0.45990566037735847,0.10392824002474482,0.5620167027528611,0.22858026600680484,0.10547479121558924,0.575591985428051
139,677.0543657331136,0.8401976935749588,6.009884678747941,12.85667215815486,1567.6392092257001,-1.4463756177924219,0.4299835255354201,0.4102141680395387,6.454695222405272,1720.0,2114.0,0.0016474464579901153,0.4794069192751236,0.5189456342668863,0.11613067891781521,0.38718734047983666,0.29096477794793263,0.2057172026544155,0.48823529411764705
140,727.8264840182649,0.8698630136986302,6.175799086757991,12.922374429223744,1538.4977168949772,-1.6178310502283106,0.4337899543378995,0.4360730593607306,7.486301369863014,1672.5,2090.0,0.0,0.5114155251141552,0.4885844748858447,0.10338517840805124,0.5483379078987496,0.2549557792009759,0.09332113449222323,0.5013123359580053
141,654.1377777777777,1.3622222222222222,6.555555555555555,13.87111111111111,1492.2133333333334,0.39533333333333326,0.6555555555555556,0.7066666666666667,7.76,1638.5,2070.0,0.022222222222222223,0.5044444444444445,0.47333333333333333,0.12600229095074456,0.5306414662084765,0.23969072164948454,0.1036655211912944,0.5187601957585645
142,711.2214765100671,0.761744966442953,6.543624161073826,13.322147651006711,1518.265100671141,-1.7126510067114094,0.3389261744966443,0.4228187919463087,5.996644295302014,1640.0,2110.0,0.0,0.5436241610738255,0.4563758389261745,0.17515388919977617,0.35310576385002795,0.2960268606603246,0.1757134862898713,0.5550660792951542
143,679.7405405405406,1.335135135135135,6.602702702702703,14.856756756756758,1483.127027027027,-1.6016756756756756,0.7324324324324324,0.6027027027027027,7.110810810810811,1578.0,2111.0,0.0,0.5594594594594594,0.44054054054054054,0.09045990117825922,0.5131128848346637,0.30976814899277844,0.08665906499429875,0.451417004048583
144,621.5358166189112,0.44412607449856734,7.363896848137536,16.214899713467048,1371.3352435530087,-1.7011461318051577,0.22922636103151864,0.2148997134670487,7.340974212034384,1427.0,2025.2,0.0,0.6045845272206304,0.3954154727793696,0.0897736143637783,0.5815768930523029,0.24785323965651834,0.08079625292740047,0.4838709677419355
145,676.6865203761755,0.9310344827586207,6.4043887147335425,13.545454545454545,1517.191222570533,-1.4718181818181817,0.4890282131661442,0.44200626959247646,5.275862068965517,1691.0,2110.0,0.0,0.5172413793103449,0.4827586206896552,0.14795008912655971,0.35175282234105765,0.27332144979203804,0.22697563874034463,0.47474747474747475
146,706.0955555555555,1.6555555555555554,5.986666666666666,12.573333333333334,1559.6222222222223,-0.24535555555555555,0.7955555555555556,0.86,7.06,1703.5,2081.0,0.008888888888888889,0.48,0.5111111111111111,0.09726156751652502,0.5102297765187284,0.24614416115832546,0.14636449480642116,0.5194630872483221
147,630.9905063291139,0.5284810126582279,6.041139240506329,13.936708860759493,1427.1550632911392,0.7200632911392405,0.27848101265822783,0.25,6.9113924050632916,1560.5,2040.0,0.0189873417721519,0.5126582278481012,0.46835443037974683,0.1163003663003663,0.5256410256410257,0.24587912087912087,0.11217948717948718,0.47305389221556887
148,685.4128440366973,1.9051987767584098,7.18960244648318,14.853211009174313,1468.1100917431193,-0.5878899082568808,0.8654434250764526,1.039755351681957,6.2782874617737,1545.0,2110.0,0.009174311926605505,0.5474006116207951,0.4434250764525994,0.13443740867023868,0.45396980029225525,0.25669751583049194,0.15489527520701413,0.5457463884430177
149,658.972850678733,0.4411764705882353,5.886877828054299,12.762443438914028,1546.5837104072398,-1.5484162895927602,0.2579185520361991,0.1832579185520362,6.819004524886878,1700.0,2090.0,0.0,0.48868778280542985,0.5113122171945701,0.1028533510285335,0.5079628400796284,0.21698739216987392,0.17219641672196417,0.4153846153846154
150,657.6222826086956,1.3070652173913044,6.328804347826087,13.657608695652174,1495.7717391304348,-0.7714130434782609,0.5135869565217391,0.7934782608695652,7.399456521739131,1614.5,2073.0,0.010869565217391304,0.5353260869565217,0.453804347826087,0.11457950789570327,0.4950422328314359,0.3033419023136247,0.08703635695923613,0.6070686070686071
151,681.7428571428571,1.2885714285714285,6.954285714285715,15.131428571428572,1471.0171428571427,-1.663457142857143,0.6742857142857143,0.6142857142857143,5.991428571428571,1562.0,2127.0,0.0,0.6285714285714286,0.37142857142857144,0.13304721030042918,0.3681449690033381,0.3214115402956605,0.17739628040057226,0.47671840354767187
152,659.0547445255474,0.5145985401459854,5.525547445255475,12.35036496350365,1549.197080291971,-1.5454014598540147,0.21897810218978103,0.2956204379562044,6.273722627737226,1737.0,2050.0,0.0,0.5109489051094891,0.48905109489051096,0.09075043630017451,0.5154159394997091,0.28853984874927285,0.10529377545084351,0.574468085106383
153,676.7324675324676,1.2623376623376623,6.535064935064935,14.394805194805194,1477.703896103896,-0.09527272727272731,0.6987012987012987,0.5636363636363636,7.277922077922078,1531.0,2080.0,0.012987012987012988,0.5428571428571428,0.44415584415584414,0.1006423982869379,0.487152034261242,0.3265524625267666,0.08565310492505353,0.44650205761316875
154,736.9496221662469,0.4659949622166247,7.0428211586901766,14.272040302267003,1503.942065491184,-1.5574559193954662,0.27204030226700254,0.19395465994962216,6.36272040302267,1666.0,2084.0000000000005,0.0,0.5365239294710328,0.4634760705289673,0.10649247822644498,0.4220110847189232,0.28978622327790976,0.18171021377672208,0.41621621621621624
155,617.4722955145119,0.5804749340369393,7.612137203166227,16.662269129287598,1380.6437994722955,-1.7525593667546175,0.2612137203166227,0.31926121372031663,6.654353562005277,1414.0,2050.0,0.0,0.5936675461741425,0.40633245382585753,0.11022997620935765,0.5178429817605076,0.2097541633624108,0.16217287866772404,0.55
156,609.7933333333333,1.32,6.848888888888889,14.54888888888889,1480.7244444444445,-1.6604444444444446,0.6688888888888889,0.6511111111111111,6.497777777777777,1595.0,2070.0,0.0,0.5444444444444444,0.45555555555555555,0.09575923392612859,0.44528043775649795,0.3146374829001368,0.14432284541723667,0.49326599326599324
157,705.0843373493976,0.7590361445783133,6.397590361445783,14.006024096385541,1482.4789156626507,-1.566144578313253,0.4036144578313253,0.35542168674698793,5.852409638554217,1608.5,2100.0,0.0,0.5481927710843374,0.45180722891566266,0.13072568193515183,0.38754503345342256,0.30519814719505917,0.17653113741636645,0.46825396825396826
158,691.6637931034483,0.9655172413793104,5.850574712643678,12.672413793103448,1573.2298850574712,-1.448448275862069,0.382183908045977,0.5833333333333334,6.640804597701149,1761.0,2173.0,0.0,0.46264367816091956,0.5373563218390804,0.0839463435742103,0.574643011683254,0.24145391605365643,0.09995672868887927,0.6041666666666666
159,651.9107883817427,0.4087136929460581,6.576763485477178,13.365145228215768,1504.680497925311,-1.4853526970954358,0.2012448132780083,0.2074688796680498,6.576763485477178,1643.0,2050.0,0.0,0.491701244813278,0.508298755186722,0.09652996845425868,0.4334384858044164,0.28990536277602524,0.1801261829652997,0.5076142131979695
160,676.6925795053004,1.028268551236749,7.756183745583039,17.257950530035334,1377.279151943463,-1.749399293286219,0.6501766784452296,0.37809187279151946,5.491166077738516,1482.0,2098.0,0.0,0.5936395759717314,0.40636042402826855,0.12355212355212356,0.33204633204633205,0.35006435006435005,0.19433719433719435,0.36769759450171824
161,703.5085995085996,1.0638820638820639,5.874692874692875,12.238329238329237,1575.137592137592,-1.5051597051597052,0.5184275184275184,0.5454545454545454,6.57002457002457,1735.0,2100.0,0.0,0.47665847665847666,0.5233415233415234,0.08975317875841436,0.47569184741959614,0.2838444278234854,0.15071054599850411,0.5127020785219399
162,681.8735632183908,0.5229885057471264,6.387931034482759,13.155172413793103,1527.1810344827586,-1.5175,0.28735632183908044,0.23563218390804597,6.67816091954023,1680.0,2063.0,0.0,0.4885057471264368,0.5114942528735632,0.10370051635111877,0.4401893287435456,0.32960413080895007,0.12650602409638553,0.45054945054945056
163,784.0439560439561,2.0384615384615383,5.799450549450549,12.065934065934066,1653.0494505494505,-1.410989010989011,0.9642857142857143,1.0741758241758241,5.431318681318682,1778.5,2214.2,0.0,0.43131868131868134,0.5686813186813187,0.12139605462822459,0.2731411229135053,0.40971168437025796,0.19575113808801214,0.5269541778975741
164,723.049853372434,0.5689149560117303,6.149560117302053,12.563049853372434,1566.9970674486804,-0.5069208211143695,0.2932551319648094,0.2756598240469208,6.703812316715543,1725.0,2120.0,0.008797653958944282,0.4838709677419355,0.5073313782991202,0.09361329833770779,0.5301837270341208,0.27034120734908135,0.10586176727909011,0.4845360824742268
165,631.5083798882681,0.37988826815642457,6.446927374301676,14.0,1500.7877094972066,-1.2981843575418994,0.19273743016759776,0.1871508379888268,6.4636871508379885,1555.0,2083.0,0.002793296089385475,0.5,0.4972067039106145,0.11884183232497839,0.42912705272255836,0.3267070008643042,0.12532411408815902,0.49264705882352944
166,628.2730923694779,2.4779116465863456,6.650602409638554,13.899598393574298,1541.8875502008032,-1.4852208835341365,1.0883534136546185,1.3895582329317269,5.337349397590361,1670.0,2120.0,0.0,0.4899598393574297,0.5100401606425703,0.12641083521444696,0.345372460496614,0.3619262603461249,0.16629044394281414,0.5607779578606159
167,676.6597633136095,1.136094674556213,5.72189349112426,12.718934911242604,1593.6420118343194,-0.933076923076923,0.6715976331360947,0.46449704142011833,6.84319526627219,1730.0,2193.0,0.005917159763313609,0.4437869822485207,0.5502958579881657,0.09165585819282317,0.546908776480761,0.25118893212278426,0.11024643320363164,0.4088541666666667
168,686.2801047120419,1.4450261780104712,6.4214659685863875,13.520942408376964,1532.8350785340315,-1.5204188481675391,0.8141361256544503,0.6308900523560209,6.303664921465969,1751.0,2109.0000000000005,0.0,0.47643979057591623,0.5235602094240838,0.09136212624584718,0.462624584717608,0.292358803986711,0.1536544850498339,0.4365942028985507
169,723.3103448275862,0.7862068965517242,6.675862068965517,14.441379310344828,1500.5551724137931,-1.5550689655172414,0.35517241379310344,0.43103448275862066,5.327586206896552,1601.0,2111.0,0.0,0.5793103448275863,0.4206896551724138,0.09902912621359224,0.3488673139158576,0.3559870550161812,0.19611650485436893,0.5482456140350878
170,667.3739837398374,0.44308943089430897,6.7926829268292686,15.211382113821138,1421.0121951219512,-1.3739430894308944,0.3008130081300813,0.14227642276422764,5.544715447154472,1508.0,2050.0,0.0,0.5121951219512195,0.4878048780487805,0.07404692082111437,0.5161290322580645,0.3181818181818182,0.09164222873900293,0.3211009174311927
171,675.974647887324,0.523943661971831,6.777464788732394,14.532394366197183,1481.8169014084508,-1.5502535211267607,0.2647887323943662,0.2591549295774648,6.264788732394366,1610.0,2070.0,0.0,0.5352112676056338,0.4647887323943662,0.09712230215827339,0.44919064748201437,0.3466726618705036,0.10701438848920863,0.4946236559139785
172,711.5166666666667,0.4166666666666667,6.858333333333333,14.866666666666667,1465.2083333333333,-1.6384166666666669,0.25833333333333336,0.15833333333333333,4.433333333333334,1584.5,2110.0,0.0,0.5416666666666666,0.4583333333333333,0.12030075187969924,0.29041353383458646,0.4041353383458647,0.18515037593984962,0.38
173,597.3421926910299,0.5980066445182725,7.3754152823920265,16.285714285714285,1411.9568106312292,-1.3544186046511628,0.32558139534883723,0.2724252491694352,6.657807308970099,1458.0,2040.0,0.0033222591362126247,0.5614617940199336,0.43521594684385384,0.09081836327345309,0.49850299401197606,0.3328343313373254,0.07784431137724551,0.45555555555555555
174,621.6067708333334,0.6432291666666666,6.770833333333333,14.4375,1480.0546875,-1.2362760416666667,0.265625,0.3776041666666667,6.791666666666667,1556.5,2067.0,0.005208333333333333,0.5286458333333334,0.4661458333333333,0.10621165644171779,0.49118098159509205,0.2963957055214724,0.10621165644171779,0.5870445344129555
175,596.5734597156398,1.3649289099526067,7.796208530805687,16.023696682464454,1448.6398104265402,-1.653127962085308,0.8862559241706162,0.4786729857819905,4.966824644549763,1520.0,2118.0,0.0,0.5402843601895735,0.4597156398104265,0.16125954198473283,0.36927480916030536,0.2929389312977099,0.1765267175572519,0.3506944444444444
176,620.2336769759451,2.027491408934708,6.752577319587629,13.938144329896907,1539.6082474226805,-1.5075257731958762,0.9518900343642611,1.0756013745704467,6.577319587628866,1675.0,2230.0,0.0,0.47079037800687284,0.5292096219931272,0.09456635318704285,0.49164054336468127,0.31922675026123304,0.09456635318704285,0.5305084745762711
177,564.6417445482866,1.0903426791277258,7.38006230529595,16.6791277258567,1383.2585669781931,-1.7169781931464174,0.7165109034267912,0.37383177570093457,6.5514018691588785,1398.0,2080.0,0.0,0.5794392523364486,0.4205607476635514,0.11174512601046124,0.43319067998097954,0.35805991440798857,0.09700427960057062,0.34285714285714286
178,541.1319796954315,1.2944162436548223,7.375634517766497,16.487309644670052,1450.1878172588833,-1.6404060913705585,0.6142131979695431,0.6802030456852792,4.898477157360406,1520.0,2140.0,0.0,0.583756345177665,0.41624365482233505,0.138860103626943,0.38238341968911915,0.3544041450777202,0.12435233160621761,0.5254901960784314
179,595.3732590529248,0.1615598885793872,6.03899721448468,13.119777158774374,1502.9136490250696,-1.4140111420612813,0.0947075208913649,0.06685236768802229,6.818941504178273,1710.0,2030.0,0.0,0.4623955431754875,0.5376044568245125,0.09681372549019608,0.5155228758169934,0.24918300653594772,0.13848039215686275,0.41379310344827586
180,628.92,1.744,6.069333333333334,14.224,1498.0453333333332,-1.5276,0.7306666666666667,1.0133333333333334,6.656,1727.0,2110.0,0.0,0.488,0.512,0.08613782051282051,0.4639423076923077,0.3505608974358974,0.09935897435897435,0.581039755351682
181,633.7695035460993,1.1170212765957446,6.382978723404255,13.209219858156029,1568.8758865248226,-1.5612056737588653,0.5567375886524822,0.5602836879432624,5.531914893617022,1741.5,2139.0,0.0,0.5035460992907801,0.49645390070921985,0.14358974358974358,0.31987179487179485,0.391025641025641,0.14551282051282052,0.5015873015873016
182,602.2076023391813,0.3713450292397661,6.169590643274854,14.058479532163743,1455.6959064327486,-1.5851169590643275,0.15789473684210525,0.2134502923976608,6.421052631578948,1637.5,2009.0000000000005,0.0,0.5175438596491229,0.4824561403508772,0.0860655737704918,0.4663023679417122,0.35564663023679416,0.09198542805100182,0.5748031496062992
183,558.9018987341772,1.4018987341772151,6.993670886075949,15.984177215189874,1396.1803797468353,-1.7781645569620252,0.7310126582278481,0.6708860759493671,6.544303797468355,1458.5,2020.0,0.0,0.5727848101265823,0.4272151898734177,0.10154738878143134,0.45938104448742745,0.34622823984526113,0.09284332688588008,0.4785553047404063
184,657.6434782608695,0.5072463768115942,7.3420289855072465,16.446376811594202,1426.255072463768,-1.8048695652173912,0.2898550724637681,0.21739130434782608,5.315942028985507,1508.0,2100.0,0.0,0.5507246376811594,0.4492753623188406,0.09923664122137404,0.34187568157033804,0.34023991275899673,0.21864776444929115,0.42857142857142855
185,620.4755244755245,2.076923076923077,5.646853146853147,12.384615384615385,1598.0174825174824,-1.4411188811188813,0.965034965034965,1.1118881118881119,6.2727272727272725,1730.0,2360.0,0.0,0.47202797202797203,0.527972027972028,0.10256410256410256,0.5429208472686734,0.25863991081382387,0.09587513935340022,0.5353535353535354
186,601.1402116402116,1.9735449735449735,5.85978835978836,12.042328042328043,1619.584656084656,-1.5326455026455028,0.9312169312169312,1.0423280423280423,6.423280423280423,1782.5,2190.0,0.0,0.4708994708994709,0.5291005291005291,0.08896210873146623,0.44357495881383857,0.3319604612850082,0.13550247116968697,0.5281501340482574
187,615.0533807829181,1.1494661921708185,6.697508896797153,15.622775800711743,1463.4270462633451,-0.3423131672597865,0.3879003558718861,0.7615658362989324,5.704626334519573,1583.0,2140.0,0.010676156583629894,0.5088967971530249,0.4804270462633452,0.11291328758577666,0.3568309419837804,0.3799126637554585,0.1503431066749844,0.6625386996904025
188,629.1035598705502,1.3300970873786409,6.511326860841424,13.446601941747574,1605.883495145631,-1.475631067961165,0.656957928802589,0.6731391585760518,6.699029126213592,1776.0,2360.4,0.0,0.4627831715210356,0.5372168284789643,0.09806763285024155,0.5072463768115942,0.2898550724637681,0.10483091787439613,0.5060827250608273
189,603.8586956521739,0.7391304347826086,5.106521739130435,11.167391304347825,1627.3086956521738,-1.4222173913043479,0.3869565217391304,0.3521739130434783,6.934782608695652,1877.0,2120.0,0.0,0.3826086956521739,0.6173913043478261,0.0871473354231975,0.4626959247648903,0.3075235109717868,0.1426332288401254,0.4764705882352941
190,628.1119691119691,0.3590733590733591,6.138996138996139,13.59073359073359,1528.7644787644788,-1.6825096525096523,0.22007722007722008,0.138996138996139,5.181467181467181,1741.0,2112.0,0.0,0.5444015444015444,0.4555984555984556,0.12891207153502235,0.28688524590163933,0.4225037257824143,0.161698956780924,0.3870967741935484
191,636.0704225352113,0.9436619718309859,5.197183098591549,11.387323943661972,1681.0950704225352,-1.254330985915493,0.4964788732394366,0.4471830985915493,5.911971830985915,1840.0,2350.0,0.0,0.4014084507042254,0.5985915492957746,0.07564026206075045,0.47468731387730795,0.3287671232876712,0.1209053007742704,0.47388059701492535
192,651.2706422018349,0.5688073394495413,5.589449541284404,12.174311926605505,1558.3532110091744,-1.2274770642201833,0.3532110091743119,0.21559633027522937,6.422018348623853,1709.5,2075.0,0.0022935779816513763,0.5091743119266054,0.48853211009174313,0.08285714285714285,0.4175,0.36607142857142855,0.13357142857142856,0.3790322580645161
193,647.8651026392962,1.8005865102639296,5.580645161290323,12.064516129032258,1655.4897360703812,-1.4374780058651027,1.0087976539589443,0.7917888563049853,5.780058651026393,1780.0,2290.0,0.0,0.4604105571847507,0.5395894428152492,0.11770674784373414,0.28259766615931,0.4429223744292237,0.1567732115677321,0.43973941368078173
194,675.390756302521,1.495798319327731,5.180672268907563,11.063025210084033,1674.2563025210084,-1.3516806722689074,0.6470588235294118,0.8487394957983193,5.626050420168068,1890.0,2313.0,0.0,0.42016806722689076,0.5798319327731093,0.05974607916355489,0.5250186706497386,0.3166542195668409,0.09858103061986558,0.5674157303370787
195,573.3405572755418,0.6501547987616099,4.900928792569659,10.876160990712075,1667.5975232198143,-1.3190402476780185,0.3746130030959752,0.2755417956656347,6.1269349845201235,1898.0,2303.6000000000004,0.0,0.43653250773993807,0.5634674922600619,0.09853461344113189,0.42748863062152603,0.37847397675593736,0.09550277918140475,0.4238095238095238
196,629.5833333333334,0.7355072463768116,6.9021739130434785,15.583333333333334,1437.659420289855,-1.4022826086956524,0.37681159420289856,0.358695652173913,5.007246376811594,1523.0,2131.5,0.0036231884057971015,0.5869565217391305,0.40942028985507245,0.10636758321273516,0.28147612156295226,0.3784370477568741,0.2337192474674385,0.4876847290640394
197,587.1305637982196,1.1157270029673592,6.560830860534125,14.225519287833828,1497.5044510385758,-1.4813056379821958,0.5074183976261127,0.6083086053412463,6.275964391691395,1640.0,2104.0000000000005,0.0,0.49258160237388726,0.5074183976261127,0.0851063829787234,0.5418439716312057,0.2690307328605201,0.10401891252955082,0.5452127659574468
198,589.5283018867924,0.6954177897574124,7.444743935309973,16.67924528301887,1398.8005390835579,-1.757978436657682,0.33962264150943394,0.3557951482479784,7.1024258760107815,1413.0,2150.0,0.0,0.5849056603773585,0.41509433962264153,0.08690702087286528,0.44212523719165087,0.37874762808349144,0.09222011385199241,0.5116279069767442
199,593.9487951807229,0.7349397590361446,7.88855421686747,18.16566265060241,1336.4096385542168,-1.8191566265060242,0.3674698795180723,0.3674698795180723,5.882530120481928,1311.5,2070.0,0.0,0.6445783132530121,0.35542168674698793,0.1300563236047107,0.3456221198156682,0.3630312339989759,0.16129032258064516,0.5
200,550.1749174917492,2.5181518151815183,7.066006600660066,16.04950495049505,1466.993399339934,-1.2064356435643564,1.1815181518151816,1.3366336633663367,6.772277227722772,1545.0,2305.6000000000004,0.006600660066006601,0.5577557755775577,0.43564356435643564,0.09502923976608187,0.5199805068226121,0.2962962962962963,0.08869395711500974,0.5307994757536042
201,537.6831683168317,2.1633663366336635,6.091584158415841,14.195544554455445,1500.8861386138615,-1.4094554455445543,1.2475247524752475,0.9158415841584159,7.118811881188119,1695.0,2120.0,0.0,0.47277227722772275,0.5272277227722773,0.08970792767732963,0.4478442280945758,0.3849095966620306,0.07753824756606398,0.4233409610983982
202,638.8434782608696,1.6695652173913043,7.104347826086957,15.326086956521738,1475.8,-1.6624782608695652,1.065217391304348,0.6043478260869565,4.8130434782608695,1635.5,2140.0,0.0,0.5173913043478261,0.4826086956521739,0.1020776874435411,0.2917795844625113,0.44173441734417346,0.16440831074977416,0.3619791666666667
203,603.360655737705,1.3770491803278688,6.059016393442623,13.98032786885246,1508.016393442623,-1.4740983606557378,0.7475409836065574,0.6295081967213115,6.4032786885245905,1590.0,2076.0,0.0,0.5081967213114754,0.4918032786885246,0.07168458781362007,0.4731182795698925,0.3783922171018945,0.07680491551459294,0.45714285714285713
204,605.2857142857143,0.7244897959183674,5.673469387755102,13.125,1537.0663265306123,-1.4880867346938778,0.413265306122449,0.3112244897959184,7.423469387755102,1749.0,2090.0,0.0,0.44642857142857145,0.5535714285714286,0.09175257731958762,0.49828178694158076,0.3319587628865979,0.07800687285223368,0.4295774647887324
205,549.3482142857143,1.4910714285714286,6.924107142857143,15.388392857142858,1526.669642857143,-1.643392857142857,0.7232142857142857,0.7678571428571429,4.790178571428571,1638.5,2246.7000000000003,0.0,0.5133928571428571,0.48660714285714285,0.12861136999068035,0.34389561975768873,0.30941286113699906,0.21808014911463186,0.5149700598802395
206,618.5520581113801,1.7070217917675545,6.012106537530267,13.09685230024213,1589.1767554479418,-1.4656900726392252,0.8571428571428571,0.8498789346246973,6.196125907990314,1769.0,2338.0,0.0,0.4648910411622276,0.5351089588377724,0.08479874951152794,0.41930441578741695,0.32395466979288784,0.17194216490816724,0.4978723404255319
207,576.0855263157895,0.5263157894736842,7.480263157894737,17.64144736842105,1331.4375,-1.8884868421052632,0.26973684210526316,0.2565789473684211,6.453947368421052,1341.0,2020.0,0.0,0.6546052631578947,0.34539473684210525,0.09683995922528033,0.509683995922528,0.3114169215086646,0.08205912334352701,0.4875
208,592.469512195122,0.8567073170731707,8.609756097560975,18.521341463414632,1300.966463414634,-1.8967987804878048,0.5030487804878049,0.35365853658536583,5.567073170731708,1305.0,2003.0,0.0,0.6890243902439024,0.31097560975609756,0.10131434830230011,0.34611171960569553,0.3592552026286966,0.19331872946330778,0.4128113879003559
209,550.8162729658793,0.9291338582677166,7.443569553805775,17.635170603674542,1328.2965879265091,-1.7136482939632545,0.3937007874015748,0.5354330708661418,6.178477690288714,1383.0,2000.0,0.0,0.6141732283464567,0.3858267716535433,0.06796941376380629,0.49405267629566696,0.2909940526762957,0.1469838572642311,0.576271186440678
210,608.5377128953771,1.467153284671533,6.4939172749391725,13.530413625304137,1524.9367396593675,-0.8862287104622871,0.7664233576642335,0.7007299270072993,6.8345498783454985,1684.0,2100.0,0.004866180048661801,0.48418491484184917,0.5109489051094891,0.09825560697757209,0.4293342826628693,0.3720185119259523,0.10039159843360626,0.47761194029850745
211,633.2105263157895,2.0605263157894735,6.41578947368421,13.852631578947369,1533.0631578947368,-0.9811842105263159,1.1710526315789473,0.8894736842105263,5.426315789473684,1650.0,2149.1,0.007894736842105263,0.5210526315789473,0.4710526315789474,0.10426770126091174,0.3239573229873909,0.3646944713870029,0.20708050436469447,0.43167305236270753
212,613.4029411764706,0.788235294117647,5.5852941176470585,12.888235294117647,1535.9970588235294,-1.553764705882353,0.3764705882352941,0.4117647058823529,6.420588235294118,1755.0,2090.0,0.0,0.5058823529411764,0.49411764705882355,0.0787906550618415,0.467246907924874,0.3550160329821347,0.09894640403114979,0.5223880597014925
213,578.683257918552,2.0271493212669682,6.377828054298643,13.877828054298643,1511.3914027149322,-0.8466742081447964,1.1561085972850678,0.8710407239819005,6.764705882352941,1705.0,2119.3,0.006787330316742082,0.5,0.49321266968325794,0.09264214046822743,0.4234113712374582,0.345819397993311,0.13812709030100334,0.4296875
214,681.7797101449275,0.2782608695652174,5.953623188405797,12.666666666666666,1546.9391304347826,-1.6945217391304348,0.17971014492753623,0.09855072463768116,5.602898550724638,1720.0,2110.0,0.0,0.5130434782608696,0.48695652173913045,0.12364200724262804,0.3414381789963787,0.3295395757889291,0.20538023797206414,0.3541666666666667
215,570.1174698795181,1.9427710843373494,7.177710843373494,14.936746987951807,1448.9307228915663,-1.5826204819277108,0.8614457831325302,1.0813253012048192,6.662650602409639,1544.0,2080.0,0.0,0.5602409638554217,0.4397590361445783,0.09358047016274865,0.4950271247739602,0.265370705244123,0.14602169981916818,0.5565891472868217
216,584.8705882352941,1.3098039215686275,6.035294117647059,13.215686274509803,1527.5450980392156,1.1139411764705882,0.7176470588235294,0.592156862745098,6.613725490196078,1662.0,2100.0,0.025490196078431372,0.4470588235294118,0.5274509803921569,0.09220278683664394,0.40913133708864513,0.32493329380373553,0.1737325822709754,0.45209580838323354
217,593.6909090909091,0.9818181818181818,5.992727272727273,13.814545454545454,1517.0727272727272,-1.6104,0.5127272727272727,0.4690909090909091,5.683636363636364,1625.0,2110.0,0.0,0.5018181818181818,0.49818181818181817,0.13691618682021753,0.3889955214331414,0.2981445937300064,0.17594369801663468,0.4777777777777778
218,560.8703170028818,1.7406340057636887,5.70893371757925,12.711815561959654,1576.198847262248,-1.3569740634005765,0.792507204610951,0.9481268011527377,6.46685878962536,1760.0,2120.0,0.0,0.4322766570605187,0.5677233429394812,0.07263814616755793,0.5325311942959001,0.2580213903743315,0.13680926916221034,0.5447019867549668
219,574.4376039933444,0.36772046589018303,6.2961730449251245,13.640599001663894,1497.6788685524127,-1.2041098169717137,0.22628951747088186,0.14143094841930118,6.815307820299501,1670.0,2060.0,0.0016638935108153079,0.4825291181364393,0.5158069883527454,0.081298828125,0.439453125,0.31396484375,0.165283203125,0.38461538461538464
220,636.5352422907489,0.9691629955947136,5.513215859030837,12.12114537444934,1600.4845814977973,-1.4130837004405286,0.5881057268722467,0.381057268722467,5.308370044052864,1806.0,2110.0,0.0,0.41409691629955947,0.5859030837004405,0.1020746887966805,0.2821576763485477,0.350207468879668,0.26556016597510373,0.3931818181818182
221,644.9737417943107,0.7658643326039387,5.343544857768053,11.74835886214442,1582.2363238512035,-1.413413566739606,0.4201312910284464,0.34573304157549234,6.733041575492341,1820.0,2100.0,0.0,0.4288840262582057,0.5711159737417943,0.08352291192720182,0.45921351966200846,0.2947676308092298,0.16249593760155995,0.4514285714285714
222,655.3410526315789,0.24210526315789474,5.578947368421052,12.115789473684211,1578.3726315789474,-1.4267368421052633,0.10526315789473684,0.1368421052631579,6.608421052631579,1783.0,2066.0,0.0,0.4421052631578947,0.5578947368421052,0.08920038228735266,0.409366040140172,0.3373685887225231,0.16406498884995221,0.5652173913043478
223,731.7054263565891,0.5607235142118863,5.571059431524548,11.405684754521964,1636.9121447028424,-1.486640826873385,0.32299741602067183,0.23772609819121446,5.276485788113695,1799.0,2120.0,0.0,0.4186046511627907,0.5813953488372093,0.10626836434867777,0.28942213516160625,0.3574926542605289,0.24681684622918706,0.423963133640553
224,702.8876404494382,0.6786516853932584,5.824719101123596,11.817977528089887,1591.6719101123595,-1.417191011235955,0.30337078651685395,0.3752808988764045,6.404494382022472,1740.0,2090.0,0.0,0.44719101123595506,0.5528089887640449,0.0824561403508772,0.4687719298245614,0.2905263157894737,0.15824561403508772,0.5529801324503312
225,716.4367245657568,0.6004962779156328,5.277915632754342,11.181141439205955,1625.925558312655,-0.7671712158808933,0.27791563275434245,0.3225806451612903,7.106699751861042,1840.0,2080.0,0.007444168734491315,0.45409429280397023,0.5384615384615384,0.09881284916201118,0.48114525139664804,0.30062849162011174,0.11941340782122906,0.5371900826446281
226,662.0204081632653,1.0113378684807257,6.235827664399093,12.206349206349206,1601.6621315192745,-1.448888888888889,0.5328798185941043,0.47845804988662133,5.648526077097506,1730.0,2120.0,0.0,0.46485260770975056,0.5351473922902494,0.10196708149337616,0.3576876756322762,0.30991569650742673,0.23042954636692092,0.4730941704035874
227,678.1515789473684,1.4778947368421054,5.3052631578947365,10.84421052631579,1650.2315789473685,-1.4210947368421052,0.7347368421052631,0.7431578947368421,6.618947368421052,1850.0,2126.0,0.0,0.4063157894736842,0.5936842105263158,0.07888040712468193,0.513676844783715,0.2652671755725191,0.14217557251908397,0.5028490028490028
228,664.4961832061068,0.5750636132315522,5.727735368956743,11.882951653944021,1581.4885496183206,-1.5658778625954197,0.32061068702290074,0.2544529262086514,6.493638676844784,1766.0,2070.0,0.0,0.48091603053435117,0.5190839694656488,0.08268025078369906,0.460423197492163,0.31543887147335425,0.1414576802507837,0.4424778761061947
229,629.2105263157895,0.6569200779727096,7.146198830409356,14.590643274853802,1509.945419103314,-1.5569395711500975,0.3313840155945419,0.3255360623781676,5.707602339181286,1591.0,2110.0,0.0,0.5048732943469786,0.4951267056530214,0.09528688524590163,0.33299180327868855,0.34255464480874315,0.22916666666666666,0.49554896142433236
230,676.2020725388601,2.989637305699482,6.357512953367876,13.5,1547.5051813471503,-1.529481865284974,1.3290155440414508,1.660621761658031,7.067357512953368,1693.0,2140.0,0.0025906735751295338,0.48186528497409326,0.5155440414507773,0.09604105571847507,0.5249266862170088,0.2730938416422287,0.1059384164222874,0.5554592720970537
231,644.3752577319588,1.581443298969072,5.247422680412371,10.917525773195877,1645.9134020618558,-0.5896494845360825,0.6659793814432989,0.9154639175257732,7.206185567010309,1880.0,2090.0,0.010309278350515464,0.3958762886597938,0.5938144329896907,0.08640915593705294,0.4509298998569385,0.34992846924177395,0.11273247496423462,0.5788787483702738
232,695.4569190600522,1.0026109660574412,6.237597911227154,12.571801566579634,1558.5848563968668,-1.415953002610966,0.4490861618798956,0.5535248041775457,5.527415143603133,1748.0,2110.0,0.0,0.4386422976501306,0.5613577023498695,0.10344827586206896,0.2706660368445914,0.42182333490788854,0.20406235238545112,0.5520833333333334
233,800.8367816091954,1.3908045977011494,4.7172413793103445,9.931034482758621,1671.7494252873564,-1.294712643678161,0.6597701149425287,0.7310344827586207,6.508045977011494,1880.0,2086.0,0.0,0.34942528735632183,0.6505747126436782,0.08124337689862239,0.44189332391381136,0.32497350759448956,0.15188979159307664,0.5256198347107438
234,741.6646706586827,0.5608782435129741,5.441117764471058,11.459081836327345,1587.4770459081835,0.8353892215568863,0.2834331337325349,0.2774451097804391,6.672654690618763,1740.0,2090.0,0.02594810379241517,0.4171656686626746,0.5568862275449101,0.0906371522584505,0.43882740053843855,0.29105593778043676,0.17947950942267424,0.49466192170818507
235,699.6890080428955,0.7774798927613941,5.3083109919571045,11.115281501340483,1639.0428954423592,-1.1278820375335121,0.40482573726541554,0.3726541554959786,5.67828418230563,1810.0,2120.0,0.002680965147453083,0.4101876675603217,0.5871313672922251,0.10859301227573183,0.34466477809254015,0.28847969782813976,0.2582625118035883,0.4793103448275862
236,698.9819277108434,1.104417670682731,5.275100401606426,10.921686746987952,1629.4819277108434,-1.3417469879518074,0.5783132530120482,0.5261044176706827,6.062248995983936,1820.0,2110.0,0.0,0.41365461847389556,0.5863453815261044,0.07651540245114276,0.4170255051341504,0.28784365684001323,0.2186154355746936,0.4763636363636364
237,703.9518072289156,1.393574297188755,5.642570281124498,11.279116465863455,1579.2248995983937,2.378012048192771,0.6445783132530121,0.748995983935743,6.7971887550200805,1780.0,2060.0,0.028112449799196786,0.3855421686746988,0.5863453815261044,0.09601181683899557,0.4673559822747415,0.2735598227474151,0.16307237813884787,0.537463976945245
238,715.6452991452992,1.2841880341880343,5.418803418803419,11.478632478632479,1601.2179487179487,0.14933760683760683,0.6153846153846154,0.6688034188034188,5.621794871794871,1770.0,2110.0,0.01282051282051282,0.41239316239316237,0.5747863247863247,0.09083998479665527,0.34777651083238315,0.29228430254656024,0.2690992018244014,0.5207986688851913
239,653.3953033268102,0.5303326810176126,5.3600782778864975,11.170254403131116,1607.6340508806263,-1.270078277886497,0.22504892367906065,0.30528375733855184,6.9060665362035225,1820.0,2060.0,0.0,0.36203522504892366,0.6379647749510763,0.08472655143100029,0.4426183054689714,0.2833663927458204,0.189288750354208,0.5756457564575646
240,681.2236559139785,1.3505376344086022,5.133333333333334,10.825806451612904,1632.0086021505376,-1.3592043010752688,0.6688172043010753,0.6817204301075269,6.720430107526882,1850.0,2088.4,0.0,0.3720430107526882,0.6279569892473118,0.07904,0.40864,0.38944,0.12288,0.5047770700636943
241,702.6717391304347,1.0021739130434784,6.041304347826087,12.597826086956522,1574.7956521739131,-1.0551521739130434,0.5217391304347826,0.48043478260869565,5.465217391304348,1786.0,2110.0,0.004347826086956522,0.4108695652173913,0.5847826086956521,0.08472553699284009,0.2907716785998409,0.38066825775656327,0.24383452665075578,0.4793926247288503
242,709.3766519823788,0.4933920704845815,5.070484581497797,11.237885462555067,1586.407488986784,-1.2634140969162997,0.2290748898678414,0.2643171806167401,6.215859030837004,1787.0,2080.0,0.0,0.3832599118942731,0.6167400881057269,0.06768249468462084,0.43692416725726435,0.35648476257973066,0.13890857547838412,0.5357142857142857
243,754.5194346289753,1.3992932862190812,3.9858657243816253,8.664310954063604,1730.6148409893992,0.4760070671378092,0.7455830388692579,0.6537102473498233,6.358657243816254,1940.0,2140.0,0.014134275618374558,0.34275618374558303,0.6431095406360424,0.08113364823562101,0.39316476799110867,0.3642678521811614,0.16143373159210891,0.4671717171717172
244,765.1280353200883,0.5452538631346578,5.339955849889625,10.613686534216335,1669.4039735099338,-0.9134216335540838,0.26269315673289184,0.282560706401766,5.865342163355408,1870.0,2110.0,0.004415011037527594,0.3841059602649007,0.6114790286975718,0.08355287918705306,0.30560782837786976,0.35566428302596914,0.25517500940910803,0.5182186234817814
245,713.4858490566038,0.9504716981132075,5.297169811320755,10.908018867924529,1695.2169811320755,-1.071745283018868,0.49292452830188677,0.45754716981132076,6.525943396226415,1871.0,2276.5,0.0047169811320754715,0.32547169811320753,0.6698113207547169,0.09324177809902422,0.4806649801228768,0.23346584748825444,0.1926273942898446,0.4813895781637717
246,713.0560747663551,0.6672897196261682,5.598130841121495,11.433644859813084,1613.177570093458,-1.3957009345794393,0.3102803738317757,0.35700934579439253,6.226168224299065,1770.0,2096.0,0.0,0.411214953271028,0.5887850467289719,0.08405884118883218,0.3743620534374062,0.311618132692885,0.22996097268087662,0.5350140056022409
247,698.722371967655,0.9487870619946092,5.056603773584905,10.649595687331537,1671.0808625336927,-0.5903773584905662,0.33962264150943394,0.6091644204851752,5.304582210242588,1890.0,2130.0,0.008086253369272238,0.3423180592991914,0.6495956873315364,0.10010162601626016,0.34247967479674796,0.27489837398373984,0.28252032520325204,0.6420454545454546
248,716.4662447257384,0.7721518987341772,6.175105485232067,12.436708860759493,1590.120253164557,-1.3252320675105485,0.3459915611814346,0.42616033755274263,6.451476793248945,1718.5,2117.0,0.002109704641350211,0.4641350210970464,0.5337552742616034,0.07652060170045781,0.47710922171353826,0.2622629169391759,0.184107259646828,0.5519125683060109
249,687.0737240075614,0.23440453686200377,6.001890359168242,12.323251417769375,1565.6465028355387,-1.3887523629489602,0.11153119092627599,0.12287334593572778,6.669187145557656,1724.0,2070.0,0.0,0.44045368620037806,0.5595463137996219,0.08078231292517007,0.4237528344671202,0.3100907029478458,0.18537414965986396,0.5241935483870968
250,684.9702127659574,0.6106382978723405,5.1127659574468085,10.806382978723404,1669.9808510638297,-1.298255319148936,0.35106382978723405,0.25957446808510637,5.504255319148936,1855.5,2130.0,0.0,0.4,0.6,0.08967916505604948,0.281793583301121,0.37185929648241206,0.25666795516041746,0.4250871080139373
251,726.1957236842105,0.600328947368421,4.824013157894737,9.888157894736842,1730.3667763157894,-0.7936842105263158,0.34210526315789475,0.2582236842105263,6.467105263157895,1892.0,2226.0000000000014,0.004934210526315789,0.3684210526315789,0.6266447368421053,0.07477110885045778,0.42446592065106814,0.30849440488301116,0.19226856561546288,0.4301369863013699
252,763.9907834101382,0.15898617511520738,5.684331797235023,11.2926267281106,1616.8018433179723,-1.182626728110599,0.08986175115207373,0.06912442396313365,6.350230414746544,1860.0,2080.0,0.002304147465437788,0.4032258064516129,0.5944700460829493,0.08127721335268505,0.3697387518142235,0.37554426705370103,0.1734397677793904,0.43478260869565216
253,685.9651416122005,0.673202614379085,5.594771241830065,12.065359477124183,1632.6601307189542,-1.4152941176470588,0.3660130718954248,0.30718954248366015,5.69281045751634,1830.0,2192.0,0.0,0.420479302832244,0.579520697167756,0.0910830463069269,0.23804056639877536,0.4290088021431305,0.24186758515116724,0.4563106796116505
254,686.892494929006,0.3671399594320487,6.137931034482759,12.363083164300203,1610.0588235294117,-1.263265720081136,0.20486815415821502,0.16227180527383367,6.320486815415822,1759.0,2130.0,0.002028397565922921,0.4949290060851927,0.5030425963488844,0.07092426187419769,0.4306803594351733,0.3157894736842105,0.1826059050064185,0.4419889502762431
255,610.7111553784861,0.3804780876494024,6.778884462151394,14.892430278884461,1501.5517928286852,-0.41896414342629484,0.20318725099601595,0.17729083665338646,6.549800796812749,1577.0,2150.0,0.0099601593625498,0.5219123505976095,0.4681274900398406,0.08150851581508516,0.395985401459854,0.3494525547445255,0.17305352798053528,0.46596858638743455
256,719.7254464285714,1.2276785714285714,5.669642857142857,12.026785714285714,1645.46875,-0.9383258928571429,0.6294642857142857,0.5982142857142857,5.40625,1835.0,2190.0,0.004464285714285714,0.43080357142857145,0.5647321428571429,0.087943848059455,0.286952931461602,0.3583815028901734,0.2667217175887696,0.48727272727272725
257,723.2442748091603,0.7919847328244275,5.076335877862595,10.704198473282442,1698.3225190839694,-1.0460687022900763,0.4580152671755725,0.33396946564885494,6.41412213740458,1880.0,2355.4,0.003816793893129771,0.4083969465648855,0.5877862595419847,0.08509372210651592,0.4796191609639988,0.23504909253198453,0.20023802439750074,0.42168674698795183
258,678.2654424040066,0.7295492487479132,5.813021702838063,11.679465776293823,1613.016694490818,0.04666110183639396,0.3572621035058431,0.3722871452420701,6.552587646076795,1754.0,2110.0,0.02337228714524207,0.4557595993322204,0.5208681135225376,0.08789808917197452,0.41095541401273883,0.30471337579617835,0.1964331210191083,0.5102974828375286
259,672.7360824742268,0.6824742268041237,5.6721649484536085,11.775257731958764,1657.0948453608248,-1.4258762886597938,0.30927835051546393,0.3731958762886598,5.637113402061856,1802.0,2206.0,0.0,0.4309278350515464,0.5690721649484536,0.08961228968544258,0.3269934162399415,0.33138258961228967,0.25201170446232624,0.5468277945619335
260,755.4936247723133,0.8870673952641166,5.406193078324226,11.138433515482696,1684.9963570127504,-1.2720947176684883,0.4207650273224044,0.4663023679417122,6.375227686703097,1854.0,2272.0,0.0036429872495446266,0.4207650273224044,0.575591985428051,0.08914285714285715,0.4134285714285714,0.31257142857142856,0.18485714285714286,0.5256673511293635
261,689.0925925925926,0.812962962962963,6.1685185185185185,13.329629629629629,1560.1351851851853,1.4684814814814815,0.32037037037037036,0.4925925925925926,6.92962962962963,1758.0,2140.0,0.027777777777777776,0.43703703703703706,0.5351851851851852,0.07963655799037947,0.3901656867985035,0.3901656867985035,0.14003206841261356,0.6059225512528473
262,822.9143968871596,0.4182879377431907,5.120622568093385,10.116731517509727,1680.6945525291828,-1.3723929961089494,0.1867704280155642,0.23151750972762647,5.4591439688715955,1870.0,2110.0,0.0019455252918287938,0.4260700389105058,0.5719844357976653,0.09230220955096223,0.25588025659301494,0.37099073414112615,0.28082679971489666,0.5534883720930233
263,745.1201550387597,0.6918604651162791,6.3934108527131785,13.62984496124031,1540.5813953488373,-1.551531007751938,0.3178294573643411,0.374031007751938,6.945736434108527,1674.5,2100.0,0.001937984496124031,0.48643410852713176,0.5116279069767442,0.08119419642857142,0.43666294642857145,0.3334263392857143,0.14871651785714285,0.5406162464985994
264,709.9153713298791,0.3316062176165803,6.124352331606218,12.865284974093264,1536.7979274611398,1.8809326424870465,0.17271157167530224,0.15889464594127806,6.979274611398964,1660.0,2050.0,0.031088082901554404,0.49222797927461137,0.47668393782383417,0.08809700569166048,0.43429844097995546,0.3041326404355358,0.1734719128928483,0.4791666666666667
265,685.84375,0.5833333333333334,5.481770833333333,12.21875,1603.3203125,-1.3590885416666667,0.3411458333333333,0.2421875,5.4609375,1811.0,2137.0,0.0,0.4322916666666667,0.5677083333333334,0.12446351931330472,0.30472103004291845,0.2827849308536004,0.28803051979017646,0.41517857142857145
266,767.8196147110333,1.052539404553415,6.168126094570928,12.262697022767075,1595.4868651488616,-0.33322241681260945,0.6042031523642732,0.44833625218914186,6.2626970227670755,1760.0,2120.0,0.0070052539404553416,0.46935201401050786,0.5236427320490368,0.09032438478747204,0.4236577181208054,0.2751677852348993,0.21085011185682326,0.4259567387687188
267,738.8905263157894,0.5263157894736842,6.326315789473684,12.791578947368421,1535.957894736842,0.8806947368421052,0.27789473684210525,0.24842105263157896,7.016842105263158,1651.0,2070.0,0.02526315789473684,0.45052631578947366,0.5242105263157895,0.0999099909990999,0.45484548454845486,0.27182718271827183,0.17341734173417342,0.472
268,726.0751072961374,0.38626609442060084,5.420600858369099,11.17167381974249,1645.2982832618027,-1.333519313304721,0.2296137339055794,0.15665236051502146,5.896995708154506,1870.0,2128.5,0.002145922746781116,0.4034334763948498,0.5944206008583691,0.09388646288209607,0.3551673944687045,0.2689228529839884,0.28202328966521106,0.40555555555555556
269,687.2758620689655,0.4892241379310345,6.012931034482759,12.398706896551724,1591.8211206896551,-1.4332327586206897,0.26939655172413796,0.21982758620689655,6.474137931034483,1754.0,2130.0,0.0,0.48060344827586204,0.5193965517241379,0.08255659121171771,0.4743675099866844,0.2693075898801598,0.17376830892143807,0.44933920704845814
270,748.4916512059369,1.098330241187384,5.430426716141002,10.26530612244898,1692.395176252319,0.44842300556586273,0.5157699443413729,0.5825602968460112,6.910946196660483,1870.0,2140.0,0.02411873840445269,0.3784786641929499,0.5974025974025974,0.08590604026845637,0.4008053691275168,0.35946308724832216,0.1538255033557047,0.5304054054054054
271,705.6213991769547,1.242798353909465,5.42798353909465,11.094650205761317,1662.8271604938273,-0.47989711934156376,0.5679012345679012,0.6748971193415638,6.205761316872428,1870.5,2130.0,0.0102880658436214,0.43209876543209874,0.5576131687242798,0.09184350132625994,0.3090185676392573,0.3610742705570292,0.2380636604774536,0.543046357615894
272,726.9372549019607,0.3627450980392157,5.988235294117647,11.97843137254902,1612.9235294117648,-1.4851372549019608,0.20784313725490197,0.15490196078431373,6.588235294117647,1771.0,2090.0,0.0,0.4392156862745098,0.5607843137254902,0.09166666666666666,0.4074404761904762,0.33541666666666664,0.16547619047619047,0.42702702702702705
273,731.5209125475285,0.9752851711026616,5.475285171102661,11.490494296577946,1632.5703422053232,-1.3411026615969581,0.5076045627376425,0.467680608365019,6.7908745247148286,1848.5,2120.0,0.0,0.44106463878326996,0.55893536121673,0.08622620380739082,0.3972564389697648,0.36646136618141095,0.15005599104143338,0.47953216374269003
274,730.1481481481482,0.2286634460547504,5.404186795491143,11.273752012882447,1612.7278582930758,0.8663768115942029,0.11594202898550725,0.11272141706924316,5.827697262479871,1840.0,2110.0,0.02576489533011272,0.45410628019323673,0.5201288244766505,0.08344846642718984,0.31113567283780047,0.3296490743299254,0.2757667864050843,0.49295774647887325
275,750.7557117750439,0.5342706502636204,4.827768014059754,9.370826010544816,1741.6713532513181,-1.4018453427065025,0.2530755711775044,0.281195079086116,6.710017574692443,1910.0,2190.0,0.0,0.4007029876977153,0.5992970123022847,0.10083813514929282,0.4366160293347302,0.2469879518072289,0.21555788370874804,0.5263157894736842
276,713.6928,1.0176,4.9216,10.4112,1648.0,1.295936,0.4784,0.5392,6.5472,1880.0,2110.0,0.0224,0.4352,0.5424,0.08455522971652003,0.3844086021505376,0.3184261974584555,0.2126099706744868,0.529874213836478
277,706.952479338843,0.40082644628099173,5.993801652892562,12.190082644628099,1596.361570247934,-1.426818181818182,0.1921487603305785,0.20867768595041322,5.524793388429752,1830.0,2110.0,0.002066115702479339,0.44008264462809915,0.5578512396694215,0.10919970082273747,0.2905759162303665,0.27860882572924456,0.32161555721765145,0.520618556701031
278,722.8688811188811,0.5262237762237763,4.666083916083916,10.096153846153847,1679.13986013986,-0.956888111888112,0.2517482517482518,0.2744755244755245,6.641608391608392,1887.0,2099.0,0.0034965034965034965,0.40034965034965037,0.5961538461538461,0.08317978415372466,0.4682811266122664,0.22927086075282968,0.21926822848117924,0.521594684385382
279,680.0855855855856,0.33783783783783783,4.72972972972973,9.483483483483484,1679.987987987988,0.9272522522522522,0.17117117117117117,0.16666666666666666,6.983483483483483,1900.0,2100.0,0.015015015015015015,0.35435435435435436,0.6306306306306306,0.0870780477316706,0.42807998279939796,0.30036551279294776,0.18447645667598367,0.49333333333333335
280,680.9451476793249,0.8143459915611815,6.0886075949367084,13.253164556962025,1560.4831223628692,-1.420253164556962,0.46835443037974683,0.3459915611814346,5.80801687763713,1760.0,2120.0,0.0,0.4704641350210971,0.5295358649789029,0.10170722847802398,0.270250635670178,0.36650926262259353,0.2615328732292045,0.42487046632124353
281,714.8504347826087,0.7234782608695652,5.059130434782609,10.631304347826086,1658.537391304348,-1.1319304347826087,0.34782608695652173,0.37565217391304345,6.862608695652174,1869.0,2120.0,0.006956521739130435,0.4365217391304348,0.5565217391304348,0.09224531170805879,0.4422199695894577,0.26964014191586416,0.19589457678661937,0.5192307692307693
282,690.502712477396,0.8589511754068716,5.730560578661844,12.406871609403256,1549.3019891500903,3.0531283905967452,0.35804701627486435,0.5009041591320073,6.327305605786618,1740.0,2069.8,0.0379746835443038,0.5063291139240507,0.45569620253164556,0.09659902829379823,0.37324949985710204,0.3718205201486139,0.15833095170048586,0.5831578947368421
283,740.6080178173719,1.046770601336303,5.750556792873051,11.590200445434299,1658.3518930957684,-1.5007795100222718,0.532293986636971,0.5144766146993318,6.111358574610245,1830.0,2166.8,0.0,0.46325167037861914,0.5367483296213809,0.11479591836734694,0.24927113702623907,0.4402332361516035,0.1956997084548105,0.49148936170212765
284,735.9962192816636,0.3572778827977316,5.415879017013233,10.281663516068052,1688.8865784499055,-0.96351606805293,0.14744801512287334,0.20982986767485823,6.916824196597354,1840.0,2120.0,0.007561436672967864,0.44801512287334594,0.5444234404536862,0.09018857611369227,0.4881115058759224,0.2711123257720689,0.15058759223831647,0.5873015873015873
285,637.4349680170576,0.24520255863539445,6.484008528784648,13.556503198294243,1546.2388059701493,-0.669680170575693,0.11300639658848614,0.13219616204690832,6.88272921108742,1694.0,2110.0,0.01279317697228145,0.44349680170575695,0.5437100213219617,0.10594795539033457,0.4055142503097893,0.3333333333333333,0.15520446096654275,0.5391304347826087
286,712.613475177305,1.1152482269503545,5.278368794326241,10.849290780141844,1656.2659574468084,-0.8134219858156029,0.6152482269503546,0.5,5.703900709219858,1855.5,2130.0,0.005319148936170213,0.40070921985815605,0.5939716312056738,0.10040410320174076,0.2691949020826857,0.3714640969847684,0.2589368977308051,0.4483306836248013
287,688.120792079208,0.805940594059406,6.811881188118812,13.631683168316831,1544.1643564356436,-1.429009900990099,0.4396039603960396,0.36633663366336633,6.972277227722772,1680.0,2110.0,0.0019801980198019802,0.4693069306930693,0.5287128712871287,0.09514342516330587,0.4919057086055098,0.2459528543027549,0.16699801192842942,0.45454545454545453
288,639.8530973451327,0.5610619469026549,6.355752212389381,13.24424778761062,1524.670796460177,0.8589380530973452,0.23539823008849559,0.3256637168141593,6.952212389380531,1646.0,2074.2000000000003,0.04247787610619469,0.4831858407079646,0.4743362831858407,0.1094704684317719,0.4740325865580448,0.25661914460285135,0.159877800407332,0.580441640378549
289,684.4772727272727,0.6461038961038961,5.279220779220779,10.99512987012987,1655.8360389610389,-1.4007792207792207,0.32792207792207795,0.3181818181818182,5.863636363636363,1857.0,2120.0,0.0,0.45616883116883117,0.5438311688311688,0.10022148394241417,0.30980066445182725,0.31533776301218164,0.27464008859357697,0.49246231155778897
290,678.2843373493976,1.0771084337349397,6.0,12.578313253012048,1606.8024096385543,-1.0639277108433736,0.4987951807228916,0.5783132530120482,6.797590361445783,1759.0,2202.0000000000005,0.004819277108433735,0.45542168674698796,0.5397590361445783,0.08755760368663594,0.47359092520382845,0.30060262318326836,0.1382488479262673,0.5369127516778524
291,653.4991364421417,0.6666666666666666,4.863557858376511,9.835924006908463,1709.761658031088,1.0983419689119172,0.3592400690846287,0.307426597582038,7.010362694300518,1880.0,2172.0000000000005,0.017271157167530225,0.39723661485319517,0.5854922279792746,0.09706824340970682,0.4025622074402562,0.34614437053461444,0.1542251786154225,0.46113989637305697
292,734.7883895131087,0.5468164794007491,5.531835205992509,11.234082397003744,1637.947565543071,-1.469868913857678,0.27340823970037453,0.27340823970037453,5.50374531835206,1829.5,2110.0,0.0,0.5,0.5,0.10513780197346036,0.240217761143246,0.37053419530452536,0.2841102415787683,0.5
293,685.3091603053435,0.8625954198473282,5.763358778625954,11.759541984732824,1667.4751908396947,-0.6686832061068702,0.4351145038167939,0.42748091603053434,6.948473282442748,1820.0,2337.0,0.003816793893129771,0.45038167938931295,0.5458015267175572,0.08541609447953859,0.448503158472947,0.33260093380939304,0.1334798132381214,0.49557522123893805
294,715.225080385852,0.3778135048231511,5.686495176848875,11.69774919614148,1592.0819935691318,1.4319131832797427,0.16559485530546625,0.21221864951768488,6.969453376205788,1740.0,2090.0,0.03054662379421222,0.4405144694533762,0.5289389067524116,0.08419838523644751,0.4387543252595156,0.295040369088812,0.18200692041522493,0.5617021276595745
295,678.8790322580645,0.2903225806451613,6.004032258064516,12.227822580645162,1611.3346774193549,-1.461532258064516,0.16733870967741934,0.12298387096774194,5.612903225806452,1793.5,2100.0,0.0,0.46975806451612906,0.530241935483871,0.11063218390804598,0.2952586206896552,0.31285919540229884,0.28125,0.4236111111111111
296,714.3951048951049,0.8951048951048951,6.3479020979020975,12.788461538461538,1581.5786713286714,-1.4611013986013985,0.4090909090909091,0.486013986013986,6.480769230769231,1710.0,2090.0,0.0,0.49475524475524474,0.5052447552447552,0.08767197194496898,0.4332344213649852,0.2897221472889129,0.18937145940113298,0.54296875
297,640.0132890365448,0.3106312292358804,5.421926910299003,11.071428571428571,1603.5066445182724,0.6579568106312292,0.13122923588039867,0.17940199335548174,6.883720930232558,1810.0,2070.0,0.013289036544850499,0.4435215946843854,0.5431893687707641,0.0986969111969112,0.4560810810810811,0.2671332046332046,0.1780888030888031,0.5775401069518716
298,686.0167286245353,0.40148698884758366,6.492565055762082,13.226765799256505,1546.2379182156135,-0.48433085501858747,0.18587360594795538,0.21561338289962825,5.635687732342007,1690.0,2080.0,0.013011152416356878,0.4684014869888476,0.5185873605947955,0.0966358839050132,0.32684696569920846,0.27869393139841686,0.29782321899736147,0.5370370370370371
299,647.2476894639557,0.40850277264325324,5.617375231053605,12.0,1583.7449168207024,-1.5400554528650645,0.2255083179297597,0.18299445471349354,6.648798521256932,1760.0,2068.0,0.0,0.47689463955637706,0.5231053604436229,0.07867667500695023,0.43758687795385043,0.29385599110369753,0.18988045593550182,0.4479638009049774
300,656.1312384473198,0.6358595194085028,6.316081330868761,12.900184842883549,1538.4621072088726,1.923955637707948,0.27911275415896486,0.3567467652495379,7.121996303142329,1673.0,2070.0,0.031423290203327174,0.48428835489833644,0.48428835489833644,0.0872047754996107,0.4357643394757332,0.3335063586815468,0.14352452634310928,0.561046511627907
301,647.469512195122,0.5365853658536586,5.973577235772358,12.479674796747968,1589.310975609756,0.5129878048780488,0.29878048780487804,0.23780487804878048,6.010162601626016,1734.5,2140.0,0.014227642276422764,0.4898373983739837,0.4959349593495935,0.0977341900574907,0.2959080148799459,0.385187690226581,0.22117010483598243,0.4431818181818182
302,703.0137221269297,0.4699828473413379,5.751286449399657,12.60377358490566,1544.5934819897084,-1.2589365351629502,0.20411663807890223,0.2658662092624357,6.542024013722127,1750.0,2080.0,0.003430531732418525,0.5042881646655232,0.4922813036020583,0.09281594126900891,0.41714735186156265,0.3093864708966964,0.18065023597273203,0.5656934306569343
303,674.2887096774193,0.714516129032258,5.056451612903226,10.641935483870968,1650.7435483870968,0.03264516129032255,0.3774193548387097,0.3370967741935484,6.812903225806451,1869.5,2100.0,0.017741935483870968,0.42096774193548386,0.5612903225806452,0.10037878787878787,0.4114583333333333,0.3210227272727273,0.16714015151515152,0.4717832957110609
304,667.8995633187773,0.32751091703056767,5.5873362445414845,11.40174672489083,1622.8340611353713,-1.3955021834061134,0.24890829694323144,0.07860262008733625,6.078602620087336,1810.0,2110.0,0.0,0.4432314410480349,0.5567685589519651,0.10272988505747127,0.32686781609195403,0.31645114942528735,0.25395114942528735,0.24
305,658.6498127340824,0.3707865168539326,6.151685393258427,13.02621722846442,1553.4700374531835,-1.5094756554307118,0.19850187265917604,0.17228464419475656,6.754681647940075,1689.5,2070.0,0.0,0.4943820224719101,0.5056179775280899,0.09537011366786803,0.4571666204602162,0.26254505128915995,0.18491821458275576,0.46464646464646464
306,601.2368421052631,1.417763157894737,5.4375,11.223684210526315,1628.671052631579,0.10129934210526315,0.6677631578947368,0.75,6.738486842105263,1776.5,2090.0,0.024671052631578948,0.44901315789473684,0.5263157894736842,0.08762509153038808,0.38760068342689774,0.33219428850378324,0.19257993653893093,0.5290023201856149
307,651.324034334764,0.6244635193133047,5.858369098712446,11.433476394849786,1627.461373390558,0.709549356223176,0.3133047210300429,0.3111587982832618,5.667381974248927,1782.5,2120.0,0.017167381974248927,0.4656652360515021,0.5171673819742489,0.11927300265051118,0.3237410071942446,0.27451722832260506,0.28246876183263914,0.49828178694158076
308,657.8843283582089,0.6940298507462687,5.4085820895522385,10.60634328358209,1656.8003731343283,-1.5866977611940298,0.3824626865671642,0.31156716417910446,6.932835820895522,1829.0,2080.0,0.0,0.4533582089552239,0.5466417910447762,0.08153928955866523,0.48519913885898813,0.24596340150699678,0.18729817007534985,0.4489247311827957
309,584.5555555555555,0.46415770609318996,5.71326164874552,11.546594982078853,1608.2616487455198,-0.9227060931899642,0.2670250896057348,0.1971326164874552,7.005376344086022,1808.5,2080.0,0.005376344086021506,0.4390681003584229,0.5555555555555556,0.08007162957278076,0.43438219493476593,0.29598362752622154,0.18956254796623176,0.4247104247104247
310,633.8371559633027,0.7339449541284404,5.8692660550458715,12.461009174311927,1588.8302752293578,-1.4603899082568808,0.44036697247706424,0.29357798165137616,5.970183486238532,1792.5,2110.0,0.0,0.45871559633027525,0.5412844036697247,0.10641567422205148,0.2946600076834422,0.3545908567038033,0.24433346139070303,0.4
311,594.2877263581489,0.9054325955734407,4.611670020120724,9.995975855130785,1684.4325955734407,-0.6680080482897385,0.482897384305835,0.4225352112676056,6.93158953722334,1940.0,2110.0,0.006036217303822937,0.3762575452716298,0.6177062374245473,0.08708272859216255,0.4737300435413643,0.2679245283018868,0.17126269956458637,0.4666666666666667
312,645.96875,0.49080882352941174,5.612132352941177,11.536764705882353,1619.702205882353,-0.856139705882353,0.2647058823529412,0.2261029411764706,6.795955882352941,1830.0,2100.0,0.007352941176470588,0.4834558823529412,0.5091911764705882,0.08817960508520421,0.38084933730051396,0.3619150662699486,0.16905599134433325,0.4606741573033708
313,646.7083333333334,0.5541666666666667,6.577083333333333,14.039583333333333,1543.0125,-1.5266875000000002,0.25625,0.29791666666666666,5.647916666666666,1687.5,2120.0,0.0,0.525,0.475,0.09922537808926596,0.2534120250829952,0.3935817041682036,0.25378089265953524,0.5375939849624061
314,666.9506398537477,0.773308957952468,4.681901279707495,9.184643510054844,1712.8007312614259,-0.6087020109689214,0.37477148080438755,0.39853747714808047,6.957952468007313,1890.0,2144.0000000000005,0.009140767824497258,0.39853747714808047,0.5923217550274223,0.07987388334209143,0.4724119810825013,0.2764056752496059,0.17130846032580135,0.5153664302600472
315,642.3802559414991,0.4716636197440585,4.9689213893967095,10.049360146252285,1691.5612431444242,0.08963436928702011,0.16819012797074953,0.30347349177330896,6.862888482632541,1860.0,2100.0,0.018281535648994516,0.4113345521023766,0.5703839122486288,0.09403303143313799,0.4248801278636121,0.30394246137453385,0.17714437932871605,0.6434108527131783
316,637.5674044265594,0.7746478873239436,5.1086519114688125,10.663983903420522,1690.2635814889336,-1.2966800804828975,0.3762575452716298,0.3983903420523139,5.851106639839034,1880.0,2170.0,0.0,0.3762575452716298,0.6237424547283702,0.1048830811554333,0.3050206327372765,0.312242090784044,0.27785419532324623,0.5142857142857142
317,641.1825557809331,0.5882352941176471,5.0060851926977685,10.643002028397566,1657.7302231237322,-1.1707707910750509,0.2413793103448276,0.34685598377281945,7.198782961460446,1862.0,2120.0,0.004056795131845842,0.40162271805273836,0.5943204868154158,0.09326570865032403,0.5204282896590589,0.23443223443223443,0.15187376725838264,0.5896551724137931
318,620.0779014308426,0.39109697933227344,5.168521462639109,10.465818759936408,1635.3545310015897,0.6223847376788554,0.1669316375198728,0.22416534181240064,7.084260731319555,1830.0,2080.0,0.034976152623211444,0.41812400635930047,0.5468998410174881,0.08931777378815081,0.47015260323159785,0.2764811490125673,0.16404847396768402,0.573170731707317
319,608.5157232704403,0.2976939203354298,5.754716981132075,12.255765199161425,1579.215932914046,-1.3550524109014674,0.16561844863731656,0.1320754716981132,6.016771488469602,1830.0,2120.0,0.0,0.44025157232704404,0.559748427672956,0.10940766550522649,0.367595818815331,0.25818815331010453,0.26480836236933797,0.44366197183098594
320,605.6899563318777,0.9847161572052402,6.534934497816594,14.283842794759826,1524.0458515283842,-1.0737117903930131,0.5283842794759825,0.45633187772925765,6.882096069868996,1624.0,2143.0,0.006550218340611353,0.48253275109170307,0.5109170305676856,0.08692893401015228,0.4844543147208122,0.2836294416243655,0.14498730964467005,0.4634146341463415
321,606.691235059761,0.6414342629482072,5.792828685258964,12.709163346613545,1579.7988047808765,-1.3686254980079682,0.27689243027888444,0.3645418326693227,6.96215139442231,1760.0,2110.0,0.00398406374501992,0.5239043824701195,0.4721115537848606,0.0844062947067239,0.4457796852646638,0.33304721030042916,0.13676680972818311,0.5683229813664596
322,672.5104166666666,0.46875,5.925,13.004166666666666,1557.4666666666667,-1.5565208333333334,0.24375,0.225,5.45625,1751.0,2120.0,0.0,0.4979166666666667,0.5020833333333333,0.09049255441008018,0.2836960672012218,0.3501336387934326,0.27567773959526537,0.48
323,651.6903765690377,0.5899581589958159,6.583682008368201,14.778242677824268,1493.6820083682007,-1.4218200836820083,0.3075313807531381,0.2824267782426778,6.96652719665272,1618.5,2113.0,0.006276150627615063,0.5376569037656904,0.4560669456066946,0.08618618618618619,0.46276276276276274,0.2993993993993994,0.15165165165165165,0.4787234042553192
324,694.2504258943782,0.3270868824531516,5.24701873935264,10.367972742759795,1621.7768313458262,4.5876831345826234,0.14480408858603067,0.18228279386712096,6.747870528109029,1780.0,2100.0,0.06984667802385008,0.424190800681431,0.5059625212947189,0.08760414036859379,0.45872254481191616,0.28351426407472863,0.17015905074476143,0.5572916666666666
325,649.6923076923077,0.2993762993762994,5.035343035343035,10.544698544698544,1670.3929313929314,-1.028108108108108,0.1288981288981289,0.1704781704781705,6.3076923076923075,1861.0,2160.0,0.006237006237006237,0.4178794178794179,0.5758835758835759,0.11470006591957811,0.3375082399472643,0.2722478576137113,0.27554383651944625,0.5694444444444444
326,654.0333951762523,0.7625231910946196,5.5602968460111315,11.643784786641929,1623.2077922077922,-0.08621521335807053,0.3970315398886827,0.3654916512059369,6.595547309833024,1771.0,2139.2,0.0074211502782931356,0.43413729128014844,0.5584415584415584,0.08523206751054853,0.4520393811533052,0.2669479606188467,0.19578059071729959,0.4793187347931874
327,666.0989932885906,0.41442953020134227,6.253355704697986,12.813758389261745,1530.4530201342282,2.1588926174496645,0.21644295302013422,0.19798657718120805,7.023489932885906,1696.0,2080.0,0.03691275167785235,0.48825503355704697,0.4748322147651007,0.10033444816053512,0.4479216435738175,0.25848064978499763,0.1932632584806498,0.4777327935222672
328,645.4779582366589,0.1925754060324826,6.856148491879351,14.382830626450117,1488.412993039443,-1.4962645011600928,0.10904872389791183,0.08352668213457076,6.211136890951276,1620.0,2063.0,0.002320185614849188,0.5266821345707656,0.4709976798143852,0.11617482256257004,0.37205827418752335,0.2637280537915577,0.2480388494583489,0.43373493975903615
329,592.3996655518395,0.5217391304347826,6.750836120401337,13.986622073578594,1522.3060200668897,-1.592408026755853,0.2826086956521739,0.2391304347826087,6.570234113712375,1655.5,2090.0,0.0,0.540133779264214,0.459866220735786,0.08246373122932044,0.45482311020615934,0.26724357342835325,0.19546958513616697,0.4583333333333333
330,647.5,0.6289752650176679,6.425795053003534,13.210247349823321,1540.1378091872791,1.0864134275618373,0.31625441696113077,0.3127208480565371,6.88339222614841,1690.0,2110.0,0.028268551236749116,0.4840989399293286,0.4876325088339223,0.08752566735112936,0.4186344969199179,0.35600616016427106,0.13783367556468173,0.49719101123595505
331,653.7716981132075,0.7132075471698113,5.339622641509434,10.645283018867925,1712.4849056603773,-1.3456037735849056,0.38113207547169814,0.3320754716981132,6.049056603773585,1860.0,2230.0,0.0,0.42641509433962266,0.5735849056603773,0.10386774797255147,0.3066126013724267,0.34591391141609484,0.243605739238927,0.4656084656084656
332,695.2884615384615,0.5664335664335665,5.870629370629371,12.702797202797203,1539.11013986014,-1.1490034965034965,0.2395104895104895,0.3269230769230769,6.688811188811189,1669.5,2080.0,0.0034965034965034965,0.49475524475524474,0.5017482517482518,0.0854678515420805,0.4048614741244119,0.3301097752221641,0.17956089911134343,0.5771604938271605
333,682.3898305084746,0.411864406779661,5.98135593220339,12.974576271186441,1515.913559322034,1.0881694915254236,0.22203389830508474,0.18983050847457628,6.996610169491525,1681.0,2081.9,0.022033898305084745,0.49491525423728816,0.4830508474576271,0.08527131782945736,0.4188468992248062,0.3372093023255814,0.15867248062015504,0.4609053497942387
334,674.4931740614335,0.18088737201365188,5.109215017064846,10.363481228668942,1653.3242320819113,-0.8039419795221843,0.13310580204778158,0.04778156996587031,5.931740614334471,1840.0,2080.0,0.008532423208191127,0.4249146757679181,0.5665529010238908,0.08314154200230149,0.32681242807825084,0.31444188722669736,0.2756041426927503,0.2641509433962264
335,668.2226640159046,0.5805168986083499,5.5546719681908545,12.441351888667992,1566.737574552684,-0.4301988071570576,0.30019880715705766,0.2803180914512923,6.986083499005964,1787.0,2100.0,0.005964214711729622,0.43538767395626243,0.558648111332008,0.08850313033579967,0.4863403528742174,0.24558907228229937,0.17956744450768355,0.4828767123287671
336,680.3058103975535,0.5214067278287462,4.851681957186544,9.856269113149848,1645.8715596330276,2.5301223241590214,0.2400611620795107,0.28134556574923547,6.686544342507645,1851.0,2108.8,0.0382262996941896,0.41590214067278286,0.5458715596330275,0.08461010747770409,0.39332266178824604,0.33523896638463296,0.18682826434941688,0.5395894428152492
337,652.7112403100775,0.6046511627906976,4.9515503875969,10.366279069767442,1662.4496124031007,-0.12505813953488382,0.32558139534883723,0.27906976744186046,5.957364341085271,1879.5,2155.0,0.007751937984496124,0.44573643410852715,0.5465116279069767,0.1128822381262199,0.31945348080676644,0.27391021470396876,0.2937540663630449,0.46153846153846156
338,659.0936454849499,0.3879598662207358,5.913043478260869,12.34448160535117,1582.8311036789298,-1.4935785953177256,0.19230769230769232,0.1956521739130435,6.765886287625418,1760.0,2110.0,0.0,0.45819397993311034,0.5418060200668896,0.08255066732575383,0.47231833910034604,0.24196737518536826,0.2031636183885319,0.5043103448275862
339,645.3457526080477,0.27421758569299554,5.965722801788376,12.630402384500746,1564.886736214605,-1.4379135618479881,0.14157973174366617,0.13263785394932937,7.081967213114754,1768.0,2080.0,0.0014903129657228018,0.4828614008941878,0.5156482861400894,0.07702020202020202,0.42108585858585856,0.307449494949495,0.19444444444444445,0.483695652173913
340,646.4261460101868,0.6095076400679117,5.4787775891341255,11.753820033955858,1606.4482173174872,-0.9374193548387096,0.41765704584040747,0.19185059422750425,5.869269949066214,1840.0,2120.0,0.008488964346349746,0.44821731748726656,0.5432937181663837,0.09719409892970785,0.2785652299681805,0.35406421752965,0.2701764535724617,0.3147632311977716
341,607.0873983739838,0.5833333333333334,6.065040650406504,13.0630081300813,1536.1707317073171,-0.18752032520325207,0.29878048780487804,0.2845528455284553,6.859756097560975,1669.5,2060.0,0.01016260162601626,0.4878048780487805,0.5020325203252033,0.08118518518518518,0.4622222222222222,0.248,0.20859259259259258,0.4878048780487805
342,683.5051546391752,0.584192439862543,5.439862542955327,11.718213058419243,1605.1752577319587,-0.5129037800687285,0.2920962199312715,0.2920962199312715,6.809278350515464,1795.5,2110.0,0.015463917525773196,0.5120274914089347,0.4725085910652921,0.08806459752712592,0.39313651274287154,0.3459500378501135,0.17284885187988897,0.5
343,677.1407678244973,0.6855575868372943,5.447897623400365,11.581352833638025,1642.363802559415,-1.4619744058500914,0.3235831809872029,0.3619744058500914,6.087751371115174,1880.0,2201.8,0.0,0.46983546617915906,0.5301645338208409,0.0990990990990991,0.25165165165165165,0.409009009009009,0.24024024024024024,0.528
344,705.1688524590164,0.35737704918032787,4.947540983606557,10.378688524590164,1645.3180327868852,-1.3286229508196723,0.17868852459016393,0.17868852459016393,7.19016393442623,1880.0,2090.0,0.001639344262295082,0.4278688524590164,0.5704918032786885,0.08071135430916553,0.4487004103967168,0.2952576379388965,0.17533059735522116,0.5
345,644.7840735068912,0.7075038284839203,5.728943338437978,12.19448698315467,1583.1424196018377,-0.22269525267993878,0.34150076569678406,0.3660030627871363,6.923430321592649,1770.0,2100.0,0.015313935681470138,0.4900459418070444,0.4946401225114854,0.0902455209024552,0.40455651404556514,0.3260340632603406,0.17916390179163902,0.5173160173160173
346,680.4652317880794,0.945364238410596,5.1092715231788075,10.475165562913908,1674.0380794701987,0.6197847682119205,0.4718543046357616,0.4735099337748344,6.236754966887418,1860.0,2160.0,0.014900662251655629,0.42549668874172186,0.5596026490066225,0.088930183169631,0.29466418900982216,0.3546588797451553,0.26174674807539156,0.500875656742557
347,674.4116638078902,0.8662092624356775,4.941680960548885,10.197255574614065,1665.2435677530018,-1.0107375643224699,0.4734133790737564,0.3927958833619211,7.23156089193825,1880.0,2120.8,0.003430531732418525,0.411663807890223,0.5849056603773585,0.08870967741935484,0.4810246679316888,0.2402751423149905,0.18999051233396586,0.4534653465346535
348,664.5846599131693,0.32416787264833574,5.512301013024602,11.082489146164978,1605.6671490593344,1.8923878437047754,0.17800289435600578,0.14616497829232997,7.217076700434154,1760.0,2090.0,0.0361794500723589,0.4544138929088278,0.5094066570188133,0.08301584118708642,0.4184880689793463,0.300782033286545,0.19771405654702226,0.45089285714285715
349,649.3404907975461,0.4723926380368098,5.42638036809816,11.470858895705522,1605.9187116564417,-1.3986349693251534,0.2392638036809816,0.2331288343558282,6.069018404907975,1834.0,2110.0,0.0,0.4371165644171779,0.5628834355828221,0.09072529694212787,0.3105888299216578,0.3088198129896386,0.2898660601465757,0.4935064935064935
350,612.1488,0.9872,5.84,12.8512,1555.8544,-0.29862400000000006,0.4368,0.5504,6.6736,1710.0,2136.0,0.0096,0.5152,0.4752,0.09254375449532486,0.415008391273076,0.2982498201870055,0.19419803404459363,0.5575364667747164
351,648.3323124042879,1.0474732006125573,4.957120980091884,10.352220520673812,1663.366003062787,1.1524808575803982,0.5038284839203675,0.5436447166921899,7.312404287901991,1940.0,2138.4000000000005,0.02450229709035222,0.4104134762633997,0.5650842266462481,0.08523560209424083,0.44167539267015704,0.3237696335078534,0.1493193717277487,0.5190058479532164
352,655.7673179396093,0.7193605683836589,5.946714031971581,12.634103019538188,1562.5026642984014,-0.7350621669626999,0.3836589698046181,0.33570159857904086,5.730017761989343,1749.0,2130.0,0.007104795737122558,0.45293072824156305,0.5399644760213144,0.09795412275263485,0.2616243025418475,0.3614383137011779,0.27898326100433973,0.4666666666666667
353,671.5859766277129,1.1352253756260433,5.235392320534224,10.801335559265443,1700.0100166944908,-1.0824874791318864,0.656093489148581,0.4791318864774624,7.046744574290484,1887.0,2400.0,0.00333889816360601,0.4240400667779633,0.5726210350584308,0.08505093579720445,0.4250177683013504,0.3167495854063018,0.17318171049514333,0.42205882352941176
354,693.8512898330804,0.6995447647951442,5.393019726858877,10.738998482549317,1611.679817905918,1.8540667678300453,0.37481031866464337,0.32473444613050073,7.474962063732929,1787.0,2090.0,0.036418816388467376,0.4309559939301973,0.5326251896813353,0.08790093382054405,0.4642712139667073,0.2868453105968331,0.16098254161591555,0.4642082429501085
355,612.2134038800706,1.0705467372134039,6.645502645502646,13.973544973544973,1551.6084656084656,-0.3845326278659612,0.5520282186948854,0.5185185185185185,5.560846560846561,1708.0,2220.0,0.007054673721340388,0.5185185185185185,0.47442680776014107,0.11005391690453536,0.2730732635585157,0.294640025372661,0.32223279416428796,0.4843492586490939
356,660.236974789916,1.1109243697478992,5.757983193277311,11.857142857142858,1646.1159663865546,0.23589915966386546,0.44873949579831934,0.6621848739495798,6.663865546218488,1844.0,2270.0,0.0067226890756302525,0.44201680672268906,0.5512605042016807,0.08474148802017654,0.39546027742749057,0.3016393442622951,0.21815889029003782,0.5960665658093798
357,614.4969135802469,1.0138888888888888,5.595679012345679,11.526234567901234,1579.7391975308642,4.79770061728395,0.5401234567901234,0.4737654320987654,7.067901234567901,1745.5,2080.0,0.06635802469135803,0.44753086419753085,0.4861111111111111,0.0962882096069869,0.44868995633187775,0.2687772925764192,0.18624454148471617,0.4672754946727549
358,696.4039215686274,0.6725490196078432,5.594117647058823,12.02156862745098,1588.6117647058823,-0.05349019607843134,0.3686274509803922,0.30392156862745096,6.305882352941176,1781.5,2130.0,0.011764705882352941,0.5,0.48823529411764705,0.10012437810945274,0.3498134328358209,0.26119402985074625,0.2888681592039801,0.4518950437317784
359,640.2086553323029,0.6089644513137558,6.360123647604327,13.627511591962906,1515.550231839258,-1.5483771251931993,0.3091190108191654,0.29984544049459044,6.574961360123647,1694.0,2100.0,0.0,0.49613601236476046,0.5038639876352395,0.07522331922896097,0.4320639398213446,0.2776210625293841,0.2150916784203103,0.49238578680203043
360,651.1350906095552,1.5831960461285008,5.818780889621087,12.166392092257002,1588.0,2.6068698517298188,0.7232289950576606,0.8599670510708401,7.3212520593080725,1746.0,2161.2,0.044481054365733116,0.4546952224052718,0.500823723228995,0.09833483348334833,0.42304230423042305,0.3265076507650765,0.15211521152115212,0.5431841831425598
361,687.6236363636364,1.0745454545454545,6.143636363636364,12.667272727272728,1626.7036363636364,-0.613090909090909,0.5218181818181818,0.5527272727272727,6.287272727272727,1787.5,2242.0000000000005,0.00909090909090909,0.48363636363636364,0.5072727272727273,0.09543088490456912,0.29525737420474263,0.3617698091382302,0.24754193175245806,0.5143824027072758
362,688.6480541455161,0.8392554991539763,5.861252115059222,12.433164128595601,1560.595600676819,-1.3078341793570218,0.43824027072758037,0.4010152284263959,6.849407783417936,1710.0,2074.0,0.005076142131979695,0.4805414551607445,0.5143824027072758,0.08819169960474309,0.39056324110671936,0.35721343873517786,0.16403162055335968,0.4778225806451613
363,668.3576158940398,0.6771523178807947,6.052980132450331,12.620860927152318,1552.9354304635763,1.6211754966887417,0.402317880794702,0.27483443708609273,7.139072847682119,1692.5,2110.0,0.033112582781456956,0.5231788079470199,0.44370860927152317,0.08557513914656772,0.39355287569573283,0.3589981447124304,0.161873840445269,0.4058679706601467
364,706.7641996557659,0.37521514629948366,5.767641996557659,11.882960413080895,1605.9363166953528,-0.7284853700516352,0.23580034423407917,0.13941480206540446,6.538726333907057,1780.0,2120.0,0.01549053356282272,0.4440619621342513,0.540447504302926,0.08554882863911556,0.3324559094498552,0.33587786259541985,0.24611739931560936,0.37155963302752293
365,660.0747126436781,1.3065134099616857,5.8773946360153255,12.057471264367816,1630.831417624521,-1.152126436781609,0.6762452107279694,0.6302681992337165,6.879310344827586,1781.5,2340.0,0.005747126436781609,0.4521072796934866,0.5421455938697318,0.09997215260373155,0.46895015316067945,0.2509050403787246,0.18017265385686437,0.48240469208211145
366,638.8489425981874,0.7749244712990937,5.826283987915408,11.676737160120846,1587.0619335347433,1.9061027190332325,0.472809667673716,0.3021148036253776,6.7990936555891235,1767.5,2100.0,0.0377643504531722,0.4818731117824773,0.48036253776435045,0.09642301710730948,0.37969340146634084,0.33170406576316375,0.19217951566318595,0.3898635477582846
367,616.110275689223,1.5664160401002507,6.784461152882206,13.927318295739349,1527.8496240601503,1.1189724310776943,0.849624060150376,0.7167919799498746,6.704260651629073,1660.0,2172.6,0.03258145363408521,0.5488721804511278,0.41854636591478694,0.1297196261682243,0.382803738317757,0.2560747663551402,0.2314018691588785,0.4576
368,699.0976430976431,0.4983164983164983,5.196969696969697,10.427609427609427,1667.8299663299663,-1.3611447811447812,0.24074074074074073,0.25757575757575757,7.047138047138047,1860.5,2120.0,0.0016835016835016834,0.4444444444444444,0.5538720538720538,0.08313425704730053,0.47013855709507885,0.26134734830387,0.1853798375537506,0.5168918918918919
369,665.5324858757062,0.501412429378531,5.69774011299435,12.242937853107344,1580.2895480225989,-1.0492655367231638,0.2994350282485876,0.2019774011299435,7.028248587570621,1765.5,2090.0,0.005649717514124294,0.4463276836158192,0.5480225988700564,0.0727491961414791,0.4370980707395498,0.28938906752411575,0.2007636655948553,0.4028169014084507
370,657.1737523105361,0.7504621072088724,6.166358595194085,13.284658040665434,1537.8428835489833,-0.7041589648798521,0.39926062846580407,0.3512014787430684,5.853974121996303,1710.0,2120.0,0.012939001848428836,0.5009242144177449,0.48613678373382624,0.09630565203662772,0.2563940637827597,0.38111777707609723,0.2661825071045153,0.46798029556650245
371,637.6016427104723,0.6365503080082136,5.946611909650924,12.42299794661191,1566.4127310061601,-1.368993839835729,0.2731006160164271,0.36344969199178645,6.314168377823409,1778.0,2110.0,0.006160164271047228,0.4517453798767967,0.5420944558521561,0.07479674796747968,0.45463414634146343,0.28065040650406503,0.18991869918699186,0.5709677419354838
372,687.8053097345132,0.6424778761061947,6.578761061946903,13.872566371681415,1494.6849557522123,1.6019646017699116,0.3292035398230089,0.31327433628318585,6.976991150442478,1526.0,2080.0,0.03008849557522124,0.5221238938053098,0.44778761061946903,0.09157787924911212,0.3995433789954338,0.3363774733637747,0.17250126839167934,0.48760330578512395
373,732.9869158878505,0.9364485981308411,5.14766355140187,10.85233644859813,1661.7831775700934,-1.3700560747663553,0.5570093457943925,0.3794392523364486,6.31214953271028,1866.0,2140.0,0.0,0.4504672897196262,0.5495327102803739,0.10423452768729642,0.24962984897838317,0.4101273319514362,0.2360082913828842,0.405189620758483
374,689.4958540630182,0.6069651741293532,5.306799336650083,11.456053067993366,1592.351575456053,-1.4035820895522388,0.24212271973466004,0.3648424543946932,6.85240464344942,1830.0,2080.0,0.001658374792703151,0.44776119402985076,0.5505804311774462,0.08809293320425944,0.4530493707647628,0.28702807357212,0.1718296224588577,0.6010928961748634
375,644.8181818181819,0.4377104377104377,5.4966329966329965,11.693602693602694,1600.107744107744,-0.3828282828282828,0.26262626262626265,0.1750841750841751,7.168350168350169,1785.0,2117.0000000000005,0.018518518518518517,0.4562289562289562,0.5252525252525253,0.09628933771723815,0.4032409581963363,0.328088304368248,0.17238139971817754,0.4
376,649.4040066777964,0.8130217028380634,5.776293823038397,12.011686143572621,1616.2086811352253,1.088247078464107,0.41569282136894825,0.3973288814691152,5.893155258764608,1788.0,2170.0,0.01669449081803005,0.4524207011686144,0.5308848080133556,0.09518413597733712,0.2886685552407932,0.34929178470254957,0.2668555240793201,0.4887063655030801
377,594.0,0.3067484662576687,5.607361963190184,12.457055214723926,1538.3957055214723,-1.5460122699386503,0.17177914110429449,0.13496932515337423,6.552147239263804,1723.0,2060.0,0.0,0.5,0.5,0.0702247191011236,0.5201310861423221,0.27574906367041196,0.13389513108614232,0.44
378,622.8006230529595,0.30062305295950154,6.409657320872274,13.725856697819315,1492.0700934579438,1.1985981308411215,0.17445482866043613,0.1261682242990654,7.271028037383178,1590.5,2055.5,0.03894080996884735,0.5607476635514018,0.40031152647975077,0.09640102827763496,0.41259640102827766,0.3080548414738646,0.1829477292202228,0.41968911917098445
379,649.6258865248227,0.6578014184397163,6.042553191489362,13.03014184397163,1552.7553191489362,-1.370177304964539,0.36347517730496454,0.29432624113475175,6.099290780141844,1710.0,2120.0,0.0,0.475177304964539,0.524822695035461,0.0936046511627907,0.31627906976744186,0.2973837209302326,0.29273255813953486,0.4474393530997305
380,683.0959147424511,0.7460035523978685,6.770870337477797,15.285968028419182,1501.7069271758437,-1.657708703374778,0.3463587921847247,0.3996447602131439,6.6518650088809945,1562.0,2179.4,0.0,0.6074600355239786,0.3925399644760213,0.08571428571428572,0.4307076101468625,0.297196261682243,0.1863818424566088,0.5357142857142857
381,653.3133433283358,0.6491754122938531,6.248875562218891,13.422788605697152,1516.5457271364319,1.1076761619190403,0.30884557721139433,0.3403298350824588,7.026986506746627,1660.0,2100.0,0.025487256371814093,0.49025487256371814,0.48425787106446777,0.0815020268828675,0.41689780243225943,0.3644122039684233,0.13718796671644976,0.5242494226327945
382,687.5837651122625,0.7495682210708118,5.443868739205527,11.704663212435234,1607.9896373056995,-1.4486873920552676,0.3488773747841105,0.4006908462867012,5.580310880829016,1800.0,2134.8,0.0,0.48877374784110533,0.5112262521588946,0.09935004642525534,0.24326833797585887,0.37697307335190344,0.28040854224698236,0.5345622119815668
383,670.7837078651686,0.6404494382022472,5.574438202247191,12.206460674157304,1589.316011235955,-0.8212359550561799,0.3146067415730337,0.3258426966292135,6.573033707865169,1750.0,2119.5,0.004213483146067416,0.47191011235955055,0.523876404494382,0.08076923076923077,0.3925213675213675,0.358974358974359,0.16773504273504272,0.5087719298245614
384,678.6821086261981,0.3753993610223642,5.3099041533546325,10.960063897763579,1594.2396166134185,2.8061980830670925,0.17891373801916932,0.1964856230031949,7.485623003194888,1785.0,2095.0,0.04313099041533546,0.46006389776357826,0.4968051118210863,0.078531796841656,0.44088775074690567,0.3215962441314554,0.15898420827998294,0.5234042553191489
385,657.2563559322034,0.635593220338983,5.940677966101695,12.23093220338983,1597.2457627118645,-0.8201906779661017,0.23728813559322035,0.3983050847457627,5.99364406779661,1774.0,2120.0,0.00423728813559322,0.4957627118644068,0.5,0.11912336514669494,0.3022269353128314,0.2841993637327678,0.2944503358077059,0.6266666666666667
386,671.3988269794721,0.8255131964809385,5.5982404692082115,11.394428152492669,1637.3005865102639,-0.9316129032258065,0.43841642228739003,0.3870967741935484,6.523460410557185,1813.5,2129.0,0.004398826979472141,0.4838709677419355,0.5117302052785924,0.08181613845808047,0.38165879973027644,0.3054619015509103,0.23106316026073276,0.4689165186500888
387,612.4452830188679,0.7150943396226415,6.169811320754717,13.430188679245283,1509.7245283018867,3.931132075471698,0.39245283018867927,0.32264150943396225,7.411320754716981,1610.5,2080.0,0.062264150943396226,0.48867924528301887,0.4490566037735849,0.10183299389002037,0.47377800407331977,0.2805498981670061,0.14383910386965376,0.45118733509234826
388,676.224347826087,0.4295652173913043,5.495652173913044,11.380869565217392,1611.5182608695652,-0.22187826086956525,0.2417391304347826,0.18782608695652173,6.003478260869565,1780.0,2130.0,0.006956521739130435,0.4591304347826087,0.5339130434782609,0.09907300115874855,0.3366164542294322,0.29287369640787947,0.27143684820393976,0.43724696356275305
389,672.7301369863013,0.49726027397260275,5.261643835616439,11.483561643835616,1601.4849315068493,-1.4411232876712328,0.2602739726027397,0.236986301369863,6.461643835616439,1775.0,2100.0,0.0,0.4575342465753425,0.5424657534246575,0.08437566249735001,0.42230231079075686,0.28174687301250795,0.2115751536993852,0.4765840220385675
390,632.53264604811,1.0446735395189004,6.412371134020619,13.690721649484535,1490.8659793814434,3.4056872852233675,0.5584192439862543,0.48625429553264604,7.0326460481099655,1609.0,2070.0,0.05670103092783505,0.520618556701031,0.422680412371134,0.10041534326899584,0.4099682384559003,0.3185927192768141,0.17102369899828976,0.4654605263157895
391,691.1730769230769,0.925,5.375,10.971153846153847,1651.8903846153846,-1.4619807692307694,0.475,0.45,6.1038461538461535,1828.0,2120.0,0.0,0.43653846153846154,0.5634615384615385,0.10302457466918714,0.3172652804032766,0.3191556395715186,0.26055450535601765,0.4864864864864865
392,671.9276437847866,0.5139146567717996,5.400742115027829,11.82003710575139,1567.2504638218925,-0.12833024118738406,0.26716141001855287,0.24675324675324675,6.76252319109462,1810.0,2080.0,0.00927643784786642,0.4452690166975881,0.5454545454545454,0.09135802469135802,0.4090534979423868,0.3454046639231824,0.1541838134430727,0.48014440433212996
393,663.5544388609716,0.5996649916247906,5.906197654941374,12.753768844221106,1536.0284757118927,1.7535510887772192,0.3098827470686767,0.2897822445561139,7.051926298157454,1770.0,2085.2,0.03350083752093802,0.4539363484087102,0.5125628140703518,0.10380047505938242,0.39121140142517813,0.3484560570071259,0.15653206650831353,0.48324022346368717
394,730.6677524429967,0.2931596091205212,5.605863192182411,11.11400651465798,1625.3257328990228,-0.6799348534201954,0.15960912052117263,0.13355048859934854,6.285016286644951,1800.0,2100.0,0.006514657980456026,0.4543973941368078,0.5390879478827362,0.0912153407618554,0.3327286861881316,0.3311738792433273,0.24488209380668566,0.45555555555555555
395,717.6563636363636,0.6236363636363637,6.234545454545454,12.216363636363637,1581.2945454545454,-1.2732909090909093,0.34363636363636363,0.28,7.072727272727272,1772.5,2080.0,0.0018181818181818182,0.5181818181818182,0.48,0.0948586118251928,0.4390745501285347,0.2552699228791774,0.21079691516709512,0.4489795918367347
396,674.7077175697865,0.5254515599343186,5.336617405582923,11.285714285714286,1597.5024630541873,-1.4605254515599344,0.2660098522167488,0.2594417077175698,6.385878489326765,1800.0,2090.0,0.0,0.49917898193760263,0.5008210180623974,0.09102597068655181,0.3507328362046799,0.34276163538184623,0.2154795577269221,0.49375
397,698.2,0.4990476190476191,6.352380952380952,12.731428571428571,1556.7809523809524,-1.447942857142857,0.24761904761904763,0.25142857142857145,5.516190476190476,1705.0,2090.0,0.0,0.5028571428571429,0.49714285714285716,0.11498618784530387,0.29316298342541436,0.2879834254143646,0.30386740331491713,0.5038167938931297
398,659.6268907563025,0.3663865546218487,6.095798319327731,12.292436974789917,1552.4302521008403,-1.4733277310924369,0.18487394957983194,0.1815126050420168,6.722689075630252,1730.0,2070.0,0.0016806722689075631,0.4890756302521008,0.5092436974789916,0.09675,0.47775,0.23525,0.19025,0.4954128440366973
399,660.8887530562347,0.39975550122249387,6.342298288508557,13.156479217603913,1519.4694376528118,-0.16042787286063567,0.14180929095354522,0.25794621026894865,7.207823960880195,1662.0,2070.0,0.019559902200488997,0.49755501222493886,0.4828850855745721,0.08090230664857531,0.4497964721845319,0.28595658073270014,0.18334464043419268,0.6452599388379205
400,710.2541528239203,0.4601328903654485,6.398671096345515,12.970099667774086,1543.3488372093022,-1.3485714285714285,0.22093023255813954,0.23920265780730898,6.0813953488372094,1680.0,2100.0,0.0016611295681063123,0.49667774086378735,0.5016611295681063,0.09997268505872713,0.2668669762360011,0.3692980060092871,0.2638623326959847,0.51985559566787
401,697.1820728291317,0.8207282913165266,5.579831932773109,11.708683473389355,1599.6778711484594,-1.4594817927170867,0.37254901960784315,0.4481792717086835,6.92577030812325,1810.0,2080.0,0.0,0.4579831932773109,0.542016806722689,0.08958543983822043,0.4082912032355915,0.27906976744186046,0.2230535894843276,0.5460750853242321
402,743.806179775281,0.8918539325842697,5.198033707865169,10.89747191011236,1597.7921348314608,1.2986095505617976,0.47331460674157305,0.41853932584269665,6.842696629213483,1799.0,2080.0,0.032303370786516857,0.4297752808988764,0.5379213483146067,0.10488505747126436,0.3955254515599343,0.32204433497536944,0.17754515599343185,0.4692913385826772
403,776.4206081081081,0.9679054054054054,4.908783783783784,9.805743243243244,1684.1638513513512,-1.0349155405405406,0.5067567567567568,0.46114864864864863,6.413851351351352,1910.0,2120.0,0.005067567567567568,0.4560810810810811,0.5388513513513513,0.11403739794574665,0.2665262048986042,0.39873584408743745,0.22070055306821174,0.47643979057591623
404,711.771954674221,0.7011331444759207,6.211048158640226,12.81586402266289,1545.941926345609,-1.4994050991501415,0.34702549575070823,0.35410764872521244,7.515580736543909,1720.0,2080.0,0.00141643059490085,0.509915014164306,0.4886685552407932,0.09272521673577083,0.47964568413117226,0.2644176404070863,0.1632114587259706,0.5050505050505051
405,785.0391304347826,1.1463768115942028,5.353623188405797,11.049275362318841,1618.268115942029,-0.258536231884058,0.5405797101449276,0.6057971014492753,7.594202898550725,1790.5,2120.0,0.015942028985507246,0.45362318840579713,0.5304347826086957,0.09751908396946565,0.408206106870229,0.3202290076335878,0.17404580152671756,0.5284450063211125
406,764.6844512195122,0.45121951219512196,5.560975609756097,11.871951219512194,1573.0213414634147,0.2771341463414634,0.21951219512195122,0.23170731707317074,6.414634146341464,1791.5,2090.0,0.01676829268292683,0.47865853658536583,0.5045731707317073,0.11406844106463879,0.29895437262357416,0.3300855513307985,0.2568916349809886,0.5135135135135135
407,768.9676700111482,0.8494983277591973,5.342251950947603,11.14046822742475,1619.4403567447046,-0.9377480490523968,0.42251950947603123,0.4269788182831661,7.424749163879599,1820.0,2100.0,0.005574136008918618,0.4593088071348941,0.5351170568561873,0.08768768768768768,0.4888888888888889,0.23408408408408407,0.18933933933933933,0.5026246719160105
408,749.2180267965895,0.928136419001218,6.3836784409257,12.444579780755177,1561.3191230207065,-0.006638246041412897,0.48964677222898906,0.438489646772229,7.634591961023142,1693.0,2080.0,0.020706455542021926,0.5030450669914738,0.4762484774665043,0.09652201659221442,0.4443203573707722,0.28956604977664324,0.16959157626037014,0.47244094488188976
409,773.2366803278688,1.0758196721311475,5.539959016393443,11.515368852459016,1614.4415983606557,-1.1122438524590164,0.5809426229508197,0.4948770491803279,6.385245901639344,1790.0,2100.0,0.006147540983606557,0.45286885245901637,0.5409836065573771,0.07942875481386392,0.3185173299101412,0.3209242618741977,0.2811296534017972,0.46
410,847.1382842509603,1.148527528809219,5.740076824583867,11.996158770806659,1570.8706786171574,-0.5723175416133163,0.5710627400768246,0.5774647887323944,7.668373879641485,1769.0,2083.0,0.0038412291933418692,0.45966709346991036,0.5364916773367477,0.09216897645683754,0.47570546001001834,0.2669894807146435,0.1651360828185006,0.5027870680044593
411,800.6728538283063,1.6879350348027842,5.3584686774942,11.187935034802784,1618.904872389791,-0.23321345707656613,0.7552204176334106,0.9327146171693735,7.718097447795824,1812.5,2120.0,0.01740139211136891,0.44779582366589327,0.5348027842227379,0.08221854802344807,0.44145498271456485,0.32992634901548173,0.14640012024650534,0.5525773195876289
412,852.1345238095238,0.955952380952381,5.997619047619048,12.325,1584.6559523809524,-0.28371428571428575,0.4369047619047619,0.5190476190476191,6.359523809523809,1736.0,2110.0,0.010714285714285714,0.44761904761904764,0.5416666666666666,0.09696742792961438,0.2749906402096593,0.35866716585548486,0.26937476600524146,0.5429638854296388
413,815.3132803632236,2.145289443813848,5.434733257661748,10.893303064699206,1648.7128263337117,-1.4255164585698072,0.9920544835414302,1.1532349602724177,7.414301929625426,1858.0,2130.0,0.0011350737797956867,0.4335981838819523,0.565266742338252,0.09369259032455603,0.44488671157379056,0.3072565829761176,0.15416411512553582,0.5375661375661376
414,876.9065326633166,2.2884422110552762,4.466331658291457,9.287437185929647,1712.9678391959799,0.6628442211055277,1.057286432160804,1.2311557788944723,7.649246231155779,1906.0,2190.0,0.032160804020100506,0.42512562814070354,0.542713567839196,0.08579687294705032,0.439626855866509,0.30271974773354354,0.17185652345289712,0.5379885814668424
415,869.4386391251519,1.5565006075334142,5.314702308626974,10.842041312272174,1634.6682867557715,0.38953827460510326,0.7193195625759417,0.8371810449574727,6.239368165249089,1780.0,2102.4,0.024301336573511544,0.48116646415552855,0.4945321992709599,0.10886075949367088,0.2940603700097371,0.3168451801363194,0.2802336903602726,0.5378610460577674
416,807.2563025210084,2.116596638655462,5.70063025210084,11.945378151260504,1585.5336134453783,0.6730882352941177,0.9789915966386554,1.1376050420168067,7.322478991596639,1740.0,2110.0,0.01680672268907563,0.5031512605042017,0.4800420168067227,0.09008750537942907,0.43996557165399514,0.27069287046334817,0.19925405250322767,0.537468982630273
417,836.2472527472528,1.9164835164835166,5.104395604395604,10.114285714285714,1656.0032967032967,1.6578131868131867,0.8802197802197802,1.0362637362637364,7.673626373626374,1840.0,2120.0,0.03406593406593406,0.42417582417582417,0.5417582417582417,0.09465845625089503,0.4425032221108406,0.2888443362451668,0.17399398539309752,0.5407110091743119
418,847.5689252336449,1.919392523364486,4.905373831775701,9.856308411214954,1665.0280373831777,0.20956775700934577,0.9579439252336449,0.9614485981308412,6.410046728971962,1850.0,2120.0,0.015186915887850467,0.4158878504672897,0.5689252336448598,0.0982321851649353,0.32586112629852376,0.2948788044468744,0.2810278840896665,0.5009129640900791
419,785.678916827853,1.556092843326886,4.615087040618955,10.032882011605416,1660.573500967118,-0.8627176015473887,0.7166344294003868,0.839458413926499,7.544487427466151,1920.0,2110.0,0.0038684719535783366,0.39264990328820115,0.6034816247582205,0.07627227278554032,0.4830149980771696,0.2526599153954621,0.18805281374182797,0.5394655065257924
420,835.6355353075171,1.8029612756264237,5.225512528473804,10.623006833712983,1639.379271070615,2.190660592255125,0.8302961275626424,0.9726651480637813,7.458997722095672,1790.0,2110.0,0.03758542141230068,0.4624145785876993,0.5,0.10535959688502061,0.4020461139105207,0.3292105664987021,0.1633837227057566,0.5394819962097284
421,819.1687041564792,1.852078239608802,5.21760391198044,10.614914425427873,1651.5843520782396,-0.9816136919315404,0.8777506112469438,0.9743276283618582,6.641809290953545,1850.0,2130.0,0.008557457212713936,0.44621026894865523,0.5452322738386308,0.10196944597828088,0.3289158844100865,0.3320449107307197,0.23706975888091295,0.526072607260726
422,787.5989375830013,1.4767596281540505,5.9933598937583,12.920318725099602,1559.152722443559,-1.319495351925631,0.6427622841965471,0.8339973439575034,7.286852589641434,1690.0,2100.0,0.00398406374501992,0.4714475431606906,0.5245683930942895,0.09877893202114088,0.46765081100783673,0.28485511208310554,0.1487151448879169,0.564748201438849
423,805.051497005988,1.1437125748502994,5.582035928143712,11.576047904191617,1604.6,-0.19808383233532942,0.555688622754491,0.5880239520958084,7.4215568862275445,1770.0,2130.0,0.011976047904191617,0.49221556886227547,0.49580838323353293,0.08229788607390673,0.4116507987736001,0.3422623850250121,0.16378893012748105,0.5141361256544502
424,818.7240875912408,0.8992700729927007,6.016058394160584,12.164963503649634,1572.9547445255475,-0.36002919708029196,0.46715328467153283,0.4321167883211679,6.683211678832117,1760.0,2120.0,0.010218978102189781,0.5021897810218978,0.48759124087591244,0.09567496723460026,0.3529925731760594,0.3160768894713849,0.23525557011795545,0.4805194805194805
425,811.7262357414448,0.7389100126742713,5.944233206590621,12.046894803548795,1603.6704689480355,-1.0211153358681875,0.3485424588086185,0.39036755386565275,7.747782002534854,1750.0,2110.0,0.0063371356147021544,0.4828897338403042,0.5107731305449936,0.08735481760183215,0.4979551774905938,0.24815965974153442,0.1665303451660396,0.5283018867924528
426,802.2396878483835,1.0055741360089185,5.845039018952062,11.836120401337793,1595.7547380156075,2.2960869565217394,0.5161649944258639,0.48940914158305465,7.403567447045708,1723.0,2140.0,0.03901895206243032,0.4693422519509476,0.4916387959866221,0.09170305676855896,0.396476434271947,0.3419665712995031,0.16985393765999096,0.4866962305986696
427,820.0547588005215,0.4954367666232073,5.672750977835723,11.779661016949152,1602.8252933507172,-0.47611473272490223,0.24641460234680573,0.24902216427640156,6.902216427640156,1800.0,2110.0,0.01303780964797914,0.4576271186440678,0.529335071707953,0.10049112202493389,0.3545523233849641,0.30468454854552324,0.24027200604457877,0.5026315789473684
428,772.805291005291,1.453968253968254,5.481481481481482,11.31957671957672,1653.4031746031746,-0.7992275132275132,0.6783068783068783,0.7756613756613756,7.4603174603174605,1800.0,2190.0,0.005291005291005291,0.473015873015873,0.5216931216931217,0.08836879432624113,0.5017021276595744,0.22992907801418438,0.18,0.5334788937409025
429,769.8117427772601,0.7567567567567568,5.193849021435228,10.790307548928238,1654.5135135135135,-0.3448555452003728,0.35787511649580617,0.39888164026095063,7.482758620689655,1812.0,2150.0,0.016775396085740912,0.418452935694315,0.5647716682199441,0.08058288703449994,0.42433677917548884,0.3218333540914186,0.1732469796985926,0.5270935960591133
430,790.7675,1.32125,5.395,11.0675,1684.78875,2.9262,0.6725,0.64875,6.49,1872.0,2360.0,0.035,0.4125,0.5525,0.1051617873651772,0.2786979969183359,0.400808936825886,0.2153312788906009,0.4910122989593188
431,804.7785714285715,1.2,4.8244897959183675,10.411224489795918,1681.5928571428572,-0.8530918367346938,0.5326530612244897,0.6673469387755102,7.722448979591837,1910.0,2240.0,0.007142857142857143,0.4346938775510204,0.5581632653061225,0.08549154334038055,0.46313424947145876,0.28382663847780126,0.16754756871035942,0.5561224489795918
432,816.8742655699177,0.9894242068155111,5.126909518213866,10.432432432432432,1656.027027027027,-0.07470035252643951,0.5135135135135135,0.47591069330199764,7.301997649823737,1884.0,2110.0,0.022326674500587545,0.4336075205640423,0.5440658049353702,0.09542967492758288,0.4127775989700676,0.3202446089475378,0.17154811715481172,0.4809976247030879
433,852.7142857142857,0.9217391304347826,4.57639751552795,9.285714285714286,1707.9975155279503,0.207527950310559,0.45962732919254656,0.462111801242236,6.726708074534161,1930.0,2141.8,0.009937888198757764,0.38881987577639754,0.6012422360248447,0.09344413665743305,0.3010156971375808,0.3817174515235457,0.22382271468144044,0.5013477088948787
434,847.2173913043479,1.288441145281018,5.100742311770944,10.735949098621422,1672.5461293743372,0.8492152704135737,0.623541887592789,0.6648992576882291,7.686108165429481,1851.0,2244.8,0.02014846235418876,0.4623541887592789,0.5174973488865323,0.08705849889624724,0.4907560706401766,0.26379690949227375,0.15838852097130243,0.5160493827160494
435,791.5602471678682,1.219361483007209,4.656024716786818,9.711637487126673,1699.6797116374871,1.766735324407827,0.6065911431513903,0.6127703398558187,7.4737384140061796,1903.0,2255.0,0.03913491246138002,0.3820803295571576,0.5787847579814624,0.10334849111202976,0.4324100868127325,0.28992696706628085,0.17431445500895687,0.5025337837837838
436,898.9281767955802,1.0375690607734807,4.612154696132596,9.426519337016575,1706.5116022099448,-0.4447403314917127,0.5425414364640884,0.4950276243093923,6.466298342541436,1900.0,2130.0,0.0055248618784530384,0.38453038674033146,0.6099447513812155,0.09415584415584416,0.3014354066985646,0.3434723171565277,0.2609364319890636,0.47710330138445156
437,864.7632696390658,1.1029723991507432,4.575371549893843,9.617834394904458,1731.6539278131636,-1.0666878980891719,0.5562632696390658,0.5467091295116773,7.703821656050955,1940.0,2310.0,0.004246284501061571,0.4033970276008493,0.5923566878980892,0.08515915667631252,0.4836709384042993,0.26636351109273804,0.16480639382665013,0.4956689124157844
438,829.9240374609782,1.4630593132154006,4.802289281997919,9.657648283038501,1707.0104058272632,1.4446201873048907,0.6690946930280958,0.7939646201873048,7.759625390218522,1920.0,2260.0,0.02809573361082206,0.4016649323621228,0.5702393340270552,0.09762639131017836,0.44709668767600913,0.2903312323990881,0.16494568861472442,0.542674253200569
439,795.8996175908222,1.05736137667304,4.45602294455067,8.895793499043977,1738.4875717017208,-1.308661567877629,0.5573613766730402,0.5,6.574569789674952,1942.0,2160.0,0.0009560229445506692,0.4063097514340344,0.5927342256214149,0.07474189326741312,0.3324123891231642,0.3453540788134361,0.24749163879598662,0.472875226039783
440,852.5162790697674,1.2604651162790699,5.6430232558139535,11.682558139534883,1623.832558139535,-0.14654651162790702,0.6430232558139535,0.6174418604651163,7.715116279069767,1755.0,2165.5,0.01627906976744186,0.5116279069767442,0.4720930232558139,0.08997739261492087,0.4675207234363225,0.2747550866616428,0.16774679728711378,0.48985239852398527
441,796.2966014418125,1.88259526261586,4.7837281153450055,9.975283213182287,1703.3357363542739,1.8115447991761071,0.8970133882595263,0.9855818743563337,7.932028836251288,1910.0,2260.0,0.03398558187435633,0.41503604531410915,0.5509783728115345,0.09101532069592314,0.4320955595949104,0.32809659828615945,0.148792521423007,0.5235229759299781
442,865.0175,1.34875,4.5975,9.56625,1726.24875,0.04373750000000001,0.57625,0.7725,6.63,1930.0,2251.0,0.015,0.38875,0.59625,0.09407993966817496,0.30015082956259426,0.3512443438914027,0.25452488687782804,0.5727525486561631
443,905.9861111111111,1.143162393162393,4.792735042735043,9.902777777777779,1753.3995726495727,-1.1827457264957264,0.5277777777777778,0.6153846153846154,7.713675213675214,1910.0,2375.5,0.004273504273504274,0.43162393162393164,0.5641025641025641,0.08933518005540166,0.4619113573407202,0.29626038781163433,0.15249307479224378,0.5383177570093458
444,829.2025723472669,1.0578778135048232,4.807073954983923,9.718113612004288,1722.1061093247588,1.1735798499464094,0.4715969989281886,0.5862808145766345,7.427652733118971,1926.0,2340.0,0.02572347266881029,0.4062165058949625,0.5680600214362272,0.07864357864357864,0.4353535353535353,0.315007215007215,0.170995670995671,0.5542046605876393
445,770.6876923076923,0.6907692307692308,5.7615384615384615,12.703076923076923,1594.7492307692307,0.38655384615384614,0.32153846153846155,0.36923076923076925,6.136923076923077,1765.0,2180.0,0.02,0.4707692307692308,0.5092307692307693,0.11932815241915266,0.31561794936074206,0.28378039608924543,0.2812735021308599,0.534521158129176
446,807.4525277435265,1.2663378545006165,5.278668310727497,10.84217016029593,1692.035758323058,-1.248964241676942,0.594327990135635,0.6720098643649816,7.7669543773119605,1851.0,2236.0,0.0036991368680641184,0.4623921085080148,0.5339087546239211,0.09668201301793936,0.4619780917605969,0.27766312113033814,0.16367677409112558,0.5306718597857838
447,788.1001300390117,1.1729518855656698,5.772431729518856,12.232769830949286,1607.4512353706111,1.0159167750325095,0.6657997399219766,0.5071521456436932,7.591677503250975,1760.0,2150.0,0.022106631989596878,0.48634590377113135,0.49154746423927176,0.10688591983556012,0.4354230900993491,0.29273723878040425,0.16495375128468653,0.43237250554323725
448,810.851662404092,0.7340153452685422,6.023017902813299,12.372122762148338,1599.571611253197,-0.6416624040920715,0.3375959079283887,0.39641943734015345,6.455242966751918,1775.0,2149.0,0.0076726342710997444,0.44884910485933505,0.5434782608695652,0.10340729001584786,0.30269413629160064,0.3145800316957211,0.2793185419968304,0.5400696864111498
449,786.7379182156134,1.1217472118959109,5.014869888475836,9.995353159851302,1707.6301115241636,-1.010418215613383,0.5799256505576208,0.54182156133829,7.5315985130111525,1880.0,2228.5,0.004646840148698885,0.41356877323420077,0.5817843866171004,0.07761599210266536,0.4751974333662389,0.2701135241855874,0.17707305034550838,0.48301574150787074
450,797.0165876777252,1.0213270142180095,4.934834123222749,9.881516587677725,1703.7369668246445,2.6400355450236965,0.4774881516587678,0.5438388625592417,7.5947867298578196,1878.0,2250.0,0.04028436018957346,0.4028436018957346,0.556872037914692,0.11216848673946958,0.40343213728549143,0.328393135725429,0.15600624024961,0.5324825986078886
451,795.0057553956834,1.210071942446043,5.297841726618705,10.906474820143885,1728.7669064748202,-1.0355971223021583,0.6805755395683454,0.5294964028776978,6.697841726618705,1858.0,2440.0,0.004316546762589928,0.4546762589928058,0.5410071942446043,0.10225563909774436,0.31901181525241673,0.35166487647690653,0.22706766917293233,0.43757431629013077
452,752.688,0.8902857142857142,5.472,11.229714285714286,1677.2057142857143,-1.1432914285714286,0.4868571428571429,0.4034285714285714,7.2057142857142855,1840.0,2300.0,0.005714285714285714,0.4742857142857143,0.52,0.09706582077716099,0.41919111816019033,0.30245836637589213,0.18128469468675654,0.45314505776636715
453,655.8756476683938,1.0297927461139897,4.953367875647668,10.444300518134716,1682.041450777202,0.6370466321243523,0.5569948186528497,0.4727979274611399,7.2979274611398965,1880.0,2160.0,0.019430051813471502,0.45466321243523317,0.5259067357512953,0.08519701810436635,0.40326588569400074,0.34913028044018457,0.16240681576144836,0.4591194968553459
454,736.1746031746031,0.5627705627705628,5.145743145743146,10.887445887445887,1668.5569985569985,-1.0315440115440115,0.2756132756132756,0.28715728715728717,6.84992784992785,1870.0,2216.0000000000014,0.005772005772005772,0.4357864357864358,0.5584415584415584,0.09774594480724669,0.33852959764061513,0.32757531072256163,0.23614914682957658,0.5102564102564102
455,667.9461325966851,0.755524861878453,6.225138121546961,13.50414364640884,1564.414364640884,-1.5150690607734807,0.39088397790055246,0.36464088397790057,7.145027624309392,1700.5,2169.7,0.0027624309392265192,0.5193370165745856,0.47790055248618785,0.08872994393968683,0.459887879373671,0.2511115406920549,0.20027063599458728,0.4826325411334552
456,682.073199527745,0.8476977567886659,5.360094451003542,10.992916174734356,1634.9043683589139,7.0792916174734355,0.45218417945690675,0.3955135773317591,7.349468713105077,1796.0,2200.0,0.07201889020070838,0.45690672963400236,0.47107438016528924,0.09895582329317269,0.407710843373494,0.31630522088353413,0.17702811244979919,0.46657381615598886
457,725.4398447606727,0.9366106080206986,4.163001293661061,8.131953428201811,1827.3234152652005,1.5789521345407502,0.48253557567917205,0.4540750323415265,6.435963777490297,1950.0,2420.0,0.037516170763260026,0.3221216041397154,0.6403622250970246,0.12120603015075376,0.3451256281407035,0.26030150753768844,0.2733668341708543,0.48480662983425415
458,730.2213209733488,0.9258400926998841,5.196987253765933,10.012746234067208,1792.5005793742757,-0.6551448435689455,0.45770567786790267,0.4681344148319815,7.712630359212051,1920.0,2478.000000000001,0.011587485515643106,0.4298957126303592,0.5585168018539977,0.09930889423076923,0.49429086538461536,0.21935096153846154,0.18704927884615385,0.5056320400500626
459,735.176414189837,0.7651006711409396,4.639501438159156,9.116970278044104,1753.5858101629913,0.9475359539789071,0.3422818791946309,0.4228187919463087,7.598274209012464,1930.0,2258.6000000000004,0.02109300095877277,0.3681687440076702,0.610738255033557,0.07293375394321766,0.42157728706624603,0.32618296529968455,0.17930599369085173,0.5526315789473685
460,752.5712347354139,0.6119402985074627,4.048846675712348,7.826322930800543,1816.9118046132971,0.31987788331071915,0.2903663500678426,0.32157394843962006,6.48168249660787,1980.0,2354.0,0.010854816824966078,0.35006784260515605,0.6390773405698779,0.09943479171027841,0.29809503872723464,0.3611052962110111,0.24136487335147583,0.5254988913525499
461,734.0540254237288,1.0572033898305084,4.6048728813559325,9.138771186440678,1805.4459745762713,-0.23926906779661017,0.5434322033898306,0.513771186440678,7.512711864406779,1950.0,2427.0000000000005,0.013771186440677966,0.3771186440677966,0.6091101694915254,0.07938522278623801,0.474478285391991,0.27382966723068247,0.17230682459108856,0.48597194388777554
462,734.9932356257046,0.7260428410372041,4.383314543404735,9.071025930101465,1758.3461104847802,2.593968432919955,0.3269447576099211,0.399098083427283,7.250281848928974,1923.0,2309.4,0.04284103720405862,0.3923337091319053,0.5648252536640361,0.09096563520447831,0.40118177577359665,0.3273207899238066,0.18053179909811848,0.5496894409937888
463,737.9721792890263,0.9706336939721792,4.8516228748068,9.981452859350851,1784.8361669242659,2.0630911901081914,0.5548686244204019,0.41576506955177744,6.731066460587326,1960.0,2508.2,0.023183925811437404,0.4080370942812983,0.5687789799072643,0.11067738231917336,0.28427095292766935,0.3942594718714122,0.2107921928817451,0.428343949044586
464,768.1683937823834,0.9533678756476683,5.4572538860103625,10.6360103626943,1729.4326424870467,-0.6772279792746114,0.47020725388601037,0.483160621761658,7.652849740932642,1909.0,2380.0,0.011658031088082901,0.41580310880829013,0.572538860103627,0.0961408259986459,0.5103249830737983,0.24779959377115776,0.1457345971563981,0.5067934782608695
465,782.034924330617,1.0058207217694994,4.69383003492433,9.577415599534342,1759.2025611175786,2.2156693830034926,0.43538998835855647,0.570430733410943,7.420256111757858,1950.0,2380.6000000000004,0.03958090803259604,0.40046565774155995,0.559953434225844,0.09821148415437715,0.43049890178851585,0.29698776278631944,0.17430185127078757,0.5671296296296297
466,824.4683544303797,1.2746835443037974,4.926582278481012,9.760759493670886,1755.4670886075949,-0.27624050632911396,0.6746835443037975,0.6,6.556962025316456,1905.0,2290.0,0.012658227848101266,0.4050632911392405,0.5822784810126582,0.10173745173745173,0.30096525096525095,0.3335907335907336,0.2637065637065637,0.47070506454816285
467,818.9920634920635,1.1020408163265305,4.967120181405896,9.952380952380953,1751.0487528344672,-0.03945578231292518,0.5657596371882087,0.536281179138322,7.792517006802721,1938.5,2350.0,0.012471655328798186,0.41496598639455784,0.572562358276644,0.09020806052669868,0.49556234540957367,0.24574421649934527,0.16848537756438237,0.48662551440329216
468,750.2774049217002,1.2225950782997763,4.906040268456376,9.662192393736017,1742.5536912751677,1.2279865771812082,0.5749440715883669,0.6476510067114094,7.492170022371365,1934.5,2340.0,0.021252796420581657,0.4172259507829978,0.5615212527964206,0.09435652433562257,0.4301283965362795,0.3033741415347865,0.17214093759331145,0.5297346752058555
469,803.310621242485,0.8376753507014028,4.586172344689379,9.124248496993989,1725.4238476953908,-1.2973346693386774,0.4118236472945892,0.4258517034068136,6.63627254509018,1910.0,2140.9,0.0,0.38877755511022044,0.6112224448897795,0.07942020232523025,0.31345311792239167,0.33277970708138305,0.274346972670995,0.5083732057416268
470,793.1618090452262,1.6150753768844222,5.461306532663317,10.864321608040202,1695.6050251256281,0.030150753768844206,0.7326633165829146,0.8824120603015075,7.419095477386935,1870.0,2290.0,0.01507537688442211,0.43517587939698493,0.549748743718593,0.0812787862367922,0.4313194256299106,0.29233270116499593,0.19506908696830128,0.5463596764156814
471,789.0176744186047,1.7525581395348837,4.891162790697674,9.725581395348836,1734.9144186046512,4.187972093023255,0.8418604651162791,0.9106976744186046,7.6902325581395345,1900.0,2310.0,0.053953488372093024,0.40093023255813953,0.5451162790697675,0.0855207451312447,0.42191847102939395,0.33470424579654046,0.15785653804282085,0.5196390658174098
472,800.4741935483871,1.7440860215053764,4.625806451612903,9.041935483870967,1772.347311827957,0.4430967741935483,0.8451612903225807,0.8989247311827957,6.373118279569892,1951.5,2301.0,0.016129032258064516,0.4118279569892473,0.5720430107526882,0.09414543613969968,0.28800404926607054,0.3443563354142062,0.2734941791800236,0.5154130702836005
473,785.3786802030456,1.5401015228426396,4.703553299492386,9.385786802030458,1803.3187817258884,-0.6616040609137056,0.7725888324873097,0.76751269035533,7.583756345177665,1970.0,2470.0,0.008121827411167513,0.41624365482233505,0.5756345177664974,0.08460508701472556,0.4540829986613119,0.30896921017402945,0.15234270414993306,0.4983520105471325
474,793.6499032882011,1.1334622823984526,4.290135396518375,8.387814313346228,1807.4796905222438,0.9376885880077369,0.5870406189555126,0.5464216634429401,7.502901353965184,1962.5,2397.0000000000005,0.027079303675048357,0.3742746615087041,0.5986460348162476,0.07824181490074762,0.4242072699149265,0.3186388244392885,0.1789120907450374,0.48208191126279865
475,737.6580756013745,1.1305841924398625,5.195876288659794,10.754295532646049,1704.7199312714777,-0.753213058419244,0.5670103092783505,0.563573883161512,6.305841924398625,1887.0,2240.0,0.006872852233676976,0.46563573883161513,0.5274914089347079,0.12615803814713897,0.29155313351498635,0.31471389645776565,0.267574931880109,0.49848024316109424
476,748.9571428571429,1.7214285714285715,5.2369047619047615,10.666666666666666,1756.8666666666666,-0.8779880952380952,0.8047619047619048,0.9166666666666666,7.559523809523809,1928.0,2450.0,0.009523809523809525,0.42023809523809524,0.5702380952380952,0.09433070866141732,0.4474015748031496,0.29590551181102365,0.16236220472440946,0.5325034578146611
477,714.4890052356021,2.1445026178010473,5.175916230366492,10.734031413612566,1626.282722513089,5.174146596858639,1.0020942408376963,1.1424083769633508,7.468062827225131,1781.0,2178.8,0.060732984293193716,0.42513089005235605,0.5141361256544502,0.09548513740886147,0.43508132361189006,0.2938867077958497,0.17554683118339875,0.53271484375
478,741.6753585397653,2.956975228161669,4.953063885267275,10.071707953063886,1715.2711864406779,-1.106310299869622,1.4602346805736637,1.4967405475880051,6.397653194263364,1920.0,2230.0,0.003911342894393742,0.41199478487614083,0.5840938722294654,0.10108008966782148,0.3299368249439576,0.3095577746077033,0.2594253107805176,0.5061728395061729
479,757.1362831858407,1.7053097345132744,4.6831858407079645,9.297345132743363,1749.8407079646017,-1.4086814159292036,0.8433628318584071,0.8619469026548673,7.375221238938053,1931.0,2291.0,0.0008849557522123894,0.415929203539823,0.5831858407079646,0.07427405807535398,0.45668346532277415,0.2843772498200144,0.18466522678185746,0.5054488842760768
480,716.031380753138,1.2667364016736402,5.218619246861925,10.97489539748954,1641.760460251046,2.1009937238493723,0.5690376569037657,0.6976987447698745,7.377615062761507,1778.5,2245.0,0.036610878661087864,0.45292887029288703,0.5104602510460251,0.09286828300014179,0.3751595065929392,0.37558485750744364,0.1563873528994754,0.550784475639967
481,707.6379310344828,1.2623152709359606,5.570197044334975,11.532019704433498,1657.8866995073893,-1.3749384236453202,0.6379310344827587,0.624384236453202,6.678571428571429,1824.0,2170.0,0.0024630541871921183,0.45197044334975367,0.5455665024630542,0.10234187718974737,0.30536603356075975,0.356260372487553,0.23603171676193987,0.4946341463414634
482,701.3461047254151,1.4112388250319285,5.752234993614304,11.490421455938698,1659.0,-1.3969093231162197,0.7573435504469987,0.6538952745849298,7.501915708812261,1852.0,2178.000000000001,0.001277139208173691,0.47126436781609193,0.5274584929757343,0.09737827715355805,0.44654409261150835,0.3106911814776983,0.14538644875723528,0.4633484162895928
483,719.4887839433294,1.154663518299882,5.246753246753247,10.715466351829988,1637.0224321133412,0.836198347107438,0.6446280991735537,0.5100354191263282,7.753246753246753,1812.0,2130.0,0.02833530106257379,0.4557260920897285,0.5159386068476978,0.09532511040048729,0.4263742957210294,0.3347038221410081,0.14359677173747526,0.44171779141104295
484,707.8204819277108,0.8795180722891566,5.516867469879518,11.92289156626506,1592.387951807229,-0.3895060240963855,0.42891566265060244,0.4506024096385542,6.784337349397591,1791.5,2120.0,0.00963855421686747,0.472289156626506,0.5180722891566265,0.09252353045640206,0.32409873912271353,0.3409696323921151,0.2424080980287693,0.5123287671232877
485,730.1218961625282,1.0553047404063205,6.086907449209932,12.870203160270881,1569.6083521444696,-0.6304966139954853,0.5451467268623025,0.510158013544018,7.585778781038375,1731.5,2125.0,0.006772009029345372,0.5124153498871332,0.48081264108352145,0.08748698110400238,0.48846897783067994,0.2518970391310817,0.172147001934236,0.4834224598930481
486,708.4491440080564,1.149043303121853,5.348439073514602,11.685800604229607,1590.7774420946625,3.3736153071500503,0.5498489425981873,0.5991943605236657,7.21852970795569,1737.0,2130.8,0.03726082578046324,0.486404833836858,0.47633434038267874,0.08370535714285714,0.3959263392857143,0.32631138392857145,0.19405691964285715,0.5214723926380368
487,724.1950904392764,1.17312661498708,5.594315245478036,11.5,1618.3178294573643,1.3188501291989663,0.58656330749354,0.58656330749354,6.69250645994832,1753.5,2130.0,0.021963824289405683,0.46382428940568476,0.5142118863049095,0.11177606177606178,0.3501930501930502,0.2862934362934363,0.2517374517374517,0.5
488,782.3215284249767,1.9114631873252563,5.345759552656104,11.128611369990681,1678.0959925442685,-0.3538397017707363,0.9338303821062441,0.9776328052190121,7.41192917054986,1830.0,2230.0,0.008387698042870456,0.46971109040074555,0.5219012115563839,0.07959260656356092,0.4755438199421602,0.2400352068401861,0.2048283666540928,0.5114578254509995
489,739.4579358196011,1.8204683434518647,4.347788378143973,8.954032957502168,1731.333044232437,0.6518300086730269,0.9705117085862967,0.849956634865568,7.434518647007805,1880.0,2160.0,0.019080659150043366,0.39028620988725066,0.590633130962706,0.07652823145123658,0.4167055529631358,0.3210452636490901,0.18572095193653756,0.46688899475940926
490,792.1094527363184,2.7935323383084576,4.6778606965174125,9.248756218905474,1759.8893034825871,1.9146393034825868,1.462686567164179,1.3308457711442787,6.559701492537314,1891.0,2337.0000000000005,0.03233830845771144,0.4116915422885572,0.5559701492537313,0.1018202502844141,0.2745544178991278,0.3799772468714448,0.24364808494501328,0.4764024933214604
491,760.0590128755365,2.1587982832618025,5.033261802575107,10.42274678111588,1711.4570815450643,-0.5415236051502146,1.0740343347639485,1.0847639484978542,7.742489270386266,1890.0,2262.7,0.008583690987124463,0.4227467811158798,0.5686695278969958,0.0803769401330377,0.46577050997782704,0.27882483370288247,0.17502771618625276,0.5024850894632207
492,801.873775843308,1.176278563656148,4.348204570184984,9.097932535364526,1706.7051142546245,0.6377366702937977,0.6147986942328618,0.5614798694232862,7.386289445048966,1922.0,2140.0,0.028291621327529923,0.40369967355821545,0.5680087051142546,0.082203889216264,0.41263995285798466,0.33485562757807896,0.17030053034767237,0.47733580018501387
493,740.0582677165354,1.1354330708661418,5.748031496062992,11.870866141732284,1625.1007874015747,-1.2901574803149607,0.5559055118110237,0.5795275590551181,6.620472440944882,1826.0,2138.8,0.004724409448818898,0.49606299212598426,0.49921259842519683,0.11298763082778307,0.3044719314938154,0.39700285442435773,0.18553758325404376,0.5104022191400832
494,752.3932038834952,0.9805825242718447,5.2540453074433655,10.928802588996763,1640.9611650485438,-0.4976860841423949,0.4368932038834951,0.5436893203883495,7.351132686084142,1860.0,2120.0,0.006472491909385114,0.441747572815534,0.551779935275081,0.09751265683469074,0.48426150121065376,0.2802113141096192,0.13801452784503632,0.5544554455445545
495,790.5383693045563,1.1354916067146283,4.884892086330935,9.850119904076738,1682.0539568345323,1.6584652278177456,0.5563549160671463,0.579136690647482,7.462829736211031,1895.0,2150.0,0.02877697841726619,0.4292565947242206,0.5419664268585132,0.09093830334190231,0.4227185089974293,0.3169987146529563,0.16934447300771208,0.5100316789862724
496,783.9974457215836,2.913154533844189,4.956577266922094,9.842911877394636,1737.542784163474,0.2396296296296297,1.4763729246487867,1.4367816091954022,6.320561941251596,1910.0,2299.8,0.01532567049808429,0.421455938697318,0.5632183908045977,0.1036573045059608,0.30895130329359466,0.32653061224489793,0.2608607799555466,0.49320473476545373
497,724.1481481481482,1.5006858710562414,5.680384087791495,11.582990397805213,1660.7462277091906,0.09820301783264743,0.7626886145404664,0.7379972565157751,7.238683127572016,1813.0,2264.000000000001,0.013717421124828532,0.4842249657064472,0.5020576131687243,0.09645631987871897,0.48038658328595796,0.25071063104036384,0.17244646579495926,0.49177330895795246
498,720.7364864864865,1.5621621621621622,4.606756756756757,9.37027027027027,1744.418918918919,2.171945945945946,0.8621621621621621,0.7,7.544594594594595,1920.5,2300.0,0.033783783783783786,0.3972972972972973,0.5689189189189189,0.0938563496328139,0.42486118574243237,0.32007881067526417,0.16120365394948952,0.44809688581314877
499,782.7723004694835,1.7241784037558685,4.416666666666667,9.173708920187794,1745.3767605633802,0.0018427230046948215,0.8708920187793427,0.8532863849765259,6.553990610328638,1940.0,2210.0,0.015258215962441314,0.38967136150234744,0.5950704225352113,0.09079512893982808,0.31608166189111747,0.336676217765043,0.25644699140401145,0.4948944860449285
500,699.6275752773375,1.6339144215530903,5.358161648177496,11.144215530903328,1731.7908082408874,-0.6083042789223454,0.8256735340729001,0.8082408874801902,7.572107765451664,1897.0,2480.0,0.00792393026941363,0.4595879556259905,0.5324881141045958,0.10799497697781499,0.46755964838844705,0.26517371285056507,0.15927166178317287,0.49466537342386036
501,713.5805243445693,1.474406991260924,4.436953807740324,9.15980024968789,1769.6729088639202,3.100074906367041,0.6928838951310862,0.7815230961298377,7.6841448189762795,1910.0,2400.0,0.04244694132334582,0.3895131086142322,0.568039950062422,0.09195775792038993,0.43005686433793666,0.3330625507717303,0.14492282696994313,0.5300592718035563
502,746.9038142620232,1.472636815920398,4.796019900497512,9.733001658374793,1779.8175787728026,-0.8324543946932007,0.7545605306799337,0.7180762852404643,6.635157545605307,1920.0,2420.0,0.006633499170812604,0.41625207296849087,0.5771144278606966,0.1132216945763559,0.2846788302924269,0.39440139965008747,0.20769807548112973,0.48761261261261263
503,746.0202429149798,1.2780026990553306,4.86774628879892,9.909581646423751,1748.974358974359,-0.9405533063427801,0.7300944669365722,0.5479082321187584,7.5964912280701755,1915.0,2330.0,0.006747638326585695,0.407557354925776,0.5856950067476383,0.09859655356191153,0.4244093089358678,0.3359388879019364,0.14105524960028423,0.42872228088701164
504,729.3686486486487,1.0205405405405406,5.114594594594594,11.05945945945946,1639.6432432432432,1.8729945945945945,0.5027027027027027,0.5178378378378379,7.47027027027027,1810.0,2170.0,0.04108108108108108,0.4335135135135135,0.5254054054054054,0.094356005788712,0.42054992764109983,0.31244573082489147,0.17264833574529667,0.5074152542372882
505,738.8373424971363,0.981672394043528,4.177548682703322,8.579610538373425,1754.1489117983963,0.0911569301260023,0.47766323024054985,0.5040091638029782,6.261168384879725,1940.0,2209.6000000000004,0.016036655211912942,0.35051546391752575,0.6334478808705613,0.092938163190633,0.25997072813757777,0.3336992316136114,0.31339187705817784,0.5134189031505251
506,790.4480932203389,1.6684322033898304,4.309322033898305,8.478813559322035,1833.781779661017,-0.2732097457627119,0.7245762711864406,0.9438559322033898,7.413135593220339,1968.0,2449.4,0.013771186440677966,0.3739406779661017,0.6122881355932204,0.0870248642469277,0.43498142326378963,0.2965132895112889,0.18148042297799372,0.5657142857142857
507,758.1942857142857,1.0754285714285714,4.492571428571429,9.259428571428572,1695.8822857142857,5.384971428571429,0.4777142857142857,0.5977142857142858,7.507428571428571,1858.0,2173.8,0.06742857142857143,0.4102857142857143,0.5222857142857142,0.10427766783376466,0.4472522453950373,0.26670726137920536,0.1817628253919927,0.5557917109458024
508,796.585023400936,1.4633385335413416,4.778471138845553,9.444617784711388,1760.3182527301092,-0.6062402496099845,0.7316692667706708,0.7316692667706708,6.7301092043681745,1930.0,2330.0,0.0093603744149766,0.43057722308892354,0.5600624024960998,0.11358368103847936,0.33402874362540563,0.28789986091794156,0.26448771441817337,0.5
509,805.8859245630175,1.3781048758049679,4.47378104875805,8.969641214351427,1767.2079116835328,-1.200358785648574,0.7083716651333947,0.6697332106715731,7.271389144434223,1920.0,2310.0,0.0027598896044158236,0.39006439742410304,0.6071757129714811,0.07856781376518218,0.44686234817813764,0.26758603238866396,0.2069838056680162,0.48598130841121495
510,761.3983050847457,1.0243644067796611,3.9014830508474576,8.073093220338983,1781.6493644067796,3.7959639830508474,0.4957627118644068,0.5286016949152542,7.307203389830509,1960.0,2280.0,0.05402542372881356,0.3686440677966102,0.5773305084745762,0.09988402435488547,0.3869237460133372,0.3338648883734416,0.17932734125833574,0.516028955532575
511,792.0921985815603,1.3002364066193854,4.333333333333333,8.5177304964539,1797.6950354609928,-0.5355791962174942,0.6855791962174941,0.6146572104018913,6.797872340425532,1954.0,2318.5,0.01182033096926714,0.38416075650118203,0.6040189125295509,0.09389671361502347,0.29264475743348983,0.37210919840027823,0.2413493305512085,0.4727272727272727
512,793.4757174392936,1.1931567328918322,4.47130242825607,9.387417218543046,1738.1810154525385,-0.8020529801324503,0.5905077262693157,0.6026490066225165,7.288079470198675,1920.0,2245.0,0.0033112582781456954,0.3841059602649007,0.6125827814569537,0.09601696198697561,0.4249583522641224,0.30683022868393156,0.17219445706497047,0.5050878815911193
513,764.6045714285714,1.3085714285714285,4.870857142857143,10.324571428571428,1688.3291428571429,1.66552,0.6502857142857142,0.6582857142857143,7.365714285714286,1880.0,2260.0,0.029714285714285714,0.408,0.5622857142857143,0.0982156710628394,0.4018619084561676,0.3256788207913111,0.17424359968968192,0.503056768558952
514,767.4,0.9288590604026845,5.437583892617449,10.9248322147651,1683.7637583892617,-0.9668456375838925,0.5463087248322148,0.3825503355704698,6.547651006711409,1850.0,2260.0,0.004026845637583893,0.41879194630872485,0.5771812080536913,0.0963509635096351,0.2988929889298893,0.3329233292332923,0.27183271832718325,0.41184971098265893
515,764.6420927467301,0.9809750297265161,5.328180737217598,11.10820451843044,1673.2366230677765,-1.1584185493460166,0.4803804994054697,0.5005945303210464,7.523186682520809,1810.0,2230.0,0.005945303210463734,0.46730083234244946,0.5267538644470868,0.09119645961751224,0.46372688477951635,0.25351667456930616,0.19155998103366526,0.5103030303030303
516,767.7113502935421,1.5391389432485323,4.667318982387475,9.870841487279844,1683.7720156555772,4.510861056751468,0.773972602739726,0.7651663405088063,7.228962818003914,1850.0,2185.9,0.05870841487279843,0.4090019569471624,0.5322896281800391,0.09610178668110449,0.4095831077422848,0.334325933946941,0.15998917162966975,0.4971392244119517
517,768.2529335071708,0.8239895697522817,4.615384615384615,9.520208604954368,1689.3441981747067,3.6272881355932203,0.3833116036505867,0.4406779661016949,6.658409387222947,1904.0,2150.0,0.04432855280312908,0.38461538461538464,0.5710560625814863,0.12003132954767966,0.3407088310162522,0.28686117094184455,0.2523986684942236,0.5348101265822784
518,739.4567022538553,1.7212336892052194,5.059311981020166,10.876631079478054,1695.29418742586,-1.105361803084223,0.8185053380782918,0.9027283511269276,7.690391459074733,1885.0,2340.0,0.005931198102016607,0.44958481613285883,0.5444839857651246,0.0953262378528459,0.4969921332716335,0.21533240783587845,0.19234922103964214,0.5244658855961406
519,757.0876494023904,1.3087649402390438,4.629482071713148,9.485059760956176,1705.8027888446215,0.9101494023904382,0.7071713147410359,0.601593625498008,7.631474103585657,1872.5,2187.0000000000005,0.022908366533864542,0.41832669322709165,0.5587649402390438,0.08209344818585226,0.42743409031584445,0.30971025841816757,0.18076220308013574,0.4596651445966514
520,753.838199513382,1.2980535279805352,4.594890510948905,9.586374695863746,1721.8783454987833,-1.3099270072992701,0.6447688564476886,0.6532846715328468,6.021897810218978,1913.5,2200.0,0.0,0.39659367396593675,0.6034063260340633,0.09575757575757576,0.24787878787878787,0.381010101010101,0.27535353535353535,0.5032802249297095
521,766.1163522012579,1.1939203354297694,4.819706498951782,10.136268343815514,1703.9182389937107,-0.014381551362683466,0.6383647798742138,0.5555555555555556,7.483228511530398,1880.0,2234.9000000000005,0.010482180293501049,0.4171907756813417,0.5723270440251572,0.08096372040902088,0.4632301442779101,0.266003641966662,0.18980249334640706,0.46532045654082527
522,721.4266826923077,0.65625,4.938701923076923,10.87139423076923,1638.983173076923,1.5506730769230768,0.27163461538461536,0.38461538461538464,7.295673076923077,1837.5,2130.0,0.03485576923076923,0.47115384615384615,0.49399038461538464,0.09324546952224053,0.4041186161449753,0.3200988467874794,0.18253706754530477,0.5860805860805861
523,721.1465753424658,0.9575342465753425,4.7465753424657535,10.432876712328767,1708.9082191780822,-1.0073972602739725,0.5136986301369864,0.4438356164383562,6.412328767123288,1896.5,2270.0,0.0027397260273972603,0.4178082191780822,0.5794520547945206,0.10895107882930997,0.26853236487929927,0.3977782525101474,0.22473830378124332,0.463519313304721
524,754.227027027027,1.1178378378378377,4.232432432432432,8.909189189189188,1744.0735135135135,0.07287567567567564,0.5362162162162162,0.5816216216216217,7.555675675675675,1910.0,2248.2,0.011891891891891892,0.37945945945945947,0.6086486486486486,0.08456145371297753,0.46773501216196883,0.27171269137215626,0.17599084275289742,0.5203094777562862
525,718.5355555555556,0.7577777777777778,4.1433333333333335,8.642222222222221,1738.2366666666667,2.1571777777777776,0.37222222222222223,0.38555555555555554,7.433333333333334,1930.0,2185.5,0.034444444444444444,0.35888888888888887,0.6066666666666667,0.09656203288490284,0.4026905829596413,0.31823617339312404,0.18251121076233184,0.5087976539589443
526,748.6306068601583,1.1002638522427441,4.981530343007916,10.762532981530343,1679.9511873350923,-1.3327176781002639,0.5857519788918206,0.5145118733509235,6.379947229551451,1863.0,2187.9,0.002638522427440633,0.43799472295514513,0.5593667546174143,0.09925558312655088,0.2853598014888337,0.3416046319272126,0.2737799834574028,0.4676258992805755
527,692.6670731707317,1.0329268292682927,4.689024390243903,10.264634146341463,1687.3341463414633,0.07981707317073172,0.551219512195122,0.4817073170731707,7.318292682926829,1888.5,2160.0,0.012195121951219513,0.4304878048780488,0.5573170731707318,0.09081819696717214,0.4785869021829695,0.24179303449425096,0.1888018663556074,0.46635182998819363
528,679.394451145959,0.721351025331725,5.4595898673100125,11.318455971049458,1620.966224366707,0.48051869722557294,0.36429433051869725,0.35705669481302776,7.405307599517491,1770.0,2110.0,0.024125452352231604,0.45235223160434257,0.5235223160434258,0.10343704186349569,0.43557582668187,0.2746375631210295,0.18634956833360483,0.49498327759197325
529,710.8676639815881,0.7284234752589183,4.86536248561565,10.310701956271577,1678.3222094361336,-0.8280207134637514,0.3624856156501726,0.3659378596087457,6.756041426927503,1832.0,2140.0,0.006904487917146145,0.4430379746835443,0.5500575373993095,0.09282916027933913,0.3263498552205757,0.31221257026060295,0.2686084142394822,0.5023696682464455
530,692.5554285714286,1.0125714285714287,5.134857142857143,10.683428571428571,1724.9245714285714,-0.7770628571428572,0.5188571428571429,0.4937142857142857,6.921142857142857,1890.0,2450.0,0.009142857142857144,0.4045714285714286,0.5862857142857143,0.09197490092470277,0.4532694848084544,0.25066050198150597,0.20409511228533686,0.48758465011286684
531,748.9596774193549,1.2237903225806452,4.600806451612903,9.60483870967742,1733.8891129032259,3.2843951612903224,0.6471774193548387,0.5766129032258065,7.476814516129032,1890.0,2289.5,0.04435483870967742,0.4163306451612903,0.5393145161290323,0.09599568558716462,0.42928407712012945,0.3103680733450182,0.16435216394768776,0.471169686985173
532,723.2044609665428,1.2137546468401488,6.091078066914498,13.513011152416357,1636.4423791821562,-1.5497397769516728,0.5780669144981413,0.6356877323420075,6.4944237918215615,1679.5,2480.0,0.0,0.5297397769516728,0.47026022304832715,0.135661133371494,0.28248425872925015,0.34945621064682314,0.23239839725243275,0.5237366003062787
533,775.1745495495495,1.1891891891891893,5.288288288288288,11.35135135135135,1690.3783783783783,-0.3666103603603604,0.6047297297297297,0.5844594594594594,7.3592342342342345,1874.5,2290.0,0.007882882882882882,0.45045045045045046,0.5416666666666666,0.09104820198928845,0.45646518745218057,0.2956388676358072,0.1568477429227238,0.4914772727272727
534,760.2197213290461,0.6859592711682744,5.310825294748124,11.066452304394426,1636.0889603429796,2.273419078242229,0.36012861736334406,0.3258306538049303,7.526259378349411,1787.0,2140.0,0.03965702036441586,0.43729903536977494,0.5230439442658092,0.09399031614924523,0.42822557675875816,0.2980632298490459,0.17972087724295072,0.475
535,791.2570332480818,0.46547314578005117,5.624040920716112,11.46547314578005,1641.8772378516624,-1.2603580562659846,0.309462915601023,0.15601023017902813,6.190537084398977,1800.0,2139.0,0.0025575447570332483,0.45524296675191817,0.5421994884910486,0.10121875645527784,0.27246436686634995,0.3267919851270399,0.2995248915513324,0.33516483516483514
536,752.1282051282051,1.0078037904124861,4.812709030100335,10.41025641025641,1673.8060200668897,0.7540022296544036,0.5451505016722408,0.46265328874024525,7.186176142697882,1846.0,2160.0,0.016722408026755852,0.43701226309921964,0.5462653288740246,0.0905988209742476,0.4202606267452684,0.29227427862240146,0.19686627365808254,0.459070796460177
537,694.0065717415115,1.4238773274917853,5.687842278203724,12.373493975903614,1579.5991237677986,3.1887294633077765,0.5947426067907996,0.8291347207009858,7.443592552026287,1692.0,2135.6000000000004,0.05585980284775466,0.48083242059145676,0.4633077765607886,0.1002060035314891,0.43893466745144205,0.2698646262507357,0.19099470276633312,0.5823076923076923
538,707.4244712990936,0.9441087613293051,4.66012084592145,10.001510574018127,1686.0181268882175,-1.3450453172205437,0.4743202416918429,0.4697885196374622,5.953172205438066,1890.0,2140.0,0.0015105740181268882,0.4123867069486405,0.5861027190332326,0.10352702359807156,0.301192590713017,0.2831768586653134,0.31210352702359806,0.4976
539,665.2391304347826,1.2620137299771168,5.1521739130434785,10.922196796338673,1674.4279176201374,-1.3142906178489704,0.6716247139588101,0.5903890160183066,7.224256292906179,1809.5,2260.0,0.002288329519450801,0.45080091533180777,0.5469107551487414,0.08409882800126703,0.46689895470383275,0.24611973392461198,0.20288248337028825,0.46781504986400724
540,671.347137637028,1.2716199756394642,5.532277710109622,11.617539585870889,1627.4129110840438,1.552911084043849,0.6090133982947625,0.6626065773447016,7.183922046285018,1789.0,2177.0,0.028014616321559074,0.4701583434835566,0.5018270401948843,0.09223465581553068,0.4057307561885385,0.3233299423533401,0.1787046456425907,0.5210727969348659
541,652.0753846153846,1.0523076923076924,5.563076923076923,11.844615384615384,1656.563076923077,-0.38053846153846155,0.5738461538461539,0.47846153846153844,6.435384615384615,1803.5,2210.0,0.010769230769230769,0.47384615384615386,0.5153846153846153,0.11116423619411905,0.2811379392780301,0.36361463064786037,0.24408319387999045,0.4546783625730994
542,674.5532915360502,1.5626959247648904,5.117554858934169,10.54858934169279,1705.4811912225705,-1.271677115987461,0.8918495297805643,0.670846394984326,7.423197492163009,1905.5,2230.0,0.001567398119122257,0.42476489028213166,0.5736677115987461,0.09860641891891891,0.44172297297297297,0.3154560810810811,0.14421452702702703,0.4292878635907723
543,663.1802631578947,1.2526315789473683,4.8921052631578945,10.531578947368422,1687.4144736842106,3.5714736842105266,0.6539473684210526,0.5986842105263158,7.20921052631579,1889.0,2290.0,0.04736842105263158,0.4368421052631579,0.5157894736842106,0.09709801058587333,0.4186895418872057,0.3117357181967512,0.17247672933016975,0.47794117647058826
544,712.0433436532508,0.6130030959752322,4.764705882352941,9.622291021671826,1716.3839009287926,1.9856501547987617,0.28792569659442724,0.32507739938080493,6.643962848297214,1890.0,2190.0,0.02476780185758514,0.38544891640866874,0.5897832817337462,0.09855545200372787,0.3450605778191985,0.3103448275862069,0.24603914259086673,0.5303030303030303
545,687.4307479224377,0.9168975069252078,4.660664819944598,9.555401662049862,1762.8725761772853,-0.9288781163434903,0.46121883656509693,0.4556786703601108,7.096952908587258,1920.0,2339.0,0.006925207756232687,0.3587257617728532,0.6343490304709142,0.10441061670569868,0.44067135050741607,0.24687743950039032,0.20804059328649493,0.49697885196374625
546,681.3561253561254,0.9957264957264957,4.656695156695156,9.742165242165242,1730.9928774928776,2.370128205128205,0.5056980056980057,0.49002849002849,7.2250712250712255,1870.0,2280.0,0.03561253561253561,0.4017094017094017,0.5626780626780626,0.10508675078864353,0.3901813880126183,0.31545741324921134,0.1892744479495268,0.49213161659513593
547,659.5738007380074,1.2269372693726937,5.575645756457565,12.29889298892989,1663.9686346863468,0.4262730627306273,0.6143911439114391,0.6125461254612546,6.546125461254612,1777.0,2330.0,0.02214022140221402,0.4797047970479705,0.4981549815498155,0.12795941375422773,0.3339909808342728,0.28325817361894023,0.2547914317925592,0.4992481203007519
548,658.859375,1.078125,4.2046875,8.821875,1829.275,0.047999999999999966,0.63125,0.446875,7.2703125,1962.0,2460.3,0.0109375,0.3546875,0.634375,0.09069417580055877,0.4837739093058242,0.2437137330754352,0.18181818181818182,0.4144927536231884
549,695.1135483870968,0.9483870967741935,4.433548387096774,8.665806451612903,1750.6941935483871,0.9028516129032259,0.5277419354838709,0.4206451612903226,7.424516129032258,1920.0,2156.0,0.025806451612903226,0.37290322580645163,0.6012903225806452,0.0905457073340285,0.44230100799443867,0.2778936392075078,0.18925964546402502,0.4435374149659864
550,699.701317715959,0.986822840409956,4.717423133235725,9.70571010248902,1705.5724743777453,0.9772327964860908,0.6120058565153733,0.37481698389458273,6.30307467057101,1873.0,2168.000000000001,0.013177159590043924,0.3938506588579795,0.5929721815519766,0.10336817653890824,0.254123112659698,0.3718931475029036,0.2706155632984901,0.3798219584569733
551,723.1537585421412,0.9305239179954442,5.695899772209567,12.195899772209566,1658.3473804100229,-0.48013667425968115,0.4863325740318907,0.44419134396355353,7.2972665148063784,1797.0,2253.000000000001,0.011389521640091117,0.489749430523918,0.4988610478359909,0.08490713282347433,0.414858748244108,0.28624941470266896,0.21398470422974872,0.4773561811505508
552,747.8189944134078,0.7273743016759776,5.303910614525139,11.391061452513966,1633.6391061452514,0.9743016759776536,0.3642458100558659,0.36312849162011174,7.093854748603352,1820.0,2190.0,0.027932960893854747,0.43687150837988825,0.535195530726257,0.09450307134981886,0.40321310442589386,0.31233265081115136,0.18995117341313592,0.49923195084485406
553,783.6339522546419,0.9628647214854111,5.456233421750663,11.050397877984086,1685.3633952254643,-0.7233421750663129,0.4920424403183024,0.4708222811671088,6.913793103448276,1828.0,2267.0000000000005,0.007957559681697613,0.4761273209549072,0.5159151193633952,0.09783234222136965,0.29138691732207944,0.38097065029733357,0.22981009015921733,0.4889807162534435
554,768.4493742889647,0.7758816837315131,4.728100113765643,10.088737201365188,1696.778156996587,-0.7088623435722412,0.378839590443686,0.3970420932878271,7.604095563139932,1890.0,2172.0000000000005,0.010238907849829351,0.3993174061433447,0.590443686006826,0.08842010771992818,0.4622980251346499,0.2706463195691203,0.17863554757630162,0.5117302052785924
555,757.8502252252252,0.8355855855855856,5.023648648648648,10.838963963963964,1665.1587837837837,0.17872747747747753,0.40540540540540543,0.43018018018018017,7.587837837837838,1850.0,2176.5000000000005,0.02364864864864865,0.4222972972972973,0.5540540540540541,0.08474324725437815,0.40071237756010686,0.32249925794004153,0.19204511724547343,0.5148247978436657
556,785.509186351706,0.8792650918635171,5.329396325459317,11.08005249343832,1688.1653543307086,-1.431719160104987,0.4763779527559055,0.40288713910761154,6.460629921259843,1786.0,2223.6,0.0,0.473753280839895,0.526246719160105,0.09201706276660573,0.28377005890717044,0.34552102376599636,0.2786918545602275,0.4582089552238806
557,703.1525773195876,0.845360824742268,4.896907216494846,10.656701030927834,1667.4134020618558,-0.4191958762886598,0.38969072164948454,0.4556701030927835,7.293814432989691,1839.5,2170.0,0.01134020618556701,0.4195876288659794,0.5690721649484536,0.08310954063604241,0.4775971731448763,0.23081272084805654,0.20848056537102475,0.5390243902439025
558,698.0724324324324,1.025945945945946,4.598918918918919,9.288648648648648,1723.6432432432432,0.16832432432432431,0.4897297297297297,0.5362162162162162,7.558918918918919,1904.0,2159.2,0.018378378378378378,0.37513513513513513,0.6064864864864865,0.08867276887871854,0.43950228832951943,0.28518306636155605,0.18664187643020594,0.5226554267650158
559,770.0971922246221,0.8887688984881209,4.9514038876889845,10.278617710583154,1680.9524838012958,-1.2053455723542117,0.4773218142548596,0.4114470842332613,6.544276457883369,1850.0,2158.5,0.0032397408207343412,0.4449244060475162,0.5518358531317494,0.08003300330033003,0.30264026402640265,0.3305280528052805,0.2867986798679868,0.4629404617253949
560,697.9135977337111,1.1628895184135977,5.767705382436261,12.093484419263456,1647.7464589235128,-0.926770538243626,0.5552407932011332,0.6076487252124646,7.446175637393767,1786.5,2268.0,0.00424929178470255,0.4405099150141643,0.5552407932011332,0.09891573140574472,0.4510176906981168,0.27411070953015026,0.1759558683659882,0.5225334957369062
561,704.0445434298441,0.6614699331848553,4.992204899777283,11.005567928730512,1643.0824053452116,1.456815144766147,0.33964365256124723,0.321826280623608,7.405345211581292,1780.0,2200.0,0.024498886414253896,0.43207126948775054,0.5434298440979956,0.08601503759398496,0.42661654135338345,0.31894736842105265,0.16842105263157894,0.48653198653198654
562,770.2044728434505,0.8961661341853036,4.640575079872204,9.685303514376997,1752.468051118211,-1.3319009584664536,0.4472843450479233,0.4488817891373802,6.405750798722044,1887.5,2270.0,0.001597444089456869,0.41054313099041534,0.5878594249201278,0.10548628428927681,0.25885286783042394,0.3600997506234414,0.27556109725685785,0.5008912655971479
563,753.9338327091136,0.9887640449438202,4.68039950062422,9.384519350811486,1759.5680399500625,-1.209625468164794,0.5742821473158551,0.41448189762796506,7.200998751560549,1925.0,2282.0,0.0024968789013732834,0.40324594257178525,0.5942571785268415,0.09691400832177531,0.42215672676837723,0.3070388349514563,0.17389042995839113,0.41919191919191917
564,756.1466083150984,0.5218818380743983,4.160831509846827,8.457330415754923,1728.6301969365427,3.991312910284464,0.2603938730853392,0.2614879649890591,7.414660831509847,1904.0,2165.6000000000004,0.06345733041575492,0.3435448577680525,0.5929978118161926,0.09679799321233584,0.4153755348974473,0.312232551276376,0.17559392061384094,0.5010482180293501
565,688.0205655526993,0.5565552699228792,5.276349614395887,11.2853470437018,1653.9588688946014,1.093007712082262,0.32904884318766064,0.2275064267352185,5.961439588688946,1778.0,2286.6000000000013,0.02570694087403599,0.47429305912596403,0.5,0.10478654592496765,0.28395860284605434,0.28934885726606296,0.321905993962915,0.40877598152424943
566,678.8740359897172,1.1658097686375322,4.674807197943445,10.051413881748072,1768.0899742930592,-0.7676992287917738,0.5874035989717223,0.5784061696658098,6.598971722365039,1940.0,2470.0,0.006426735218508998,0.38303341902313626,0.6105398457583547,0.09213089209193612,0.36852356836774447,0.29314374756525124,0.24620179197506817,0.4961411245865491
567,701.2586750788644,0.9069400630914827,4.512618296529968,9.690851735015773,1715.0678233438487,1.375820189274448,0.4637223974763407,0.443217665615142,7.184542586750789,1902.0,2280.0,0.028391167192429023,0.3911671924290221,0.580441640378549,0.09374313940724478,0.4184412733260154,0.29637760702524696,0.19143798024149286,0.48869565217391303
568,741.0398671096345,0.6029900332225914,4.335548172757475,8.438538205980066,1755.8986710963454,-1.1443521594684385,0.3504983388704319,0.25249169435215946,6.191029900332226,1920.0,2139.0,0.0016611295681063123,0.3654485049833887,0.632890365448505,0.08317681781593775,0.29889991950630534,0.3101690367587872,0.30775422591896967,0.418732782369146
569,713.4979633401222,1.0957230142566192,4.975560081466395,11.220977596741344,1669.7627291242363,-1.374745417515275,0.4979633401221996,0.5977596741344195,6.956211812627291,1829.0,2279.0,0.0010183299389002036,0.4419551934826884,0.5570264765784114,0.08051529790660225,0.4252671643975992,0.26438296003513395,0.22983457766066462,0.5455390334572491
570,707.3864197530864,0.8901234567901235,5.133333333333334,10.762962962962963,1636.0913580246913,4.164975308641975,0.4,0.4901234567901235,7.379012345679012,1806.0,2150.0,0.05432098765432099,0.4246913580246914,0.5209876543209877,0.10255981261502425,0.3853103563660699,0.34114104065584744,0.1709887903630584,0.550624133148405
571,761.5874316939891,1.139344262295082,4.788251366120218,10.083333333333334,1717.9877049180327,-0.8480191256830601,0.5901639344262295,0.5491803278688525,6.508196721311475,1879.0,2235.3999999999996,0.01092896174863388,0.4248633879781421,0.5642076502732241,0.08921074727120067,0.27204030226700254,0.378463476070529,0.26028547439126787,0.48201438848920863
572,713.7233384853168,1.1267387944358578,4.885625965996909,10.145285935085008,1710.8701700154559,-1.2483307573415765,0.5857805255023184,0.5409582689335394,7.071097372488408,1860.0,2222.7999999999997,0.0030911901081916537,0.43585780525502316,0.5610510046367851,0.08371584699453552,0.4080874316939891,0.3158469945355191,0.1923497267759563,0.48010973936899864
573,645.4129901960785,0.8848039215686274,5.194852941176471,10.9375,1648.5919117647059,4.564607843137255,0.44607843137254904,0.4387254901960784,7.129901960784314,1832.5,2187.0,0.05759803921568627,0.4178921568627451,0.5245098039215687,0.0983155723616363,0.4018563080096253,0.3133379168099003,0.1864902028188381,0.49584487534626037
574,724.3696612665685,0.3873343151693667,4.885125184094257,10.382916053019146,1662.5272459499263,3.9448895434462443,0.23711340206185566,0.15022091310751104,6.5419734904270985,1820.0,2170.0,0.044182621502209134,0.4270986745213549,0.5287187039764359,0.10310670868977938,0.3183250787933363,0.33318325078793337,0.2453849617289509,0.38783269961977185
575,754.5321375186846,0.6278026905829597,4.645739910313901,9.77578475336323,1746.781763826607,-1.0759043348281017,0.37668161434977576,0.25112107623318386,6.883408071748879,1926.0,2310.0,0.004484304932735426,0.4020926756352765,0.593423019431988,0.10249728555917481,0.41715526601520087,0.24929424538545059,0.23105320304017374,0.4
576,706.6012658227849,0.8696202531645569,4.7215189873417724,9.769620253164558,1679.7974683544303,4.424088607594937,0.46329113924050636,0.40632911392405063,6.965822784810126,1857.0,2160.0,0.05949367088607595,0.42025316455696204,0.520253164556962,0.09140468835180811,0.37761221152098856,0.33218244593857893,0.1988006541886244,0.4672489082969432
577,675.9601328903655,1.3438538205980066,5.26578073089701,11.071428571428571,1660.637873754153,1.1840365448504984,0.6893687707641196,0.654485049833887,6.23421926910299,1824.0,2200.0,0.016611295681063124,0.44019933554817275,0.5431893687707641,0.11430855315747403,0.31574740207833735,0.2691180389022116,0.3008260058619771,0.48702101359703337
578,657.5381578947369,0.9447368421052632,5.102631578947369,10.728947368421053,1683.9131578947367,-0.9591184210526316,0.5131578947368421,0.43157894736842106,6.881578947368421,1864.0,2170.0,0.003947368421052632,0.425,0.5710526315789474,0.07782026768642447,0.4462715105162524,0.26080305927342257,0.21510516252390058,0.4568245125348189
579,650.9518518518519,2.0098765432098764,3.8950617283950617,8.587654320987655,1749.3037037037036,1.9009135802469135,1.037037037037037,0.9728395061728395,7.107407407407408,1960.0,2181.0,0.0345679012345679,0.3530864197530864,0.6123456790123457,0.08233454924439812,0.4214000347403161,0.2874761160326559,0.20878929998262985,0.48402948402948404
580,686.6965742251224,0.763458401305057,4.133768352365416,8.613376835236542,1752.8858075040782,-0.462463295269168,0.4110929853181077,0.3523654159869494,6.280587275693311,1920.0,2178.000000000001,0.008156606851549755,0.399673735725938,0.5921696574225123,0.09116883116883116,0.2825974025974026,0.37974025974025977,0.2464935064935065,0.46153846153846156
581,680.4916201117319,0.9874301675977654,4.744413407821229,10.184357541899441,1694.0935754189943,-1.2883379888268156,0.4692737430167598,0.5181564245810056,6.624301675977653,1894.5,2170.0,0.0013966480446927375,0.4106145251396648,0.5879888268156425,0.08538899430740038,0.3919460257221168,0.3031836390470167,0.21948134092346616,0.5247524752475248
582,716.2388489208633,0.8316546762589928,5.282014388489209,10.864748201438848,1660.008633093525,0.2641726618705036,0.38273381294964026,0.4489208633093525,6.58273381294964,1868.0,2150.0,0.02014388489208633,0.40431654676258993,0.5755395683453237,0.08961748633879782,0.38404371584699454,0.3422950819672131,0.18404371584699453,0.5397923875432526
583,675.1926040061634,1.086286594761171,5.1617873651771955,11.212634822804315,1670.9861325115562,0.4471494607087827,0.5331278890600925,0.5531587057010786,6.092449922958398,1800.0,2282.0000000000005,0.01386748844375963,0.44992295839753466,0.5362095531587057,0.09357612544258978,0.2541729893778452,0.39782498735457766,0.25442589782498737,0.5092198581560283
584,708.8469241773963,0.7296137339055794,4.523605150214593,9.339055793991417,1700.266094420601,0.9817453505007153,0.290414878397711,0.43919885550786836,6.9070100143061515,1914.0,2120.0,0.012875536480686695,0.3648068669527897,0.6223175965665236,0.08782104391052195,0.4233637116818558,0.29370339685169844,0.19511184755592378,0.6019607843137255
585,729.1261872455902,0.6268656716417911,4.367706919945726,9.207598371777475,1703.1289009497964,1.1218181818181818,0.3378561736770692,0.28900949796472186,7.085481682496608,1900.0,2140.0,0.028493894165535955,0.3894165535956581,0.582089552238806,0.10111068556108771,0.38778245882803525,0.32439678284182305,0.186710072769054,0.461038961038961
586,662.2200598802395,0.9401197604790419,4.763473053892215,10.546407185628743,1675.9865269461077,-0.4086676646706587,0.48502994011976047,0.4550898203592814,5.917664670658683,1840.0,2170.0,0.005988023952095809,0.4176646706586826,0.5763473053892215,0.10144194282823173,0.26309132304578803,0.3493549203136858,0.28611181381229445,0.4840764331210191
587,716.0078125,0.95703125,4.798177083333333,10.040364583333334,1676.1536458333333,-0.72640625,0.49609375,0.4609375,7.358072916666667,1880.0,2150.0,0.010416666666666666,0.3828125,0.6067708333333334,0.09945142452663246,0.47159794726597065,0.2319943372854362,0.1969562909219607,0.4816326530612245
588,693.390919158361,1.141749723145072,5.008859357696567,10.518272425249169,1647.5647840531562,1.1780287929125137,0.6135105204872646,0.5282392026578073,7.458471760797342,1833.0,2130.0,0.035437430786267994,0.4130675526024363,0.5514950166112956,0.10037119524870082,0.42345953971789163,0.2904231625835189,0.18574610244988865,0.4626576139670223
589,739.1948717948718,0.8641025641025641,4.744871794871795,9.712820512820512,1696.4692307692308,-1.4349102564102565,0.4717948717948718,0.3923076923076923,6.706410256410257,1894.0,2150.0,0.0,0.4076923076923077,0.5923076923076923,0.10074555534314662,0.3343528961957561,0.28942840757025423,0.27547314089084307,0.4540059347181009
590,726.231527093596,1.1157635467980296,5.278325123152709,10.93472906403941,1645.3423645320197,-0.3436330049261083,0.5615763546798029,0.5541871921182266,7.374384236453202,1840.0,2145.3999999999996,0.01600985221674877,0.45935960591133007,0.5246305418719212,0.09969939879759519,0.4559118236472946,0.2571810287241149,0.18720774883099534,0.4966887417218543
591,771.9562189054726,0.9651741293532339,5.116417910447761,10.612935323383084,1656.1223880597015,0.18418905472636818,0.4427860696517413,0.5223880597014925,7.687562189054726,1840.0,2140.0,0.023880597014925373,0.4298507462686567,0.5462686567164179,0.09849857623608595,0.4319181982914833,0.3121925964276469,0.15739062904478385,0.5412371134020618
592,760.0502092050209,1.0543933054393306,4.7196652719665275,9.789400278940027,1709.4811715481171,-1.2985774058577406,0.5244072524407253,0.5299860529986054,6.347280334728033,1889.0,2150.0,0.001394700139470014,0.41283124128312415,0.5857740585774058,0.0971215117556581,0.26697429136453527,0.34849483629971434,0.2874093605800923,0.5026455026455027
593,761.0973348783314,1.347624565469293,4.930475086906141,9.885283893395133,1730.3035921205098,-0.9897566628041716,0.645422943221321,0.7022016222479722,7.346465816917729,1880.0,2260.0,0.0034762456546929316,0.44380069524913096,0.5527230590961761,0.09211356466876972,0.42649842271293376,0.31182965299684545,0.1695583596214511,0.5210662080825451
594,750.6503428011753,1.1508325171400589,4.111655239960823,8.492654260528893,1715.4916748285993,3.999578844270323,0.574926542605289,0.5759059745347699,7.647404505386875,1910.0,2130.0,0.058765915768854066,0.3770812928501469,0.564152791380999,0.09054815573770492,0.43148053278688525,0.3087858606557377,0.16918545081967212,0.5004255319148936
595,786.8194622279129,0.7183098591549296,4.225352112676056,8.469910371318822,1773.5915492957747,-0.6900384122919335,0.36363636363636365,0.3546734955185659,6.325224071702945,1960.0,2195.0,0.005121638924455826,0.3713188220230474,0.6235595390524968,0.11295546558704453,0.27307692307692305,0.3,0.3139676113360324,0.49376114081996436
596,792.9702048417132,1.6657355679702048,4.88268156424581,9.75512104283054,1702.475791433892,-0.5823277467411546,0.8538175046554934,0.8119180633147114,7.062383612662942,1879.5,2140.0,0.006517690875232775,0.4301675977653631,0.5633147113594041,0.08015820698747528,0.416479894528675,0.2969017798286091,0.2064601186552406,0.4874231414197876
597,797.6548757170173,1.511472275334608,4.050669216061186,8.58795411089866,1720.7992351816445,2.1374760994263866,0.7170172084130019,0.7944550669216062,7.248565965583174,1920.0,2130.0,0.040152963671128104,0.37667304015296366,0.5831739961759083,0.08968609865470852,0.41677657610129254,0.2934581904510683,0.20007913479293063,0.5256166982922201
598,767.0480769230769,1.2163461538461537,4.5985576923076925,9.838942307692308,1684.8689903846155,-0.3335697115384616,0.5901442307692307,0.6262019230769231,6.230769230769231,1895.5,2140.0,0.008413461538461538,0.4230769230769231,0.5685096153846154,0.09587191358024691,0.3018904320987654,0.2872299382716049,0.3150077160493827,0.5148221343873518
599,754.1169317118803,0.9672591206735267,4.6445275958840035,10.18241347053321,1660.6314312441534,-0.8231057062675398,0.4976613657623948,0.4695977549111319,7.314312441534144,1870.0,2130.0,0.007483629560336763,0.4031805425631431,0.5893358278765201,0.07801509144391866,0.46246323059214733,0.25450824913671827,0.20501342882721577,0.48549323017408125
600,767.3654066437572,0.6723940435280642,4.617411225658648,9.41122565864834,1653.5234822451316,5.507239404352806,0.35738831615120276,0.3150057273768614,7.643757159221077,1850.0,2120.0,0.06300114547537228,0.39060710194730813,0.5463917525773195,0.10220290723812378,0.40131874719016936,0.32968679754233476,0.1667915480293721,0.4684838160136286
601,728.9551282051282,0.8611111111111112,4.130341880341881,8.773504273504274,1749.0438034188035,-0.6335042735042735,0.4391025641025641,0.422008547008547,6.502136752136752,1960.0,2150.0,0.008547008547008548,0.38995726495726496,0.6014957264957265,0.09924416694051923,0.28688793953335523,0.3363457114689451,0.27752218205718043,0.49007444168734493
602,730.3698630136986,0.6415525114155252,4.47945205479452,9.881278538812785,1664.2351598173516,-0.6475913242009133,0.3550228310502283,0.2865296803652968,7.404109589041096,1869.5,2110.0,0.00684931506849315,0.4143835616438356,0.5787671232876712,0.08803576934936787,0.43632439099599135,0.301572617946346,0.17406722170829478,0.44661921708185054
603,709.2257085020243,1.0182186234817814,4.337044534412955,9.531376518218623,1689.173076923077,1.256740890688259,0.5253036437246964,0.49291497975708504,7.469635627530365,1901.5,2142.3,0.03441295546558704,0.3876518218623482,0.5779352226720648,0.09024390243902439,0.4070460704607046,0.3178861788617886,0.18482384823848239,0.4840954274353877
604,756.4171301446052,0.8220244716351501,3.734149054505006,7.9610678531701895,1752.8921023359287,-0.30677419354838714,0.40600667408231367,0.41601779755283647,6.690767519466074,1940.0,2120.0,0.012235817575083427,0.39933259176863184,0.5884315906562848,0.08661679135494597,0.30689941812136323,0.3403158769742311,0.2661679135494597,0.5060893098782138
605,793.6778656126482,0.7302371541501976,4.073122529644269,9.004940711462451,1711.5711462450593,-1.3658399209486167,0.36462450592885376,0.36561264822134387,7.241106719367589,1928.5,2120.0,0.0009881422924901185,0.38438735177865613,0.6146245059288538,0.0855622270742358,0.43872816593886466,0.2663755458515284,0.20933406113537117,0.5006765899864682
606,753.1164383561644,1.9657534246575343,4.873287671232877,10.753424657534246,1622.763698630137,2.2594748858447486,1.028538812785388,0.9372146118721462,7.316210045662101,1801.5,2126.5,0.0365296803652968,0.4406392694063927,0.5228310502283106,0.09049773755656108,0.3771259166796692,0.3421750663129973,0.19020127945077236,0.47677119628339143
607,735.0280373831775,0.5245327102803738,4.632009345794392,10.56892523364486,1626.9007009345794,0.4438785046728972,0.2757009345794392,0.2488317757009346,6.267523364485982,1851.0,2120.0,0.02570093457943925,0.42990654205607476,0.544392523364486,0.09245107176141659,0.3038210624417521,0.29692451071761417,0.30680335507921713,0.47438752783964366
608,752.9881235154394,1.6223277909738718,4.134204275534442,9.017814726840855,1715.9228028503562,0.5485510688836105,0.827790973871734,0.7945368171021377,7.18646080760095,1940.0,2199.0,0.014251781472684086,0.39073634204275537,0.5950118764845606,0.08891092381424558,0.4956205585853578,0.21417947446703026,0.20128904313336637,0.48975109809663253
609,741.7610710607621,0.5777548918640577,4.2162718846549945,9.336766220391349,1681.6313079299691,0.36911431513903187,0.3161688980432544,0.2615859938208033,7.308959835221422,1910.0,2100.0,0.024716786817713696,0.3532440782698249,0.6220391349124614,0.09031985345920812,0.4111596449203889,0.30576299845004934,0.19275750317035367,0.45276292335115864
610,744.1605231866826,1.7110582639714624,4.423305588585018,9.230677764565993,1683.1070154577883,3.939643281807372,0.7586206896551724,0.9524375743162902,6.285374554102259,1881.0,2120.0,0.04280618311533888,0.3971462544589774,0.5600475624256838,0.09912977676882331,0.27809307604994327,0.360007567158532,0.26276958002270145,0.556636553161918
611,732.8242843040474,1.4284304047384009,4.204343534057256,8.901283316880553,1723.051332675222,-0.6855676209279369,0.7522211253701876,0.6762092793682132,7.184600197433366,1935.0,2130.0,0.005923000987166831,0.3998025666337611,0.5942744323790721,0.07584501236603462,0.41275075570211595,0.29651003022808464,0.21489420170376478,0.47339322736696615
612,747.8832976445397,2.1680942184154177,4.455032119914347,9.95610278372591,1660.507494646681,1.7412312633832976,1.0578158458244111,1.1102783725910064,6.832976445396145,1839.5,2120.0,0.046038543897216275,0.41220556745182013,0.5417558886509636,0.09103729238483234,0.3793481667188969,0.337511751801943,0.1921027890943278,0.5120987654320988
613,805.7754385964912,2.15906432748538,4.412865497076023,9.286549707602338,1709.4994152046784,0.5703040935672514,1.0596491228070175,1.0994152046783625,6.491228070175438,1886.0,2150.0,0.029239766081871343,0.4058479532163743,0.5649122807017544,0.10108108108108108,0.2763963963963964,0.36954954954954955,0.252972972972973,0.5092091007583965
614,791.0845213849287,1.9409368635437882,4.390020366598778,9.24949083503055,1697.806517311609,-0.4408044806517312,0.9582484725050916,0.9826883910386965,7.424643584521385,1880.0,2120.0,0.010183299389002037,0.40529531568228105,0.5845213849287169,0.08407625840076807,0.4416403785488959,0.28775202304210673,0.18653134000822932,0.506295907660021
615,790.2043868394816,1.181455633100698,4.593220338983051,9.765702891326022,1667.9122632103688,0.23339980059820536,0.5722831505483549,0.609172482552343,7.351944167497508,1837.0,2110.0,0.019940179461615155,0.43270189431704886,0.5473579262213359,0.0827230810957418,0.3992405749932194,0.33170599403308926,0.18633034987794955,0.5156118143459916
616,740.5747938751472,1.6030624263839812,4.703180212014134,9.802120141342757,1669.9681978798587,0.7409658421672555,0.8998822143698468,0.7031802120141343,6.19434628975265,1870.0,2150.0,0.020023557126030624,0.3934040047114252,0.5865724381625441,0.08708880015212017,0.2546111428028142,0.3605248146035368,0.2977752424415288,0.43864805290227776
617,743.0651428571429,0.92,4.798857142857143,10.333714285714287,1632.865142857143,0.5144685714285714,0.43885714285714283,0.48114285714285715,6.803428571428571,1835.0,2110.0,0.013714285714285714,0.4205714285714286,0.5657142857142857,0.08667898538551991,0.4239879052578532,0.2652444145808836,0.22408869477574334,0.5229813664596273
618,706.5604265402843,1.2002369668246446,5.381516587677726,11.143364928909953,1600.8898104265402,0.8416587677725119,0.5912322274881516,0.6090047393364929,7.291469194312796,1782.0,2090.0,0.02843601895734597,0.44549763033175355,0.5260663507109005,0.09522261943451414,0.413227169320767,0.30500487487812805,0.18654533636659085,0.5074037512339585
619,797.5456919060052,0.7323759791122716,4.894255874673629,10.425587467362924,1643.0613577023498,-1.3952610966057442,0.3838120104438642,0.34856396866840733,6.8877284595300265,1840.0,2100.0,0.0013054830287206266,0.45300261096605743,0.5456919060052219,0.08965125094768764,0.32278241091736165,0.32391963608794544,0.2636467020470053,0.47593582887700536
620,689.2615384615384,1.0251748251748252,6.3426573426573425,13.918881118881119,1506.2293706293706,-1.2542937062937063,0.45174825174825173,0.5734265734265734,7.002797202797203,1660.0,2086.0,0.005594405594405594,0.5384615384615384,0.45594405594405596,0.08348312362692231,0.44657479528659877,0.274216097463551,0.1957259836229279,0.5593451568894953
621,690.6842105263158,0.9620563035495716,5.7050183598531214,12.100367197062424,1564.905752753978,-0.05906976744186049,0.5055079559363526,0.4565483476132191,7.556915544675642,1703.0,2090.0,0.023255813953488372,0.4847001223990208,0.4920440636474908,0.08487204405571752,0.4193391642371234,0.3472627146096534,0.14852607709750568,0.47455470737913485
622,751.8493543758967,1.0157819225251077,5.008608321377332,10.868005738880917,1636.2955523672883,-1.3770444763271161,0.3931133428981349,0.6226685796269728,6.100430416068867,1798.0,2100.0,0.0028694404591104736,0.46915351506456243,0.5279770444763271,0.09877704609595485,0.2629350893697084,0.37793979303857006,0.2603480714957667,0.6129943502824858
623,694.2358845671267,1.1693851944792975,5.922208281053952,12.937264742785445,1530.7440401505646,-1.2627979924717692,0.5696361355081556,0.5997490589711418,7.215809284818068,1710.0,2070.0,0.0012547051442910915,0.5106649937264742,0.4880803011292346,0.08781081551034603,0.42757781255433835,0.3272474352286559,0.1573639367066597,0.5128755364806867
624,713.9103194103194,0.85995085995086,5.834152334152334,12.443488943488944,1538.4643734643735,0.7483415233415233,0.47788697788697787,0.3820638820638821,7.342751842751842,1700.0,2088.2000000000003,0.029484029484029485,0.5135135135135135,0.457002457002457,0.07779822653505103,0.39434498912497906,0.3508449054709721,0.17701187886899783,0.4442857142857143
625,766.5996978851964,0.9169184290030211,5.185800604229607,10.830815709969789,1632.1510574018127,-0.9771148036253777,0.3987915407854985,0.5181268882175226,6.009063444108762,1800.0,2110.0,0.010574018126888218,0.47583081570996977,0.513595166163142,0.10432378079436903,0.2594268476621418,0.33182503770739064,0.3044243338360985,0.5650741350906096
626,699.1197802197802,2.036263736263736,5.641758241758242,12.185714285714285,1582.1483516483515,-1.43,0.9747252747252747,1.0615384615384615,6.931868131868132,1760.0,2100.0,0.0,0.489010989010989,0.510989010989011,0.09036144578313253,0.3855421686746988,0.31594800253646166,0.20814838300570704,0.5213167835941717
627,738.2065217391304,1.3756038647342994,4.846618357487923,10.426328502415458,1619.8852657004832,3.2591425120772946,0.6509661835748792,0.7246376811594203,7.591787439613527,1808.0,2100.0,0.05676328502415459,0.40942028985507245,0.533816425120773,0.08860960865415209,0.43398027362392616,0.30369074132993956,0.17371937639198218,0.5267778753292361
628,766.2941919191919,1.3080808080808082,5.297979797979798,11.553030303030303,1606.253787878788,0.32210858585858576,0.6047979797979798,0.7032828282828283,6.609848484848484,1813.0,2117.6,0.016414141414141416,0.4532828282828283,0.5303030303030303,0.09761222540592168,0.3335243553008596,0.3052531041069723,0.2636103151862464,0.5376447876447876
629,722.8716683119447,0.7433366238894373,5.2013820335636725,11.047384007897335,1620.5350444225073,-1.3324185587364266,0.3761105626850938,0.36722606120434353,7.307996051332675,1810.0,2080.0,0.0009871668311944718,0.42645607107601186,0.5725567620927937,0.0778062947453735,0.42833986221801973,0.2773200054032149,0.21653383763339187,0.4940239043824701
630,734.4017372421281,1.1693811074918568,5.2225841476655805,11.277958740499457,1581.299674267101,3.4514657980456027,0.5407166123778502,0.6286644951140065,7.768729641693811,1732.0,2090.0,0.06406080347448426,0.44299674267100975,0.49294245385450597,0.09503843466107617,0.42627533193570927,0.343256464011181,0.13542976939203355,0.5376044568245125
631,736.2522996057819,0.7293035479632063,5.036793692509855,10.390275952693823,1652.3508541392905,-0.6204993429697767,0.36662286465177396,0.36268068331143233,6.741130091984231,1879.0,2110.0,0.010512483574244415,0.4480946123521682,0.5413929040735874,0.08382066276803118,0.3226120857699805,0.36062378167641324,0.23294346978557504,0.4972972972972973
632,720.0579531442663,1.0468557336621456,5.508014796547473,11.826140567200987,1600.7459926017264,-1.175141800246609,0.5166461159062885,0.530209617755857,6.99383477188656,1786.0,2100.0,0.004932182490752158,0.499383477188656,0.4956843403205919,0.08744710860366714,0.40796897038081803,0.32492947813822287,0.17965444287729196,0.5064782096584217
633,718.707656612529,1.4129930394431554,4.646171693735499,9.639211136890951,1678.5359628770302,2.8231786542923434,0.7296983758700696,0.6832946635730859,7.199535962877031,1885.0,2150.0,0.042923433874709975,0.41415313225058004,0.54292343387471,0.08185626812761844,0.39171769255559136,0.35368997744118597,0.17273606187560425,0.48357963875205257
634,728.6970474967908,0.7817715019255456,3.958921694480103,7.934531450577664,1753.374839537869,0.5498074454428754,0.36585365853658536,0.4159178433889602,6.793324775353017,1960.0,2132.2000000000003,0.01668806161745828,0.3581514762516046,0.6251604621309371,0.09070294784580499,0.32671957671957674,0.3463718820861678,0.23620559334845048,0.5320197044334976
635,754.2247446083995,1.0590238365493758,4.131668558456299,8.523269012485812,1736.3076049943247,-0.3098297389330307,0.48354143019296253,0.5754824063564131,7.113507377979569,1930.0,2120.0,0.01021566401816118,0.40068104426787743,0.5891032917139614,0.09637785224190203,0.4305090154779001,0.2723791287697463,0.20073400351045156,0.5434083601286174
636,767.3432835820895,0.8592750533049041,4.686567164179104,9.584221748400854,1675.047974413646,1.819818763326226,0.41044776119402987,0.4488272921108742,6.948827292110874,1866.5,2115.2000000000003,0.03624733475479744,0.417910447761194,0.5458422174840085,0.08422829088677508,0.36744400122737036,0.3478060754832771,0.20052163240257748,0.5223325062034739
637,787.6062176165804,1.4080310880829014,5.2072538860103625,10.742227979274611,1639.208549222798,1.9872409326424871,0.6619170984455959,0.7461139896373057,6.295336787564767,1809.5,2150.0,0.027202072538860103,0.4261658031088083,0.5466321243523317,0.09567901234567901,0.30020576131687243,0.3037037037037037,0.3004115226337449,0.5298988040478381
638,747.9148694665154,1.3496027241770716,5.308740068104427,10.940976163450625,1652.9262202043133,-1.2981498297389331,0.6356413166855845,0.713961407491487,7.091940976163451,1820.0,2140.0,0.0022701475595913734,0.4642451759364359,0.5334846765039728,0.08530729833546735,0.46094750320102434,0.23815620998719592,0.21558898847631242,0.5290159798149706
639,741.2257085020243,0.8066801619433198,5.020242914979757,10.148785425101215,1650.6761133603238,1.0058805668016193,0.3775303643724696,0.4291497975708502,7.479757085020243,1840.5,2100.0,0.027327935222672066,0.4423076923076923,0.5303643724696356,0.08538565629228688,0.42286874154262516,0.3136671177266576,0.1780784844384303,0.5319949811794228
640,781.9483443708609,0.7258278145695364,5.535099337748345,11.429139072847683,1586.4529801324504,2.7361589403973507,0.423841059602649,0.3019867549668874,6.813245033112583,1740.0,2100.0,0.033112582781456956,0.4768211920529801,0.4900662251655629,0.10303265940902022,0.2925738724727838,0.37422239502332816,0.2301710730948678,0.41605839416058393
641,806.7282608695652,0.9950592885375494,4.801383399209486,9.544466403162055,1702.0088932806325,-0.9042292490118576,0.4140316205533597,0.5810276679841897,7.361660079051384,1899.5,2130.0,0.0029644268774703555,0.41798418972332013,0.5790513833992095,0.07946308724832214,0.4319463087248322,0.2986577181208054,0.18993288590604027,0.5839126117179742
642,780.5542676501581,0.9599578503688093,5.28872497365648,10.950474183350895,1616.5036880927291,1.969504741833509,0.4773445732349842,0.48261327713382507,7.104320337197049,1797.0,2110.0,0.0410958904109589,0.46680716543730244,0.49209694415173866,0.08988430732720261,0.384752299021062,0.33536042717294573,0.19000296647878967,0.5027442371020856
643,796.4866504854369,1.0643203883495145,5.094660194174757,10.45752427184466,1664.860436893204,-0.6229247572815534,0.4854368932038835,0.5788834951456311,6.650485436893204,1851.0,2121.4,0.014563106796116505,0.4368932038834951,0.5485436893203883,0.09507299270072993,0.2782846715328467,0.38065693430656933,0.245985401459854,0.5438996579247435
644,771.4034205231388,0.5432595573440644,5.775653923541247,12.20523138832998,1577.8953722334004,-1.4599195171026158,0.24446680080482897,0.2987927565392354,7.30784708249497,1720.5,2090.0,0.002012072434607646,0.5231388329979879,0.47484909456740443,0.08039647577092511,0.4408039647577093,0.2729900881057269,0.20580947136563876,0.55
645,762.1302564102564,1.2307692307692308,5.345641025641026,11.553846153846154,1611.08,-0.3282769230769231,0.5692307692307692,0.6615384615384615,7.305641025641026,1769.0,2120.0,0.018461538461538463,0.49846153846153846,0.48307692307692307,0.09027095325003509,0.382563526603959,0.33033834058683137,0.1968271795591745,0.5375
646,715.200488997555,0.8875305623471883,5.106356968215159,10.89119804400978,1642.674816625917,-1.4072249388753055,0.4070904645476773,0.480440097799511,6.096577017114915,1829.5,2120.0,0.0,0.4731051344743276,0.5268948655256723,0.08802887507519551,0.23882093442951674,0.3671546019651093,0.30599558853017844,0.5413223140495868
647,713.1706443914081,0.918854415274463,6.08472553699284,13.436754176610979,1524.5107398568018,-0.9928997613365155,0.47494033412887826,0.4439140811455847,7.138424821002387,1644.0,2090.0,0.011933174224343675,0.5405727923627685,0.44749403341288785,0.08274824473420261,0.45068538950183884,0.26028084252758277,0.2062855232363758,0.4831168831168831
648,737.1575091575091,0.9291819291819292,5.289377289377289,11.455433455433456,1579.3272283272283,2.988131868131868,0.4358974358974359,0.4932844932844933,7.452991452991453,1780.0,2112.0000000000005,0.042735042735042736,0.48717948717948717,0.4700854700854701,0.09469200524246396,0.4110419397116645,0.2983289646133683,0.19593709043250326,0.5308804204993429
649,757.433789954338,1.134703196347032,5.656392694063927,12.511415525114156,1581.8801369863013,-0.4612328767123289,0.6426940639269406,0.4920091324200913,6.591324200913242,1733.5,2140.0,0.0091324200913242,0.5171232876712328,0.4737442922374429,0.08590232074818151,0.3103567717353654,0.3514028403186699,0.2523380671977832,0.4336016096579477
650,767.7938388625593,1.0248815165876777,5.4940758293838865,11.986966824644549,1584.3092417061612,-0.6290758293838863,0.504739336492891,0.5201421800947867,7.492890995260663,1762.0,2100.0,0.008293838862559242,0.49881516587677727,0.4928909952606635,0.08791903858317521,0.459044908285895,0.275932953826692,0.17710309930423782,0.507514450867052
651,759.9814814814815,1.9742798353909465,5.116255144032922,10.662551440329219,1676.593621399177,1.2234053497942388,0.9012345679012346,1.073045267489712,7.407407407407407,1844.5,2260.0,0.0411522633744856,0.4444444444444444,0.51440329218107,0.09930555555555555,0.41805555555555557,0.32166666666666666,0.1609722222222222,0.5435122459614382
652,752.1099873577749,1.4627054361567635,5.3919089759797725,11.579013906447535,1668.2250316055627,-1.0819342604298356,0.7838179519595448,0.6788874841972187,6.185840707964601,1801.0,2310.0,0.0050568900126422255,0.4715549936788875,0.5233881163084703,0.10606989576946659,0.2795830778663397,0.34355201307991007,0.2707950132842837,0.4641313742437338
653,725.7571234735414,1.2469470827679783,5.552238805970149,11.881953867028495,1641.0610583446405,-1.4635142469470825,0.5685210312075983,0.6784260515603799,7.487109905020353,1830.0,2244.0,0.0013568521031207597,0.4925373134328358,0.5061058344640434,0.08861906487857919,0.4304095686843059,0.317325117796303,0.1636462486408119,0.544069640914037
654,710.2207931404073,0.7738478027867095,5.285101822079314,11.442658092175778,1611.4372990353697,0.21256162915326904,0.3558413719185423,0.4180064308681672,7.222936763129689,1799.0,2124.0000000000005,0.01607717041800643,0.4630225080385852,0.5209003215434084,0.07894346342187268,0.40035613592521146,0.33951624870158775,0.1811841519513281,0.5401662049861495
655,722.004329004329,1.121212121212121,5.956709956709957,12.562770562770563,1616.6204906204907,-1.5277777777777777,0.5252525252525253,0.5959595959595959,6.036075036075036,1835.0,2210.0,0.0,0.49927849927849927,0.5007215007215007,0.10160172125268946,0.2648816638775998,0.31341142720535503,0.32010518766435575,0.5315315315315315
656,699.1682953311617,1.6330076004343106,6.144408251900108,12.838219326818676,1619.5450597176982,-1.0731270358306189,0.750271444082519,0.8827361563517915,6.993485342019544,1741.0,2330.0,0.006514657980456026,0.4733984799131379,0.5200868621064061,0.08771929824561403,0.3980748331004502,0.30631889458158673,0.20788697407234902,0.5405585106382979
657,689.4302325581396,1.7251585623678647,6.413319238900634,14.047568710359409,1500.3509513742072,2.8618604651162793,0.8171247357293869,0.9080338266384778,7.261099365750528,1593.5,2110.0,0.0507399577167019,0.5232558139534884,0.4260042283298097,0.09928665016741883,0.45814529043528895,0.24181103508516524,0.20075702431212694,0.5263480392156863
658,735.435761589404,1.4582781456953642,5.7947019867549665,12.317880794701987,1609.7960264900662,0.13460927152317875,0.7615894039735099,0.6966887417218544,6.500662251655629,1770.0,2140.0,0.013245033112582781,0.4900662251655629,0.4966887417218543,0.10452322738386308,0.3147921760391198,0.29788101059494704,0.2828035859820701,0.47774750227066304
659,705.1039215686275,1.3176470588235294,5.287254901960784,11.397058823529411,1645.4196078431373,-1.0681274509803922,0.6607843137254902,0.6568627450980392,7.5931372549019605,1830.0,2220.0,0.00392156862745098,0.4715686274509804,0.5245098039215687,0.0775984506132989,0.4582311168495804,0.25990961910910265,0.20426081342801808,0.49851190476190477
660,693.4443194600675,0.7952755905511811,5.983127109111361,13.22384701912261,1524.5208098987628,4.3042182227221595,0.3655793025871766,0.4296962879640045,7.424071991001125,1636.0,2110.0,0.07086614173228346,0.5196850393700787,0.4094488188976378,0.09772727272727273,0.4215151515151515,0.31287878787878787,0.16787878787878788,0.5403111739745403
661,717.8674556213018,1.0437869822485206,5.10887573964497,10.827218934911242,1693.2236686390534,-0.5241420118343195,0.5597633136094674,0.4840236686390533,6.5065088757396445,1851.0,2202.4,0.010650887573964497,0.48994082840236686,0.49940828402366866,0.09276100400145508,0.3019279738086577,0.34030556566024006,0.26500545652964713,0.463718820861678
662,673.3123359580053,0.8937007874015748,5.813648293963254,12.366141732283465,1591.481627296588,-0.5126509186351705,0.4199475065616798,0.473753280839895,7.3700787401574805,1750.5,2127.2,0.011811023622047244,0.5091863517060368,0.479002624671916,0.09544159544159544,0.43839031339031337,0.3108974358974359,0.15527065527065528,0.5301027900146843
663,717.2845714285714,0.8788571428571429,5.574857142857143,11.626285714285714,1587.1497142857143,3.711725714285714,0.456,0.4228571428571429,7.6,1762.0,2110.0,0.05714285714285714,0.5085714285714286,0.4342857142857143,0.10165413533834586,0.4270676691729323,0.3275187969924812,0.14375939849624061,0.4811443433029909
664,781.60024600246,1.1894218942189423,5.396063960639607,11.0,1638.3677736777367,-0.5185731857318574,0.5854858548585485,0.6039360393603936,6.640836408364084,1830.0,2120.0,0.008610086100861008,0.4784747847478475,0.5129151291512916,0.10001852194850898,0.3178366364141508,0.33191331728097795,0.2502315243563623,0.5077559462254395
665,735.1251422070535,1.9351535836177474,5.712172923777019,12.080773606370876,1624.8282138794084,-1.2404550625711037,0.8907849829351536,1.0443686006825939,7.205915813424346,1772.0,2193.6000000000004,0.006825938566552901,0.4960182025028441,0.49715585893060293,0.09693716450899906,0.4330596779286391,0.2666561414587938,0.20334701610356803,0.5396825396825397
666,751.0108342361864,1.704225352112676,5.226435536294691,11.217768147345613,1636.9837486457204,2.8245828819068257,0.9501625135427952,0.7540628385698809,7.303358613217768,1780.0,2153.2000000000003,0.044420368364030335,0.47670639219934996,0.4788732394366197,0.09034267912772585,0.37175493250259606,0.34638777629431833,0.19151461207535975,0.4424666242848061
667,745.9386590584879,1.9600570613409416,5.931526390870186,12.2339514978602,1630.1982881597717,3.477817403708987,0.9957203994293866,0.9643366619115549,6.570613409415121,1730.0,2330.0,0.037089871611982884,0.48359486447931527,0.4793152639087018,0.11832392531480677,0.35236647850629615,0.28006947459834997,0.24924012158054712,0.49199417758369723
668,692.540606060606,1.564848484848485,6.010909090909091,12.673939393939394,1606.0666666666666,-1.0757454545454546,0.7903030303030303,0.7745454545454545,7.712727272727273,1777.0,2168.4,0.009696969696969697,0.48363636363636364,0.5066666666666667,0.09445230237309445,0.49237780920949237,0.22363664937922365,0.18953323903818953,0.4949651432997676
669,771.9236111111111,1.4464285714285714,5.060515873015873,10.265873015873016,1697.7251984126983,0.8009325396825397,0.7311507936507936,0.7152777777777778,7.7023809523809526,1860.0,2280.0,0.027777777777777776,0.42757936507936506,0.5446428571428571,0.08165893869139619,0.4366306027820711,0.3101494075218959,0.17156105100463678,0.4945130315500686
670,752.8755364806867,1.1917024320457796,6.2560801144492135,12.701001430615165,1587.5092989985694,0.4779542203147353,0.65379113018598,0.5379113018597997,6.798283261802575,1720.0,2150.0,0.020028612303290415,0.5321888412017167,0.44778254649499283,0.09659090909090909,0.31586700336700335,0.37415824915824913,0.21338383838383837,0.45138055222088835
671,731.2662662662663,1.8288288288288288,5.58058058058058,12.05905905905906,1669.7297297297298,-1.4772072072072073,0.9159159159159159,0.9129129129129129,7.255255255255255,1860.0,2350.0,0.0,0.47647647647647645,0.5235235235235235,0.07960816777041943,0.42508278145695366,0.3080849889624724,0.18722406181015452,0.49917898193760263
672,730.4043126684636,1.5606469002695418,5.498652291105121,11.609164420485175,1652.121293800539,2.0945283018867924,0.7237196765498652,0.8369272237196765,7.39622641509434,1800.0,2270.0,0.03234501347708895,0.4811320754716981,0.4865229110512129,0.10276967930029154,0.40397230320699706,0.3482142857142857,0.14504373177842567,0.5362694300518135
673,771.0066666666667,2.0946666666666665,5.509333333333333,11.538666666666666,1668.3053333333332,-0.5187866666666667,0.968,1.1266666666666667,6.910666666666667,1840.0,2220.0,0.012,0.49733333333333335,0.49066666666666664,0.10437970287478295,0.3177696314875555,0.3810534439513795,0.19679722168628208,0.5378739656269892
674,743.3847715736041,2.0111675126903554,5.306598984771574,11.37258883248731,1668.6345177664975,-0.12870050761421323,0.983756345177665,1.0274111675126905,7.424365482233503,1812.0,2270.0,0.009137055837563452,0.4639593908629442,0.5269035532994923,0.0851907561876111,0.4528921099412006,0.2766306577328046,0.1852864761383837,0.5108531044926805
675,742.500553709856,1.541528239202658,5.965669988925803,12.476190476190476,1577.6112956810632,1.8592469545957917,0.7840531561461794,0.7574750830564784,7.341085271317829,1675.0,2130.0,0.035437430786267994,0.512735326688815,0.45182724252491696,0.09654548197314829,0.4104691507014633,0.3149796349373963,0.17800573238799217,0.49137931034482757
676,739.3096960926194,2.3227206946454415,6.027496382054993,13.0,1595.9015918958032,-0.9080028943560059,1.1852387843704775,1.1374819102749638,6.811866859623733,1716.0,2170.0,0.008683068017366137,0.5123010130246021,0.47901591895803186,0.1183343955810495,0.2944550669216061,0.35096664542171235,0.23624389207563204,0.4897196261682243
677,730.1125401929261,1.6816720257234727,5.756698821007503,12.465166130760986,1619.1211146838157,-1.0740085744908896,0.7963558413719185,0.8853161843515541,7.327974276527331,1790.0,2245.2000000000003,0.007502679528403001,0.5112540192926045,0.4812433011789925,0.08702647359953196,0.4718443761883867,0.258446687143484,0.18268246306859734,0.5264499681325685
678,756.4180722891566,1.1879518072289157,6.079518072289156,12.383132530120482,1575.4265060240964,2.6136024096385544,0.6060240963855422,0.5819277108433735,7.869879518072289,1690.0,2120.0,0.04819277108433735,0.5024096385542168,0.4493975903614458,0.09629516227801592,0.45529699938763013,0.28061849357011637,0.1677893447642376,0.4898580121703854
679,786.3649484536082,1.234020618556701,5.680412371134021,12.40618556701031,1620.1742268041237,-0.9184948453608248,0.6422680412371135,0.5917525773195876,6.681443298969072,1780.0,2230.7000000000003,0.007216494845360825,0.48041237113402063,0.5123711340206185,0.07807437123900633,0.33297330658848945,0.3533405338682302,0.23561178830427404,0.47953216374269003
680,810.1993392070484,2.1299559471365637,5.76431718061674,11.991189427312776,1651.329295154185,-0.6316519823788546,1.0352422907488987,1.0947136563876652,7.1607929515418505,1800.0,2263.000000000001,0.007709251101321586,0.4856828193832599,0.5066079295154186,0.08397416179637035,0.44109504767763763,0.2914487849892341,0.18348200553675792,0.5139607032057911
681,750.7391742195367,2.090634441087613,5.81067472306143,12.404833836858007,1622.3796576032225,2.6641591137965763,1.0483383685800605,1.042296072507553,7.79154078549849,1781.0,2297.2000000000007,0.054380664652567974,0.4874118831822759,0.45820745216515607,0.09060359312394985,0.4356985911852139,0.33359183145922194,0.14010598423161433,0.4985549132947977
682,792.1177304964539,2.3617021276595747,5.723404255319149,11.795744680851064,1711.882269503546,-0.9678865248226951,1.1971631205673758,1.1645390070921986,6.950354609929078,1830.0,2486.0,0.011347517730496455,0.4723404255319149,0.5163120567375886,0.11510204081632654,0.3310204081632653,0.36122448979591837,0.1926530612244898,0.49309309309309307
683,785.2238307349666,1.5968819599109132,5.424276169265033,11.328507795100222,1701.826280623608,-0.8852227171492204,0.7962138084632516,0.8006681514476615,7.879732739420936,1851.5,2395.700000000001,0.0077951002227171495,0.4610244988864143,0.5311804008908686,0.08578292820802713,0.45647258338044094,0.32066139061616733,0.13708309779536462,0.50139470013947
684,771.0508646998983,1.081383519837233,5.269582909460834,10.808748728382502,1655.3194303153612,2.466998982706002,0.5320447609359105,0.5493387589013224,7.698880976602238,1853.0,2130.0,0.03967446592065107,0.44252288911495424,0.5178026449643948,0.09328752642706131,0.4349894291754757,0.3031183932346723,0.1686046511627907,0.5079962370649106
685,823.5492788461538,1.8449519230769231,5.466346153846154,11.471153846153847,1676.342548076923,0.18415865384615385,0.9206730769230769,0.9242788461538461,6.618990384615385,1831.0,2339.0,0.018028846153846152,0.4699519230769231,0.5120192307692307,0.1038678046123116,0.30851643362992553,0.32631196658797895,0.2613037951697839,0.5009771986970684
686,801.25,2.41015625,5.6611328125,11.8017578125,1692.125,-0.49581054687500004,1.2216796875,1.1884765625,7.3515625,1825.5,2448.8,0.009765625,0.4638671875,0.5263671875,0.09019659936238045,0.41511689691817216,0.3099096705632306,0.1847768331562168,0.4931118314424635
687,761.423118865867,1.841875681570338,6.4743729552889855,13.334787350054526,1567.4034896401308,2.8738713195201746,0.8473282442748091,0.9945474372955289,7.497273718647764,1649.0,2224.0,0.03925845147219193,0.5125408942202835,0.44820065430752454,0.08494545454545455,0.4522181818181818,0.2882909090909091,0.17454545454545456,0.5399644760213144
688,752.6545682102628,1.541927409261577,5.274092615769712,11.09261576971214,1647.9374217772215,0.11486858573216518,0.7021276595744681,0.8397997496871089,6.802252816020025,1826.0,2142.0000000000005,0.015018773466833541,0.4881101376720901,0.49687108886107634,0.09714811407543698,0.3560257589696412,0.3155473781048758,0.231278748850046,0.5446428571428571
689,767.8826923076923,1.6134615384615385,5.399038461538462,11.557692307692308,1632.7663461538461,-1.1016923076923077,0.7875,0.8259615384615384,7.611538461538461,1813.0,2161.0,0.0028846153846153848,0.46923076923076923,0.5278846153846154,0.07251136937847398,0.44479535118746844,0.28612935826174835,0.19656392117230925,0.5119189511323003
690,768.3214285714286,1.8525345622119815,5.169354838709677,10.67741935483871,1668.410138248848,5.848917050691244,0.880184331797235,0.9723502304147466,7.6463133640553,1830.0,2320.0,0.06912442396313365,0.4423963133640553,0.48847926267281105,0.09582642760283261,0.44613530209431973,0.31505198131686,0.14298628898598764,0.5248756218905473
691,804.0984204131228,3.703523693803159,5.5771567436208995,11.019441069258809,1697.6828675577158,1.4052004860267315,1.8092345078979344,1.8942891859052249,7.066828675577157,1814.0,2320.0,0.026731470230862697,0.4641555285540705,0.5091130012150669,0.09422283356258597,0.35316368638239337,0.3614167812929849,0.19119669876203577,0.511482939632546
692,803.4277180406212,4.088410991636798,5.519713261648746,11.365591397849462,1700.604540023895,-1.2798805256869772,1.961768219832736,2.126642771804062,7.4097968936678615,1850.0,2374.0,0.0035842293906810036,0.45041816009557945,0.5459976105137395,0.09255079006772009,0.4440503063527894,0.3216704288939052,0.1417284746855853,0.5201636469900643
693,775.5844004656577,3.082654249126892,4.850989522700815,10.544819557625145,1674.9569266589058,2.0955296856810244,1.4016298020954598,1.681024447031432,7.778812572759022,1861.0,2226.0,0.03841676367869616,0.44237485448195574,0.519208381839348,0.09069140975755761,0.42412451361867703,0.325351691110446,0.15983238551331935,0.5453172205438066
694,825.1571428571428,1.3020408163265307,4.812244897959184,10.206122448979592,1679.211224489796,1.1055204081632652,0.6928571428571428,0.6091836734693877,6.6846938775510205,1870.0,2140.0,0.022448979591836733,0.42448979591836733,0.5530612244897959,0.08258281178446039,0.3043810105327431,0.3556708899404671,0.2573652877423294,0.46786833855799376
695,776.1287128712871,1.6534653465346534,5.140594059405941,10.783168316831683,1710.3079207920791,-0.9576138613861387,0.7752475247524753,0.8782178217821782,7.227722772277228,1858.0,2331.0,0.006930693069306931,0.4267326732673267,0.5663366336633663,0.08643835616438356,0.4316438356164384,0.2741095890410959,0.2078082191780822,0.5311377245508982
696,791.0439121756488,1.8013972055888223,5.212574850299402,10.903193612774452,1655.6676646706587,4.318483033932136,0.8303393213572854,0.9710578842315369,7.579840319361278,1828.5,2220.0,0.05688622754491018,0.405189620758483,0.5379241516966068,0.09374588545095458,0.40210664911125743,0.3369321922317314,0.1672152732060566,0.5390581717451524
697,776.8821192052981,3.152317880794702,5.572185430463576,11.719205298013245,1686.0251655629138,1.012384105960265,1.5655629139072849,1.5867549668874172,6.929801324503312,1840.0,2390.0,0.022516556291390728,0.4423841059602649,0.5350993377483444,0.1022553516819572,0.35397553516819574,0.3144113149847095,0.22935779816513763,0.5033613445378151
698,782.0465872156013,2.1787648970747564,5.492957746478873,11.823401950162513,1669.1343445287107,-1.506489707475623,1.0650054171180932,1.113759479956663,7.541711809317444,1816.0,2310.0,0.0021668472372697724,0.48212351029252437,0.5157096424702059,0.0863381698031892,0.47622468036201693,0.25700330412297084,0.18043384571182303,0.5111884634510194
699,782.1492146596859,2.2521815008726005,4.694589877835951,9.842059336823734,1729.912739965096,1.3471204188481676,1.1343804537521816,1.117801047120419,7.513089005235602,1910.0,2340.0,0.027923211169284468,0.4293193717277487,0.5427574171029669,0.07897793263646923,0.43577235772357725,0.3091753774680604,0.17607433217189314,0.49631925610228594
700,827.6081677704194,2.2660044150110377,4.551876379690949,9.616997792494482,1733.6655629139073,1.3808388520971302,1.0927152317880795,1.1732891832229582,6.483443708609271,1911.0,2275.0,0.017660044150110375,0.4205298013245033,0.5618101545253863,0.08580183861082738,0.28600612870275793,0.37470207694926794,0.2534899557371467,0.5177788602045786
701,747.9138405132906,2.936755270394134,5.054078826764436,10.571035747021082,1747.0018331805684,0.60012832263978,1.4042163153070577,1.532538955087076,7.285059578368469,1890.0,2460.0,0.015582034830430797,0.41154903758020167,0.5728689275893676,0.07851031706089583,0.4228736789129341,0.31504781077000504,0.18356819325616508,0.5218476903870163
702,783.7668845315904,2.94880174291939,4.929193899782135,10.405228758169935,1697.6002178649237,3.9263071895424835,1.4411764705882353,1.5076252723311547,7.619825708061002,1841.5,2320.0,0.05119825708061002,0.4400871459694989,0.5087145969498911,0.09077912794853467,0.41972837741243746,0.3268048606147248,0.16268763402430308,0.5112670853343184
703,783.7909790979098,1.7458745874587458,4.99009900990099,10.551155115511552,1691.7997799779978,1.2077777777777776,0.8668866886688669,0.878987898789879,6.82068206820682,1881.0,2226.0,0.030803080308030802,0.42024202420242024,0.5489548954895489,0.10274193548387096,0.29758064516129035,0.36612903225806454,0.2335483870967742,0.5034656584751103
704,762.0890804597701,1.78544061302682,5.160919540229885,10.710727969348659,1703.6791187739464,0.20196360153256698,0.882183908045977,0.9032567049808429,7.382183908045977,1839.5,2320.0,0.013409961685823755,0.4185823754789272,0.5680076628352491,0.08239263007655379,0.4628260023355391,0.2707927857791618,0.1839885818087453,0.505901287553648
705,786.7723258096173,1.6859666339548578,5.113837095191364,10.939156035328754,1678.4190382728166,2.4093817468105985,0.8694798822374877,0.81648675171737,7.59568204121688,1839.0,2290.0,0.03729146221786065,0.4337585868498528,0.5289499509322866,0.09250645994832041,0.41188630490956074,0.31304909560723515,0.18255813953488373,0.4842840512223516
706,815.5944503735326,2.176093916755603,5.592315901814301,11.76307363927428,1660.6766275346852,0.7757737459978656,1.0576307363927429,1.1184631803628602,6.387406616862327,1749.0,2314.6,0.016008537886873,0.4727854855923159,0.5112059765208111,0.0985797827903091,0.29039264828738515,0.329156223893066,0.2818713450292398,0.5139774399215301
707,765.0042060988433,2.14931650893796,5.054679284963196,10.808622502628811,1690.955835962145,-0.9204206098843322,1.1345951629863302,1.0147213459516298,7.594111461619348,1847.0,2220.0,0.008412197686645636,0.444794952681388,0.5467928496319664,0.08557186374965384,0.45347549155358624,0.2640542785931875,0.19689836610357242,0.47211350293542076
708,748.4499461786868,1.9483315392895586,5.648008611410118,12.106566200215285,1592.2023681377825,3.1798708288482236,0.9817007534983854,0.9666307857911733,7.543595263724435,1724.0,2170.0,0.04305705059203445,0.4488697524219591,0.5080731969860065,0.09417808219178082,0.4313641552511416,0.2930936073059361,0.18136415525114155,0.49613259668508286
709,808.5212660731949,1.324431256181998,5.490603363006924,11.835806132542038,1648.2166172106824,-1.484164193867458,0.6468842729970327,0.6775469831849654,6.823936696340257,1780.0,2260.0,0.0,0.4886251236399604,0.5113748763600395,0.07261922017683722,0.2941005942890274,0.35599362226409625,0.27728656327003914,0.5115758028379388
710,791.467027027027,2.67027027027027,5.804324324324324,12.292972972972972,1703.6291891891892,-0.7318054054054055,1.332972972972973,1.3372972972972974,7.4421621621621625,1830.0,2486.0,0.00972972972972973,0.4854054054054054,0.5048648648648648,0.0810575246949448,0.4254793724578733,0.3009877977919814,0.19247530505520047,0.5008097165991903
711,713.7223300970874,2.5757281553398057,5.446601941747573,11.614563106796117,1656.7679611650485,6.665320388349515,1.2689320388349514,1.3067961165048543,7.590291262135922,1810.0,2340.0,0.06796116504854369,0.4524271844660194,0.4796116504854369,0.09311844461499105,0.41007930416986443,0.3246354566385265,0.17216679457661807,0.5073501696192989
712,736.0378048780487,3.370731707317073,5.142682926829268,11.13170731707317,1736.5134146341463,-0.13773170731707318,1.670731707317073,1.7,6.529268292682927,1860.0,2490.0,0.01097560975609756,0.47804878048780486,0.5109756097560976,0.09450877848337691,0.2906238326484871,0.3750466940605155,0.23982069480762047,0.5043415340086831
713,745.8826583592938,2.248182762201454,5.471443406022845,11.49221183800623,1742.386292834891,-0.6777570093457944,1.1142263759086188,1.1339563862928348,7.585669781931464,1843.0,2530.0,0.010384215991692628,0.45275181723779856,0.5368639667705088,0.07967145790554415,0.433264887063655,0.3284052019164955,0.15865845311430526,0.5043879907621247
714,755.9127516778524,2.3911792905081497,5.388302972195589,11.48130393096836,1618.6970278044103,7.229501438159156,1.1581975071907957,1.2329817833173538,7.666347075743049,1741.0,2200.0,0.08245445829338446,0.44870565675934804,0.46883988494726747,0.08591795897948974,0.40482741370685343,0.3190345172586293,0.1902201100550275,0.5156375300721732
715,773.8741808650066,2.90694626474443,5.349934469200524,10.750982961992136,1745.5517693315858,-0.3195019659239842,1.4285714285714286,1.4783748361730014,6.758846657929227,1896.0,2428.000000000001,0.014416775884665793,0.46657929226736566,0.5190039318479686,0.11091719992243552,0.274384331975955,0.34089586969168123,0.27380259840992827,0.5085662759242561
716,733.4989711934156,3.045267489711934,6.104938271604938,12.794238683127572,1653.2397119341563,-0.2179938271604938,1.5298353909465021,1.5154320987654322,7.039094650205762,1764.5,2420.0,0.0102880658436214,0.5,0.4897119341563786,0.0819935691318328,0.4085062847120725,0.3075124232680503,0.20198772288804442,0.49763513513513513
717,756.8404907975461,2.9529652351738243,6.005112474437627,12.401840490797547,1611.5296523517382,5.979437627811861,1.4366053169734152,1.516359918200409,7.4642126789366054,1695.5,2293.000000000001,0.07259713701431493,0.46319018404907975,0.46421267893660534,0.08753424657534246,0.44424657534246575,0.2882191780821918,0.18,0.5135041551246537
718,784.5666280417149,2.4380069524913095,5.624565469293163,11.15295480880649,1707.5909617612979,0.35314020857473927,1.2618771726535343,1.1761297798377752,6.662804171494786,1860.0,2380.0,0.015063731170336037,0.44727694090382386,0.5376593279258401,0.10017391304347827,0.3245217391304348,0.30191304347826087,0.2733913043478261,0.4824144486692015
719,744.2534013605442,2.5969387755102042,5.468537414965986,12.056972789115646,1649.266156462585,-1.394702380952381,1.3188775510204083,1.278061224489796,7.142006802721088,1810.0,2300.0,0.0008503401360544217,0.46938775510204084,0.5297619047619048,0.06941302536016192,0.4374330277413978,0.2834861293011073,0.20966781759733302,0.49214145383104124
720,738.7480045610034,2.765108323831243,6.046750285062714,12.61915621436716,1671.085518814139,2.940752565564424,1.3831242873432155,1.3819840364880274,7.432155074116306,1777.0,2504.0,0.036488027366020526,0.49372862029646525,0.4697833523375142,0.08499539736115373,0.38892298250997237,0.35133476526541885,0.17474685486345504,0.4997938144329897
721,736.7614379084968,2.940087145969499,5.616557734204793,11.972766884531591,1706.131808278867,0.9389869281045752,1.5599128540305012,1.3801742919389979,6.705882352941177,1859.0,2480.0,0.026143790849673203,0.434640522875817,0.5392156862745098,0.0891812865497076,0.3227745289148798,0.3424301494476933,0.24561403508771928,0.46943312337902926
722,751.4264392324094,3.3720682302771854,6.002132196162047,12.359275053304904,1698.6407249466952,-0.9184861407249468,1.685501066098081,1.6865671641791045,7.077825159914712,1812.5,2520.0,0.005330490405117271,0.4861407249466951,0.5085287846481876,0.08977255610784757,0.41406838379273986,0.31420394637746646,0.1819551137219461,0.5001580777742649
723,794.9539347408829,2.1573896353166986,5.636276391554702,11.517274472168905,1667.8656429942419,3.7682245681381956,1.0335892514395393,1.1238003838771593,7.239923224568138,1770.0,2379.5,0.04990403071017274,0.46833013435700577,0.4817658349328215,0.08602863202545069,0.41648992576882293,0.3124337221633086,0.18504772004241782,0.5209074733096085
724,791.692403486924,1.3661270236612701,6.403486924034869,13.819427148194272,1547.5155666251558,-1.4563138231631383,0.7135740971357409,0.6525529265255293,6.76961394769614,1690.0,2130.0,0.0012453300124533001,0.5205479452054794,0.47820672478206727,0.09345106696100074,0.32321559970566593,0.3263428991905813,0.256990434142752,0.47766636280765723
725,732.8402010050252,2.678391959798995,5.948743718592965,12.360804020100502,1667.094472361809,-1.4508341708542714,1.3497487437185929,1.328643216080402,7.249246231155779,1832.0,2456.0,0.0010050251256281408,0.4663316582914573,0.5326633165829145,0.07514210453348122,0.431997781782892,0.2788021627616803,0.2140579509219465,0.4960600375234522
726,799.1804922515953,2.454876937101185,4.669097538742023,9.514129443938012,1708.2661804922516,5.484858705560621,1.1978122151321786,1.2570647219690063,7.197812215132179,1870.0,2310.0,0.06198723792160438,0.37830446672743845,0.5597082953509571,0.08092705167173252,0.3869047619047619,0.3416919959473151,0.19047619047619047,0.5120683252877831
727,796.358302122347,3.397003745318352,5.335830212234707,10.842696629213483,1693.7515605493134,3.738813982521848,1.6741573033707866,1.7228464419475655,6.692883895131086,1837.0,2340.0,0.062421972534332085,0.4307116104868914,0.5068664169787765,0.10800223838836039,0.3611266554747249,0.2727103152396941,0.25816079089722066,0.5071664829106945
728,786.0807265388496,2.4833501513622602,5.51664984863774,11.105953582240161,1697.9303733602421,-1.440625630676085,1.286579212916246,1.1967709384460141,7.508577194752775,1860.0,2290.0,0.0020181634712411706,0.44803229061553984,0.549949545913219,0.08520360166644268,0.4768176320387045,0.23598978631904313,0.2019889799758097,0.48191791954490043
729,778.1609498680739,2.0923482849604222,5.327176781002638,11.24538258575198,1669.6772207563765,-0.3931750219876869,1.0729991204925242,1.019349164467898,7.546174142480211,1860.0,2274.0,0.018469656992084433,0.46437994722955145,0.5171503957783641,0.08111888111888112,0.4254079254079254,0.3041958041958042,0.18927738927738927,0.48717948717948717
730,756.8212765957447,2.2648936170212766,6.1372340425531915,13.080851063829787,1582.5627659574468,1.3946382978723404,1.1138297872340426,1.151063829787234,6.264893617021277,1718.5,2210.0,0.02021276595744681,0.5255319148936171,0.4542553191489362,0.09271523178807947,0.2766174223127866,0.36661572423161826,0.2640516216675157,0.5082198215124472
731,737.2851524090462,2.286135693215339,5.827925270403147,12.39331366764995,1646.8810226155358,-0.8898918387413962,1.1809242871189773,1.1052114060963618,7.548672566371682,1780.0,2304.8,0.00983284169124877,0.47885939036381514,0.511307767944936,0.07789501107203335,0.45460466327992705,0.2842256089618341,0.18327471668620554,0.4834408602150538
732,693.3363028953229,1.900890868596882,5.760579064587973,12.342984409799554,1630.4487750556793,1.2839532293986637,1.0077951002227172,0.8930957683741648,7.067928730512249,1798.5,2283.000000000001,0.022271714922048998,0.4888641425389755,0.4888641425389755,0.07861982038758468,0.3904206711832362,0.35024420986292737,0.18071529856625176,0.46983011130638547
733,748.9632606199771,1.8645235361653272,5.940298507462686,12.19862227324914,1684.4867967853043,0.42726750861079216,0.9552238805970149,0.9092996555683123,6.423650975889782,1770.0,2440.0,0.012629161882893225,0.49827784156142363,0.4890929965556831,0.08310991957104558,0.28257372654155494,0.38212689901697944,0.25218945487042,0.4876847290640394
734,761.9454022988506,1.6101532567049808,5.8630268199233715,12.157088122605364,1653.4731800766283,-0.393639846743295,0.8026819923371648,0.8074712643678161,7.400383141762452,1783.5,2320.0,0.009578544061302681,0.48084291187739464,0.5095785440613027,0.07817758219000777,0.460522909655708,0.2848822158943826,0.17641729225990163,0.5014872099940512
735,769.5363288718929,1.731357552581262,5.669216061185469,11.616634799235182,1711.5564053537285,0.7409655831739961,0.7609942638623327,0.9703632887189293,7.419694072657744,1861.5,2440.0,0.0248565965583174,0.45315487571701724,0.5219885277246654,0.08439634067774772,0.4134776446334235,0.3274062620796289,0.17471975260919984,0.560463832136941
736,753.9938271604939,2.184156378600823,5.2860082304526745,11.110082304526749,1717.772633744856,4.430113168724279,1.1059670781893005,1.0781893004115226,6.409465020576132,1840.0,2590.0,0.0411522633744856,0.41460905349794236,0.5442386831275721,0.09743178170144462,0.29759229534510434,0.3417335473515249,0.26324237560192615,0.4936410739519548
737,749.5887191539365,2.3619271445358403,5.862514688601645,12.45475910693302,1653.229142185664,-1.0205170387779083,1.2408930669800236,1.1210340775558167,7.5992949471210345,1786.0,2380.0,0.009400705052878966,0.4794359576968273,0.5111633372502937,0.08566568733570434,0.47348074841503013,0.27493428173805473,0.16591928251121077,0.4746268656716418
738,722.1470258136925,1.8305274971941639,5.718294051627385,12.295173961840629,1615.507295173962,3.6458136924803592,0.8967452300785634,0.9337822671156004,7.815937149270483,1740.0,2315.0,0.05948372615039282,0.49719416386083054,0.44332210998877664,0.09218839747271683,0.46410109132682364,0.2900631820792648,0.15364732912119472,0.510116492949111
739,760.4313186813187,1.804029304029304,5.0256410256410255,10.293956043956044,1751.4404761904761,0.710467032967033,0.9523809523809523,0.8516483516483516,6.748168498168498,1934.0,2440.0,0.022893772893772892,0.4084249084249084,0.5686813186813187,0.07911521237617045,0.33518794951825215,0.3346451350251052,0.25105170308047225,0.4720812182741117
740,768.1132457027301,2.7795753286147624,5.330637007077857,10.820020222446916,1735.9352881698685,0.954489383215369,1.3801820020222446,1.3993933265925178,7.374115267947421,1896.0,2420.0,0.021233569261880688,0.44590495449949447,0.5328614762386249,0.08213355272178802,0.4321952557246675,0.3167420814479638,0.1689291101055807,0.5034558021098581
741,755.071568627451,2.3794117647058823,5.088235294117647,10.451960784313725,1735.6882352941177,2.953107843137255,1.1784313725490196,1.2009803921568627,7.675490196078432,1919.0,2431.9,0.043137254901960784,0.41274509803921566,0.5441176470588235,0.08519606590880062,0.420104738791672,0.33337591007791545,0.16132328522161196,0.5047383601153688
742,736.1245283018868,2.080503144654088,6.664150943396226,14.39874213836478,1563.1220125786162,-0.46145911949685536,1.0364779874213836,1.0440251572327044,6.547169811320755,1648.0,2341.8,0.011320754716981131,0.5283018867924528,0.46037735849056605,0.09875120076849184,0.3016330451488953,0.3671469740634006,0.23246878001921228,0.501813784764208
743,742.1811594202899,2.474120082815735,5.407867494824017,11.266045548654244,1688.0797101449275,-1.3901863354037267,1.2619047619047619,1.2122153209109732,7.491718426501035,1845.5,2334.0,0.003105590062111801,0.4648033126293996,0.5320910973084886,0.07710377228133204,0.4572336603565013,0.33314909492883793,0.13251347243332873,0.4899581589958159
744,717.6600397614314,1.6898608349900597,5.562624254473161,11.546719681908549,1656.2176938369782,3.4315606361829025,0.827037773359841,0.8628230616302187,7.386679920477137,1800.0,2300.0,0.039761431411530816,0.4393638170974155,0.5208747514910537,0.08276140492531288,0.41609473825864624,0.3251244785358633,0.17601937828017764,0.5105882352941177
745,770.8035087719298,1.3649122807017544,5.297076023391813,10.719298245614034,1733.7637426900585,-0.23762573099415207,0.7146198830409357,0.6502923976608187,6.382456140350877,1920.0,2370.0,0.012865497076023392,0.3883040935672515,0.5988304093567252,0.09767271394539125,0.29668315924500643,0.33883085944658237,0.26681326736301997,0.47643530419880037
746,779.812030075188,2.4981203007518795,5.246240601503759,10.834586466165414,1778.3796992481202,-1.1023966165413535,1.2330827067669172,1.2650375939849625,7.006578947368421,1920.0,2520.0,0.006578947368421052,0.4323308270676692,0.5610902255639098,0.08115358819584172,0.40831656606304495,0.31254191817572097,0.19798792756539235,0.5063957863054929
747,734.1619797525309,1.7289088863892013,5.778402699662542,11.773903262092238,1657.7311586051744,4.7099212598425195,0.9325084364454443,0.796400449943757,7.6141732283464565,1750.0,2380.0,0.052868391451068614,0.4431946006749156,0.5039370078740157,0.09041217314226621,0.452947259565667,0.2984192642931009,0.15822130299896586,0.46063760572543916
748,793.68911335578,1.584736251402918,5.401795735129069,10.705948372615039,1741.9753086419753,-0.5779012345679012,0.7968574635241302,0.7878787878787878,6.591470258136924,1900.0,2390.0,0.01122334455667789,0.43434343434343436,0.5544332210998878,0.08666780180486974,0.3364549633917929,0.3374765877745616,0.23940064702877575,0.4971671388101983
749,797.2320143884892,1.7032374100719425,4.944244604316546,9.878597122302159,1753.6474820143885,-1.3991906474820144,0.8156474820143885,0.887589928057554,7.6663669064748206,1907.0,2370.0,0.0017985611510791368,0.420863309352518,0.5773381294964028,0.07155425219941348,0.452316715542522,0.29642228739002935,0.1797067448680352,0.5211193241816262
750,768.2809330628803,1.9807302231237323,5.196754563894523,10.366125760649087,1694.3204868154157,6.565344827586207,1.0253549695740365,0.9553752535496958,7.605476673427992,1840.0,2360.0,0.07505070993914807,0.42697768762677485,0.49797160243407707,0.08574476596879584,0.41312174956660885,0.34377917055607415,0.15735431390852114,0.4823348694316436
751,763.1918976545842,1.9307036247334755,4.680170575692964,9.523454157782515,1809.639658848614,-0.73045842217484,1.0714285714285714,0.8592750533049041,6.634328358208955,1953.5,2473.000000000001,0.006396588486140725,0.41044776119402987,0.5831556503198294,0.08565000803470994,0.3103004981520167,0.3641330547967218,0.2399164390165515,0.44505797901711763
752,713.0531286894924,1.8571428571428572,5.33530106257379,11.101534828807557,1708.2703659976387,-1.3320306965761513,0.9149940968122786,0.9421487603305785,7.296340023612751,1869.0,2360.0,0.0011806375442739079,0.4462809917355372,0.5525383707201889,0.08527508090614887,0.4380258899676375,0.32605177993527507,0.1506472491909385,0.5073108709472346
753,735.2433371958285,2.0011587485515645,5.308227114716106,11.230590961761298,1701.4785631517962,1.3037427578215528,0.9907300115874855,1.0104287369640788,7.288528389339513,1891.0,2413.2000000000003,0.0220162224797219,0.4287369640787949,0.5492468134414832,0.08155802861685214,0.38441971383147855,0.3686804451510334,0.16534181240063592,0.5049218297625941
754,766.2518987341772,0.9544303797468354,5.668354430379747,11.756962025316456,1667.0278481012658,-0.8468987341772152,0.5088607594936709,0.44556962025316454,6.718987341772152,1846.0,2270.0,0.007594936708860759,0.4569620253164557,0.5354430379746835,0.08383571966842501,0.3016201959306707,0.37867370007535794,0.23587038432554636,0.46684350132625996
755,748.5315904139434,1.7396514161220045,5.015250544662309,10.610021786492375,1778.4237472766883,-1.1080936819172114,0.954248366013072,0.7854030501089324,7.443355119825708,1936.5,2527.4000000000015,0.004357298474945534,0.42592592592592593,0.5697167755991286,0.08444314356797893,0.42499634128494074,0.29547782818674084,0.19508268696033954,0.4514715090795241
756,752.86119257087,1.8826979472140764,5.221896383186706,10.718475073313783,1700.998044965787,4.78345063538612,1.0146627565982405,0.8680351906158358,7.335288367546432,1874.0,2368.000000000001,0.053763440860215055,0.4144672531769306,0.5317693059628543,0.08622068230277186,0.38406183368869934,0.347681236673774,0.1820362473347548,0.46105919003115264
757,761.1105769230769,1.580128205128205,5.520833333333333,11.363782051282051,1726.991987179487,2.319567307692308,0.8990384615384616,0.6810897435897436,7.219551282051282,1853.0,2520.0,0.03685897435897436,0.4935897435897436,0.46955128205128205,0.12008879023307437,0.4097669256381798,0.30055493895671476,0.1695893451720311,0.43103448275862066
758,747.0988235294118,1.6035294117647059,5.74,12.295294117647058,1708.0611764705882,-1.1451764705882352,0.7870588235294118,0.8164705882352942,8.030588235294118,1873.5,2540.9,0.0058823529411764705,0.45294117647058824,0.5411764705882353,0.08203926164664518,0.5121593905654849,0.25168473483738646,0.15411661295048346,0.5091709464416728
759,749.275204359673,1.309718437783833,4.981834695731154,10.692098092643052,1767.4877384196186,1.8546503178928246,0.6439600363306085,0.6657584014532243,7.385104450499546,1935.0,2520.0,0.0326975476839237,0.4305177111716621,0.5367847411444142,0.0734227032345345,0.4166769155085475,0.33931865699175995,0.17058172426515802,0.5083217753120666
760,763.6967320261438,1.65359477124183,5.0627450980392155,10.222222222222221,1817.6444444444444,0.03767320261437908,0.8509803921568627,0.8026143790849674,6.734640522875817,1957.0,2516.0,0.011764705882352941,0.40784313725490196,0.5803921568627451,0.09355590062111802,0.28843167701863354,0.41343167701863354,0.2045807453416149,0.4853754940711462
761,747.2284644194757,1.601123595505618,4.879213483146067,10.163857677902621,1829.314606741573,-0.09850187265917602,0.7724719101123596,0.8286516853932584,7.537453183520599,1940.0,2603.000000000001,0.012172284644194757,0.40823970037453183,0.5795880149812734,0.07204968944099378,0.44869565217391305,0.3125465838509317,0.1667080745341615,0.5175438596491229
762,707.2934508816121,1.8110831234256928,5.353904282115869,11.319899244332493,1725.8929471032745,2.3832871536523927,0.9118387909319899,0.8992443324937027,7.503778337531486,1840.0,2547.0000000000005,0.0327455919395466,0.464735516372796,0.5025188916876574,0.09785162806310843,0.3969452836522323,0.36740516951997315,0.13779791876468614,0.4965229485396384
763,768.2564971751412,1.847457627118644,5.277966101694915,11.126553672316383,1780.7468926553672,-0.3005875706214689,0.9209039548022598,0.9265536723163842,6.650847457627119,1920.0,2565.4,0.014689265536723164,0.4598870056497175,0.5254237288135594,0.08460754332313965,0.2857628270472307,0.38752973156642884,0.2420998980632008,0.5015290519877675
764,783.757665677547,1.420375865479723,5.168150346191889,10.675568743818001,1747.2818991097922,-0.03723046488625125,0.7200791295746786,0.7002967359050445,7.657764589515331,1920.0,2450.0,0.010880316518298714,0.42433234421364985,0.5647873392680515,0.0756910359080341,0.44368380263497803,0.3071557737018858,0.17346938775510204,0.49303621169916434
765,727.9663461538462,1.6278846153846154,4.926923076923077,10.252884615384616,1756.8586538461539,0.7251634615384616,0.8028846153846154,0.825,7.497115384615385,1936.5,2390.0,0.019230769230769232,0.4028846153846154,0.5778846153846153,0.07913299987174555,0.40400153905348213,0.3376939848659741,0.17917147620879825,0.5067926757235677
766,783.0958149779735,1.5616740088105727,5.496696035242291,10.974669603524228,1754.1189427312775,0.3340308370044052,0.7984581497797357,0.763215859030837,6.583700440528634,1870.0,2476.5000000000005,0.014317180616740088,0.44493392070484583,0.5407488986784141,0.08865841418534627,0.28337236533957844,0.3788892606222817,0.24907995985279358,0.48871650211565587
767,738.5353535353536,1.8585858585858586,5.404040404040404,10.973063973063972,1753.530864197531,0.16313131313131313,0.9090909090909091,0.9494949494949495,7.604938271604938,1877.0,2520.0,0.017957351290684626,0.47474747474747475,0.5072951739618407,0.08633412042502951,0.4865702479338843,0.2647579693034238,0.16233766233766234,0.5108695652173914
768,713.7692307692307,1.9881656804733727,4.799802761341223,9.787968441814595,1791.5936883629192,2.517445759368836,0.9526627218934911,1.0355029585798816,7.428007889546351,1929.5,2460.0,0.03944773175542406,0.3865877712031558,0.5739644970414202,0.0888210302708444,0.4381306425916091,0.3062931492299522,0.16675517790759425,0.5208333333333334
769,734.2129032258065,1.386021505376344,5.041935483870968,10.501075268817205,1747.9763440860215,-0.2175376344086022,0.7043010752688172,0.6817204301075269,6.795698924731183,1900.0,2430.0,0.015053763440860216,0.4182795698924731,0.5666666666666667,0.08212025316455696,0.3185126582278481,0.3596518987341772,0.23971518987341772,0.4918541505042669
770,780.626746506986,2.241516966067864,4.911177644710579,10.033932135728543,1835.0768463073853,0.26709580838323355,1.1017964071856288,1.1397205588822354,7.344311377245509,1960.0,2565.2999999999997,0.012974051896207584,0.4311377245508982,0.5558882235528942,0.08329936132626715,0.4319880418535127,0.317570322054627,0.16714227476559315,0.5084594835262689
771,710.5265306122449,1.5928571428571427,4.951020408163266,10.364285714285714,1752.062244897959,3.0399795918367345,0.7704081632653061,0.8224489795918367,7.692857142857143,1920.0,2440.0,0.04183673469387755,0.44081632653061226,0.5173469387755102,0.08860591590396605,0.4176946544634567,0.33970022549409734,0.1539992041384799,0.5163356822549647
772,768.2444690265487,1.5011061946902655,5.42146017699115,11.14712389380531,1724.7134955752213,-0.2299115044247787,0.7599557522123894,0.7411504424778761,6.227876106194691,1850.0,2437.6000000000004,0.011061946902654867,0.46017699115044247,0.5287610619469026,0.09165186500888099,0.272113676731794,0.3845470692717584,0.2516873889875666,0.4937361827560796
773,742.879917184265,2.119047619047619,5.089026915113871,10.772256728778467,1757.2287784679088,0.07846790890269152,1.10351966873706,1.015527950310559,7.632505175983437,1942.0,2490.0,0.015527950310559006,0.42028985507246375,0.5641821946169773,0.078665400786654,0.43591482435914825,0.3378543333785433,0.14756544147565442,0.47923790913532
774,731.0,1.304865938430983,5.025819265143992,10.427010923535253,1712.154915590864,3.763028798411122,0.702085402184707,0.602780536246276,7.5491559086395235,1897.0,2330.0,0.04369414101290963,0.43793445878848064,0.5183714001986097,0.07721652196790318,0.39765851091817944,0.3462246777163904,0.17890028939752697,0.4619482496194825
775,732.0096685082873,1.9599447513812154,5.519337016574585,11.285911602209945,1826.617403314917,-1.050732044198895,0.9696132596685083,0.9903314917127072,6.056629834254144,1960.0,2697.0000000000005,0.006906077348066298,0.47099447513812154,0.5220994475138122,0.09737742303306728,0.2759407069555302,0.3639680729760547,0.26271379703534775,0.5052854122621564
776,643.3701657458563,2.350828729281768,5.342541436464089,11.060773480662984,1853.1022099447514,-0.20762430939226517,1.2444751381215469,1.106353591160221,6.726519337016574,1970.0,2719.4,0.015193370165745856,0.4516574585635359,0.5331491712707183,0.08583162217659138,0.40225872689938397,0.3338809034907598,0.17802874743326488,0.4706227967097532
777,594.5238907849829,2.5102389078498293,5.699658703071672,11.957337883959044,1743.2866894197953,1.1450511945392492,1.3344709897610922,1.1757679180887373,7.23037542662116,1880.0,2734.0,0.02218430034129693,0.4351535836177474,0.5426621160409556,0.09440641963653529,0.4564550389426481,0.31272126504602316,0.13641727637479348,0.46838885112168593
778,699.4430844553243,1.4332925336597306,6.368421052631579,13.652386780905752,1614.6866585067319,-0.28657282741738066,0.6976744186046512,0.7356181150550796,6.184822521419829,1723.0,2420.0,0.01346389228886169,0.5189718482252142,0.4675642594859241,0.08648327726103305,0.2883435582822086,0.36473382149218286,0.2604393429645755,0.5132365499573015
779,710.496062992126,1.7226596675415573,5.3552055993000875,11.351706036745407,1705.5984251968505,-0.9614698162729659,0.8713910761154856,0.8512685914260717,7.199475065616798,1880.0,2400.0,0.011373578302712161,0.43657042869641294,0.5520559930008749,0.07339895491554259,0.43067201361040225,0.31073034390569937,0.1851986875683558,0.4941594718131031
780,684.131090487239,1.8422273781902552,5.430394431554524,11.299303944315545,1730.5533642691416,3.791519721577726,0.9582366589327146,0.8839907192575406,7.577726218097448,1890.0,2480.0,0.04524361948955916,0.4431554524361949,0.511600928074246,0.08864053888548683,0.38962033067973056,0.3723208818126148,0.1494182486221678,0.47984886649874053
781,721.8883994126285,1.9441997063142438,5.499265785609398,10.947136563876652,1794.6211453744493,-0.8306020558002937,1.0190895741556534,0.9251101321585903,6.800293685756241,1960.0,2520.0,0.010279001468428781,0.4287812041116006,0.5609397944199707,0.09414813215288274,0.3023105160872382,0.41438134312243574,0.1891600086374433,0.47583081570996977
782,694.4906832298136,1.360248447204969,5.3627329192546584,11.239751552795031,1772.6322981366459,-0.6401366459627329,0.6807453416149069,0.6795031055900621,7.452173913043478,1891.0,2610.0,0.011180124223602485,0.42111801242236024,0.5677018633540373,0.09484914152358727,0.4190698449741624,0.3503917319553259,0.1356892815469245,0.4995433789954338
783,649.7693156732892,2.0452538631346577,5.424944812362031,11.194260485651213,1736.0540838852098,3.4525938189845475,1.0044150110375276,1.0408388520971303,7.492273730684326,1889.5,2470.0,0.04083885209713024,0.44150110375275936,0.5176600441501104,0.08912787271655863,0.37360047142015324,0.3625515615792575,0.17472009428403065,0.5089044792228818
784,767.7766323024055,1.577319587628866,5.143184421534937,10.745704467353951,1726.639175257732,-1.1345475372279497,0.870561282932417,0.7067583046964491,6.768613974799542,1871.0,2350.0,0.004581901489117984,0.4627720504009164,0.5326460481099656,0.08529361990184464,0.2922660348620748,0.37671348789981385,0.2457268573362667,0.4480755265068991
785,704.8487124463519,1.9302575107296138,5.226394849785407,11.129828326180258,1776.3830472103004,-0.8913519313304721,0.9495708154506438,0.98068669527897,7.313304721030043,1950.0,2594.5,0.008583690987124463,0.4184549356223176,0.572961373390558,0.08450704225352113,0.4385269953051643,0.28550469483568075,0.1914612676056338,0.5080600333518621
786,650.3372340425532,1.65,5.064893617021276,10.88191489361702,1654.3521276595745,8.715659574468084,0.8648936170212767,0.7851063829787234,7.296808510638298,1827.0,2332.7000000000003,0.0797872340425532,0.44574468085106383,0.474468085106383,0.09068377314477329,0.386791077416533,0.3506342032366234,0.17189094620207027,0.4758220502901354
787,697.1457286432161,1.6566164154103853,5.505862646566164,10.899497487437186,1853.963149078727,-1.289179229480737,0.8341708542713567,0.8224455611390284,6.556113902847571,1950.0,2780.0,0.005025125628140704,0.45226130653266333,0.542713567839196,0.12416964741951968,0.32064384261624934,0.3316300459887583,0.22355646397547266,0.49646107178968657
788,667.3970251716247,1.414187643020595,5.036613272311213,10.361556064073227,1836.342105263158,0.021029748283752855,0.7677345537757437,0.6464530892448512,7.048054919908467,1952.0,2717.0000000000005,0.016018306636155607,0.4233409610983982,0.5606407322654462,0.08733766233766234,0.44642857142857145,0.2711038961038961,0.19512987012987013,0.4571197411003236
789,705.9694947569113,1.2497616777883698,4.9008579599618685,10.161105815061964,1780.4785510009533,1.2617445185891327,0.6167778836987607,0.6329837940896091,7.741658722592946,1950.0,2490.6000000000004,0.028598665395614873,0.4223069590085796,0.5490943755958055,0.08090136682674548,0.4038911464105406,0.3505725895825637,0.16463489718015023,0.5064836003051106
790,696.7065217391304,1.567632850241546,4.82487922705314,9.478260869565217,1870.4371980676328,-0.5008574879227052,0.8900966183574879,0.677536231884058,6.650966183574879,2000.0,2583.000000000001,0.00966183574879227,0.3828502415458937,0.607487922705314,0.09605956055928817,0.2600326856727801,0.42909024877428725,0.21481750499364446,0.4322033898305085
791,688.2551574375678,1.6178067318132465,4.678610206297503,9.359391965255158,1910.5928338762214,0.4898479913137893,0.7969598262757872,0.8208469055374593,7.424538545059717,2000.0,2720.0,0.01737242128121607,0.3930510314875136,0.5895765472312704,0.08262649897630886,0.43799356536999123,0.3211465340742907,0.15823340157940918,0.5073825503355704
792,707.527149321267,1.2941176470588236,4.765837104072398,9.782805429864254,1792.8337104072398,1.3725904977375567,0.6753393665158371,0.6187782805429864,7.321266968325792,1920.0,2507.0000000000005,0.024886877828054297,0.4309954751131222,0.5441176470588235,0.09069839307787392,0.36480222496909764,0.3719097651421508,0.17258961681087762,0.4781468531468531
793,717.1357466063348,1.8269230769230769,5.409502262443439,11.531674208144796,1742.4298642533936,-1.0172850678733032,0.9830316742081447,0.8438914027149321,6.469457013574661,1892.0,2490.0,0.005656108597285068,0.4751131221719457,0.5192307692307693,0.09127469837384158,0.2526665500961707,0.4044413358978842,0.2516174156321035,0.46191950464396286
794,723.5158002038736,1.2048929663608563,5.609582059123343,11.517838939857288,1708.301732925586,-0.37450560652395515,0.6299694189602446,0.5749235474006116,7.594291539245668,1842.0,2430.0,0.01834862385321101,0.4658511722731906,0.5158002038735984,0.08201342281879194,0.4221476510067114,0.32174496644295303,0.17409395973154362,0.47715736040609136
795,745.639958376691,1.4547346514047867,5.075962539021853,9.780437044745057,1773.0738813735693,1.7309677419354839,0.7065556711758585,0.7481789802289281,7.729448491155047,1950.0,2420.0,0.03329864724245578,0.4006243496357961,0.5660770031217481,0.08696822832525579,0.3939149165320409,0.3511039310716209,0.1680129240710824,0.5143061516452074
796,772.0639013452915,1.8295964125560538,5.233183856502242,10.395739910313901,1796.652466367713,-1.0634865470852017,0.9932735426008968,0.8363228699551569,6.815022421524664,1910.0,2510.0,0.004484304932735426,0.4730941704035874,0.5224215246636771,0.08833689751603882,0.27603224214508965,0.4061523276854746,0.22947853265339693,0.4571078431372549
797,714.6983311938383,1.7381258023106547,5.935815147625161,12.326059050064185,1686.1206675224646,0.3418485237483953,0.9088575096277278,0.8292682926829268,7.711168164313222,1783.0,2512.0000000000005,0.01540436456996149,0.48267008985879334,0.5019255455712451,0.08823039786915265,0.4631263525886466,0.2924920925586815,0.15615115698351922,0.4771048744460857
798,772.742471443406,1.4485981308411215,4.842159916926272,9.842159916926272,1760.1318795430946,3.7725960539979235,0.7736240913811008,0.6749740394600208,7.6593977154724815,1875.0,2438.000000000001,0.0446521287642783,0.4454828660436137,0.509865005192108,0.0882592190889371,0.3946583514099783,0.3453091106290672,0.17177331887201736,0.4659498207885305
799,754.6106519742883,1.2516069788797062,4.517906336088155,9.300275482093664,1776.909090909091,-0.24060606060606063,0.6978879706152433,0.5537190082644629,6.864095500459137,1930.0,2370.0,0.009182736455463728,0.4049586776859504,0.5858585858585859,0.07331103678929766,0.2802675585284281,0.3883612040133779,0.25806020066889634,0.44240645634629494
800,759.277238403452,1.866235167206041,5.951456310679611,12.03344120819849,1740.4595469255664,-0.2751564185544768,0.9557713052858684,0.9104638619201726,7.563106796116505,1830.0,2480.0,0.010787486515641856,0.5080906148867314,0.4811218985976268,0.08458137212951077,0.4193410355156183,0.3313364712594494,0.1647411210954215,0.48786127167630056
801,723.6941410129097,1.794438927507448,5.183714001986098,10.950347567030784,1712.020854021847,5.208212512413108,0.9572989076464746,0.8371400198609732,7.704071499503476,1856.0,2404.0,0.06653426017874876,0.4627606752730884,0.47070506454816285,0.0859757669502449,0.4137664346481052,0.35241041505542664,0.14784738334622324,0.46651909241837297
802,704.1478873239437,1.332394366197183,6.467605633802817,14.098591549295774,1590.2619718309859,-1.2629577464788733,0.6915492957746479,0.6408450704225352,6.319718309859155,1647.5,2340.4,0.004225352112676056,0.5816901408450704,0.4140845070422535,0.1181190104747047,0.23534655671941163,0.3828838867840428,0.26365054602184085,0.4809725158562368
803,695.7314356435644,1.436881188118812,5.860148514851486,12.150990099009901,1668.7227722772277,-0.6774133663366337,0.75,0.6868811881188119,7.823019801980198,1791.5,2370.0,0.007425742574257425,0.4900990099009901,0.5024752475247525,0.08938459104572061,0.4227179243790539,0.3662395190634393,0.1216579655117861,0.4780361757105943
804,701.7643171806168,1.0341409691629957,5.451541850220265,11.32488986784141,1634.2092511013216,2.5821916299559473,0.48237885462555063,0.551762114537445,7.454845814977974,1780.5,2230.0,0.03634361233480176,0.5033039647577092,0.460352422907489,0.0905599054513222,0.41202540995715764,0.33550007386615455,0.16191461072536564,0.5335463258785943
805,744.1856353591161,1.3933701657458564,5.541436464088398,11.32707182320442,1666.2872928176796,-0.10077348066298347,0.7524861878453039,0.6408839779005525,6.587845303867403,1840.0,2213.0,0.014364640883977901,0.4994475138121547,0.4861878453038674,0.08889634350888963,0.2705467963770547,0.3812479033881248,0.2593089567259309,0.4599524187153053
806,705.4454865181712,2.7737397420867524,5.773739742086753,12.106682297772567,1697.6846424384526,-0.19528722157092618,1.4912075029308323,1.2825322391559202,7.359906213364596,1827.0,2480.0,0.011723329425556858,0.5334114888628371,0.4548651817116061,0.10226186683657215,0.4246575342465753,0.3169799299139853,0.15610066900286715,0.4623837700760778
807,679.9546485260771,1.6678004535147393,5.585034013605442,11.748299319727892,1663.2891156462586,4.24921768707483,0.8321995464852607,0.8356009070294784,7.6145124716553285,1798.5,2380.0,0.05782312925170068,0.4909297052154195,0.4512471655328798,0.09395473496128648,0.43820726622989875,0.3132817153067302,0.15455628350208458,0.5010197144799456
808,687.9564541213064,1.385692068429238,4.933125972006221,10.497667185069984,1730.6951788491447,-1.3460808709175738,0.713841368584759,0.671850699844479,6.788491446345256,1937.0,2396.0000000000014,0.003110419906687403,0.43390357698289267,0.5629860031104199,0.10240549828178694,0.3436426116838488,0.34845360824742266,0.20549828178694157,0.48484848484848486
809,660.4200792602378,1.1532364597093792,5.68560105680317,11.501981505944517,1694.2959048877146,-1.0141743725231176,0.5336856010568032,0.619550858652576,7.315719947159842,1878.0,2310.0,0.0066050198150594455,0.4702774108322325,0.523117569352708,0.08613217768147345,0.44149512459371615,0.29360780065005415,0.17876489707475623,0.5372279495990836
810,619.7056074766355,2.4813084112149535,5.1526479750778815,10.566978193146417,1704.6635514018692,4.6143925233644865,1.2383177570093458,1.2429906542056075,7.5046728971962615,1907.0,2399.1,0.0529595015576324,0.397196261682243,0.5498442367601246,0.0921544209215442,0.4383561643835616,0.36571191365711914,0.10377750103777501,0.5009416195856874
811,618.5150976909414,1.6536412078152753,5.895204262877442,12.087033747779751,1658.97513321492,0.9425932504440498,0.8188277087033747,0.8348134991119005,6.886323268206039,1817.0,2287.0,0.019538188277087035,0.46003552397868563,0.5204262877442274,0.10781532112458087,0.3309259736909982,0.37993293783853493,0.18132576734588599,0.5048335123523093
812,665.6399345335516,1.8772504091653028,5.284779050736497,10.952536824877251,1754.6170212765958,-1.4508019639934535,1.0065466448445173,0.8707037643207856,7.188216039279869,1920.0,2440.0,0.0,0.4582651391162029,0.5417348608837971,0.08105646630236794,0.4248633879781421,0.35769581056466304,0.13638433515482695,0.4638186573670445
813,649.7064220183486,3.2948885976408913,5.234600262123198,10.9043250327654,1708.6880733944954,3.802319790301442,1.6448230668414154,1.6500655307994758,6.905635648754915,1896.0,2350.8,0.04980340760157274,0.43119266055045874,0.5190039318479686,0.07914215221104574,0.3943822357183526,0.3634465743025242,0.16302903776807742,0.5007955449482896
814,659.0872274143302,0.4454828660436137,5.900311526479751,12.20404984423676,1615.9314641744547,-1.4540031152647976,0.2383177570093458,0.2071651090342679,6.313084112149533,1800.0,2140.0,0.003115264797507788,0.5249221183800623,0.4719626168224299,0.08709597828768813,0.33259314088329633,0.3676289168517148,0.21268196397730077,0.46503496503496505
815,626.0670498084291,1.4942528735632183,6.329501915708812,13.659003831417625,1595.9157088122606,-1.6478927203065135,0.8448275862068966,0.6494252873563219,7.007662835249042,1751.5,2348.1000000000004,0.0,0.5268199233716475,0.4731800766283525,0.09021323127392017,0.4551667577911427,0.29825041006014213,0.15636960087479496,0.4346153846153846
816,584.1932367149758,1.571658615136876,6.371980676328502,13.528180354267311,1557.718196457327,1.2262962962962962,0.7745571658615137,0.7971014492753623,6.721417069243156,1705.0,2170.0,0.024154589371980676,0.5297906602254429,0.44605475040257647,0.08457115476760901,0.38380450407283184,0.36631528509822714,0.16530905606133206,0.507172131147541
817,621.4563492063492,1.1150793650793651,6.7063492063492065,14.523809523809524,1558.5753968253969,-1.2038492063492063,0.5853174603174603,0.5297619047619048,5.791666666666667,1657.0,2290.0,0.003968253968253968,0.5,0.49603174603174605,0.09455292908530319,0.2853717026378897,0.3436108256252141,0.27646454265159304,0.4750889679715303
818,649.5046583850932,1.0854037267080745,5.372670807453416,11.00776397515528,1680.8493788819876,-0.6058695652173913,0.5978260869565217,0.48757763975155277,6.944099378881988,1880.0,2218.5,0.006211180124223602,0.41459627329192544,0.5791925465838509,0.0742397137745975,0.4353756708407871,0.31059928443649376,0.17978533094812166,0.4492131616595136
819,604.3881673881674,0.9393939393939394,5.842712842712842,12.969696969696969,1572.5454545454545,-1.2354689754689756,0.4963924963924964,0.443001443001443,6.992784992784993,1780.0,2118.000000000001,0.002886002886002886,0.4963924963924964,0.5007215007215007,0.06851011143210896,0.4054890631448617,0.3270738753611226,0.19892695006190672,0.4715821812596006
820,627.2485875706215,1.5894538606403013,7.290018832391714,15.418079096045197,1486.0790960451977,-1.349039548022599,0.7890772128060264,0.800376647834275,6.36346516007533,1612.0,2130.0,0.003766478342749529,0.5630885122410546,0.4331450094161959,0.09351879254217224,0.2530334418467002,0.45575614087007993,0.19769162474104765,0.5035545023696683
821,675.9751243781094,1.187396351575456,5.928689883913765,12.266998341625207,1651.1907131011608,-0.9683582089552238,0.6169154228855721,0.5704809286898839,7.2454394693200666,1823.0,2342.0,0.008291873963515755,0.4494195688225539,0.5422885572139303,0.0933852140077821,0.43396658274204625,0.3245593957427329,0.14808880750743877,0.48044692737430167
822,693.3270440251572,1.0251572327044025,5.820754716981132,11.669811320754716,1650.132075471698,0.4694654088050314,0.5031446540880503,0.5220125786163522,7.415094339622642,1851.0,2155.0,0.018867924528301886,0.4827044025157233,0.49842767295597484,0.09711620016963528,0.41518235793044955,0.3738337574215437,0.1138676844783715,0.50920245398773
823,688.8501628664495,2.980456026058632,5.561889250814332,10.649837133550488,1784.444625407166,-1.3480781758957656,1.517915309446254,1.4625407166123778,6.40228013029316,1921.5,2480.0,0.0016286644951140066,0.43159609120521175,0.5667752442996743,0.09615873823454592,0.24955482065632154,0.4502671076062071,0.20401933350292548,0.4907103825136612
824,714.5212418300654,1.2679738562091503,5.356209150326797,10.779411764705882,1683.5866013071895,-1.326470588235294,0.5947712418300654,0.673202614379085,7.447712418300654,1901.0,2175.3999999999996,0.0016339869281045752,0.4362745098039216,0.5620915032679739,0.08117595436594997,0.43111013602457215,0.35322509872751207,0.13448881088196576,0.5309278350515464
825,674.114245416079,1.0521861777150916,5.657263751763047,12.600846262341326,1572.7602256699577,-0.809083215796897,0.5669957686882934,0.48519040902679833,6.97179125528914,1780.0,2180.0,0.009873060648801129,0.48519040902679833,0.5049365303244006,0.08820554319239328,0.39328343111470765,0.3487760469350597,0.16973497875783936,0.46112600536193027
826,698.4564796905222,1.7814313346228239,6.4429400386847195,13.361702127659575,1626.1508704061896,-1.151431334622824,1.0290135396518376,0.7524177949709865,6.137330754352031,1818.0,2420.0,0.005802707930367505,0.4932301740812379,0.5009671179883946,0.10116608887488182,0.27324298770879296,0.4119130160731169,0.21367790734320832,0.4223669923995657
827,718.3651591289782,1.6013400335008374,4.721943048576215,10.058626465661641,1739.3534338358459,-0.7026800670016751,0.847571189279732,0.7537688442211056,6.869346733668341,1950.0,2370.0,0.010050251256281407,0.4120603015075377,0.5778894472361809,0.08534503779565959,0.4603755181663009,0.28895391367959034,0.16532553035844916,0.4707112970711297
828,734.4959481361426,1.3889789303079416,5.299837925445705,10.649918962722852,1680.45056726094,0.41369529983792536,0.7455429497568882,0.6434359805510534,7.236628849270664,1860.0,2227.2,0.012965964343598054,0.4521880064829822,0.5348460291734197,0.083986562150056,0.4154535274356103,0.3561030235162374,0.1444568868980963,0.4632438739789965
829,705.3846153846154,0.6286472148541115,6.005305039787799,12.39655172413793,1618.6777188328913,-1.5253050397877983,0.33819628647214856,0.29045092838196285,6.1710875331564985,1750.0,2170.0,0.0,0.5159151193633952,0.48408488063660476,0.09499247797120138,0.3006662368364496,0.33827638082957234,0.2660649043627767,0.4620253164556962
830,706.3327067669173,2.013157894736842,5.5206766917293235,11.424812030075188,1694.548872180451,-1.3035902255639098,1.0,1.013157894736842,7.43984962406015,1904.0,2379.0000000000005,0.005639097744360902,0.4567669172932331,0.5375939849624061,0.08817584638706417,0.43658413340070745,0.3377968671045983,0.1374431531076301,0.5032679738562091
831,669.1165845648604,3.2430213464696225,6.371100164203613,13.461412151067323,1602.9244663382594,1.217175697865353,1.7192118226600985,1.5238095238095237,7.586206896551724,1803.0,2400.0,0.022988505747126436,0.48440065681444994,0.49261083743842365,0.09220779220779221,0.4134199134199134,0.3601731601731602,0.1341991341991342,0.46987341772151897
832,668.5299625468165,2.1816479400749063,5.548689138576779,12.631086142322097,1612.8220973782772,-1.440936329588015,1.1704119850187267,1.0112359550561798,5.9344569288389515,1800.0,2170.0,0.0,0.47752808988764045,0.5224719101123596,0.09592931524140107,0.23950773114547175,0.3843483748816661,0.28021457873146105,0.463519313304721
833,704.0694668820679,2.260096930533118,5.221324717285945,11.066235864297253,1673.8869143780291,-1.0481098546042003,1.2697899838449112,0.9903069466882067,6.798061389337641,1870.0,2270.0,0.004846526655896607,0.43134087237479807,0.5638126009693053,0.07652091254752852,0.40256653992395436,0.35598859315589354,0.16492395437262358,0.4381701215153681
834,748.286941580756,0.8127147766323024,5.989690721649485,12.826460481099657,1549.7027491408935,-1.453298969072165,0.4175257731958763,0.3951890034364261,6.9604810996563575,1762.0,2080.0,0.001718213058419244,0.49140893470790376,0.506872852233677,0.07849913601579857,0.42606763762034067,0.3293014070599852,0.16613181930387558,0.48625792811839325
835,713.2385964912281,1.6210526315789473,6.078947368421052,13.187719298245614,1581.8070175438597,-1.3445614035087718,0.7175438596491228,0.9035087719298246,5.614035087719298,1776.5,2170.2,0.005263157894736842,0.5491228070175439,0.4456140350877193,0.096875,0.2634375,0.3421875,0.2975,0.5573593073593074
836,725.0930232558139,1.9318936877076411,5.0664451827242525,11.199335548172758,1686.9036544850499,-1.041046511627907,0.9086378737541528,1.0232558139534884,6.71594684385382,1860.0,2319.0,0.0033222591362126247,0.47674418604651164,0.5199335548172758,0.08137521642344793,0.3868414543655701,0.3336631214444719,0.19812020776651001,0.529664660361135
837,683.18,1.895,5.581666666666667,11.645,1659.3116666666667,4.091833333333333,0.87,1.025,6.898333333333333,1818.5,2250.0,0.05333333333333334,0.48,0.4666666666666667,0.09905774341628412,0.4397197390674076,0.2971732302488524,0.1640492872674559,0.5408970976253298
838,673.638698630137,1.1592465753424657,5.684931506849315,12.090753424657533,1607.8972602739725,0.6621917808219178,0.5205479452054794,0.6386986301369864,5.993150684931507,1806.0,2159.4,0.02054794520547945,0.4965753424657534,0.4828767123287671,0.092,0.3357142857142857,0.28885714285714287,0.2834285714285714,0.55096011816839
839,667.1036106750392,1.1004709576138147,6.01883830455259,12.56828885400314,1612.6938775510205,-1.4284458398744113,0.5290423861852434,0.5714285714285714,7.160125588697017,1809.0,2254.0,0.0,0.4850863422291994,0.5149136577708007,0.07849155886866915,0.4409120806840605,0.29576847182635385,0.18482788862091645,0.5192582025677603
840,638.8897893030794,1.2171799027552674,6.369529983792544,13.632090761750405,1552.5721231766613,2.1246191247974067,0.6126418152350082,0.6045380875202593,6.883306320907617,1682.0,2190.0,0.03403565640194489,0.5299837925445705,0.4359805510534846,0.09159406639981163,0.3875676948434189,0.3925123616670591,0.12832587708971038,0.4966711051930759
841,657.7659574468086,1.7092198581560283,6.776595744680851,14.49645390070922,1570.1613475177305,-1.7401063829787233,0.7907801418439716,0.9184397163120568,5.787234042553192,1700.0,2218.8,0.0,0.574468085106383,0.425531914893617,0.09436274509803921,0.25765931372549017,0.3903186274509804,0.25765931372549017,0.5373443983402489
842,658.8900343642612,1.2714776632302405,5.420962199312715,12.06701030927835,1633.5,-1.1969072164948453,0.6065292096219931,0.6649484536082474,6.551546391752577,1830.0,2209.0,0.006872852233676976,0.48625429553264604,0.506872852233677,0.07605559926567007,0.41568318908995544,0.3574613165486494,0.15079989509572514,0.522972972972973
843,648.6269113149847,1.4434250764525993,6.313455657492355,13.463302752293577,1557.0366972477063,2.513730886850153,0.7798165137614679,0.6636085626911316,6.795107033639144,1728.5,2209.7,0.03058103975535168,0.5015290519877675,0.46788990825688076,0.0783078307830783,0.38276327632763274,0.3708370837083708,0.1680918091809181,0.4597457627118644
844,720.1041292639138,0.7396768402154399,5.353680430879713,11.062836624775583,1646.9569120287254,-1.3232315978456013,0.3734290843806104,0.36624775583482944,6.256732495511669,1860.0,2130.0,0.0017953321364452424,0.42908438061041293,0.5691202872531418,0.08493543758967001,0.31678622668579626,0.357532281205165,0.24074605451936873,0.49514563106796117
845,654.9432624113475,1.0425531914893618,6.322695035460993,13.815602836879433,1549.3280141843973,-1.484982269503546,0.5124113475177305,0.5301418439716312,6.4379432624113475,1680.0,2220.0,0.0,0.4929078014184397,0.5070921985815603,0.09556595979069127,0.451666207656293,0.26521619388598183,0.18755163866703387,0.5085034013605442
846,662.8341158059468,1.5242566510172144,5.2018779342723,11.251956181533647,1624.566510172144,2.6656807511737086,0.7386541471048513,0.7856025039123631,6.979655712050079,1827.0,2172.0000000000005,0.03599374021909233,0.42566510172143973,0.5383411580594679,0.09798206278026905,0.37668161434977576,0.3455156950672646,0.1798206278026906,0.5154004106776181
847,715.236442516269,1.4989154013015185,4.577006507592191,10.286334056399133,1740.357917570499,1.830065075921909,0.720173535791757,0.7787418655097614,6.151843817787419,1930.0,2460.0,0.0368763557483731,0.4360086767895879,0.527114967462039,0.12905500705218617,0.3124118476727786,0.3307475317348378,0.22778561354019747,0.5195369030390738
848,734.5479256080115,1.2703862660944205,4.572246065808297,9.776824034334764,1737.8497854077252,-0.868826895565093,0.6680972818311874,0.6022889842632332,7.2689556509299,1940.0,2330.0,0.008583690987124463,0.40772532188841204,0.5836909871244635,0.09230466443613462,0.4731352096044086,0.2497539854359378,0.18480614052351899,0.4740990990990991
849,736.8859649122807,1.2741228070175439,4.322368421052632,8.951754385964913,1734.3475877192982,0.6628837719298245,0.6864035087719298,0.5877192982456141,7.5285087719298245,1940.0,2184.5,0.019736842105263157,0.3519736842105263,0.6282894736842105,0.08811535100495194,0.417273521701136,0.3182347800757355,0.17637634721817652,0.4612736660929432
850,697.3115264797508,1.2554517133956387,4.718068535825545,9.90809968847352,1717.1308411214952,0.06470404984423682,0.6370716510903427,0.618380062305296,6.255451713395638,1887.0,2250.0,0.01557632398753894,0.42990654205607476,0.5545171339563862,0.10059760956175298,0.23580677290836655,0.41010956175298807,0.2534860557768924,0.49255583126550867
851,706.7663551401869,1.3404539385847798,5.230974632843791,11.325767690253672,1676.5367156208279,-0.2567022696929239,0.6461949265687583,0.6942590120160214,7.073431241655541,1880.0,2280.0,0.012016021361815754,0.41255006675567424,0.57543391188251,0.089278973197433,0.4035485088712722,0.3152132880332201,0.19195922989807473,0.5179282868525896
852,725.0087976539589,1.9472140762463344,4.931085043988269,10.577712609970675,1683.5366568914956,-0.8073313782991203,1.0131964809384164,0.9340175953079178,7.048387096774194,1871.5,2214.7,0.011730205278592375,0.43548387096774194,0.5527859237536656,0.09153318077803203,0.3781984605783233,0.3628042438111088,0.1674641148325359,0.4796686746987952
853,729.0838815789474,2.9703947368421053,5.40625,11.731907894736842,1671.8207236842106,-0.021348684210526346,1.486842105263158,1.4835526315789473,6.572368421052632,1843.5,2325.8,0.013157894736842105,0.4473684210526316,0.5394736842105263,0.1006006006006006,0.2897897897897898,0.40565565565565564,0.20395395395395396,0.4994462901439646
854,801.6116373477672,1.69553450608931,4.625169147496617,9.626522327469553,1719.1826792963464,0.4371853856562923,0.8700947225981055,0.8254397834912043,7.949932341001353,1910.0,2280.0,0.016238159675236806,0.38836265223274696,0.5953991880920162,0.09497872340425532,0.5118297872340426,0.26587234042553193,0.12731914893617022,0.4868316041500399
855,754.8708010335918,1.317829457364341,5.073643410852713,10.748062015503876,1685.7067183462532,0.13647286821705426,0.6149870801033591,0.7028423772609819,7.456072351421189,1810.0,2230.0,0.012919896640826873,0.4599483204134367,0.5271317829457365,0.0888927395598683,0.4011436492808872,0.34586726737133944,0.16409634378790505,0.5333333333333333
856,704.0113821138211,1.3463414634146342,5.0894308943089435,11.14959349593496,1654.6536585365855,2.198666666666667,0.7024390243902439,0.6439024390243903,6.569105691056911,1820.0,2170.0,0.03414634146341464,0.4276422764227642,0.5382113821138211,0.10346534653465346,0.3485148514851485,0.31113861386138614,0.23688118811881187,0.4782608695652174
857,723.3658892128279,1.5801749271137027,5.65597667638484,11.699708454810496,1671.6545189504373,-1.0023760932944605,0.8250728862973761,0.7551020408163265,8.005830903790088,1838.0,2350.0,0.008746355685131196,0.47230320699708456,0.5189504373177842,0.09777858703568827,0.5069191551347414,0.2662053896576839,0.12909686817188637,0.477859778597786
858,752.042303172738,2.6404230317273796,4.888366627497062,10.593419506462984,1664.3219741480611,1.76689776733255,1.427732079905993,1.2126909518213866,7.678025851938895,1870.0,2170.0,0.03407755581668625,0.4336075205640423,0.5323149236192715,0.0938169574533211,0.44092439546985,0.3086929905111723,0.15656565656565657,0.45927903871829107
859,761.2543668122271,1.6048034934497817,4.620087336244541,9.565502183406114,1753.311135371179,-1.3966593886462881,0.8406113537117904,0.7641921397379913,6.792576419213974,1908.0,2260.0,0.001091703056768559,0.41375545851528384,0.5851528384279476,0.08293153326904533,0.33413693346190937,0.35744133719061394,0.22549019607843138,0.47619047619047616
860,741.9347222222223,1.988888888888889,6.2027777777777775,12.816666666666666,1614.3277777777778,-0.5707777777777778,0.8902777777777777,1.0986111111111112,7.394444444444445,1699.0,2200.0,0.013888888888888888,0.5097222222222222,0.47638888888888886,0.0946656649135988,0.4635612321562735,0.30897821187077384,0.13279489105935388,0.5523743016759777
861,734.0581113801453,1.3631961259079903,4.686440677966102,9.778450363196125,1718.0956416464892,3.339721549636804,0.7457627118644068,0.6174334140435835,7.7941888619854724,1870.0,2318.5,0.03753026634382567,0.40556900726392253,0.5569007263922519,0.09490525007766387,0.44967381174277726,0.3165579372475924,0.13886300093196646,0.45293072824156305
862,713.0570902394106,1.2541436464088398,5.077348066298343,10.703499079189687,1709.254143646409,-0.2685267034990792,0.7587476979742173,0.4953959484346225,6.550644567219153,1919.0,2312.4,0.016574585635359115,0.4088397790055249,0.574585635359116,0.11779589541748664,0.3244307000281136,0.3505763283666011,0.2071970761877987,0.39500734214390604
863,697.3434610303831,1.2483487450462352,4.862615587846763,9.97225891677675,1758.6922060766183,-0.23799207397622196,0.6737120211360634,0.5746367239101717,7.54557463672391,1950.0,2397.0,0.011889035667107,0.404227212681638,0.583883751651255,0.0934873949579832,0.44345238095238093,0.33000700280112044,0.1330532212885154,0.4603174603174603
864,741.1571100917431,1.2190366972477065,4.6995412844036695,9.688073394495413,1714.2087155963302,5.210401376146789,0.6708715596330275,0.5481651376146789,7.6307339449541285,1850.0,2275.3999999999996,0.05733944954128441,0.41857798165137616,0.5240825688073395,0.08972046889089269,0.42666065524496544,0.3405470393748121,0.14307183648932972,0.44967074317968014
865,732.3349436392915,0.7616747181964574,5.694041867954912,11.607085346215781,1661.3268921095007,-1.4976167471819646,0.3413848631239936,0.42028985507246375,6.52012882447665,1820.0,2310.0,0.0,0.45410628019323673,0.5458937198067633,0.1106446036058286,0.3143986169424549,0.34107186959743147,0.233884909854285,0.5517970401691332
866,696.5005988023952,1.5664670658682636,5.731736526946108,12.176047904191616,1655.4682634730539,0.042095808383233506,0.6970059880239521,0.8694610778443114,6.995209580838323,1776.0,2300.0,0.015568862275449102,0.4622754491017964,0.5221556886227545,0.0881698339325458,0.43109056668378704,0.3016606745420305,0.1790789248416367,0.555045871559633
867,658.414673046252,0.7113237639553429,5.45933014354067,11.416267942583731,1629.4976076555024,0.8780382775119617,0.3365231259968102,0.3748006379585327,7.779904306220096,1824.0,2120.0,0.019138755980861243,0.4449760765550239,0.5358851674641149,0.10311603116031161,0.48482984829848297,0.28823288232882327,0.12382123821238213,0.5269058295964125
868,736.4097859327217,1.4327217125382263,5.58256880733945,11.406727828746178,1655.3914373088685,-1.1820948012232417,0.7247706422018348,0.7079510703363915,6.813455657492355,1846.5,2170.0,0.0030581039755351682,0.43425076452599387,0.5626911314984709,0.09896768402154399,0.348967684021544,0.3254039497307002,0.22666068222621186,0.49413020277481323
869,735.0632570659488,0.8088829071332436,5.236877523553163,10.209959623149395,1704.7106325706595,0.7241453566621803,0.42934051144010765,0.3795423956931359,7.753701211305518,1890.0,2271.6000000000004,0.017496635262449527,0.4427994616419919,0.5397039030955586,0.08748481166464156,0.4738760631834751,0.30914771741017183,0.1294914077417115,0.46921797004991683
870,688.0040540540541,1.4054054054054055,5.822972972972973,11.913513513513514,1628.3256756756757,3.7168513513513513,0.5837837837837838,0.8216216216216217,7.517567567567568,1750.0,2220.0,0.052702702702702706,0.45,0.4972972972972973,0.10731619629696207,0.41650188747078914,0.3480136616933309,0.12816825453891784,0.5846153846153846
871,744.2958152958153,1.507936507936508,5.470418470418471,11.236652236652237,1691.4155844155844,-0.05783549783549789,0.8556998556998557,0.6522366522366523,6.78066378066378,1847.0,2267.000000000001,0.011544011544011544,0.46320346320346323,0.5252525252525253,0.10470312832517557,0.32177058948712495,0.3730580974675463,0.20046818472015324,0.4325358851674641
872,694.2459499263623,1.7466863033873343,5.377025036818852,11.359351988217968,1674.0486008836524,-1.471840942562592,0.9072164948453608,0.8394698085419735,7.424153166421208,1845.0,2290.0,0.0014727540500736377,0.4801178203240059,0.5184094256259205,0.09164848244395953,0.45863915889704426,0.32255504860146794,0.12715731005752826,0.4806070826306914
873,680.8938775510204,1.2340136054421769,5.549659863945578,11.629931972789116,1612.8530612244897,2.0606938775510204,0.6571428571428571,0.5768707482993197,7.349659863945578,1760.0,2140.0,0.02857142857142857,0.4448979591836735,0.5265306122448979,0.0853387634209552,0.40799703813402444,0.36319881525360975,0.14346538319141058,0.46747519294377066
874,716.0133779264214,0.5769230769230769,5.697324414715719,12.87458193979933,1580.9548494983278,-1.425769230769231,0.3494983277591973,0.22742474916387959,6.588628762541806,1762.0,2121.8,0.0016722408026755853,0.5,0.4983277591973244,0.09873096446700508,0.31700507614213197,0.36725888324873096,0.217005076142132,0.39420289855072466
875,656.4798711755234,1.2753623188405796,6.296296296296297,13.14975845410628,1596.623188405797,-1.6411111111111112,0.6650563607085346,0.6103059581320451,7.270531400966184,1750.0,2220.0,0.0,0.5072463768115942,0.4927536231884058,0.09678848283499446,0.439202657807309,0.28660022148394243,0.17740863787375416,0.47853535353535354
876,700.0980132450331,1.3178807947019868,4.984105960264901,10.341721854304636,1665.339072847682,3.5674437086092716,0.6781456953642384,0.6397350993377483,7.372185430463576,1890.0,2166.0,0.0423841059602649,0.42119205298013246,0.5364238410596026,0.09737693136902623,0.38986704994610133,0.35447358965145526,0.1582824290334172,0.48542713567839196
877,687.6906584992344,2.4150076569678407,4.799387442572741,10.387442572741195,1728.4395099540582,0.06453292496171517,1.214395099540582,1.2006125574272588,6.398162327718223,1940.0,2410.0,0.021439509954058193,0.4333843797856049,0.5451761102603369,0.11105792245093346,0.3252752513164193,0.31235040689325033,0.25131641933939686,0.49714648065948003
878,727.6210235131397,2.2531120331950207,5.769017980636238,12.44536652835408,1606.4052558782848,-1.4013139695712309,1.1092669432918396,1.1438450899031811,7.211618257261411,1739.0,2170.0,0.0013831258644536654,0.5712309820193637,0.42738589211618255,0.10260836210203299,0.46010740314537785,0.26064441887226697,0.1766398158803222,0.5076734192756293
879,731.5993723849373,1.6035564853556485,4.9905857740585775,10.305439330543933,1703.9926778242677,-1.111255230125523,0.8640167364016736,0.7395397489539749,7.149581589958159,1900.0,2200.0,0.005230125523012552,0.4435146443514644,0.551255230125523,0.07520117044623263,0.3866861741038771,0.3604974396488661,0.17761521580102413,0.4611872146118721
880,714.1185185185185,1.8444444444444446,5.662222222222222,12.084444444444445,1589.9896296296297,-0.3532148148148148,0.9185185185185185,0.9259259259259259,5.986666666666666,1800.0,2120.0,0.01037037037037037,0.4918518518518519,0.49777777777777776,0.113338282603316,0.23162583518930957,0.43306112348428605,0.22197475872308833,0.5020080321285141
881,701.9479695431472,1.7588832487309645,6.298223350253807,13.26015228426396,1580.9010152284263,-1.3866497461928935,0.8921319796954315,0.866751269035533,7.387055837563452,1705.5,2133.000000000001,0.0038071065989847717,0.5329949238578681,0.4631979695431472,0.09139323140353892,0.4277615529977667,0.31455076447345814,0.16629445112523622,0.49278499278499277
882,708.8324697754749,2.1882556131260795,6.265975820379966,13.54231433506045,1545.4214162348878,0.12993091537132992,1.1381692573402418,1.0500863557858378,6.682210708117444,1677.0,2130.0,0.022452504317789293,0.5077720207253886,0.4697754749568221,0.10933057637632464,0.37580770224864307,0.3564228482812096,0.15843887309382268,0.47987371744277824
883,769.2579185520362,1.9411764705882353,6.098039215686274,12.672699849170437,1604.2051282051282,-0.8655505279034691,0.947209653092006,0.9939668174962293,6.508295625942685,1722.0,2199.4,0.010558069381598794,0.55052790346908,0.43891402714932126,0.10753186558516802,0.2648899188876014,0.411819235225956,0.21575898030127463,0.5120435120435121
884,759.9096244131456,1.800469483568075,6.448356807511737,13.429577464788732,1553.2699530516431,-0.9456690140845071,0.92018779342723,0.8802816901408451,7.211267605633803,1709.5,2100.0,0.008215962441314555,0.5352112676056338,0.4565727699530516,0.08610026041666667,0.4345703125,0.3076171875,0.17171223958333334,0.48891786179921776
885,665.0040214477211,1.0241286863270778,7.061662198391421,16.257372654155496,1393.2386058981233,0.005428954423592528,0.5589812332439679,0.4651474530831099,7.297587131367292,1430.0,2060.0,0.0160857908847185,0.6260053619302949,0.3579088471849866,0.10194709772226304,0.3848273328434974,0.349008082292432,0.1642174871418075,0.45418848167539266
886,729.0885286783042,1.3703241895261846,6.35785536159601,14.221945137157107,1530.986284289277,-1.0696259351620947,0.685785536159601,0.6845386533665836,6.0785536159601,1617.0,2120.0,0.004987531172069825,0.5773067331670823,0.4177057356608479,0.09558974358974359,0.2557948717948718,0.377025641025641,0.2715897435897436,0.49954504094631486
887,761.420745920746,2.0757575757575757,5.681818181818182,12.298368298368299,1616.939393939394,-1.212890442890443,1.0477855477855478,1.027972027972028,7.432400932400933,1769.5,2180.0,0.005827505827505828,0.5268065268065268,0.46736596736596736,0.09157911243531441,0.4539752234593069,0.28853692959071664,0.16590873451466207,0.4952274003368894
888,753.780790960452,1.7412429378531074,5.368361581920904,11.787570621468927,1601.3197740112994,0.128045197740113,0.888135593220339,0.8531073446327684,7.416949152542373,1755.0,2100.0,0.020338983050847456,0.49830508474576274,0.48135593220338985,0.10390006093845217,0.4258074344911639,0.304539914686167,0.16575258988421693,0.4899415963659961
889,825.9405351833499,1.33597621407334,4.87215064420218,10.427155599603568,1681.5421209117937,-1.2250545094152625,0.6580773042616452,0.6778989098116948,6.653121902874132,1830.0,2148.4,0.002973240832507433,0.49256689791873143,0.5044598612487612,0.08073886488902131,0.29658870847609115,0.3758379264114405,0.24683450022344705,0.5074183976261127
890,772.8886138613861,2.3465346534653464,5.41460396039604,11.508663366336634,1678.644801980198,-0.8916584158415842,1.1732673267326732,1.1732673267326732,7.344059405940594,1866.0,2300.3,0.008663366336633664,0.4863861386138614,0.504950495049505,0.0933602965958881,0.4142231209976407,0.3426019548365352,0.14981462756993597,0.5
891,780.8126951092612,2.117585848074922,5.58792924037461,12.309053069719043,1607.309053069719,1.5474401664932362,1.0135275754422477,1.1040582726326742,7.375650364203954,1750.0,2170.0,0.026014568158168574,0.5369406867845994,0.43704474505723206,0.09297404063205418,0.4022291196388262,0.3398702031602709,0.16492663656884876,0.5213759213759214
892,829.531208499336,1.8220451527224435,4.667994687915007,9.743691899070384,1723.1925630810092,-1.2129083665338645,0.9933598937583001,0.8286852589641435,6.270916334661354,1920.0,2169.8,0.00398406374501992,0.4634794156706507,0.5325365205843293,0.09911054637865312,0.26429479034307496,0.3847945785684032,0.2518000847098687,0.45481049562682213
893,811.9843049327354,2.158071748878924,5.380044843049327,11.14237668161435,1681.17600896861,-1.5371300448430494,1.155829596412556,1.0022421524663676,7.437219730941704,1830.0,2250.0,0.0011210762331838565,0.5134529147982063,0.4854260089686099,0.08863430810973771,0.40458245402472115,0.3659933675007537,0.14078987036478746,0.4644155844155844
894,821.8512658227849,0.8913502109704642,5.270042194092827,11.007383966244726,1611.2278481012659,4.264483122362869,0.4936708860759494,0.39767932489451474,7.4957805907173,1738.5,2100.0,0.04852320675105485,0.5158227848101266,0.4356540084388186,0.09470869687587954,0.41626794258373206,0.3404165493948776,0.14860681114551083,0.4461538461538462
895,843.1072625698324,0.9519553072625698,5.401117318435754,10.791061452513967,1671.4100558659218,-1.3523575418994416,0.5162011173184358,0.43575418994413406,6.26145251396648,1811.0,2160.0,0.0011173184357541898,0.4893854748603352,0.5094972067039106,0.09172019985724482,0.262847965738758,0.39114917915774444,0.25428265524625265,0.45774647887323944
896,776.1654215581643,1.6499466382070438,5.508004268943436,11.618996798292423,1676.0021344717181,-0.7471504802561365,0.9007470651013874,0.7491995731056563,6.896478121664888,1830.0,2272.7999999999997,0.0064034151547491995,0.5080042689434365,0.4855923159018143,0.08387496131228722,0.39167440420922317,0.3370473537604457,0.18740328071804396,0.4540750323415265
897,764.3284916201118,1.1296089385474861,5.69050279329609,12.124022346368715,1611.5262569832403,5.470324022346368,0.5754189944134078,0.5541899441340782,7.674860335195531,1733.0,2205.4,0.07262569832402235,0.5150837988826815,0.4122905027932961,0.10831270927354783,0.4383461930411996,0.3009171640704615,0.1524239336147911,0.49060336300692386
898,782.6008771929825,1.327485380116959,4.95906432748538,10.068713450292398,1742.0994152046783,-1.245219298245614,0.7251461988304093,0.6023391812865497,6.83625730994152,1900.0,2302.8,0.0043859649122807015,0.47076023391812866,0.5248538011695907,0.10201026518391788,0.3458083832335329,0.338109495295124,0.21407185628742514,0.45374449339207046
899,761.5299145299145,1.080128205128205,6.257478632478633,12.426282051282051,1640.3707264957266,-1.4804700854700854,0.4935897435897436,0.5865384615384616,7.8344017094017095,1736.0,2245.0,0.002136752136752137,0.5491452991452992,0.44871794871794873,0.0788217646256648,0.4422473748806764,0.3075139779080867,0.17141688258557208,0.543026706231454
900,734.0719910011248,1.2564679415073117,5.776152980877391,12.515185601799775,1609.392575928009,2.496389201349831,0.6062992125984252,0.6501687289088864,7.292463442069741,1746.0,2222.0000000000005,0.03824521934758155,0.5365579302587177,0.4251968503937008,0.10473546197747956,0.37035323152861327,0.37251272559000465,0.15239858090390251,0.5174574753804835
901,777.1889570552147,1.5693251533742332,5.856441717791411,12.095705521472393,1636.520245398773,-0.8679631901840491,0.807361963190184,0.7619631901840491,6.294478527607362,1752.0,2170.0,0.007361963190184049,0.5251533742331288,0.46748466257668714,0.0898635477582846,0.2740740740740741,0.3906432748538012,0.24541910331384015,0.48553557466770914
902,743.4260869565218,0.9888198757763975,6.57888198757764,14.099378881987578,1561.7155279503106,-1.4981739130434781,0.537888198757764,0.4509316770186335,6.9664596273291925,1613.0,2230.0,0.002484472049689441,0.5739130434782609,0.4236024844720497,0.09753922967189729,0.4277817403708987,0.2993937232524964,0.17528530670470757,0.45603015075376885
903,709.0414285714286,1.28,6.08,13.51142857142857,1584.3828571428571,2.2535714285714286,0.6342857142857142,0.6457142857142857,7.581428571428572,1743.5,2320.3,0.03142857142857143,0.5585714285714286,0.41,0.1036367062370454,0.40474844544940647,0.334463915583192,0.15715093273035613,0.5044642857142857
904,735.590015128593,0.3767019667170953,5.794251134644478,12.45839636913767,1580.8305597579424,-1.1089712556732223,0.2118003025718608,0.1649016641452345,6.296520423600605,1730.0,2120.0,0.0045385779122541605,0.518910741301059,0.47655068078668683,0.09538683325324364,0.312349831811629,0.33925997116770784,0.2530033637674195,0.43775100401606426
905,673.702416918429,1.042296072507553,5.74773413897281,12.214501510574019,1656.3957703927492,-1.4197885196374622,0.5513595166163142,0.4909365558912387,7.166163141993958,1772.5,2351.7,0.004531722054380665,0.5422960725075529,0.45317220543806647,0.09696458684654301,0.4690134907251265,0.2618043844856661,0.17221753794266442,0.47101449275362317
906,696.2816229116945,1.0823389021479715,6.054892601431981,12.86873508353222,1566.4618138424821,2.3426014319809068,0.5393794749403341,0.5429594272076372,7.238663484486874,1722.5,2160.0,0.0441527446300716,0.5214797136038186,0.4343675417661098,0.10056050115397297,0.39927464556544673,0.3356412792614573,0.164523574019123,0.5016538037486218
907,696.0905587668593,1.1368015414258188,6.581888246628131,13.346820809248555,1560.2023121387283,-0.06712909441233138,0.5780346820809249,0.558766859344894,6.364161849710983,1671.0,2140.0,0.01348747591522158,0.5510597302504817,0.43545279383429675,0.15622161671207993,0.35725098395398125,0.27883742052679383,0.20768997880714501,0.4915254237288136
908,682.6614060258249,0.9469153515064562,6.259684361549498,13.192252510760401,1559.248206599713,-0.6932281205164993,0.5064562410329986,0.44045911047345765,7.024390243902439,1690.0,2090.0,0.00860832137733142,0.5509325681492109,0.44045911047345765,0.09844771241830065,0.48937908496732024,0.238562091503268,0.1736111111111111,0.46515151515151515
909,731.9654841802493,1.071907957813998,5.082454458293385,11.048897411313519,1632.5963566634707,1.7192138063279,0.5004793863854267,0.5714285714285714,7.361457334611697,1852.0,2120.0,0.03451581975071908,0.48897411313518696,0.47651006711409394,0.07996874185985933,0.39515498827819745,0.3452722063037249,0.17960406355821829,0.5330948121645797
910,762.8199718706048,0.8748241912798875,5.7594936708860756,11.925457102672292,1600.7215189873418,-0.2984106891701829,0.49507735583684953,0.379746835443038,6.3403656821378345,1745.0,2120.0,0.009845288326300985,0.530239099859353,0.459915611814346,0.11823425022182786,0.22959183673469388,0.4010647737355812,0.2511091393078971,0.4340836012861736
911,706.2775229357799,0.9827981651376146,6.206422018348624,13.94954128440367,1508.0298165137615,-0.5452178899082569,0.4518348623853211,0.5309633027522935,7.092889908256881,1670.0,2100.0,0.01261467889908257,0.5676605504587156,0.4197247706422018,0.09005658852061439,0.4362166531932094,0.2991107518189167,0.1746160064672595,0.5402567094515752
912,773.2030456852792,0.7106598984771574,6.375634517766497,13.576142131979696,1522.5571065989848,1.0426522842639594,0.3477157360406091,0.3629441624365482,7.130710659898477,1616.5,2090.0,0.030456852791878174,0.5761421319796954,0.3934010152284264,0.10873820964584445,0.3842320697633031,0.33262146289375333,0.17440825769709914,0.5107142857142857
913,802.4220877458397,1.0136157337367624,5.922844175491679,12.264750378214826,1589.0090771558246,-1.5510438729198184,0.49319213313161875,0.5204236006051437,6.608169440242057,1705.0,2120.0,0.0,0.5340393343419062,0.4659606656580938,0.12042124542124542,0.2648809523809524,0.42536630036630035,0.18933150183150182,0.5134328358208955
914,709.728307254623,1.073968705547653,5.930298719772404,12.219061166429588,1578.344238975818,-0.17588904694167856,0.5718349928876245,0.5021337126600285,7.485064011379801,1705.0,2110.0,0.01422475106685633,0.5078236130867709,0.4779516358463727,0.10167236792094261,0.4982896237172178,0.27309007981755984,0.12694792854427975,0.4675496688741722
915,737.9593613933237,0.8272859216255443,5.454281567489114,11.582002902757619,1587.7910014513789,-0.9122786647314949,0.420899854862119,0.40638606676342526,7.364296081277213,1771.0,2100.0,0.00725689404934688,0.5137880986937591,0.47895500725689405,0.10721324398896334,0.40283799763500194,0.32439889633425306,0.16554986204178163,0.49122807017543857
916,702.2022058823529,1.1084558823529411,6.643382352941177,14.443014705882353,1497.2113970588234,-1.6630514705882353,0.6801470588235294,0.42830882352941174,6.165441176470588,1557.5,2080.0,0.003676470588235294,0.5808823529411765,0.41544117647058826,0.1282051282051282,0.28205128205128205,0.3437686344663089,0.24597495527728086,0.3864013266998342
917,663.461811722913,0.8579040852575488,6.024866785079929,13.280639431616342,1512.9094138543517,-0.2011367673179396,0.4564831261101243,0.40142095914742454,7.682060390763765,1630.0,2069.6,0.010657193605683837,0.5168738898756661,0.4724689165186501,0.0984971098265896,0.5056647398843931,0.25502890173410403,0.1408092485549133,0.46790890269151136
918,651.2320872274144,0.48442367601246106,5.9672897196261685,13.110591900311526,1527.0202492211838,-1.631588785046729,0.2398753894080997,0.24454828660436137,7.076323987538941,1710.0,2070.0,0.001557632398753894,0.5389408099688473,0.45950155763239875,0.09949372661237069,0.45036319612590797,0.3037640325775919,0.14637904468412943,0.5048231511254019
919,752.323178807947,0.6,6.266225165562914,12.757615894039736,1566.948344370861,-1.5801192052980133,0.304635761589404,0.295364238410596,6.433112582781457,1693.0,2088.0,0.0,0.5311258278145695,0.4688741721854305,0.09285567222565369,0.32262713609223803,0.3561869466749022,0.22833024500720608,0.4922737306843267
920,650.8178217821783,0.6693069306930693,7.154455445544555,15.089108910891088,1443.5009900990099,-1.6188316831683167,0.27524752475247527,0.3940594059405941,6.875247524752475,1569.0,2040.0,0.0,0.5524752475247525,0.44752475247524753,0.08611751152073732,0.45996543778801846,0.30328341013824883,0.15063364055299538,0.5887573964497042
921,640.0293685756241,1.026431718061674,7.022026431718062,15.195301027900147,1442.057268722467,-0.839691629955947,0.5433186490455213,0.4831130690161527,7.236417033773862,1560.0,2060.0,0.00881057268722467,0.5477239353891337,0.4434654919236417,0.10491071428571429,0.4224837662337662,0.32305194805194803,0.14955357142857142,0.47067238912732473
922,635.5942028985507,0.5748792270531401,6.874396135265701,15.992753623188406,1440.7850241545893,-1.763743961352657,0.28502415458937197,0.2898550724637681,6.086956521739131,1490.0,2100.0,0.0,0.5845410628019324,0.41545893719806765,0.15119047619047618,0.3,0.3757936507936508,0.173015873015873,0.5042016806722689
923,655.8063725490196,0.3602941176470588,6.264705882352941,12.575980392156863,1548.8480392156862,-1.0881372549019608,0.18627450980392157,0.17401960784313725,7.688725490196078,1675.0,2027.9,0.004901960784313725,0.4950980392156863,0.5,0.14472425884603124,0.4995218361491871,0.2798852406758049,0.07586866432897672,0.48299319727891155
924,687.769372693727,0.5369003690036901,5.6900369003690034,12.011070110701107,1574.239852398524,-0.6909409594095941,0.25461254612546125,0.2822878228782288,7.7619926199261995,1790.5,2080.0,0.01107011070110701,0.4280442804428044,0.5608856088560885,0.1309721892084621,0.48062752555265037,0.24887092940337532,0.13952935583551224,0.5257731958762887
925,761.3364140480592,0.6173752310536045,5.615526802218114,11.493530499075785,1613.2846580406654,-1.5187800369685767,0.2754158964879852,0.3419593345656192,6.048059149722736,1767.0,2110.0,0.0036968576709796672,0.5194085027726433,0.47689463955637706,0.132640586797066,0.24144254278728605,0.37316625916870416,0.25275061124694376,0.5538922155688623
926,703.8577405857741,0.8451882845188284,6.100418410041841,12.583682008368202,1538.7259414225941,-0.4225523012552302,0.42887029288702927,0.41631799163179917,6.849372384937238,1657.5,2030.0,0.010460251046025104,0.5,0.4895397489539749,0.13805742211362249,0.45418448381185095,0.23671350030543678,0.1710445937690898,0.49257425742574257
927,675.7068062827225,0.2774869109947644,7.455497382198953,15.06282722513089,1445.1492146596859,-1.7551308900523561,0.15968586387434555,0.11780104712041885,6.612565445026178,1555.5,2020.0,0.0,0.5890052356020943,0.4109947643979058,0.14014251781472684,0.42280285035629456,0.27434679334916867,0.16270783847980996,0.42452830188679247
928,639.8258575197889,0.8944591029023746,7.121372031662269,15.889182058047494,1431.8839050131926,-1.5351978891820581,0.43007915567282323,0.46437994722955145,5.562005277044855,1550.0,2072.0,0.002638522427440633,0.5910290237467019,0.40633245382585753,0.17362428842504743,0.30787476280834913,0.27229601518026564,0.24620493358633777,0.5191740412979351
929,738.6678445229682,1.243816254416961,6.482332155477032,13.487632508833922,1528.9982332155478,-1.5331625441696113,0.6095406360424028,0.6342756183745583,7.595406360424028,1658.0,2070.0,0.0,0.5159010600706714,0.4840989399293286,0.11002558734589439,0.4947662247034194,0.2844847638985811,0.11072342405210514,0.5099431818181818
930,759.0615711252653,1.354564755838641,6.4225053078556265,12.662420382165605,1554.8216560509554,-0.012781316348195407,0.6581740976645435,0.6963906581740976,7.309978768577495,1684.0,2080.0,0.014861995753715499,0.4607218683651805,0.524416135881104,0.14464130119082197,0.3752541388324136,0.3296543711879175,0.15045018878884694,0.5141065830721003
931,695.6899563318777,0.9650655021834061,6.3384279475982535,13.443231441048034,1546.1681222707423,-1.634475982532751,0.40829694323144106,0.5567685589519651,6.1965065502183405,1637.0,2103.0,0.0,0.5131004366812227,0.4868995633187773,0.13777307963354474,0.2751937984496124,0.36222692036645526,0.2248062015503876,0.5769230769230769
932,646.6943127962086,1.367298578199052,6.578199052132701,13.85781990521327,1500.8791469194314,-1.6286492890995259,0.6066350710900474,0.7606635071090048,6.92654028436019,1650.0,2012.7,0.0,0.514218009478673,0.48578199052132703,0.14403010605542252,0.44030106055422513,0.27471775573041396,0.14095107765993842,0.5563258232235702
933,699.9186813186814,1.0747252747252747,6.872527472527472,15.221978021978021,1451.1450549450549,-1.809164835164835,0.5758241758241758,0.4989010989010989,7.476923076923077,1530.0,2040.0,0.0,0.578021978021978,0.421978021978022,0.12727807172251618,0.4294532627865961,0.32157554379776604,0.12169312169312169,0.46421267893660534
934,725.8722358722358,1.5773955773955775,6.164619164619165,12.864864864864865,1549.1572481572482,-1.6063882063882062,0.7641277641277642,0.8132678132678133,6.078624078624078,1685.0,2080.0,0.0,0.4742014742014742,0.5257985257985258,0.14955537590945836,0.32700080840743734,0.3354890864995958,0.1879547291835085,0.5155763239875389
935,767.1856392294221,2.6462346760070052,5.80385288966725,11.782837127845884,1595.4728546409808,-0.52138353765324,1.159369527145359,1.4868651488616462,7.30122591943958,1780.0,2100.0,0.005253940455341506,0.5026269702276708,0.4921190893169877,0.12688894219237226,0.41496761813384503,0.28208203406092586,0.1760614056128568,0.5618795499669094
936,748.4171428571428,1.6457142857142857,5.371428571428571,11.057142857142857,1625.9657142857143,-1.3685904761904761,0.6571428571428571,0.9885714285714285,6.8,1828.0,2100.0,0.0038095238095238095,0.41904761904761906,0.5771428571428572,0.13977591036414566,0.37787114845938374,0.33585434173669465,0.14649859943977592,0.6006944444444444
937,759.4431818181819,1.3977272727272727,5.325,11.556818181818182,1611.1477272727273,-1.5159318181818182,0.6931818181818182,0.7045454545454546,5.909090909090909,1807.5,2130.0,0.0,0.45,0.55,0.15346153846153845,0.26153846153846155,0.3476923076923077,0.2373076923076923,0.5040650406504065
938,734.7563218390804,2.845977011494253,6.006896551724138,12.07816091954023,1593.8620689655172,-1.5379080459770116,1.3839080459770114,1.4620689655172414,6.937931034482759,1769.0,2100.0,0.0,0.4574712643678161,0.542528735632184,0.13286944996686548,0.5043074884029158,0.19516235917826374,0.16766070245195494,0.5137318255250404
939,727.7798449612403,1.5565891472868216,5.151937984496124,10.806201550387597,1642.1302325581396,-0.9937364341085272,0.703875968992248,0.8527131782945736,7.672868217054264,1830.0,2116.0,0.0031007751937984496,0.43410852713178294,0.5627906976744186,0.10183875530410184,0.43847241867043846,0.32531824611032534,0.13437057991513437,0.547808764940239
940,815.4377358490566,2.9452830188679244,5.662264150943396,11.375471698113207,1643.8509433962265,-1.576188679245283,1.3679245283018868,1.5773584905660378,5.467924528301887,1830.0,2140.0,0.0,0.44339622641509435,0.5566037735849056,0.14216701173222912,0.19496204278812976,0.4113181504485852,0.2515527950310559,0.535554131966688
941,681.0711009174312,1.0940366972477065,6.098623853211009,13.23165137614679,1542.5550458715597,-1.0255733944954128,0.6330275229357798,0.4610091743119266,7.254587155963303,1733.0,2076.5,0.0022935779816513763,0.49311926605504586,0.5045871559633027,0.12171988618400253,0.48371798925071136,0.2703129939930446,0.12424913057224155,0.42138364779874216
942,666.6028037383178,0.7453271028037384,8.36214953271028,18.976635514018692,1320.8901869158879,-1.8476401869158878,0.3177570093457944,0.42757009345794394,6.640186915887851,1330.0,2010.0,0.0,0.6612149532710281,0.338785046728972,0.1481351161154117,0.3800140745953554,0.32969739619985927,0.14215341308937368,0.5736677115987461
943,826.9586614173228,1.1003937007874016,6.133858267716535,12.582677165354331,1575.9960629921259,-1.612283464566929,0.65748031496063,0.44291338582677164,6.141732283464567,1692.0,2090.0,0.003937007874015748,0.5649606299212598,0.4311023622047244,0.14294871794871794,0.2375,0.4198717948717949,0.1996794871794872,0.40250447227191416
944,725.6355748373102,2.336225596529284,7.629067245119306,15.822125813449023,1455.4208242950108,-1.5144902386117138,1.1670281995661604,1.1691973969631237,7.544468546637744,1461.0,2100.0,0.004338394793926247,0.5292841648590022,0.46637744034707157,0.13858539390454283,0.49856239217941345,0.21995399654974124,0.14289821736630248,0.500464252553389
945,740.8623417721519,2.5537974683544302,6.079113924050633,13.001582278481013,1580.4588607594937,-0.7908069620253164,1.1819620253164558,1.3718354430379747,7.068037974683544,1750.0,2110.0,0.006329113924050633,0.5268987341772152,0.46677215189873417,0.12782628162077456,0.38706066711439446,0.3098276248041191,0.17528542646071188,0.5371747211895911
946,759.9272030651341,1.3505747126436782,6.461685823754789,13.814176245210728,1531.0095785440612,-1.600383141762452,0.6839080459770115,0.6666666666666666,5.902298850574713,1649.0,2070.0,0.0,0.5842911877394636,0.4157088122605364,0.13307367737747486,0.2697176241480039,0.3615709185329439,0.23563777994157742,0.49361702127659574
947,664.8761467889908,1.2224770642201834,6.60091743119266,13.715596330275229,1505.6628440366972,-1.493922018348624,0.5298165137614679,0.6926605504587156,6.997706422018348,1637.5,2050.0,0.0,0.5229357798165137,0.47706422018348627,0.11963290724352671,0.4503441494591937,0.2946574893477548,0.13536545394952473,0.5666041275797373
948,630.5239085239085,1.4158004158004158,7.330561330561331,14.945945945945946,1463.049896049896,-1.0867359667359668,0.6943866943866944,0.7214137214137214,6.777546777546777,1546.0,2040.0,0.006237006237006237,0.5467775467775468,0.446985446985447,0.1312883435582822,0.4582822085889571,0.27208588957055213,0.1383435582822086,0.5095447870778267
949,742.0096418732783,0.8154269972451791,5.918732782369146,12.381542699724518,1582.9035812672175,-1.4747107438016531,0.47107438016528924,0.3443526170798898,6.1735537190082646,1750.0,2100.0,0.0,0.4696969696969697,0.5303030303030303,0.09727800089245872,0.2927264614011602,0.3819723337795627,0.22802320392681838,0.4222972972972973
950,718.0803571428571,1.2678571428571428,5.824404761904762,12.592261904761905,1561.0892857142858,-1.5483035714285716,0.6577380952380952,0.6101190476190477,6.244047619047619,1689.5,2070.0,0.0,0.5119047619047619,0.4880952380952381,0.08436606291706387,0.45662535748331745,0.3017159199237369,0.1572926596758818,0.4812206572769953
951,710.7544715447154,1.183739837398374,6.941463414634146,14.180487804878048,1513.9853658536585,-0.8272357723577236,0.5317073170731708,0.6520325203252032,7.432520325203252,1642.0,2060.0,0.008130081300813009,0.5073170731707317,0.4845528455284553,0.1367315685845548,0.42747757602275216,0.29555895865237364,0.1402318967403194,0.5508241758241759
952,741.1417322834645,0.889763779527559,7.25984251968504,15.080708661417322,1491.5846456692914,-1.7165551181102363,0.4153543307086614,0.4744094488188976,5.9547244094488185,1562.5,2100.0,0.0,0.5610236220472441,0.4389763779527559,0.13190082644628098,0.26049586776859507,0.3705785123966942,0.23702479338842974,0.5331858407079646
953,699.4294605809129,1.0684647302904564,7.425311203319502,15.686721991701244,1436.7759336099584,-0.3966390041493776,0.5663900414937759,0.5020746887966805,7.3796680497925315,1502.5,2050.0,0.008298755186721992,0.5726141078838174,0.4190871369294606,0.12145066066910318,0.4456002249086309,0.32527410739387125,0.10767500702839472,0.46990291262135925
954,749.2158385093168,1.389751552795031,6.72360248447205,14.01086956521739,1529.4285714285713,-0.8312732919254658,0.717391304347826,0.672360248447205,7.419254658385094,1611.0,2070.0,0.010869565217391304,0.5263975155279503,0.46273291925465837,0.11845960652992885,0.4579321892005023,0.28589367936375054,0.13771452490581834,0.48379888268156424
955,765.0068259385665,0.6382252559726962,6.8941979522184305,13.930034129692833,1515.5273037542663,-1.597901023890785,0.3378839590443686,0.3003412969283277,6.136518771331058,1593.0,2070.0,0.0,0.5580204778156996,0.44197952218430037,0.12875417130144606,0.2575083426028921,0.36763070077864296,0.2461067853170189,0.47058823529411764
956,711.5103189493433,1.3133208255159474,7.225140712945591,15.183864915572233,1476.4315196998123,-1.5129268292682927,0.626641651031895,0.6866791744840526,7.00750469043152,1566.0,2090.0,0.00375234521575985,0.5440900562851783,0.4521575984990619,0.13681392235609102,0.44792503346720214,0.2497991967871486,0.16546184738955824,0.5228571428571429
957,696.8658536585366,0.5121951219512195,6.695121951219512,14.4369918699187,1474.0426829268292,-1.7378658536585365,0.28252032520325204,0.22967479674796748,6.963414634146342,1585.0,2039.9,0.0,0.5487804878048781,0.45121951219512196,0.13047285464098074,0.44862813776999416,0.2600700525394046,0.16082895504962055,0.44841269841269843
958,680.4334763948498,1.094420600858369,7.437768240343348,14.944206008583691,1493.5965665236051,-1.110450643776824,0.6781115879828327,0.41630901287553645,6.053648068669528,1554.0,2058.5,0.006437768240343348,0.5171673819742489,0.47639484978540775,0.16058135412974123,0.3225806451612903,0.27472527472527475,0.24211272598369374,0.3803921568627451
959,691.2873399715505,0.5988620199146515,6.590327169274538,13.186344238975819,1538.2645803698435,-1.6071692745376955,0.310099573257468,0.2887624466571835,7.005689900426742,1640.0,2060.0,0.0,0.5092460881934566,0.4907539118065434,0.10477157360406092,0.46091370558375633,0.2578680203045685,0.1764467005076142,0.4821852731591449
960,737.6458333333334,1.5032051282051282,7.4006410256410255,14.838141025641026,1474.7628205128206,2.1241346153846155,0.7852564102564102,0.717948717948718,7.145833333333333,1558.0,2077.0000000000005,0.046474358974358976,0.5032051282051282,0.45032051282051283,0.14487553263063468,0.3969499887867235,0.29311504821708906,0.16505943036555282,0.47761194029850745
961,703.5246478873239,0.9929577464788732,7.019366197183099,14.360915492957746,1499.7429577464789,-0.9653345070422537,0.5211267605633803,0.47183098591549294,6.389084507042254,1647.5,2090.0,0.014084507042253521,0.5492957746478874,0.43661971830985913,0.14301460457426288,0.30779829154036925,0.3425186001653348,0.20666850372003306,0.475177304964539
962,671.2739420935412,1.158129175946548,7.583518930957684,15.68596881959911,1477.5367483296213,-1.7954120267260578,0.5946547884187082,0.5634743875278396,6.977728285077951,1572.0,2049.2,0.0,0.5545657015590201,0.44543429844098,0.13916374082349187,0.44015320778806255,0.2942866262368337,0.12639642515161187,0.48653846153846153
963,668.9789719626168,1.2266355140186915,7.997663551401869,17.24532710280374,1387.8457943925234,-1.4246495327102804,0.6191588785046729,0.6074766355140186,7.271028037383178,1402.5,2060.0,0.004672897196261682,0.5934579439252337,0.40186915887850466,0.1365681233933162,0.4723650385604113,0.2667095115681234,0.1243573264781491,0.49523809523809526
964,759.9229166666667,1.3416666666666666,7.254166666666666,15.135416666666666,1479.3666666666666,-0.22339583333333338,0.6958333333333333,0.6458333333333334,6.225,1560.5,2110.8,0.010416666666666666,0.60625,0.38333333333333336,0.142904953145917,0.3102409638554217,0.30823293172690763,0.23862115127175368,0.4813664596273292
965,703.8477801268499,0.4418604651162791,6.8308668076109935,14.530655391120508,1485.139534883721,-1.623446088794926,0.23678646934460887,0.20507399577167018,6.706131078224101,1604.0,2058.0,0.0,0.5306553911205074,0.4693446088794926,0.12957124842370743,0.44388398486759145,0.25851197982345525,0.1680327868852459,0.46411483253588515
966,700.0952380952381,0.5928571428571429,7.9,17.211904761904762,1395.1761904761904,-1.6305238095238097,0.36666666666666664,0.2261904761904762,6.433333333333334,1471.0,2020.1,0.002380952380952381,0.5595238095238095,0.4380952380952381,0.13619541080680977,0.35862324204293117,0.33419689119170987,0.17098445595854922,0.3815261044176707
967,746.83,0.51,7.3625,15.3175,1470.2275,-1.637725,0.29,0.22,5.98,1601.0,2093.4,0.0,0.5575,0.4425,0.14255852842809363,0.30058528428093645,0.3277591973244147,0.22909698996655517,0.43137254901960786
968,679.1824480369515,0.9099307159353349,8.133949191685913,17.26096997690531,1380.35103926097,-1.0155427251732103,0.3856812933025404,0.5242494226327945,7.113163972286374,1430.0,1979.0,0.011547344110854504,0.6166281755196305,0.371824480369515,0.1224025974025974,0.5230519480519481,0.19155844155844157,0.16298701298701299,0.5761421319796954
969,743.8676923076923,0.45384615384615384,6.996923076923077,14.518461538461539,1497.6661538461537,-1.4774153846153848,0.2246153846153846,0.22923076923076924,7.596923076923077,1580.0,2040.0,0.0015384615384615385,0.5338461538461539,0.4646153846153846,0.11502632644795464,0.41919805589307413,0.31713244228432563,0.1486431753746456,0.5050847457627119
970,755.5040983606557,1.0594262295081966,7.016393442622951,14.604508196721312,1508.4180327868853,-1.6434016393442623,0.5491803278688525,0.5102459016393442,5.815573770491803,1630.0,2081.5,0.0,0.5286885245901639,0.4713114754098361,0.1416490486257928,0.20648343904157856,0.41719520789288234,0.2346723044397463,0.4816247582205029
971,735.6888888888889,0.8380952380952381,6.0,12.653968253968253,1562.9761904761904,-0.7983968253968254,0.3904761904761905,0.44761904761904764,7.146031746031746,1703.5,2090.0,0.009523809523809525,0.5555555555555556,0.43492063492063493,0.11128387383385162,0.45224344735673033,0.27498889382496666,0.16148378498445135,0.5340909090909091
972,732.457528957529,0.6351351351351351,5.866795366795367,12.345559845559846,1584.5444015444016,-1.5597490347490348,0.3127413127413127,0.3223938223938224,6.625482625482626,1720.0,2100.0,0.0,0.48455598455598453,0.5154440154440154,0.11800699300699301,0.3817016317016317,0.3106060606060606,0.1896853146853147,0.5075987841945289
973,742.8752515090544,1.130784708249497,6.776659959758551,14.319919517102615,1521.2917505030182,-1.6011670020120723,0.5653923541247485,0.5653923541247485,6.134808853118712,1630.0,2120.0,0.002012072434607646,0.545271629778672,0.45271629778672035,0.13840603476549687,0.26894063627418824,0.3879960642833716,0.20465726467694326,0.5
974,685.7636815920398,1.400497512437811,6.838308457711443,14.865671641791044,1474.1492537313434,-1.717537313432836,0.7089552238805971,0.6915422885572139,7.393034825870647,1639.5,2089.4,0.0,0.5422885572139303,0.4577114427860697,0.11944818304172275,0.5706594885598923,0.16722745625841184,0.1426648721399731,0.4937833037300178
975,625.4978723404255,0.8106382978723404,7.282978723404256,15.293617021276596,1465.027659574468,-1.655063829787234,0.4085106382978723,0.4021276595744681,6.974468085106383,1559.0,2070.0,0.0,0.5382978723404256,0.46170212765957447,0.12568639414276997,0.424039048200122,0.29987797437461866,0.1503965832824893,0.49606299212598426
976,684.323275862069,1.3254310344827587,6.683189655172414,14.049568965517242,1526.6918103448277,1.4567887931034482,0.6379310344827587,0.6875,5.8125,1670.0,2137.0,0.017241379310344827,0.5129310344827587,0.4698275862068966,0.146459028550241,0.2617723396366333,0.335558027437894,0.25621060437523174,0.5186991869918699
977,719.7329700272479,0.896457765667575,6.7574931880108995,13.779291553133515,1518.1362397820164,-1.4926430517711171,0.4250681198910082,0.4713896457765668,6.471389645776567,1666.0,2060.0,0.0,0.5231607629427792,0.4768392370572207,0.09263157894736843,0.4825263157894737,0.29557894736842105,0.12926315789473683,0.5258358662613982
978,690.8439306358382,1.1368015414258188,6.684007707129094,14.271676300578035,1520.077071290944,-1.3579768786127167,0.5876685934489403,0.5491329479768786,7.233140655105973,1640.0,2070.0,0.0038535645472061657,0.5260115606936416,0.4701348747591522,0.1254661694192861,0.46483750665956314,0.257858284496537,0.15183803942461374,0.4830508474576271
979,742.7736111111111,0.5902777777777778,6.229166666666667,13.588888888888889,1540.2916666666667,-1.4985694444444444,0.3055555555555556,0.2847222222222222,6.277777777777778,1680.0,2100.0,0.001388888888888889,0.5486111111111112,0.45,0.1002212389380531,0.2922566371681416,0.3696902654867257,0.23783185840707965,0.4823529411764706
980,757.1674641148326,1.2360446570972887,6.244019138755981,12.86762360446571,1608.8133971291866,-1.3931259968102074,0.6283891547049442,0.6076555023923444,6.760765550239235,1750.0,2153.6,0.003189792663476874,0.5167464114832536,0.4800637958532695,0.11818825194621373,0.4182590233545648,0.2906345836282142,0.1729181410710073,0.4916129032258065
981,751.1324921135647,1.7981072555205047,6.542586750788644,13.697160883280757,1548.2854889589905,-0.7474921135646687,0.8296529968454258,0.9684542586750788,7.634069400630914,1710.0,2120.0,0.00946372239747634,0.5441640378548895,0.44637223974763407,0.11549586776859504,0.43822314049586775,0.3002066115702479,0.14607438016528926,0.5385964912280702
982,798.6056838365897,0.6838365896980462,6.404973357015986,13.076376554174068,1556.3001776198935,-1.449094138543517,0.3428063943161634,0.3410301953818828,6.2060390763765545,1715.0,2100.0,0.0,0.48134991119005327,0.5186500888099467,0.1333714939896966,0.28534630795649685,0.3637664567830567,0.21751574127074985,0.4987012987012987
983,757.8634812286689,1.1791808873720135,6.401023890784983,12.80716723549488,1567.2901023890786,-1.566689419795222,0.5187713310580204,0.6604095563139932,7.28839590443686,1730.0,2100.0,0.0,0.49658703071672355,0.5034129692832765,0.10348864434558651,0.44041208147974714,0.32287520487005383,0.1332240693046125,0.5600578871201157
984,796.3125,0.9847560975609756,6.786585365853658,14.128048780487806,1508.907012195122,-0.9427591463414635,0.4496951219512195,0.5350609756097561,7.3064024390243905,1609.0,2081.5,0.009146341463414634,0.5335365853658537,0.4573170731707317,0.11579386605466305,0.45357813477988734,0.2722720634258293,0.15835593573962028,0.5433436532507739
985,814.0294695481336,0.3614931237721022,5.703339882121807,11.860510805500983,1595.6601178781925,-1.2715520628683694,0.1512770137524558,0.21021611001964635,6.149312377210216,1782.0,2090.0,0.003929273084479371,0.47347740667976423,0.5225933202357563,0.136741214057508,0.2744408945686901,0.3523961661341853,0.2364217252396166,0.5815217391304348
986,814.1637764932563,0.9518304431599229,5.7398843930635834,12.177263969171484,1560.7726396917149,0.5968015414258188,0.4142581888246628,0.5375722543352601,6.961464354527938,1710.0,2082.0,0.023121387283236993,0.43352601156069365,0.5433526011560693,0.13119291447550513,0.44782729034043733,0.24384168281206753,0.17713811237199004,0.5647773279352226
987,773.3536585365854,0.3516260162601626,6.6727642276422765,13.495934959349594,1517.3678861788617,-0.9094308943089431,0.16869918699186992,0.18292682926829268,7.373983739837398,1667.5,2050.0,0.0040650406504065045,0.5060975609756098,0.4898373983739837,0.139470782800441,0.43136714443219404,0.26488423373759645,0.16427783902976847,0.5202312138728323
988,710.4526315789474,0.6,6.825263157894737,14.498947368421053,1499.6842105263158,-1.6126315789473684,0.3473684210526316,0.25263157894736843,5.703157894736842,1630.0,2063.6000000000004,0.0,0.5452631578947369,0.45473684210526316,0.14765596160945,0.29088224437061644,0.29494278331487633,0.26651901070505724,0.42105263157894735
989,766.5926449787836,0.23055162659123055,5.476661951909477,11.848656294200849,1569.9377652050919,-1.4375388967468177,0.09900990099009901,0.13154172560113153,7.311173974540311,1710.0,2050.0,0.0,0.471004243281471,0.5289957567185289,0.09982588508415555,0.4687560456568002,0.2739408009286129,0.1574772683304314,0.5705521472392638
990,795.737896494157,0.5926544240400667,6.455759599332221,13.52253756260434,1509.1118530884808,0.3091318864774624,0.27712854757929883,0.31552587646076796,7.252086811352254,1610.0,2060.0,0.015025041736227046,0.5125208681135225,0.4724540901502504,0.13052486187845305,0.4072283609576427,0.30893186003683243,0.15331491712707182,0.532394366197183
991,761.9250936329588,0.5730337078651685,6.567415730337078,13.589887640449438,1520.8370786516855,-1.195880149812734,0.37453183520599254,0.19850187265917604,6.307116104868914,1648.5,2090.0,0.0018726591760299626,0.48314606741573035,0.5149812734082397,0.13064133016627077,0.29334916864608074,0.3485748218527316,0.22743467933491687,0.3464052287581699
992,732.9132653061224,0.7908163265306123,6.198979591836735,13.329081632653061,1531.0255102040817,-1.6064285714285715,0.42346938775510207,0.3673469387755102,7.025510204081633,1687.5,2070.0,0.0,0.46938775510204084,0.5306122448979592,0.11909949164851126,0.4662309368191721,0.2763253449527959,0.1383442265795207,0.4645161290322581
993,645.3234782608696,0.4956521739130435,6.822608695652174,14.775652173913043,1445.7895652173913,1.9068695652173915,0.22434782608695653,0.271304347826087,7.626086956521739,1525.0,2038.4,0.036521739130434785,0.5234782608695652,0.44,0.13568985176738882,0.4581527936145952,0.28164196123147095,0.12451539338654503,0.5473684210526316
994,818.576017130621,0.5524625267665952,6.732334047109208,13.747323340471093,1529.8394004282654,-1.4493147751605997,0.32119914346895073,0.23126338329764454,6.687366167023555,1649.0,2090.0,0.0021413276231263384,0.5481798715203426,0.44967880085653106,0.1495357028498239,0.31412103746397696,0.31187960294588535,0.2244636567403138,0.4186046511627907
995,733.0208728652751,1.3377609108159392,5.7893738140417454,12.248576850094876,1587.0170777988615,-0.8692599620493359,0.6755218216318786,0.6622390891840607,6.772296015180266,1800.0,2110.0,0.0056925996204933585,0.4117647058823529,0.5825426944971537,0.10927430652843934,0.45727094424208464,0.2605771924908938,0.17287755673858224,0.4950354609929078
996,714.3620386643233,0.655536028119508,6.462214411247803,14.10896309314587,1471.4411247803164,2.3747275922671354,0.37258347978910367,0.28295254833040423,6.934973637961336,1580.0,2050.0,0.028119507908611598,0.5272407732864675,0.4446397188049209,0.1449569183983781,0.39204257475924986,0.30486568677141407,0.15813482007095794,0.4316353887399464
997,714.4789356984479,0.2572062084257206,7.188470066518847,14.840354767184035,1482.580931263858,0.6864523281596452,0.14634146341463414,0.11086474501108648,6.07760532150776,1620.0,2100.0,0.015521064301552107,0.5210643015521065,0.4634146341463415,0.1492156147391463,0.3177672382342211,0.29660707770886535,0.23641006931776723,0.43103448275862066
998,700.3348314606742,0.7258426966292135,7.61123595505618,16.725842696629215,1400.2876404494382,-1.1851011235955056,0.3797752808988764,0.34606741573033706,7.141573033707865,1510.0,1990.0,0.0022471910112359553,0.6606741573033708,0.33707865168539325,0.14568911264946507,0.5242290748898678,0.15984896161107615,0.17023285084959094,0.47678018575851394
999,725.3363754889178,0.39113428943937417,6.146023468057367,13.005215123859191,1522.22555410691,0.5765710560625815,0.20990873533246415,0.18122555410691005,7.220338983050848,1680.0,2070.0,0.02216427640156454,0.49022164276401564,0.4876140808344198,0.09443842542434092,0.4438425424340917,0.3080534488985193,0.15366558324304802,0.4633333333333333
1000,791.6878504672898,0.6242990654205608,6.897196261682243,14.777570093457944,1474.0224299065421,-0.5113084112149534,0.28598130841121494,0.3383177570093458,6.327102803738318,1592.0,2070.0,0.007476635514018692,0.5420560747663551,0.4504672897196262,0.14623338257016247,0.2413589364844904,0.40649926144756277,0.20590841949778435,0.5419161676646707
