generation,lifetime,energy_at_death,food_low,food_medium,food_prestige,food_default,cells_visited,predator_touches,drained_ticks,cave_entries,cave_entries_day,cave_entries_night,frac_death_drained,frac_death_starved
1,1512.5479452054794,-2.1576712328767123,4.835616438356165,0.726027397260274,0.0136986301369863,1.356164383561644,441.26027397260276,9.102739726027398,14.698630136986301,0.1232876712328767,0.0821917808219178,0.0410958904109589,0.6712328767123288,0.3287671232876712
2,1424.4431818181818,-1.898125,4.051136363636363,1.3522727272727273,0.29545454545454547,0.8125,504.34659090909093,8.051136363636363,15.471590909090908,0.375,0.1534090909090909,0.2215909090909091,0.5568181818181818,0.4431818181818182
3,1300.125748502994,-1.8285029940119761,5.664670658682635,0.9580838323353293,0.23952095808383234,0.9820359281437125,454.21556886227546,9.173652694610778,19.12574850299401,0.10179640718562874,0.059880239520958084,0.041916167664670656,0.6167664670658682,0.38323353293413176
4,1322.8135593220338,-1.8156779661016949,1.6101694915254237,0.8050847457627118,0.1694915254237288,0.635593220338983,440.46610169491527,10.389830508474576,19.016949152542374,0.22033898305084745,0.11016949152542373,0.11016949152542373,0.6440677966101694,0.3559322033898305
5,1267.289156626506,-1.9175301204819277,5.355421686746988,1.0120481927710843,0.30120481927710846,0.7168674698795181,407.23493975903614,9.620481927710843,19.620481927710845,0.42771084337349397,0.22289156626506024,0.20481927710843373,0.6144578313253012,0.3855421686746988
6,1285.9006211180124,-1.9370186335403727,3.5093167701863353,1.720496894409938,0.20496894409937888,1.0186335403726707,408.3664596273292,8.409937888198758,18.099378881987576,0.16770186335403728,0.08074534161490683,0.08695652173913043,0.6521739130434783,0.34782608695652173
7,1269.6068376068376,-1.9517948717948719,2.0,0.6666666666666666,0.1794871794871795,0.5470085470085471,382.04273504273505,10.042735042735043,20.683760683760685,0.21367521367521367,0.02564102564102564,0.18803418803418803,0.7350427350427351,0.26495726495726496
8,1196.462857142857,-1.9130285714285715,3.7942857142857145,1.4514285714285715,0.4228571428571429,0.6971428571428572,337.7542857142857,10.548571428571428,20.565714285714286,0.12,0.05142857142857143,0.06857142857142857,0.6628571428571428,0.33714285714285713
9,1190.942857142857,-1.7976428571428573,4.485714285714286,0.7714285714285715,0.1,0.95,336.7857142857143,9.364285714285714,21.07857142857143,0.05714285714285714,0.007142857142857143,0.05,0.65,0.35
10,1440.0555555555557,-1.815277777777778,0.9351851851851852,0.6574074074074074,0.17592592592592593,0.4166666666666667,288.5925925925926,8.018518518518519,16.87962962962963,0.018518518518518517,0.009259259259259259,0.009259259259259259,0.6759259259259259,0.32407407407407407
11,1266.5573770491803,-1.8577595628415302,3.737704918032787,1.6120218579234973,0.6612021857923497,0.5628415300546448,340.05464480874315,7.666666666666667,18.65573770491803,0.08196721311475409,0.04918032786885246,0.03278688524590164,0.6120218579234973,0.3879781420765027
12,1290.185393258427,-1.7731460674157304,2.556179775280899,1.196629213483146,0.6123595505617978,1.0561797752808988,391.4325842696629,8.48876404494382,18.39325842696629,0.09550561797752809,0.028089887640449437,0.06741573033707865,0.6123595505617978,0.38764044943820225
13,1531.4490740740741,-1.7406481481481482,1.2175925925925926,1.7037037037037037,1.0833333333333333,0.7037037037037037,563.4953703703703,7.032407407407407,13.643518518518519,0.13425925925925927,0.09259259259259259,0.041666666666666664,0.5972222222222222,0.4027777777777778
14,1222.763440860215,-1.75494623655914,3.1774193548387095,1.1129032258064515,0.478494623655914,0.5806451612903226,523.3440860215054,9.13978494623656,20.021505376344088,0.553763440860215,0.3172043010752688,0.23655913978494625,0.6505376344086021,0.34946236559139787
15,1312.9123711340205,-1.825979381443299,4.536082474226804,1.0103092783505154,0.31443298969072164,0.9072164948453608,510.2680412371134,7.855670103092783,17.90721649484536,0.30412371134020616,0.13917525773195877,0.16494845360824742,0.6030927835051546,0.39690721649484534
16,1259.1607142857142,0.4241666666666667,1.4285714285714286,1.0357142857142858,0.5952380952380952,0.75,569.25,9.755952380952381,19.666666666666668,0.6130952380952381,0.39880952380952384,0.21428571428571427,0.6488095238095238,0.3392857142857143
17,1379.9941176470588,-1.5994117647058823,4.411764705882353,1.2882352941176471,0.21764705882352942,0.6470588235294118,551.6294117647059,8.135294117647058,16.311764705882354,0.19411764705882353,0.07647058823529412,0.11764705882352941,0.5705882352941176,0.4294117647058823
18,1357.7938144329896,-1.654278350515464,3.5670103092783507,1.4742268041237114,0.31958762886597936,1.0670103092783505,501.4742268041237,7.376288659793815,16.84536082474227,1.134020618556701,0.5670103092783505,0.5670103092783505,0.5309278350515464,0.4690721649484536
19,1494.2827586206897,-1.5797241379310345,2.393103448275862,0.8413793103448276,0.3103448275862069,0.993103448275862,543.4344827586207,7.275862068965517,14.662068965517241,0.2,0.07586206896551724,0.12413793103448276,0.5241379310344828,0.47586206896551725
20,1358.3385826771653,-1.5587795275590552,3.059055118110236,1.468503937007874,0.7086614173228346,1.0118110236220472,544.4173228346457,7.68503937007874,16.590551181102363,0.3110236220472441,0.22440944881889763,0.08661417322834646,0.5551181102362205,0.4448818897637795
21,1379.64192139738,-1.6651528384279475,3.4541484716157207,1.9213973799126638,0.4366812227074236,0.9519650655021834,560.8864628820961,7.611353711790393,16.24454148471616,0.2794759825327511,0.20087336244541484,0.07860262008733625,0.5502183406113537,0.4497816593886463
22,1365.0281690140846,-1.8804225352112676,1.7887323943661972,0.6267605633802817,0.528169014084507,0.6901408450704225,535.0774647887324,8.535211267605634,18.098591549295776,1.6549295774647887,0.704225352112676,0.9507042253521126,0.6126760563380281,0.3873239436619718
23,1409.074418604651,-1.629953488372093,4.097674418604651,0.8883720930232558,0.49767441860465117,0.4930232558139535,499.8511627906977,6.7627906976744185,15.106976744186046,0.15813953488372093,0.13488372093023257,0.023255813953488372,0.5488372093023256,0.4511627906976744
24,1386.3901345291479,-1.5972645739910314,3.4349775784753365,1.484304932735426,0.6457399103139013,0.8116591928251121,479.3318385650224,6.542600896860987,15.188340807174887,0.6502242152466368,0.24663677130044842,0.40358744394618834,0.5022421524663677,0.4977578475336323
25,1560.8844221105528,-1.3671356783919597,2.6231155778894473,1.321608040201005,0.6733668341708543,0.9748743718592965,614.1809045226131,6.125628140703518,12.758793969849247,0.3417085427135678,0.1507537688442211,0.19095477386934673,0.5025125628140703,0.49748743718592964
26,1429.2801556420234,-1.4738521400778208,3.1439688715953307,1.6303501945525292,0.6536964980544747,0.47470817120622566,574.1322957198444,6.634241245136187,14.964980544747082,0.05058365758754864,0.027237354085603113,0.023346303501945526,0.5097276264591439,0.490272373540856
27,1307.5490909090909,-1.787309090909091,4.163636363636364,1.5745454545454545,0.41454545454545455,0.7236363636363636,535.9745454545455,8.105454545454545,18.283636363636365,0.10545454545454545,0.025454545454545455,0.08,0.6145454545454545,0.38545454545454544
28,1506.8893617021276,-1.5733191489361702,1.553191489361702,1.6127659574468085,1.0,0.7531914893617021,666.268085106383,6.4425531914893615,13.791489361702128,0.5574468085106383,0.2425531914893617,0.3148936170212766,0.4978723404255319,0.502127659574468
29,1298.516587677725,-1.6613744075829384,3.7535545023696684,1.2559241706161137,0.36492890995260663,0.6872037914691943,475.87203791469193,7.421800947867299,18.09478672985782,0.023696682464454975,0.014218009478672985,0.009478672985781991,0.5545023696682464,0.44549763033175355
30,1475.5953177257525,-1.5021404682274246,2.3043478260869565,1.4983277591973243,1.0568561872909699,0.7892976588628763,625.0936454849499,6.608695652173913,14.033444816053512,0.06020066889632107,0.033444816053511704,0.026755852842809364,0.5016722408026756,0.4983277591973244
31,1193.6690647482014,-1.5938129496402877,1.3597122302158273,1.3597122302158273,0.2014388489208633,0.6906474820143885,527.8345323741007,9.352517985611511,21.942446043165468,0.37410071942446044,0.16546762589928057,0.20863309352517986,0.6834532374100719,0.31654676258992803
32,1396.6485355648535,-1.6285774058577407,3.062761506276151,1.2217573221757323,0.6359832635983264,0.7405857740585774,536.8493723849373,7.355648535564853,16.08786610878661,0.4811715481171548,0.2384937238493724,0.24267782426778242,0.502092050209205,0.497907949790795
33,1359.2766666666666,-1.6329666666666667,3.4166666666666665,1.5266666666666666,0.8333333333333334,0.87,570.2466666666667,7.32,16.80666666666667,0.08,0.03333333333333333,0.04666666666666667,0.5566666666666666,0.44333333333333336
34,1520.9012345679012,-1.5858847736625514,2.0041152263374484,1.2304526748971194,1.0823045267489713,0.8765432098765432,693.7530864197531,6.477366255144033,13.74074074074074,0.38271604938271603,0.11934156378600823,0.26337448559670784,0.5679012345679012,0.43209876543209874
35,1376.4144144144145,-1.7272522522522522,4.256756756756757,1.2342342342342343,0.5720720720720721,0.47297297297297297,617.1756756756756,7.387387387387387,15.882882882882884,0.5,0.32882882882882886,0.17117117117117117,0.536036036036036,0.46396396396396394
36,1345.3099041533546,-1.6776996805111821,2.741214057507987,1.8019169329073483,0.7891373801916933,0.9201277955271565,638.482428115016,7.198083067092652,17.207667731629392,0.20447284345047922,0.09584664536741214,0.10862619808306709,0.5175718849840255,0.48242811501597443
37,1393.9877551020409,-0.42183673469387767,2.089795918367347,1.2612244897959184,0.9224489795918367,0.673469387755102,667.204081632653,7.714285714285714,16.559183673469388,0.1836734693877551,0.10612244897959183,0.07755102040816327,0.563265306122449,0.4326530612244898
38,1425.7859649122806,-1.394736842105263,3.143859649122807,2.2350877192982455,0.6210526315789474,0.8771929824561403,627.9403508771929,6.442105263157894,14.807017543859649,0.3263157894736842,0.17543859649122806,0.15087719298245614,0.5052631578947369,0.49122807017543857
39,1459.1698113207547,-1.6836163522012577,4.0062893081761,1.6823899371069182,0.6698113207547169,0.8207547169811321,705.1572327044025,6.5251572327044025,14.11320754716981,0.1540880503144654,0.09119496855345911,0.06289308176100629,0.5628930817610063,0.4371069182389937
40,1548.7736486486488,-1.6240878378378378,1.364864864864865,1.5675675675675675,1.3885135135135136,0.7668918918918919,681.081081081081,6.010135135135135,12.942567567567568,0.08783783783783784,0.05405405405405406,0.033783783783783786,0.5168918918918919,0.4831081081081081
41,1425.0261437908496,-1.620653594771242,2.892156862745098,1.3725490196078431,1.0196078431372548,0.5163398692810458,663.2156862745098,6.490196078431373,15.133986928104575,0.5784313725490197,0.2777777777777778,0.3006535947712418,0.545751633986928,0.4542483660130719
42,1465.8337950138505,-1.5789196675900277,2.457063711911357,1.2382271468144044,1.3545706371191135,0.6952908587257618,666.5346260387812,6.598337950138504,14.437673130193906,0.518005540166205,0.2880886426592798,0.2299168975069252,0.5013850415512465,0.4986149584487535
43,1589.0407523510971,-1.6138244514106586,1.7366771159874608,1.6206896551724137,1.3103448275862069,0.6865203761755486,760.2727272727273,5.605015673981192,12.181818181818182,0.30407523510971785,0.1974921630094044,0.10658307210031348,0.47335423197492166,0.5266457680250783
44,1535.6868686868686,-1.5317676767676769,2.6666666666666665,1.3636363636363635,0.6919191919191919,0.35858585858585856,709.9343434343434,5.505050505050505,12.080808080808081,1.303030303030303,0.6868686868686869,0.6161616161616161,0.47474747474747475,0.5252525252525253
45,1534.5390835579515,0.3419137466307277,3.6199460916442048,1.7277628032345014,0.9380053908355795,0.633423180592992,712.6684636118598,5.827493261455525,12.331536388140162,0.9973045822102425,0.49326145552560646,0.5040431266846361,0.4743935309973046,0.5094339622641509
46,1557.963503649635,-1.4063868613138686,1.1532846715328466,1.5875912408759123,1.27007299270073,0.6021897810218978,754.0875912408759,5.87956204379562,12.459854014598541,0.5072992700729927,0.3248175182481752,0.18248175182481752,0.43795620437956206,0.5620437956204379
47,1567.179389312977,-1.4577099236641222,3.0839694656488548,1.366412213740458,0.9045801526717557,0.4122137404580153,663.4007633587786,5.1679389312977095,11.534351145038167,0.5267175572519084,0.38549618320610685,0.14122137404580154,0.4198473282442748,0.5801526717557252
48,1551.8032786885246,-1.444016393442623,2.262295081967213,2.1366120218579234,0.9808743169398907,0.680327868852459,695.0136612021857,5.355191256830601,11.96448087431694,0.34153005464480873,0.1448087431693989,0.19672131147540983,0.45081967213114754,0.5491803278688525
49,1438.7948717948718,-1.5718803418803418,1.3162393162393162,1.3803418803418803,1.188034188034188,0.5042735042735043,716.0769230769231,6.64957264957265,15.290598290598291,0.5555555555555556,0.2606837606837607,0.2948717948717949,0.5512820512820513,0.44871794871794873
50,1214.3441860465116,-1.7170697674418605,1.869767441860465,1.213953488372093,0.9488372093023256,0.386046511627907,569.5348837209302,8.590697674418605,19.953488372093023,0.11627906976744186,0.023255813953488372,0.09302325581395349,0.6651162790697674,0.33488372093023255
51,1478.7751004016063,-1.4425301204819276,2.4136546184738954,1.606425702811245,0.7469879518072289,0.5261044176706827,519.2570281124498,5.963855421686747,13.417670682730924,0.13253012048192772,0.08433734939759036,0.04819277108433735,0.4497991967871486,0.5502008032128514
52,1268.712,-1.6764000000000001,0.944,0.416,0.576,0.36,520.128,8.616,19.712,0.456,0.432,0.024,0.752,0.248
53,1103.9857142857143,-1.9913809523809525,3.1523809523809523,1.2,0.7571428571428571,0.38571428571428573,469.95238095238096,9.471428571428572,22.876190476190477,0.11428571428571428,0.09047619047619047,0.023809523809523808,0.7666666666666667,0.23333333333333334
54,1324.5967741935483,-1.696975806451613,2.7379032258064515,1.4758064516129032,0.8830645161290323,0.6653225806451613,551.5564516129032,6.709677419354839,16.81451612903226,0.2540322580645161,0.10887096774193548,0.14516129032258066,0.5645161290322581,0.43548387096774194
55,1340.174107142857,-1.8064732142857143,1.5982142857142858,1.5,0.8660714285714286,0.6026785714285714,538.1875,7.316964285714286,17.491071428571427,1.1116071428571428,0.5401785714285714,0.5714285714285714,0.6339285714285714,0.36607142857142855
56,1404.982142857143,-1.5152232142857145,2.5669642857142856,1.7767857142857142,0.5267857142857143,0.48660714285714285,563.6517857142857,7.1875,15.763392857142858,0.004464285714285714,0.0,0.004464285714285714,0.5223214285714286,0.47767857142857145
57,1414.717299578059,-1.6147679324894515,3.9451476793248945,1.409282700421941,0.5443037974683544,0.759493670886076,507.0632911392405,6.848101265822785,15.417721518987342,0.2489451476793249,0.18143459915611815,0.06751054852320675,0.5316455696202531,0.46835443037974683
58,1453.96875,-1.7298214285714286,1.0,1.7767857142857142,0.7767857142857143,0.6785714285714286,528.0982142857143,6.696428571428571,15.084821428571429,0.4419642857142857,0.4017857142857143,0.04017857142857143,0.5580357142857143,0.4419642857142857
59,1468.9602888086642,-1.4527436823104694,3.523465703971119,1.5018050541516246,0.5956678700361011,0.5740072202166066,636.2635379061372,6.51985559566787,14.083032490974729,1.2310469314079422,0.6064981949458483,0.6245487364620939,0.4981949458483754,0.5018050541516246
60,1370.0481927710844,-1.5916867469879517,2.4578313253012047,1.5301204819277108,1.0080321285140563,0.6706827309236948,567.0,7.349397590361446,16.152610441767067,0.6224899598393574,0.4457831325301205,0.17670682730923695,0.5542168674698795,0.4457831325301205
61,1395.3280423280423,-1.6915343915343914,1.619047619047619,1.5343915343915344,0.6825396825396826,0.6878306878306878,527.2962962962963,7.248677248677248,16.37037037037037,0.14814814814814814,0.09523809523809523,0.05291005291005291,0.6137566137566137,0.3862433862433862
62,1420.9310344827586,-1.5223793103448275,2.896551724137931,1.1655172413793105,1.0551724137931036,0.5206896551724138,597.7827586206896,6.213793103448276,14.555172413793104,1.1827586206896552,0.5448275862068965,0.6379310344827587,0.5275862068965518,0.4724137931034483
63,1435.7801608579089,-1.3276675603217158,3.579088471849866,1.6675603217158177,0.9115281501340483,0.6112600536193029,597.8203753351206,6.378016085790884,14.86058981233244,0.9865951742627346,0.45308310991957107,0.5335120643431636,0.5683646112600537,0.4262734584450402
64,1498.7842323651453,-1.5054771784232366,1.6390041493775933,1.2863070539419088,1.1286307053941909,0.6970954356846473,599.7634854771784,5.734439834024896,13.609958506224066,2.224066390041494,1.3278008298755186,0.8962655601659751,0.49377593360995853,0.5062240663900415
65,1496.0390625,-1.5375,3.8515625,1.421875,0.54296875,0.546875,547.375,5.90625,12.9296875,0.4765625,0.25390625,0.22265625,0.4921875,0.5078125
66,1446.8333333333333,-1.56484126984127,2.857142857142857,2.115079365079365,0.5436507936507936,0.6587301587301587,503.86507936507934,6.424603174603175,14.476190476190476,0.25793650793650796,0.14682539682539683,0.1111111111111111,0.4880952380952381,0.5119047619047619
67,1471.4908256880733,-1.7275688073394495,2.0045871559633026,1.385321100917431,0.7844036697247706,0.8669724770642202,552.802752293578,6.610091743119266,14.389908256880734,0.5871559633027523,0.24770642201834864,0.3394495412844037,0.4908256880733945,0.5091743119266054
68,1526.6227758007117,-1.468185053380783,3.224199288256228,1.9217081850533808,0.48398576512455516,0.8683274021352313,536.7402135231317,5.056939501779359,11.97864768683274,0.13523131672597866,0.08540925266903915,0.0498220640569395,0.43416370106761565,0.5658362989323843
69,1553.5595238095239,-1.317936507936508,3.7857142857142856,1.4801587301587302,0.5714285714285714,0.746031746031746,541.3888888888889,4.880952380952381,11.575396825396826,0.2261904761904762,0.09126984126984126,0.1349206349206349,0.44841269841269843,0.5515873015873016
70,1318.784860557769,-1.7542629482071712,1.3824701195219125,1.649402390438247,1.1115537848605577,0.8685258964143426,542.0,8.250996015936256,18.84860557768924,0.0398406374501992,0.01195219123505976,0.027888446215139442,0.5657370517928287,0.4342629482071713
71,1349.5268456375838,-1.6458724832214766,3.3691275167785233,1.5570469798657718,0.6073825503355704,0.5134228187919463,475.16107382550337,6.510067114093959,16.5,0.3624161073825503,0.1912751677852349,0.17114093959731544,0.5134228187919463,0.4865771812080537
72,1296.3666666666666,-1.7018333333333333,3.0083333333333333,1.55,0.7416666666666667,0.65,489.76666666666665,7.220833333333333,17.695833333333333,0.2375,0.12916666666666668,0.10833333333333334,0.55,0.45
73,1487.6008583690987,-1.444549356223176,1.613733905579399,1.1373390557939915,1.0815450643776825,0.6094420600858369,572.3519313304721,5.708154506437769,13.67381974248927,0.13733905579399142,0.04291845493562232,0.0944206008583691,0.48068669527896996,0.51931330472103
74,1591.8559670781892,-1.1874897119341563,2.753086419753086,1.0123456790123457,0.9794238683127572,0.3868312757201646,522.4238683127572,4.5473251028806585,10.555555555555555,0.23045267489711935,0.102880658436214,0.12757201646090535,0.31275720164609055,0.6872427983539094
75,1446.521897810219,-1.4698175182481752,3.9452554744525545,1.4452554744525548,0.6094890510948905,0.6459854014598541,555.92700729927,5.963503649635037,13.748175182481752,0.3467153284671533,0.18613138686131386,0.16058394160583941,0.44525547445255476,0.5547445255474452
76,1339.6214689265537,-1.741186440677966,1.2598870056497176,1.3163841807909604,0.8983050847457628,0.7401129943502824,490.1864406779661,7.564971751412429,17.536723163841806,0.10734463276836158,0.06779661016949153,0.03954802259887006,0.5988700564971752,0.4011299435028249
77,1399.4092664092664,-1.7232818532818532,4.235521235521236,1.6370656370656371,0.416988416988417,0.4517374517374517,543.3938223938223,7.030888030888031,15.91891891891892,2.474903474903475,1.2393822393822393,1.2355212355212355,0.5405405405405406,0.4594594594594595
78,1462.1030927835052,-1.6758762886597938,3.195876288659794,2.0343642611683848,0.5326460481099656,0.7972508591065293,603.5017182130584,5.900343642611684,13.859106529209622,0.46048109965635736,0.2542955326460481,0.20618556701030927,0.48109965635738833,0.5189003436426117
79,1369.955357142857,-1.7606249999999999,2.200892857142857,1.2410714285714286,0.7053571428571429,0.9464285714285714,594.6205357142857,7.267857142857143,16.816964285714285,0.5133928571428571,0.3125,0.20089285714285715,0.6205357142857143,0.3794642857142857
80,1498.860465116279,-1.4817441860465117,2.5930232558139537,1.569767441860465,0.8333333333333334,0.4689922480620155,581.2558139534884,6.151162790697675,13.30232558139535,0.15503875968992248,0.08527131782945736,0.06976744186046512,0.4496124031007752,0.5503875968992248
81,1431.9333333333334,-1.6689019607843136,3.2666666666666666,1.7843137254901962,0.5333333333333333,0.7568627450980392,521.6156862745098,6.63921568627451,14.850980392156863,0.4549019607843137,0.23137254901960785,0.2235294117647059,0.5568627450980392,0.44313725490196076
82,1364.1492537313434,-1.571641791044776,1.7860696517412935,1.0895522388059702,1.0298507462686568,0.7960199004975125,539.0298507462686,7.676616915422885,17.16417910447761,0.31840796019900497,0.14925373134328357,0.1691542288557214,0.582089552238806,0.417910447761194
83,1558.6765676567657,-1.5922772277227721,3.5115511551155114,1.5742574257425743,0.8910891089108911,0.5082508250825083,587.6600660066007,5.069306930693069,11.396039603960396,0.22112211221122113,0.12871287128712872,0.0924092409240924,0.44224422442244227,0.5577557755775577
84,1480.2748344370862,-1.4033112582781457,3.115894039735099,1.9403973509933774,0.8278145695364238,0.5629139072847682,567.523178807947,5.7781456953642385,13.69205298013245,0.3675496688741722,0.152317880794702,0.2152317880794702,0.48344370860927155,0.5165562913907285
85,1363.0550458715597,-1.796376146788991,2.1926605504587156,1.5045871559633028,1.1376146788990826,0.6376146788990825,591.6605504587156,7.444954128440367,16.78440366972477,0.3302752293577982,0.16972477064220184,0.16055045871559634,0.5825688073394495,0.41743119266055045
86,1534.2087912087911,-1.4204761904761904,2.9157509157509156,2.0549450549450547,0.6007326007326007,0.4432234432234432,549.7728937728938,5.428571428571429,12.43956043956044,0.07326007326007326,0.018315018315018316,0.054945054945054944,0.4652014652014652,0.5347985347985348
87,1363.4685039370079,-1.6410629921259843,4.366141732283465,1.6811023622047243,0.3858267716535433,0.65748031496063,559.5826771653543,6.602362204724409,16.059055118110237,0.2283464566929134,0.11023622047244094,0.11811023622047244,0.5078740157480315,0.4921259842519685
88,1356.545918367347,-1.6414795918367349,1.846938775510204,1.530612244897959,0.6632653061224489,0.6479591836734694,582.1122448979592,7.530612244897959,17.367346938775512,0.22959183673469388,0.1377551020408163,0.09183673469387756,0.5357142857142857,0.4642857142857143
89,1417.7482014388488,-1.4531654676258994,3.514388489208633,1.3741007194244603,0.5827338129496403,0.5467625899280576,586.7410071942446,6.16546762589928,14.902877697841726,0.1906474820143885,0.07913669064748201,0.11151079136690648,0.460431654676259,0.539568345323741
90,1483.0162337662337,-1.4227272727272726,2.392857142857143,1.62012987012987,0.9253246753246753,0.7467532467532467,522.9025974025974,5.740259740259741,13.568181818181818,0.045454545454545456,0.006493506493506494,0.03896103896103896,0.4675324675324675,0.5324675324675324
91,1291.1964285714287,-1.770892857142857,1.4821428571428572,1.3095238095238095,0.5297619047619048,0.5892857142857143,523.75,7.958333333333333,18.607142857142858,0.8511904761904762,0.30952380952380953,0.5416666666666666,0.6130952380952381,0.3869047619047619
92,1413.221198156682,-1.506267281105991,3.0599078341013826,0.7465437788018433,0.8571428571428571,0.5253456221198156,478.64976958525347,7.04147465437788,15.317972350230415,0.3686635944700461,0.16129032258064516,0.2073732718894009,0.5345622119815668,0.46543778801843316
93,1425.5380116959063,-1.78406432748538,3.4298245614035086,1.7923976608187135,0.9444444444444444,0.6871345029239766,527.780701754386,6.6725146198830405,15.23391812865497,0.5877192982456141,0.2719298245614035,0.3157894736842105,0.5760233918128655,0.4239766081871345
94,1397.75,-1.7854918032786886,2.0204918032786887,1.4180327868852458,1.0081967213114753,0.7540983606557377,554.6926229508197,6.872950819672131,16.114754098360656,0.2827868852459016,0.18442622950819673,0.09836065573770492,0.6065573770491803,0.39344262295081966
95,1570.4657039711192,-1.3033212996389891,3.8592057761732854,1.5018050541516246,0.6209386281588448,0.5342960288808665,624.0361010830325,5.068592057761733,11.4043321299639,0.5631768953068592,0.21660649819494585,0.34657039711191334,0.37184115523465705,0.628158844765343
96,1521.2857142857142,-0.38686930091185406,3.045592705167173,1.7446808510638299,0.9787234042553191,0.8267477203647416,601.7203647416413,5.768996960486322,12.50759878419453,0.182370820668693,0.11854103343465046,0.06382978723404255,0.44376899696048633,0.547112462006079
97,1301.425,-1.8067499999999999,2.1375,1.1375,0.49375,0.575,527.86875,8.21875,18.29375,0.43125,0.20625,0.225,0.65,0.35
98,1513.6167883211679,-1.4093795620437957,2.9562043795620436,2.0474452554744524,0.5036496350364964,0.6678832116788321,580.4014598540145,5.755474452554744,13.31021897810219,0.9598540145985401,0.4744525547445255,0.4854014598540146,0.4233576642335766,0.5766423357664233
99,1533.754716981132,-1.4876280323450133,3.5417789757412397,1.7762803234501348,0.8814016172506739,0.8328840970350404,644.6684636118598,5.932614555256064,12.943396226415095,0.5202156334231806,0.2668463611859838,0.25336927223719674,0.4609164420485175,0.5390835579514824
100,1488.1351351351352,-1.5014414414414414,2.274774774774775,1.337837837837838,0.8783783783783784,0.9819819819819819,542.2297297297297,6.058558558558558,13.73873873873874,0.24774774774774774,0.13963963963963963,0.10810810810810811,0.5225225225225225,0.47297297297297297
101,1530.8379310344828,-1.2403793103448275,3.513793103448276,1.7724137931034483,0.5862068965517241,0.6172413793103448,580.0862068965517,5.36896551724138,12.537931034482758,1.3344827586206895,0.7034482758620689,0.6310344827586207,0.4413793103448276,0.5586206896551724
102,1567.6752411575562,-1.4857556270096464,3.0,1.1543408360128617,1.1061093247588425,0.7813504823151125,582.0996784565916,5.411575562700965,11.938906752411576,0.41479099678456594,0.26688102893890675,0.14790996784565916,0.4115755627009646,0.5884244372990354
103,1402.5689655172414,-1.8684913793103448,1.8836206896551724,1.4612068965517242,0.9612068965517241,0.8663793103448276,585.5689655172414,7.043103448275862,15.956896551724139,0.3577586206896552,0.15948275862068967,0.19827586206896552,0.5991379310344828,0.40086206896551724
104,1558.1793103448276,-1.4122758620689655,3.4172413793103447,1.2310344827586206,1.0655172413793104,0.6689655172413793,600.751724137931,5.255172413793104,11.86896551724138,0.5379310344827586,0.33793103448275863,0.2,0.41379310344827586,0.5862068965517241
105,1590.317548746518,-1.3017270194986073,4.440111420612813,1.4011142061281336,0.7381615598885793,0.7465181058495822,560.9220055710307,4.997214484679666,10.952646239554317,0.9275766016713092,0.584958217270195,0.3426183844011142,0.4428969359331476,0.5543175487465181
106,1436.5560344827586,-1.5826724137931034,1.646551724137931,1.478448275862069,0.9913793103448276,0.7844827586206896,588.6336206896551,7.706896551724138,15.862068965517242,0.646551724137931,0.4224137931034483,0.22413793103448276,0.5344827586206896,0.46551724137931033
107,1418.6740506329113,-1.4361708860759492,3.3449367088607596,1.8006329113924051,0.7658227848101266,0.5284810126582279,613.7721518987341,6.718354430379747,15.037974683544304,1.3639240506329113,0.7088607594936709,0.6550632911392406,0.4873417721518987,0.5126582278481012
108,1414.75073313783,-1.7270674486803517,2.7038123167155423,2.005865102639296,0.7947214076246334,0.6070381231671554,611.7624633431085,7.041055718475073,15.607038123167156,1.4897360703812317,0.8005865102639296,0.6891495601173021,0.5747800586510264,0.4252199413489736
109,1546.9124668435013,-1.525968169761273,2.129973474801061,1.3342175066312998,1.4323607427055702,0.5862068965517241,646.3315649867374,6.039787798408488,12.846153846153847,0.4588859416445623,0.27320954907161804,0.1856763925729443,0.5172413793103449,0.4827586206896552
110,1469.8551912568305,-1.5775409836065573,2.3360655737704916,1.9207650273224044,1.1612021857923498,0.5792349726775956,628.0300546448087,6.237704918032787,13.898907103825136,0.15300546448087432,0.09836065573770492,0.0546448087431694,0.4672131147540984,0.5327868852459017
111,1399.2435064935064,-1.2370454545454546,3.5779220779220777,1.4772727272727273,0.7467532467532467,0.6461038961038961,515.6331168831168,6.821428571428571,15.808441558441558,0.474025974025974,0.2435064935064935,0.2305194805194805,0.5422077922077922,0.44805194805194803
112,1414.486111111111,-1.749212962962963,1.4212962962962963,0.8009259259259259,1.1574074074074074,0.7731481481481481,547.3148148148148,7.180555555555555,15.916666666666666,0.18055555555555555,0.05555555555555555,0.125,0.5648148148148148,0.4351851851851852
113,1509.1538461538462,-0.5862820512820512,3.1153846153846154,1.4076923076923078,1.082051282051282,0.47435897435897434,614.9846153846154,5.351282051282051,12.415384615384616,0.6410256410256411,0.31794871794871793,0.3230769230769231,0.48205128205128206,0.5051282051282051
114,1561.3013245033112,-1.6064900662251655,3.5927152317880795,1.6225165562913908,0.7350993377483444,0.7748344370860927,604.5827814569536,5.327814569536423,11.87748344370861,1.314569536423841,0.5463576158940397,0.7682119205298014,0.4900662251655629,0.5099337748344371
115,1574.014705882353,-1.3272058823529411,2.536764705882353,1.536764705882353,0.9375,0.7352941176470589,599.9007352941177,5.025735294117647,12.069852941176471,0.6654411764705882,0.28308823529411764,0.38235294117647056,0.39338235294117646,0.6066176470588235
116,1453.8920863309352,-1.4183453237410073,2.866906474820144,1.9928057553956835,0.6007194244604317,0.4316546762589928,533.7410071942446,5.9784172661870505,14.442446043165468,0.7553956834532374,0.33093525179856115,0.4244604316546763,0.4316546762589928,0.5683453237410072
117,1561.1511627906978,-1.3798837209302326,3.9069767441860463,1.505813953488372,0.7354651162790697,0.6744186046511628,589.203488372093,5.372093023255814,11.758720930232558,1.4593023255813953,0.561046511627907,0.8982558139534884,0.4331395348837209,0.5668604651162791
118,1542.0903010033444,-1.5836789297658862,1.9264214046822743,1.9899665551839465,0.8528428093645485,0.8294314381270903,587.5852842809364,5.354515050167224,12.411371237458194,1.1906354515050168,0.6722408026755853,0.5183946488294314,0.451505016722408,0.5484949832775919
119,1497.4212121212122,-1.4426666666666665,3.624242424242424,1.3515151515151516,0.8303030303030303,0.5818181818181818,597.7272727272727,5.3545454545454545,13.05151515151515,0.9575757575757575,0.4393939393939394,0.5181818181818182,0.46060606060606063,0.5393939393939394
120,1502.929054054054,-1.5243243243243243,2.902027027027027,1.75,0.8716216216216216,0.777027027027027,530.3040540540541,5.652027027027027,13.233108108108109,0.20608108108108109,0.08445945945945946,0.12162162162162163,0.43243243243243246,0.5675675675675675
121,1455.9305555555557,-1.6072222222222223,1.8194444444444444,1.7592592592592593,0.6018518518518519,0.6203703703703703,531.1620370370371,6.138888888888889,14.296296296296296,0.39814814814814814,0.19907407407407407,0.19907407407407407,0.5277777777777778,0.4722222222222222
122,1479.3808049535603,-1.4812693498452012,2.668730650154799,1.3498452012383901,1.0743034055727554,0.47987616099071206,557.0897832817337,5.318885448916409,13.312693498452012,0.3591331269349845,0.24148606811145512,0.11764705882352941,0.5139318885448917,0.48606811145510836
123,1339.7866666666666,-1.5927666666666667,3.79,1.5566666666666666,0.6566666666666666,0.5566666666666666,522.16,7.233333333333333,17.126666666666665,0.9166666666666666,0.4866666666666667,0.43,0.5333333333333333,0.4666666666666667
124,1469.7947598253274,-1.6686899563318778,1.7117903930131004,1.262008733624454,1.2096069868995634,0.8165938864628821,560.0043668122271,6.25764192139738,14.676855895196507,0.7554585152838428,0.4366812227074236,0.31877729257641924,0.5545851528384279,0.44541484716157204
125,1558.6704980842912,-1.3954789272030652,3.796934865900383,1.475095785440613,0.5134099616858238,0.4904214559386973,590.176245210728,5.2298850574712645,11.57088122605364,1.8237547892720307,0.9003831417624522,0.9233716475095786,0.4329501915708812,0.5670498084291188
126,1584.2401315789473,-1.4925986842105263,3.1907894736842106,1.9276315789473684,0.6743421052631579,0.7401315789473685,564.1118421052631,4.983552631578948,11.157894736842104,0.19078947368421054,0.09210526315789473,0.09868421052631579,0.4243421052631579,0.5756578947368421
127,1399.8307086614172,-1.8883858267716538,2.3188976377952755,1.4763779527559056,0.9133858267716536,0.7283464566929134,563.5433070866142,7.043307086614173,15.996062992125983,1.858267716535433,1.0590551181102361,0.7992125984251969,0.6614173228346457,0.33858267716535434
128,1487.8521739130435,-1.3662173913043478,2.7869565217391306,2.121739130434783,0.49130434782608695,0.5521739130434783,515.3434782608696,6.104347826086957,13.513043478260869,0.3521739130434783,0.14347826086956522,0.20869565217391303,0.40869565217391307,0.591304347826087
129,1553.427374301676,-1.4737430167597767,3.689944134078212,1.7597765363128492,0.952513966480447,0.8100558659217877,529.1564245810056,5.477653631284916,12.064245810055866,1.0139664804469273,0.5921787709497207,0.42178770949720673,0.44972067039106145,0.5502793296089385
130,1398.2875,-1.7220416666666667,1.2833333333333334,1.825,0.9166666666666666,0.7125,512.0166666666667,7.2125,15.891666666666667,0.09166666666666666,0.041666666666666664,0.05,0.6125,0.3875
131,1503.8671875,-1.5798046875,3.390625,1.80078125,0.71875,0.61328125,561.7734375,5.875,12.6796875,0.6875,0.33984375,0.34765625,0.484375,0.515625
132,1430.796052631579,-1.7582565789473683,2.963815789473684,1.394736842105263,1.019736842105263,0.6546052631578947,571.0921052631579,6.805921052631579,14.766447368421053,0.7894736842105263,0.46381578947368424,0.3256578947368421,0.5789473684210527,0.42105263157894735
133,1419.7752293577983,-1.6435779816513763,1.9587155963302751,2.123853211009174,0.7110091743119266,1.0091743119266054,558.2477064220184,7.137614678899083,15.811926605504587,1.114678899082569,0.41743119266055045,0.6972477064220184,0.5275229357798165,0.4724770642201835
134,1531.96632996633,-1.5487878787878788,3.0875420875420874,1.5858585858585859,0.8282828282828283,0.5084175084175084,596.1414141414141,5.074074074074074,11.808080808080808,0.6767676767676768,0.25925925925925924,0.4175084175084175,0.4107744107744108,0.5892255892255892
135,1494.820588235294,-1.5422941176470588,3.5911764705882354,1.8911764705882352,0.6794117647058824,0.6235294117647059,571.5823529411765,5.66764705882353,12.81764705882353,1.3088235294117647,0.638235294117647,0.6705882352941176,0.45588235294117646,0.5441176470588235
136,1449.1197916666667,-1.6731770833333333,1.203125,1.9739583333333333,0.734375,0.6510416666666666,547.3489583333334,6.604166666666667,15.046875,0.4739583333333333,0.23958333333333334,0.234375,0.578125,0.421875
137,1528.351145038168,-0.6640203562340966,3.513994910941476,2.1297709923664123,0.6183206106870229,0.6463104325699746,650.9643765903307,5.407124681933842,11.84732824427481,1.2010178117048347,0.5648854961832062,0.6361323155216285,0.46055979643765904,0.5292620865139949
138,1574.6971608832807,-1.386435331230284,2.946372239747634,2.5236593059936907,0.43217665615141954,0.7886435331230284,614.4668769716088,4.889589905362776,11.053627760252366,0.19873817034700317,0.13249211356466878,0.06624605678233439,0.42902208201892744,0.5709779179810726
139,1658.994236311239,-1.5393659942363112,2.0576368876080693,2.3314121037463975,0.9279538904899135,0.8184438040345822,720.4956772334294,4.409221902017291,9.328530259365994,0.5677233429394812,0.3371757925072046,0.23054755043227665,0.41210374639769454,0.5878962536023055
140,1550.5426356589148,-1.4795736434108528,2.627906976744186,2.1511627906976742,0.6124031007751938,0.49224806201550386,663.8023255813954,5.589147286821706,11.678294573643411,0.15503875968992248,0.13953488372093023,0.015503875968992248,0.43023255813953487,0.5697674418604651
141,1510.774011299435,-1.4462146892655368,2.6610169491525424,2.3813559322033897,0.7711864406779662,0.576271186440678,629.8446327683616,6.237288135593221,12.847457627118644,0.4830508474576271,0.22033898305084745,0.2627118644067797,0.4745762711864407,0.5254237288135594
142,1518.0816831683169,-1.6372524752475248,1.5346534653465347,1.8440594059405941,1.2945544554455446,0.6311881188118812,647.490099009901,6.0049504950495045,13.074257425742575,0.5222772277227723,0.2623762376237624,0.2599009900990099,0.5074257425742574,0.49257425742574257
143,1567.453531598513,-1.3356877323420075,2.799256505576208,1.8550185873605949,0.6802973977695167,0.44609665427509293,567.7955390334572,4.821561338289963,10.609665427509293,1.2490706319702602,0.7137546468401487,0.5353159851301115,0.4052044609665427,0.5947955390334573
144,1339.448717948718,-1.7324358974358973,2.644230769230769,2.1538461538461537,0.6826923076923077,0.6346153846153846,601.5641025641025,7.551282051282051,16.858974358974358,0.5769230769230769,0.27884615384615385,0.2980769230769231,0.6185897435897436,0.3814102564102564
145,1358.5775862068965,-1.6630603448275862,1.2887931034482758,1.831896551724138,0.9137931034482759,0.7198275862068966,594.4353448275862,7.469827586206897,16.57758620689655,0.5646551724137931,0.3448275862068966,0.21982758620689655,0.6206896551724138,0.3793103448275862
146,1502.8322147651006,-1.5256375838926175,2.5704697986577183,2.261744966442953,0.6375838926174496,0.4563758389261745,600.1577181208054,5.8389261744966445,13.218120805369127,0.4899328859060403,0.23154362416107382,0.25838926174496646,0.5134228187919463,0.4865771812080537
147,1423.7967145790553,-1.455564681724846,3.529774127310062,2.030800821355236,0.7864476386036962,0.7474332648870636,581.8644763860369,6.379876796714579,14.901437371663244,0.5154004106776181,0.22381930184804927,0.2915811088295688,0.5051334702258727,0.4928131416837782
148,1539.8218085106382,-1.5290159574468085,1.2579787234042554,2.231382978723404,1.2207446808510638,0.6888297872340425,627.4654255319149,6.0,12.65691489361702,0.7021276595744681,0.3723404255319149,0.32978723404255317,0.5026595744680851,0.4973404255319149
149,1352.8593272171254,-1.7121406727828747,2.923547400611621,1.5321100917431192,0.8746177370030581,0.6513761467889908,547.9663608562691,6.654434250764526,16.17737003058104,0.581039755351682,0.2874617737003058,0.29357798165137616,0.636085626911315,0.363914373088685
150,1459.6611570247933,-1.3284848484848486,2.515151515151515,2.1515151515151514,1.0,0.8980716253443526,551.0523415977962,6.78236914600551,14.151515151515152,0.4573002754820937,0.24793388429752067,0.209366391184573,0.5261707988980716,0.47107438016528924
151,1304.7411167512691,-1.7121827411167514,1.0761421319796953,1.9543147208121827,0.7157360406091371,0.8629441624365483,541.5482233502538,8.796954314720812,18.477157360406093,0.5939086294416244,0.16243654822335024,0.43147208121827413,0.6091370558375635,0.39086294416243655
152,1417.4340277777778,-1.8065277777777777,2.7916666666666665,1.3125,1.0277777777777777,0.5972222222222222,569.6944444444445,6.680555555555555,14.92013888888889,0.2951388888888889,0.13541666666666666,0.1597222222222222,0.6388888888888888,0.3611111111111111
153,1426.1440677966102,-1.5964406779661016,2.9237288135593222,2.3954802259887007,0.8220338983050848,0.6666666666666666,596.3757062146892,6.576271186440678,15.008474576271187,1.6242937853107344,0.7429378531073446,0.8813559322033898,0.5480225988700564,0.4519774011299435
154,1554.81512605042,-1.5492436974789918,1.7163865546218486,2.1638655462184873,1.361344537815126,0.6428571428571429,681.3298319327731,5.968487394957983,12.327731092436975,0.49789915966386555,0.2542016806722689,0.24369747899159663,0.5210084033613446,0.4789915966386555
155,1516.3188118811881,-1.6185544554455447,3.394059405940594,1.9425742574257425,0.9544554455445544,0.7188118811881188,597.8891089108911,6.0594059405940595,12.831683168316832,0.7128712871287128,0.3207920792079208,0.3920792079207921,0.48118811881188117,0.5188118811881188
156,1396.768115942029,-1.5440579710144928,2.528985507246377,2.0833333333333335,1.1376811594202898,0.6666666666666666,615.3460144927536,7.559782608695652,15.733695652173912,0.26992753623188404,0.13043478260869565,0.13949275362318841,0.6068840579710145,0.391304347826087
157,1486.3084479371316,-1.5949115913555993,2.2888015717092336,2.0785854616895874,1.2829076620825148,0.724950884086444,642.5540275049116,6.888015717092338,14.204322200392927,0.14734774066797643,0.07072691552062868,0.07662082514734773,0.5304518664047151,0.4675834970530452
158,1471.6460980036297,-1.500580762250454,3.2849364791288567,2.571687840290381,0.8475499092558983,0.7586206896551724,690.8275862068965,6.6678765880217785,14.484573502722323,1.0562613430127041,0.5281306715063521,0.5281306715063521,0.5571687840290381,0.44283121597096187
159,1576.9409221902017,0.2528530259365995,3.3962536023054755,2.207492795389049,1.1181556195965419,0.7175792507204611,741.1527377521613,5.956772334293948,11.994236311239193,0.5763688760806917,0.3270893371757925,0.24927953890489912,0.4668587896253602,0.5129682997118156
160,1487.0305466237942,-1.735128617363344,1.5257234726688103,2.3890675241157555,1.4421221864951768,0.6832797427652733,746.104501607717,6.721864951768489,14.135048231511254,0.47266881028938906,0.2395498392282958,0.23311897106109325,0.5932475884244373,0.4067524115755627
161,1472.1696574225123,-1.619347471451876,3.1843393148450243,2.4192495921696575,0.9918433931484503,0.7079934747145188,698.858075040783,7.00815660685155,14.417618270799348,0.4371941272430669,0.22512234910277323,0.21207177814029363,0.5546492659053833,0.4453507340946166
162,1539.287988422576,-0.7354703328509408,2.8712011577424024,2.3270622286541243,1.1201157742402315,0.6931982633863966,697.0969609261939,6.274963820549928,12.460202604920406,0.30390738060781475,0.13603473227206947,0.1678726483357453,0.5224312590448625,0.4732272069464544
163,1536.178057553957,-1.575845323741007,1.8093525179856116,1.9946043165467626,1.45863309352518,0.6888489208633094,677.044964028777,6.06294964028777,12.848920863309353,0.36330935251798563,0.210431654676259,0.1528776978417266,0.5071942446043165,0.49280575539568344
164,1431.4047109207709,-1.6129122055674519,3.3918629550321198,1.967880085653105,0.9593147751605996,0.8072805139186295,629.2119914346895,6.4796573875803,14.689507494646682,0.4603854389721627,0.25267665952890794,0.20770877944325483,0.5374732334047109,0.4625267665952891
165,1488.707037643208,1.5457283142389526,3.5220949263502455,2.199672667757774,0.8379705400981997,0.7266775777414075,651.4631751227496,6.122749590834697,13.247135842880525,0.37970540098199673,0.20130932896890344,0.1783960720130933,0.4795417348608838,0.49918166939443537
166,1481.4139194139193,-1.6644322344322344,1.456043956043956,2.1172161172161172,1.4743589743589745,0.6813186813186813,719.7087912087912,6.509157509157509,14.036630036630036,0.19963369963369965,0.1336996336996337,0.06593406593406594,0.5641025641025641,0.4358974358974359
167,1495.2980910425845,-1.3724082232011747,3.4258443465491926,2.262848751835536,0.9030837004405287,0.7180616740088106,711.0,6.5624082232011745,13.901615271659324,0.3010279001468429,0.2026431718061674,0.09838472834067548,0.5256975036710719,0.47283406754772395
168,1564.9582772543743,-0.546406460296097,3.1628532974427994,2.641991924629879,0.9676985195154778,0.8102288021534321,733.6325706594886,6.0,12.088829071332436,0.32570659488559894,0.15881561238223418,0.16689098250336473,0.46567967698519513,0.5235531628532974
169,1541.2924836601308,-1.4948856209150327,1.8562091503267975,2.496732026143791,1.3594771241830066,0.6748366013071896,734.0114379084968,6.008169934640523,12.86111111111111,0.24673202614379086,0.14215686274509803,0.10457516339869281,0.5081699346405228,0.4918300653594771
170,1516.296130952381,-1.5204464285714285,2.825892857142857,2.7485119047619047,0.9702380952380952,0.7083333333333334,704.53125,6.369047619047619,13.305059523809524,0.3288690476190476,0.19642857142857142,0.1324404761904762,0.5252976190476191,0.47470238095238093
171,1551.5049928673325,-1.4577888730385165,2.526390870185449,2.8302425106990015,1.0242510699001426,0.6547788873038516,735.5634807417974,5.937232524964337,12.388017118402283,0.19971469329529243,0.09985734664764621,0.09985734664764621,0.48787446504992865,0.5121255349500713
172,1484.570038910506,-1.579182879377432,1.9027237354085602,2.311284046692607,1.3132295719844358,0.8365758754863813,704.6050583657587,7.021400778210117,14.352140077821012,0.25680933852140075,0.12062256809338522,0.13618677042801555,0.5214007782101168,0.4785992217898833
173,1492.7837837837837,-1.6017567567567566,4.0157657657657655,2.0135135135135136,0.75,0.7477477477477478,724.2049549549549,6.416666666666667,13.506756756756756,0.47297297297297297,0.24774774774774774,0.22522522522522523,0.5180180180180181,0.481981981981982
174,1555.387254901961,-1.43609477124183,3.1944444444444446,2.1323529411764706,1.065359477124183,0.7532679738562091,640.6176470588235,5.488562091503268,12.045751633986928,0.37745098039215685,0.14052287581699346,0.2369281045751634,0.44281045751633985,0.5571895424836601
175,1495.6971153846155,-1.4347836538461538,1.7572115384615385,2.1466346153846154,1.1923076923076923,0.6322115384615384,631.3629807692307,5.9735576923076925,13.310096153846153,0.25240384615384615,0.16826923076923078,0.08413461538461539,0.5144230769230769,0.4831730769230769
176,1600.5595567867035,-1.32398891966759,3.044321329639889,2.4542936288088644,0.7174515235457064,0.4265927977839335,619.027700831025,4.747922437673131,10.515235457063712,0.19667590027700832,0.10249307479224377,0.09418282548476455,0.38227146814404434,0.6177285318559557
177,1494.007874015748,-1.5461889763779528,3.1401574803149606,2.6834645669291337,0.9496062992125984,0.6566929133858268,679.7149606299213,6.606299212598425,13.713385826771654,0.16535433070866143,0.13228346456692913,0.03307086614173228,0.5118110236220472,0.4881889763779528
178,1564.509842519685,-0.5579527559055119,2.4803149606299213,2.62992125984252,1.045275590551181,0.8976377952755905,754.5374015748032,5.775590551181103,11.895669291338583,0.7559055118110236,0.3838582677165354,0.3720472440944882,0.4862204724409449,0.5059055118110236
179,1625.9117199391171,-1.3977625570776255,3.9162861491628616,2.105022831050228,0.867579908675799,0.786910197869102,755.3592085235921,5.476407914764079,10.637747336377473,0.6590563165905632,0.3287671232876712,0.3302891933028919,0.4094368340943683,0.5905631659056316
180,1579.4113821138212,0.5357560975609756,2.8471544715447155,2.391869918699187,0.9821138211382113,0.9739837398373984,700.229268292683,5.609756097560975,11.469918699186993,0.6455284552845528,0.3300813008130081,0.3154471544715447,0.45203252032520325,0.5284552845528455
181,1537.2570093457944,-1.6095171339563863,1.5342679127725856,2.674454828660436,1.1635514018691588,0.6526479750778816,736.8971962616822,6.165109034267913,12.853582554517134,0.3099688473520249,0.16510903426791276,0.14485981308411214,0.5015576323987538,0.4984423676012461
182,1503.700680272109,-1.6113945578231292,2.7789115646258504,2.1258503401360542,1.2023809523809523,0.7653061224489796,661.5629251700681,6.625850340136054,13.596938775510203,0.24489795918367346,0.141156462585034,0.10374149659863946,0.532312925170068,0.467687074829932
183,1418.893470790378,-0.27082474226804126,3.493127147766323,2.4329896907216493,0.929553264604811,0.8384879725085911,711.7422680412371,7.269759450171821,15.228522336769759,0.2869415807560137,0.11855670103092783,0.16838487972508592,0.5876288659793815,0.39347079037800686
184,1516.4383838383837,-1.6414343434343435,2.107070707070707,2.094949494949495,1.3292929292929292,0.806060606060606,686.5010101010101,6.2727272727272725,13.294949494949496,0.35353535353535354,0.1797979797979798,0.17373737373737375,0.5111111111111111,0.4888888888888889
185,1487.4581673306773,-0.6721646746347941,3.6281540504648073,1.8114209827357237,1.1168658698539176,0.7782204515272244,712.4501992031873,6.386454183266932,13.930942895086321,0.28419654714475434,0.13280212483399734,0.15139442231075698,0.5444887118193891,0.45152722443559096
186,1506.3112582781457,-1.644525386313466,2.9735099337748343,2.068432671081678,0.9514348785871964,0.7792494481236203,730.3995584988962,6.4635761589403975,13.47019867549669,0.2119205298013245,0.10596026490066225,0.10596026490066225,0.5496688741721855,0.4503311258278146
187,1518.5396825396826,-1.6444444444444444,1.992063492063492,2.0873015873015874,1.4107142857142858,0.8333333333333334,736.234126984127,6.878968253968254,13.692460317460318,0.13293650793650794,0.0873015873015873,0.04563492063492063,0.5277777777777778,0.4722222222222222
188,1528.4814159292036,-1.150424778761062,3.631858407079646,2.0601769911504424,0.7699115044247787,0.8867256637168142,726.8690265486725,6.260176991150442,13.097345132743364,0.2424778761061947,0.13805309734513274,0.10442477876106195,0.5309734513274337,0.4654867256637168
189,1582.0810313075506,-1.5167955801104973,3.4972375690607733,2.1804788213627995,0.8637200736648251,0.8987108655616943,755.7274401473296,5.8397790055248615,11.860036832412524,0.37937384898710863,0.19337016574585636,0.1860036832412523,0.44751381215469616,0.5524861878453039
190,1460.811188811189,-1.5942191142191142,1.9393939393939394,2.2051282051282053,1.1398601398601398,0.951048951048951,674.5547785547785,7.305361305361306,14.981351981351981,0.4428904428904429,0.23076923076923078,0.21212121212121213,0.5291375291375291,0.46853146853146854
191,1576.8706697459584,-1.356581986143187,3.69284064665127,2.184757505773672,0.7782909930715936,0.9468822170900693,719.8383371824481,5.584295612009238,11.551963048498845,0.07159353348729793,0.046189376443418015,0.025404157043879907,0.46882217090069284,0.5288683602771362
192,1527.8329853862213,-1.3309812108559498,3.7849686847599164,1.8977035490605427,0.8392484342379958,1.0354906054279749,675.8643006263048,6.162839248434238,12.96659707724426,0.17745302713987474,0.08768267223382047,0.08977035490605428,0.48434237995824636,0.5093945720250522
193,1531.534946236559,-1.1365860215053762,2.5,2.2446236559139785,1.032258064516129,1.1263440860215055,791.755376344086,6.720430107526882,13.123655913978494,0.43548387096774194,0.22849462365591397,0.20698924731182797,0.48655913978494625,0.5080645161290323
194,1470.6625766871166,-1.5508895705521473,4.0030674846625764,1.5368098159509203,0.8220858895705522,0.8926380368098159,618.9907975460122,7.303680981595092,14.506134969325153,0.18711656441717792,0.12269938650306748,0.06441717791411043,0.4754601226993865,0.5245398773006135
195,1548.7134935304991,-0.8323290203327173,3.5951940850277264,2.2162661737523104,0.9020332717190388,0.9630314232902033,709.2088724584104,5.996303142329021,12.506469500924215,0.2957486136783734,0.1645101663585952,0.13123844731977818,0.4048059149722736,0.5859519408502772
196,1392.5743073047859,-0.5832493702770781,1.9345088161209067,1.8816120906801008,1.1889168765743072,1.1209068010075567,733.1133501259446,8.08816120906801,16.69521410579345,0.2695214105793451,0.14105793450881612,0.12846347607052896,0.5994962216624685,0.3904282115869018
197,1527.545112781955,-1.5563157894736843,3.392857142857143,1.736842105263158,1.0770676691729324,0.8533834586466166,741.9323308270676,6.454887218045113,13.218045112781954,0.16917293233082706,0.09022556390977443,0.07894736842105263,0.5,0.5
198,1542.8664323374342,-1.3552724077328646,3.2144112478031635,2.40597539543058,0.8031634446397188,0.9402460456942003,782.2372583479789,6.314586994727592,12.664323374340949,0.3444639718804921,0.18980667838312829,0.1546572934973638,0.4797891036906854,0.5166959578207382
199,1418.1701631701633,-1.6000932400932402,2.7832167832167833,2.046620046620047,1.0,1.062937062937063,706.6923076923077,7.659673659673659,15.904428904428904,0.34965034965034963,0.21678321678321677,0.13286713286713286,0.5641025641025641,0.4358974358974359
200,1526.686075949367,-1.476860759493671,2.9417721518987343,2.1037974683544305,0.9392405063291139,0.9215189873417722,741.2987341772152,6.189873417721519,13.131645569620254,0.13924050632911392,0.07341772151898734,0.06582278481012659,0.42025316455696204,0.579746835443038
201,1491.2161100196463,0.25889980353634573,2.8722986247544204,2.56188605108055,0.7838899803536346,0.9390962671905697,744.6110019646366,6.357563850687622,13.516699410609037,0.16110019646365423,0.0962671905697446,0.06483300589390963,0.5461689587426326,0.4400785854616896
202,1550.704641350211,0.2141139240506329,1.759493670886076,2.1139240506329116,1.251054852320675,0.9472573839662447,823.8924050632911,6.080168776371308,12.58860759493671,0.1940928270042194,0.11392405063291139,0.08016877637130802,0.4430379746835443,0.5443037974683544
203,1537.790948275862,-1.4316810344827586,3.5775862068965516,2.0581896551724137,0.7456896551724138,0.7974137931034483,799.6400862068965,6.338362068965517,13.002155172413794,0.3728448275862069,0.22413793103448276,0.14870689655172414,0.47413793103448276,0.5237068965517241
204,1486.2466960352424,-1.577202643171806,3.1123348017621146,2.0088105726872247,0.8634361233480177,0.7599118942731278,700.7290748898679,6.645374449339207,13.90308370044053,0.2488986784140969,0.13876651982378854,0.11013215859030837,0.5308370044052864,0.46916299559471364
205,1616.2769784172663,-1.2171402877697841,1.75,2.097122302158273,1.410071942446043,0.6780575539568345,807.8758992805756,5.4928057553956835,11.001798561151078,0.2068345323741007,0.07194244604316546,0.13489208633093525,0.4154676258992806,0.5845323741007195
206,1605.597014925373,-1.5552238805970149,2.8298507462686566,2.0,0.7761194029850746,0.5970149253731343,717.5283582089552,5.107462686567164,10.755223880597015,0.4955223880597015,0.21791044776119403,0.27761194029850744,0.46567164179104475,0.5343283582089552
207,1582.44089456869,-0.8989137380191694,3.0,2.3706070287539935,1.0031948881789137,0.6837060702875399,740.7939297124601,5.527156549520766,11.46964856230032,0.33226837060702874,0.15814696485623003,0.17412140575079874,0.4472843450479233,0.547923322683706
208,1579.8161350844277,-1.4344652908067543,2.0562851782363976,2.5947467166979363,1.0769230769230769,0.8311444652908068,800.2420262664165,6.103189493433396,12.022514071294559,0.35647279549718575,0.1801125703564728,0.17636022514071295,0.42213883677298314,0.5778611632270169
209,1590.4025157232704,-0.8815932914046121,4.530398322851153,1.570230607966457,0.8658280922431866,1.0440251572327044,796.503144654088,5.427672955974843,11.318658280922431,0.48427672955974843,0.24528301886792453,0.2389937106918239,0.39832285115303984,0.5974842767295597
210,1560.9741219963032,0.2428650646950092,3.018484288354898,2.402957486136784,0.8872458410351202,1.088724584103512,792.192236598891,5.539741219963031,11.815157116451017,0.38817005545286504,0.13493530499075784,0.2532347504621072,0.4787430683918669,0.5027726432532348
211,1588.64,-1.4125333333333334,1.4476190476190476,2.6514285714285712,1.2266666666666666,0.8419047619047619,815.384761904762,5.6761904761904765,11.792380952380952,0.12380952380952381,0.0761904761904762,0.047619047619047616,0.4361904761904762,0.5638095238095238
212,1544.217299578059,-1.4367721518987342,3.050632911392405,2.3333333333333335,0.8333333333333334,1.0485232067510548,738.9662447257384,5.637130801687764,12.092827004219409,0.16455696202531644,0.06540084388185655,0.09915611814345991,0.42616033755274263,0.5738396624472574
213,1617.985200845666,-1.3210570824524313,3.8350951374207187,2.0697674418604652,0.7632135306553911,0.8752642706131079,771.5475687103594,5.1247357293868925,10.520084566596195,0.39957716701902746,0.19027484143763213,0.20930232558139536,0.40380549682875266,0.5961945031712473
214,1582.3733333333332,-1.4591555555555555,2.2088888888888887,1.9666666666666666,1.1888888888888889,0.9733333333333334,740.3955555555556,5.735555555555556,11.86888888888889,0.43333333333333335,0.25333333333333335,0.18,0.3888888888888889,0.6111111111111112
215,1600.208672086721,-0.343550135501355,3.8523035230352303,1.886178861788618,1.0230352303523036,0.8075880758807588,762.4430894308944,5.191056910569106,11.094850948509485,0.4959349593495935,0.2506775067750677,0.24525745257452575,0.4173441734417344,0.573170731707317
216,1491.9598662207359,1.8024247491638794,3.088628762541806,2.548494983277592,0.8712374581939799,0.8946488294314381,767.2056856187291,6.316053511705686,13.262541806020067,0.5735785953177257,0.2408026755852843,0.33277591973244147,0.5100334448160535,0.459866220735786
217,1565.0155279503106,-1.3157919254658386,2.1630434782608696,2.3975155279503104,1.3229813664596273,0.796583850931677,798.3167701863354,5.964285714285714,12.461180124223603,0.234472049689441,0.12111801242236025,0.11335403726708075,0.5093167701863354,0.48757763975155277
218,1594.3584637268848,-1.2705405405405406,3.5064011379800855,2.2916073968705546,0.9416785206258891,0.7553342816500711,763.3854907539118,5.546230440967283,11.57610241820768,0.566145092460882,0.3285917496443812,0.2375533428165007,0.4366998577524893,0.561877667140825
219,1546.1105354058723,-1.6181174438687391,3.8514680483592403,2.1796200345423142,0.9101899827288429,0.8825561312607945,779.5440414507772,6.6407599309153715,12.975820379965457,0.18998272884283246,0.08117443868739206,0.10880829015544041,0.5025906735751295,0.49740932642487046
220,1558.4635627530365,-0.9461740890688259,1.7206477732793521,2.3927125506072873,1.3360323886639676,0.9291497975708503,770.8785425101214,6.313765182186235,12.79757085020243,0.6275303643724697,0.3016194331983806,0.3259109311740891,0.46558704453441296,0.5323886639676113
221,1518.4884210526316,-0.8168421052631579,3.871578947368421,2.1094736842105264,0.5873684210526315,0.9473684210526315,723.5326315789474,6.136842105263158,13.054736842105264,0.14947368421052631,0.07157894736842105,0.07789473684210527,0.4842105263157895,0.511578947368421
222,1522.2424242424242,0.02358288770053474,3.4188948306595366,2.206773618538324,0.93048128342246,1.1105169340463459,736.4081996434937,6.365418894830659,12.841354723707665,0.2014260249554367,0.1051693404634581,0.0962566844919786,0.47950089126559714,0.5044563279857398
223,1544.3295964125562,-1.8180044843049328,1.8565022421524664,2.1367713004484306,1.2376681614349776,0.9349775784753364,773.5919282511211,6.538116591928251,13.280269058295964,0.4663677130044843,0.2645739910313901,0.20179372197309417,0.547085201793722,0.452914798206278
224,1398.5439330543934,-1.7439748953974896,3.8284518828451883,1.8765690376569037,0.8786610878661087,0.9163179916317992,662.4707112970711,7.401673640167364,16.253138075313807,0.6527196652719666,0.3598326359832636,0.2928870292887029,0.608786610878661,0.3912133891213389
225,1567.1393728222997,-1.1863240418118468,3.9006968641114983,2.308362369337979,0.7439024390243902,0.9668989547038328,700.2891986062717,5.855400696864112,12.09233449477352,0.25261324041811845,0.1254355400696864,0.12717770034843207,0.4372822299651568,0.5557491289198606
226,1499.0291479820628,-1.5145739910313902,2.1143497757847536,2.327354260089686,1.1121076233183858,0.8968609865470852,727.3340807174887,6.813901345291479,14.035874439461884,0.21300448430493274,0.12780269058295965,0.08520179372197309,0.5112107623318386,0.48878923766816146
227,1429.4132029339853,-1.1367726161369194,3.965770171149144,1.919315403422983,0.7188264058679706,0.7481662591687042,686.8459657701711,7.222493887530562,15.293398533007334,0.23471882640586797,0.1393643031784841,0.09535452322738386,0.5819070904645477,0.4156479217603912
228,1497.0543130990416,0.22429712460063891,3.3546325878594248,2.5527156549520766,0.7907348242811502,0.8642172523961661,684.4744408945687,6.426517571884984,13.498402555910543,0.3801916932907348,0.17412140575079874,0.20607028753993611,0.5207667731629393,0.46006389776357826
229,1549.6120331950208,-1.5069502074688796,2.79253112033195,2.120331950207469,1.0975103734439835,0.9647302904564315,735.6535269709543,6.078838174273859,12.674273858921161,0.16804979253112035,0.10995850622406639,0.058091286307053944,0.4605809128630705,0.5394190871369294
230,1514.0518018018017,-1.2111936936936936,3.4932432432432434,2.175675675675676,0.7927927927927928,1.0653153153153154,732.2364864864865,6.373873873873874,13.31981981981982,0.4572072072072072,0.31756756756756754,0.13963963963963963,0.481981981981982,0.5157657657657657
231,1622.9232175502743,-1.3728702010968923,3.0877513711151736,2.513711151736746,0.8153564899451554,0.829981718464351,743.0255941499086,5.440585009140768,11.080438756855576,0.24314442413162707,0.08409506398537477,0.1590493601462523,0.3857404021937843,0.6142595978062158
232,1590.7830578512396,-0.29942148760330584,2.0082644628099175,1.915289256198347,1.3388429752066116,0.8429752066115702,696.5640495867768,5.619834710743802,11.818181818181818,0.12396694214876033,0.047520661157024795,0.07644628099173553,0.39462809917355374,0.6012396694214877
233,1471.3703703703704,-1.3786008230452675,3.911522633744856,1.874485596707819,0.7818930041152263,0.9259259259259259,677.1893004115226,6.467078189300412,14.1440329218107,0.09053497942386832,0.06790123456790123,0.02263374485596708,0.5061728395061729,0.4897119341563786
234,1562.1539855072465,-1.158858695652174,3.4619565217391304,2.1920289855072466,0.8731884057971014,0.8713768115942029,717.8858695652174,5.804347826086956,12.393115942028986,0.24456521739130435,0.12318840579710146,0.1213768115942029,0.4692028985507246,0.5289855072463768
235,1619.7355072463768,-1.402463768115942,2.0996376811594204,2.0778985507246377,1.2355072463768115,0.7862318840579711,834.0217391304348,5.259057971014493,11.028985507246377,0.46557971014492755,0.3134057971014493,0.15217391304347827,0.4148550724637681,0.5833333333333334
236,1496.4604462474645,-1.5812778904665314,3.3995943204868153,2.1683569979716024,0.847870182555781,0.8985801217038539,764.3062880324544,6.470588235294118,13.784989858012171,0.22515212981744423,0.11156186612576065,0.11359026369168357,0.5598377281947262,0.44016227180527384
237,1566.8297872340424,-1.43572695035461,3.49290780141844,2.367021276595745,0.8386524822695035,0.7535460992907801,734.8652482269504,5.930851063829787,11.99645390070922,0.15425531914893617,0.09219858156028368,0.06205673758865248,0.45567375886524825,0.5443262411347518
238,1585.9234782608696,-1.0300695652173915,2.3617391304347826,2.2417391304347825,1.1860869565217391,0.8191304347826087,807.4782608695652,5.940869565217391,11.940869565217392,0.16869565217391305,0.09391304347826086,0.07478260869565218,0.5130434782608696,0.48
239,1539.5139573070608,-0.29679802955665024,4.042692939244663,1.793103448275862,1.0558292282430213,0.8620689655172413,721.3940886699507,5.919540229885057,12.660098522167488,0.24630541871921183,0.15270935960591134,0.09359605911330049,0.4745484400656814,0.5172413793103449
240,1547.6416,-0.434064,3.0768,2.3936,0.9872,0.8336,752.0832,6.1024,12.3648,0.2048,0.0944,0.1104,0.472,0.52
241,1605.9438543247345,-1.4225037936267073,1.7996965098634294,2.8528072837632776,1.1350531107739,0.6934749620637329,803.0318664643399,5.614567526555387,11.493171471927162,0.22458270106221548,0.11380880121396054,0.11077389984825493,0.4370257966616085,0.5629742033383915
242,1620.25,-0.06215773809523811,3.5595238095238093,2.205357142857143,0.9568452380952381,0.7782738095238095,763.2708333333334,5.260416666666667,10.5625,0.25595238095238093,0.14136904761904762,0.11458333333333333,0.4523809523809524,0.5401785714285714
243,1626.7021276595744,0.8230851063829786,3.8221884498480243,2.2036474164133737,0.8860182370820668,0.925531914893617,734.6428571428571,4.788753799392097,10.02887537993921,0.2887537993920973,0.1398176291793313,0.14893617021276595,0.42857142857142855,0.5516717325227963
244,1584.6144975288303,-1.4282537067545304,2.42998352553542,2.2833607907743,1.3772652388797364,0.7495881383855024,760.9538714991763,6.046128500823723,11.843492586490939,0.22240527182866557,0.12191103789126853,0.10049423393739704,0.4695222405271829,0.5304777594728172
245,1523.4629032258065,0.0005967741935483371,4.487096774193549,1.8903225806451613,0.9129032258064517,0.8661290322580645,743.4306451612903,5.808064516129032,12.919354838709678,0.7596774193548387,0.3193548387096774,0.4403225806451613,0.49838709677419357,0.4838709677419355
246,1655.2267759562842,-1.4540846994535521,2.800546448087432,2.3811475409836067,1.0956284153005464,0.7663934426229508,765.1434426229508,5.244535519125683,10.040983606557377,0.2459016393442623,0.1325136612021858,0.1133879781420765,0.44398907103825136,0.5560109289617486
247,1529.523097826087,-1.4585054347826087,2.6073369565217392,2.1902173913043477,1.3682065217391304,0.6847826086956522,812.7255434782609,6.260869565217392,13.110054347826088,0.26902173913043476,0.14945652173913043,0.11956521739130435,0.5163043478260869,0.48233695652173914
248,1531.7542262678803,-1.4239531859557868,3.741222366710013,2.2405721716514955,0.9453836150845254,0.7126137841352406,811.3641092327698,6.1079323797139145,12.894668400520157,0.37451235370611186,0.1976592977893368,0.17685305591677503,0.5071521456436932,0.4889466840052016
249,1607.5369863013698,-0.2853561643835617,3.9328767123287673,2.132876712328767,1.0424657534246575,0.8479452054794521,775.5958904109589,5.3,10.976712328767123,0.31232876712328766,0.16712328767123288,0.14520547945205478,0.4178082191780822,0.5726027397260274
250,1560.4368499257057,-0.6773254086181278,1.9702823179791977,2.3164933135215455,1.3655274888558693,0.7667161961367014,738.998514115899,5.976225854383358,12.309063893016345,0.6537890044576523,0.35809806835066865,0.29569093610698366,0.487369985141159,0.5066864784546805
251,1528.7506527415144,-1.5150391644908616,3.9007832898172325,2.43733681462141,0.9007832898172323,0.7154046997389034,826.1801566579635,6.251958224543081,13.177545691906005,0.7023498694516971,0.38511749347258484,0.31723237597911225,0.5104438642297651,0.4869451697127937
252,1497.1185983827493,-0.8742587601078168,3.183288409703504,2.2722371967654986,1.303234501347709,0.7142857142857143,780.0983827493261,6.7398921832884096,13.901617250673855,0.284366576819407,0.15363881401617252,0.1307277628032345,0.5849056603773585,0.40700808625336926
253,1546.9956140350878,-0.5702631578947368,2.2339181286549707,2.2002923976608186,1.5058479532163742,0.7222222222222222,763.1359649122807,5.931286549707602,12.549707602339181,0.31871345029239767,0.14473684210526316,0.1739766081871345,0.4926900584795322,0.5
254,1479.5008319467554,-1.5677870216306156,3.978369384359401,1.7920133111480865,1.108153078202995,0.8752079866888519,737.9700499168054,6.522462562396007,14.173044925124792,0.610648918469218,0.35108153078202997,0.259567387687188,0.5474209650582362,0.4509151414309484
255,1446.877400295421,0.8127474150664697,4.2008862629246675,2.5155096011816838,0.8242245199409158,0.9202363367799113,763.2939438700148,7.03397341211226,14.89069423929099,0.413589364844904,0.20531757754800592,0.20827178729689808,0.5642540620384048,0.4091580502215657
256,1569.8299817184643,-1.2923034734917733,2.3089579524680075,2.118829981718464,1.2925045703839122,1.0255941499085923,865.1882998171847,6.047531992687386,12.489945155393054,0.2742230347349177,0.12797074954296161,0.14625228519195613,0.5027422303473492,0.49177330895795246
257,1522.0061633281973,-1.2243143297380585,3.950693374422188,2.095531587057011,0.9275808936825886,0.8351309707241911,813.7550077041602,6.2557781201849,13.107858243451464,0.4899845916795069,0.3081664098613251,0.18181818181818182,0.5007704160246533,0.4946070878274268
258,1525.5940721649486,0.13226804123711342,3.5618556701030926,2.604381443298969,0.8878865979381443,0.8556701030927835,813.9806701030927,6.412371134020619,13.21520618556701,0.8350515463917526,0.4497422680412371,0.3853092783505155,0.4806701030927835,0.5
259,1637.0827285921625,-1.5523367198838895,2.3846153846153846,2.3962264150943398,1.3149492017416546,0.7169811320754716,849.9288824383164,5.470246734397678,10.95355587808418,0.9738751814223512,0.5137880986937591,0.46008708272859217,0.4949201741654572,0.5050798258345428
260,1607.0190779014308,-1.2587122416534182,3.7488076311605725,2.480127186009539,0.890302066772655,0.8378378378378378,811.7647058823529,5.783783783783784,11.542130365659778,2.516693163751987,1.3767885532591415,1.1399046104928459,0.48807631160572335,0.5087440381558028
261,1588.0924499229584,-1.1286748844375962,3.6779661016949152,2.731895223420647,0.7765793528505393,0.9229583975346687,790.6009244992296,5.687211093990755,11.627118644067796,0.39599383667180277,0.17103235747303544,0.22496147919876733,0.49922958397534667,0.4899845916795069
262,1564.2556131260794,-1.6388773747841106,1.936096718480138,2.001727115716753,1.4352331606217616,0.7927461139896373,738.0345423143351,6.077720207253886,12.474956822107082,0.2469775474956822,0.14162348877374784,0.10535405872193437,0.49740932642487046,0.5025906735751295
263,1519.0844277673546,-1.4872607879924953,4.223264540337711,1.973733583489681,0.8686679174484052,0.8986866791744841,754.6510318949344,6.414634146341464,13.302063789868669,0.31894934333958724,0.17448405253283303,0.14446529080675422,0.5403377110694184,0.45778611632270166
264,1553.4035326086957,-1.425788043478261,3.6073369565217392,2.385869565217391,0.9741847826086957,0.8315217391304348,825.5828804347826,6.213315217391305,12.798913043478262,0.7282608695652174,0.3845108695652174,0.34375,0.49728260869565216,0.4986413043478261
265,1632.7879194630873,-1.2733154362416108,2.32751677852349,2.4295302013422817,1.4322147651006711,0.7221476510067114,873.096644295302,5.210738255033557,10.660402684563758,0.38926174496644295,0.21208053691275167,0.17718120805369128,0.4483221476510067,0.548993288590604
266,1596.2,-0.418,3.481118881118881,2.3916083916083917,1.0167832167832167,0.7874125874125875,809.986013986014,5.665734265734265,11.488111888111888,0.393006993006993,0.18041958041958042,0.2125874125874126,0.45314685314685316,0.5370629370629371
267,1527.4621212121212,0.8661111111111112,3.698232323232323,2.2866161616161618,1.0252525252525253,0.8156565656565656,811.5441919191919,6.140151515151516,12.566919191919192,0.255050505050505,0.1148989898989899,0.14015151515151514,0.48737373737373735,0.494949494949495
268,1630.9559748427673,-0.1826729559748428,2.488993710691824,2.4779874213836477,1.1540880503144655,0.8364779874213837,841.1635220125786,5.5078616352201255,10.952830188679245,0.44339622641509435,0.2641509433962264,0.1792452830188679,0.45754716981132076,0.529874213836478
269,1589.7149606299213,-1.2302677165354332,4.696062992125984,1.7291338582677165,0.8755905511811024,0.9102362204724409,864.1244094488189,5.804724409448819,12.001574803149607,0.5543307086614173,0.2614173228346457,0.2929133858267717,0.49291338582677163,0.5039370078740157
270,1547.6024653312788,1.1640369799691834,3.362095531587057,2.3682588597842833,0.9214175654853621,0.9953775038520801,884.8058551617873,5.873651771956856,12.129429892141756,0.7673343605546995,0.4098613251155624,0.3574730354391371,0.4699537750385208,0.5038520801232665
271,1617.3746438746439,-0.42163817663817665,2.2122507122507122,2.5213675213675213,1.3376068376068375,0.7849002849002849,863.1396011396012,5.210826210826211,10.839031339031338,0.37464387464387466,0.21652421652421652,0.1581196581196581,0.43447293447293445,0.5555555555555556
272,1581.8201811125484,-1.0846959896507116,3.425614489003881,1.8745148771021993,1.1630012936610608,0.7153945666235446,864.5873221216042,5.5135834411384215,11.508408796895214,0.5510996119016818,0.26002587322121606,0.2910737386804657,0.45278137128072443,0.5420439844760673
273,1532.7478873239436,-0.814943661971831,3.86056338028169,2.195774647887324,0.9197183098591549,0.8295774647887324,826.9633802816901,5.83943661971831,12.72394366197183,0.5464788732394367,0.22253521126760564,0.323943661971831,0.5408450704225352,0.4450704225352113
274,1519.8954954954954,-1.7323603603603603,2.735135135135135,2.154954954954955,1.162162162162162,0.818018018018018,817.5153153153153,6.531531531531532,13.73873873873874,0.40540540540540543,0.21981981981981982,0.18558558558558558,0.5711711711711712,0.42882882882882883
275,1590.97171145686,-1.0616548797736918,4.36067892503536,2.2291371994342293,0.7284299858557284,0.8359264497878359,820.6152758132956,5.489391796322489,11.538896746817539,0.6308345120226309,0.2913719943422914,0.33946251768033947,0.5077793493635078,0.4837340876944837
276,1567.217808219178,-1.5446438356164383,2.9986301369863013,2.3,1.1561643835616437,0.6726027397260274,808.1904109589041,5.457534246575342,12.036986301369863,0.3904109589041096,0.18082191780821918,0.2095890410958904,0.5054794520547945,0.4931506849315068
277,1494.331134564644,-1.0618337730870713,2.691292875989446,2.2480211081794197,1.3469656992084433,0.6767810026385225,821.1622691292876,6.187335092348285,13.82981530343008,0.29815303430079154,0.15963060686015831,0.13852242744063326,0.5408970976253298,0.4551451187335092
278,1474.9006535947713,-1.7277908496732026,3.8418300653594772,2.3633986928104576,0.9450980392156862,0.7503267973856209,799.2575163398693,6.441830065359477,14.122875816993464,0.33464052287581697,0.1607843137254902,0.1738562091503268,0.5764705882352941,0.42091503267973857
279,1490.8200483091787,-0.5916304347826087,4.183574879227053,2.140096618357488,0.9480676328502415,0.8611111111111112,757.725845410628,6.306763285024155,14.03623188405797,0.31280193236714976,0.14130434782608695,0.17149758454106281,0.5301932367149759,0.45893719806763283
280,1524.0862068965516,-1.5681226053639847,2.39272030651341,2.281609195402299,1.1187739463601531,0.946360153256705,832.9080459770115,6.513409961685824,13.685823754789272,0.31992337164750956,0.16091954022988506,0.15900383141762453,0.5344827586206896,0.46551724137931033
281,1524.783185840708,-1.0959734513274337,3.678466076696165,2.206489675516224,0.8480825958702065,0.7271386430678466,762.9734513274336,5.84070796460177,13.014749262536872,0.4882005899705015,0.21976401179941002,0.26843657817109146,0.528023598820059,0.46607669616519176
282,1538.725806451613,-0.4251612903225806,3.875366568914956,2.0,1.0879765395894427,0.9589442815249267,814.4428152492669,5.5469208211143695,12.35483870967742,0.3416422287390029,0.19208211143695014,0.1495601173020528,0.501466275659824,0.4780058651026393
283,1571.1541916167664,-0.8465269461077845,2.187125748502994,2.086826347305389,1.3982035928143712,0.7514970059880239,831.437125748503,5.776946107784431,12.19311377245509,0.6077844311377245,0.3458083832335329,0.2619760479041916,0.5568862275449101,0.43862275449101795
284,1591.5387931034484,-1.5163074712643676,4.278735632183908,1.7873563218390804,1.0574712643678161,0.8117816091954023,848.4583333333334,5.662356321839081,11.67816091954023,0.5057471264367817,0.23132183908045978,0.2744252873563218,0.4698275862068966,0.5301724137931034
285,1545.8764940239043,0.9767463479415671,4.556440903054449,2.181938911022576,0.8804780876494024,0.9282868525896414,805.8539176626826,5.851261620185923,12.215139442231076,0.6905710491367862,0.36387782204515273,0.32669322709163345,0.4860557768924303,0.4807436918990704
286,1528.6081330868763,-0.6051571164510167,2.410351201478743,2.0314232902033273,1.390018484288355,0.8521256931608133,816.5212569316081,6.343807763401109,13.160813308687615,0.7264325323475046,0.3290203327171904,0.3974121996303142,0.5027726432532348,0.4879852125693161
287,1524.2352168199736,-1.0775952693823916,4.257555847568988,2.2417871222076213,0.8896189224704336,0.7818659658344284,756.9855453350854,5.957950065703022,12.909329829172142,0.31274638633377133,0.1445466491458607,0.16819973718791065,0.5256241787122208,0.46780551905387646
288,1561.1115023474179,2.487206572769953,3.692488262910798,2.607981220657277,0.7992957746478874,0.8333333333333334,774.5387323943662,5.585680751173709,11.780516431924882,0.4014084507042254,0.19953051643192488,0.20187793427230047,0.45539906103286387,0.4964788732394366
289,1552.7384615384615,-1.5385230769230769,2.6769230769230767,2.266153846153846,1.2246153846153847,0.7630769230769231,790.723076923077,5.963076923076923,12.806153846153846,0.2953846153846154,0.1076923076923077,0.18769230769230769,0.5538461538461539,0.4430769230769231
290,1560.8452655889146,-1.219769053117783,3.155889145496536,2.4064665127020786,1.0866050808314087,0.7136258660508084,810.8983833718245,5.628175519630485,12.209006928406467,0.4457274826789838,0.2575057736720554,0.18822170900692842,0.49884526558891457,0.49653579676674364
291,1606.4069212410502,0.5781026252983293,3.51909307875895,2.747016706443914,1.0190930787589498,0.7100238663484487,779.8615751789977,5.1968973747016705,10.766109785202865,0.4343675417661098,0.2684964200477327,0.1658711217183771,0.41766109785202865,0.5692124105011933
292,1608.350806451613,0.9013172043010752,2.377688172043011,2.0954301075268815,1.4543010752688172,0.6827956989247311,788.9811827956989,5.231182795698925,11.111559139784946,0.2674731182795699,0.14919354838709678,0.11827956989247312,0.4475806451612903,0.5282258064516129
293,1582.360768175583,-1.007050754458162,4.152263374485597,2.2208504801097395,0.9368998628257887,0.7352537722908093,759.4595336076818,5.510288065843621,11.720164609053498,0.578875171467764,0.25925925925925924,0.3196159122085048,0.4732510288065844,0.5171467764060357
294,1535.7310924369747,1.0791176470588235,4.187675070028011,2.34593837535014,0.8725490196078431,0.9089635854341737,731.0756302521008,5.722689075630252,12.550420168067227,0.3641456582633053,0.18067226890756302,0.18347338935574228,0.4887955182072829,0.4887955182072829
295,1625.1696113074204,-0.5881272084805653,1.9352179034157833,2.1743227326266195,1.5323910482921084,0.6101295641931684,788.2414605418139,5.100117785630153,10.842167255594818,0.5182567726737338,0.2779740871613663,0.24028268551236748,0.4499411071849234,0.541813898704358
296,1547.009523809524,-0.9080476190476191,3.4365079365079363,2.3222222222222224,0.9650793650793651,0.861904761904762,721.0428571428571,5.523809523809524,12.515873015873016,0.6095238095238096,0.3126984126984127,0.2968253968253968,0.49206349206349204,0.4984126984126984
297,1592.697867298578,0.0702962085308057,3.772511848341232,2.498815165876777,1.0071090047393365,0.75,788.3507109004739,5.341232227488152,11.286729857819905,0.27014218009478674,0.12440758293838862,0.1457345971563981,0.4561611374407583,0.5248815165876777
298,1561.9983818770227,-0.4897734627831715,2.8932038834951457,2.3333333333333335,1.1715210355987056,0.86084142394822,796.9724919093851,5.96925566343042,12.27831715210356,0.5711974110032363,0.2702265372168285,0.30097087378640774,0.46763754045307443,0.5129449838187702
299,1514.131280388979,-1.2822366288492706,4.821717990275527,1.8946515397082657,0.8654781199351702,0.8687196110210696,706.2333873581848,6.171799027552674,13.518638573743923,0.4813614262560778,0.2544570502431118,0.22690437601296595,0.5445705024311183,0.4505672609400324
300,1528.1686217008798,1.0047800586510265,3.2126099706744866,2.470674486803519,0.9648093841642229,0.844574780058651,713.0,6.124633431085044,12.87683284457478,0.28152492668621704,0.13636363636363635,0.14516129032258066,0.501466275659824,0.4736070381231672
301,1606.521978021978,-0.4604395604395605,2.0576923076923075,2.6085164835164836,1.245879120879121,0.6593406593406593,763.8310439560439,5.200549450549451,11.362637362637363,0.6895604395604396,0.35302197802197804,0.33653846153846156,0.4876373626373626,0.5054945054945055
302,1595.1354309165527,-0.669124487004104,3.588235294117647,2.20109439124487,1.0683994528043776,0.7346101231190151,737.3912448700411,5.404924760601915,11.709986320109438,0.6443228454172366,0.3488372093023256,0.2954856361149111,0.4363885088919289,0.5581395348837209
303,1642.4375,-1.4917410714285715,3.7291666666666665,2.1413690476190474,1.0505952380952381,0.6770833333333334,752.7247023809524,4.851190476190476,10.651785714285714,0.8556547619047619,0.37797619047619047,0.47767857142857145,0.4523809523809524,0.5476190476190477
304,1616.2458270106222,-1.454051593323217,2.4825493171471926,2.213960546282246,1.3732928679817906,0.7253414264036419,771.7966616084977,5.250379362670714,11.462822458270105,0.5402124430955993,0.24279210925644917,0.29742033383915023,0.456752655538695,0.543247344461305
305,1584.6760374832663,-1.0826104417670683,4.27710843373494,2.0468540829986615,1.0254350736278448,0.7751004016064257,766.3440428380187,5.452476572958501,11.779116465863455,0.8995983935742972,0.4738955823293173,0.42570281124497994,0.4605087014725569,0.535475234270415
306,1563.112443778111,0.16698650674662668,3.2998500749625186,2.3583208395802098,1.0989505247376312,0.7316341829085458,745.1199400299851,5.752623688155922,12.091454272863569,0.6611694152923538,0.34632683658170915,0.3148425787106447,0.5112443778110944,0.4752623688155922
307,1627.8614668218859,-1.351152502910361,2.3934807916181606,2.2677532013969732,1.4051222351571595,0.6239813736903376,791.359720605355,5.380675203725262,11.29220023282887,0.7986030267753201,0.37951105937136204,0.4190919674039581,0.4831199068684517,0.5122235157159488
308,1632.9931506849316,-0.843527397260274,3.8310502283105023,2.452054794520548,0.906392694063927,0.6929223744292238,807.7442922374429,5.276255707762557,11.327625570776256,1.0102739726027397,0.4634703196347032,0.5468036529680366,0.4360730593607306,0.5605022831050228
309,1626.408812729498,0.2485067319461444,3.880048959608323,2.405140758873929,0.9485924112607099,0.7380660954712362,748.8653610771114,5.261933904528764,11.08078335373317,0.6646266829865362,0.3525091799265606,0.31211750305997554,0.47123623011015914,0.5140758873929009
310,1546.8413897280966,0.28196374622356496,2.3413897280966767,2.4486404833836857,1.2915407854984895,0.8549848942598187,761.4274924471299,5.874622356495468,12.780966767371602,0.41389728096676737,0.2084592145015106,0.2054380664652568,0.513595166163142,0.46827794561933533
311,1599.322699386503,-1.5619509202453987,4.137423312883436,2.5239263803680982,0.803680981595092,0.7374233128834355,794.720245398773,5.847852760736196,12.176687116564418,1.0883435582822085,0.4883435582822086,0.6,0.5104294478527608,0.48711656441717793
312,1626.1964085297418,2.361986531986532,3.627384960718294,2.4927048260381595,1.037037037037037,0.7328843995510662,801.5375982042649,5.044893378226711,10.461279461279462,0.7463524130190797,0.3569023569023569,0.3894500561167228,0.44107744107744107,0.5162738496071829
313,1626.695652173913,-1.0818012422360248,2.409937888198758,2.229813664596273,1.3788819875776397,0.8260869565217391,819.694099378882,5.304347826086956,11.111801242236025,0.5248447204968945,0.26242236024844723,0.26242236024844723,0.484472049689441,0.5124223602484472
314,1685.7621621621622,-1.1717162162162162,4.181081081081081,2.108108108108108,1.05,0.8013513513513514,822.5121621621622,5.139189189189189,10.414864864864866,1.4189189189189189,0.6783783783783783,0.7405405405405405,0.4189189189189189,0.5756756756756757
315,1690.9411027568922,1.5179573934837092,3.9611528822055138,2.3095238095238093,1.1102756892230576,0.7305764411027569,779.9248120300751,4.501253132832081,9.180451127819548,1.462406015037594,0.7869674185463659,0.6754385964912281,0.37343358395989973,0.5964912280701754
316,1612.1666666666667,-0.5712318840579711,2.5028985507246375,2.3173913043478263,1.3130434782608695,0.7753623188405797,797.3927536231884,5.601449275362318,11.802898550724638,0.7057971014492753,0.39420289855072466,0.3115942028985507,0.45072463768115945,0.5391304347826087
317,1612.1714947856315,-1.2797219003476246,3.945538818076477,2.3429895712630358,0.9918887601390498,0.7068366164542295,775.2178447276941,5.487833140208575,11.743916570104288,0.9490150637311703,0.4484356894553882,0.5005793742757821,0.4982618771726535,0.4982618771726535
318,1641.567331670823,1.281147132169576,3.6608478802992517,2.8940149625935163,0.7144638403990025,0.8079800498753117,747.1633416458853,5.177057356608479,10.802992518703242,0.8316708229426434,0.4339152119700748,0.39775561097256856,0.4488778054862843,0.5236907730673317
319,1647.7382645803698,-1.2336842105263157,2.8321479374110954,2.689900426742532,1.0910384068278804,0.7425320056899004,783.4224751066856,5.116642958748222,11.086770981507824,1.2916073968705548,0.7041251778093883,0.5874822190611664,0.47652916073968704,0.5220483641536273
320,1552.6413994169095,-1.1034402332361517,3.4096209912536444,2.4679300291545188,0.7725947521865889,0.8075801749271136,744.1093294460642,5.908163265306122,13.333819241982507,0.7842565597667639,0.40816326530612246,0.3760932944606414,0.47959183673469385,0.5131195335276968
321,1715.6966527196653,3.033755230125523,3.1171548117154813,2.457112970711297,1.1098326359832635,0.6558577405857741,773.2018828451883,4.354602510460251,9.173640167364017,1.247907949790795,0.6161087866108786,0.6317991631799164,0.3797071129707113,0.5763598326359832
322,1658.5104166666667,0.5663020833333333,2.24609375,1.91015625,1.5221354166666667,0.7057291666666666,831.67578125,4.890625,10.188802083333334,0.79296875,0.4401041666666667,0.3528645833333333,0.4375,0.5390625
323,1601.7493796526055,-0.587605459057072,3.6116625310173696,2.2803970223325063,1.0372208436724566,0.7307692307692307,820.2555831265508,5.091811414392059,11.254342431761787,1.0459057071960298,0.5285359801488834,0.5173697270471465,0.4665012406947891,0.5223325062034739
324,1677.94140625,-0.15893229166666667,3.5872395833333335,2.4348958333333335,0.9557291666666666,0.7083333333333334,763.96484375,4.41796875,9.940104166666666,1.47265625,0.8177083333333334,0.6549479166666666,0.4348958333333333,0.55078125
325,1657.0710784313726,0.5378676470588235,2.138480392156863,2.4338235294117645,1.357843137254902,0.6617647058823529,813.7132352941177,4.821078431372549,10.218137254901961,1.1544117647058822,0.6838235294117647,0.47058823529411764,0.43504901960784315,0.5502450980392157
326,1650.176,-0.7545466666666666,3.6093333333333333,2.4506666666666668,0.932,0.7453333333333333,801.356,5.184,10.805333333333333,1.0573333333333332,0.5306666666666666,0.5266666666666666,0.45866666666666667,0.5333333333333333
327,1644.1466083150985,1.5037636761487965,3.647702407002188,2.5645514223194747,0.8818380743982495,0.7045951859956237,790.7789934354486,4.900437636761488,10.49343544857768,1.1684901531728664,0.637855579868709,0.5306345733041575,0.46061269146608314,0.5032822757111597
328,1677.3012379642366,0.031568088033012365,2.722145804676754,2.614855570839065,1.1210453920220083,0.749656121045392,747.46492434663,4.903713892709766,10.455295735900963,1.3163686382393398,0.5928473177441541,0.7235213204951857,0.4360385144429161,0.5515818431911967
329,1642.0948509485095,0.621029810298103,4.375338753387534,1.8035230352303524,0.989159891598916,0.7886178861788617,733.4241192411924,5.481029810298103,11.429539295392955,0.924119241192412,0.5203252032520326,0.4037940379403794,0.44986449864498645,0.5338753387533876
330,1603.0384615384614,1.6952564102564103,3.325641025641026,2.712820512820513,0.9371794871794872,0.8076923076923077,741.6141025641026,5.342307692307692,11.411538461538461,0.6705128205128205,0.3384615384615385,0.33205128205128204,0.4666666666666667,0.5038461538461538
331,1553.4481546572936,-0.34411247803163447,2.3760984182776803,2.8172231985940246,0.9437609841827768,0.9138840070298769,804.9718804920914,6.098418277680141,13.622144112478031,1.0667838312829525,0.5202108963093146,0.546572934973638,0.5413005272407733,0.4446397188049209
332,1498.4521126760562,-1.275774647887324,3.350704225352113,2.2732394366197184,1.0183098591549296,0.8028169014084507,769.4183098591549,6.633802816901408,14.061971830985916,0.6014084507042253,0.24507042253521127,0.3563380281690141,0.528169014084507,0.46901408450704224
333,1675.834348355664,2.3780876979293546,3.5286236297198537,2.4372716199756397,1.0852618757612666,0.7198538367844093,827.6991473812424,4.721071863580999,9.644336175395859,1.3495736906211937,0.6772228989037758,0.6723507917174177,0.4104750304506699,0.5517661388550548
334,1622.0611111111111,-1.1744074074074073,2.3055555555555554,2.3,1.2462962962962962,0.8,766.2055555555555,5.722222222222222,12.170370370370371,1.9351851851851851,0.9388888888888889,0.9962962962962963,0.4722222222222222,0.5222222222222223
335,1696.1369127516778,0.2969395973154362,4.189261744966443,2.2040268456375838,0.8912751677852349,0.7677852348993288,775.179865771812,4.887248322147651,9.944966442953021,1.8134228187919463,0.8778523489932886,0.9355704697986578,0.41879194630872485,0.5691275167785235
336,1603.0711513583442,1.2778654592496765,2.892626131953428,2.5045278137128073,1.0646830530401035,0.7490297542043984,770.980595084088,5.429495472186288,11.71280724450194,0.8589909443725744,0.4152652005174644,0.44372574385511,0.48382923673997413,0.49288486416558863
337,1624.940949935815,-1.1534531450577663,2.731707317073171,2.41206675224647,1.2644415917843388,0.7008985879332478,805.6469833119384,5.146341463414634,11.238767650834403,0.8318356867779204,0.34403080872913994,0.4878048780487805,0.47368421052631576,0.521181001283697
338,1596.2669616519174,-0.9545722713864307,4.122418879056047,2.5693215339233038,0.6887905604719764,0.7817109144542773,738.7227138643068,6.160766961651918,12.7094395280236,0.976401179941003,0.47935103244837757,0.4970501474926254,0.4808259587020649,0.5117994100294986
339,1668.752564102564,0.8359358974358974,3.7717948717948717,2.458974358974359,0.9076923076923077,0.7730769230769231,750.4423076923077,4.219230769230769,9.916666666666666,1.4294871794871795,0.6423076923076924,0.7871794871794872,0.4282051282051282,0.5525641025641026
340,1622.4615384615386,0.16704830053667263,1.9105545617173525,2.4382826475849733,1.1305903398926656,0.7835420393559929,787.7853309481217,5.062611806797853,11.316636851520572,0.8014311270125224,0.5044722719141324,0.29695885509839,0.4597495527728086,0.5295169946332737
341,1670.1128640776699,-1.1384466019417476,3.6347087378640777,2.483009708737864,0.9186893203883495,0.6577669902912622,765.6626213592233,5.133495145631068,11.33495145631068,1.258495145631068,0.6638349514563107,0.5946601941747572,0.4211165048543689,0.5691747572815534
342,1573.5922459893047,1.1165106951871657,3.1818181818181817,2.1911764705882355,1.1310160427807487,0.6885026737967914,761.322192513369,5.9411764705882355,12.692513368983958,0.5574866310160428,0.28342245989304815,0.27406417112299464,0.5093582887700535,0.4612299465240642
343,1536.0839002267574,-1.6908843537414968,2.0634920634920637,2.0884353741496597,1.18140589569161,0.7528344671201814,744.843537414966,6.349206349206349,14.655328798185941,1.8140589569160999,0.927437641723356,0.8866213151927438,0.546485260770975,0.45351473922902497
344,1648.3312202852615,-1.171283676703645,3.041204437400951,1.98256735340729,1.1885895404120443,0.7004754358161648,750.0475435816165,5.364500792393027,11.594294770206023,0.9445324881141046,0.4469096671949287,0.4976228209191759,0.43740095087163233,0.5578446909667195
345,1587.0534223706177,2.627729549248748,4.138564273789649,2.1168614357262103,0.9716193656093489,0.7529215358931552,718.0717863105175,5.482470784641069,12.060100166944908,1.4641068447412353,0.7562604340567612,0.7078464106844741,0.4724540901502504,0.49248747913188645
346,1550.4252136752136,-1.10025641025641,1.9978632478632479,2.2115384615384617,1.2863247863247864,0.7649572649572649,736.534188034188,5.852564102564102,13.23076923076923,0.8012820512820513,0.4658119658119658,0.33547008547008544,0.5299145299145299,0.45726495726495725
347,1633.246875,-0.80325,3.4046875,2.2296875,0.8578125,0.690625,761.1796875,5.465625,11.7171875,0.9703125,0.5390625,0.43125,0.45625,0.5375
348,1709.4675118858954,2.0210776545166405,3.088748019017433,2.705229793977813,0.8050713153724247,0.7606973058637084,735.0618066561015,4.716323296354992,9.767036450079239,0.7353407290015848,0.4009508716323296,0.33438985736925514,0.393026941362916,0.5736925515055468
349,1669.7911877394636,-1.366015325670498,2.289272030651341,2.264367816091954,1.157088122605364,0.6590038314176245,723.0842911877395,5.316091954022989,11.302681992337165,0.8237547892720306,0.4789272030651341,0.3448275862068966,0.47126436781609193,0.5268199233716475
350,1534.5207877461708,-1.0511159737417943,2.7242888402625822,2.323851203501094,0.8424507658643327,0.687089715536105,697.1969365426696,6.12035010940919,13.12910284463895,0.49452954048140046,0.25601750547045954,0.23851203501094093,0.5295404814004376,0.4638949671772429
351,1602.7421150278294,-0.6179220779220779,2.914656771799629,2.764378478664193,0.8701298701298701,0.6382189239332097,651.0315398886828,6.107606679035251,13.269016697588127,0.9666048237476809,0.5269016697588126,0.4397031539888683,0.4805194805194805,0.5120593692022264
352,1649.6461232604374,-1.0930218687872764,1.8409542743538767,1.9184890656063618,1.4274353876739563,0.6381709741550696,797.9840954274354,5.244532803180914,10.972166998011929,0.805168986083499,0.43339960238568587,0.3717693836978131,0.4135188866799205,0.5825049701789264
353,1449.4763948497855,-1.7440772532188842,3.128755364806867,2.2532188841201717,0.9184549356223176,0.6995708154506438,733.0729613733905,6.94206008583691,15.65236051502146,1.645922746781116,0.740343347639485,0.9055793991416309,0.5879828326180258,0.41201716738197425
354,1571.3532338308457,-1.4766169154228856,3.8134328358208953,2.355721393034826,0.681592039800995,0.7213930348258707,657.0572139303482,5.703980099502488,13.33084577114428,1.2238805970149254,0.6741293532338308,0.5497512437810945,0.5522388059701493,0.4427860696517413
355,1716.8405253283302,-0.9031144465290807,2.076923076923077,2.180112570356473,1.3414634146341464,0.5891181988742964,749.4727954971858,4.4277673545966225,9.168855534709193,1.7673545966228894,0.9437148217636022,0.8236397748592871,0.37335834896810505,0.6210131332082551
356,1600.5757575757575,-0.9877056277056279,2.3506493506493507,2.45021645021645,0.9653679653679653,0.5800865800865801,707.3852813852814,5.4523809523809526,11.783549783549784,0.9264069264069265,0.512987012987013,0.4134199134199134,0.43073593073593075,0.5670995670995671
357,1594.9655831739963,1.2452198852772467,3.791586998087954,2.447418738049713,0.7495219885277247,0.7170172084130019,717.1414913957935,5.667304015296367,11.934990439770555,0.8030592734225621,0.38049713193116635,0.4225621414913958,0.4875717017208413,0.48565965583174
358,1574.5736961451248,-1.4615873015873018,2.049886621315193,2.385487528344671,1.0861678004535147,0.780045351473923,734.1768707482993,6.551020408163265,13.476190476190476,0.63718820861678,0.3764172335600907,0.26077097505668934,0.5011337868480725,0.4988662131519274
359,1630.1226851851852,-1.247638888888889,3.9699074074074074,1.9953703703703705,0.7916666666666666,0.8148148148148148,689.5625,5.902777777777778,12.25462962962963,0.7199074074074074,0.3912037037037037,0.3287037037037037,0.4074074074074074,0.5879629629629629
360,1574.3222836095765,4.759281767955801,2.867403314917127,2.4898710865561693,0.8950276243093923,0.6979742173112339,642.7900552486187,5.517495395948434,11.882136279926335,0.7292817679558011,0.427255985267035,0.3020257826887661,0.4567219152854512,0.49171270718232046
361,1613.4119106699752,-0.29411910669975194,2.0,2.7121588089330024,0.9404466501240695,0.8610421836228288,676.3672456575682,6.042183622828784,13.047146401985112,1.0918114143920596,0.6451612903225806,0.4466501240694789,0.5161290322580645,0.4739454094292804
362,1555.7700650759218,-1.475770065075922,2.579175704989154,2.125813449023861,1.0498915401301518,0.6876355748373102,671.9978308026031,7.004338394793926,15.45770065075922,1.5986984815618221,0.9392624728850325,0.6594360086767896,0.5531453362255966,0.44251626898047725
363,1548.3377862595419,1.952671755725191,2.986641221374046,2.431297709923664,0.9103053435114504,0.7061068702290076,638.2137404580153,6.238549618320611,14.062977099236642,1.7786259541984732,0.8034351145038168,0.9751908396946565,0.47900763358778625,0.4961832061068702
364,1674.2117400419288,-1.3970230607966456,1.6771488469601676,2.1865828092243187,1.2389937106918238,0.549266247379455,706.83857442348,5.182389937106918,10.721174004192871,1.3018867924528301,0.7526205450733753,0.549266247379455,0.4171907756813417,0.5828092243186582
365,1600.96783625731,-1.3769298245614037,4.017543859649122,1.8187134502923976,0.6432748538011696,0.6111111111111112,593.2397660818714,6.043859649122807,12.964912280701755,2.371345029239766,1.368421052631579,1.0029239766081872,0.4590643274853801,0.5409356725146199
366,1458.0774193548386,-1.6493548387096775,2.617204301075269,2.404301075268817,0.9139784946236559,0.5483870967741935,625.4430107526882,7.2387096774193544,15.509677419354839,0.989247311827957,0.3741935483870968,0.6150537634408603,0.5870967741935483,0.4129032258064516
367,1541.5084745762713,-0.36293785310734455,2.263653483992467,2.07909604519774,1.1355932203389831,0.6177024482109228,680.4180790960452,6.112994350282486,13.129943502824858,1.1544256120527308,0.623352165725047,0.5310734463276836,0.5141242937853108,0.4745762711864407
368,1629.6625,-1.5809166666666667,3.0395833333333333,2.439583333333333,0.75,0.7625,631.3625,5.745833333333334,12.795833333333333,2.70625,1.28125,1.425,0.46458333333333335,0.5354166666666667
369,1651.756906077348,-0.44073664825046044,3.32780847145488,2.313075506445672,1.0165745856353592,0.585635359116022,679.219152854512,5.377532228360957,11.375690607734807,2.445672191528545,1.2099447513812154,1.2357274401473297,0.42357274401473294,0.570902394106814
370,1605.7895752895754,-1.491949806949807,1.7065637065637065,2.2857142857142856,1.218146718146718,0.611969111969112,645.4073359073359,6.243243243243243,12.677606177606178,0.749034749034749,0.3783783783783784,0.37065637065637064,0.48841698841698844,0.5115830115830116
371,1662.7664233576643,0.20464720194647196,3.4476885644768855,2.267639902676399,0.7737226277372263,0.635036496350365,627.7153284671533,6.29683698296837,13.194647201946472,3.564476885644769,1.6520681265206814,1.9124087591240877,0.5571776155717761,0.4306569343065693
372,1572.2689393939395,0.1987878787878788,2.5359848484848486,1.996212121212121,1.1231060606060606,0.6553030303030303,618.8257575757576,5.890151515151516,12.5625,0.7992424242424242,0.3787878787878788,0.42045454545454547,0.4962121212121212,0.48484848484848486
373,1578.6950757575758,-1.54125,1.628787878787879,2.058712121212121,1.456439393939394,0.6098484848484849,633.5492424242424,6.0643939393939394,12.467803030303031,0.6875,0.3314393939393939,0.3560606060606061,0.5170454545454546,0.48295454545454547
374,1620.7061310782242,-1.0686046511627907,3.0676532769556024,1.8350951374207187,1.1162790697674418,0.6448202959830867,597.3890063424947,5.849894291754757,13.033826638477802,2.1501057082452433,1.0465116279069768,1.1035940803382664,0.452431289640592,0.5433403805496829
375,1598.9771929824562,2.7509122807017543,3.4403508771929823,2.3105263157894735,0.9421052631578948,0.6175438596491228,618.2719298245614,5.575438596491228,11.924561403508772,2.756140350877193,1.312280701754386,1.443859649122807,0.45964912280701753,0.5052631578947369
376,1599.1051587301588,-1.3823809523809525,1.5992063492063493,2.1944444444444446,1.3234126984126984,0.6507936507936508,694.5257936507936,6.017857142857143,12.271825396825397,1.9067460317460319,1.0099206349206349,0.8968253968253969,0.4662698412698413,0.5337301587301587
377,1636.5378640776698,-1.2212038834951455,3.1922330097087377,2.337864077669903,0.8893203883495145,0.5980582524271845,641.1514563106796,5.557281553398059,11.784466019417476,1.0271844660194174,0.49902912621359224,0.5281553398058253,0.44854368932038835,0.5495145631067961
378,1572.046904315197,-0.07091932457786118,2.596622889305816,2.7842401500938085,0.7542213883677298,0.600375234521576,600.1782363977486,5.825515947467167,12.401500938086304,0.7204502814258912,0.40337711069418386,0.3170731707317073,0.46904315196998125,0.5121951219512195
379,1643.4209486166008,-1.288498023715415,2.1146245059288535,2.4565217391304346,1.1462450592885376,0.5968379446640316,691.9308300395257,5.442687747035573,11.4901185770751,0.974308300395257,0.6126482213438735,0.3616600790513834,0.44861660079051385,0.549407114624506
380,1605.7347740667976,-0.4341060903732809,2.7347740667976423,2.4341846758349703,0.8271119842829077,0.5972495088408645,646.1335952848723,5.781925343811395,12.25540275049116,0.9921414538310412,0.5442043222003929,0.44793713163064836,0.45972495088408644,0.5284872298624754
381,1676.96699669967,-1.008894389438944,2.887788778877888,2.6056105610561056,0.9438943894389439,0.5957095709570958,614.1947194719472,5.387788778877888,11.049504950495049,2.278877887788779,1.1996699669966997,1.0792079207920793,0.44224422442244227,0.5544554455445545
382,1576.2494758909854,-1.1944654088050315,1.80083857442348,2.146750524109015,1.2683438155136268,0.5744234800838575,639.9266247379455,6.020964360587002,12.849056603773585,0.750524109014675,0.5241090146750524,0.22641509433962265,0.4381551362683438,0.559748427672956
383,1610.4721485411142,-0.9351724137931035,3.2546419098143238,2.442970822281167,0.7480106100795756,0.5145888594164456,609.6286472148541,5.880636604774536,12.575596816976127,3.8249336870026527,1.610079575596817,2.2148541114058355,0.48010610079575594,0.5119363395225465
384,1557.6322701688555,-0.6824765478424015,3.103189493433396,2.221388367729831,0.9512195121951219,0.6078799249530957,623.1594746716698,6.439024390243903,13.459662288930582,3.1332082551594747,1.6829268292682926,1.450281425891182,0.5084427767354597,0.48405253283302063
385,1512.960372960373,-1.091235431235431,2.3776223776223775,2.272727272727273,0.9487179487179487,0.6666666666666666,605.969696969697,6.489510489510489,14.247086247086248,1.668997668997669,0.8344988344988346,0.8344988344988346,0.5594405594405595,0.43356643356643354
386,1459.1102564102564,-1.3982820512820513,2.8384615384615386,2.3025641025641024,0.8179487179487179,0.5564102564102564,598.6025641025641,6.792307692307692,15.317948717948719,1.1435897435897435,0.7,0.44358974358974357,0.541025641025641,0.4564102564102564
387,1549.8504672897195,-0.6471214953271027,3.62803738317757,2.297196261682243,0.811214953271028,0.6149532710280374,601.0280373831775,6.14392523364486,13.02429906542056,2.211214953271028,1.0822429906542057,1.1289719626168224,0.5121495327102804,0.4785046728971963
388,1466.125,-0.17429545454545456,1.9477272727272728,2.3113636363636365,1.259090909090909,0.6386363636363637,628.5886363636364,7.115909090909091,15.154545454545454,3.3,1.8545454545454545,1.4454545454545455,0.5659090909090909,0.4159090909090909
389,1554.906976744186,-1.6015891472868216,3.4612403100775193,2.003875968992248,0.9031007751937985,0.6937984496124031,640.6569767441861,6.583333333333333,13.467054263565892,2.143410852713178,1.1608527131782946,0.9825581395348837,0.5077519379844961,0.49224806201550386
390,1514.3102836879432,4.327269503546099,2.8351063829787235,2.448581560283688,0.8918439716312057,0.723404255319149,609.5886524822695,5.829787234042553,13.125886524822695,2.3085106382978724,0.9875886524822695,1.320921985815603,0.524822695035461,0.4237588652482269
391,1507.6053811659192,-1.581390134529148,2.1053811659192827,2.5515695067264574,0.9887892376681614,0.7174887892376681,661.2645739910314,6.968609865470852,14.91255605381166,3.4506726457399104,1.7197309417040358,1.7309417040358743,0.5381165919282511,0.4618834080717489
392,1488.7967479674796,-1.6491666666666667,2.7642276422764227,1.9654471544715446,1.1504065040650406,0.5304878048780488,652.5264227642276,6.558943089430894,13.963414634146341,0.9247967479674797,0.44308943089430897,0.4817073170731707,0.5508130081300813,0.4491869918699187
393,1513.0296296296297,0.016629629629629612,2.716666666666667,2.3296296296296295,1.0203703703703704,0.6444444444444445,647.8907407407407,6.340740740740741,13.516666666666667,2.938888888888889,1.6166666666666667,1.3222222222222222,0.5185185185185185,0.4666666666666667
394,1654.9570093457944,-0.8569906542056075,1.9906542056074767,2.177570093457944,1.3289719626168224,0.5626168224299065,710.2018691588785,5.355140186915888,10.65607476635514,4.848598130841122,2.426168224299065,2.4224299065420563,0.3850467289719626,0.611214953271028
395,1604.3325892857142,-0.8509151785714286,3.9776785714285716,1.90625,0.7566964285714286,0.6227678571428571,661.0334821428571,5.5,12.044642857142858,4.946428571428571,2.372767857142857,2.5736607142857144,0.42857142857142855,0.5647321428571429
396,1575.248046875,-1.13,2.337890625,2.40234375,1.150390625,0.57421875,651.6953125,5.931640625,12.65625,1.080078125,0.54296875,0.537109375,0.46875,0.525390625
397,1510.8321513002363,0.03297872340425529,2.6288416075650116,2.1300236406619386,1.0094562647754137,0.6973995271867612,632.3475177304964,6.508274231678487,13.71631205673759,1.2198581560283688,0.5059101654846335,0.7139479905437353,0.48699763593380613,0.49645390070921985
398,1612.4444444444443,-0.4898888888888889,3.508888888888889,2.5555555555555554,0.6355555555555555,0.6777777777777778,656.1555555555556,5.751111111111111,12.28,1.5777777777777777,0.8066666666666666,0.7711111111111111,0.42444444444444446,0.5666666666666667
399,1619.3992467043315,-0.8794538606403013,3.621468926553672,2.2693032015065913,0.9246704331450094,0.6610169491525424,670.2222222222222,5.173258003766478,10.984934086629002,1.463276836158192,0.7156308851224106,0.7476459510357816,0.455743879472693,0.5386064030131826
400,1507.6139359698682,-1.0625047080979286,2.0376647834274952,2.1864406779661016,1.3220338983050848,0.7175141242937854,631.2693032015065,7.0546139359698685,14.824858757062147,1.5141242937853108,0.7005649717514124,0.8135593220338984,0.5386064030131826,0.4576271186440678
401,1548.8730434782608,-1.3179130434782609,3.325217391304348,2.226086956521739,0.9373913043478261,0.5565217391304348,637.5860869565217,6.829565217391305,14.104347826086956,3.137391304347826,1.325217391304348,1.8121739130434782,0.5443478260869565,0.4539130434782609
402,1569.627413127413,-0.3847683397683398,3.106177606177606,2.1196911196911197,1.166023166023166,0.6158301158301158,661.8571428571429,5.772200772200772,12.411196911196912,0.862934362934363,0.3436293436293436,0.5193050193050193,0.44015444015444016,0.5521235521235521
403,1585.402697495183,-1.5192678227360308,2.0886319845857417,2.1348747591522157,1.258188824662813,0.674373795761079,695.0963391136802,6.165703275529865,12.531791907514451,0.8863198458574181,0.3930635838150289,0.4932562620423892,0.48554913294797686,0.5144508670520231
404,1495.3217054263566,-1.3418410852713178,3.5,1.8856589147286822,1.0096899224806202,0.6996124031007752,641.4321705426356,6.645348837209302,14.374031007751938,3.3449612403100777,1.8875968992248062,1.4573643410852712,0.5542635658914729,0.43992248062015504
405,1551.998287671233,0.44501712328767123,3.6969178082191783,2.0239726027397262,0.9897260273972602,0.7517123287671232,624.3527397260274,5.916095890410959,12.378424657534246,2.565068493150685,1.3681506849315068,1.196917808219178,0.5051369863013698,0.4811643835616438
406,1424.9443155452436,-1.7011600928074246,1.740139211136891,1.8932714617169373,1.4106728538283062,0.6496519721577726,663.8561484918794,7.679814385150812,16.018561484918795,0.8631090487238979,0.4547563805104408,0.40835266821345706,0.580046403712297,0.419953596287703
407,1368.8358974358973,-1.6215897435897435,3.2948717948717947,1.941025641025641,0.8282051282051283,0.5333333333333333,563.2205128205128,7.592307692307692,17.415384615384614,2.1384615384615384,0.8384615384615385,1.3,0.5794871794871795,0.4205128205128205
408,1472.1461988304093,-0.6699610136452242,3.017543859649123,2.820662768031189,0.6569200779727096,0.645224171539961,569.2495126705653,6.518518518518518,14.775828460038987,1.3723196881091617,0.6783625730994152,0.6939571150097466,0.5750487329434698,0.41130604288499023
409,1496.4468864468865,-1.5894322344322345,2.249084249084249,2.272893772893773,1.2124542124542124,0.5805860805860806,631.2912087912088,6.230769230769231,14.28937728937729,2.8956043956043955,1.3882783882783882,1.5073260073260073,0.5879120879120879,0.41025641025641024
410,1484.8,-1.3813483146067416,2.8067415730337077,2.2741573033707865,0.8853932584269663,0.6292134831460674,641.5213483146067,6.408988764044944,14.110112359550563,1.249438202247191,0.6764044943820224,0.5730337078651685,0.5438202247191011,0.451685393258427
411,1632.5110701107012,-1.4536346863468634,2.878228782287823,2.7195571955719555,0.9446494464944649,0.577490774907749,646.9077490774907,5.055350553505535,10.98339483394834,1.9501845018450183,0.977859778597786,0.9723247232472325,0.4354243542435424,0.5645756457564576
412,1555.4088397790056,-0.3949355432780847,1.858195211786372,1.9060773480662982,1.5488029465930018,0.5616942909760589,716.8710865561694,6.23572744014733,12.858195211786372,1.1086556169429098,0.6298342541436464,0.47882136279926335,0.47697974217311234,0.5138121546961326
413,1539.3861171366593,-0.6844468546637744,3.0477223427331888,2.2537960954446854,0.8524945770065075,0.6442516268980477,635.2754880694143,5.629067245119306,12.950108459869849,2.544468546637744,1.2407809110629067,1.3036876355748372,0.4685466377440347,0.5249457700650759
414,1561.2711538461538,-0.41763461538461544,3.251923076923077,2.246153846153846,0.9576923076923077,0.6403846153846153,631.6769230769231,5.903846153846154,12.428846153846154,5.709615384615384,3.0096153846153846,2.7,0.4807692307692308,0.5057692307692307
415,1572.101895734597,-0.09021327014218014,2.3838862559241707,2.139810426540284,0.995260663507109,0.6943127962085308,689.473933649289,5.995260663507109,12.52132701421801,2.7748815165876777,1.518957345971564,1.2559241706161137,0.43838862559241704,0.5497630331753555
416,1510.3918918918919,-1.4094054054054055,2.7054054054054055,2.2243243243243245,0.8,0.5459459459459459,576.3945945945947,6.04054054054054,13.556756756756757,1.837837837837838,0.8891891891891892,0.9486486486486486,0.4972972972972973,0.5027027027027027
417,1410.8294117647058,-0.3810980392156863,3.696078431372549,1.8745098039215686,0.9411764705882353,0.615686274509804,608.913725490196,7.509803921568627,16.0,2.2509803921568627,1.0392156862745099,1.2117647058823529,0.5784313725490197,0.4117647058823529
418,1701.019927536232,-1.310126811594203,1.8170289855072463,2.63768115942029,1.2572463768115942,0.5996376811594203,688.7210144927536,4.4728260869565215,9.43659420289855,1.8804347826086956,0.9909420289855072,0.8894927536231884,0.3605072463768116,0.6394927536231884
419,1589.807881773399,-0.14082101806239744,3.134646962233169,1.9441707717569787,1.0476190476190477,0.6141215106732348,706.0311986863711,5.548440065681445,12.064039408866995,2.5796387520525452,1.2889983579638753,1.29064039408867,0.4696223316912972,0.5238095238095238
420,1544.001647446458,3.1682537067545304,2.886326194398682,2.6359143327841843,0.8682042833607908,0.6803953871499177,657.9209225700165,5.504118616144975,12.082372322899506,1.7116968698517299,0.800658978583196,0.9110378912685337,0.443163097199341,0.5189456342668863
421,1547.2269807280513,-0.8964453961456103,1.9700214132762313,2.5096359743040684,1.0877944325481799,0.7194860813704497,711.9443254817987,6.124197002141328,13.342612419700215,2.5845824411134903,1.316916488222698,1.2676659528907923,0.47109207708779444,0.5182012847965739
422,1542.3885714285714,-0.8705904761904762,2.7085714285714286,1.7123809523809523,1.3752380952380951,0.56,648.3066666666666,5.876190476190477,12.6,0.638095238095238,0.3142857142857143,0.3238095238095238,0.4895238095238095,0.5009523809523809
423,1469.8700173310226,1.8043674176776427,3.1299826689774695,2.417677642980936,0.9046793760831889,0.7140381282495667,634.3171577123051,6.407279029462738,13.844020797227037,1.3570190641247835,0.5788561525129983,0.7781629116117851,0.5563258232235702,0.4090121317157712
424,1605.1170634920634,-1.2756150793650793,2.130952380952381,2.5456349206349205,1.1011904761904763,0.6130952380952381,696.1706349206349,5.990079365079365,12.045634920634921,3.611111111111111,1.9900793650793651,1.621031746031746,0.44047619047619047,0.5575396825396826
425,1571.3316195372752,-1.3491516709511568,4.120822622107969,1.922879177377892,0.6118251928020566,0.6889460154241646,557.758354755784,4.989717223650386,11.496143958868895,2.146529562982005,1.1002570694087404,1.0462724935732648,0.4318766066838046,0.5655526992287918
426,1376.5260770975058,-1.4971655328798186,2.6054421768707483,2.487528344671202,0.8299319727891157,0.7369614512471655,562.6870748299319,7.505668934240362,16.65986394557823,0.7301587301587301,0.37188208616780044,0.35827664399092973,0.5804988662131519,0.41496598639455784
427,1554.094674556213,-0.9522485207100592,2.351084812623274,2.088757396449704,1.126232741617357,0.6331360946745562,691.5049309664694,5.938856015779093,12.433925049309664,0.2978303747534517,0.14595660749506903,0.15187376725838264,0.4437869822485207,0.5522682445759369
428,1506.8534883720931,-1.2168837209302326,3.104651162790698,2.3813953488372093,0.7116279069767442,0.7534883720930232,655.206976744186,6.123255813953488,13.467441860465117,2.425581395348837,1.0790697674418606,1.3465116279069766,0.45348837209302323,0.5441860465116279
429,1579.029906542056,0.14562616822429905,3.4149532710280375,2.2598130841121495,0.9682242990654205,0.6373831775700934,681.3289719626168,5.5327102803738315,11.637383177570094,0.8635514018691589,0.4691588785046729,0.394392523364486,0.47289719626168225,0.5121495327102804
430,1579.3745704467353,-0.7535910652920963,1.9948453608247423,2.3487972508591066,1.238831615120275,0.6718213058419243,687.5085910652921,5.833333333333333,11.883161512027492,0.915807560137457,0.5,0.41580756013745707,0.45017182130584193,0.5360824742268041
431,1588.398,-0.9342,3.304,1.832,1.108,0.58,679.96,5.724,12.116,1.83,0.832,0.998,0.408,0.588
432,1522.6673114119922,-0.9096711798839459,2.7001934235976788,1.8936170212765957,1.311411992263056,0.5222437137330754,638.1508704061896,5.932301740812379,13.090909090909092,1.4429400386847195,0.7485493230174082,0.6943907156673114,0.4912959381044487,0.504835589941973
433,1533.5661157024792,-1.5136363636363637,1.634297520661157,1.9896694214876034,1.3367768595041323,0.5991735537190083,658.6528925619834,6.169421487603306,13.15702479338843,0.7665289256198347,0.38016528925619836,0.38636363636363635,0.518595041322314,0.48140495867768596
434,1541.890359168242,-1.5792627599243858,2.992438563327032,2.0907372400756143,1.0661625708884688,0.5803402646502835,685.3364839319471,5.880907372400756,12.701323251417769,2.578449905482042,1.3175803402646502,1.2608695652173914,0.5274102079395085,0.4725897920604915
435,1467.7267441860465,1.216124031007752,3.7151162790697674,2.191860465116279,0.8294573643410853,0.5852713178294574,579.0,5.868217054263566,13.684108527131784,0.8275193798449613,0.5116279069767442,0.31589147286821706,0.4786821705426357,0.501937984496124
436,1473.4809322033898,-1.723029661016949,1.3580508474576272,1.7605932203389831,1.6292372881355932,0.4724576271186441,675.4851694915254,6.63135593220339,14.502118644067796,0.3093220338983051,0.15677966101694915,0.15254237288135594,0.5826271186440678,0.4173728813559322
437,1483.9138943248531,-0.7160861056751469,2.9452054794520546,2.064579256360078,0.958904109589041,0.5048923679060665,667.9001956947162,6.39334637964775,14.150684931506849,0.50293542074364,0.299412915851272,0.2035225048923679,0.5205479452054794,0.4755381604696673
438,1577.9931153184166,1.5302581755593805,2.7366609294320137,2.6523235800344236,0.8881239242685026,0.5301204819277109,699.3820998278829,5.611015490533563,12.173838209982788,0.5972461273666093,0.26161790017211706,0.33562822719449226,0.43373493975903615,0.5387263339070568
439,1663.0353159851302,-1.0643122676579926,2.193308550185874,2.1152416356877324,1.345724907063197,0.6319702602230484,669.5613382899628,5.566914498141264,11.518587360594795,1.3234200743494424,0.6263940520446096,0.6970260223048327,0.45724907063197023,0.5371747211895911
440,1641.6678966789668,-1.2443911439114392,2.8653136531365315,2.376383763837638,0.9188191881918819,0.7453874538745388,697.7859778597787,5.254612546125461,11.118081180811808,1.3081180811808117,0.7066420664206642,0.6014760147601476,0.43911439114391143,0.5553505535055351
441,1657.9290322580646,2.1253709677419357,2.8741935483870966,2.4290322580645163,1.096774193548387,0.6016129032258064,675.6532258064516,5.248387096774193,10.930645161290322,1.0064516129032257,0.5370967741935484,0.4693548387096774,0.4064516129032258,0.5693548387096774
442,1578.8994082840236,0.7208086785009862,2.2189349112426036,1.757396449704142,1.4516765285996056,0.5818540433925049,657.2899408284023,6.04930966469428,12.416173570019724,0.6607495069033531,0.3510848126232742,0.3096646942800789,0.47928994082840237,0.5029585798816568
443,1568.573200992556,-1.5466004962779156,3.2208436724565757,2.3101736972704714,0.8163771712158809,0.674937965260546,657.8759305210918,5.98014888337469,12.595533498759306,1.2729528535980148,0.771712158808933,0.5012406947890818,0.5558312655086849,0.4441687344913151
444,1650.9564356435644,-1.1176633663366338,3.6831683168316833,2.4237623762376237,0.7584158415841584,0.7089108910891089,671.0871287128713,5.55049504950495,11.447524752475248,0.9386138613861386,0.42178217821782177,0.5168316831683168,0.43564356435643564,0.5603960396039604
445,1642.3782287822878,-1.08739852398524,2.0719557195571956,2.3468634686346865,1.2546125461254614,0.577490774907749,693.6217712177122,5.453874538745388,11.559040590405903,2.540590405904059,1.2841328413284132,1.2564575645756457,0.45202952029520294,0.5424354243542435
446,1614.0950495049506,-0.5998613861386138,2.60990099009901,2.5821782178217823,0.8217821782178217,0.6079207920792079,626.4237623762376,5.401980198019802,11.508910891089108,1.0554455445544555,0.594059405940594,0.4613861386138614,0.4633663366336634,0.5247524752475248
447,1533.8535773710482,4.502379367720466,3.697171381031614,2.2878535773710484,0.8768718801996672,0.653910149750416,663.7620632279534,6.613976705490849,13.449251247920133,0.8402662229617305,0.37271214642262895,0.46755407653910147,0.47254575707154745,0.46755407653910147
448,1584.1181818181817,-0.8825681818181818,1.9227272727272726,2.352272727272727,1.143181818181818,0.6068181818181818,609.9704545454546,6.325,13.288636363636364,1.2159090909090908,0.6840909090909091,0.5318181818181819,0.47045454545454546,0.525
449,1634.541958041958,-0.6163111888111888,3.2412587412587412,1.902097902097902,1.0384615384615385,0.6066433566433567,661.229020979021,5.851398601398602,12.40034965034965,0.9125874125874126,0.49475524475524474,0.4178321678321678,0.4965034965034965,0.4965034965034965
450,1562.1530139103554,1.7087789799072641,2.839258114374034,2.510046367851623,0.9659969088098919,0.6306027820710973,640.3075734157651,5.802163833075734,12.239567233384854,0.8871715610510046,0.4899536321483771,0.3972179289026275,0.44513137557959814,0.5208655332302936
451,1609.6752136752136,-1.4320299145299147,1.7478632478632479,2.638888888888889,1.1004273504273505,0.6004273504273504,688.5277777777778,5.576923076923077,11.916666666666666,0.844017094017094,0.4465811965811966,0.3974358974358974,0.4636752136752137,0.5363247863247863
452,1569.3475046210722,-0.8310536044362292,2.77449168207024,1.8632162661737524,1.0536044362292052,0.5360443622920518,676.3419593345657,5.7134935304990755,12.32902033271719,1.5471349353049908,0.7467652495378928,0.800369685767098,0.4658040665434381,0.5268022181146026
453,1615.100826446281,3.437603305785124,3.0512396694214874,2.4826446280991736,0.9206611570247933,0.6198347107438017,665.0148760330578,5.125619834710744,10.864462809917356,0.6347107438016529,0.3140495867768595,0.32066115702479336,0.42479338842975206,0.5305785123966942
454,1662.4309278350515,-1.27519587628866,2.105154639175258,2.51340206185567,1.1422680412371133,0.6247422680412371,691.7567010309278,5.041237113402062,10.534020618556701,0.7195876288659794,0.4618556701030928,0.25773195876288657,0.4556701030927835,0.5422680412371134
455,1622.087606837607,-0.5816025641025641,3.8675213675213675,1.8888888888888888,0.8183760683760684,0.6004273504273504,653.474358974359,5.333333333333333,11.88888888888889,0.7478632478632479,0.4230769230769231,0.3247863247863248,0.4252136752136752,0.5662393162393162
456,1527.085436893204,1.3531844660194177,2.596116504854369,2.50873786407767,0.9223300970873787,0.658252427184466,578.609708737864,5.85631067961165,13.033009708737865,0.9980582524271845,0.4601941747572815,0.537864077669903,0.4640776699029126,0.5145631067961165
457,1552.5197044334975,-1.391896551724138,2.4852216748768474,2.4827586206896552,0.8990147783251231,0.5886699507389163,635.5738916256157,5.899014778325123,12.958128078817735,0.4605911330049261,0.26354679802955666,0.19704433497536947,0.45566502463054187,0.5443349753694581
458,1712.3967889908256,-0.8477981651376146,3.0940366972477062,2.69954128440367,0.6284403669724771,0.6559633027522935,630.309633027523,5.160550458715596,11.54816513761468,0.8096330275229358,0.43577981651376146,0.3738532110091743,0.4105504587155963,0.5848623853211009
459,1615.602811950791,-0.7807732864674868,3.4007029876977155,2.5131810193321615,0.9525483304042179,0.5694200351493849,657.2565905096661,5.869947275922671,12.10896309314587,0.5536028119507909,0.23725834797891038,0.3163444639718805,0.4358523725834798,0.5553602811950791
460,1634.1329243353782,-1.4559713701431494,1.8323108384458078,2.3680981595092025,1.32719836400818,0.6196319018404908,654.1145194274029,5.7955010224948875,11.337423312883436,0.803680981595092,0.4130879345603272,0.39059304703476483,0.4437627811860941,0.556237218813906
461,1600.4243119266055,-1.3262614678899083,2.61697247706422,2.165137614678899,1.0504587155963303,0.5160550458715596,644.4610091743119,5.814220183486238,12.247706422018348,1.176605504587156,0.5435779816513762,0.6330275229357798,0.46559633027522934,0.5298165137614679
462,1548.4059040590405,-0.37088560885608857,2.518450184501845,2.022140221402214,1.2564575645756457,0.4575645756457565,620.3357933579335,5.678966789667896,12.671586715867159,0.474169741697417,0.25276752767527677,0.22140221402214022,0.4483394833948339,0.5369003690036901
463,1540.1576763485477,-1.443091286307054,1.5767634854771784,2.2697095435684647,1.3319502074688796,0.504149377593361,614.5912863070539,6.130705394190872,13.263485477178424,0.5352697095435685,0.2863070539419087,0.24896265560165975,0.46887966804979253,0.5311203319502075
464,1535.115732368897,-1.4209222423146473,2.4177215189873418,2.2603978300180834,1.0831826401446654,0.4936708860759494,665.8137432188065,6.349005424954792,13.113924050632912,0.6835443037974683,0.38517179023508136,0.298372513562387,0.4864376130198915,0.5135623869801085
465,1598.2906976744187,-1.0621124031007751,3.0988372093023258,2.2248062015503876,1.0232558139534884,0.4748062015503876,600.9457364341085,5.263565891472868,11.94186046511628,0.9593023255813954,0.5058139534883721,0.45348837209302323,0.4321705426356589,0.560077519379845
466,1551.8968824940048,-1.3100479616306953,1.6810551558752997,2.323741007194245,1.196642685851319,0.5299760191846523,619.8297362110312,6.700239808153477,13.532374100719425,1.0023980815347722,0.5275779376498801,0.4748201438848921,0.4628297362110312,0.5347721822541966
467,1552.9673202614379,-1.3847494553376907,3.259259259259259,2.3006535947712417,0.7298474945533769,0.5228758169934641,642.0239651416122,6.163398692810458,13.633986928104575,0.7407407407407407,0.43790849673202614,0.3028322440087146,0.47276688453159044,0.5250544662309368
468,1610.7201735357917,-0.9470715835140998,3.0997830802603037,3.0824295010845986,0.5010845986984815,0.6290672451193059,626.9088937093276,5.462039045553145,11.963123644251628,0.7830802603036876,0.4121475054229935,0.37093275488069416,0.4511930585683297,0.5466377440347071
469,1647.9395711500974,-1.4453216374269007,1.9103313840155944,2.3898635477582846,1.124756335282651,0.49707602339181284,670.1734892787524,5.3391812865497075,11.194931773879143,0.6140350877192983,0.3391812865497076,0.27485380116959063,0.44834307992202727,0.5516569200779727
470,1591.5075376884422,-0.7325125628140704,2.1222780569514237,2.4170854271356785,1.053601340033501,0.5343383584589615,648.8860971524288,5.772194304857622,12.174204355108877,0.7688442211055276,0.3065326633165829,0.4623115577889447,0.47906197654941374,0.5125628140703518
471,1647.3053278688524,-1.1234426229508196,2.7049180327868854,2.665983606557377,0.9508196721311475,0.5655737704918032,603.3668032786885,5.620901639344262,11.96311475409836,0.9979508196721312,0.5163934426229508,0.48155737704918034,0.4344262295081967,0.5635245901639344
472,1604.3281596452327,-0.5808869179600886,1.3037694013303769,1.8891352549889135,1.4855875831485588,0.44789356984478934,578.0044345898004,6.0022172949002215,12.618625277161863,0.4722838137472284,0.3259423503325942,0.14634146341463414,0.49889135254988914,0.49445676274944567
473,1548.5055679287304,-1.3656570155902004,2.425389755011136,2.267260579064588,0.9020044543429844,0.5167037861915368,552.5055679287306,6.0,13.552338530066816,0.576837416481069,0.32516703786191536,0.2516703786191537,0.49665924276169265,0.5011135857461024
474,1620.2703213610587,-0.9781285444234405,2.6767485822306236,2.544423440453686,0.9092627599243857,0.48582230623818523,574.5387523629489,5.55765595463138,12.5765595463138,0.45368620037807184,0.2003780718336484,0.2533081285444234,0.46880907372400754,0.5274102079395085
475,1792.4175365344468,-0.198517745302714,1.6450939457202505,2.4676409185803756,1.2505219206680585,0.3987473903966597,592.5177453027139,4.008350730688935,8.77035490605428,0.7473903966597077,0.4384133611691023,0.3089770354906054,0.36325678496868474,0.6283924843423799
476,1702.4918414918416,-1.0334731934731936,2.0792540792540795,2.6853146853146854,0.9044289044289044,0.6153846153846154,620.3589743589744,4.934731934731935,10.757575757575758,0.6736596736596736,0.22843822843822845,0.44522144522144524,0.4172494172494173,0.578088578088578
477,1633.360294117647,0.9777573529411764,3.3566176470588234,2.380514705882353,0.9319852941176471,0.5330882352941176,633.3566176470588,4.897058823529412,10.71875,0.2775735294117647,0.1636029411764706,0.11397058823529412,0.4025735294117647,0.5735294117647058
478,1694.4901477832511,-1.4340394088669952,1.8719211822660098,2.91871921182266,0.9507389162561576,0.6847290640394089,605.8399014778325,5.096059113300493,10.699507389162562,0.3891625615763547,0.19704433497536947,0.1921182266009852,0.41133004926108374,0.5886699507389163
479,1707.6475,-1.356125,3.16,2.3075,0.835,0.6375,578.5625,5.44,12.03,0.5975,0.305,0.2925,0.43,0.57
480,1653.2151675485009,2.6747619047619047,2.072310405643739,2.6666666666666665,1.1005291005291005,0.544973544973545,576.673721340388,5.236331569664903,11.208112874779541,0.5326278659611993,0.2821869488536155,0.25044091710758376,0.43033509700176364,0.5326278659611993
481,1810.9797794117646,-0.7786213235294117,1.5183823529411764,2.457720588235294,1.4209558823529411,0.44669117647058826,603.5845588235294,4.387867647058823,9.306985294117647,0.9356617647058824,0.4099264705882353,0.5257352941176471,0.3713235294117647,0.6213235294117647
482,1760.2058823529412,-1.3278733031674208,1.907239819004525,1.6334841628959276,1.3280542986425339,0.3574660633484163,575.420814479638,4.961538461538462,10.96606334841629,1.2081447963800904,0.6719457013574661,0.5361990950226244,0.40497737556561086,0.5950226244343891
483,1603.6914893617022,0.5525531914893618,2.3106382978723405,2.4468085106382977,1.0425531914893618,0.574468085106383,565.6021276595744,5.474468085106383,12.221276595744682,0.502127659574468,0.2425531914893617,0.25957446808510637,0.474468085106383,0.5085106382978724
484,1704.4703296703296,-1.5365054945054946,1.7340659340659341,2.5912087912087913,1.3824175824175824,0.5252747252747253,611.4065934065934,5.006593406593407,10.584615384615384,0.7648351648351648,0.4351648351648352,0.32967032967032966,0.44835164835164837,0.5516483516483517
485,1748.6162790697674,-0.5268837209302326,3.0767441860465117,2.0767441860465117,0.8744186046511628,0.4511627906976744,594.453488372093,5.26046511627907,11.33953488372093,1.2372093023255815,0.6441860465116279,0.5930232558139535,0.40930232558139534,0.5790697674418605
486,1706.0415019762845,-0.4106916996047431,2.199604743083004,2.610671936758893,1.1225296442687747,0.5316205533596838,613.6343873517786,4.812252964426878,10.563241106719367,0.6818181818181818,0.3695652173913043,0.31225296442687744,0.3952569169960474,0.5988142292490118
487,1638.0674157303372,-0.8380224719101124,1.7887640449438202,2.364044943820225,1.1438202247191012,0.46741573033707867,667.0404494382022,5.2314606741573035,10.982022471910112,0.350561797752809,0.1842696629213483,0.1662921348314607,0.4314606741573034,0.5640449438202247
488,1831.5655913978494,-0.9627096774193549,2.643010752688172,2.49247311827957,0.8989247311827957,0.610752688172043,591.1225806451613,4.481720430107527,9.741935483870968,0.9956989247311828,0.44731182795698926,0.5483870967741935,0.3935483870967742,0.5978494623655914
489,1709.9242957746478,1.8674471830985917,2.892605633802817,2.744718309859155,0.8133802816901409,0.5651408450704225,583.7130281690141,4.211267605633803,9.297535211267606,1.2095070422535212,0.6003521126760564,0.6091549295774648,0.33098591549295775,0.6461267605633803
490,1605.9320175438597,-1.431469298245614,1.4583333333333333,2.2565789473684212,1.3399122807017543,0.6030701754385965,594.2609649122807,5.837719298245614,13.192982456140351,0.9671052631578947,0.49122807017543857,0.4758771929824561,0.49780701754385964,0.5
491,1571.9070351758794,-1.4330402010050252,2.9321608040201004,2.0477386934673367,1.0829145728643217,0.5402010050251256,565.3994974874372,6.324120603015075,13.85678391959799,1.85678391959799,0.8517587939698492,1.0050251256281406,0.45226130653266333,0.5477386934673367
492,1600.4349680170576,-1.1896588486140727,2.4712153518123667,2.211087420042644,1.1428571428571428,0.5437100213219617,519.9680170575693,5.240938166311301,12.2409381663113,0.5565031982942431,0.27505330490405117,0.2814498933901919,0.42430703624733473,0.5714285714285714
493,1579.1240875912408,-1.2662043795620437,1.5231143552311435,2.240875912408759,1.2262773722627738,0.6301703163017032,620.8978102189781,5.732360097323601,12.871046228710462,0.7980535279805353,0.4233576642335766,0.3746958637469586,0.49635036496350365,0.49878345498783455
494,1561.825287356322,-1.5004827586206897,2.5977011494252875,2.3586206896551722,0.9655172413793104,0.5264367816091954,600.9172413793103,5.7540229885057474,13.206896551724139,0.9218390804597701,0.5057471264367817,0.4160919540229885,0.4896551724137931,0.5103448275862069
495,1685.8423076923077,1.154692307692308,2.9826923076923078,2.4826923076923078,1.051923076923077,0.5653846153846154,606.975,4.5576923076923075,10.342307692307692,1.3884615384615384,0.7057692307692308,0.6826923076923077,0.39807692307692305,0.575
496,1620.4131868131867,-1.426879120879121,1.3164835164835165,2.1186813186813187,1.5032967032967033,0.4989010989010989,610.8527472527472,5.5406593406593405,11.613186813186813,0.9912087912087912,0.4087912087912088,0.5824175824175825,0.4593406593406593,0.5406593406593406
497,1619.42,-1.197975,2.9975,2.2625,0.8375,0.5775,583.1775,5.165,11.8525,1.5025,0.83,0.6725,0.44,0.5575
498,1648.574193548387,-0.5736774193548387,2.6258064516129034,2.752688172043011,0.7548387096774194,0.589247311827957,543.1397849462365,4.7612903225806456,10.50752688172043,0.9311827956989247,0.5010752688172043,0.43010752688172044,0.3978494623655914,0.589247311827957
499,1659.018315018315,-1.3151648351648353,1.7179487179487178,2.0934065934065935,1.4908424908424909,0.5347985347985348,583.0384615384615,4.690476190476191,10.18131868131868,0.5622710622710623,0.3443223443223443,0.21794871794871795,0.38278388278388276,0.6172161172161172
500,1594.9292730844793,0.09314341846758346,1.9449901768172888,2.1257367387033397,1.1394891944990178,0.47347740667976423,564.8958742632612,5.055009823182711,11.709233791748527,0.7740667976424361,0.3889980353634578,0.3850687622789784,0.381139489194499,0.6070726915520629
501,1680.3093145869948,1.1331634446397187,2.251318101933216,2.4428822495606326,1.0826010544815465,0.5746924428822495,590.2021089630931,4.729349736379613,10.785588752196837,1.8998242530755711,0.9086115992970123,0.9912126537785588,0.3884007029876977,0.5922671353251318
502,1676.0060362173037,-0.8965392354124749,1.3038229376257546,1.8732394366197183,1.5895372233400402,0.4869215291750503,682.8631790744466,4.591549295774648,10.390342052313883,1.4104627766599598,0.8511066398390342,0.5593561368209256,0.43661971830985913,0.5573440643863179
503,1594.3047404063204,-0.48988713318284427,2.5214446952595937,2.37020316027088,0.8126410835214447,0.5598194130925508,597.8600451467269,5.121896162528217,11.717832957110609,1.5530474040632054,0.6297968397291196,0.9232505643340858,0.4492099322799097,0.5417607223476298
504,1552.041095890411,-1.4234246575342466,2.7592954990215266,2.528375733855186,1.0,0.5146771037181996,613.7769080234833,5.913894324853229,13.579256360078277,1.6673189823874754,0.8649706457925636,0.8023483365949119,0.48140900195694714,0.5185909980430529
505,1604.4920634920634,-1.4031519274376416,1.6507936507936507,2.133786848072562,1.3310657596371882,0.5011337868480725,616.8253968253969,5.106575963718821,12.099773242630386,0.9841269841269841,0.4875283446712018,0.4965986394557823,0.4376417233560091,0.562358276643991
506,1578.0109170305677,-1.37146288209607,2.2947598253275108,2.62882096069869,0.8908296943231441,0.517467248908297,581.4301310043668,5.327510917030568,12.733624454148472,1.9585152838427948,0.9432314410480349,1.01528384279476,0.4606986899563319,0.537117903930131
507,1595.5727272727272,-0.5827454545454546,3.4727272727272727,2.4690909090909092,0.8490909090909091,0.6345454545454545,569.0654545454546,5.674545454545455,12.165454545454546,0.6436363636363637,0.31636363636363635,0.32727272727272727,0.44727272727272727,0.5436363636363636
508,1624.3203125,-0.15201171874999997,1.7421875,2.486328125,1.14453125,0.619140625,594.830078125,5.083984375,11.73046875,0.857421875,0.384765625,0.47265625,0.4296875,0.556640625
509,1648.3086124401914,-1.4479425837320574,3.2822966507177034,1.6411483253588517,0.9784688995215312,0.6602870813397129,584.2583732057416,5.0669856459330145,11.832535885167465,0.9736842105263158,0.48325358851674644,0.4904306220095694,0.44019138755980863,0.5574162679425837
510,1515.134438305709,0.8854327808471455,2.6224677716390423,2.6408839779005526,0.8766114180478821,0.6979742173112339,524.2209944751381,5.987108655616943,13.78268876611418,1.2467771639042358,0.6464088397790055,0.6003683241252302,0.4604051565377532,0.5138121546961326
511,1627.4064837905237,-1.398628428927681,1.43142144638404,2.5635910224438905,1.084788029925187,0.5361596009975063,584.2493765586034,5.366583541147132,12.349127182044887,1.4164588528678304,0.6982543640897756,0.7182044887780549,0.46633416458852867,0.5336658354114713
512,1582.6294536817102,-1.3953206650831356,2.3634204275534443,1.665083135391924,1.323040380047506,0.4916864608076009,562.8361045130641,5.087885985748218,12.831353919239906,1.2494061757719714,0.7363420427553444,0.5130641330166271,0.48931116389548696,0.5106888361045131
513,1590.388768898488,-1.5096328293736503,2.749460043196544,2.32829373650108,0.9200863930885529,0.5485961123110151,548.9157667386609,5.3218142548596115,12.883369330453563,1.613390928725702,0.9157667386609071,0.6976241900647948,0.5205183585313174,0.4794816414686825
514,1571.8132387706855,-1.53274231678487,1.4539007092198581,2.269503546099291,1.1631205673758864,0.508274231678487,578.6666666666666,5.624113475177305,12.57919621749409,0.6879432624113475,0.34278959810874704,0.34515366430260047,0.508274231678487,0.491725768321513
515,1580.802139037433,-0.17157754010695184,3.0454545454545454,1.8155080213903743,0.9491978609625669,0.6229946524064172,541.5588235294117,5.919786096256685,13.037433155080214,1.1310160427807487,0.5401069518716578,0.5909090909090909,0.4625668449197861,0.5240641711229946
516,1629.4155339805825,-1.2944854368932037,2.1067961165048543,2.528155339805825,1.1106796116504853,0.5514563106796116,556.0291262135922,4.988349514563107,11.328155339805825,0.7553398058252427,0.3339805825242718,0.42135922330097086,0.40388349514563104,0.596116504854369
517,1542.8861111111112,-1.4484166666666665,1.8416666666666666,2.025,1.1166666666666667,0.575,573.4194444444445,5.911111111111111,13.3,0.6138888888888889,0.26666666666666666,0.3472222222222222,0.5166666666666667,0.48333333333333334
518,1592.0463215258856,0.6538964577656675,2.88283378746594,2.544959128065395,0.7084468664850136,0.5395095367847411,577.2561307901907,5.692098092643052,13.005449591280653,0.9019073569482289,0.547683923705722,0.3542234332425068,0.47411444141689374,0.5122615803814714
519,1672.7958333333333,0.33220833333333327,3.2666666666666666,2.347916666666667,0.9,0.7208333333333333,586.2354166666667,4.129166666666666,9.89375,1.1520833333333333,0.6,0.5520833333333334,0.37916666666666665,0.6020833333333333
520,1672.0354430379746,-1.2300506329113925,1.4354430379746836,2.1063291139240508,1.450632911392405,0.6658227848101266,604.7645569620253,4.648101265822785,10.470886075949368,2.1392405063291138,1.0962025316455697,1.0430379746835443,0.4379746835443038,0.5594936708860759
521,1684.6632653061224,-1.3465102040816326,2.5714285714285716,2.1183673469387756,1.120408163265306,0.45102040816326533,583.6285714285714,5.010204081632653,10.66938775510204,2.0306122448979593,1.0326530612244897,0.9979591836734694,0.42653061224489797,0.5714285714285714
522,1511.062761506276,-0.5489748953974896,2.1799163179916317,1.8451882845188285,1.2489539748953975,0.5418410041841004,600.8640167364017,6.384937238493724,14.200836820083682,1.9644351464435146,1.006276150627615,0.9581589958158996,0.5292887029288703,0.46234309623430964
523,1592.2303664921467,-1.4124083769633506,1.4267015706806283,2.5366492146596857,1.1832460732984293,0.5130890052356021,594.4685863874346,5.602094240837697,12.329842931937172,1.031413612565445,0.5157068062827225,0.5157068062827225,0.4895287958115183,0.5104712041884817
524,1677.3642533936652,-1.2231900452488687,2.4389140271493215,2.323529411764706,1.0180995475113122,0.5316742081447964,600.9434389140272,4.708144796380091,10.832579185520363,3.771493212669683,1.9638009049773755,1.8076923076923077,0.3936651583710407,0.6040723981900452
525,1772.2577319587629,3.357546391752577,3.049484536082474,2.160824742268041,1.045360824742268,0.6,633.4556701030928,3.9402061855670105,8.057731958762886,4.317525773195876,2.2597938144329897,2.0577319587628864,0.3237113402061856,0.622680412371134
526,1694.941052631579,-0.29745263157894736,1.1663157894736842,1.8736842105263158,1.5557894736842106,0.5705263157894737,678.0842105263158,4.07578947368421,9.397894736842105,2.014736842105263,1.12,0.8947368421052632,0.3684210526315789,0.6252631578947369
527,1657.6423529411766,-0.5039058823529412,3.2305882352941175,2.3905882352941177,0.6752941176470588,0.5505882352941176,669.2258823529412,4.990588235294117,11.207058823529412,3.0588235294117645,1.383529411764706,1.6752941176470588,0.4376470588235294,0.5505882352941176
528,1605.3291366906474,1.5374280575539567,2.5323741007194243,2.7320143884892087,0.8471223021582733,0.5053956834532374,623.9586330935252,5.061151079136691,11.307553956834532,1.8633093525179856,1.014388489208633,0.8489208633093526,0.41007194244604317,0.5575539568345323
529,1593.1973969631235,-1.4777006507592192,1.6290672451193058,2.2646420824295013,1.2255965292841648,0.4945770065075922,668.6681127982646,5.6355748373101955,12.453362255965294,2.1475054229934925,1.0759219088937093,1.0715835140997831,0.4945770065075922,0.5054229934924078
530,1555.1603206412826,-0.8950100200400802,2.567134268537074,2.312625250501002,0.9899799599198397,0.5791583166332666,617.7414829659318,5.779559118236473,12.98997995991984,1.498997995991984,0.6833667334669339,0.8156312625250501,0.46292585170340683,0.5290581162324649
531,1682.8306878306878,-0.20160493827160497,2.5749559082892417,2.5908289241622575,1.0687830687830688,0.47442680776014107,640.8253968253969,4.534391534391534,10.102292768959435,2.5414462081128746,1.3862433862433863,1.1552028218694885,0.3897707231040564,0.5978835978835979
532,1611.9114877589454,-0.9473634651600753,1.3013182674199624,1.9303201506591336,1.5800376647834276,0.4613935969868173,687.3145009416196,5.346516007532957,11.668549905838042,1.92090395480226,1.0,0.9209039548022598,0.4990583804143126,0.4952919020715631
533,1628.763005780347,-1.2023314065510597,2.2524084778420037,2.071290944123314,1.138728323699422,0.4797687861271676,643.0944123314066,5.017341040462428,11.477842003853565,1.9595375722543353,1.1946050096339114,0.7649325626204239,0.44508670520231214,0.5510597302504817
534,1642.506958250497,-1.3670775347912525,2.667992047713718,2.4870775347912524,0.9662027833001988,0.4691848906560636,646.389662027833,5.6262425447316105,11.485089463220676,1.7196819085487078,0.7654075546719682,0.9542743538767395,0.4135188866799205,0.5864811133200796
535,1619.315565031983,0.538230277185501,1.371002132196162,2.4093816631130065,1.3176972281449892,0.4115138592750533,648.1300639658849,5.121535181236673,11.398720682302772,1.44136460554371,0.7910447761194029,0.650319829424307,0.4093816631130064,0.5714285714285714
536,1610.005357142857,0.7273035714285714,2.044642857142857,2.4285714285714284,1.0321428571428573,0.4982142857142857,663.4678571428572,4.958928571428571,11.423214285714286,1.9946428571428572,1.105357142857143,0.8892857142857142,0.42857142857142855,0.5571428571428572
537,1552.4703389830509,1.413728813559322,3.2012711864406778,2.2478813559322033,0.8283898305084746,0.5889830508474576,653.2415254237288,5.069915254237288,12.014830508474576,1.819915254237288,0.9533898305084746,0.8665254237288136,0.4703389830508475,0.5021186440677966
538,1578.9676674364896,-0.5011778290993073,1.489607390300231,2.491916859122402,1.2424942263279446,0.5750577367205543,632.7505773672056,5.558891454965358,12.674364896073904,2.5473441108545036,1.3394919168591224,1.207852193995381,0.4226327944572748,0.5681293302540416
539,1514.31654676259,-1.6042446043165468,2.839328537170264,2.1534772182254196,0.9448441247002398,0.486810551558753,628.7338129496403,6.18705035971223,14.393285371702637,2.1630695443645083,1.0983213429256595,1.064748201438849,0.5491606714628298,0.45083932853717024
540,1542.9109589041095,3.9569006849315067,2.2482876712328768,2.595890410958904,1.0222602739726028,0.5702054794520548,605.4794520547945,5.808219178082192,12.556506849315069,1.6797945205479452,0.7945205479452054,0.8852739726027398,0.4726027397260274,0.4743150684931507
541,1631.2222222222222,-1.3860714285714286,1.4444444444444444,2.628968253968254,1.2797619047619047,0.4801587301587302,682.7142857142857,5.317460317460317,11.738095238095237,3.365079365079365,1.5972222222222223,1.7678571428571428,0.4384920634920635,0.5615079365079365
542,1605.610671936759,-1.2996245059288538,2.0553359683794468,1.7114624505928853,1.4387351778656126,0.4723320158102767,639.304347826087,5.480237154150197,11.731225296442688,1.7766798418972332,0.924901185770751,0.8517786561264822,0.4525691699604743,0.5474308300395256
543,1630.2267857142858,1.3437857142857144,2.4625,2.430357142857143,1.0839285714285714,0.5392857142857143,621.3767857142857,4.626785714285714,10.567857142857143,2.9517857142857142,1.394642857142857,1.5571428571428572,0.4035714285714286,0.5714285714285714
544,1640.8517699115043,-1.4836725663716814,1.7300884955752212,2.438053097345133,1.3163716814159292,0.5265486725663717,651.1216814159292,5.232300884955753,11.11283185840708,3.415929203539823,1.8517699115044248,1.5641592920353982,0.4247787610619469,0.5752212389380531
545,1602.0066079295154,-0.6362995594713656,3.6277533039647576,1.9185022026431717,0.8766519823788547,0.5770925110132159,596.4162995594713,5.262114537444934,11.86784140969163,3.9251101321585904,1.9647577092511013,1.960352422907489,0.43612334801762115,0.5572687224669604
546,1507.0277777777778,-0.4563095238095238,2.142857142857143,2.746031746031746,0.9543650793650794,0.5992063492063492,625.1428571428571,6.212301587301587,13.97420634920635,2.371031746031746,1.3293650793650793,1.0416666666666667,0.5238095238095238,0.4603174603174603
547,1538.4634146341464,-0.7108869179600887,1.9911308203991132,2.1219512195121952,1.3592017738359201,0.5299334811529933,633.560975609756,6.226164079822617,13.277161862527716,2.2505543237250554,1.2682926829268293,0.9822616407982262,0.5343680709534369,0.4611973392461197
548,1690.4280230326297,-0.7781381957773512,2.4145873320537428,2.412667946257198,1.034548944337812,0.4971209213051823,623.6429942418426,5.0,10.963531669865644,4.021113243761996,2.168905950095969,1.8522072936660268,0.40115163147792704,0.5911708253358925
549,1673.1346153846155,0.16611888111888104,2.8216783216783217,2.2814685314685317,1.1555944055944056,0.527972027972028,637.4475524475524,5.104895104895105,10.428321678321678,3.034965034965035,1.4388111888111887,1.5961538461538463,0.41083916083916083,0.5664335664335665
550,1629.3906882591093,-0.7777125506072874,1.508097165991903,2.283400809716599,1.4149797570850202,0.4676113360323887,617.9129554655871,5.127530364372469,10.98582995951417,2.4878542510121457,1.1194331983805668,1.368421052631579,0.39271255060728744,0.6012145748987854
551,1655.8242811501598,-0.6044408945686901,2.439297124600639,2.191693290734824,1.1373801916932906,0.4984025559105431,634.3961661341853,5.327476038338658,11.317891373801917,4.059105431309904,2.20926517571885,1.8498402555910542,0.41054313099041534,0.5846645367412141
552,1600.0261437908496,-1.4465795206971679,2.34640522875817,2.019607843137255,1.289760348583878,0.5490196078431373,618.6122004357298,5.26797385620915,11.925925925925926,2.1742919389978215,1.1285403050108933,1.0457516339869282,0.4400871459694989,0.5599128540305011
553,1581.941634241245,-1.4910505836575876,1.3813229571984436,2.3268482490272375,1.4085603112840468,0.5058365758754864,602.9085603112841,5.356031128404669,12.101167315175097,2.0252918287937742,1.0214007782101167,1.0038910505836576,0.45136186770428016,0.5486381322957199
554,1547.1020408163265,-1.4866439909297053,2.743764172335601,2.188208616780045,1.0068027210884354,0.5419501133786848,626.5487528344671,5.673469387755102,13.020408163265307,2.578231292517007,1.4240362811791383,1.1541950113378685,0.4444444444444444,0.5555555555555556
555,1664.1351888667991,1.445347912524851,2.9920477137176937,2.2027833001988073,1.0934393638170974,0.4990059642147117,608.5745526838966,4.675944333996024,10.318091451292247,3.918489065606362,1.8727634194831013,2.0457256461232602,0.42147117296222664,0.5506958250497018
556,1557.669642857143,-1.4749776785714286,1.2142857142857142,1.8973214285714286,1.5602678571428572,0.49330357142857145,621.0089285714286,5.879464285714286,12.866071428571429,2.127232142857143,1.03125,1.0959821428571428,0.48660714285714285,0.5133928571428571
557,1459.767032967033,-0.1696923076923077,2.723076923076923,2.1648351648351647,0.7670329670329671,0.5032967032967033,564.6593406593406,6.136263736263737,14.536263736263736,2.654945054945055,1.2857142857142858,1.3692307692307693,0.567032967032967,0.42417582417582417
558,1607.5060240963855,-0.12572289156626507,2.604417670682731,2.853413654618474,0.7891566265060241,0.5803212851405622,611.8614457831326,5.162650602409639,11.30722891566265,4.646586345381526,2.2630522088353415,2.3835341365461846,0.4578313253012048,0.5220883534136547
559,1560.6515151515152,-0.5472348484848485,1.634469696969697,2.221590909090909,1.2973484848484849,0.48484848484848486,633.6325757575758,6.026515151515151,12.842803030303031,3.6931818181818183,1.9602272727272727,1.7329545454545454,0.4715909090909091,0.5189393939393939
560,1488.3494208494208,-1.4686293436293436,2.353281853281853,2.4864864864864864,0.9613899613899614,0.5308880308880309,577.5328185328185,5.980694980694981,14.127413127413128,3.38996138996139,1.5714285714285714,1.8185328185328185,0.5173745173745173,0.4806949806949807
561,1587.8596153846154,-1.449326923076923,2.5096153846153846,2.75,0.9288461538461539,0.5480769230769231,595.8192307692308,5.246153846153846,11.9,3.273076923076923,1.5615384615384615,1.7115384615384615,0.425,0.575
562,1518.0040322580646,-1.474193548387097,1.5262096774193548,2.0725806451612905,1.3205645161290323,0.4637096774193548,618.4737903225806,5.995967741935484,13.564516129032258,2.338709677419355,1.3125,1.0262096774193548,0.4596774193548387,0.5403225806451613
563,1429.3542168674699,-1.576843373493976,2.872289156626506,2.4843373493975904,0.7349397590361446,0.6289156626506024,545.2096385542169,6.889156626506024,15.983132530120482,2.16144578313253,1.1614457831325302,1.0,0.5493975903614458,0.4506024096385542
564,1578.5019305019305,-1.3782818532818533,2.777992277992278,2.6312741312741315,0.918918918918919,0.4922779922779923,593.411196911197,5.555984555984556,12.694980694980694,3.6795366795366795,1.832046332046332,1.8474903474903475,0.43243243243243246,0.5675675675675675
565,1634.0341365461848,-0.8629518072289156,1.5441767068273093,2.1726907630522088,1.3152610441767068,0.5522088353413654,628.5843373493976,5.427710843373494,11.640562248995984,4.656626506024097,2.3433734939759034,2.3132530120481927,0.41967871485943775,0.5742971887550201
566,1587.200557103064,-1.095125348189415,2.6128133704735377,2.8077994428969357,0.7827298050139275,0.5153203342618384,600.2172701949861,5.4986072423398324,12.09192200557103,2.916434540389972,1.3955431754874652,1.5208913649025069,0.40668523676880225,0.5905292479108635
567,1567.6837606837607,5.271162393162394,3.388034188034188,2.31965811965812,0.8871794871794871,0.6205128205128205,622.9367521367521,5.0085470085470085,11.541880341880342,3.516239316239316,1.8974358974358974,1.6188034188034188,0.441025641025641,0.5008547008547009
568,1673.0660792951542,-0.16061674008810573,1.7643171806167401,2.7048458149779737,1.2048458149779735,0.5682819383259912,629.5881057268723,5.092511013215859,10.67180616740088,4.3215859030837,2.185022026431718,2.1365638766519823,0.40308370044052866,0.5859030837004405
569,1641.7843942505133,-1.4068788501026694,2.9075975359342916,2.2628336755646816,0.9507186858316222,0.5852156057494866,641.4496919917865,4.833675564681725,11.178644763860369,2.5626283367556466,1.3347022587268993,1.2279260780287475,0.4127310061601643,0.5872689938398358
570,1585.3150442477877,1.3528141592920355,2.343362831858407,2.8194690265486724,0.9132743362831859,0.5911504424778761,565.2725663716814,5.465486725663717,11.99646017699115,2.9858407079646017,1.4212389380530974,1.5646017699115045,0.45309734513274336,0.5221238938053098
571,1631.9494382022472,-0.6508239700374532,1.395131086142322,2.614232209737828,1.3202247191011236,0.5543071161048689,632.9775280898876,5.230337078651686,11.335205992509364,4.131086142322097,2.044943820224719,2.0861423220973783,0.4943820224719101,0.4943820224719101
572,1606.6516393442623,-0.9706352459016394,2.057377049180328,1.9528688524590163,1.2745901639344261,0.4774590163934426,601.4713114754098,5.366803278688525,12.172131147540984,2.862704918032787,1.3954918032786885,1.4672131147540983,0.48770491803278687,0.5040983606557377
573,1656.414913957935,0.9202676864244741,2.4263862332695987,2.6290630975143405,0.982791586998088,0.5353728489483748,572.793499043977,5.076481835564054,10.783938814531549,3.9789674952198855,2.0592734225621414,1.9196940726577438,0.43021032504780116,0.5487571701720841
574,1678.2283298097252,-1.3373361522198732,1.5813953488372092,2.4334038054968286,1.4207188160676534,0.5158562367864693,615.8710359408034,4.91754756871036,10.706131078224102,4.898520084566596,2.3086680761099365,2.5898520084566594,0.4587737843551797,0.5391120507399577
575,1663.7403433476395,-1.3809012875536482,2.708154506437768,1.9914163090128756,1.0858369098712446,0.5364806866952789,578.8519313304721,5.48068669527897,12.24892703862661,4.6888412017167385,2.259656652360515,2.429184549356223,0.463519313304721,0.5364806866952789
576,1555.91796875,-1.2842968750000001,1.931640625,2.640625,1.0546875,0.57421875,547.0078125,6.00390625,13.306640625,3.947265625,1.861328125,2.0859375,0.466796875,0.53125
577,1525.2772020725388,-1.3426683937823833,1.9352331606217616,2.3238341968911915,1.2072538860103628,0.5777202072538861,593.6528497409327,6.375647668393782,13.867875647668393,3.373056994818653,1.5984455958549222,1.7746113989637307,0.4896373056994819,0.5077720207253886
578,1801.4207436399217,-0.6837964774951076,2.7064579256360077,2.540117416829746,0.8551859099804305,0.6027397260273972,638.0782778864971,4.653620352250489,9.626223091976517,5.847358121330724,2.857142857142857,2.9902152641878668,0.3659491193737769,0.6262230919765166
579,1708.0233918128654,1.8603703703703702,2.925925925925926,2.38401559454191,1.0487329434697856,0.5594541910331384,603.0409356725146,4.348927875243665,9.647173489278753,3.6939571150097468,1.7504873294346979,1.9434697855750487,0.3723196881091618,0.5984405458089669
580,1606.9575,-1.206175,1.485,2.6075,1.275,0.6325,611.5825,5.8175,12.9875,3.4925,1.95,1.5425,0.485,0.5125
581,1733.9908675799086,-1.3040867579908677,2.2922374429223744,2.1689497716894977,1.0890410958904109,0.4132420091324201,553.9086757990867,5.365296803652968,11.730593607305936,6.970319634703197,3.5342465753424657,3.4360730593607305,0.4497716894977169,0.545662100456621
582,1575.3540489642185,-0.64060263653484,2.335216572504708,2.1619585687382297,1.2033898305084745,0.5348399246704332,601.4048964218456,5.666666666666667,12.777777777777779,2.702448210922787,1.2749529190207156,1.4274952919020716,0.4726930320150659,0.5178907721280602
583,1598.0022371364653,-0.09595078299776295,1.429530201342282,2.2639821029082774,1.3243847874720358,0.5838926174496645,617.3199105145413,5.9284116331096195,12.955257270693512,4.131991051454139,2.0961968680089487,2.0357941834451903,0.45861297539149887,0.5302013422818792
584,1755.5066964285713,-1.357075892857143,2.627232142857143,2.314732142857143,0.9821428571428571,0.5647321428571429,635.6116071428571,4.897321428571429,10.629464285714286,6.258928571428571,2.8549107142857144,3.404017857142857,0.39285714285714285,0.6071428571428571
585,1628.7489539748954,0.37686192468619245,3.3828451882845187,2.307531380753138,0.8305439330543933,0.5523012552301255,567.663179916318,5.2782426778242675,12.343096234309623,5.075313807531381,2.4414225941422596,2.6338912133891212,0.39330543933054396,0.5962343096234309
586,1677.4428274428274,-1.3177338877338878,1.2536382536382535,2.1954261954261955,1.4199584199584199,0.5550935550935551,622.5883575883576,4.756756756756757,10.773388773388774,2.74012474012474,1.4864864864864864,1.2536382536382535,0.4074844074844075,0.5925155925155925
587,1697.130198915009,-0.7264195298372514,3.077757685352622,2.11754068716094,0.9566003616636528,0.5949367088607594,637.4430379746835,5.08499095840868,11.08499095840868,3.2622061482820977,1.4159132007233273,1.8462929475587704,0.40687160940325495,0.5895117540687161
588,1580.5879017013233,1.7405293005671079,2.773156899810964,2.775047258979206,0.8223062381852552,0.6124763705103969,603.8809073724008,5.958412098298677,12.93194706994329,4.049149338374291,1.994328922495274,2.054820415879017,0.4952741020793951,0.4782608695652174
589,1646.6131528046421,-1.40605415860735,2.1315280464216633,2.4642166344294005,1.0735009671179885,0.5938104448742747,622.100580270793,5.222437137330754,11.562862669245648,3.7176015473887816,2.0386847195357833,1.678916827852998,0.4526112185686654,0.5473887814313346
590,1497.6617405582922,-1.0264860426929392,2.5533661740558293,2.1904761904761907,1.0377668308702792,0.5533661740558292,600.7766830870279,6.045977011494253,13.990147783251231,1.3284072249589491,0.6190476190476191,0.7093596059113301,0.49917898193760263,0.4975369458128079
591,1844.2927308447938,-1.2706876227897839,2.086444007858546,2.8840864440078584,1.0785854616895874,0.4361493123772102,622.0176817288801,4.449901768172888,9.072691552062869,3.8330058939096268,1.8978388998035363,1.9351669941060903,0.3713163064833006,0.6286836935166994
592,1720.9277566539924,-1.124828897338403,1.5361216730038023,2.134980988593156,1.4125475285171103,0.4448669201520912,639.0893536121673,4.448669201520913,10.091254752851711,1.7224334600760456,0.9562737642585551,0.7661596958174905,0.38783269961977185,0.6083650190114068
593,1652.7724425887266,-0.9348434237995824,2.720250521920668,2.3110647181628394,0.9144050104384134,0.5657620041753654,603.2964509394573,5.421711899791232,12.031315240083508,1.7640918580375784,0.8663883089770354,0.8977035490605428,0.4551148225469729,0.5407098121085595
594,1714.5283630470017,-1.2423176661264181,2.471636952998379,2.4359805510534844,1.0891410048622365,0.4846029173419773,597.7001620745543,4.705024311183144,10.351701782820097,2.0696920583468397,0.9578606158833063,1.1118314424635332,0.4019448946515397,0.5948136142625607
595,1773.528,-1.2238399999999998,1.542,2.446,1.328,0.516,630.254,4.456,9.54,2.584,1.376,1.208,0.346,0.654
596,1654.7413441955193,0.12513238289205703,2.0814663951120163,2.523421588594705,1.0509164969450102,0.4969450101832994,612.6354378818737,5.382892057026477,12.40122199592668,1.8961303462321792,0.8044806517311609,1.0916496945010183,0.43380855397148677,0.5539714867617108
597,1504.878892733564,1.1646020761245675,2.8166089965397925,2.368512110726644,0.9740484429065744,0.5432525951557093,562.4221453287197,6.325259515570934,13.963667820069205,1.2422145328719723,0.6003460207612457,0.6418685121107266,0.49480968858131485,0.47923875432525953
598,1693.4004065040651,0.5607723577235771,1.6077235772357723,2.686991869918699,1.2154471544715446,0.6910569105691057,630.7886178861788,5.25,10.654471544715447,2.2865853658536586,1.2296747967479675,1.056910569105691,0.3902439024390244,0.5873983739837398
599,1639.5228310502282,-1.5656849315068493,2.8059360730593608,2.1073059360730593,0.9885844748858448,0.6232876712328768,610.5022831050228,5.80365296803653,12.155251141552512,2.182648401826484,1.1324200913242009,1.0502283105022832,0.4931506849315068,0.5068493150684932
600,1665.5671641791046,2.273067993366501,2.4444444444444446,2.6882255389718077,1.0132669983416251,0.6069651741293532,566.6086235489221,5.111111111111111,10.862354892205639,2.2454394693200666,1.043117744610282,1.2023217247097844,0.3913764510779436,0.5671641791044776
601,1729.7037735849055,0.023377358490565932,1.5867924528301887,2.452830188679245,1.330188679245283,0.5452830188679245,645.7924528301887,4.966037735849056,10.433962264150944,3.490566037735849,1.6773584905660377,1.8132075471698113,0.3905660377358491,0.5981132075471698
602,1719.4345794392523,-1.0980607476635516,2.2710280373831777,1.939252336448598,1.22196261682243,0.4742990654205608,583.6471962616822,5.1892523364485985,11.226635514018692,3.203271028037383,1.644859813084112,1.558411214953271,0.42990654205607476,0.5677570093457944
603,1748.5,2.1710954063604238,2.530035335689046,2.7120141342756185,1.0247349823321554,0.5017667844522968,583.3922261484099,4.510600706713781,9.526501766784452,2.441696113074205,1.1908127208480566,1.2508833922261484,0.411660777385159,0.5565371024734982
604,1732.0541516245487,-1.2486462093862816,1.5613718411552346,2.4512635379061374,1.3592057761732852,0.4963898916967509,654.0,4.2888086642599275,9.617328519855596,1.4133574007220218,0.7490974729241877,0.6642599277978339,0.33935018050541516,0.6588447653429603
605,1710.8419811320755,-0.192688679245283,3.2641509433962264,2.160377358490566,0.8231132075471698,0.5424528301886793,601.4245283018868,5.785377358490566,12.278301886792454,4.02122641509434,2.047169811320755,1.974056603773585,0.4056603773584906,0.5825471698113207
606,1635.9237288135594,-0.10322033898305089,1.8372881355932202,2.642372881355932,1.1338983050847458,0.5254237288135594,621.9728813559323,5.38135593220339,11.645762711864407,1.5033898305084745,0.8288135593220339,0.6745762711864407,0.42542372881355933,0.559322033898305
607,1628.5280898876404,-1.2105243445692886,1.9101123595505618,2.144194756554307,1.3089887640449438,0.48314606741573035,675.1086142322098,5.548689138576779,11.728464419475655,1.3726591760299625,0.7771535580524345,0.5955056179775281,0.40636704119850187,0.5917602996254682
608,1743.9232081911264,-1.3214846416382253,2.5238907849829353,2.2832764505119454,1.0358361774744027,0.5307167235494881,604.7542662116041,4.837883959044369,10.573378839590443,2.7167235494880546,1.4215017064846416,1.295221843003413,0.4061433447098976,0.5938566552901023
609,1698.64381270903,1.2564715719063544,2.7959866220735785,2.2357859531772575,1.0668896321070234,0.5635451505016722,580.8779264214047,4.759197324414716,10.580267558528428,1.9933110367892977,0.9096989966555183,1.0836120401337792,0.40468227424749165,0.5719063545150501
610,1705.614931237721,1.0817878192534383,1.381139489194499,2.225933202357564,1.4302554027504912,0.6149312377210217,614.2239685658153,5.170923379174853,11.070726915520629,2.618860510805501,1.418467583497053,1.200392927308448,0.4381139489194499,0.5363457760314342
611,1733.3821428571428,0.1964821428571428,2.5785714285714287,2.080357142857143,1.2392857142857143,0.5410714285714285,596.9607142857143,5.333928571428571,11.76607142857143,4.803571428571429,2.080357142857143,2.7232142857142856,0.4446428571428571,0.5428571428571428
612,1739.0882352941176,4.536121323529412,2.483455882352941,2.0551470588235294,1.1084558823529411,0.5790441176470589,557.7941176470588,5.012867647058823,11.016544117647058,2.650735294117647,1.286764705882353,1.3639705882352942,0.4319852941176471,0.5220588235294118
613,1715.6641221374045,-0.7161259541984732,1.7080152671755726,2.16793893129771,1.4446564885496183,0.6202290076335878,604.9980916030535,5.240458015267175,11.650763358778626,2.7881679389312977,1.2595419847328244,1.5286259541984732,0.41603053435114506,0.5763358778625954
614,1763.7643884892086,-1.2366187050359714,2.4658273381294964,2.147482014388489,1.1384892086330936,0.5287769784172662,608.2697841726618,5.048561151079137,10.785971223021583,2.9802158273381294,1.3848920863309353,1.5953237410071943,0.41007194244604317,0.5827338129496403
615,1822.6621160409557,8.83839590443686,3.0887372013651877,2.1877133105802047,0.9982935153583617,0.5631399317406144,545.4897610921502,4.143344709897611,9.14505119453925,3.7064846416382253,1.8430034129692834,1.863481228668942,0.36177474402730375,0.5614334470989761
616,1881.4825581395348,-1.005813953488372,1.1356589147286822,1.9612403100775193,1.556201550387597,0.5813953488372093,641.172480620155,4.187984496124031,9.234496124031008,2.9011627906976742,1.5968992248062015,1.304263565891473,0.39147286821705424,0.6046511627906976
617,1871.6967213114754,0.2907991803278689,2.8504098360655736,2.3401639344262297,0.9508196721311475,0.49385245901639346,621.5348360655738,4.088114754098361,8.967213114754099,2.7274590163934427,1.4979508196721312,1.2295081967213115,0.3709016393442623,0.6168032786885246
618,1700.5864661654136,-0.6427067669172932,2.406015037593985,2.8796992481203008,0.7612781954887218,0.5789473684210527,630.046992481203,4.881578947368421,10.663533834586467,2.069548872180451,1.1804511278195489,0.8890977443609023,0.38721804511278196,0.6033834586466166
619,1703.6234676007005,-1.1381260945709282,1.542907180385289,2.140105078809107,1.4010507880910683,0.46059544658493873,650.6970227670753,5.394045534150613,11.021015761821365,2.3555166374781087,1.2819614711033276,1.073555166374781,0.4308231173380035,0.5656742556917689
620,1651.9057301293901,-1.410887245841035,2.412199630314233,2.476894639556377,1.1515711645101663,0.5933456561922366,606.2661737523106,5.136783733826248,11.32162661737523,2.990757855822551,1.5859519408502774,1.4048059149722736,0.49907578558225507,0.5009242144177449
621,1743.4809688581315,2.0853633217993077,2.7785467128027683,2.5761245674740483,0.986159169550173,0.5778546712802768,554.7439446366782,4.551903114186851,9.825259515570934,3.652249134948097,1.833910034602076,1.8183391003460208,0.4031141868512111,0.5657439446366782
622,1785.7848324514991,-0.5914638447971782,1.5908289241622575,2.0846560846560847,1.5238095238095237,0.4656084656084656,648.8536155202822,4.171075837742505,8.500881834215168,2.622574955908289,1.398589065255732,1.2239858906525574,0.32098765432098764,0.6684303350970018
623,1725.082,-1.3125,2.438,2.212,1.002,0.45,619.068,4.894,10.372,2.252,1.05,1.202,0.416,0.582
624,1736.0354330708662,-0.9616929133858269,2.9035433070866143,2.6988188976377954,0.8956692913385826,0.5826771653543307,594.6318897637796,4.568897637795276,9.970472440944881,3.606299212598425,1.8228346456692914,1.7834645669291338,0.3937007874015748,0.6003937007874016
625,1688.9111617312074,-1.246492027334852,1.4965831435079726,2.6195899772209565,1.2505694760820045,0.5216400911161732,614.876993166287,4.769931662870159,11.013667425968109,3.3735763097949887,1.7015945330296127,1.671981776765376,0.4328018223234624,0.5649202733485194
626,1703.7494505494506,-1.3523956043956045,2.1912087912087914,2.6263736263736264,0.9428571428571428,0.4747252747252747,604.756043956044,4.421978021978022,10.274725274725276,1.9428571428571428,0.9758241758241758,0.967032967032967,0.43736263736263736,0.5604395604395604
627,1605.0888382687926,0.4723462414578587,3.55125284738041,2.480637813211845,0.9066059225512528,0.6514806378132119,560.2369020501139,5.776765375854214,12.375854214123008,2.0273348519362187,1.0159453302961277,1.0113895216400912,0.45558086560364464,0.5353075170842825
628,1705.1108829568789,-1.289958932238193,1.6509240246406571,2.8049281314168377,1.1868583162217659,0.5728952772073922,605.9712525667351,4.630390143737166,10.104722792607802,2.2279260780287475,1.2402464065708418,0.9876796714579056,0.4024640657084189,0.5975359342915811
629,1706.3827160493827,-0.29792181069958845,2.7386831275720165,2.1646090534979425,1.0473251028806585,0.5576131687242798,589.7448559670781,5.074074074074074,11.11522633744856,2.1769547325102883,1.1584362139917694,1.0185185185185186,0.4444444444444444,0.5493827160493827
630,1634.2471728594508,0.5583037156704362,2.150242326332795,2.6978998384491115,1.0549273021001615,0.4991922455573506,586.8400646203554,5.080775444264943,11.560581583198708,2.730210016155089,1.2019386106623586,1.5282714054927302,0.44264943457189015,0.5411954765751211
631,1725.3065217391304,-1.1260434782608697,1.458695652173913,2.5891304347826085,1.3108695652173914,0.5478260869565217,615.3456521739131,5.019565217391304,11.219565217391304,4.745652173913044,2.5304347826086957,2.215217391304348,0.4108695652173913,0.5869565217391305
632,1652.4498207885304,-0.48458781362007164,2.2652329749103943,1.960573476702509,1.2813620071684588,0.4659498207885305,611.81541218638,5.483870967741935,12.621863799283155,3.8315412186379927,1.9695340501792116,1.8620071684587813,0.471326164874552,0.521505376344086
633,1729.316814159292,1.39270796460177,2.8212389380530976,2.743362831858407,0.9292035398230089,0.5097345132743363,602.2513274336283,4.745132743362832,10.00353982300885,3.791150442477876,1.9486725663716815,1.8424778761061946,0.3805309734513274,0.5929203539823009
634,1705.4421487603306,-1.4172314049586778,1.7458677685950412,2.3863636363636362,1.1983471074380165,0.5289256198347108,627.6404958677685,4.5929752066115705,9.669421487603305,5.1115702479338845,2.9111570247933884,2.200413223140496,0.39462809917355374,0.6053719008264463
635,1762.2217573221758,-0.6253347280334729,3.1317991631799162,2.3158995815899583,0.8451882845188284,0.5418410041841004,608.0523012552301,4.49163179916318,10.51255230125523,6.075313807531381,2.8933054393305437,3.1820083682008367,0.39330543933054396,0.5962343096234309
636,1753.5696428571428,-1.3167142857142857,2.101785714285714,2.5714285714285716,1.0392857142857144,0.5607142857142857,588.0089285714286,4.098214285714286,9.5375,3.335714285714286,1.825,1.5107142857142857,0.36428571428571427,0.6357142857142857
637,1694.4329411764706,-0.3345647058823529,2.287058823529412,2.621176470588235,1.096470588235294,0.6611764705882353,614.8964705882353,4.776470588235294,10.296470588235294,2.9858823529411764,1.4752941176470589,1.5105882352941176,0.45647058823529413,0.5364705882352941
638,1816.5251141552512,-1.287579908675799,2.8059360730593608,2.6872146118721463,0.7853881278538812,0.5799086757990868,585.296803652968,4.5,10.198630136986301,5.178082191780822,2.7831050228310503,2.394977168949772,0.3995433789954338,0.5981735159817352
639,1804.4095063985376,0.7827056672760512,2.954296160877514,2.36563071297989,0.926873857404022,0.5740402193784278,635.0383912248628,4.230347349177331,9.453382084095065,4.007312614259598,1.910420475319927,2.096892138939671,0.4076782449725777,0.5740402193784278
640,1708.0139720558882,-1.320319361277445,1.4890219560878244,2.3293413173652695,1.4171656686626746,0.5029940119760479,631.6467065868263,5.151696606786427,10.970059880239521,2.812375249500998,1.3273453093812375,1.4850299401197604,0.48303393213572854,0.5129740518962076
641,1715.6032863849766,-1.4691784037558686,2.859154929577465,2.363849765258216,0.931924882629108,0.5,584.5727699530516,5.694835680751174,12.673708920187794,4.727699530516432,2.3051643192488265,2.4225352112676055,0.4953051643192488,0.5046948356807511
642,1780.9977628635347,-0.26306487695749436,2.5727069351230427,2.221476510067114,1.0223713646532437,0.5391498881431768,580.7785234899329,4.373601789709173,9.988814317673379,2.6577181208053693,1.1409395973154361,1.516778523489933,0.40492170022371365,0.5838926174496645
643,1688.0315533980583,-0.9402184466019418,1.7087378640776698,2.5364077669902914,1.0825242718446602,0.6383495145631068,619.7378640776699,5.351941747572815,11.890776699029127,3.3616504854368934,1.6553398058252426,1.7063106796116505,0.4320388349514563,0.558252427184466
644,1843.5422396856582,-1.224066797642436,2.593320235756385,2.2475442043222005,1.0903732809430255,0.5795677799607073,608.8428290766208,4.4400785854616895,9.554027504911591,2.762278978388998,1.2534381139489195,1.5088408644400786,0.3555992141453831,0.6404715127701375
645,1777.0198237885463,2.133259911894273,3.4801762114537445,2.2709251101321586,0.8193832599118943,0.5506607929515418,540.6651982378854,5.237885462555066,11.795154185022026,3.3898678414096914,1.669603524229075,1.7202643171806167,0.45374449339207046,0.5220264317180616
646,1751.9815573770493,-0.7000000000000001,1.2745901639344261,2.05327868852459,1.4282786885245902,0.4918032786885246,611.2848360655738,5.036885245901639,11.295081967213115,2.0081967213114753,1.0491803278688525,0.9590163934426229,0.5,0.48975409836065575
647,1757.7953488372093,-1.4074883720930234,2.7744186046511627,2.2488372093023257,0.9558139534883721,0.5302325581395348,614.9674418604651,5.660465116279069,12.051162790697674,1.4093023255813955,0.872093023255814,0.5372093023255814,0.49767441860465117,0.5
648,1668.6674757281553,-1.538009708737864,2.504854368932039,2.7985436893203883,0.8810679611650486,0.5679611650485437,600.2354368932039,4.946601941747573,10.815533980582524,1.0,0.5048543689320388,0.49514563106796117,0.4854368932038835,0.5145631067961165
649,1799.6198347107438,-1.4376446280991737,1.915289256198347,2.4483471074380163,1.365702479338843,0.5537190082644629,637.198347107438,4.731404958677686,9.506198347107437,1.6053719008264462,0.8574380165289256,0.7479338842975206,0.4152892561983471,0.5847107438016529
650,1744.1894093686353,-0.12360488798370678,2.494908350305499,2.409368635437882,0.9368635437881874,0.5723014256619144,618.5865580448066,4.753564154786151,9.9979633401222,1.1384928716904277,0.7087576374745418,0.42973523421588594,0.4419551934826884,0.5437881873727087
651,1662.169590643275,-0.6468810916179337,2.6432748538011697,2.6569200779727096,0.9668615984405458,0.6140350877192983,563.8908382066277,5.703703703703703,12.372319688109162,1.7680311890838207,0.9181286549707602,0.8499025341130604,0.47953216374269003,0.5107212475633528
652,1679.987951807229,-0.3976506024096386,1.5040160642570282,1.9718875502008033,1.5602409638554218,0.4959839357429719,595.1887550200803,5.114457831325301,11.421686746987952,1.5441767068273093,0.8694779116465864,0.6746987951807228,0.43775100401606426,0.5542168674698795
653,1583.0582959641256,-1.4592825112107624,2.804932735426009,2.4192825112107625,0.8542600896860987,0.5964125560538116,587.3946188340807,6.069506726457399,13.616591928251122,1.6793721973094171,0.874439461883408,0.804932735426009,0.5358744394618834,0.45964125560538116
654,1871.3747572815535,-0.8042912621359223,2.8388349514563105,2.4271844660194173,0.8718446601941747,0.541747572815534,595.7203883495146,4.184466019417476,8.489320388349515,2.071844660194175,0.9572815533980582,1.1145631067961166,0.36699029126213595,0.629126213592233
655,1776.6747572815534,-1.2856796116504856,1.6796116504854368,2.5898058252427183,1.191747572815534,0.558252427184466,579.7402912621359,4.427184466019417,10.016990291262136,2.662621359223301,1.2936893203883495,1.3689320388349515,0.3737864077669903,0.6262135922330098
656,1788.9566210045662,-0.9735159817351599,2.538812785388128,2.7100456621004567,0.819634703196347,0.593607305936073,604.7351598173516,5.006849315068493,10.625570776255708,2.4863013698630136,1.1278538812785388,1.3584474885844748,0.4155251141552511,0.5730593607305936
657,1705.1752988047808,-0.12800796812749,3.1673306772908365,2.454183266932271,0.896414342629482,0.545816733067729,593.9581673306773,4.944223107569721,10.667330677290837,1.6015936254980079,0.852589641434263,0.749003984063745,0.4262948207171315,0.5657370517928287
658,1653.173076923077,0.15538461538461534,1.4735576923076923,2.5985576923076925,1.1274038461538463,0.5144230769230769,590.7860576923077,5.394230769230769,12.622596153846153,2.889423076923077,1.6009615384615385,1.2884615384615385,0.4831730769230769,0.5
659,1699.4458077709612,-1.4538445807770963,2.8936605316973414,2.18200408997955,1.0245398773006136,0.5255623721881391,588.5419222903886,5.529652351738242,12.171779141104295,1.6605316973415134,0.8220858895705522,0.8384458077709611,0.4723926380368098,0.5276073619631901
660,1654.7865546218488,-0.0237310924369748,2.2638655462184873,2.4554621848739497,1.13109243697479,0.5680672268907563,596.4588235294118,5.055462184873949,11.285714285714286,0.9512605042016806,0.5260504201680672,0.42521008403361343,0.42521008403361343,0.5630252100840336
661,1714.0942184154176,-0.6690578158458245,1.4732334047109208,2.7002141327623126,1.2291220556745182,0.5460385438972163,594.8415417558887,5.23982869379015,11.987152034261243,2.271948608137045,1.2955032119914347,0.9764453961456103,0.4689507494646681,0.5246252676659529
662,1617.1538461538462,-1.4596367521367521,2.361111111111111,1.606837606837607,1.3162393162393162,0.5106837606837606,586.4850427350427,5.653846153846154,12.901709401709402,2.2606837606837606,1.106837606837607,1.1538461538461537,0.4722222222222222,0.5277777777777778
663,1553.6830985915492,0.3323767605633803,2.558098591549296,2.4066901408450705,1.0757042253521127,0.579225352112676,581.0246478873239,6.204225352112676,13.714788732394366,1.2992957746478873,0.6232394366197183,0.676056338028169,0.5492957746478874,0.43309859154929575
664,1566.840262582057,-1.5554485776805251,1.6542669584245075,1.9912472647702406,1.3960612691466083,0.4726477024070022,562.2407002188183,6.192560175054704,14.113785557986871,1.7702407002188183,0.8949671772428884,0.87527352297593,0.5382932166301969,0.4617067833698031
665,1713.285132382892,-0.07818737270875761,3.405295315682281,1.9674134419551934,0.9287169042769857,0.5315682281059063,619.4582484725051,5.224032586558045,11.45417515274949,2.7841140529531567,1.340122199592668,1.4439918533604887,0.4439918533604888,0.5458248472505092
666,1648.021582733813,1.480773381294964,2.287769784172662,2.670863309352518,1.0431654676258992,0.5953237410071942,603.636690647482,5.190647482014389,11.723021582733812,1.29136690647482,0.8093525179856115,0.48201438848920863,0.4154676258992806,0.5611510791366906
667,1579.4036144578313,3.030763052208836,2.281124497991968,2.0903614457831323,1.3534136546184738,0.6666666666666666,621.3895582329317,5.608433734939759,12.405622489959839,1.0301204819277108,0.5883534136546185,0.44176706827309237,0.4678714859437751,0.4899598393574297
668,1824.5499124343257,-0.8991243432574431,2.5481611208406303,2.3257443082311733,1.117338003502627,0.542907180385289,634.0700525394045,4.38353765323993,9.525394045534151,2.220665499124343,1.0280210157618213,1.1926444833625218,0.38353765323992994,0.6059544658493871
669,1708.5851449275362,1.938623188405797,2.898550724637681,2.0869565217391304,1.1992753623188406,0.5652173913043478,633.4746376811594,4.855072463768116,10.340579710144928,1.681159420289855,0.8061594202898551,0.875,0.4221014492753623,0.5489130434782609
670,1667.0019455252918,0.2664396887159533,1.7626459143968871,2.0408560311284045,1.3521400778210118,0.5739299610894941,632.9221789883269,4.947470817120623,10.73929961089494,1.6284046692607004,0.7140077821011673,0.914396887159533,0.4377431906614786,0.5428015564202334
671,1680.046594982079,-0.9266308243727598,3.032258064516129,2.0627240143369177,1.0788530465949822,0.5268817204301075,580.5860215053764,5.129032258064516,11.42652329749104,1.636200716845878,0.8476702508960573,0.7885304659498208,0.41397849462365593,0.5806451612903226
672,1615.941634241245,1.1239105058365757,2.850194552529183,1.7898832684824904,1.2607003891050583,0.6206225680933852,611.6420233463035,5.383268482490273,12.06420233463035,1.093385214007782,0.5252918287937743,0.5680933852140078,0.4357976653696498,0.5272373540856031
673,1637.904458598726,-1.4239490445859873,1.8301486199575372,2.1061571125265393,1.4076433121019107,0.49256900212314225,656.0191082802547,5.488322717622081,11.821656050955413,0.9872611464968153,0.46496815286624205,0.5222929936305732,0.4607218683651805,0.5392781316348195
674,1684.023622047244,-1.3422047244094488,2.9173228346456694,1.7578740157480315,1.1732283464566928,0.6220472440944882,594.3996062992126,5.368110236220472,11.807086614173228,1.8877952755905512,1.078740157480315,0.8090551181102362,0.4271653543307087,0.5708661417322834
675,1619.4953445065178,3.109441340782123,3.1564245810055866,2.195530726256983,0.962756052141527,0.6089385474860335,623.659217877095,5.262569832402234,11.726256983240223,2.5027932960893855,1.366852886405959,1.1359404096834265,0.40037243947858475,0.5586592178770949
676,1616.9824945295404,-0.9126258205689279,1.636761487964989,1.838074398249453,1.50109409190372,0.6411378555798687,679.7789934354486,5.658643326039387,11.908096280087527,0.9299781181619255,0.5798687089715536,0.350109409190372,0.48358862144420134,0.5120350109409191
677,1464.4158878504672,-1.3256308411214954,3.102803738317757,2.3738317757009346,0.8574766355140186,0.6144859813084113,608.0607476635514,6.920560747663552,15.30841121495327,0.7383177570093458,0.35514018691588783,0.38317757009345793,0.5,0.4976635514018692
678,1502.1353211009175,0.11440366972477056,2.770642201834862,2.6903669724770642,0.6513761467889908,0.6605504587155964,588.940366972477,6.110091743119266,14.211009174311927,0.6009174311926605,0.22247706422018348,0.37844036697247707,0.4908256880733945,0.4954128440366973
679,1655.0574257425742,-1.5038019801980198,2.0455445544554456,2.001980198019802,1.4316831683168316,0.6099009900990099,599.8554455445544,5.196039603960396,11.914851485148516,0.7287128712871287,0.3900990099009901,0.33861386138613864,0.4772277227722772,0.5227722772277228
680,1620.461352657005,-1.4363526570048308,2.342995169082126,2.282608695652174,0.961352657004831,0.5676328502415459,540.231884057971,5.094202898550725,11.657004830917874,0.4033816425120773,0.27053140096618356,0.13285024154589373,0.43478260869565216,0.5652173913043478
681,1638.0970537261699,-0.6295667244367418,2.3032928942807627,2.511265164644714,1.0433275563258233,0.561525129982669,579.8804159445407,5.249566724436741,11.400346620450607,0.9341421143847487,0.464471403812825,0.4696707105719237,0.3830155979202773,0.6135181975736569
682,1709.6016096579476,-0.9770422535211268,1.6458752515090542,2.1670020120724347,1.4728370221327969,0.48490945674044267,645.9678068410462,4.189134808853119,9.643863179074447,1.0583501006036218,0.5915492957746479,0.46680080482897385,0.4104627766599598,0.5855130784708249
683,1618.4387990762125,-1.5488221709006929,2.953810623556582,2.48729792147806,0.76905311778291,0.6605080831408776,609.6374133949191,5.4203233256351036,12.143187066974596,1.6004618937644342,0.9399538106235565,0.6605080831408776,0.47113163972286376,0.5288683602771362
684,1726.9462571976967,-1.0949904030710174,2.9193857965451055,2.36468330134357,0.9865642994241842,0.5777351247600768,612.3320537428023,4.370441458733206,9.81573896353167,1.4107485604606527,0.7140115163147792,0.6967370441458733,0.3915547024952015,0.6046065259117083
685,1762.5077821011673,-0.41284046692607007,1.6342412451361867,2.3657587548638133,1.2412451361867705,0.5447470817120622,631.295719844358,4.531128404669261,9.317120622568094,1.6556420233463034,0.8949416342412452,0.7607003891050583,0.3521400778210117,0.6342412451361867
686,1718.7729885057472,-1.0478735632183909,2.6091954022988504,2.278735632183908,0.9080459770114943,0.6724137931034483,604.1264367816092,4.117816091954023,9.520114942528735,0.7385057471264368,0.3850574712643678,0.35344827586206895,0.367816091954023,0.6293103448275862
687,1686.530303030303,1.8022348484848485,3.4261363636363638,2.5,0.7575757575757576,0.7727272727272727,635.5,4.649621212121212,10.045454545454545,1.066287878787879,0.6382575757575758,0.42803030303030304,0.4109848484848485,0.553030303030303
688,1536.5994623655913,-0.6870698924731183,1.9489247311827957,2.150537634408602,1.075268817204301,0.782258064516129,622.3924731182796,6.196236559139785,13.798387096774194,1.0483870967741935,0.5456989247311828,0.5026881720430108,0.5779569892473119,0.40860215053763443
689,1673.8333333333333,-1.3822030651340995,3.1494252873563218,1.8103448275862069,1.0210727969348659,0.6685823754789272,629.007662835249,5.042145593869732,10.9272030651341,0.7509578544061303,0.39846743295019155,0.3524904214559387,0.4061302681992337,0.5938697318007663
690,1488.1982942430704,-1.2468443496801704,2.490405117270789,2.236673773987207,1.1727078891257996,0.6886993603411514,539.863539445629,6.1918976545842215,14.292110874200427,0.5948827292110874,0.373134328358209,0.22174840085287847,0.48187633262260127,0.5138592750533049
691,1638.1030927835052,0.2530103092783505,1.7670103092783505,2.6577319587628865,1.1195876288659794,0.6618556701030928,610.2907216494846,5.169072164948454,11.606185567010309,1.265979381443299,0.7422680412371134,0.5237113402061856,0.4515463917525773,0.5319587628865979
692,1650.3352490421455,-1.2171455938697318,2.5919540229885056,1.8467432950191571,1.2950191570881227,0.603448275862069,640.8582375478927,5.706896551724138,11.992337164750959,1.5459770114942528,0.8160919540229885,0.7298850574712644,0.4329501915708812,0.5651340996168582
693,1665.601083032491,-0.5840252707581227,2.527075812274368,2.572202166064982,1.0072202166064983,0.6227436823104693,631.7454873646209,5.063176895306859,11.093862815884476,0.868231046931408,0.427797833935018,0.4404332129963899,0.4963898916967509,0.49097472924187724
694,1630.2884615384614,-1.4975576923076923,1.6711538461538462,2.2384615384615385,1.3442307692307693,0.5326923076923077,642.2423076923077,5.371153846153846,11.675,0.8423076923076923,0.5019230769230769,0.3403846153846154,0.49615384615384617,0.5038461538461538
695,1649.3084112149534,-1.577943925233645,3.2242990654205608,2.012461059190031,0.8473520249221184,0.616822429906542,557.6791277258567,5.881619937694704,13.16822429906542,1.1401869158878504,0.5545171339563862,0.5856697819314641,0.48909657320872274,0.5109034267912772
696,1602.078066914498,0.7504460966542751,2.29182156133829,2.2565055762081783,1.1561338289962826,0.6022304832713755,561.8029739776952,6.230483271375465,12.685873605947956,0.46654275092936803,0.2174721189591078,0.24907063197026022,0.4888475836431227,0.49070631970260226
697,1587.1827515400412,-1.1294661190965092,1.9507186858316221,1.9199178644763861,1.3963039014373717,0.6057494866529775,646.5564681724846,5.650924024640657,12.375770020533881,0.23819301848049282,0.13963039014373715,0.09856262833675565,0.48459958932238195,0.5112936344969199
698,1745.9714285714285,-1.230487394957983,2.6369747899159663,2.2319327731092438,1.030252100840336,0.5647058823529412,635.5663865546219,4.8806722689075634,10.59327731092437,0.47058823529411764,0.226890756302521,0.24369747899159663,0.41008403361344536,0.5882352941176471
699,1736.1705565529624,-0.928132854578097,2.845601436265709,2.061041292639138,1.1813285457809695,0.6337522441651705,663.6517055655296,4.6050269299820465,9.88689407540395,1.1220825852782765,0.4991023339317774,0.6229802513464991,0.40394973070017953,0.5888689407540395
700,1603.3122270742358,-1.4159606986899562,1.4192139737991267,1.9344978165938864,1.5938864628820961,0.5436681222707423,626.2248908296943,5.565502183406114,12.458515283842795,0.28820960698689957,0.12882096069868995,0.15938864628820962,0.49344978165938863,0.5043668122270742
701,1722.4442231075698,-0.8629681274900398,2.7768924302788847,1.9860557768924303,1.1892430278884463,0.5557768924302788,641.5278884462151,4.838645418326693,10.906374501992032,0.7290836653386454,0.3047808764940239,0.4243027888446215,0.39641434262948205,0.5976095617529881
702,1638.955737704918,1.2302622950819673,2.6459016393442623,1.9409836065573771,1.3081967213114754,0.5672131147540984,612.2377049180328,5.5,11.816393442622951,0.7180327868852459,0.3524590163934426,0.3655737704918033,0.4672131147540984,0.4934426229508197
703,1504.8844339622642,-1.7085849056603775,1.8349056603773586,2.160377358490566,1.3089622641509433,0.6037735849056604,617.997641509434,6.731132075471698,14.898584905660377,0.45047169811320753,0.2688679245283019,0.18160377358490565,0.5943396226415094,0.4056603773584906
704,1734.773469387755,-1.0673061224489797,2.9448979591836735,1.8489795918367347,1.042857142857143,0.7183673469387755,635.0183673469388,5.142857142857143,10.791836734693877,0.7,0.37142857142857144,0.32857142857142857,0.41020408163265304,0.5795918367346938
705,1659.7429718875503,1.123714859437751,2.9096385542168677,1.9859437751004017,1.1285140562248996,0.6244979919678715,586.004016064257,5.610441767068273,12.429718875502008,1.2429718875502007,0.6004016064257028,0.642570281124498,0.5140562248995983,0.463855421686747
706,1577.831094049904,-1.3881573896353168,1.433781190019194,1.7581573896353166,1.598848368522073,0.6276391554702495,622.9673704414587,6.128598848368522,13.013435700575815,0.5239923224568138,0.2840690978886756,0.2399232245681382,0.4779270633397313,0.5220729366602687
707,1580.9821782178217,-1.452,3.241584158415842,2.1920792079207922,0.8336633663366336,0.6415841584158416,615.879207920792,6.0574257425742575,13.396039603960396,0.803960396039604,0.3801980198019802,0.42376237623762375,0.48316831683168315,0.5168316831683168
708,1492.6266924564798,1.0702707930367505,3.0754352030947776,2.551257253384913,0.804642166344294,0.6441005802707931,593.384912959381,6.152804642166345,13.62669245647969,0.29980657640232106,0.11605415860735009,0.18375241779497098,0.5667311411992263,0.402321083172147
709,1612.720792079208,-1.4963960396039604,1.998019801980198,1.9287128712871286,1.4099009900990098,0.5584158415841585,575.4079207920792,5.211881188118812,11.782178217821782,0.401980198019802,0.24554455445544554,0.15643564356435644,0.4891089108910891,0.5108910891089109
710,1542.8114406779662,-1.4259957627118645,2.8008474576271185,2.2966101694915255,0.9809322033898306,0.6207627118644068,640.1377118644068,5.8008474576271185,12.94915254237288,0.3220338983050847,0.19703389830508475,0.125,0.4894067796610169,0.5084745762711864
711,1519.13,1.9503833333333334,2.7983333333333333,2.595,0.9083333333333333,0.6216666666666667,596.5666666666667,5.863333333333333,12.741666666666667,0.6566666666666666,0.30666666666666664,0.35,0.525,0.445
712,1602.246183206107,-1.450114503816794,1.6583969465648856,1.9923664122137406,1.5286259541984732,0.5038167938931297,659.5648854961833,4.916030534351145,11.431297709923664,0.2652671755725191,0.11641221374045801,0.14885496183206107,0.4637404580152672,0.5362595419847328
713,1591.4597069597069,-1.5274908424908424,2.717948717948718,2.302197802197802,1.034798534798535,0.5476190476190477,658.2655677655678,5.144688644688645,11.666666666666666,0.3974358974358974,0.2032967032967033,0.19413919413919414,0.48717948717948717,0.5128205128205128
714,1433.9225806451614,-1.0486881720430108,3.303225806451613,2.1763440860215053,0.8817204301075269,0.7225806451612903,598.6408602150537,6.866666666666666,15.348387096774193,0.6387096774193548,0.28817204301075267,0.35053763440860214,0.5505376344086022,0.443010752688172
715,1612.6823104693142,0.004079422382671489,1.667870036101083,2.17870036101083,1.3411552346570397,0.5884476534296029,663.5397111913358,4.882671480144404,11.12274368231047,0.6768953068592057,0.37184115523465705,0.30505415162454874,0.4548736462093863,0.5306859205776173
716,1542.3161953727506,-1.436298200514139,2.670951156812339,2.4781491002570695,0.8431876606683805,0.7146529562982005,610.5424164524421,5.724935732647815,12.676092544987146,0.6298200514138818,0.3059125964010283,0.32390745501285345,0.46272493573264784,0.5372750642673522
717,1494.9582463465554,-0.7441753653444677,3.636743215031315,2.0918580375782883,0.8830897703549061,0.7390396659707724,572.7536534446764,5.924843423799582,13.680584551148225,0.20876826722338204,0.12108559498956159,0.08768267223382047,0.5365344467640919,0.4509394572025052
718,1618.6935483870968,-1.4750460829493086,1.7142857142857142,2.2235023041474653,1.2004608294930876,0.652073732718894,648.405529953917,5.274193548387097,11.716589861751151,0.4470046082949309,0.22350230414746544,0.22350230414746544,0.45852534562211983,0.5414746543778802
719,1592.2561983471073,-1.362107438016529,3.53099173553719,1.7086776859504131,1.0495867768595042,0.6694214876033058,611.6611570247934,5.4772727272727275,12.057851239669422,0.9111570247933884,0.4690082644628099,0.44214876033057854,0.5041322314049587,0.49173553719008267
720,1593.5894736842106,-0.3322280701754386,2.731578947368421,2.180701754385965,1.0964912280701755,0.724561403508772,592.5754385964913,5.1192982456140355,11.433333333333334,0.2771929824561403,0.14912280701754385,0.1280701754385965,0.4649122807017544,0.5210526315789473
721,1536.3355704697988,-0.15581655480984347,2.0201342281879193,2.319910514541387,1.080536912751678,0.6375838926174496,648.3199105145413,6.174496644295302,13.534675615212528,0.5973154362416108,0.2483221476510067,0.348993288590604,0.5548098434004475,0.43400447427293065
722,1529.814732142857,-1.5014285714285713,2.872767857142857,1.6607142857142858,1.2254464285714286,0.6383928571428571,607.390625,6.075892857142857,13.533482142857142,0.53125,0.25669642857142855,0.27455357142857145,0.5,0.5
723,1654.3615520282187,-0.9868253968253968,2.7125220458553794,2.398589065255732,1.035273368606702,0.6119929453262787,609.9223985890652,4.610229276895944,9.934744268077601,0.564373897707231,0.2998236331569665,0.26455026455026454,0.4056437389770723,0.5908289241622575
724,1705.742214532872,-1.312681660899654,1.6141868512110726,1.911764705882353,1.532871972318339,0.47923875432525953,695.1730103806228,4.198961937716263,9.408304498269896,0.5986159169550173,0.2698961937716263,0.328719723183391,0.3719723183391003,0.6280276816608996
725,1579.7948051948051,-1.0188051948051948,3.32987012987013,2.137662337662338,0.7688311688311689,0.7168831168831169,599.7246753246753,5.423376623376623,11.825974025974025,0.8155844155844156,0.43896103896103894,0.37662337662337664,0.44935064935064933,0.548051948051948
726,1520.4182692307693,-1.544375,2.331730769230769,2.0024038461538463,1.1586538461538463,0.6105769230769231,560.8990384615385,5.918269230769231,13.375,0.6370192307692307,0.32211538461538464,0.31490384615384615,0.4807692307692308,0.5192307692307693
727,1412.764705882353,-1.5231283422459891,2.5962566844919786,1.839572192513369,0.9518716577540107,0.7620320855614974,617.7941176470588,7.077540106951871,16.1524064171123,0.27807486631016043,0.17379679144385027,0.10427807486631016,0.5962566844919787,0.3983957219251337
728,1496.9779249448125,-0.6342825607064019,3.423841059602649,2.322295805739514,0.7704194260485652,0.6997792494481236,610.0419426048566,6.472406181015453,13.832229580573951,0.8807947019867549,0.445916114790287,0.434878587196468,0.5342163355408388,0.45253863134657835
729,1528.3413379073756,-0.46500857632933107,3.4991423670668955,2.065180102915952,1.0154373927958833,0.6689536878216124,649.7066895368782,5.797598627787307,12.751286449399657,0.5677530017152659,0.25900514579759865,0.30874785591766724,0.5128644939965694,0.4716981132075472
730,1483.1674208144796,-0.5037330316742081,1.6447963800904977,1.9366515837104072,1.4004524886877827,0.6447963800904978,600.3529411764706,6.608597285067873,14.122171945701357,0.334841628959276,0.15610859728506787,0.17873303167420815,0.5542986425339367,0.4298642533936652
731,1502.2657580919931,-0.7419420783645656,2.8228279386712094,1.667802385008518,1.3918228279386713,0.5076660988074957,622.5587734241908,6.243611584327087,13.741056218057922,0.3901192504258944,0.18057921635434412,0.20954003407155025,0.5161839863713799,0.4787052810902896
732,1524.1860986547085,-1.272645739910314,2.742152466367713,1.7914798206278026,1.3721973094170403,0.6502242152466368,575.3542600896861,6.280269058295964,13.22421524663677,0.24439461883408073,0.10762331838565023,0.1367713004484305,0.515695067264574,0.4820627802690583
733,1439.4517647058824,-1.6769411764705884,1.576470588235294,2.1458823529411766,1.171764705882353,0.5411764705882353,596.0917647058824,6.776470588235294,15.24,0.20705882352941177,0.1388235294117647,0.06823529411764706,0.6094117647058823,0.3905882352941176
734,1372.962962962963,-1.684962962962963,3.285185185185185,1.3888888888888888,0.7925925925925926,0.5777777777777777,534.0703703703704,7.155555555555556,16.5,0.5518518518518518,0.2814814814814815,0.27037037037037037,0.6185185185185185,0.3814814814814815
735,1511.9590361445782,-1.633132530120482,3.2987951807228915,1.8795180722891567,0.9590361445783132,0.6626506024096386,591.5831325301205,6.1734939759036145,13.35421686746988,0.8674698795180723,0.5012048192771085,0.36626506024096384,0.5084337349397591,0.491566265060241
736,1537.2838874680308,-1.4530179028132992,1.3989769820971867,1.854219948849105,1.4424552429667519,0.6061381074168798,634.8081841432225,6.033248081841432,12.718670076726342,0.34271099744245526,0.20460358056265984,0.13810741687979539,0.4578005115089514,0.5421994884910486
737,1360.436274509804,-1.6957352941176471,3.321078431372549,2.2941176470588234,0.7107843137254902,0.6470588235294118,566.9926470588235,7.561274509803922,16.99264705882353,0.19852941176470587,0.0857843137254902,0.11274509803921569,0.5833333333333334,0.4166666666666667
738,1345.7233560090704,-0.11623582766439913,3.0408163265306123,2.2789115646258504,0.8571428571428571,0.7346938775510204,546.9410430839002,7.528344671201814,16.73469387755102,0.2857142857142857,0.11564625850340136,0.17006802721088435,0.5873015873015873,0.3945578231292517
739,1656.8251879699249,-1.0945112781954887,1.8609022556390977,1.8251879699248121,1.4605263157894737,0.5112781954887218,650.3966165413534,4.5206766917293235,9.868421052631579,0.49624060150375937,0.26127819548872183,0.2349624060150376,0.36654135338345867,0.631578947368421
740,1537.735294117647,-1.3682579185520363,2.3778280542986425,2.271493212669683,0.9095022624434389,0.6176470588235294,659.0814479638009,5.676470588235294,12.221719457013574,0.3506787330316742,0.17647058823529413,0.17420814479638008,0.4457013574660634,0.5542986425339367
741,1393.079295154185,-1.6962775330396476,2.36784140969163,2.1762114537444934,0.9977973568281938,0.526431718061674,553.1982378854625,6.389867841409692,15.418502202643172,0.5837004405286343,0.3039647577092511,0.27973568281938327,0.6013215859030837,0.3986784140969163
742,1519.1922077922077,-1.4873506493506494,1.735064935064935,1.6051948051948053,1.4597402597402598,0.6155844155844156,623.1532467532468,6.527272727272727,13.794805194805194,0.42077922077922075,0.2623376623376623,0.15844155844155844,0.4909090909090909,0.509090909090909
743,1534.1059322033898,-0.5572881355932204,2.8516949152542375,1.944915254237288,1.1080508474576272,0.6271186440677966,651.7457627118644,6.0423728813559325,12.792372881355933,0.3919491525423729,0.21398305084745764,0.17796610169491525,0.5254237288135594,0.4682203389830508
744,1572.1016333938294,-1.166823956442831,2.938294010889292,2.1978221415607986,0.9927404718693285,0.6497277676950998,701.9110707803993,5.268602540834846,11.954627949183303,0.6116152450090744,0.2577132486388385,0.35390199637023595,0.47186932849364793,0.5245009074410163
745,1568.5658536585365,-1.623439024390244,1.526829268292683,2.3073170731707315,1.2658536585365854,0.5829268292682926,680.3365853658537,6.082926829268293,12.926829268292684,0.7365853658536585,0.4121951219512195,0.32439024390243903,0.5341463414634147,0.4658536585365854
746,1628.894523326572,-1.1996348884381338,2.239350912778905,2.4827586206896552,0.9898580121703854,0.5233265720081136,681.9655172413793,5.0425963488843815,10.829614604462474,0.43204868154158216,0.21095334685598377,0.2210953346855984,0.4056795131845842,0.592292089249493
747,1506.4263736263736,-0.38364835164835165,3.340659340659341,1.8725274725274725,1.043956043956044,0.756043956043956,609.3758241758242,5.997802197802198,13.292307692307693,0.389010989010989,0.17142857142857143,0.2175824175824176,0.5208791208791209,0.4725274725274725
748,1421.5211267605634,-0.17490140845070434,1.9549295774647888,2.304225352112676,1.0788732394366196,0.819718309859155,647.0450704225352,7.132394366197183,15.726760563380282,0.4619718309859155,0.29295774647887324,0.16901408450704225,0.5746478873239437,0.4084507042253521
749,1498.894348894349,-1.4733660933660933,3.5896805896805897,1.8796068796068797,0.8746928746928747,0.6977886977886978,620.5282555282555,6.326781326781327,14.044226044226043,0.7125307125307125,0.3071253071253071,0.40540540540540543,0.5061425061425061,0.49385749385749383
750,1460.2618595825427,1.7230740037950663,2.4212523719165087,2.0891840607210628,1.113851992409867,0.5806451612903226,614.9108159392789,6.157495256166983,13.988614800759013,0.3908918406072106,0.25426944971537,0.1366223908918406,0.50853889943074,0.4573055028462998
751,1554.969262295082,0.6719877049180328,1.709016393442623,1.9959016393442623,1.4282786885245902,0.6004098360655737,661.3483606557377,5.514344262295082,12.125,0.6844262295081968,0.32786885245901637,0.35655737704918034,0.44672131147540983,0.5389344262295082
752,1489.6376811594203,-1.2070600414078674,2.1055900621118013,1.3726708074534162,1.463768115942029,0.515527950310559,612.5300207039337,6.111801242236025,13.904761904761905,0.4306418219461698,0.2277432712215321,0.2028985507246377,0.4720496894409938,0.5217391304347826
753,1484.3456032719837,-1.4633128834355826,2.7259713701431494,2.130879345603272,1.1451942740286298,0.6012269938650306,623.4437627811861,6.304703476482618,13.676891615541923,0.20040899795501022,0.12474437627811862,0.07566462167689161,0.5480572597137015,0.4458077709611452
754,1484.7621247113163,-1.4231870669745958,1.6096997690531178,1.7644341801385681,1.3764434180138567,0.5219399538106235,681.9330254041571,6.53810623556582,14.401847575057737,0.3833718244803695,0.24018475750577367,0.14318706697459585,0.49191685912240185,0.5080831408775982
755,1479.3877551020407,-0.21609977324263038,3.4467120181405897,1.8662131519274376,0.9206349206349206,0.6122448979591837,635.5238095238095,6.224489795918367,13.91156462585034,0.7732426303854876,0.4217687074829932,0.35147392290249435,0.47845804988662133,0.5056689342403629
756,1557.4623217922606,-1.4892260692464359,1.9674134419551934,1.965376782077393,1.2036659877800406,0.5682281059063137,597.2016293279022,5.674134419551935,12.211812627291243,0.8187372708757638,0.4419551934826884,0.37678207739307534,0.5173116089613035,0.48268839103869654
757,1556.7628635346757,-1.159463087248322,2.208053691275168,2.0201342281879193,1.1051454138702461,0.7203579418344519,664.7494407158837,5.863534675615212,12.865771812080537,0.27069351230425054,0.17002237136465326,0.10067114093959731,0.5055928411633109,0.48769574944071586
758,1443.6038338658147,-1.4639297124600639,2.878594249201278,2.1150159744408947,0.6773162939297125,0.731629392971246,584.1054313099041,6.546325878594249,14.664536741214057,0.5335463258785943,0.23961661341853036,0.2939297124600639,0.48562300319488816,0.5079872204472844
759,1448.8381742738588,-1.447033195020747,3.0975103734439835,1.9730290456431536,0.9854771784232366,0.6286307053941909,655.6804979253112,7.018672199170124,15.273858921161827,0.5373443983402489,0.25933609958506226,0.27800829875518673,0.529045643153527,0.46887966804979253
760,1496.2427440633246,-1.647598944591029,1.6094986807387863,1.8627968337730871,1.3271767810026385,0.6754617414248021,573.5197889182058,6.490765171503957,14.150395778364116,0.22427440633245382,0.1503957783641161,0.07387862796833773,0.5118733509234829,0.48812664907651715
761,1535.6498422712934,-1.3882018927444795,2.4605678233438484,1.7917981072555205,0.7444794952681388,0.61198738170347,590.8485804416404,5.930599369085174,12.438485804416404,0.41324921135646686,0.23659305993690852,0.17665615141955837,0.4069400630914827,0.5930599369085173
762,1573.1291759465478,-1.5638530066815144,2.683741648106904,1.5478841870824054,1.2160356347438752,0.7416481069042317,560.9576837416481,5.605790645879733,11.692650334075724,0.43875278396436523,0.1714922048997773,0.267260579064588,0.48106904231625836,0.5189309576837416
763,1480.579185520362,-1.6636199095022626,1.6561085972850678,1.9728506787330318,1.409502262443439,0.6063348416289592,620.368778280543,6.601809954751131,14.411764705882353,0.2918552036199095,0.17873303167420815,0.11312217194570136,0.5701357466063348,0.4298642533936652
764,1445.9255079006773,-1.4851467268623024,2.880361173814898,1.5214446952595937,1.09255079006772,0.6952595936794582,629.6230248306998,6.616252821670429,14.577878103837472,0.5079006772009029,0.29345372460496616,0.2144469525959368,0.5191873589164786,0.48081264108352145
765,1520.8728971962616,4.9352897196261685,3.3289719626168224,1.5271028037383179,1.1626168224299065,0.7252336448598131,638.2317757009346,5.435514018691589,11.871028037383178,0.6934579439252336,0.35514018691588783,0.3383177570093458,0.40373831775700936,0.5214953271028038
766,1499.5347721822543,-1.6780335731414868,1.460431654676259,1.6882494004796162,1.525179856115108,0.6618705035971223,696.304556354916,6.41726618705036,13.947242206235012,0.4580335731414868,0.23261390887290168,0.22541966426858512,0.5683453237410072,0.4316546762589928
767,1399.1165501165501,-1.6943822843822844,3.242424242424242,1.902097902097902,0.8857808857808858,0.6083916083916084,629.2167832167833,6.659673659673659,16.016317016317018,0.48951048951048953,0.27972027972027974,0.2097902097902098,0.5944055944055944,0.40326340326340326
768,1386.589420654912,-1.68639798488665,2.392947103274559,2.632241813602015,0.8110831234256927,0.6297229219143576,614.2443324937028,6.9773299748110835,16.3904282115869,0.30730478589420657,0.13602015113350127,0.1712846347607053,0.5944584382871536,0.40554156171284633
769,1493.9627450980392,-1.497450980392157,2.0098039215686274,2.1470588235294117,1.4,0.5490196078431373,679.9490196078432,6.735294117647059,14.58235294117647,0.503921568627451,0.2372549019607843,0.26666666666666666,0.5411764705882353,0.4568627450980392
770,1513.7381889763778,-1.5205511811023622,2.4350393700787403,2.076771653543307,1.1791338582677164,0.6023622047244095,669.7795275590552,5.950787401574803,13.440944881889763,0.5708661417322834,0.265748031496063,0.3051181102362205,0.5118110236220472,0.4881889763779528
771,1369.9668615984406,-0.38945419103313855,2.3001949317738792,2.230019493177388,1.0467836257309941,0.6257309941520468,564.0194931773879,7.282651072124756,16.748538011695906,0.4191033138401559,0.20857699805068225,0.21052631578947367,0.6023391812865497,0.391812865497076
772,1374.443418013857,-1.505866050808314,1.5173210161662818,1.766743648960739,1.5427251732101617,0.5681293302540416,641.8729792147806,7.655889145496536,17.15935334872979,0.23787528868360278,0.16166281755196305,0.07621247113163972,0.5565819861431871,0.44341801385681295
773,1446.2605363984674,-1.5991187739463602,2.7126436781609193,2.1590038314176243,1.053639846743295,0.6245210727969349,655.816091954023,6.64176245210728,15.021072796934867,0.35823754789272033,0.1781609195402299,0.18007662835249041,0.5402298850574713,0.45977011494252873
774,1421.810623556582,-0.5835796766743649,3.0369515011547343,1.8013856812933025,0.9838337182448037,0.8799076212471132,638.364896073903,6.891454965357967,15.570438799076213,0.8775981524249422,0.42032332563510394,0.45727482678983833,0.5658198614318707,0.42725173210161665
775,1610.9253731343283,-0.468776119402985,2.334328358208955,2.032835820895522,0.8417910447761194,0.8835820895522388,649.3671641791045,5.540298507462687,11.835820895522389,0.755223880597015,0.39104477611940297,0.3641791044776119,0.46865671641791046,0.5194029850746269
776,1585.4238578680204,-0.8350761421319797,2.8730964467005076,2.3857868020304567,0.799492385786802,0.7563451776649747,707.9746192893401,5.799492385786802,12.49746192893401,0.5913705583756346,0.33248730964467005,0.25888324873096447,0.4467005076142132,0.5456852791878173
777,1480.3967391304348,0.6140398550724637,3.2065217391304346,2.0,1.0181159420289856,0.7155797101449275,631.0326086956521,6.065217391304348,13.867753623188406,0.5507246376811594,0.2753623188405797,0.2753623188405797,0.5072463768115942,0.4746376811594203
778,1602.9979423868313,-1.4433127572016462,1.5164609053497942,2.1646090534979425,1.4341563786008231,0.6275720164609053,606.3312757201646,5.555555555555555,11.946502057613168,0.7119341563786008,0.4444444444444444,0.2674897119341564,0.49176954732510286,0.5082304526748971
779,1638.9128630705395,-1.359771784232365,3.4398340248962658,1.7904564315352698,1.1265560165975104,0.7448132780082988,631.3941908713693,5.780082987551867,12.04356846473029,0.5954356846473029,0.3630705394190871,0.23236514522821577,0.43983402489626555,0.558091286307054
780,1542.7002096436058,-1.5532494758909854,2.551362683438155,2.2222222222222223,1.1907756813417192,0.7547169811320755,636.9056603773585,5.660377358490566,12.756813417190775,0.4381551362683438,0.2746331236897275,0.16352201257861634,0.480083857442348,0.519916142557652
781,1565.7874015748032,-1.4428937007874016,1.5748031496062993,2.232283464566929,1.2578740157480315,0.59251968503937,703.0708661417323,6.041338582677166,12.797244094488189,0.6476377952755905,0.3051181102362205,0.3425196850393701,0.4625984251968504,0.5374015748031497
782,1552.0461893764434,-1.4381524249422633,2.5265588914549655,1.5519630484988454,1.3140877598152425,0.7575057736720554,633.986143187067,5.773672055427252,12.521939953810623,0.7020785219399538,0.3995381062355658,0.302540415704388,0.45496535796766746,0.5450346420323325
783,1502.9881188118811,-1.444732673267327,2.734653465346535,2.0792079207920793,1.1405940594059405,0.5762376237623762,645.8138613861386,6.348514851485149,13.677227722772278,0.6732673267326733,0.47326732673267324,0.2,0.47326732673267324,0.5267326732673268
784,1603.038590604027,-1.4467785234899329,1.4379194630872483,1.889261744966443,1.6442953020134228,0.540268456375839,725.9177852348994,5.4110738255033555,11.327181208053691,0.47315436241610737,0.26677852348993286,0.2063758389261745,0.45302013422818793,0.5469798657718121
785,1590.7186379928316,1.0811111111111111,3.367383512544803,1.831541218637993,1.1774193548387097,0.6738351254480287,677.2921146953405,5.770609318996415,11.849462365591398,0.6200716845878136,0.3602150537634409,0.25985663082437277,0.4946236559139785,0.4838709677419355
786,1465.5262267343485,-0.022994923857868076,2.260575296108291,2.4145516074450084,1.2250423011844331,0.7461928934010152,680.165820642978,7.086294416243655,15.1082910321489,0.5532994923857868,0.2233502538071066,0.3299492385786802,0.5854483925549916,0.4010152284263959
787,1502.953095684803,-1.2737711069418385,2.0018761726078798,1.8461538461538463,1.4803001876172608,0.6716697936210131,685.7898686679174,6.532833020637899,13.885553470919325,0.3151969981238274,0.17073170731707318,0.14446529080675422,0.5140712945590994,0.48405253283302063
788,1504.7802385008517,-1.4159284497444633,2.7938671209540034,2.2930153321976148,1.049403747870528,0.65587734241908,691.9914821124361,6.4718909710391825,13.916524701873936,0.6030664395229983,0.28960817717206133,0.313458262350937,0.5229982964224872,0.4752981260647359
789,1595.2028985507247,-0.903913043478261,3.0933977455716586,2.003220611916264,1.209339774557166,0.6714975845410628,650.29307568438,5.1336553945249594,11.122383252818036,0.7359098228663447,0.4138486312399356,0.322061191626409,0.44122383252818037,0.5491143317230274
790,1476.274472168906,-1.5619577735124759,1.3896353166986564,2.0652591170825336,1.527831094049904,0.6180422264875239,661.8080614203454,6.856046065259117,14.55278310940499,0.3685220729366603,0.22456813819577734,0.14395393474088292,0.5585412667946257,0.44145873320537427
791,1522.381512605042,-1.0826050420168067,2.9529411764705884,1.9142857142857144,1.2168067226890755,0.5630252100840336,673.2100840336135,5.742857142857143,12.83529411764706,1.0218487394957982,0.4756302521008403,0.5462184873949579,0.4689075630252101,0.5277310924369748
792,1484.1375464684015,-1.5772118959107806,2.353159851301115,2.0055762081784385,1.2174721189591078,0.6431226765799256,614.7453531598513,6.221189591078067,13.970260223048328,0.5743494423791822,0.28066914498141265,0.2936802973977695,0.5427509293680297,0.45724907063197023
793,1467.5426195426196,-1.626070686070686,1.7546777546777548,2.103950103950104,1.4615384615384615,0.5945945945945946,663.0831600831601,6.326403326403327,14.627858627858627,0.6008316008316008,0.37214137214137216,0.2286902286902287,0.5966735966735967,0.40332640332640335
794,1629.5837651122624,-1.5858031088082902,2.756476683937824,1.7979274611398963,1.2504317789291883,0.6597582037996546,697.314335060449,5.412780656303973,11.711571675302245,0.9430051813471503,0.459412780656304,0.4835924006908463,0.5043177892918825,0.49568221070811747
795,1641.1322160148975,0.10299813780260708,3.4096834264432028,2.1322160148975793,1.005586592178771,0.7094972067039106,715.5996275605214,4.752327746741154,11.212290502793296,1.0670391061452513,0.5344506517690876,0.5325884543761639,0.46741154562383613,0.521415270018622
796,1481.775828460039,-1.316803118908382,1.6744639376218324,1.9376218323586745,1.4600389863547758,0.580896686159844,688.9278752436647,6.974658869395712,14.982456140350877,0.571150097465887,0.2884990253411306,0.2826510721247563,0.5847953216374269,0.41130604288499023
797,1489.036559139785,-1.4153763440860214,3.2580645161290325,2.2688172043010755,0.7956989247311828,0.7204301075268817,665.3913978494624,6.303225806451613,14.273118279569893,0.6817204301075269,0.35268817204301073,0.32903225806451614,0.6086021505376344,0.3849462365591398
798,1568.4745166959578,-0.2627768014059753,3.0298769771528997,2.622144112478032,0.9068541300527241,0.7873462214411248,652.9367311072057,5.76274165202109,12.458699472759227,0.7662565905096661,0.31282952548330406,0.45342706502636204,0.4710017574692443,0.5096660808435852
799,1566.8283185840708,-1.5340884955752212,1.8513274336283185,1.9309734513274337,1.5309734513274336,0.5734513274336284,704.9008849557522,5.575221238938053,12.327433628318584,1.2424778761061948,0.552212389380531,0.6902654867256637,0.5486725663716814,0.4495575221238938
800,1561.3688212927757,-0.9779847908745246,2.5019011406844105,1.94106463878327,1.2129277566539924,0.6806083650190115,662.5722433460076,6.08745247148289,13.104562737642585,2.4220532319391634,0.9600760456273765,1.461977186311787,0.4752851711026616,0.5152091254752852
801,1631.9183673469388,-1.369591836734694,2.5952380952380953,2.4149659863945576,1.1173469387755102,0.6258503401360545,662.5629251700681,5.198979591836735,11.477891156462585,2.3622448979591835,1.2363945578231292,1.1258503401360545,0.46598639455782315,0.5306122448979592
802,1685.4522522522523,-1.174126126126126,1.5387387387387388,2.0216216216216214,1.6558558558558558,0.6054054054054054,674.5585585585585,4.962162162162162,10.102702702702702,1.572972972972973,0.8,0.772972972972973,0.390990990990991,0.6072072072072072
803,1500.8206627680313,-1.547719298245614,2.847953216374269,2.2222222222222223,0.9883040935672515,0.6861598440545809,669.448343079922,6.358674463937622,13.925925925925926,1.469785575048733,0.8362573099415205,0.6335282651072125,0.5126705653021443,0.4873294346978557
804,1593.0151260504201,-1.0163025210084033,2.926050420168067,2.1848739495798317,1.1142857142857143,0.6386554621848739,688.8319327731092,5.578151260504201,12.487394957983193,1.895798319327731,0.8403361344537815,1.0554621848739496,0.4907563025210084,0.5025210084033613
805,1659.594501718213,-1.3580927835051546,1.7182130584192439,2.1735395189003435,1.470790378006873,0.6168384879725086,673.6202749140894,5.0034364261168385,10.914089347079038,2.3127147766323026,1.063573883161512,1.2491408934707904,0.4587628865979381,0.5395189003436426
806,1558.4058823529413,0.36719607843137253,2.6588235294117646,2.4411764705882355,0.9215686274509803,0.6411764705882353,640.3764705882353,5.598039215686274,12.413725490196079,0.8352941176470589,0.45294117647058824,0.38235294117647056,0.4843137254901961,0.5019607843137255
807,1546.0073126142595,-0.28998171846435106,3.2394881170018284,2.2376599634369287,1.0457038391224862,0.8007312614259597,660.5045703839122,6.270566727605119,13.619744058500913,1.113345521023766,0.48628884826325414,0.6270566727605119,0.5246800731261426,0.45886654478976235
808,1594.0689655172414,0.8838275862068966,1.6206896551724137,2.196551724137931,1.3672413793103448,0.6241379310344828,676.6034482758621,5.201724137931034,11.45,1.0827586206896551,0.6017241379310345,0.4810344827586207,0.44655172413793104,0.5327586206896552
809,1663.8145161290322,-1.1621935483870967,3.2548387096774194,1.853225806451613,1.1193548387096774,0.7161290322580646,711.8064516129032,5.309677419354839,11.091935483870968,1.8096774193548386,0.8354838709677419,0.9741935483870968,0.43870967741935485,0.5564516129032258
810,1569.2852292020373,0.35499151103565363,2.2461799660441426,2.2461799660441426,1.1867572156196944,0.6095076400679117,658.1816638370119,5.775891341256367,12.380305602716469,0.9575551782682513,0.4567062818336163,0.5008488964346349,0.4770797962648557,0.5093378607809848
811,1700.562610229277,-1.376331569664903,1.617283950617284,2.4074074074074074,1.4850088183421517,0.5502645502645502,741.1481481481482,4.670194003527337,9.88183421516755,2.6596119929453264,1.3844797178130512,1.2751322751322751,0.4038800705467372,0.5961199294532628
812,1670.1595394736842,-1.0460032894736842,2.4259868421052633,1.7236842105263157,1.3388157894736843,0.5805921052631579,737.452302631579,4.754934210526316,9.84703947368421,1.855263157894737,0.9407894736842105,0.9144736842105263,0.4342105263157895,0.5625
813,1613.9645390070923,-0.5929255319148936,2.551418439716312,2.4202127659574466,1.0230496453900708,0.725177304964539,683.918439716312,5.328014184397163,11.429078014184396,1.2411347517730495,0.5319148936170213,0.7092198581560284,0.4645390070921986,0.5283687943262412
814,1630.9702048417132,-1.5155493482309126,1.6350093109869646,1.9813780260707634,1.5810055865921788,0.5865921787709497,753.5139664804469,5.346368715083799,11.299813780260708,1.2476722532588453,0.638733705772812,0.6089385474860335,0.4581005586592179,0.5418994413407822
815,1743.5065176908752,-0.026610800744878996,3.363128491620112,1.7541899441340782,1.0614525139664805,0.6908752327746741,743.659217877095,4.322160148975791,8.960893854748603,2.8845437616387337,1.6592178770949721,1.2253258845437616,0.3426443202979516,0.6461824953445066
816,1622.6973451327433,3.4780353982300882,2.433628318584071,2.0743362831858407,1.3557522123893806,0.8123893805309734,709.5221238938053,5.40353982300885,11.414159292035398,1.2584070796460176,0.504424778761062,0.7539823008849558,0.4407079646017699,0.5079646017699115
817,1599.0863453815261,-0.193995983935743,2.1004016064257027,2.0140562248995986,1.4397590361445782,0.6807228915662651,749.5522088353414,5.771084337349397,11.933734939759036,1.5,0.7269076305220884,0.7730923694779116,0.5040160642570282,0.4879518072289157
818,1668.969696969697,-1.500956937799043,2.810207336523126,2.0669856459330145,1.0829346092503986,0.6220095693779905,747.4944178628389,5.039872408293461,11.401913875598087,1.7862838915470494,0.8628389154704944,0.9234449760765551,0.4529505582137161,0.5470494417862839
819,1587.0471869328494,-1.4071324863883847,3.0127041742286753,2.248638838475499,1.132486388384755,0.6660617059891107,785.5372050816696,5.811252268602541,12.185117967332124,1.0235934664246824,0.5408348457350273,0.4827586206896552,0.4301270417422868,0.5698729582577132
820,1625.2338129496402,-1.3470143884892087,1.4244604316546763,2.014388489208633,1.5557553956834533,0.5503597122302158,772.455035971223,5.566546762589928,11.199640287769784,0.5359712230215827,0.28776978417266186,0.24820143884892087,0.4118705035971223,0.5881294964028777
821,1627.1332082551594,-0.8241463414634146,3.5384615384615383,1.8799249530956847,1.172607879924953,0.699812382739212,778.7260787992495,5.485928705440901,11.911819887429644,1.703564727954972,0.7711069418386491,0.9324577861163227,0.4427767354596623,0.5478424015009381
822,1592.9662731871838,0.6785497470489039,2.9139966273187183,1.615514333895447,1.3811129848229342,0.7386172006745363,734.1450252951096,5.2259696458684655,11.215851602023609,1.2225969645868466,0.5649241146711635,0.657672849915683,0.42495784148397975,0.5531197301854974
823,1617.0815972222222,-1.433263888888889,1.6701388888888888,2.046875,1.5989583333333333,0.5972222222222222,773.5555555555555,5.4375,11.572916666666666,0.6197916666666666,0.3246527777777778,0.2951388888888889,0.4635416666666667,0.5364583333333334
824,1657.8150087260035,-1.4539092495636998,2.9144851657940665,1.7033158813263525,1.3193717277486912,0.6823734729493892,714.478184991274,5.382198952879581,11.500872600349041,1.9616055846422338,0.7818499127399651,1.1797556719022688,0.45549738219895286,0.5445026178010471
825,1693.2987987987988,5.013213213213214,3.394894894894895,2.03003003003003,1.2522522522522523,0.7957957957957958,752.605105105105,4.5075075075075075,9.507507507507508,3.1726726726726726,1.515015015015015,1.6576576576576576,0.38288288288288286,0.5420420420420421
826,1617.9195402298851,-0.48678160919540225,1.4991789819376027,1.8095238095238095,1.6781609195402298,0.6650246305418719,764.6978653530377,5.4926108374384235,11.814449917898195,2.0886699507389164,0.986863711001642,1.1018062397372743,0.5714285714285714,0.41707717569786534
827,1667.228426395939,-0.6907106598984772,3.0406091370558377,2.030456852791878,1.0812182741116751,0.7258883248730964,722.3976311336718,4.759729272419627,10.109983079526227,1.4111675126903553,0.7918781725888325,0.6192893401015228,0.38917089678510997,0.6006768189509306
828,1583.0,2.6802787456445993,3.1742160278745644,2.1689895470383274,0.9860627177700348,0.7804878048780488,706.7108013937283,5.684668989547038,11.665505226480835,1.1742160278745644,0.5818815331010453,0.5923344947735192,0.4163763066202091,0.5331010452961672
829,1609.126334519573,-1.549608540925267,1.9377224199288257,1.8291814946619218,1.606761565836299,0.6441281138790036,690.1992882562278,5.3487544483985765,12.07473309608541,1.103202846975089,0.5160142348754448,0.5871886120996441,0.48398576512455516,0.5160142348754448
830,1565.5960591133005,-1.2498768472906403,2.226600985221675,1.8793103448275863,1.2216748768472907,0.6280788177339901,609.7266009852217,5.455665024630542,12.438423645320198,0.5935960591133005,0.1921182266009852,0.4014778325123153,0.458128078817734,0.5394088669950738
831,1501.546191247974,1.6338897893030793,2.761750405186386,2.282009724473258,1.2479740680713127,0.6661264181523501,645.290113452188,5.982171799027553,13.760129659643436,1.072933549432739,0.5072933549432739,0.5656401944894651,0.5008103727714749,0.47163695299837927
832,1530.929648241206,-1.5460301507537688,1.5293132328308208,1.8576214405360134,1.7922948073701843,0.5896147403685092,692.286432160804,5.85929648241206,13.571189279731993,0.7571189279731994,0.3869346733668342,0.37018425460636517,0.525963149078727,0.474036850921273
833,1661.5115894039734,-1.4567218543046359,2.501655629139073,2.0480132450331126,1.3129139072847682,0.6026490066225165,739.8294701986755,5.110927152317881,11.27980132450331,1.1009933774834437,0.5248344370860927,0.5761589403973509,0.45695364238410596,0.543046357615894
834,1734.5436893203882,-1.2756796116504854,2.8106796116504853,2.2394822006472492,1.0776699029126213,0.6682847896440129,717.9724919093851,4.600323624595469,9.51294498381877,1.5161812297734627,0.8317152103559871,0.6844660194174758,0.38349514563106796,0.616504854368932
835,1759.5068728522338,-0.48341924398625435,1.534364261168385,2.3024054982817868,1.4261168384879725,0.5412371134020618,765.4501718213058,4.407216494845361,8.974226804123711,1.2216494845360826,0.6907216494845361,0.5309278350515464,0.3539518900343643,0.6374570446735395
836,1738.9912434325745,0.11929947460595443,2.541155866900175,2.273204903677758,1.180385288966725,0.6339754816112084,716.7723292469352,4.621716287215412,10.450087565674256,0.9071803852889667,0.47810858143607704,0.4290718038528897,0.4115586690017513,0.5779334500875657
837,1658.4952380952382,4.431666666666667,3.3523809523809525,2.0253968253968253,1.046031746031746,0.7857142857142857,760.1809523809524,5.063492063492063,10.89047619047619,1.3396825396825396,0.7444444444444445,0.5952380952380952,0.44761904761904764,0.4984126984126984
838,1647.7482394366198,-1.3078169014084509,1.7288732394366197,2.0985915492957745,1.5352112676056338,0.5563380281690141,722.9419014084507,5.5,11.767605633802816,0.6232394366197183,0.3644366197183099,0.25880281690140844,0.38380281690140844,0.6161971830985915
839,1712.8166969147005,-0.9129038112522686,3.4301270417422867,1.7586206896551724,1.1633393829401089,0.7241379310344828,757.8439201451905,4.876588021778584,10.704174228675136,1.4936479128856623,0.7477313974591652,0.7459165154264973,0.46823956442831216,0.5245009074410163
840,1641.2070116861435,-1.1743572621035059,2.345575959933222,2.335559265442404,1.2353923205342237,0.67779632721202,717.8697829716193,5.141903171953255,11.046744574290484,0.4741235392320534,0.2353923205342237,0.2387312186978297,0.41736227045075125,0.5792988313856428
841,1732.537037037037,-0.4297979797979798,1.4478114478114479,2.5,1.4764309764309764,0.622895622895623,723.5673400673401,4.673400673400673,10.202020202020202,1.664983164983165,0.8148148148148148,0.8501683501683501,0.3838383838383838,0.6077441077441077
842,1682.7296849087893,-0.8768656716417911,2.462686567164179,1.7296849087893864,1.4759535655058043,0.6218905472636815,740.4925373134329,4.902155887230514,10.796019900497512,1.6517412935323383,0.703150912106136,0.9485903814262023,0.3781094527363184,0.6169154228855721
843,1648.4106060606061,-0.8883939393939394,2.5863636363636364,2.3227272727272728,1.128787878787879,0.6303030303030303,676.5318181818182,5.251515151515152,11.715151515151515,0.6681818181818182,0.36515151515151517,0.30303030303030304,0.43636363636363634,0.5590909090909091
844,1735.7128547579298,-0.7687479131886478,1.657762938230384,1.9432387312186978,1.647746243739566,0.5041736227045075,687.1452420701169,4.123539232053423,9.340567612687813,1.011686143572621,0.5475792988313857,0.46410684474123537,0.34056761268781305,0.6527545909849749
845,1832.964412811388,1.3926868327402135,3.409252669039146,1.902135231316726,1.195729537366548,0.6565836298932385,712.2544483985765,3.5462633451957295,7.690391459074733,1.3185053380782918,0.6014234875444839,0.7170818505338078,0.3202846975088968,0.6476868327402135
846,1736.4915514592933,5.1144086021505375,2.420890937019969,2.236559139784946,1.316436251920123,0.6881720430107527,735.889400921659,4.32258064516129,9.012288786482335,0.9969278033794163,0.4715821812596006,0.5253456221198156,0.4116743471582181,0.5192012288786483
847,1699.3856893542757,-0.2858987783595114,2.18848167539267,2.108202443280977,1.4642233856893543,0.7294938917975567,779.1623036649214,4.959860383944154,10.24607329842932,0.8324607329842932,0.47643979057591623,0.35602094240837695,0.4363001745200698,0.5497382198952879
848,1729.0064724919093,1.557233009708738,2.7524271844660193,2.3640776699029127,1.0825242718446602,0.6262135922330098,707.331715210356,4.665048543689321,10.189320388349515,1.190938511326861,0.5097087378640777,0.6812297734627831,0.35760517799352753,0.6213592233009708
849,1702.8485294117647,3.9078529411764706,3.322058823529412,2.235294117647059,1.160294117647059,0.711764705882353,746.4044117647059,4.319117647058824,9.261764705882353,0.9029411764705882,0.4338235294117647,0.46911764705882353,0.40441176470588236,0.5470588235294118
850,1641.2947189097104,-0.21700170357751278,1.5792163543441227,2.1039182282793867,1.6337308347529813,0.7018739352640545,755.7734241908007,5.325383304940375,11.238500851788757,0.5315161839863713,0.293015332197615,0.23850085178875638,0.41737649063032367,0.5724020442930153
851,1806.8804945054944,-0.4516071428571428,2.802197802197802,1.745879120879121,1.3653846153846154,0.5810439560439561,750.9739010989011,4.295329670329671,8.800824175824175,1.5192307692307692,0.842032967032967,0.6771978021978022,0.3324175824175824,0.657967032967033
852,1646.8151382823871,1.42136826783115,2.868995633187773,1.8631732168850073,1.4497816593886463,0.7248908296943232,754.8253275109171,4.975254730713246,10.831149927219796,0.8486171761280932,0.43522561863173215,0.413391557496361,0.40611353711790393,0.5633187772925764
853,1698.6281588447653,-1.3198916967509027,1.6805054151624548,1.8086642599277978,1.6209386281588447,0.592057761732852,707.3935018050541,5.207581227436823,10.870036101083032,0.8122743682310469,0.427797833935018,0.3844765342960289,0.42418772563176893,0.575812274368231
854,1749.769115442279,-1.0080359820089955,2.502248875562219,1.7451274362818592,1.5232383808095953,0.6206896551724138,697.3808095952024,4.451274362818591,9.854572713643178,0.8740629685157422,0.5382308845577212,0.335832083958021,0.3553223388305847,0.6416791604197901
855,1762.2679180887371,4.284402730375426,3.4129692832764507,2.13481228668942,1.235494880546075,0.7952218430034129,738.8088737201365,4.242320819112628,9.220136518771332,1.0921501706484642,0.6262798634812287,0.4658703071672355,0.36006825938566556,0.5802047781569966
856,1775.6003372681282,-0.9382630691399663,1.5177065767284992,1.8465430016863407,1.8414839797639122,0.6087689713322091,763.9510961214165,4.445193929173693,9.198988195615515,0.6913996627318718,0.3996627318718381,0.2917369308600337,0.3811129848229342,0.6155143338954469
857,1716.5982404692081,-0.2687243401759531,2.875366568914956,2.1407624633431084,1.2302052785923754,0.6202346041055719,765.3372434017596,4.821114369501466,10.259530791788857,1.1818181818181819,0.6451612903225806,0.5366568914956011,0.4604105571847507,0.5293255131964809
858,1690.4662668665667,3.3999550224887556,2.833583208395802,2.454272863568216,1.1319340329835081,0.7151424287856072,732.4347826086956,4.719640179910045,10.10494752623688,0.8830584707646177,0.46776611694152925,0.41529235382308843,0.40929535232383807,0.5337331334332833
859,1641.5183887915937,-1.5924868651488617,1.936952714535902,1.8966725043782837,1.7180385288966724,0.6462346760070052,760.569176882662,5.266199649737303,11.968476357267951,0.7110332749562172,0.3432574430823117,0.36777583187390545,0.4763572679509632,0.5236427320490368
860,1671.2223903177005,-1.103343419062027,2.40393343419062,2.151285930408472,1.3237518910741302,0.6338880484114977,767.4160363086233,5.184568835098336,11.05748865355522,0.6641452344931922,0.37821482602118,0.2859304084720121,0.4236006051437216,0.5703479576399395
861,1705.9821717990276,1.1235332252836305,2.695299837925446,2.494327390599676,1.1993517017828201,0.7649918962722853,739.7974068071313,4.643435980551054,10.495948136142626,2.259319286871961,1.0632090761750406,1.1961102106969206,0.3889789303079417,0.5915721231766613
862,1716.0537815126052,0.4576638655462185,1.7327731092436975,2.003361344537815,1.6974789915966386,0.6403361344537815,769.0840336134454,4.5058823529411764,9.173109243697478,1.0873949579831932,0.5630252100840336,0.5243697478991597,0.3563025210084034,0.6336134453781512
863,1662.260029717682,-1.3826002971768203,2.62258543833581,1.9925705794947994,1.3789004457652303,0.5958395245170877,762.6419019316494,5.182763744427935,11.115898959881129,0.6567607726597325,0.3476968796433878,0.30906389301634474,0.4234769687964339,0.5765230312035661
864,1627.5256609642302,-0.7590202177293934,2.8475894245723175,2.073094867807154,1.1757387247278384,0.6920684292379471,702.8584758942458,5.530326594090202,12.34059097978227,1.2877138413685847,0.6189735614307932,0.6687402799377916,0.4556765163297045,0.5349922239502333
865,1724.955782312925,-0.8374829931972789,1.717687074829932,2.0935374149659864,1.4217687074829932,0.6054421768707483,782.6513605442177,4.496598639455782,9.549319727891156,0.9336734693877551,0.46938775510204084,0.4642857142857143,0.3758503401360544,0.6190476190476191
866,1661.9019316493313,-0.8399702823179791,2.350668647845468,2.1887072808320953,1.2555720653789004,0.549777117384844,736.6998514115899,5.066864784546805,10.762258543833582,0.6983655274888558,0.34026745913818723,0.35809806835066865,0.3863298662704309,0.6106983655274889
867,1656.5189873417721,4.176835443037975,3.6740506329113924,1.9335443037974684,1.2389240506329113,0.7531645569620253,754.7373417721519,4.995253164556962,10.335443037974683,1.0712025316455696,0.5996835443037974,0.47151898734177217,0.39556962025316456,0.5490506329113924
868,1690.1510673234811,-0.21108374384236456,1.7520525451559934,2.1839080459770117,1.555008210180624,0.6486042692939245,718.7766830870279,4.975369458128079,10.361247947454844,1.29064039408867,0.7487684729064039,0.541871921182266,0.3891625615763547,0.5960591133004927
869,1655.2561174551386,-0.9279934747145188,3.109298531810767,1.7292006525285482,1.2495921696574226,0.6753670473083198,744.9200652528548,5.207177814029364,11.094616639477977,1.6068515497553018,0.8433931484502447,0.763458401305057,0.41435562805872755,0.5823817292006526
870,1625.7859327217125,1.2870030581039755,2.5825688073394497,2.2966360856269112,1.261467889908257,0.7951070336391437,736.0733944954128,5.226299694189603,10.87920489296636,1.3700305810397553,0.5611620795107034,0.808868501529052,0.42048929663608564,0.5458715596330275
871,1655.0503472222222,-1.1905034722222223,1.8003472222222223,2.3680555555555554,1.5295138888888888,0.6545138888888888,793.6770833333334,5.201388888888889,10.994791666666666,0.9548611111111112,0.4826388888888889,0.4722222222222222,0.4270833333333333,0.5694444444444444
872,1654.1120263591433,-1.0467545304777595,2.599670510708402,1.7611202635914334,1.398682042833608,0.5963756177924218,748.494233937397,4.555189456342669,10.019769357495882,0.8698517298187809,0.42504118616144976,0.44481054365733114,0.3871499176276771,0.6095551894563427
873,1546.165302782324,-0.6799672667757775,2.6988543371522096,2.3322422258592472,1.176759410801964,0.6612111292962357,714.2209492635025,5.865793780687397,12.687397708674304,0.486088379705401,0.20621931260229132,0.27986906710310966,0.4828150572831424,0.5090016366612111
874,1596.1180679785332,-1.4015384615384616,1.670840787119857,2.0214669051878356,1.4597495527728086,0.6332737030411449,728.3327370304114,5.1449016100178895,11.64221824686941,0.817531305903399,0.45796064400715564,0.3595706618962433,0.4275491949910555,0.5724508050089445
875,1670.019696969697,-1.2903939393939394,3.022727272727273,1.993939393939394,1.3242424242424242,0.5818181818181818,807.4454545454546,4.7287878787878785,9.868181818181819,0.8954545454545455,0.47575757575757577,0.4196969696969697,0.396969696969697,0.6
876,1620.1528239202657,0.3270265780730897,2.506644518272425,2.3471760797342194,1.2109634551495017,0.7259136212624585,744.4501661129568,5.3156146179401995,11.144518272425248,1.1378737541528239,0.5614617940199336,0.5764119601328903,0.4219269102990033,0.5581395348837209
877,1663.6801470588234,-1.3640808823529413,2.141544117647059,2.0900735294117645,1.5073529411764706,0.6323529411764706,799.7683823529412,5.001838235294118,10.319852941176471,0.6397058823529411,0.37683823529411764,0.26286764705882354,0.4172794117647059,0.5827205882352942
878,1729.042492917847,-1.3085410764872523,2.463172804532578,2.1246458923512748,1.2648725212464589,0.5198300283286119,789.2903682719547,4.13456090651558,8.956090651558073,0.9830028328611898,0.45892351274787535,0.5240793201133145,0.3371104815864023,0.6628895184135978
879,1669.265648854962,4.414503816793893,3.23969465648855,2.044274809160305,1.1954198473282442,0.6870229007633588,792.2824427480916,4.4946564885496185,9.201526717557252,0.6549618320610687,0.28091603053435116,0.37404580152671757,0.3465648854961832,0.5938931297709924
880,1624.4243369734788,-0.33850234009360375,1.6380655226209049,2.017160686427457,1.5928237129485179,0.6271450858034321,753.1201248049922,4.84399375975039,10.906396255850234,0.6911076443057722,0.3244929797191888,0.3666146645865835,0.44617784711388453,0.5475819032761311
881,1646.6038034865294,0.4659746434231378,3.1584786053882725,1.8415213946117275,1.2931854199683044,0.5594294770206022,772.1141045958796,4.885895404120443,10.548335974643424,1.0269413629160062,0.48019017432646594,0.5467511885895404,0.3993660855784469,0.5879556259904913
882,1693.495035460993,2.1973617021276595,2.9631205673758867,1.7191489361702128,1.4936170212765958,0.6581560283687943,786.3971631205674,4.0638297872340425,8.784397163120568,0.8,0.375886524822695,0.42411347517730497,0.3304964539007092,0.6198581560283688
883,1706.5,-1.32927797833935,1.8303249097472925,1.891696750902527,1.635379061371841,0.6462093862815884,787.9025270758123,4.745487364620939,9.712996389891696,0.5523465703971119,0.26534296028880866,0.2870036101083033,0.4043321299638989,0.5956678700361011
884,1725.0360655737704,-1.1700983606557376,2.7049180327868854,1.7393442622950819,1.337704918032787,0.6950819672131148,795.4786885245902,3.9704918032786884,8.457377049180328,0.8901639344262295,0.45081967213114754,0.43934426229508194,0.31311475409836065,0.6868852459016394
885,1741.3466666666666,2.0591851851851852,3.4474074074074075,2.0014814814814814,1.1970370370370371,0.8074074074074075,833.0281481481481,3.814814814814815,8.398518518518518,1.1022222222222222,0.5496296296296296,0.5525925925925926,0.3688888888888889,0.5822222222222222
886,1635.3673139158575,-1.190517799352751,1.587378640776699,1.8462783171521036,1.5938511326860842,0.6084142394822006,777.8333333333334,4.996763754045308,10.868932038834952,0.43042071197411,0.23300970873786409,0.19741100323624594,0.4320388349514563,0.5663430420711975
887,1627.3550600343053,-1.079982847341338,3.1320754716981134,2.1217838765008574,1.0823327615780447,0.5780445969125214,752.7392795883362,5.379073756432247,11.377358490566039,1.0874785591766725,0.5763293310463122,0.5111492281303602,0.3584905660377358,0.6380789022298456
888,1619.4715302491104,1.3730604982206405,2.9270462633451957,2.5693950177935942,1.0480427046263345,0.7402135231316725,691.729537366548,5.5836298932384345,11.930604982206406,0.5302491103202847,0.24555160142348753,0.2846975088967972,0.41459074733096085,0.5569395017793595
889,1646.6376360808708,-0.6133903576982893,1.9409020217729394,1.8553654743390358,1.6080870917573873,0.5583203732503889,712.6267496111975,5.2006220839813375,11.191290824261275,0.39191290824261277,0.2223950233281493,0.16951788491446346,0.4370139968895801,0.552099533437014
890,1772.6434231378764,-0.7752139461172741,2.5118858954041206,2.1283676703645007,1.190174326465927,0.687797147385103,730.8193343898573,4.424722662440571,9.08716323296355,1.1870047543581617,0.5324881141045958,0.6545166402535658,0.34231378763866877,0.6513470681458003
891,1773.0,3.2000648298217182,2.9173419773095626,2.452188006482982,1.1264181523500811,0.7196110210696921,777.9303079416532,4.184764991896272,8.86547811993517,0.9854132901134521,0.5024311183144247,0.4829821717990275,0.34521880064829824,0.6207455429497569
892,1672.667832167832,-1.4046328671328672,1.8898601398601398,1.8723776223776223,1.632867132867133,0.708041958041958,772.4580419580419,5.076923076923077,10.398601398601398,0.6083916083916084,0.3374125874125874,0.270979020979021,0.44405594405594406,0.5541958041958042
893,1680.7548387096774,-1.3323387096774193,2.7580645161290325,2.0306451612903227,1.353225806451613,0.6370967741935484,757.1209677419355,5.333870967741936,11.040322580645162,0.8612903225806452,0.45,0.4112903225806452,0.4435483870967742,0.5548387096774193
894,1656.2590163934426,-0.9342295081967213,2.901639344262295,2.301639344262295,1.0934426229508196,0.6754098360655738,733.2295081967213,5.60327868852459,11.88032786885246,2.260655737704918,1.137704918032787,1.1229508196721312,0.4901639344262295,0.5016393442622951
895,1722.5204081632653,-0.666734693877551,1.748299319727891,2.4727891156462585,1.3214285714285714,0.673469387755102,761.9081632653061,5.034013605442177,9.97108843537415,0.9302721088435374,0.47278911564625853,0.4574829931972789,0.4013605442176871,0.5918367346938775
896,1703.060763888889,-0.28631944444444446,2.592013888888889,2.357638888888889,1.1857638888888888,0.6215277777777778,691.1614583333334,5.196180555555555,10.930555555555555,0.7586805555555556,0.3559027777777778,0.4027777777777778,0.4079861111111111,0.5798611111111112
897,1677.9834834834835,4.399564564564565,3.630630630630631,2.111111111111111,1.0825825825825826,0.7672672672672672,717.9324324324324,5.111111111111111,10.635135135135135,0.8288288288288288,0.47297297297297297,0.35585585585585583,0.4219219219219219,0.5225225225225225
898,1759.9329710144928,-1.4007789855072463,1.5833333333333333,1.9692028985507246,1.5380434782608696,0.6829710144927537,716.0507246376811,4.451086956521739,9.47463768115942,1.019927536231884,0.6322463768115942,0.38768115942028986,0.4311594202898551,0.5688405797101449
899,1799.745341614907,-1.4398757763975154,3.2717391304347827,1.8555900621118013,1.3618012422360248,0.65527950310559,744.277950310559,4.461180124223603,9.496894409937887,1.484472049689441,0.7111801242236024,0.7732919254658385,0.4052795031055901,0.593167701863354
900,1608.0573643410853,0.22289922480620153,2.6697674418604653,2.3813953488372093,1.1984496124031008,0.7395348837209302,706.6837209302325,5.626356589147287,12.24031007751938,0.9984496124031008,0.5767441860465117,0.42170542635658914,0.4682170542635659,0.5147286821705427
901,1637.714738510301,2.800095087163233,1.6561014263074485,2.198098256735341,1.4595879556259905,0.6909667194928685,701.9746434231379,5.622820919175911,12.09825673534073,1.1045958795562598,0.5499207606973059,0.554675118858954,0.4849445324881141,0.48019017432646594
902,1627.3847457627119,-0.20938983050847462,2.6677966101694914,1.7627118644067796,1.4,0.7559322033898305,691.9406779661017,5.850847457627118,12.22542372881356,1.11864406779661,0.5813559322033899,0.5372881355932203,0.47796610169491527,0.5101694915254237
903,1554.1329365079366,-1.6498015873015872,2.8214285714285716,2.3472222222222223,1.1964285714285714,0.6944444444444444,666.3670634920635,6.301587301587301,13.244047619047619,0.7242063492063492,0.42857142857142855,0.29563492063492064,0.5634920634920635,0.4365079365079365
904,1689.1515151515152,-1.4373796791443851,1.4777183600713013,1.9090909090909092,1.572192513368984,0.5579322638146168,721.0427807486631,4.946524064171123,10.237076648841354,0.46702317290552586,0.24420677361853832,0.22281639928698752,0.44385026737967914,0.5561497326203209
905,1707.3979057591623,-0.2305759162303665,3.364746945898778,2.0785340314136125,1.019197207678883,0.6771378708551483,699.1937172774869,5.118673647469459,11.137870855148343,1.0523560209424083,0.5514834205933682,0.5008726003490401,0.43106457242582896,0.5549738219895288
906,1707.0587219343697,1.8348186528497408,2.449050086355786,2.219343696027634,1.293609671848014,0.7530224525043178,686.1312607944732,4.801381692573402,9.842832469775475,0.6079447322970639,0.27461139896373055,0.3333333333333333,0.3592400690846287,0.613126079447323
907,1629.220802919708,-0.8968065693430657,2.156934306569343,2.125912408759124,1.4306569343065694,0.6478102189781022,680.5018248175182,5.529197080291971,11.83941605839416,0.30656934306569344,0.18795620437956204,0.11861313868613138,0.4416058394160584,0.551094890510949
908,1706.9468438538206,-0.8191362126245847,2.8637873754152823,2.333887043189369,1.1661129568106312,0.6445182724252492,661.968438538206,5.406976744186046,11.355481727574752,0.6960132890365448,0.2757475083056478,0.420265780730897,0.4069767441860465,0.584717607973422
909,1668.8680445151033,0.3396661367249602,3.236883942766296,2.201907790143084,1.21939586645469,0.739268680445151,654.1939586645469,4.65818759936407,10.397456279809221,0.4785373608903021,0.25119236883942764,0.2273449920508744,0.4117647058823529,0.5723370429252782
910,1675.091836734694,-1.3255272108843537,1.6020408163265305,2.2159863945578233,1.5136054421768708,0.6105442176870748,691.9047619047619,5.137755102040816,10.773809523809524,0.4268707482993197,0.2227891156462585,0.20408163265306123,0.4098639455782313,0.5901360544217688
911,1762.4053627760252,-0.6967034700315458,3.143533123028391,1.8533123028391167,1.2649842271293374,0.5977917981072555,672.3722397476341,4.992113564668769,10.458990536277602,1.137223974763407,0.4526813880126183,0.6845425867507886,0.38485804416403785,0.6056782334384858
912,1627.5056726094003,5.242528363047001,3.20097244732577,1.7552674230145866,1.4181523500810373,0.6709886547811994,655.1247974068071,5.283630470016208,11.084278768233387,0.5445705024311183,0.2755267423014587,0.26904376012965964,0.4327390599675851,0.5008103727714749
913,1680.5132575757575,-1.3931439393939395,2.003787878787879,1.793560606060606,1.6723484848484849,0.6477272727272727,676.7954545454545,5.528409090909091,11.517045454545455,0.49242424242424243,0.25757575757575757,0.23484848484848486,0.4621212121212121,0.5378787878787878
914,1812.3973727422003,-1.2283743842364532,2.781609195402299,1.7586206896551724,1.458128078817734,0.6436781609195402,714.1330049261084,4.095238095238095,8.482758620689655,0.7405582922824302,0.3973727422003284,0.34318555008210183,0.3497536945812808,0.6502463054187192
915,1709.9026162790697,7.058226744186047,3.369186046511628,2.127906976744186,1.1656976744186047,0.7354651162790697,697.1642441860465,4.571220930232558,9.873546511627907,0.7383720930232558,0.33575581395348836,0.40261627906976744,0.42441860465116277,0.4956395348837209
916,1714.0998003992015,-1.2962075848303394,1.7924151696606787,1.9920159680638723,1.6327345309381238,0.718562874251497,695.4590818363273,5.259481037924152,10.724550898203592,0.48902195608782434,0.2435129740518962,0.24550898203592814,0.3912175648702595,0.6087824351297405
917,1602.8105263157895,-0.5074035087719299,3.329824561403509,2.036842105263158,0.9964912280701754,0.6631578947368421,655.9280701754386,5.814035087719298,13.056140350877193,0.7631578947368421,0.2964912280701754,0.4666666666666667,0.49298245614035086,0.4964912280701754
918,1667.5634441087614,1.5298187311178248,2.794561933534743,2.36404833836858,1.1117824773413898,0.716012084592145,638.3761329305136,5.40785498489426,11.463746223564955,0.45770392749244715,0.19637462235649547,0.26132930513595165,0.4501510574018127,0.5120845921450151
919,1760.8596187175044,-0.5800000000000001,2.221837088388215,1.82842287694974,1.5441941074523398,0.5788561525129983,651.4263431542461,4.642980935875217,9.764298093587522,0.511265164644714,0.28942807625649913,0.2218370883882149,0.41074523396880414,0.58578856152513
920,1722.0394321766562,-0.6824132492113564,2.5220820189274447,2.0772870662460567,1.2302839116719242,0.6072555205047319,665.910094637224,4.764984227129338,10.006309148264984,0.4637223974763407,0.250788643533123,0.21293375394321767,0.39747634069400634,0.5930599369085173
921,1700.930533117932,7.241987075928917,2.8352180936995155,2.231017770597738,1.1890145395799676,0.6930533117932148,635.7140549273021,4.890145395799677,10.348949919224555,0.6348949919224556,0.34894991922455576,0.2859450726978998,0.3780290791599354,0.555735056542811
922,1715.9234782608696,-0.2561565217391304,2.0,1.7408695652173913,1.7721739130434782,0.6452173913043479,712.96,4.742608695652174,9.791304347826086,0.5495652173913044,0.3356521739130435,0.21391304347826087,0.4052173913043478,0.5826086956521739
923,1684.7595993322204,-1.0268614357262105,2.964941569282137,2.1235392320534223,1.2804674457429048,0.6527545909849749,701.1402337228715,5.465776293823039,11.220367278797996,0.5926544240400667,0.3121869782971619,0.28046744574290483,0.4607679465776294,0.5342237061769616
924,1690.5,-0.9385234899328859,2.9798657718120807,2.2181208053691277,1.1442953020134228,0.610738255033557,623.3456375838927,5.303691275167785,11.506711409395972,0.5805369127516778,0.23993288590604026,0.34060402684563756,0.4429530201342282,0.552013422818792
925,1732.8804920913883,-0.3299121265377855,1.9050966608084359,2.156414762741652,1.4130052724077329,0.5764499121265377,689.0105448154658,4.912126537785589,10.492091388400702,0.9244288224956063,0.48857644991212656,0.4358523725834798,0.4358523725834798,0.5536028119507909
926,1724.1480406386067,-0.9417851959361393,2.3875181422351233,2.13933236574746,1.3875181422351233,0.5239477503628447,668.3671988388969,4.925979680696662,10.462989840348332,0.5268505079825835,0.2539912917271408,0.2728592162554427,0.3991291727140784,0.5979680696661829
927,1670.9840510366826,3.579011164274322,3.5279106858054226,2.200956937799043,1.0047846889952152,0.6443381180223285,664.7288676236045,4.883572567783094,10.719298245614034,0.48963317384370014,0.22647527910685805,0.2631578947368421,0.44976076555023925,0.507177033492823
928,1700.5942275042444,-0.7291341256366722,1.6876061120543293,2.1765704584040746,1.5789473684210527,0.601018675721562,660.5042444821731,5.0,10.560271646859084,0.41765704584040747,0.2631578947368421,0.15449915110356535,0.40237691001697795,0.5942275042444821
929,1776.0408805031448,-1.190817610062893,3.1367924528301887,1.7279874213836477,1.179245283018868,0.6509433962264151,656.4213836477987,4.860062893081761,10.577044025157234,0.7971698113207547,0.35377358490566035,0.44339622641509435,0.4371069182389937,0.5566037735849056
930,1725.3239875389409,1.8113395638629286,2.809968847352025,2.2429906542056073,1.2102803738317758,0.6043613707165109,710.2367601246106,4.1433021806853585,8.799065420560748,0.4174454828660436,0.21806853582554517,0.19937694704049844,0.35514018691588783,0.6137071651090342
931,1701.46,4.359166666666667,1.8983333333333334,2.405,1.455,0.6666666666666666,757.7266666666667,4.525,10.065,0.7616666666666667,0.5,0.26166666666666666,0.4166666666666667,0.54
932,1668.4556113902847,-0.7139195979899498,2.730318257956449,1.644891122278057,1.4355108877721943,0.6348408710217756,740.569514237856,5.201005025125628,10.869346733668342,0.6733668341708543,0.35510887772194305,0.31825795644891125,0.45226130653266333,0.542713567839196
933,1682.6102719033233,1.190271903323263,2.8534743202416917,2.379154078549849,1.146525679758308,0.6737160120845922,704.3549848942598,4.858006042296073,10.421450151057401,0.6737160120845922,0.3776435045317221,0.29607250755287007,0.4229607250755287,0.5498489425981873
934,1696.5416666666667,-1.1426442307692308,1.8445512820512822,1.9775641025641026,1.4855769230769231,0.5592948717948718,701.9246794871794,5.201923076923077,10.524038461538462,0.4391025641025641,0.23237179487179488,0.20673076923076922,0.4342948717948718,0.5608974358974359
935,1761.2222222222222,-0.03342592592592595,3.3944444444444444,1.9592592592592593,0.9351851851851852,0.6388888888888888,682.1111111111111,5.144444444444445,10.998148148148148,0.9111111111111111,0.5111111111111111,0.4,0.42592592592592593,0.5555555555555556
936,1738.5748407643312,0.8910668789808918,2.535031847133758,2.482484076433121,1.2707006369426752,0.7308917197452229,708.703821656051,4.484076433121019,9.101910828025478,0.4554140127388535,0.21178343949044587,0.24363057324840764,0.3678343949044586,0.6098726114649682
937,1570.6303939962477,-0.7803189493433396,2.395872420262664,1.9305816135084428,1.3320825515947468,0.6735459662288931,729.5853658536586,6.110694183864916,12.917448405253284,0.34709193245778613,0.20075046904315197,0.14634146341463414,0.49343339587242024,0.49530956848030017
938,1771.671568627451,-1.1433006535947714,2.8905228758169934,2.2254901960784315,1.2140522875816993,0.6209150326797386,731.8986928104575,4.712418300653595,9.941176470588236,0.6830065359477124,0.39215686274509803,0.2908496732026144,0.4068627450980392,0.5898692810457516
939,1597.125,3.3776017441860464,3.1380813953488373,2.053779069767442,1.191860465116279,0.623546511627907,711.1816860465116,5.718023255813954,12.305232558139535,0.5450581395348837,0.22674418604651161,0.3183139534883721,0.44040697674418605,0.5145348837209303
940,1742.566990291262,-1.3824466019417476,1.8737864077669903,2.1320388349514565,1.5941747572815534,0.6873786407766991,713.642718446602,4.621359223300971,10.157281553398057,0.7126213592233009,0.312621359223301,0.4,0.4077669902912621,0.5922330097087378
941,1838.4971014492753,0.23423188405797102,2.9782608695652173,1.8623188405797102,1.291304347826087,0.5971014492753624,706.5463768115942,4.357971014492754,9.542028985507246,1.0260869565217392,0.5246376811594203,0.5014492753623189,0.36666666666666664,0.6159420289855072
942,1670.0756578947369,3.6914638157894735,3.0690789473684212,1.837171052631579,1.4144736842105263,0.725328947368421,715.0871710526316,5.082236842105263,10.636513157894736,0.6217105263157895,0.3092105263157895,0.3125,0.40131578947368424,0.5509868421052632
943,1627.597302504817,-1.463680154142582,1.8998073217726397,1.789980732177264,1.6608863198458574,0.6454720616570327,750.3217726396917,5.936416184971098,12.38728323699422,0.5105973025048169,0.2813102119460501,0.22928709055876687,0.48940269749518306,0.5105973025048169
944,1788.2595673876872,-1.1965890183028285,2.841930116472546,1.848585690515807,1.3610648918469217,0.6405990016638935,699.4708818635607,4.482529118136439,9.663893510815308,0.8901830282861897,0.4442595673876872,0.4459234608985025,0.3610648918469218,0.6372712146422629
945,1699.1594982078852,2.9853225806451613,3.1379928315412187,1.9802867383512546,1.2043010752688172,0.5931899641577061,692.1899641577061,5.116487455197133,10.915770609318997,1.125448028673835,0.5376344086021505,0.5878136200716846,0.3924731182795699,0.5734767025089605
946,1701.095486111111,-0.9170138888888888,1.5086805555555556,1.7777777777777777,1.7395833333333333,0.5729166666666666,738.6302083333334,5.317708333333333,10.82638888888889,0.9565972222222222,0.5364583333333334,0.4201388888888889,0.4184027777777778,0.5763888888888888
947,1706.939577039275,-0.14030211480362534,3.083081570996979,2.0347432024169185,1.1238670694864048,0.5468277945619335,695.0558912386707,4.910876132930514,10.921450151057401,0.6948640483383686,0.3640483383685801,0.33081570996978854,0.4516616314199396,0.5377643504531722
948,1657.5645161290322,2.0453870967741934,3.009677419354839,2.5193548387096776,1.0677419354838709,0.667741935483871,686.8016129032258,5.198387096774193,11.182258064516128,0.4435483870967742,0.21935483870967742,0.22419354838709676,0.4241935483870968,0.5419354838709678
949,1735.2269288956127,-1.4001210287443269,2.1482602118003027,1.966717095310136,1.626323751891074,0.5325264750378215,685.3963691376701,5.004538577912254,10.360060514372163,0.7140695915279879,0.4599092284417549,0.25416036308623297,0.4205748865355522,0.5794251134644478
950,1729.0614439324117,-0.05354838709677417,2.6236559139784945,2.218125960061444,1.1658986175115207,0.6359447004608295,724.5468509984639,5.029185867895546,10.302611367127497,0.7035330261136713,0.3870967741935484,0.31643625192012287,0.391705069124424,0.5883256528417818
951,1816.402985074627,1.3427313432835821,3.065671641791045,2.235820895522388,1.2417910447761193,0.691044776119403,690.1820895522388,4.505970149253732,9.455223880597014,1.3985074626865672,0.7238805970149254,0.6746268656716418,0.36716417910447763,0.6029850746268657
952,1706.6088379705402,-1.3068412438625205,1.895253682487725,1.800327332242226,1.6399345335515547,0.5761047463175123,715.0965630114566,4.772504091653028,10.126022913256955,0.5711947626841244,0.32569558101472995,0.24549918166939444,0.40425531914893614,0.5957446808510638
953,1694.2626086956523,-1.123304347826087,3.111304347826087,2.0521739130434784,1.1391304347826088,0.6260869565217392,713.6278260869565,6.074782608695652,12.568695652173913,0.7286956521739131,0.36,0.36869565217391304,0.47304347826086957,0.5217391304347826
954,1788.6190476190477,-0.4561083743842364,3.2955665024630543,2.2873563218390807,1.1658456486042692,0.6124794745484401,709.0919540229885,4.656814449917898,9.336617405582922,0.9244663382594417,0.40558292282430214,0.5188834154351396,0.3924466338259442,0.5993431855500821
955,1736.8162911611785,-1.3261871750433276,1.7123050259965338,2.1351819757365686,1.4627383015597921,0.48353552859618715,700.8856152512998,5.2287694974003465,10.672443674176776,1.197573656845754,0.6152512998266898,0.5823223570190641,0.48353552859618715,0.5147313691507799
956,1628.8389261744967,-1.043020134228188,2.6812080536912752,2.172818791946309,1.2466442953020134,0.5637583892617449,693.3406040268457,5.778523489932886,12.70973154362416,0.662751677852349,0.3389261744966443,0.3238255033557047,0.4714765100671141,0.5251677852348994
957,1623.9136212624585,3.035215946843854,3.784053156146179,2.0980066445182723,0.9700996677740864,0.6976744186046512,660.4235880398671,5.26578073089701,11.528239202657808,0.3289036544850498,0.14451827242524917,0.18438538205980065,0.42524916943521596,0.5382059800664452
958,1713.1773308957952,-0.011096892138939688,1.9689213893967092,2.153564899451554,1.5210237659963437,0.6270566727605119,704.2413162705667,4.864716636197441,10.387568555758683,0.8263254113345521,0.48628884826325414,0.340036563071298,0.40219378427787933,0.5850091407678245
959,1806.8733031674208,-1.2056711915535445,3.1357466063348416,1.7149321266968325,1.2714932126696832,0.6244343891402715,715.1146304675716,5.0965309200603315,10.223227752639517,0.9064856711915535,0.44042232277526394,0.4660633484162896,0.35444947209653094,0.6440422322775264
960,1648.4357459379617,5.326971935007386,2.960118168389956,2.310192023633678,1.1107828655834564,0.6440177252584933,703.5480059084196,5.440177252584934,10.812407680945347,0.844903988183161,0.361890694239291,0.48301329394387,0.3870014771048744,0.5642540620384048
961,1725.0895765472312,-1.238517915309446,1.791530944625407,2.3794788273615635,1.506514657980456,0.5781758957654723,763.71335504886,5.210097719869707,11.003257328990228,0.8648208469055375,0.47068403908794787,0.3941368078175896,0.4609120521172638,0.5374592833876222
962,1713.7554517133956,-0.05493769470404986,2.9626168224299065,1.8317757009345794,1.3255451713395638,0.5809968847352025,771.493769470405,4.979750778816199,10.493769470404985,0.7694704049844237,0.40186915887850466,0.367601246105919,0.4205607476635514,0.5685358255451713
963,1751.976366322009,2.8793500738552438,3.155096011816839,2.202363367799114,1.1831610044313146,0.638109305760709,741.6351550960118,4.576070901033973,9.527326440177253,0.6410635155096012,0.34859675036927623,0.29246676514032494,0.40029542097488924,0.5568685376661743
964,1693.3640699523053,-1.4554531001589825,1.7996820349761526,1.9745627980922098,1.5771065182829889,0.5596184419713831,710.79173290938,5.46422893481717,11.227344992050874,0.615262321144674,0.3958664546899841,0.21939586645468998,0.4785373608903021,0.5214626391096979
965,1780.6277955271566,-0.4921246006389776,3.718849840255591,1.8194888178913737,0.9968051118210862,0.6277955271565495,672.3961661341853,4.881789137380192,10.394568690095847,1.099041533546326,0.6182108626198083,0.48083067092651754,0.3865814696485623,0.597444089456869
966,1741.2387190684135,2.029286754002911,2.5953420669577874,2.3245997088791848,1.180494905385735,0.6724890829694323,717.8369723435226,4.761280931586608,9.902474526928675,0.49053857350800584,0.2780203784570597,0.21251819505094613,0.42066957787481807,0.5356622998544396
967,1615.9095238095238,1.2475396825396825,2.611111111111111,1.915873015873016,1.511111111111111,0.7063492063492064,724.7444444444444,5.26031746031746,11.485714285714286,0.45396825396825397,0.24603174603174602,0.20793650793650795,0.4714285714285714,0.5047619047619047
968,1717.46675900277,-1.3410526315789473,3.419667590027701,2.3337950138504153,1.048476454293629,0.7285318559556787,718.0609418282548,5.522160664819944,11.768698060941828,0.7659279778393352,0.37119113573407203,0.39473684210526316,0.47368421052631576,0.5235457063711911
969,1714.7010869565217,2.3160461956521736,3.6032608695652173,1.9932065217391304,1.125,0.7622282608695652,754.9307065217391,4.836956521739131,10.495923913043478,0.717391304347826,0.32065217391304346,0.3967391304347826,0.44429347826086957,0.5230978260869565
970,1766.83423180593,-1.069609164420485,1.8881401617250675,2.276280323450135,1.5956873315363882,0.6536388140161725,844.3167115902964,4.586253369272237,9.446091644204852,0.931266846361186,0.3584905660377358,0.5727762803234502,0.4029649595687331,0.5956873315363881
971,1758.8145766345124,-0.18755627009646303,3.547695605573419,2.1693461950696675,1.2293676312968917,0.6441586280814576,789.6613076098606,4.828510182207931,10.471596998928188,1.1811361200428725,0.5884244372990354,0.5927116827438371,0.41264737406216506,0.5777063236870311
972,1697.9223416965353,4.188434886499403,3.5376344086021505,1.967741935483871,1.3512544802867383,0.7431302270011948,819.1123058542413,4.571087216248507,9.646356033452808,0.8172043010752689,0.3870967741935484,0.43010752688172044,0.41935483870967744,0.5328554360812425
973,1739.448087431694,-1.460273224043716,2.087431693989071,1.970856102003643,1.6284153005464481,0.6029143897996357,813.3224043715848,4.963570127504553,10.413479052823314,1.0,0.49544626593806923,0.5045537340619308,0.46265938069216755,0.5373406193078324
974,1792.4449213161658,-1.0839055793991417,3.060085836909871,1.8340486409155936,1.3447782546494993,0.6938483547925608,764.4120171673819,4.733905579399142,9.69384835479256,0.9213161659513591,0.5264663805436338,0.3948497854077253,0.3805436337625179,0.6151645207439199
975,1684.3651266766021,1.4933830104321906,3.8450074515648285,2.107302533532042,1.0476900149031296,0.7540983606557377,725.7213114754098,5.076005961251863,11.369597615499254,1.4262295081967213,0.7004470938897168,0.7257824143070045,0.4783904619970194,0.4932935916542474
976,1567.5696400625977,0.37563380281690145,1.7809076682316118,1.9327073552425664,1.7089201877934272,0.6306729264475743,754.3114241001565,6.114241001564945,13.39280125195618,0.7339593114241002,0.4225352112676056,0.3114241001564945,0.543035993740219,0.4397496087636933
977,1596.659192825112,-0.7682810164424514,3.005979073243647,2.1420029895366217,1.1898355754857997,0.6756352765321375,723.5575485799701,5.729446935724963,13.020926756352765,1.0582959641255605,0.600896860986547,0.45739910313901344,0.5112107623318386,0.4798206278026906
978,1614.0322108345536,1.8866617862371888,2.9780380673499267,2.4055636896046853,1.0571010248901904,0.6720351390922401,753.8374816983894,5.6149341142020495,12.10541727672035,0.9795021961932651,0.4904831625183016,0.4890190336749634,0.4787701317715959,0.4787701317715959
979,1703.828346456693,-1.473716535433071,2.089763779527559,1.8881889763779527,1.5669291338582678,0.5811023622047244,726.1244094488189,5.053543307086614,11.428346456692914,0.9716535433070866,0.5574803149606299,0.4141732283464567,0.494488188976378,0.5039370078740157
980,1734.6382352941177,0.9900441176470588,2.6058823529411765,2.086764705882353,1.2941176470588236,0.6220588235294118,728.8911764705882,4.4411764705882355,9.438235294117646,1.125,0.7044117647058824,0.42058823529411765,0.3602941176470588,0.6161764705882353
981,1659.5254491017963,1.1388622754491018,2.913173652694611,2.287425149700599,1.2080838323353293,0.7125748502994012,741.0988023952095,5.1032934131736525,11.098802395209582,1.526946107784431,0.9101796407185628,0.6167664670658682,0.4550898203592814,0.5104790419161677
982,1575.050847457627,-1.5484129429892142,1.8274268104776579,1.7395993836671804,1.6887519260400616,0.6286594761171033,715.7395993836672,5.819722650231125,12.580893682588599,0.44684129429892144,0.23266563944530047,0.21417565485362094,0.4899845916795069,0.5100154083204931
983,1704.9626556016597,-1.3318533886583679,3.0497925311203318,1.937759336099585,1.297372060857538,0.632088520055325,729.4163208852005,5.15076071922545,11.15491009681881,1.1936376210235131,0.6141078838174274,0.5795297372060858,0.47579529737206083,0.5200553250345782
984,1656.2318392581144,-0.8331375579598145,3.029366306027821,2.0741885625966,1.1437403400309119,0.6120556414219475,675.6105100463678,5.540958268933539,11.65533230293663,1.6414219474497682,0.80370942812983,0.8377125193199382,0.4605873261205564,0.5332302936630603
985,1653.0171232876712,-0.7098458904109589,1.9794520547945205,2.1198630136986303,1.5325342465753424,0.5907534246575342,727.9109589041096,5.638698630136986,11.856164383561644,1.0684931506849316,0.4863013698630137,0.5821917808219178,0.5017123287671232,0.4914383561643836
986,1680.8919803600654,-0.020278232405892004,2.563011456628478,2.1751227495908347,1.3240589198036006,0.5908346972176759,718.4844517184943,5.274959083469722,11.283142389525368,1.4451718494271686,0.7610474631751227,0.6841243862520459,0.45990180032733224,0.5319148936170213
987,1549.3480475382003,5.3293887945670635,3.910016977928693,1.867572156196944,1.101867572156197,0.765704584040747,685.7317487266554,5.864176570458404,13.022071307300509,0.8896434634974533,0.5025466893039049,0.3870967741935484,0.48217317487266553,0.45840407470288624
988,1637.5175718849841,1.4364217252396168,1.9313099041533546,2.0750798722044728,1.5047923322683705,0.5910543130990416,735.6070287539936,5.6309904153354635,11.753993610223642,1.0143769968051117,0.5255591054313099,0.48881789137380194,0.5143769968051118,0.4680511182108626
989,1733.488,-1.134288,3.4464,1.6688,1.2464,0.6512,673.3952,5.328,11.1888,0.8128,0.4352,0.3776,0.4288,0.5664
990,1647.2574404761904,1.8086160714285713,2.712797619047619,2.0773809523809526,1.2901785714285714,0.7276785714285714,709.6130952380952,5.611607142857143,11.217261904761905,1.2916666666666667,0.6205357142857143,0.6711309523809523,0.44345238095238093,0.53125
991,1703.521523178808,4.246523178807947,1.8940397350993377,2.0596026490066226,1.5397350993377483,0.6456953642384106,741.364238410596,5.110927152317881,10.971854304635762,2.3327814569536423,1.195364238410596,1.1374172185430464,0.4304635761589404,0.5298013245033113
992,1702.4525316455697,-0.4020569620253164,2.670886075949367,1.5996835443037976,1.4683544303797469,0.6170886075949367,758.8417721518987,5.109177215189874,10.903481012658228,1.2974683544303798,0.6677215189873418,0.629746835443038,0.4287974683544304,0.5617088607594937
993,1708.4654654654655,1.2022822822822823,2.8018018018018016,2.33033033033033,1.12012012012012,0.5585585585585585,692.0825825825826,5.394894894894895,11.672672672672673,1.7237237237237237,0.8228228228228228,0.9009009009009009,0.503003003003003,0.46546546546546547
994,1613.6043046357615,-1.4646854304635761,1.9337748344370862,2.0678807947019866,1.5943708609271523,0.5513245033112583,718.4221854304636,6.009933774834437,12.698675496688741,1.3841059602649006,0.6721854304635762,0.7119205298013245,0.5016556291390728,0.4966887417218543
995,1683.5584905660378,-0.15224528301886797,3.630188679245283,1.8358490566037735,1.0150943396226415,0.6245283018867924,713.5169811320754,5.526415094339622,12.067924528301887,1.7509433962264151,0.839622641509434,0.9113207547169812,0.5150943396226415,0.469811320754717
996,1559.7752808988764,2.1864365971107547,2.402889245585875,2.316211878009631,1.290529695024077,0.5858747993579454,680.1027287319422,6.38362760834671,13.980738362760835,1.8747993579454254,1.0064205457463884,0.8683788121990369,0.5168539325842697,0.4510433386837881
997,1568.1746575342465,-1.1500684931506848,2.2945205479452055,1.9315068493150684,1.4589041095890412,0.5753424657534246,724.6489726027397,5.86986301369863,13.020547945205479,0.5188356164383562,0.273972602739726,0.24486301369863014,0.5,0.4965753424657534
998,1663.8455882352941,-0.7954264705882355,2.9970588235294118,2.0926470588235295,1.0926470588235293,0.6044117647058823,660.6323529411765,5.9,12.902941176470588,1.9588235294117646,0.9014705882352941,1.0573529411764706,0.48970588235294116,0.5044117647058823
999,1709.6535662299855,2.3646579330422126,3.3726346433770016,1.8995633187772927,1.2780203784570596,0.5851528384279476,694.0305676855895,5.06113537117904,10.940320232896653,1.497816593886463,0.727802037845706,0.7700145560407569,0.45997088791848617,0.5080058224163028
1000,1658.679012345679,0.8450771604938272,1.712962962962963,2.1496913580246915,1.5478395061728396,0.5570987654320988,742.1697530864197,5.4753086419753085,11.510802469135802,2.103395061728395,1.0524691358024691,1.0509259259259258,0.48919753086419754,0.49228395061728397
