generation,lifetime,energy_at_death,food_low,food_medium,food_prestige,food_default,cells_visited,predator_touches,drained_ticks,cave_entries,cave_entries_day,cave_entries_night,frac_death_drained,frac_death_starved
1,2088.5350318471337,-1.079108280254777,5.012738853503185,0.6369426751592356,0.1337579617834395,1.9617834394904459,576.2866242038217,0.0,0.0,0.07006369426751592,0.025477707006369428,0.044585987261146494,0.0,1.0
2,2000.0595238095239,-0.9258928571428572,3.9702380952380953,0.6309523809523809,0.49404761904761907,1.1607142857142858,637.2321428571429,0.0,0.0,0.2619047619047619,0.07738095238095238,0.18452380952380953,0.0,1.0
3,2032.8070175438597,-0.9830994152046783,3.0526315789473686,1.1988304093567252,0.32748538011695905,1.105263157894737,697.4970760233919,0.0,0.0,0.13450292397660818,0.07602339181286549,0.05847953216374269,0.0,1.0
4,2079.8907103825136,-0.8272131147540983,2.0437158469945356,1.1256830601092895,0.7978142076502732,0.8852459016393442,717.24043715847,0.0,0.0,0.1366120218579235,0.08743169398907104,0.04918032786885246,0.0,1.0
5,2016.3755458515284,-0.7303930131004367,3.7991266375545854,1.4104803493449782,0.4978165938864629,0.759825327510917,727.3624454148471,0.0,0.0,0.2183406113537118,0.10043668122270742,0.11790393013100436,0.0,1.0
6,2031.2865497076023,-0.8956140350877193,3.3333333333333335,0.6900584795321637,0.6023391812865497,1.0818713450292399,735.7368421052631,0.0,0.0,0.43859649122807015,0.21052631578947367,0.22807017543859648,0.0,1.0
7,2102.121212121212,-0.8695454545454545,1.6590909090909092,0.9166666666666666,0.36363636363636365,0.5454545454545454,728.1363636363636,0.0,0.0,0.4318181818181818,0.12121212121212122,0.3106060606060606,0.0,1.0
8,2015.2,-0.7806666666666667,3.3244444444444445,1.951111111111111,0.3466666666666667,0.6,683.9155555555556,0.0,0.0,0.6666666666666666,0.3244444444444444,0.3422222222222222,0.0,1.0
9,2030.832558139535,0.14358139534883724,3.181395348837209,1.4325581395348836,0.5069767441860465,0.8697674418604651,697.3488372093024,0.0,0.0,0.32558139534883723,0.23255813953488372,0.09302325581395349,0.0,0.986046511627907
10,2094.5652173913045,-0.8293478260869566,1.463768115942029,0.927536231884058,0.3695652173913043,0.39855072463768115,743.8478260869565,0.0,0.0,0.5579710144927537,0.2608695652173913,0.2971014492753623,0.0,1.0
11,2016.405529953917,-0.715852534562212,3.866359447004608,1.663594470046083,0.4838709677419355,0.5345622119815668,697.0460829493088,0.0,0.0,0.42857142857142855,0.2488479262672811,0.17972350230414746,0.0,1.0
12,2035.3393665158371,-0.8279185520361991,3.7013574660633486,1.0407239819004526,0.6380090497737556,0.918552036199095,698.4389140271493,0.0,0.0,0.45248868778280543,0.23529411764705882,0.2171945701357466,0.0,1.0
13,2097.6744186046512,-0.7254263565891472,1.751937984496124,0.8837209302325582,0.24031007751937986,0.32558139534883723,718.0,0.0,0.0,0.43410852713178294,0.21705426356589147,0.21705426356589147,0.0,1.0
14,2027.3529411764705,-0.732436974789916,3.7436974789915967,1.449579831932773,0.6890756302521008,0.4957983193277311,670.8067226890756,0.0,0.0,0.47478991596638653,0.22268907563025211,0.25210084033613445,0.0,1.0
15,2031.060606060606,-0.7785858585858586,3.984848484848485,1.292929292929293,0.36363636363636365,0.6767676767676768,653.2525252525253,0.0,0.0,0.20707070707070707,0.12626262626262627,0.08080808080808081,0.0,1.0
16,2103.781512605042,-0.6671428571428571,1.2016806722689075,0.46218487394957986,0.5462184873949579,0.09243697478991597,656.8403361344538,0.0,0.0,0.4117647058823529,0.058823529411764705,0.35294117647058826,0.0,1.0
17,2027.347670250896,-0.6261290322580645,3.304659498207885,1.6021505376344085,0.8207885304659498,0.46953405017921146,595.9713261648745,0.0,0.0,0.2867383512544803,0.15053763440860216,0.13620071684587814,0.0,1.0
18,2035.1960784313726,-0.9034313725490196,3.1862745098039214,1.3529411764705883,0.49019607843137253,0.8333333333333334,648.3284313725491,0.0,0.0,0.29411764705882354,0.1568627450980392,0.13725490196078433,0.0,1.0
19,2106.35593220339,-0.6804237288135594,1.076271186440678,0.6016949152542372,0.3135593220338983,0.17796610169491525,611.1949152542373,0.0,0.0,0.2627118644067797,0.03389830508474576,0.2288135593220339,0.0,1.0
20,2024.313725490196,-0.664235294117647,2.6784313725490194,1.219607843137255,0.9725490196078431,0.4392156862745098,613.5019607843137,0.0,0.0,0.21176470588235294,0.09019607843137255,0.12156862745098039,0.0,1.0
21,2024.278409090909,-0.43596590909090904,4.3977272727272725,1.0170454545454546,0.19318181818181818,0.7215909090909091,647.7386363636364,0.0,0.0,0.4147727272727273,0.2784090909090909,0.13636363636363635,0.0,0.9886363636363636
22,2105.63025210084,-0.7369747899159664,1.1260504201680672,0.7142857142857143,0.3277310924369748,0.25210084033613445,635.8235294117648,0.0,0.0,0.5126050420168067,0.15966386554621848,0.35294117647058826,0.0,1.0
23,2020.739299610895,-0.7020622568093385,3.140077821011673,2.054474708171206,0.6070038910505836,0.4163424124513619,627.7704280155642,0.0,0.0,0.46303501945525294,0.22957198443579765,0.23346303501945526,0.0,1.0
24,2021.9662921348315,-0.8037640449438201,3.7752808988764044,1.202247191011236,0.25280898876404495,0.5224719101123596,612.7696629213483,0.0,0.0,0.5449438202247191,0.3146067415730337,0.2303370786516854,0.0,1.0
25,2097.96875,-0.76,1.5546875,0.8359375,0.375,0.171875,581.8046875,0.0,0.0,0.15625,0.0390625,0.1171875,0.0,1.0
26,2033.8181818181818,-0.7353818181818181,3.32,1.2836363636363637,0.8945454545454545,0.4618181818181818,539.2254545454546,0.0,0.0,0.2727272727272727,0.12363636363636364,0.14909090909090908,0.0,1.0
27,2032.2099447513813,-0.8134254143646408,3.6408839779005526,1.1767955801104972,0.3149171270718232,0.7016574585635359,581.4198895027624,0.0,0.0,0.10497237569060773,0.022099447513812154,0.08287292817679558,0.0,1.0
28,2099.217391304348,-0.8212173913043478,0.991304347826087,0.7565217391304347,0.3391304347826087,0.48695652173913045,626.2434782608696,0.0,0.0,0.21739130434782608,0.1826086956521739,0.034782608695652174,0.0,1.0
29,2026.5567765567766,-0.7057875457875458,2.989010989010989,1.9706959706959708,0.684981684981685,0.4835164835164835,602.8827838827839,0.0,0.0,0.23076923076923078,0.14285714285714285,0.08791208791208792,0.0,1.0
30,2031.65,-0.8477,3.6,1.68,0.28,0.73,607.08,0.0,0.0,0.265,0.17,0.095,0.0,1.0
31,2099.91452991453,-0.8623931623931624,1.2735042735042734,0.7264957264957265,0.20512820512820512,0.5128205128205128,621.0512820512821,0.0,0.0,0.18803418803418803,0.03418803418803419,0.15384615384615385,0.0,1.0
32,2026.2222222222222,-0.7086666666666667,3.2777777777777777,1.8583333333333334,0.8972222222222223,0.5222222222222223,633.0611111111111,0.0,0.0,0.25833333333333336,0.16111111111111112,0.09722222222222222,0.0,1.0
33,2033.3,-0.816,4.31,1.595,0.29,0.9,683.61,0.0,0.0,0.495,0.205,0.29,0.0,1.0
34,2084.6875,-0.7575624999999999,1.7125,1.1375,0.6125,0.49375,715.59375,0.0,0.0,0.4125,0.1375,0.275,0.0,1.0
35,2033.757225433526,-0.7129479768786128,3.4248554913294798,1.916184971098266,0.9277456647398844,0.5260115606936416,658.3526011560693,0.0,0.0,0.41329479768786126,0.17630057803468208,0.23699421965317918,0.0,1.0
36,2038.8317757009345,-0.810981308411215,3.850467289719626,1.4626168224299065,0.6355140186915887,0.677570093457944,632.9065420560747,0.0,0.0,0.5981308411214953,0.29906542056074764,0.29906542056074764,0.0,1.0
37,2089.5530726256984,-0.9338547486033519,1.3798882681564246,1.2458100558659218,0.7541899441340782,0.7486033519553073,645.0446927374302,0.0,0.0,0.13966480446927373,0.0223463687150838,0.11731843575418995,0.0,1.0
38,2016.6795366795366,-0.7864092664092664,2.9382239382239383,2.111969111969112,0.5984555984555985,0.7027027027027027,645.7760617760617,0.0,0.0,0.21621621621621623,0.138996138996139,0.07722007722007722,0.0,1.0
39,2033.681592039801,-0.8170646766169154,3.646766169154229,1.835820895522388,0.2835820895522388,0.6318407960199005,607.2039800995025,0.0,0.0,0.23880597014925373,0.13432835820895522,0.1044776119402985,0.0,1.0
40,2078.282828282828,-0.7615151515151515,1.4343434343434343,1.0353535353535352,0.9848484848484849,0.6161616161616161,633.4343434343434,0.0,0.0,0.2676767676767677,0.16666666666666666,0.10101010101010101,0.0,1.0
41,2018.75,-0.7240530303030304,2.9734848484848486,1.4204545454545454,0.7803030303030303,0.5113636363636364,633.6098484848485,0.0,0.0,0.09848484848484848,0.06060606060606061,0.03787878787878788,0.0,1.0
42,2032.8708133971293,-0.7758851674641148,3.6315789473684212,1.5789473684210527,0.5119617224880383,0.6411483253588517,586.2679425837321,0.0,0.0,0.21052631578947367,0.11961722488038277,0.09090909090909091,0.0,1.0
43,2090.4918032786886,-0.6523770491803279,1.5081967213114753,0.680327868852459,0.30327868852459017,0.3360655737704918,588.983606557377,0.0,0.0,0.26229508196721313,0.11475409836065574,0.14754098360655737,0.0,1.0
44,2023.6858974358975,-0.6751923076923076,3.480769230769231,1.2083333333333333,0.9839743589743589,0.42948717948717946,583.4807692307693,0.0,0.0,0.20833333333333334,0.11538461538461539,0.09294871794871795,0.0,1.0
45,2034.86013986014,-0.7291258741258742,3.730769230769231,1.8496503496503496,0.5314685314685315,0.6888111888111889,583.9195804195804,0.0,0.0,0.21328671328671328,0.1258741258741259,0.08741258741258741,0.0,1.0
46,2093.9495798319326,-0.6876470588235294,1.1596638655462186,0.6218487394957983,0.2857142857142857,0.14285714285714285,611.2689075630252,0.0,0.0,0.46218487394957986,0.2605042016806723,0.20168067226890757,0.0,1.0
47,2031.651948051948,-0.3316363636363637,3.3012987012987014,2.0961038961038962,0.8233766233766234,0.4727272727272727,601.0675324675325,0.0,0.0,0.17402597402597403,0.11428571428571428,0.05974025974025974,0.0,0.9948051948051948
48,2040.892857142857,-0.8539642857142856,3.0035714285714286,2.0142857142857142,0.6714285714285714,0.8535714285714285,669.5178571428571,0.0,0.0,0.3357142857142857,0.21428571428571427,0.12142857142857143,0.0,1.0
49,2067.4093023255814,0.6669302325581394,1.2279069767441861,1.8511627906976744,0.8372093023255814,0.6465116279069767,739.2,0.0,0.0,0.3116279069767442,0.14418604651162792,0.16744186046511628,0.0,0.9813953488372092
50,2023.22695035461,-0.26606382978723403,2.673758865248227,1.570921985815603,1.0780141843971631,0.6985815602836879,697.3297872340426,0.0,0.0,0.5141843971631206,0.24822695035460993,0.26595744680851063,0.0,0.9964539007092199
51,2044.7777777777778,-0.6829501915708812,3.3065134099616857,1.5938697318007662,0.7471264367816092,0.8620689655172413,740.095785440613,0.0,0.0,1.1264367816091954,0.5823754789272031,0.5440613026819924,0.0,0.9961685823754789
52,2073.5458515283844,-0.6596069868995632,1.4235807860262009,1.6899563318777293,0.9126637554585153,0.851528384279476,729.4497816593887,0.0,0.0,0.8777292576419214,0.5283842794759825,0.34934497816593885,0.0,0.9956331877729258
53,2032.2147651006712,-0.7206040268456376,2.8288590604026846,2.2348993288590604,0.7281879194630873,0.5906040268456376,691.1845637583892,0.0,0.0,0.785234899328859,0.4463087248322148,0.3389261744966443,0.0,1.0
54,2033.4432989690722,-0.33398625429553264,2.814432989690722,1.6666666666666667,0.8694158075601375,0.7938144329896907,712.6735395189004,0.0,0.0,0.5360824742268041,0.18900343642611683,0.3470790378006873,0.0,0.9896907216494846
55,2074.913043478261,-0.5002608695652174,1.4695652173913043,1.626086956521739,1.0739130434782609,0.8434782608695652,706.4608695652174,0.0,0.0,0.3521739130434783,0.22608695652173913,0.12608695652173912,0.0,0.991304347826087
56,2030.0,-0.6875524475524475,3.297202797202797,1.7027972027972027,0.7902097902097902,0.6503496503496503,647.5244755244755,0.0,0.0,0.9125874125874126,0.4405594405594406,0.47202797202797203,0.0,0.9965034965034965
57,2038.3223880597016,-0.4843283582089552,3.2328358208955223,1.871641791044776,0.8388059701492537,0.6716417910447762,647.2835820895523,0.0,0.0,0.5402985074626866,0.2417910447761194,0.29850746268656714,0.0,0.9940298507462687
58,2061.854599406528,0.5979525222551928,1.1216617210682494,1.7537091988130564,1.3946587537091988,0.744807121661721,711.4391691394659,0.0,0.0,0.39762611275964393,0.20771513353115728,0.18991097922848665,0.0,0.9703264094955489
59,2029.0460704607046,-0.2412737127371273,2.9430894308943087,1.97289972899729,0.8807588075880759,0.8048780487804879,743.5772357723578,0.0,0.0,0.6449864498644986,0.27371273712737126,0.3712737127371274,0.0,0.994579945799458
60,2040.2872928176796,0.5377348066298342,2.143646408839779,1.8977900552486189,1.3425414364640884,0.7348066298342542,791.3812154696133,0.0,0.0,0.5193370165745856,0.27348066298342544,0.24585635359116023,0.0,0.9834254143646409
61,2066.802197802198,-0.679047619047619,1.4029304029304028,1.7912087912087913,1.1941391941391941,0.7765567765567766,746.7326007326008,0.0,0.0,0.4139194139194139,0.24175824175824176,0.17216117216117216,0.0,0.9963369963369964
62,2026.093567251462,0.029239766081871343,2.4210526315789473,1.605263157894737,1.2953216374269005,0.5847953216374269,679.3918128654971,0.0,0.0,0.3567251461988304,0.15204678362573099,0.2046783625730994,0.0,0.9912280701754386
63,2032.3498542274053,1.0972886297376094,2.3527696793002915,2.3352769679300294,1.0116618075801749,0.8367346938775511,777.0437317784257,0.0,0.0,0.5860058309037901,0.30029154518950435,0.2857142857142857,0.0,0.967930029154519
64,2067.972972972973,-0.7875675675675675,1.3027027027027027,1.7081081081081082,1.672972972972973,0.7027027027027027,757.5702702702703,0.0,0.0,0.4297297297297297,0.22702702702702704,0.20270270270270271,0.0,1.0
65,2040.5361305361305,-0.7331701631701631,2.202797202797203,1.6596736596736597,1.4125874125874125,0.4592074592074592,718.9533799533799,0.0,0.0,0.9487179487179487,0.48484848484848486,0.46386946386946387,0.0,1.0
66,2041.3074074074075,-0.6147777777777778,2.411111111111111,1.9851851851851852,0.8148148148148148,0.5592592592592592,703.8666666666667,0.0,0.0,1.0925925925925926,0.4925925925925926,0.6,0.0,0.9962962962962963
67,2069.173410404624,-0.1944797687861271,1.3150289017341041,1.5520231213872833,1.6560693641618498,0.638728323699422,807.4017341040462,0.0,0.0,0.6040462427745664,0.3699421965317919,0.23410404624277456,0.0,0.9913294797687862
68,2036.8644400785854,-0.5683889980353635,1.9548133595284873,2.1453831041257367,1.3693516699410608,0.6267190569744597,748.8644400785855,0.0,0.0,0.46168958742632615,0.24950884086444008,0.21218074656188604,0.0,0.9980353634577603
69,2051.757575757576,-0.7377575757575758,2.06969696969697,2.018181818181818,1.2545454545454546,0.6181818181818182,675.7060606060606,0.0,0.0,0.7666666666666667,0.44545454545454544,0.3212121212121212,0.0,1.0
70,2063.60310421286,0.7796230598669623,1.1729490022172948,1.9778270509977827,1.6541019955654102,0.4678492239467849,750.4368070953436,0.0,0.0,0.401330376940133,0.20842572062084258,0.19290465631929046,0.0,0.9866962305986696
71,2037.2764976958526,0.03947004608294936,2.7672811059907834,1.8387096774193548,1.163594470046083,0.6059907834101382,720.7304147465438,0.0,0.0,0.576036866359447,0.24193548387096775,0.33410138248847926,0.0,0.988479262672811
72,2037.273942093541,0.03095768374164812,2.131403118040089,1.8819599109131404,1.3608017817371938,0.534521158129176,773.0601336302896,0.0,0.0,0.534521158129176,0.22494432071269488,0.30957683741648107,0.0,0.9888641425389755
73,2068.8977272727275,-0.6319602272727273,1.2073863636363635,1.7102272727272727,1.4914772727272727,0.5823863636363636,839.6221590909091,0.0,0.0,0.45454545454545453,0.2215909090909091,0.23295454545454544,0.0,0.9971590909090909
74,2027.2386706948641,0.13039274924471297,1.9909365558912386,1.7492447129909365,1.096676737160121,0.5015105740181269,747.2719033232628,0.0,0.0,0.3021148036253776,0.1782477341389728,0.12386706948640483,0.0,0.9939577039274925
75,2011.8282051282051,4.249923076923077,2.3282051282051284,2.169230769230769,1.0333333333333334,0.6333333333333333,768.0230769230769,0.0,0.0,1.1076923076923078,0.5743589743589743,0.5333333333333333,0.0,0.9384615384615385
76,2070.6775147928993,-0.2191715976331361,1.5798816568047338,2.0118343195266273,1.2928994082840237,0.5680473372781065,835.4822485207101,0.0,0.0,0.6686390532544378,0.27514792899408286,0.39349112426035504,0.0,0.9940828402366864
77,2038.3678756476684,-0.6763471502590673,2.401554404145078,2.069948186528497,1.0699481865284974,0.6295336787564767,751.520725388601,0.0,0.0,0.8419689119170984,0.5155440414507773,0.32642487046632124,0.0,1.0
78,2021.4503042596348,2.972697768762677,1.9350912778904665,2.588235294117647,1.13184584178499,0.718052738336714,793.2718052738337,0.0,0.0,1.4239350912778905,0.7667342799188641,0.6572008113590264,0.0,0.9574036511156186
79,2060.1762114537446,1.2829735682819383,1.354625550660793,2.140969162995595,1.433920704845815,0.6541850220264317,771.0506607929516,0.0,0.0,1.539647577092511,0.7136563876651982,0.8259911894273128,0.0,0.9757709251101322
80,2023.547619047619,0.5082619047619047,2.0952380952380953,1.5357142857142858,1.4690476190476192,0.5880952380952381,752.7142857142857,0.0,0.0,0.7261904761904762,0.44285714285714284,0.2833333333333333,0.0,0.9880952380952381
81,2011.8082191780823,4.356392694063927,3.0228310502283104,2.2100456621004567,0.9748858447488584,0.7077625570776256,798.5867579908676,0.0,0.0,0.7922374429223744,0.3835616438356164,0.408675799086758,0.0,0.9452054794520548
82,2063.4615384615386,-0.24489316239316236,1.3482905982905984,1.6025641025641026,1.7692307692307692,0.6175213675213675,850.1132478632478,0.0,0.0,0.9316239316239316,0.5235042735042735,0.4081196581196581,0.0,0.9935897435897436
83,2028.3873873873874,0.4338738738738738,2.684684684684685,2.3843843843843846,0.7687687687687688,0.7447447447447447,800.2822822822823,0.0,0.0,0.17717717717717718,0.09309309309309309,0.08408408408408409,0.0,0.975975975975976
84,2022.5296912114013,2.6462707838479806,3.311163895486936,2.0427553444180524,0.9453681710213777,0.7315914489311164,814.2850356294537,0.0,0.0,0.41330166270783847,0.21852731591448932,0.19477434679334918,0.0,0.9643705463182898
85,2063.700680272109,0.628140589569161,1.6145124716553287,2.0317460317460316,1.5941043083900226,0.6825396825396826,874.9433106575964,0.0,0.0,1.253968253968254,0.6213151927437641,0.6326530612244898,0.0,0.9841269841269841
86,2041.939393939394,-0.2613888888888889,3.292929292929293,1.5404040404040404,1.0656565656565657,0.6287878787878788,812.179292929293,0.0,0.0,1.845959595959596,0.9318181818181818,0.9141414141414141,0.0,0.98989898989899
87,2023.5449735449736,3.492451499118166,3.2151675485008817,2.3474426807760143,1.0105820105820107,0.656084656084656,849.4038800705467,0.0,0.0,1.2116402116402116,0.5608465608465608,0.6507936507936508,0.0,0.9453262786596119
88,2052.235785953177,1.2758695652173913,1.6505016722408026,2.3411371237458196,1.565217391304348,0.580267558528428,888.9749163879599,0.0,0.0,1.1839464882943145,0.6588628762541806,0.5250836120401338,0.0,0.9732441471571907
89,2054.4383561643835,0.2817199391171994,3.019786910197869,1.93455098934551,1.339421613394216,0.6225266362252664,956.8082191780821,0.0,0.0,1.76103500761035,0.9223744292237442,0.8386605783866058,0.0,0.9863013698630136
90,2030.236040609137,3.878629441624365,2.3591370558375635,2.5596446700507616,1.3223350253807107,0.616751269035533,913.2170050761422,0.0,0.0,1.130710659898477,0.5190355329949239,0.6116751269035533,0.0,0.9467005076142132
91,2053.7509933774836,1.0294039735099338,1.6490066225165563,2.2874172185430464,1.6860927152317882,0.6225165562913907,941.7165562913907,0.0,0.0,1.0821192052980133,0.5509933774834437,0.5311258278145695,0.0,0.9735099337748344
92,2052.230989956958,-0.5367862266857962,3.116212338593974,2.2338593974175036,1.3658536585365855,0.697274031563845,952.1434720229555,0.0,0.0,0.9311334289813487,0.48923959827833574,0.4418938307030129,0.0,0.9971305595408895
93,2024.804556354916,3.53826139088729,2.8872901678657072,2.870503597122302,1.052757793764988,0.7086330935251799,967.8561151079136,0.0,0.0,0.9088729016786571,0.48201438848920863,0.42685851318944845,0.0,0.935251798561151
94,2052.6272401433694,0.5891039426523298,1.7323775388291518,2.2843488649940262,1.7048984468339308,0.6069295101553166,931.8637992831541,0.0,0.0,1.07168458781362,0.5734767025089605,0.4982078853046595,0.0,0.9796893667861409
95,2042.282119205298,1.0565827814569537,3.0821192052980133,2.0860927152317883,1.348344370860927,0.6913907284768211,961.8039735099338,0.0,0.0,1.833112582781457,0.8781456953642384,0.9549668874172186,0.0,0.9788079470198675
96,2048.178082191781,2.0553972602739727,3.0315068493150683,2.6315068493150684,1.3,0.6767123287671233,953.9287671232877,0.0,0.0,1.252054794520548,0.6,0.6520547945205479,0.0,0.9753424657534246
97,2053.0210409745296,0.7127131782945736,1.9158361018826136,2.372093023255814,1.6389811738648947,0.5071982281284607,981.0852713178294,0.0,0.0,0.9612403100775194,0.48726467331118495,0.4739756367663344,0.0,0.9778516057585825
98,2051.1007281553398,1.0125606796116504,2.770631067961165,2.299757281553398,1.4368932038834952,0.7099514563106796,949.7354368932039,0.0,0.0,1.4150485436893203,0.6783980582524272,0.7366504854368932,0.0,0.9805825242718447
99,2024.7816229116945,4.381443914081146,3.0214797136038185,2.583532219570406,1.126491646778043,0.7935560859188544,938.9391408114559,0.0,0.0,1.5393794749403342,0.7422434367541766,0.7971360381861575,0.0,0.9093078758949881
100,2055.6640091116174,2.0997949886104785,2.070615034168565,2.673120728929385,1.7391799544419135,0.6400911161731208,988.2038724373576,0.0,0.0,1.4669703872437359,0.7220956719817767,0.744874715261959,0.0,0.9772209567198178
101,2051.5193704600483,-0.03826876513317193,3.361985472154964,2.1743341404358354,1.3571428571428572,0.7130750605326877,982.3050847457627,0.0,0.0,0.7639225181598063,0.3450363196125908,0.4188861985472155,0.0,0.986682808716707
102,2037.0110741971207,1.9578848283499446,2.9601328903654487,2.215946843853821,1.4208194905869325,0.716500553709856,948.203765227021,0.0,0.0,0.8272425249169435,0.4130675526024363,0.4141749723145072,0.0,0.9545957918050941
103,2056.6468571428572,0.8231771428571428,1.744,2.4754285714285715,1.5885714285714285,0.6034285714285714,928.6502857142857,0.0,0.0,0.9782857142857143,0.4617142857142857,0.5165714285714286,0.0,0.9805714285714285
104,2060.8271739130437,-0.56075,3.0619565217391305,1.85,1.6010869565217392,0.6097826086956522,934.2076086956522,0.0,0.0,1.434782608695652,0.6641304347826087,0.7706521739130435,0.0,0.9923913043478261
105,2036.2198581560283,4.480101317122593,3.028368794326241,2.25531914893617,1.4498480243161094,0.6443768996960486,966.7487335359676,0.0,0.0,1.851063829787234,0.8763931104356636,0.9746707193515705,0.0,0.92806484295846
106,2062.9013921113688,1.4488167053364271,2.1276102088167055,2.5011600928074245,1.685614849187935,0.6821345707656613,971.7946635730858,0.0,0.0,1.3178654292343388,0.6647331786542924,0.6531322505800464,0.0,0.9733178654292344
107,2060.8126315789473,0.5807789473684211,3.026315789473684,2.3726315789473684,1.3357894736842104,0.6568421052631579,963.5063157894737,0.0,0.0,1.628421052631579,0.7810526315789473,0.8473684210526315,0.0,0.98
108,2035.9169884169885,3.458407335907336,2.6795366795366795,2.642857142857143,1.3735521235521235,0.666988416988417,980.6756756756756,0.0,0.0,1.4913127413127414,0.7413127413127413,0.75,0.0,0.9333976833976834
109,2040.6278481012657,3.857683544303797,1.8468354430379748,2.5215189873417723,1.629113924050633,0.7683544303797468,942.3822784810127,0.0,0.0,1.6898734177215189,0.8291139240506329,0.8607594936708861,0.0,0.9556962025316456
110,2055.573529411765,0.7211470588235294,2.7215686274509805,2.184313725490196,1.6372549019607843,0.6441176470588236,982.3450980392157,0.0,0.0,1.2715686274509803,0.6215686274509804,0.65,0.0,0.9813725490196078
111,2019.4166666666667,6.019032567049808,2.993295019157088,2.4329501915708813,1.2969348659003832,0.7059386973180076,909.0105363984675,0.0,0.0,1.5517241379310345,0.7729885057471264,0.7787356321839081,0.0,0.9118773946360154
112,2065.944385026738,0.3937540106951871,1.7957219251336898,2.1614973262032087,2.0085561497326205,0.6053475935828877,934.5604278074866,0.0,0.0,1.3935828877005347,0.6983957219251337,0.6951871657754011,0.0,0.9828877005347594
113,2054.7374768089053,0.9483116883116884,2.5862708719851577,2.518552875695733,1.4257884972170687,0.5825602968460112,929.5435992578849,0.0,0.0,1.1410018552875696,0.5918367346938775,0.549165120593692,0.0,0.9823747680890538
114,2023.3671361502347,5.5386854460093895,3.0018779342723003,2.2948356807511736,1.444131455399061,0.676056338028169,953.0591549295775,0.0,0.0,0.8422535211267606,0.39436619718309857,0.447887323943662,0.0,0.9136150234741784
115,2071.710928319624,1.1278848413631022,2.075205640423032,2.4923619271445356,1.8108108108108107,0.6850763807285546,956.6545240893067,0.0,0.0,1.290246768507638,0.6439482961222092,0.6462984723854289,0.0,0.9788484136310224
116,2089.9115044247787,1.0725,3.2555309734513274,2.4059734513274336,1.2024336283185841,0.668141592920354,930.1393805309734,0.0,0.0,2.379424778761062,1.1780973451327434,1.2013274336283186,0.0,0.9811946902654868
117,2060.6650485436894,4.24021359223301,2.999029126213592,2.6310679611650487,1.3524271844660194,0.6718446601941748,935.6932038834951,0.0,0.0,1.7951456310679612,0.8980582524271845,0.8970873786407767,0.0,0.9233009708737864
118,2076.8979591836733,0.8162779397473275,1.3333333333333333,2.336248785228377,2.002915451895044,0.5782312925170068,920.4285714285714,0.0,0.0,1.096209912536443,0.5422740524781341,0.5539358600583091,0.0,0.9815354713313897
119,2091.6628242074926,0.02427473583093179,2.645533141210375,2.441882804995197,1.3371757925072045,0.6023054755043228,984.4111431316043,0.0,0.0,1.6772334293948126,0.8607108549471661,0.8165225744476465,0.0,0.9846301633045149
120,2061.241176470588,5.112656862745098,2.4274509803921567,2.7137254901960786,1.4127450980392158,0.6774509803921569,950.5784313725491,0.0,0.0,1.6558823529411764,0.8607843137254902,0.7950980392156862,0.0,0.9274509803921569
121,2085.7181286549708,0.5191345029239767,1.2678362573099415,2.513450292397661,1.8245614035087718,0.6853801169590643,925.9719298245614,0.0,0.0,1.2514619883040936,0.6362573099415205,0.6152046783625731,0.0,0.9847953216374269
122,2084.015503875969,0.17029069767441862,2.502906976744186,2.250968992248062,1.5872093023255813,0.6046511627906976,936.3323643410853,0.0,0.0,0.75,0.37306201550387597,0.37693798449612403,0.0,0.9893410852713178
123,2059.4346997140133,5.26998093422307,2.585319351763584,3.043851286939943,1.244041944709247,0.6873212583412774,937.3317445185892,0.0,0.0,0.7016205910390848,0.3517635843660629,0.34985700667302194,0.0,0.9132507149666349
124,2085.875732708089,0.9727080890973037,1.6858147713950762,2.5181711606096133,1.7784290738569755,0.6705744431418523,892.611957796014,0.0,0.0,0.7174677608440797,0.3786635404454865,0.3388042203985932,0.0,0.9800703399765534
125,2084.8779342723005,0.8564131455399061,2.4779342723004696,2.2647887323943663,1.5830985915492957,0.6178403755868545,919.3737089201878,0.0,0.0,1.1455399061032865,0.5915492957746479,0.5539906103286385,0.0,0.9784037558685446
126,2059.1780962128964,6.372354145342887,3.082906857727738,2.81985670419652,1.1750255885363357,0.6949846468781986,893.8024564994882,0.0,0.0,1.2804503582395086,0.5875127942681678,0.6929375639713409,0.0,0.9068577277379734
127,2090.132603406326,1.7192822384428224,2.3041362530413627,2.5316301703163018,1.4355231143552312,0.7603406326034063,858.5632603406326,0.0,0.0,0.7384428223844283,0.3661800486618005,0.3722627737226277,0.0,0.9720194647201946
128,2120.1841841841842,0.22574574574574574,2.6466466466466465,2.5375375375375375,1.3663663663663663,0.6526526526526526,890.5645645645645,0.0,0.0,0.8538538538538538,0.4044044044044044,0.4494494494494494,0.0,0.984984984984985
129,2046.7640036730945,8.342258953168043,2.762167125803489,2.682277318640955,1.2424242424242424,0.7089072543617998,884.3810835629017,0.0,0.0,1.0,0.46189164370982555,0.5381083562901745,0.0,0.8833792470156107
130,2098.3831775700933,0.7349428868120457,1.6988577362409139,2.6562824506749743,1.7497403946002077,0.5970924195223261,952.6323987538941,0.0,0.0,0.8868120456905504,0.4132917964693666,0.4735202492211838,0.0,0.9865005192107996
131,2105.430985915493,0.7567323943661972,2.859154929577465,2.4225352112676055,1.3295774647887324,0.6028169014084507,953.8122065727699,0.0,0.0,0.8910798122065727,0.40657276995305164,0.48450704225352115,0.0,0.9793427230046948
132,2069.118398637138,6.823492333901192,2.9250425894378194,2.3057921635434413,1.3611584327086883,0.6626916524701874,934.2998296422487,0.0,0.0,0.8330494037478705,0.3637137989778535,0.469335604770017,0.0,0.9045996592844975
133,2095.860416666667,0.6317708333333333,1.803125,2.640625,1.753125,0.7291666666666666,989.240625,0.0,0.0,0.703125,0.40520833333333334,0.29791666666666666,0.0,0.984375
134,2104.284761904762,0.3498761904761905,3.0342857142857143,2.24,1.477142857142857,0.6066666666666667,1001.5895238095238,0.0,0.0,1.0857142857142856,0.5228571428571429,0.5628571428571428,0.0,0.9885714285714285
135,2080.2058023572076,6.136065276518585,2.971894832275612,2.659111514052584,1.2973708068902992,0.641885766092475,931.7760652765186,0.0,0.0,1.6219401631912964,0.7697189483227561,0.8522212148685403,0.0,0.9165911151405258
136,2082.356134636265,1.4040173724212812,1.8360477741585233,2.7035830618892507,1.6069489685124865,0.6080347448425625,952.2193268186753,0.0,0.0,1.1042345276872965,0.5646036916395223,0.5396308360477742,0.0,0.9728555917480999
137,2082.0761523046094,2.3935270541082163,2.94689378757515,2.490981963927856,1.2414829659318638,0.625250501002004,933.4488977955912,0.0,0.0,1.402805611222445,0.6703406813627254,0.7324649298597194,0.0,0.9739478957915831
138,2056.3181063122925,3.3084219269102992,2.504983388704319,2.754983388704319,1.3911960132890366,0.6096345514950167,931.9285714285714,0.0,0.0,1.7134551495016612,0.7940199335548173,0.9194352159468439,0.0,0.9343853820598007
139,2079.179515418502,2.2222246696035244,1.7973568281938326,2.7268722466960353,1.5561674008810573,0.6365638766519823,940.046255506608,0.0,0.0,1.7356828193832599,0.8138766519823789,0.9218061674008811,0.0,0.9636563876651982
140,2136.540611353712,-0.017414847161572027,2.6986899563318776,2.411353711790393,1.509170305676856,0.5292576419213973,958.0384279475983,0.0,0.0,2.025327510917031,0.9641921397379912,1.0611353711790392,0.0,0.9877729257641922
141,2050.0845864661655,4.835902255639097,2.955827067669173,2.6419172932330826,1.275375939849624,0.6484962406015038,935.7753759398496,0.0,0.0,1.3956766917293233,0.7763157894736842,0.6193609022556391,0.0,0.9144736842105263
142,2084.9701030927836,0.8527319587628867,1.8072164948453608,2.3175257731958765,1.8989690721649484,0.5824742268041238,949.5567010309278,0.0,0.0,1.4835051546391753,0.7309278350515463,0.7525773195876289,0.0,0.9845360824742269
143,2103.284815813118,0.11041329739442951,2.628032345013477,2.6720575022461817,1.2991913746630728,0.5741239892183289,968.566037735849,0.0,0.0,1.582210242587601,0.738544474393531,0.8436657681940701,0.0,0.9874213836477987
144,2047.6072106261859,4.970009487666035,3.0749525616698294,2.4468690702087286,1.3206831119544593,0.6537001897533207,931.920303605313,0.0,0.0,1.5872865275142316,0.8083491461100569,0.7789373814041746,0.0,0.9146110056925996
145,2084.68064516129,3.9426344086021508,2.054838709677419,2.5795698924731183,1.6827956989247312,0.6612903225806451,905.152688172043,0.0,0.0,2.076344086021505,0.9774193548387097,1.0989247311827957,0.0,0.946236559139785
146,2117.699890470975,0.41483023001095287,3.094194961664841,2.507119386637459,1.3154435925520263,0.683461117196057,877.8017524644031,0.0,0.0,1.7108433734939759,0.836801752464403,0.8740416210295728,0.0,0.9846659364731654
147,2058.598156682028,5.080571428571429,2.952073732718894,2.7244239631336407,1.2792626728110599,0.6377880184331797,896.552995391705,0.0,0.0,1.7456221198156683,0.9059907834101383,0.83963133640553,0.0,0.9152073732718894
148,2080.917808219178,2.13868282402529,1.5521601685985247,2.463645943097998,1.8735511064278187,0.6438356164383562,897.9241306638567,0.0,0.0,1.0516332982086407,0.5447839831401475,0.5068493150684932,0.0,0.9631190727081138
149,2126.626953125,0.42568359375,2.7646484375,2.6201171875,1.2861328125,0.625,878.46484375,0.0,0.0,1.4970703125,0.73046875,0.7666015625,0.0,0.982421875
150,2092.2676950998184,5.726651542649728,2.706896551724138,2.892014519056261,1.3911070780399275,0.6597096188747731,914.1034482758621,0.0,0.0,2.1560798548094375,1.0862068965517242,1.0698729582577133,0.0,0.9183303085299456
151,2105.3317535545025,0.31113744075829386,1.5059241706161137,2.7227488151658767,1.7796208530805686,0.7227488151658767,895.8341232227489,0.0,0.0,1.2002369668246446,0.6386255924170616,0.5616113744075829,0.0,0.9869668246445498
152,2129.514869888476,0.1558457249070632,2.7778810408921935,2.5185873605947955,1.29182156133829,0.5752788104089219,906.1933085501859,0.0,0.0,1.5473977695167287,0.7202602230483272,0.8271375464684015,0.0,0.9823420074349443
153,2058.450367647059,4.404393382352942,2.504595588235294,2.9310661764705883,1.2977941176470589,0.6875,930.2003676470588,0.0,0.0,0.7950367647058824,0.3602941176470588,0.43474264705882354,0.0,0.9255514705882353
154,2047.8213925327952,4.898890010090818,1.717457114026236,2.4712411705348134,1.7144298688193744,0.686175580221998,852.3985872855701,0.0,0.0,0.5166498486377397,0.27547931382441976,0.24117053481331988,0.0,0.9475277497477296
155,2103.0887096774195,0.36582437275985663,2.778673835125448,2.336021505376344,1.5134408602150538,0.6057347670250897,907.7849462365591,0.0,0.0,1.385304659498208,0.6586021505376344,0.7267025089605734,0.0,0.9865591397849462
156,2044.1908023483365,7.380371819960861,3.073385518590998,2.8268101761252447,1.2524461839530332,0.7084148727984344,908.866927592955,0.0,0.0,1.4970645792563602,0.7221135029354208,0.7749510763209393,0.0,0.8923679060665362
157,2047.4057084607543,3.818970438328236,2.165137614678899,2.6605504587155964,1.5963302752293578,0.6534148827726809,912.6727828746177,0.0,0.0,0.9887869520897044,0.528032619775739,0.46075433231396534,0.0,0.9520897043832823
158,2094.0401785714284,-0.05677678571428571,2.536607142857143,2.5517857142857143,1.5044642857142858,0.6169642857142857,915.6151785714286,0.0,0.0,1.4848214285714285,0.6794642857142857,0.8053571428571429,0.0,0.9866071428571429
159,2055.5071174377226,5.892250889679715,2.531138790035587,2.706405693950178,1.3896797153024911,0.6574733096085409,933.2072953736655,0.0,0.0,1.6921708185053381,0.8158362989323843,0.8763345195729537,0.0,0.9074733096085409
160,2101.4614549402822,-0.38869706840390883,1.6905537459283388,2.577633007600434,1.733984799131379,0.5982627578718784,895.8946796959826,0.0,0.0,1.3170466883821932,0.5863192182410424,0.7307274701411509,0.0,0.996742671009772
161,2060.1476793248944,1.328892405063291,2.839662447257384,2.411392405063291,1.2974683544303798,0.6107594936708861,903.4071729957806,0.0,0.0,1.2879746835443038,0.6434599156118144,0.6445147679324894,0.0,0.9820675105485233
162,2053.5520231213873,3.7081406551059732,2.6647398843930636,2.6165703275529864,1.3921001926782273,0.6791907514450867,927.2389210019268,0.0,0.0,1.142581888246628,0.5770712909441233,0.5655105973025049,0.0,0.9527938342967245
163,2067.6745506149477,1.6995553453169348,1.4153263954588458,2.8637653736991484,1.7228003784295176,0.6083254493850521,955.228949858089,0.0,0.0,1.032166508987701,0.5203405865657521,0.5118259224219489,0.0,0.9687795648060549
164,2064.7493087557605,0.2942027649769586,2.880184331797235,2.278341013824885,1.5078341013824885,0.6184331797235023,934.052534562212,0.0,0.0,1.4414746543778802,0.7852534562211981,0.656221198156682,0.0,0.9834101382488479
165,2059.855465221319,3.329855465221319,2.903342366757001,2.6224028906955734,1.4299909665763324,0.6458897922312556,898.6440831074977,0.0,0.0,1.7280939476061428,0.8717253839205059,0.8563685636856369,0.0,0.9322493224932249
166,2064.7972251867664,1.49940234791889,1.7652081109925293,2.6435432230522946,1.534685165421558,0.6339381003201707,894.8260405549627,0.0,0.0,0.9178228388473852,0.5613660618996799,0.35645677694770544,0.0,0.9754535752401281
167,2095.3047711781887,0.07776046738072055,2.8149951314508277,2.735150925024343,1.2833495618305746,0.6192794547224927,921.7361246348588,0.0,0.0,1.1080817916260954,0.5131450827653359,0.5949367088607594,0.0,0.98539435248296
168,2053.59628975265,4.563719081272085,2.432862190812721,2.857773851590106,1.387809187279152,0.6298586572438163,926.577738515901,0.0,0.0,1.657243816254417,0.8401060070671378,0.8171378091872792,0.0,0.9196113074204947
169,2064.229759299781,2.6250875273522976,1.676148796498906,2.852297592997812,1.5404814004376368,0.6925601750547046,940.7921225382933,0.0,0.0,1.2658643326039387,0.6214442013129103,0.6444201312910285,0.0,0.962800875273523
170,2112.0223880597014,0.2347388059701493,2.656716417910448,2.537313432835821,1.439365671641791,0.6194029850746269,930.0578358208955,0.0,0.0,1.7080223880597014,0.8302238805970149,0.8777985074626866,0.0,0.9888059701492538
171,2068.9747983870966,5.3640020161290325,2.745967741935484,2.878024193548387,1.248991935483871,0.7147177419354839,930.4858870967741,0.0,0.0,1.2389112903225807,0.5836693548387096,0.655241935483871,0.0,0.9233870967741935
172,2113.1558164354324,0.20532550693703308,1.5699039487726787,2.2689434364994665,1.951974386339381,0.6286019210245464,906.3970117395944,0.0,0.0,1.2294557097118464,0.6189967982924226,0.6104589114194237,0.0,0.9893276414087513
173,2112.636775362319,-0.3199909420289855,2.4067028985507246,2.8550724637681157,1.335144927536232,0.5643115942028986,964.3641304347826,0.0,0.0,1.1730072463768115,0.6195652173913043,0.5534420289855072,0.0,0.9936594202898551
174,2073.105513307985,5.919249049429658,2.8517110266159698,2.606463878326996,1.317490494296578,0.6701520912547528,906.3032319391635,0.0,0.0,2.3517110266159698,1.067490494296578,1.2842205323193916,0.0,0.9011406844106464
175,2093.2328767123286,2.663888303477344,1.6638566912539516,2.600632244467861,1.7060063224446786,0.6880927291886196,888.4531085353003,0.0,0.0,2.2739726027397262,1.1285563751317176,1.1454162276080084,0.0,0.9599578503688093
176,2105.3531746031745,0.32663690476190477,2.9652777777777777,2.7867063492063493,1.1944444444444444,0.6696428571428571,952.0406746031746,0.0,0.0,2.423611111111111,1.2242063492063493,1.1994047619047619,0.0,0.9851190476190477
177,2047.9792899408285,6.6215483234714005,2.78698224852071,2.8323471400394475,1.2396449704142012,0.7149901380670611,911.4457593688363,0.0,0.0,2.096646942800789,1.0364891518737673,1.0601577909270217,0.0,0.9122287968441815
178,2084.7190900098913,0.7717111770524234,1.3600395647873393,2.8239366963402572,1.8298714144411474,0.5637982195845698,865.0524233432245,0.0,0.0,1.5509396636993076,0.8348170128585559,0.7161226508407518,0.0,0.9851632047477745
179,2101.6031434184674,1.674489194499018,2.4410609037328093,2.8133595284872297,1.2868369351669942,0.6021611001964636,902.1188605108055,0.0,0.0,2.200392927308448,1.0697445972495088,1.1306483300589392,0.0,0.9774066797642437
180,2087.5736086175943,3.6622262118491924,2.253141831238779,2.9299820466786355,1.2953321364452424,0.6032315978456014,846.6687612208259,0.0,0.0,2.291741472172352,1.132854578096948,1.158886894075404,0.0,0.9461400359066428
181,2093.5044776119403,1.2376517412935322,1.2835820895522387,2.6228855721393036,1.7253731343283583,0.5810945273631841,862.1124378109453,0.0,0.0,1.8547263681592039,0.9203980099502488,0.9343283582089552,0.0,0.9761194029850746
182,2084.3624031007753,0.10183139534883723,2.679263565891473,2.686046511627907,1.322674418604651,0.6385658914728682,859.2664728682171,0.0,0.0,2.500968992248062,1.130813953488372,1.37015503875969,0.0,0.9883720930232558
183,2057.2799625468165,5.7277902621722845,2.4719101123595504,3.155430711610487,1.1891385767790261,0.6816479400749064,870.4250936329588,0.0,0.0,2.855805243445693,1.349250936329588,1.506554307116105,0.0,0.9119850187265918
184,2073.959227467811,3.7483369098712442,1.6512875536480687,2.7060085836909873,1.507510729613734,0.6384120171673819,876.7736051502146,0.0,0.0,3.007510729613734,1.342274678111588,1.6652360515021458,0.0,0.9592274678111588
185,2102.516007532957,0.7363653483992467,2.4001883239171375,2.684557438794727,1.3879472693032016,0.6139359698681732,876.7655367231638,0.0,0.0,3.416195856873823,1.5753295668549905,1.8408662900188324,0.0,0.9821092278719398
186,2082.913913913914,5.571701701701702,2.7187187187187187,2.991991991991992,1.1191191191191192,0.7137137137137137,875.1261261261261,0.0,0.0,3.5695695695695697,1.7927927927927927,1.7767767767767768,0.0,0.914914914914915
187,2090.156469408225,1.6960682046138416,1.79839518555667,2.909729187562688,1.5757271815446339,0.649949849548646,895.60481444333,0.0,0.0,2.571715145436309,1.332998996990973,1.238716148445336,0.0,0.966900702106319
188,2154.901896125309,0.23078318219291014,2.4361088211046993,2.7056883759274526,1.4905193734542457,0.5309150865622424,910.0222588623249,0.0,0.0,3.1591096455070073,1.4212695795548227,1.7378400659521847,0.0,0.9868095630667766
189,2079.0268714011518,6.951525911708253,2.498080614203455,3.049904030710173,1.2687140115163147,0.6708253358925144,884.9280230326295,0.0,0.0,3.173704414587332,1.5412667946257197,1.6324376199616122,0.0,0.9078694817658349
190,2185.7977736549165,0.247569573283859,1.5807050092764379,2.6929499072356213,1.6846011131725418,0.5454545454545454,902.7625231910946,0.0,0.0,3.2050092764378477,1.5909090909090908,1.614100185528757,0.0,0.9879406307977736
191,2105.777777777778,2.19406162464986,2.641456582633053,2.642390289449113,1.3099906629318394,0.5919701213818861,987.3772175536882,0.0,0.0,2.443510737628385,1.1185807656395892,1.3249299719887955,0.0,0.9757236227824463
192,2086.741020793951,3.0649527410207944,2.4725897920604916,2.7032136105860114,1.4338374291115312,0.6351606805293005,909.9546313799622,0.0,0.0,2.275992438563327,1.1351606805293006,1.1408317580340264,0.0,0.9565217391304348
193,2085.4461538461537,2.3833846153846157,1.3723076923076922,3.0625641025641026,1.7384615384615385,0.5948717948717949,955.5558974358975,0.0,0.0,2.9774358974358974,1.4728205128205127,1.5046153846153847,0.0,0.9620512820512821
194,2119.8183421516756,0.4021252204585538,2.5881834215167547,2.4285714285714284,1.3888888888888888,0.5740740740740741,946.1922398589065,0.0,0.0,4.857142857142857,2.2116402116402116,2.6455026455026456,0.0,0.9797178130511464
195,2088.80538662033,4.069687228496959,2.3822762814943528,2.696785403996525,1.4847958297132928,0.6264118158123371,949.5482189400522,0.0,0.0,4.146828844483058,2.0990443092962643,2.047784535186794,0.0,0.9304952215464813
196,2127.280991735537,0.35088842975206613,1.7117768595041323,2.7665289256198347,1.6435950413223142,0.6363636363636364,961.5971074380166,0.0,0.0,4.017561983471074,2.0289256198347108,1.9886363636363635,0.0,0.9855371900826446
197,2122.895644283122,0.16526315789473683,2.4646098003629766,2.5998185117967334,1.4165154264972777,0.5553539019963702,970.6524500907441,0.0,0.0,4.73502722323049,2.3602540834845733,2.3747731397459164,0.0,0.9827586206896551
198,2072.5792933442895,4.097387017255547,2.1470829909613802,2.8931799506984386,1.4207066557107642,0.5768282662284305,951.1084634346754,0.0,0.0,4.238290879211175,2.135579293344289,2.102711585866886,0.0,0.9227608874281019
199,2096.5378071833647,2.6220510396975425,1.3988657844990549,2.8223062381852553,1.6446124763705103,0.5793950850661626,957.5529300567108,0.0,0.0,4.695652173913044,2.3459357277882797,2.3497164461247637,0.0,0.9517958412098299
200,2113.9694719471945,0.6963448844884489,2.3597359735973598,2.2797029702970297,1.6526402640264026,0.5750825082508251,959.4364686468647,0.0,0.0,4.755775577557756,2.1881188118811883,2.567656765676568,0.0,0.9851485148514851
201,2043.1419413919414,6.900567765567765,2.5155677655677655,2.6767399267399266,1.3928571428571428,0.6336996336996337,982.6291208791209,0.0,0.0,4.3992673992674,2.0741758241758244,2.3250915750915753,0.0,0.8992673992673993
202,2088.104707012488,-0.012660902977905826,1.5984630163304514,2.3525456292026896,2.0393852065321805,0.5590778097982709,1026.3525456292027,0.0,0.0,3.698366954851105,1.8107588856868395,1.8876080691642652,0.0,0.9875120076849183
203,2081.450465707028,-0.19403048264182896,2.258255715495343,2.618966977138019,1.5292125317527518,0.5376799322607959,1018.9034716342082,0.0,0.0,2.6502963590177817,1.3827265029635902,1.2675698560541913,0.0,0.9906858594411516
204,2066.679104477612,4.513681592039801,2.601990049751244,2.4286898839137647,1.5066334991708126,0.6218905472636815,963.2985074626865,0.0,0.0,4.101990049751244,1.9975124378109452,2.1044776119402986,0.0,0.9087893864013267
205,2061.817629179331,3.342026342451874,1.6646403242147922,2.56838905775076,1.8743667679837892,0.6160081053698075,990.3394123606889,0.0,0.0,3.818642350557244,1.8389057750759878,1.9797365754812564,0.0,0.961499493414387
206,2086.9919427036707,0.17973142345568488,2.6974037600716203,2.4583706356311548,1.4297224709042078,0.5604297224709042,1011.6606982990152,0.0,0.0,4.20053715308863,2.1029543419874663,2.0975828111011636,0.0,0.9838854073410922
207,2046.0856643356644,5.481398601398602,2.9152097902097904,2.611888111888112,1.4082167832167831,0.6311188811188811,1001.0620629370629,0.0,0.0,4.523601398601398,2.2316433566433567,2.291958041958042,0.0,0.9134615384615384
208,2066.527752502275,2.810837124658781,1.4795268425841674,2.5359417652411285,1.9872611464968153,0.5559599636032757,1033.3202911737944,0.0,0.0,2.175614194722475,1.0791628753412192,1.0964513193812557,0.0,0.9645131938125568
209,2095.092863284609,0.5191659501289767,2.434221840068788,2.650902837489252,1.5004299226139295,0.5408426483233018,1032.1504729148753,0.0,0.0,3.4273430782459156,1.5631986242476354,1.8641444539982803,0.0,0.9810834049871023
210,2062.926359832636,4.503732217573222,2.474476987447699,2.7573221757322175,1.4100418410041842,0.6242677824267783,1007.947280334728,0.0,0.0,3.5456066945606692,1.7263598326359832,1.8192468619246862,0.0,0.9246861924686193
211,2081.1120080726537,3.8062663975782036,1.3097880928355197,2.508577194752775,1.9808274470232088,0.6064581231079718,989.6387487386478,0.0,0.0,3.5489404641775986,1.7124117053481331,1.8365287588294652,0.0,0.9545913218970736
212,2095.1267962806423,0.85385460693153,2.499577345731192,2.459847844463229,1.4970414201183433,0.558748943364328,1016.5325443786983,0.0,0.0,3.0321217244294165,1.430262045646661,1.6018596787827557,0.0,0.9847844463229078
213,2052.631836734694,3.818383673469388,2.3624489795918366,2.9706122448979593,1.3265306122448979,0.6138775510204082,1037.4155102040816,0.0,0.0,2.1510204081632653,1.0114285714285713,1.1395918367346938,0.0,0.9314285714285714
214,2055.464154411765,2.5514522058823528,1.5284926470588236,2.3832720588235294,1.9770220588235294,0.5955882352941176,1030.9742647058824,0.0,0.0,2.0689338235294117,1.0983455882352942,0.9705882352941176,0.0,0.9623161764705882
215,2088.439480097482,0.284191714053615,2.3346872461413484,2.4248578391551585,1.6506904955320878,0.5556458164094232,1021.710804224208,0.0,0.0,2.257514216084484,1.0942323314378555,1.1632818846466288,0.0,0.9861900893582454
216,2065.88855721393,4.652059701492537,2.7771144278606967,2.8308457711442787,1.3303482587064677,0.6786069651741293,1027.555223880597,0.0,0.0,2.6885572139303484,1.208955223880597,1.4796019900497512,0.0,0.9243781094527364
217,2053.932221063608,3.052179353493222,1.8248175182481752,2.531803962460897,1.6360792492179352,0.629822732012513,1008.4171011470281,0.0,0.0,1.7705943691345152,0.835245046923879,0.935349322210636,0.0,0.9708029197080292
218,2094.7590837282783,0.08097156398104267,2.3001579778830963,2.5473933649289098,1.646919431279621,0.514218009478673,1050.2266982622432,0.0,0.0,2.441548183254344,1.1477093206951028,1.2938388625592416,0.0,0.9849921011058452
219,2046.015570934256,7.154896193771626,2.438581314878893,2.839100346020761,1.393598615916955,0.6539792387543253,1008.1185121107267,0.0,0.0,2.6972318339100347,1.3477508650519032,1.3494809688581315,0.0,0.9065743944636678
220,2072.1308411214955,2.7154766355140185,1.6962616822429906,2.642056074766355,1.763551401869159,0.5663551401869159,992.918691588785,0.0,0.0,2.2074766355140185,1.080373831775701,1.1271028037383177,0.0,0.9672897196261683
221,2067.7597173144877,1.6696731448763251,2.601590106007067,2.432862190812721,1.5035335689045937,0.5803886925795053,1017.76148409894,0.0,0.0,1.8604240282685511,0.857773851590106,1.0026501766784452,0.0,0.9734982332155477
222,2037.595623987034,4.4628768233387355,2.5615883306320906,2.594003241491086,1.5226904376012966,0.6231766612641815,1017.7844408427877,0.0,0.0,1.4716369529983793,0.7155591572123177,0.7560777957860616,0.0,0.9246353322528363
223,2056.8582834331337,2.4804790419161677,1.3263473053892216,2.7864271457085827,1.8193612774451098,0.592814371257485,1030.9311377245508,0.0,0.0,1.3103792415169662,0.654690618762475,0.655688622754491,0.0,0.9750499001996008
224,2092.234627831715,0.46007281553398055,2.5202265372168284,2.3697411003236244,1.5736245954692556,0.4975728155339806,1041.794498381877,0.0,0.0,1.63915857605178,0.7694174757281553,0.8697411003236246,0.0,0.9862459546925566
225,2056.3240445859874,4.580724522292994,2.5127388535031847,2.678343949044586,1.4538216560509554,0.5883757961783439,1042.1385350318471,0.0,0.0,2.050955414012739,0.9856687898089171,1.0652866242038217,0.0,0.9156050955414012
226,2071.698731501057,0.7997991543340379,1.7938689217758985,2.890063424947146,1.547568710359408,0.645877378435518,1040.6268498942918,0.0,0.0,1.9291754756871036,0.9566596194503171,0.9725158562367865,0.0,0.9799154334038055
227,2077.2488393686167,0.5595914577530177,2.5858867223769733,2.741875580315692,1.3797585886722377,0.5738161559888579,1041.9545032497679,0.0,0.0,2.2404828226555247,1.0696378830083566,1.170844939647168,0.0,0.9888579387186629
228,2056.881012658228,4.805518987341772,2.371308016877637,3.0050632911392405,1.409282700421941,0.6362869198312237,1028.5856540084387,0.0,0.0,2.0632911392405062,1.1240506329113924,0.9392405063291139,0.0,0.9282700421940928
229,2053.794459338695,3.273118856121537,1.5245755138516532,2.7229669347631815,1.6997319034852547,0.5915996425379804,988.5969615728329,0.0,0.0,1.7622877569258266,0.9177837354781054,0.8445040214477212,0.0,0.9571045576407506
230,2084.5193602693603,0.34674242424242424,2.355218855218855,2.446127946127946,1.57996632996633,0.5833333333333334,1005.75,0.0,0.0,2.073232323232323,0.98989898989899,1.0833333333333333,0.0,0.9873737373737373
231,2052.8925193465175,5.51414445399828,2.5184866723989683,2.707652622527945,1.4307824591573517,0.6405846947549441,1007.9441100601891,0.0,0.0,1.874462596732588,0.8744625967325881,1.0,0.0,0.9114359415305245
232,2063.290843806104,1.674847396768402,1.656193895870736,2.3850987432675046,2.0421903052064634,0.5637342908438061,1017.9901256732495,0.0,0.0,1.4901256732495511,0.781867145421903,0.7082585278276481,0.0,0.973967684021544
233,2084.90916597853,0.3836581337737407,2.3451692815854663,2.7109826589595376,1.518579686209744,0.5458298926507019,1017.6688687035507,0.0,0.0,2.0255986787778695,0.9975227085053675,1.028075970272502,0.0,0.9867877786952931
234,2064.098184818482,4.198473597359736,2.617161716171617,2.4042904290429044,1.5594059405940595,0.6229372937293729,969.9678217821782,0.0,0.0,1.6386138613861385,0.9034653465346535,0.7351485148514851,0.0,0.9117161716171617
235,2072.99376114082,3.0889304812834224,1.6372549019607843,2.533868092691622,1.9055258467023173,0.5597147950089126,965.8083778966131,0.0,0.0,1.2094474153297683,0.6452762923351159,0.5641711229946524,0.0,0.964349376114082
236,2071.5772357723577,0.9033242999096657,2.6513098464317975,2.5447154471544717,1.4959349593495934,0.5853658536585366,949.5239385727191,0.0,0.0,0.9376693766937669,0.48057813911472447,0.45709123757904246,0.0,0.981029810298103
237,2043.9827734711455,5.427700258397933,2.636520241171404,2.664944013781223,1.3910422049956934,0.6080964685615848,940.4013781223083,0.0,0.0,1.0594315245478036,0.5004306632213609,0.5590008613264428,0.0,0.9147286821705426
238,2059.171581769437,2.621608579088472,1.3762287756925826,2.7363717605004467,1.997319034852547,0.5880250223413762,977.4906166219839,0.0,0.0,0.7971403038427167,0.39946380697050937,0.39767649687220735,0.0,0.9588918677390528
239,2122.3108348134992,0.2669360568383659,2.403197158081705,2.630550621669627,1.5124333925399644,0.58348134991119,1005.6856127886323,0.0,0.0,1.5772646536412078,0.7628774422735346,0.8143872113676732,0.0,0.9875666074600356
240,2064.9026622296174,4.2362728785357735,2.3618968386023296,2.843594009983361,1.4708818635607321,0.6239600665557404,966.7046589018303,0.0,0.0,1.3876871880199668,0.6780366056572379,0.7096505823627288,0.0,0.9251247920133111
241,2079.3677685950415,-0.2118595041322314,1.328512396694215,2.7334710743801653,1.93698347107438,0.6115702479338843,1035.982438016529,0.0,0.0,0.7923553719008265,0.39979338842975204,0.3925619834710744,0.0,0.984504132231405
242,2072.221269296741,0.20523156089193823,2.5283018867924527,2.5034305317324184,1.6166380789022299,0.5403087478559176,1002.6149228130361,0.0,0.0,0.9356775300171527,0.4725557461406518,0.4631217838765009,0.0,0.9871355060034306
243,2042.8133445945946,4.7845270270270275,2.4907094594594597,2.924831081081081,1.414695945945946,0.6233108108108109,1007.143581081081,0.0,0.0,1.2677364864864864,0.5548986486486487,0.7128378378378378,0.0,0.9172297297297297
244,2087.166189111748,1.5233428844317096,1.5988538681948423,2.4240687679083095,1.9875835721107928,0.5673352435530086,963.9426934097421,0.0,0.0,1.4613180515759312,0.7488061127029608,0.7125119388729704,0.0,0.9761222540592168
245,2088.0789707187223,1.669858030168589,2.43566992014197,2.3815439219165926,1.7249334516415262,0.5705412599822538,941.449866903283,0.0,0.0,1.9911268855368234,0.9547471162377995,1.036379769299024,0.0,0.9760425909494232
246,2063.4208223972005,5.794251968503937,2.7182852143482066,2.7620297462817147,1.3805774278215224,0.6412948381452318,945.7541557305337,0.0,0.0,1.7550306211723534,0.8880139982502188,0.8670166229221348,0.0,0.9046369203849519
247,2066.9234972677596,4.123451730418943,2.0382513661202184,2.759562841530055,1.6948998178506376,0.5965391621129326,961.103825136612,0.0,0.0,1.3916211293260474,0.7067395264116576,0.6848816029143898,0.0,0.9480874316939891
248,2095.6033950617284,0.2944058641975309,2.386574074074074,2.496141975308642,1.6851851851851851,0.5439814814814815,973.4783950617284,0.0,0.0,1.5023148148148149,0.7824074074074074,0.7199074074074074,0.0,0.9837962962962963
249,2056.4116140051237,5.869940222032451,2.3825789923142615,2.650725875320239,1.5721605465414177,0.6575576430401366,971.2561912894962,0.0,0.0,1.502134927412468,0.7429547395388557,0.7591801878736123,0.0,0.8983774551665243
250,2076.018292682927,4.060233739837399,1.7073170731707317,2.540650406504065,1.8648373983739837,0.6371951219512195,931.7977642276422,0.0,0.0,1.6839430894308942,0.8211382113821138,0.8628048780487805,0.0,0.959349593495935
251,2085.994589720469,-0.08419296663660952,2.465284039675383,2.4752028854824166,1.5653742110009017,0.5978358881875564,974.2272317403066,0.0,0.0,1.2479711451758342,0.5924256086564472,0.6555455365193869,0.0,0.9846708746618575
252,2036.2606800348735,6.114768962510898,2.6538796861377505,2.5387968613775067,1.4882301656495205,0.6660854402789886,946.6617262423714,0.0,0.0,1.0392327811682651,0.4838709677419355,0.5553618134263295,0.0,0.9040976460331299
253,2070.4094412331406,1.2220038535645472,1.5038535645472062,2.882466281310212,1.884393063583815,0.5722543352601156,958.0876685934489,0.0,0.0,1.0934489402697496,0.5452793834296724,0.5481695568400771,0.0,0.9710982658959537
254,2084.007468879668,1.4746970954356846,2.658091286307054,2.2340248962655602,1.633195020746888,0.5402489626556016,970.6771784232366,0.0,0.0,1.8780082987551867,0.9726141078838174,0.9053941908713693,0.0,0.9742738589211618
255,2058.571774193548,4.595056451612903,2.514516129032258,2.6201612903225806,1.5362903225806452,0.6346774193548387,948.2201612903226,0.0,0.0,1.835483870967742,0.8766129032258064,0.9588709677419355,0.0,0.9201612903225806
256,2049.3059177532596,5.280762286860582,1.9448345035105317,2.8625877632898695,1.683049147442327,0.7442326980942828,946.4864593781344,0.0,0.0,1.4082246740220663,0.7101303911735206,0.6980942828485457,0.0,0.9388164493480441
257,2127.1477876106196,0.8534601769911505,2.646017699115044,2.5964601769911506,1.4398230088495576,0.6557522123893805,976.4530973451327,0.0,0.0,1.9716814159292035,0.9548672566371681,1.0168141592920354,0.0,0.984070796460177
258,2063.193333333333,3.2599333333333336,2.39,3.0416666666666665,1.4941666666666666,0.66,980.385,0.0,0.0,1.2383333333333333,0.59,0.6483333333333333,0.0,0.9316666666666666
259,2092.364705882353,3.4172058823529414,1.5588235294117647,2.9745098039215687,1.8205882352941176,0.6421568627450981,993.1774509803921,0.0,0.0,1.3627450980392157,0.6254901960784314,0.7372549019607844,0.0,0.953921568627451
260,2088.2447611064545,1.3622464375523888,2.4140821458507964,2.408214585079631,1.6395641240569991,0.6001676445934618,992.907795473596,0.0,0.0,2.2414082145850798,1.1014249790444257,1.1399832355406538,0.0,0.9790444258172674
261,2038.9389038634322,4.545274034141959,2.6756513926325245,2.812219227313567,1.4438454627133872,0.7088948787061995,1014.3270440251572,0.0,0.0,1.3279424977538186,0.6702605570530099,0.6576819407008087,0.0,0.9155435759209344
262,2048.138913624221,3.6371504897595726,1.7809439002671417,2.2493321460374,1.9919857524487978,0.5805877114870882,984.6776491540517,0.0,0.0,0.6313446126447017,0.3508459483526269,0.2804986642920748,0.0,0.9554764024933214
263,2069.5811158798283,-0.1590472103004292,2.4669527896995707,2.6489270386266095,1.632618025751073,0.5759656652360515,1048.122746781116,0.0,0.0,1.0575107296137338,0.5055793991416309,0.551931330472103,0.0,0.9905579399141631
264,2043.8291497975708,4.555384615384615,2.700404858299595,2.3303643724696355,1.5902834008097166,0.5991902834008097,1032.6137651821862,0.0,0.0,1.0890688259109311,0.5530364372469636,0.5360323886639676,0.0,0.9157894736842105
265,2046.0939420544337,4.773283582089553,1.733099209833187,2.70324846356453,2.029850746268657,0.5943810359964882,1016.0298507462686,0.0,0.0,1.0553116769095698,0.5232660228270413,0.5320456540825286,0.0,0.9482001755926251
266,2058.8127896200185,1.7861075069508805,3.091751621872104,2.4606116774791476,1.6144578313253013,0.6682113067655236,1032.06765523633,0.0,0.0,1.0064874884151993,0.4902687673772011,0.5162187210379982,0.0,0.9749768303985171
267,2032.9373412362404,4.798450465707028,2.8374259102455546,2.81541066892464,1.5012701100762067,0.632514817950889,1019.6799322607959,0.0,0.0,1.140558848433531,0.5554614733276884,0.5850973751058425,0.0,0.9212531752751905
268,2040.868068833652,3.974713193116635,1.4416826003824093,2.6453154875717018,2.224665391969407,0.6261950286806883,991.2390057361376,0.0,0.0,0.5850860420650096,0.33747609942638623,0.24760994263862332,0.0,0.9541108986615678
269,2073.4173622704507,1.0837061769616025,2.4624373956594323,2.664440734557596,1.5634390651085142,0.6076794657762938,1030.542570951586,0.0,0.0,1.0559265442404007,0.506677796327212,0.5492487479131887,0.0,0.9757929883138564
270,2065.1691056910568,3.9810650406504067,2.491869918699187,2.8495934959349594,1.6,0.667479674796748,1029.760975609756,0.0,0.0,1.1300813008130082,0.5121951219512195,0.6178861788617886,0.0,0.9235772357723577
271,2021.7124631992149,8.520677134445535,1.492639842983317,2.7674190382728163,2.169774288518155,0.6938174681059862,1031.8635917566241,0.0,0.0,0.5868498527968596,0.3277723258096173,0.2590775269872424,0.0,0.9254170755642787
272,2085.833729216152,1.2828503562945368,2.454473475851148,2.3681710213776723,1.8131433095803642,0.5732383214568487,1028.9794140934284,0.0,0.0,1.0292953285827395,0.4592240696753761,0.5700712589073634,0.0,0.9817893903404592
273,2039.8451043338684,3.980401284109149,2.4719101123595504,3.0208667736757624,1.4686998394863564,0.608346709470305,1045.8555377207063,0.0,0.0,0.8290529695024077,0.38202247191011235,0.44703049759229535,0.0,0.9317817014446228
274,2059.1760070052537,2.703528896672504,1.6786339754816113,2.540280210157618,2.073555166374781,0.5192644483362522,1016.984238178634,0.0,0.0,0.8450087565674256,0.425569176882662,0.4194395796847636,0.0,0.9614711033274956
275,2075.8033898305084,1.254364406779661,2.473728813559322,2.386440677966102,1.7771186440677966,0.5635593220338984,985.1805084745763,0.0,0.0,0.9686440677966102,0.4559322033898305,0.5127118644067796,0.0,0.9805084745762712
276,2044.5936952714535,6.9906654991243435,2.999124343257443,2.916812609457093,1.3756567425569177,0.6865148861646234,996.1471103327495,0.0,0.0,1.203152364273205,0.5157618213660246,0.6873905429071804,0.0,0.9054290718038529
277,2055.960877862595,4.704188931297709,1.9341603053435115,2.594465648854962,1.8587786259541985,0.6192748091603053,1008.0677480916031,0.0,0.0,1.157442748091603,0.5830152671755725,0.5744274809160306,0.0,0.9522900763358778
278,2087.2459935897436,0.00810096153846155,2.4358974358974357,2.5184294871794872,1.842147435897436,0.5697115384615384,1005.3822115384615,0.0,0.0,1.2540064102564104,0.6057692307692307,0.6482371794871795,0.0,0.9855769230769231
279,2037.6326148078726,7.480402999062793,2.444236176194939,2.994376757263355,1.507029053420806,0.711340206185567,996.668228678538,0.0,0.0,1.3064667291471415,0.6016869728209935,0.7047797563261481,0.0,0.8931583880037488
280,2070.332057416268,2.6215598086124405,1.7167464114832536,3.111004784688995,1.9043062200956937,0.6248803827751196,959.2622009569378,0.0,0.0,0.9837320574162679,0.40956937799043064,0.5741626794258373,0.0,0.969377990430622
281,2057.919770773639,1.645243553008596,2.8376313276026743,2.714422158548233,1.5998089780324738,0.6752626552053486,986.3533906399236,0.0,0.0,0.9646609360076409,0.4469914040114613,0.5176695319961796,0.0,0.9818529130850048
282,2037.4846153846154,5.546162393162393,2.7034188034188036,2.6205128205128205,1.6042735042735043,0.6418803418803419,975.4700854700855,0.0,0.0,1.0324786324786326,0.4675213675213675,0.564957264957265,0.0,0.9
283,2040.6669724770643,3.7983761467889905,1.5422018348623854,2.8321100917431195,1.8596330275229358,0.6174311926605505,985.6724770642202,0.0,0.0,0.5715596330275229,0.28256880733944956,0.2889908256880734,0.0,0.9504587155963303
284,2079.8646179401994,-0.19274086378737543,2.729235880398671,2.398671096345515,1.7225913621262459,0.5764119601328903,941.2823920265781,0.0,0.0,1.3372093023255813,0.6204318936877077,0.7167774086378738,0.0,0.9867109634551495
285,2043.1323529411766,4.082377450980392,2.633986928104575,2.68218954248366,1.5857843137254901,0.6397058823529411,943.2622549019608,0.0,0.0,0.9893790849673203,0.47549019607843135,0.5138888888888888,0.0,0.9093137254901961
286,2060.620481927711,1.9991164658634537,1.9056224899598393,3.0883534136546187,1.7078313253012047,0.6144578313253012,994.527108433735,0.0,0.0,0.9628514056224899,0.5170682730923695,0.4457831325301205,0.0,0.963855421686747
287,2074.763698630137,0.3714897260273972,2.625,2.648116438356164,1.5488013698630136,0.5907534246575342,958.7354452054794,0.0,0.0,1.3869863013698631,0.6823630136986302,0.7046232876712328,0.0,0.9863013698630136
288,2049.8803278688524,2.991016393442623,2.4688524590163934,2.9188524590163936,1.5704918032786885,0.659016393442623,944.6090163934426,0.0,0.0,1.3934426229508197,0.6377049180327868,0.7557377049180328,0.0,0.9295081967213115
289,2056.022395326193,4.925267770204479,1.6747809152872444,3.1986368062317427,1.6932814021421616,0.6085686465433301,961.5170399221032,0.0,0.0,1.3612463485881208,0.6251217137293087,0.7361246348588121,0.0,0.9444985394352483
290,2077.896818572657,0.4727687016337059,2.6190885640584693,2.6087704213241616,1.587274290627687,0.587274290627687,986.2184006878762,0.0,0.0,2.0326741186586412,0.9939810834049871,1.0386930352536543,0.0,0.9905417024935511
291,2028.099915325995,4.998467400508043,2.6502963590177817,2.791701947502117,1.4335309060118544,0.6934801016088061,984.4276037256562,0.0,0.0,1.0160880609652836,0.4911092294665538,0.5249788314987299,0.0,0.8941574936494496
292,2047.1321398124467,2.528132992327366,1.7612958226768969,2.497016197783461,1.9778346121057118,0.5541346973572038,955.3785166240409,0.0,0.0,0.6223358908780904,0.3273657289002558,0.2949701619778346,0.0,0.9710144927536232
293,2064.606544293695,0.3549162011173185,2.450119712689545,2.750997605746209,1.4804469273743017,0.5355147645650439,958.1667996807662,0.0,0.0,0.8874700718276137,0.44692737430167595,0.4405426975259378,0.0,0.9848363926576217
294,2037.236660929432,3.858123924268503,2.7185886402753874,2.46815834767642,1.589500860585198,0.657487091222031,941.9802065404475,0.0,0.0,1.314974182444062,0.6351118760757315,0.6798623063683304,0.0,0.9173838209982789
295,2038.3920595533498,5.599280397022333,1.7377998345740282,2.6989247311827955,1.8751033912324235,0.5814722911497106,923.4077750206783,0.0,0.0,0.9148056244830438,0.43093465674110837,0.4838709677419355,0.0,0.9338296112489661
296,2061.431730769231,0.7906153846153846,3.0923076923076924,2.5528846153846154,1.3875,0.6961538461538461,994.1875,0.0,0.0,1.1163461538461539,0.5134615384615384,0.6028846153846154,0.0,0.9778846153846154
297,2047.218995290424,4.188940345368917,2.8320251177394034,2.682103610675039,1.3571428571428572,0.6051805337519623,970.8932496075353,0.0,0.0,1.446624803767661,0.6821036106750392,0.7645211930926217,0.0,0.9144427001569859
298,2038.0825771324864,4.587377495462795,1.6107078039927405,2.5653357531760435,1.9500907441016333,0.6161524500907442,978.2132486388384,0.0,0.0,0.7486388384754991,0.41560798548094374,0.33303085299455537,0.0,0.9319419237749547
299,2065.1822107081175,1.3116839378238343,2.587219343696028,2.602763385146805,1.4758203799654577,0.5984455958549223,959.7858376511226,0.0,0.0,1.0561312607944733,0.5112262521588946,0.5449050086355786,0.0,0.9723661485319517
300,2076.9333874898457,3.4154102355808287,2.5743298131600323,2.848903330625508,1.554021121039805,0.6393176279447603,1009.4573517465475,0.0,0.0,1.3688058489033306,0.6661251015434606,0.7026807473598701,0.0,0.9220146222583265
301,2039.1628131021196,5.261637764932563,1.3940269749518304,2.640655105973025,1.9344894026974953,0.6820809248554913,941.8949903660887,0.0,0.0,0.6213872832369942,0.3140655105973025,0.30732177263969174,0.0,0.9527938342967245
302,2059.997542997543,1.498255528255528,2.5274365274365276,2.534807534807535,1.6404586404586405,0.6036036036036037,992.5552825552826,0.0,0.0,0.7133497133497133,0.35544635544635544,0.3579033579033579,0.0,0.9811629811629812
303,2045.577906018137,3.3668672712283594,2.578730420445177,3.0346248969497114,1.474855729596043,0.6603462489694971,1002.7477328936521,0.0,0.0,0.7914262159934048,0.3602638087386645,0.4311624072547403,0.0,0.9167353668590272
304,2061.3628546861564,3.7632674118658644,1.6904557179707653,2.5752364574376614,2.0249355116079104,0.5743766122098022,982.2459157351676,0.0,0.0,0.6990541702493551,0.3456577815993121,0.35339638865004297,0.0,0.9544282029234737
305,2069.407195421096,2.0405314799672936,2.5077677841373673,2.4677023712183157,1.616516762060507,0.5780866721177432,970.2894521668029,0.0,0.0,1.0744071954210956,0.5470155355682748,0.5273916598528209,0.0,0.9779231398201145
306,2042.024914089347,6.297285223367697,2.8719931271477663,2.6907216494845363,1.402061855670103,0.647766323024055,993.9046391752578,0.0,0.0,1.0919243986254294,0.506872852233677,0.5850515463917526,0.0,0.8994845360824743
307,2057.056552962298,4.9791292639138245,2.043087971274686,2.5951526032315977,1.720825852782765,0.6059245960502693,982.488330341113,0.0,0.0,1.367145421903052,0.6409335727109515,0.7262118491921006,0.0,0.9416517055655296
308,2057.2664551942903,1.0853528945281523,2.4655035685963522,2.4115781126090403,1.7819191118160191,0.5654242664551943,991.7184773988897,0.0,0.0,0.9651070578905631,0.48057097541633625,0.4845360824742268,0.0,0.9817605075337034
309,2028.8507333908542,5.891130284728214,2.6609145815358066,2.756686798964625,1.5159620362381363,0.6747195858498706,981.4745470232959,0.0,0.0,0.8688524590163934,0.38912855910267474,0.4797238999137187,0.0,0.8912855910267472
310,2059.418323249784,4.2546758859118405,1.818496110630942,2.8176318063958514,1.905790838375108,0.5756266205704408,1003.666378565255,0.0,0.0,1.2981849611063094,0.6162489196197062,0.6819360414866033,0.0,0.9550561797752809
311,2066.696460176991,1.260566371681416,2.7265486725663717,2.466371681415929,1.6345132743362831,0.6141592920353982,971.5672566371682,0.0,0.0,0.9973451327433628,0.47079646017699117,0.5265486725663717,0.0,0.9778761061946902
312,2045.5922887612796,4.835356849876948,2.8063986874487283,2.4339622641509435,1.5742411812961443,0.6398687448728466,995.3002461033634,0.0,0.0,1.0656275635767023,0.5135356849876949,0.5520918785890074,0.0,0.9073010664479081
313,2027.385277246654,5.855258126195029,1.694072657743786,2.855640535372849,1.8240917782026769,0.6309751434034416,992.5152963671128,0.0,0.0,0.6338432122370937,0.3231357552581262,0.3107074569789675,0.0,0.9302103250478011
314,2080.508137432188,0.11251356238698006,2.8508137432188065,2.433996383363472,1.6383363471971066,0.6274864376130199,989.8372513562387,0.0,0.0,1.0831826401446654,0.5605786618444847,0.5226039783001808,0.0,0.9882459312839059
315,2031.9472830494728,5.6016545012165455,2.7453365774533656,2.588807785888078,1.5474452554744527,0.5952960259529603,938.4209245742093,0.0,0.0,1.2116788321167884,0.592051905920519,0.6196269261962692,0.0,0.9010543390105434
316,2053.214018691589,3.238971962616822,1.985981308411215,2.883177570093458,1.722429906542056,0.5794392523364486,975.3205607476635,0.0,0.0,1.1186915887850468,0.5448598130841121,0.5738317757009346,0.0,0.9523364485981308
317,2083.332275971451,1.287279936558287,2.7367168913560667,2.6145915939730373,1.464710547184774,0.5360824742268041,961.9389373513085,0.0,0.0,1.626486915146709,0.7858842188739096,0.8406026962727994,0.0,0.9785884218873909
318,2057.6175078864353,3.7846451104100947,2.472397476340694,2.805993690851735,1.5141955835962144,0.5859621451104101,979.1798107255521,0.0,0.0,1.1537854889589905,0.5583596214511041,0.5954258675078864,0.0,0.9203470031545742
319,2061.495247148289,6.065161596958175,1.758555133079848,2.897338403041825,1.7423954372623573,0.6226235741444867,976.1577946768061,0.0,0.0,1.2899239543726235,0.685361216730038,0.6045627376425855,0.0,0.9439163498098859
320,2095.2773178807947,0.17891556291390728,2.6730132450331126,2.5347682119205297,1.6432119205298013,0.5488410596026491,991.3485099337748,0.0,0.0,1.8518211920529801,0.8741721854304636,0.9776490066225165,0.0,0.9867549668874173
321,2030.4324082363473,6.250608773500448,2.803043867502238,2.812891674127126,1.5004476275738585,0.6651745747538048,1007.6615935541629,0.0,0.0,1.314234556848702,0.6329453894359892,0.6812891674127126,0.0,0.8925693822739481
322,2043.8948306595366,3.819688057040999,1.8012477718360071,2.319964349376114,2.015151515151515,0.551693404634581,1025.549019607843,0.0,0.0,1.1096256684491979,0.5677361853832442,0.5418894830659536,0.0,0.9527629233511586
323,2065.835725677831,2.0115709728867626,2.493620414673046,2.6674641148325358,1.5191387559808613,0.5590111642743222,1008.8508771929825,0.0,0.0,1.4385964912280702,0.7400318979266348,0.6985645933014354,0.0,0.9752791068580542
324,2045.5603015075376,5.473400335008375,2.9991624790619764,2.3911222780569514,1.6113902847571189,0.6482412060301508,983.6499162479062,0.0,0.0,1.254606365159129,0.6348408710217756,0.6197654941373534,0.0,0.9053601340033501
325,2056.5926892950392,5.029956483899043,2.073107049608355,2.7806788511749345,1.8816362053959965,0.5587467362924282,946.9634464751958,0.0,0.0,0.9704090513489991,0.48825065274151436,0.4821583986074848,0.0,0.9434290687554395
326,2076.683111954459,1.1994686907020873,3.376660341555977,2.4667931688804554,1.3927893738140418,0.6394686907020873,987.8899430740038,0.0,0.0,1.1404174573055028,0.532258064516129,0.6081593927893738,0.0,0.9772296015180265
327,2052.840579710145,4.119951690821256,3.1674718196457325,2.635265700483092,1.4508856682769726,0.642512077294686,967.5330112721417,0.0,0.0,1.1763285024154588,0.5466988727858293,0.6296296296296297,0.0,0.9025764895330113
328,2051.3807380738076,4.076282628262827,1.738073807380738,2.6030603060306032,1.963096309630963,0.5625562556255626,948.6435643564356,0.0,0.0,0.9711971197119712,0.47074707470747074,0.5004500450045004,0.0,0.9567956795679567
329,2061.1490683229813,0.3002307009760426,2.7258207630878437,2.574977817213842,1.4986690328305234,0.5643300798580302,966.681455190772,0.0,0.0,0.6042590949423248,0.2759538598047915,0.3283052351375333,0.0,0.9831410825199645
330,2039.390422077922,3.486948051948052,2.7232142857142856,2.8555194805194803,1.5625,0.6022727272727273,976.9918831168832,0.0,0.0,1.047077922077922,0.5032467532467533,0.5438311688311688,0.0,0.9204545454545454
331,2023.9807355516637,6.355709281961471,1.6015761821366024,2.5805604203152366,1.9929947460595447,0.5884413309982487,987.30823117338,0.0,0.0,0.5288966725043783,0.2618213660245184,0.2670753064798599,0.0,0.9264448336252189
332,2053.243862520458,0.8547790507364975,2.5540098199672667,2.4108019639934533,1.711947626841244,0.5761047463175123,1022.6456628477905,0.0,0.0,0.5310965630114566,0.24058919803600654,0.2905073649754501,0.0,0.9828150572831423
333,2030.396302250804,3.8382877813504823,2.5458199356913185,2.9461414790996785,1.4461414790996785,0.5892282958199357,978.1872990353697,0.0,0.0,0.47508038585209006,0.21221864951768488,0.2628617363344051,0.0,0.9196141479099679
334,2044.420017873101,3.350527256478999,1.967828418230563,2.519213583556747,2.124218051831993,0.5576407506702413,997.0545129579982,0.0,0.0,0.42180518319928506,0.21000893655049152,0.21179624664879357,0.0,0.9597855227882037
335,2048.495488105004,0.9600492206726825,2.7506152584085317,2.4036095159967186,1.6062346185397867,0.5578342904019689,979.9901558654635,0.0,0.0,0.41837571780147664,0.20016406890894176,0.21821164889253486,0.0,0.9819524200164069
336,2027.2946902654867,4.239079646017699,3.0690265486725665,2.775221238938053,1.41858407079646,0.6336283185840708,957.2026548672567,0.0,0.0,0.40530973451327434,0.19734513274336282,0.2079646017699115,0.0,0.9194690265486726
337,2028.093537414966,5.16750850340136,2.227891156462585,2.7134353741496597,1.7508503401360545,0.5943877551020408,980.2380952380952,0.0,0.0,0.4226190476190476,0.22959183673469388,0.19302721088435373,0.0,0.9311224489795918
338,2054.021044427124,0.6456274356975837,2.6282151208106,2.5261106780982074,1.6858924395947,0.5720966484801248,992.9610288386594,0.0,0.0,0.7108339828526891,0.35853468433359315,0.35229929851909586,0.0,0.9859703819173812
339,2022.277731442869,5.134745621351127,2.9291075896580483,2.9132610508757297,1.4620517097581318,0.6305254378648875,976.210175145955,0.0,0.0,0.6063386155129274,0.30275229357798167,0.3035863219349458,0.0,0.8932443703085905
340,2051.9016697588127,2.798552875695733,1.862708719851577,2.8701298701298703,1.865491651205937,0.5417439703153989,964.2755102040817,0.0,0.0,0.48237476808905383,0.25788497217068646,0.22448979591836735,0.0,0.9619666048237476
341,2061.4552845528456,0.8871183378500451,2.948509485094851,2.5365853658536586,1.5582655826558265,0.6359530261969286,961.3721770551039,0.0,0.0,0.6214995483288166,0.2935862691960253,0.32791327913279134,0.0,0.979223125564589
342,2034.6768982229403,3.3284248788368336,2.9305331179321485,2.4636510500807756,1.5710823909531502,0.6130856219709209,989.4725363489499,0.0,0.0,0.5363489499192245,0.26009693053311794,0.2762520193861066,0.0,0.9273021001615509
343,2035.4772937905468,4.086923076923077,1.7284522706209453,2.8758109360519,1.7692307692307692,0.5829471733086191,996.3892493049119,0.0,0.0,0.31417979610750696,0.16218721037998146,0.1519925857275255,0.0,0.953660797034291
344,2059.456632653061,0.10562074829931974,2.860544217687075,2.3350340136054424,1.6224489795918366,0.6130952380952381,980.5850340136054,0.0,0.0,0.4421768707482993,0.2032312925170068,0.2389455782312925,0.0,0.9821428571428571
345,2035.9671002295333,3.7472456006120884,2.688599846977812,2.5562356541698548,1.5623565416985463,0.58530986993114,945.5822494261668,0.0,0.0,0.3764345830145371,0.19127773527161437,0.18515684774292274,0.0,0.9250191277735271
346,2050.6204162537165,2.180009910802775,1.9851337958374629,2.902874132804757,1.7274529236868186,0.6075322101090188,928.191278493558,0.0,0.0,0.2794846382556987,0.14370664023785926,0.13577799801783944,0.0,0.9752229930624381
347,2060.4124890061566,0.4500967458223395,2.766051011433597,2.5576077396657872,1.463500439753738,0.5505716798592788,957.0853122251539,0.0,0.0,0.5919085312225154,0.27616534740545295,0.31574318381706246,0.0,0.9841688654353562
348,2042.8712550607288,3.0712874493927127,2.470445344129555,2.834817813765182,1.534412955465587,0.6105263157894737,954.3117408906883,0.0,0.0,0.47692307692307695,0.20566801619433198,0.27125506072874495,0.0,0.9263157894736842
349,2032.5553453169348,4.912894985808894,1.7360454115421002,2.877956480605487,1.8438978240302744,0.6083254493850521,920.0652790917692,0.0,0.0,0.4910122989593188,0.2696310312204352,0.22138126773888364,0.0,0.9375591296121097
350,2055.6803005008346,0.3784557595993322,2.5951585976627713,2.330550918196995,1.7988313856427378,0.5751252086811353,933.7604340567613,0.0,0.0,0.48914858096828046,0.2278797996661102,0.2612687813021703,0.0,0.9841402337228714
351,2020.3683760683762,5.120820512820512,2.798290598290598,2.781196581196581,1.4196581196581197,0.629059829059829,949.042735042735,0.0,0.0,0.32905982905982906,0.16666666666666666,0.1623931623931624,0.0,0.905982905982906
352,2038.6843018213356,4.083156981786644,1.7389418907198613,2.4440589765828276,2.1561144839549002,0.5533391153512576,969.8933217692975,0.0,0.0,0.2992194275802255,0.14050303555941024,0.15871639202081528,0.0,0.9479618386816999
353,2041.5679733110926,2.1919766472060047,2.4403669724770642,2.5879899916597164,1.7097581317764805,0.5988323603002502,948.1526271893244,0.0,0.0,0.46205170975813176,0.23436196830692244,0.22768974145120935,0.0,0.9749791492910759
354,2024.932443703086,4.529666388657214,2.7831526271893243,2.433694745621351,1.688907422852377,0.6313594662218516,937.6522101751459,0.0,0.0,0.38365304420350294,0.1701417848206839,0.213511259382819,0.0,0.9099249374478732
355,2027.933620689655,5.021543103448276,1.7008620689655172,2.581034482758621,2.106896551724138,0.5594827586206896,963.9025862068966,0.0,0.0,0.27413793103448275,0.1560344827586207,0.11810344827586207,0.0,0.9413793103448276
356,2056.7251712328766,0.8941267123287673,2.6857876712328768,2.4297945205479454,1.6327054794520548,0.5856164383561644,938.4768835616438,0.0,0.0,0.523972602739726,0.2243150684931507,0.2996575342465753,0.0,0.9820205479452054
357,2035.7168429617575,3.846899918633035,2.9381611065907243,2.698128559804719,1.451586655817738,0.597233523189585,947.9365337672905,0.0,0.0,0.80553295362083,0.36696501220504474,0.4385679414157852,0.0,0.9243287225386493
358,2046.4328638497652,3.2879154929577465,1.5342723004694836,2.5671361502347416,2.151173708920188,0.6225352112676056,979.7530516431925,0.0,0.0,0.3699530516431925,0.1699530516431925,0.2,0.0,0.9539906103286385
359,2060.549158547387,1.02207263064659,2.58281665190434,2.6262178919397696,1.545615589016829,0.6129317980513729,950.7440212577502,0.0,0.0,0.937112488928255,0.4933569530558016,0.4437555358724535,0.0,0.9760850310008857
360,2033.8615136876006,3.489734299516908,2.5434782608695654,2.816425120772947,1.5982286634460547,0.6239935587761675,950.3687600644122,0.0,0.0,0.6642512077294686,0.33413848631239934,0.33011272141706927,0.0,0.928341384863124
361,2047.8256611165525,2.783790401567091,1.5788442703232126,2.6082272282076397,2.008814887365328,0.6121449559255632,966.5367286973556,0.0,0.0,0.7972575905974535,0.41429970617042117,0.3829578844270323,0.0,0.9676787463271302
362,2042.8894691035682,2.4755352480417754,2.5387293298520452,2.2854656222802436,1.6971279373368147,0.5996518711923412,974.1261966927764,0.0,0.0,0.7824194952132288,0.37597911227154046,0.40644038294168844,0.0,0.9756309834638817
363,2041.020048115477,3.1456696070569365,2.5421010425020047,2.9454691259021653,1.4907778668805132,0.6134723336006416,944.1804330392943,0.0,0.0,0.6118684843624699,0.2598235765838011,0.3520449077786688,0.0,0.9190056134723336
364,2049.56820234869,2.2277235772357726,1.7055103884372178,2.4923215898825655,2.043360433604336,0.5501355013550135,955.4037940379404,0.0,0.0,0.42637759710930445,0.2032520325203252,0.22312556458897922,0.0,0.960252935862692
365,2047.9480198019803,1.7697029702970297,2.287953795379538,2.4183168316831685,1.825082508250825,0.5264026402640264,934.726897689769,0.0,0.0,0.556930693069307,0.2533003300330033,0.30363036303630364,0.0,0.9777227722772277
366,2032.587147887324,5.308644366197183,2.80193661971831,2.8380281690140845,1.4022887323943662,0.6267605633802817,874.0167253521126,0.0,0.0,1.2147887323943662,0.5880281690140845,0.6267605633802817,0.0,0.9075704225352113
367,2053.010298661174,2.103851699279094,1.9794026776519054,2.6920700308959837,1.7734294541709579,0.6014418125643667,939.4572605561277,0.0,0.0,0.7651905252317199,0.41091658084449023,0.35427394438722964,0.0,0.9752832131822863
368,2059.151023890785,-0.05749999999999999,2.318259385665529,2.469283276450512,1.8063139931740615,0.5213310580204779,946.3711604095563,0.0,0.0,0.5443686006825939,0.2781569965870307,0.26621160409556316,0.0,0.9889078498293515
369,2029.0794701986756,3.9898675496688742,2.5836092715231787,2.7119205298013247,1.5165562913907285,0.6009933774834437,890.6953642384105,0.0,0.0,0.5024834437086093,0.2541390728476821,0.24834437086092714,0.0,0.9056291390728477
370,2067.9949135300103,1.2985147507629706,1.636826042726348,2.876907426246185,1.8606307222787386,0.6042726347914548,896.6093591047813,0.0,0.0,0.5106815869786369,0.2746693794506612,0.23601220752797558,0.0,0.9674465920651069
371,2053.8127812781277,0.10483348334833481,2.566156615661566,2.4356435643564356,1.7047704770477048,0.6273627362736274,891.2538253825383,0.0,0.0,0.5076507650765076,0.2664266426642664,0.24122412241224123,0.0,0.9891989198919892
372,2042.3660185967879,2.6192814877430264,2.6754015215553677,2.551141166525782,1.6052409129332206,0.6010143702451395,897.0963651732883,0.0,0.0,0.5705832628909552,0.24767540152155537,0.3229078613693998,0.0,0.9408284023668639
373,2043.1573236889692,3.213887884267631,1.4755877034358047,2.7450271247739604,1.867992766726944,0.593128390596745,860.5216998191681,0.0,0.0,0.47920433996383366,0.22875226039783003,0.2504520795660036,0.0,0.961121157323689
374,2058.971524288107,1.0115996649916248,2.6046901172529315,2.2261306532663316,1.7412060301507537,0.5737018425460636,891.1750418760469,0.0,0.0,1.1197654941373534,0.5301507537688442,0.5896147403685092,0.0,0.9849246231155779
375,2027.271624898949,4.427607113985449,2.565076798706548,2.649151172190784,1.6103476151980598,0.6022635408245756,900.5157639450283,0.0,0.0,0.7566693613581245,0.3767178658043654,0.3799514955537591,0.0,0.9118835893290218
376,2029.2700729927008,7.038894681960375,1.8362877997914495,2.653806047966632,1.8039624608967675,0.6047966631908238,873.2836287799792,0.0,0.0,1.0364963503649636,0.4984358706986444,0.5380604796663191,0.0,0.9311783107403545
377,2063.747841105354,0.12567357512953367,2.6174438687392056,2.602763385146805,1.66580310880829,0.6070811744386874,915.5958549222798,0.0,0.0,0.9032815198618307,0.48013816925734026,0.4231433506044905,0.0,0.9879101899827288
378,2043.774193548387,3.0831077891424075,2.3540519276160503,2.822187254130606,1.5979543666404405,0.6003147128245476,960.8733280881196,0.0,0.0,1.2698662470495672,0.6081825334382376,0.6616837136113297,0.0,0.926829268292683
379,2034.1773356401384,5.19992214532872,1.5025951557093427,2.661764705882353,1.7958477508650519,0.5717993079584776,907.5242214532872,0.0,0.0,1.3771626297577855,0.6349480968858131,0.7422145328719724,0.0,0.9299307958477508
380,2062.8389830508477,0.08505932203389831,2.327966101694915,2.428813559322034,1.7889830508474576,0.5822033898305085,931.6525423728814,0.0,0.0,1.1516949152542373,0.5347457627118644,0.6169491525423729,0.0,0.9906779661016949
381,2022.4965277777778,5.352630208333333,2.650173611111111,2.7109375,1.4748263888888888,0.5842013888888888,895.0598958333334,0.0,0.0,1.796875,0.9513888888888888,0.8454861111111112,0.0,0.9149305555555556
382,2046.1477064220182,3.7923577981651375,1.6339449541284403,2.2972477064220183,2.0926605504587155,0.5660550458715596,905.751376146789,0.0,0.0,1.471559633027523,0.6339449541284403,0.8376146788990826,0.0,0.9596330275229358
383,2066.348245614035,-0.2840438596491228,2.2754385964912283,2.6342105263157896,1.6798245614035088,0.5429824561403509,938.4149122807017,0.0,0.0,0.868421052631579,0.4166666666666667,0.4517543859649123,0.0,0.9912280701754386
384,2043.060782681099,3.0458451290591175,2.781015820149875,2.3830141548709407,1.6036636136552873,0.5878434637801832,945.3671940049958,0.0,0.0,1.3105745212323063,0.6386344712739384,0.671940049958368,0.0,0.9408825978351374
385,2040.221052631579,3.299991228070175,1.756140350877193,2.4780701754385963,1.9596491228070176,0.525438596491228,914.3833333333333,0.0,0.0,0.643859649122807,0.3043859649122807,0.3394736842105263,0.0,0.9596491228070175
386,2066.63436928702,0.7214351005484461,2.9616087751371114,2.3153564899451555,1.5749542961608776,0.5712979890310786,901.0319926873857,0.0,0.0,1.2010968921389398,0.546617915904936,0.6544789762340036,0.0,0.9817184643510055
387,2038.5604203152363,3.6282486865148864,3.042031523642732,2.670753064798599,1.4299474605954465,0.6532399299474606,899.3406304728546,0.0,0.0,1.3003502626970227,0.658493870402802,0.6418563922942206,0.0,0.9246935201401051
388,2051.3207547169814,2.413349056603774,1.5528301886792453,2.7254716981132074,2.078301886792453,0.5801886792452831,903.1188679245283,0.0,0.0,1.230188679245283,0.5613207547169812,0.6688679245283019,0.0,0.9622641509433962
389,2053.4628410159926,0.830131702728128,2.474129821260583,2.622765757290687,1.6340545625587959,0.6048918156161807,877.2154280338664,0.0,0.0,1.1401693320790216,0.5785512699905927,0.561618062088429,0.0,0.9783631232361242
390,2030.1776971894833,4.538703535811423,2.5475974614687216,2.9628286491387126,1.7080689029918403,0.6518585675430644,877.441523118767,0.0,0.0,0.9492293744333635,0.4741613780598368,0.47506799637352676,0.0,0.9301903898458749
391,2054.448,3.52912,1.552,2.781,2.13,0.612,881.444,0.0,0.0,0.682,0.353,0.329,0.0,0.96
392,2067.152454780362,0.6803014642549525,2.5564168819982775,2.4944013781223084,1.7674418604651163,0.5882859603789836,887.0973298880276,0.0,0.0,1.6287683031869078,0.719207579672696,0.9095607235142119,0.0,0.983634797588286
393,2036.1927512355849,4.737289950576606,2.644151565074135,2.9514003294892914,1.4637561779242174,0.5823723228995058,895.3995057660626,0.0,0.0,1.3673805601317957,0.671334431630972,0.6960461285008237,0.0,0.9085667215815486
394,2043.963436928702,4.305831809872029,1.8208409506398537,2.4040219378427787,2.1782449725776964,0.6014625228519196,893.1389396709324,0.0,0.0,1.0457038391224862,0.5594149908592322,0.48628884826325414,0.0,0.9387568555758684
395,2054.9915895710683,1.2739444911690496,2.417157275021026,2.4053826745164004,1.8923465096719934,0.5651808242220353,939.5878889823381,0.0,0.0,0.7249789739276703,0.3902439024390244,0.3347350714886459,0.0,0.9823380992430614
396,2038.0473157415834,3.494140127388535,2.697907188353048,2.7015468607825297,1.4358507734303914,0.5969062784349408,935.221110100091,0.0,0.0,1.0828025477707006,0.5004549590536852,0.5823475887170154,0.0,0.9344858962693358
397,2050.6026743075454,2.294527220630372,2.0821394460362943,2.8433619866284623,1.8710601719197708,0.6084049665711557,989.3973256924546,0.0,0.0,0.9035339063992359,0.48328557784145176,0.42024832855778416,0.0,0.9512893982808023
398,2053.4086193136473,0.6531444533120511,2.4365522745411012,2.4588986432561852,1.8156424581005586,0.5498802873104549,979.9712689545091,0.0,0.0,0.8810853950518756,0.41101356743814843,0.47007182761372707,0.0,0.9848363926576217
399,2018.4786967418547,4.986541353383459,2.808688387635756,2.6750208855472013,1.568922305764411,0.6591478696741855,950.4001670843776,0.0,0.0,0.7050960735171261,0.35756056808688386,0.34753550543024225,0.0,0.8955722639933166
400,2047.725430597771,3.348115501519757,1.7173252279635258,2.989868287740628,2.0091185410334345,0.6170212765957447,992.161094224924,0.0,0.0,0.7325227963525835,0.3971631205673759,0.3353596757852077,0.0,0.9564336372847011
401,2060.741349480969,0.24047577854671282,2.663494809688581,2.5207612456747404,1.6833910034602075,0.5614186851211073,991.8070934256056,0.0,0.0,0.6972318339100346,0.328719723183391,0.3685121107266436,0.0,0.9922145328719724
402,2050.70350877193,3.431359649122807,2.893859649122807,2.637719298245614,1.592982456140351,0.6359649122807017,989.8710526315789,0.0,0.0,1.4964912280701754,0.7780701754385965,0.718421052631579,0.0,0.9201754385964912
403,2040.3805060918462,4.5390065604498595,1.6879100281162136,2.9522024367385193,1.8359887535145267,0.6204311152764761,951.1640112464855,0.0,0.0,0.4723523898781631,0.23430178069353327,0.2380506091846298,0.0,0.9512652296157451
404,2056.110751818917,1.1761600646725952,2.706548100242522,2.278900565885206,1.6362166531932094,0.5586095392077607,974.8860145513339,0.0,0.0,1.0606305578011317,0.5351657235246564,0.5254648342764754,0.0,0.9830234438156831
405,2030.29765625,4.712164062499999,2.8734375,2.64453125,1.5796875,0.59140625,924.98125,0.0,0.0,0.76328125,0.38671875,0.3765625,0.0,0.9140625
406,2035.0255924170617,4.513260663507109,1.999052132701422,2.861611374407583,1.6947867298578199,0.6625592417061611,943.1184834123222,0.0,0.0,0.7924170616113744,0.409478672985782,0.38293838862559243,0.0,0.9516587677725118
407,2074.525,-0.364301724137931,2.69051724137931,2.481896551724138,1.5224137931034483,0.5956896551724138,962.6189655172413,0.0,0.0,1.3810344827586207,0.6646551724137931,0.7163793103448276,0.0,0.9948275862068966
408,2048.0301057770544,2.7603173311635474,2.375101708706265,2.820992676973149,1.5370219690805533,0.645240032546786,937.9283970707893,0.0,0.0,1.033360455655004,0.4971521562245728,0.5362082994304312,0.0,0.9227013832384052
409,2033.8872970391594,5.634192932187202,1.6485195797516714,2.8175740210124163,1.8385864374403056,0.6685768863419294,893.8930276981853,0.0,0.0,1.0993314231136582,0.5444126074498568,0.5549188156638013,0.0,0.9340974212034384
410,2063.0127226463105,0.2992790500424088,2.4240882103477523,2.4580152671755724,1.8049194232400338,0.5810008481764207,915.1416454622562,0.0,0.0,1.262086513994911,0.5742154368108566,0.6878710771840543,0.0,0.9872773536895675
411,2020.393832599119,6.1014713656387665,2.8537444933920706,2.7365638766519824,1.4096916299559472,0.6757709251101321,907.3991189427313,0.0,0.0,0.8916299559471366,0.39383259911894275,0.4977973568281938,0.0,0.9013215859030838
412,2049.440423654016,3.102091791703442,1.7581641659311562,2.3636363636363638,2.026478375992939,0.588702559576346,954.8543689320388,0.0,0.0,0.8446601941747572,0.36010591350397175,0.48455428067078554,0.0,0.9549867608120035
413,2066.266719745223,0.37320859872611467,2.281050955414013,2.570859872611465,1.6480891719745223,0.5772292993630573,956.1839171974523,0.0,0.0,0.8718152866242038,0.41321656050955413,0.4585987261146497,0.0,0.9880573248407644
414,2033.9659982563207,4.554751525719268,3.000871839581517,2.4986922406277245,1.5213600697471665,0.6364428945074107,930.9825632083697,0.0,0.0,1.1142109851787272,0.5361813426329556,0.5780296425457716,0.0,0.9102005231037489
415,2031.8606010016695,6.138914858096828,1.9524207011686143,2.448247078464107,1.9181969949916529,0.5776293823038398,893.4424040066777,0.0,0.0,0.8864774624373957,0.40984974958263776,0.4766277128547579,0.0,0.9315525876460768
416,2088.0622182146076,0.008412984670874677,2.901713255184851,2.468890892696123,1.526600541027953,0.6609558160504959,949.1568981064022,0.0,0.0,1.7736699729486023,0.9278629395852119,0.8458070333633905,0.0,0.9846708746618575
417,2043.4836488812393,4.6167469879518075,3.0585197934595527,2.746987951807229,1.3993115318416522,0.6592082616179001,937.9449225473322,0.0,0.0,1.5783132530120483,0.8029259896729777,0.7753872633390706,0.0,0.9173838209982789
418,2043.1920649233543,2.721190261496844,1.6321009918845808,2.4021641118124437,1.9071235347159603,0.6131650135256989,892.9323715058612,0.0,0.0,0.8232642019837692,0.42560865644724977,0.3976555455365194,0.0,0.9531109107303878
419,2044.0094664371773,2.060464716006885,2.5438898450946645,2.5051635111876074,1.572289156626506,0.6247848537005164,920.6247848537005,0.0,0.0,1.0456110154905336,0.5387263339070568,0.5068846815834768,0.0,0.9690189328743546
420,2036.3546273546274,4.505683865683865,2.4332514332514332,2.7076167076167077,1.583128583128583,0.6502866502866503,901.4013104013104,0.0,0.0,1.1023751023751023,0.48157248157248156,0.6208026208026208,0.0,0.9197379197379197
421,2052.755578093306,4.63420892494929,1.5273833671399595,2.5070993914807302,2.1115618661257605,0.6419878296146044,920.9665314401623,0.0,0.0,1.1135902636916837,0.5425963488843814,0.5709939148073022,0.0,0.9543610547667343
422,2084.5411184210525,-0.2922861842105263,2.4654605263157894,2.242598684210526,1.8141447368421053,0.5411184210526315,987.6299342105264,0.0,0.0,1.1875,0.5953947368421053,0.5921052631578947,0.0,0.9925986842105263
423,2057.8479117415286,7.021182033096926,2.3490937746256897,2.821907013396375,1.4066193853427895,0.5815602836879432,919.6792750197005,0.0,0.0,1.6130811662726556,0.797478329393223,0.8156028368794326,0.0,0.9014972419227738
424,2079.787878787879,4.464281524926686,1.6578690127077225,2.452590420332356,2.1251221896383186,0.5826001955034213,933.7174975562073,0.0,0.0,1.3949169110459434,0.7370478983382209,0.6578690127077224,0.0,0.9501466275659824
425,2083.2741679873216,0.3338034865293185,2.5031695721077654,2.24405705229794,1.8225039619651346,0.5356576862123613,954.2638668779715,0.0,0.0,1.3106180665610143,0.6711568938193344,0.6394611727416799,0.0,0.9865293185419969
426,2056.592857142857,4.5986071428571424,2.94375,2.8160714285714286,1.4339285714285714,0.6196428571428572,926.2928571428571,0.0,0.0,1.6419642857142858,0.8169642857142857,0.825,0.0,0.9214285714285714
427,2066.5104685942174,3.955174476570289,2.002991026919242,2.699900299102692,1.8334995014955136,0.6520438683948155,953.7736789631107,0.0,0.0,1.7148554336989033,0.8614157527417746,0.8534396809571286,0.0,0.9471585244267199
428,2072.921009771987,1.1848615635179154,2.4381107491856677,2.495928338762215,1.8200325732899023,0.5708469055374593,971.2508143322475,0.0,0.0,1.00814332247557,0.4796416938110749,0.5285016286644951,0.0,0.9796416938110749
429,2025.1644295302012,6.750922818791946,2.8078859060402683,2.799496644295302,1.5478187919463087,0.6375838926174496,939.5226510067114,0.0,0.0,0.7869127516778524,0.36828859060402686,0.4186241610738255,0.0,0.8984899328859061
430,2064.5432220039293,3.3363457760314343,1.7888015717092338,2.99803536345776,1.9508840864440078,0.5795677799607073,966.4931237721022,0.0,0.0,1.5088408644400786,0.7465618860510805,0.762278978388998,0.0,0.9587426326129665
431,2072.7577916295636,1.721460373998219,2.7292965271593945,2.4826357969723953,1.6785396260017809,0.5966162065894924,950.613535173642,0.0,0.0,0.9830810329474622,0.4826357969723954,0.5004452359750667,0.0,0.9759572573463936
432,2040.7115384615386,4.334358974358974,2.8044871794871793,2.5016025641025643,1.6065705128205128,0.5833333333333334,975.9455128205128,0.0,0.0,1.0088141025641026,0.4230769230769231,0.5857371794871795,0.0,0.9150641025641025
433,2042.7856510186004,4.261612046058459,1.704162976085031,2.759078830823738,1.95837023914969,0.5633303808680248,936.511071744907,0.0,0.0,1.2772364924712134,0.6173604960141719,0.6598759964570416,0.0,0.9441984056687334
434,2061.2104442712393,0.33014809041309434,2.6897895557287606,2.063912704598597,1.7334372564302416,0.5518316445830086,958.9555728760718,0.0,0.0,1.2197973499610288,0.5370226032735775,0.6827747466874513,0.0,0.9867498051441933
435,2032.2777777777778,3.997284820031299,2.8262910798122065,2.5469483568075115,1.5328638497652582,0.5892018779342723,939.6111111111111,0.0,0.0,0.7050078247261345,0.28482003129890454,0.42018779342723006,0.0,0.9084507042253521
436,2037.4587995930824,5.090732451678535,1.9938962360122074,2.9298067141403865,1.825025432349949,0.62970498474059,928.0488301119024,0.0,0.0,0.8799593082400814,0.4801627670396745,0.3997965412004069,0.0,0.9460834181078331
437,2073.093220338983,0.35241525423728814,2.7898305084745765,2.6254237288135593,1.5779661016949154,0.5805084745762712,960.0364406779661,0.0,0.0,1.6610169491525424,0.8,0.8610169491525423,0.0,0.9805084745762712
438,2047.6412955465587,3.018647773279352,2.4267206477732794,2.7870445344129555,1.6121457489878543,0.6097165991902834,930.5449392712551,0.0,0.0,0.9449392712550607,0.49068825910931174,0.454251012145749,0.0,0.9246963562753037
439,2036.41388638413,5.36550946798918,1.6041478809738503,2.7619477006311994,1.8521190261496845,0.6176735798016231,941.180342651037,0.0,0.0,1.6248872858431018,0.7889990982867449,0.8358881875563571,0.0,0.9242560865644724
440,2070.70207253886,1.2186787564766839,2.25993091537133,2.418825561312608,1.805699481865285,0.581174438687392,986.0794473229706,0.0,0.0,2.118307426597582,1.1148531951640759,1.003454231433506,0.0,0.9835924006908463
441,2028.2267950963223,5.519246935201401,2.7478108581436076,2.775831873905429,1.520140105078809,0.6112084063047285,958.3467600700525,0.0,0.0,1.0070052539404553,0.45971978984238177,0.5472854640980735,0.0,0.9010507880910683
442,2041.0413732394366,4.3459771126760565,1.8283450704225352,2.2799295774647885,2.023767605633803,0.5748239436619719,978.493838028169,0.0,0.0,1.0035211267605635,0.5044014084507042,0.49911971830985913,0.0,0.948943661971831
443,2070.750202757502,0.7221411192214112,2.278183292781833,2.605839416058394,1.610705596107056,0.559610705596107,971.9351175993512,0.0,0.0,1.6009732360097324,0.8158961881589619,0.7850770478507705,0.0,0.981346309813463
444,2040.4553415061296,4.6652189141856395,2.828371278458844,2.413309982486865,1.6024518388791593,0.5849387040280211,936.029772329247,0.0,0.0,1.3870402802101576,0.6952714535901926,0.691768826619965,0.0,0.9220665499124343
445,2058.6202974628172,3.3812510936132982,1.8643919510061242,2.4978127734033246,2.089238845144357,0.5485564304461942,919.1268591426071,0.0,0.0,1.2152230971128608,0.6141732283464567,0.6010498687664042,0.0,0.94750656167979
446,2070.640838650866,0.25768459434822244,2.8988149498632634,2.2552415679124884,1.5469462169553327,0.6089334548769371,928.975387420237,0.0,0.0,1.3938012762078396,0.6763901549680948,0.7174111212397447,0.0,0.9854147675478578
447,2032.970064724919,5.047192556634304,2.8915857605177995,2.5380258899676376,1.4312297734627832,0.593042071197411,871.6504854368932,0.0,0.0,1.4805825242718447,0.6715210355987055,0.8090614886731392,0.0,0.9215210355987055
448,2049.184162062615,3.0899079189686924,1.561694290976059,2.5,2.1169429097605894,0.6114180478821363,943.4548802946593,0.0,0.0,0.7338858195211786,0.3674033149171271,0.3664825046040516,0.0,0.9447513812154696
449,2049.6252045826513,1.9223731587561375,2.5662847790507364,2.434533551554828,1.6734860883797054,0.5842880523731587,906.3412438625205,0.0,0.0,0.9500818330605565,0.5114566284779051,0.4386252045826514,0.0,0.9754500818330606
450,2043.947867298578,4.287496050552923,2.675355450236967,2.7543443917851502,1.5750394944707742,0.590047393364929,946.8657187993681,0.0,0.0,1.7440758293838863,0.7661927330173776,0.9778830963665087,0.0,0.9178515007898894
451,2045.5404411764705,4.657279411764706,1.8152573529411764,2.641544117647059,1.9806985294117647,0.6084558823529411,970.0009191176471,0.0,0.0,1.6443014705882353,0.7867647058823529,0.8575367647058824,0.0,0.9356617647058824
452,2067.3423499577348,2.0646661031276414,2.5486052409129334,2.1259509721048184,1.830938292476754,0.591715976331361,962.2510566356721,0.0,0.0,2.1217244294167372,0.9602704987320372,1.1614539306846998,0.0,0.978021978021978
453,2042.1694915254238,5.967772397094431,2.619047619047619,2.9249394673123486,1.5375302663438257,0.6109765940274415,883.408393866021,0.0,0.0,1.8418079096045197,0.774818401937046,1.0669895076674738,0.0,0.9144471347861178
454,2062.8334809565986,3.331071744906997,1.8963684676705048,2.346324180690877,2.0398582816651905,0.5562444641275465,936.0124003542959,0.0,0.0,1.2444641275465014,0.6093888396811338,0.6350752878653676,0.0,0.9601417183348095
455,2065.715467328371,2.406848635235732,2.5136476426799006,2.2688172043010755,1.8105872622001655,0.5277088502894954,966.3846153846154,0.0,0.0,1.4135649296939619,0.6104218362282878,0.8031430934656741,0.0,0.9751861042183623
456,2067.158813263525,5.192041884816754,2.966841186736475,2.650087260034904,1.411867364746946,0.6178010471204188,906.8891797556719,0.0,0.0,1.9860383944153577,0.931064572425829,1.0549738219895288,0.0,0.918848167539267
457,2061.2340425531916,2.0195454545454545,2.2224371373307545,2.723404255319149,1.8849129593810445,0.6005802707930368,937.6576402321083,0.0,0.0,0.8955512572533849,0.4506769825918762,0.4448742746615087,0.0,0.9700193423597679
458,2071.608979591837,1.7374204081632654,2.297142857142857,2.240816326530612,1.853061224489796,0.5175510204081633,966.1118367346938,0.0,0.0,1.2130612244897958,0.5542857142857143,0.6587755102040816,0.0,0.976326530612245
459,2022.9653130287647,5.457326565143824,2.808798646362098,2.6548223350253806,1.583756345177665,0.6395939086294417,943.9712351945855,0.0,0.0,0.745346869712352,0.35109983079526225,0.3942470389170897,0.0,0.9027072758037225
460,2058.660414610069,2.767314906219151,1.7226061204343535,2.751233958538993,2.0533070088845014,0.5715695952615992,971.6525172754195,0.0,0.0,1.3474827245804541,0.5913129318854886,0.7561697926949654,0.0,0.9664363277393879
461,2048.998337489609,2.17879467996675,2.71404821280133,2.346633416458853,1.71404821280133,0.5477971737323358,938.5461346633416,0.0,0.0,0.8728179551122195,0.39567747298420614,0.4771404821280133,0.0,0.9750623441396509
462,2039.6038034865294,4.541093502377179,2.934231378763867,2.3621236133122028,1.5499207606973058,0.5832012678288431,955.8692551505546,0.0,0.0,1.0935023771790808,0.5134706814580031,0.5800316957210776,0.0,0.9080824088748018
463,2044.8016682113068,4.133707136237257,1.742354031510658,2.7219647822057462,1.9240037071362373,0.5810936051899908,899.7840593141798,0.0,0.0,0.9573679332715477,0.432808155699722,0.5245597775718258,0.0,0.9462465245597775
464,2070.8676222596964,0.9087942664418212,2.9763912310286678,2.321247892074199,1.7327150084317031,0.575885328836425,936.0379426644182,0.0,0.0,1.3052276559865092,0.572512647554806,0.7327150084317032,0.0,0.984822934232715
465,2050.260834670947,4.456243980738362,2.845104333868379,2.597110754414125,1.57223113964687,0.5601926163723917,924.3049759229534,0.0,0.0,1.1621187800963082,0.5682182985553772,0.593900481540931,0.0,0.9221508828250401
466,2056.2989130434785,3.2019565217391306,1.775,2.7858695652173915,1.8021739130434782,0.5760869565217391,908.1380434782609,0.0,0.0,0.8304347826086956,0.42934782608695654,0.40108695652173915,0.0,0.9695652173913043
467,2087.116806722689,0.2238487394957983,2.5983193277310925,2.3705882352941177,1.56890756302521,0.5361344537815126,905.163025210084,0.0,0.0,1.7974789915966387,0.873109243697479,0.9243697478991597,0.0,0.9873949579831933
468,2068.117168429618,4.384076484947111,2.446704637917006,2.7860048820179006,1.6061838893409275,0.6126932465419039,904.6948738812042,0.0,0.0,1.3580146460537021,0.6427990235964198,0.7152156224572823,0.0,0.9308380797396257
469,2041.172607879925,5.443930581613508,1.7607879924953096,2.6050656660412757,1.8358348968105065,0.6313320825515948,888.7945590994372,0.0,0.0,0.7673545966228893,0.36679174484052535,0.400562851782364,0.0,0.9315196998123827
470,2072.653846153846,0.042779720279720275,2.63986013986014,2.2788461538461537,1.8933566433566433,0.6066433566433567,942.4833916083916,0.0,0.0,1.6145104895104896,0.7386363636363636,0.8758741258741258,0.0,0.986013986013986
471,2045.7117903930132,5.097196506550218,2.834061135371179,2.650655021834061,1.4637554585152839,0.5930131004366812,891.2410480349345,0.0,0.0,1.3117903930131005,0.6122270742358079,0.6995633187772926,0.0,0.9117903930131004
472,2050.2171860245517,3.9186024551463645,1.7440982058545798,2.2521246458923514,2.236071765816808,0.5949008498583569,954.5590179414542,0.0,0.0,1.019830028328612,0.5231350330500472,0.4966949952785647,0.0,0.947119924457035
473,2069.4456140350876,-0.10344736842105264,2.25,2.4859649122807017,1.8087719298245615,0.5763157894736842,981.3675438596491,0.0,0.0,0.9526315789473684,0.4780701754385965,0.4745614035087719,0.0,0.9894736842105263
474,2039.4463373083474,4.34839863713799,2.9395229982964226,2.2793867120954006,1.6465076660988074,0.555366269165247,946.5596252129471,0.0,0.0,0.979557069846678,0.4386712095400341,0.540885860306644,0.0,0.9250425894378195
475,2044.936755270394,3.779239230064161,1.9321723189734188,2.372135655362053,2.203483043079743,0.5637030247479377,928.0614115490375,0.0,0.0,0.9340054995417049,0.4894592117323556,0.44454628780934924,0.0,0.9450045829514208
476,2063.2911275415895,0.24112754158964878,2.675600739371534,2.1377079482439925,1.7375231053604436,0.5914972273567468,971.5646950092422,0.0,0.0,1.0914972273567467,0.5138632162661737,0.577634011090573,0.0,0.9852125693160814
477,2059.297757847534,1.3271569506726457,2.7919282511210763,2.5632286995515696,1.5300448430493274,0.5632286995515695,948.1309417040359,0.0,0.0,1.17847533632287,0.5829596412556054,0.5955156950672645,0.0,0.9542600896860987
478,2053.942802669209,3.7742040038131552,1.415633937082936,2.3012392755004765,2.262154432793136,0.5376549094375596,969.4632983794089,0.0,0.0,0.8255481410867492,0.3984747378455672,0.4270734032411821,0.0,0.9485224022878932
479,2059.2034482758622,1.4444827586206896,2.736206896551724,2.3732758620689656,1.731896551724138,0.5689655172413793,983.9818965517242,0.0,0.0,0.631896551724138,0.3310344827586207,0.30086206896551726,0.0,0.9724137931034482
480,2052.1627318718383,1.6909612141652615,2.6467116357504215,2.8128161888701517,1.7133220910623945,0.5885328836424958,933.570826306914,0.0,0.0,0.6627318718381113,0.3406408094435076,0.3220910623946037,0.0,0.9527824620573356
481,2054.981499513145,2.981616358325219,1.5296981499513145,2.631937682570594,2.1596884128529696,0.5472249269717624,912.0292112950341,0.0,0.0,0.5793573515092503,0.30963972736124634,0.2697176241480039,0.0,0.9688412852969815
482,2078.73573309921,0.8931606672519754,2.546093064091308,2.1325724319578576,1.7673397717295873,0.5539947322212467,941.3889376646181,0.0,0.0,0.9350307287093942,0.4635645302897278,0.47146619841966636,0.0,0.9841966637401229
483,2045.0307167235494,3.7970307167235493,2.4812286689419794,2.9044368600682593,1.4641638225255973,0.6075085324232082,935.7645051194539,0.0,0.0,0.8626279863481229,0.4197952218430034,0.44283276450511944,0.0,0.9274744027303754
484,2043.4255319148936,3.6942166344294,1.6131528046421664,2.4100580270793035,2.1499032882011604,0.562862669245648,894.362669245648,0.0,0.0,0.90715667311412,0.4796905222437137,0.4274661508704062,0.0,0.9574468085106383
485,2066.4905193734544,1.034575432811212,2.4938169826875516,2.2300082440230833,1.7708161582852433,0.5309150865622424,943.6496290189613,0.0,0.0,1.4468260511129432,0.6661170651277823,0.7807089859851608,0.0,0.9802143446001649
486,2027.9963898916967,5.339720216606498,2.601083032490975,2.6895306859205776,1.3429602888086642,0.6687725631768953,924.4837545126354,0.0,0.0,1.0117328519855595,0.4963898916967509,0.5153429602888087,0.0,0.9151624548736462
487,2048.0619380619382,2.5760939060939063,1.983016983016983,2.6013986013986012,1.8741258741258742,0.6163836163836164,932.6923076923077,0.0,0.0,0.3146853146853147,0.13386613386613386,0.18081918081918083,0.0,0.9660339660339661
488,2056.135914332784,-0.299159802306425,2.3929159802306423,2.2495881383855023,1.7199341021416803,0.5205930807248764,928.50823723229,0.0,0.0,0.36820428336079075,0.1927512355848435,0.17545304777594728,0.0,0.9917627677100495
489,2019.7640936686903,5.230598438855161,2.6669557675628797,2.660884648742411,1.562012142237641,0.6400693842150911,969.6253252385083,0.0,0.0,0.3798785776235906,0.18647007805724197,0.19340849956634865,0.0,0.9028620988725065
490,2042.7139784946237,2.754827956989247,1.621505376344086,2.706451612903226,1.8623655913978494,0.6440860215053763,1024.1182795698924,0.0,0.0,0.4182795698924731,0.18924731182795698,0.22903225806451613,0.0,0.9580645161290322
491,2034.7243523316063,2.623616580310881,2.661139896373057,2.3637305699481863,1.5979274611398964,0.7036269430051814,965.9046632124353,0.0,0.0,0.41347150259067356,0.21658031088082902,0.19689119170984457,0.0,0.9761658031088083
492,2037.833780160858,2.664611260053619,2.721179624664879,2.3708668453976767,1.6076854334226989,0.6434316353887399,1010.153708668454,0.0,0.0,0.5397676496872207,0.26720285969615726,0.2725647899910634,0.0,0.9258266309204647
493,2042.459734964322,3.7716207951070335,1.398572884811417,2.7074413863404687,2.00203873598369,0.6075433231396534,996.6962283384302,0.0,0.0,0.7431192660550459,0.3944954128440367,0.3486238532110092,0.0,0.9510703363914373
494,2057.7157502329915,0.5619384902143523,2.5731593662628147,2.3821062441752097,1.7474370922646785,0.6020503261882573,1010.1015843429636,0.0,0.0,0.6150978564771669,0.2898415657036347,0.32525629077353213,0.0,0.9869524697110904
495,2031.8279857397504,3.6916131907308376,2.479500891265597,2.536541889483066,1.625668449197861,0.6229946524064172,1020.2718360071301,0.0,0.0,1.0775401069518717,0.5579322638146168,0.5196078431372549,0.0,0.9153297682709447
496,2048.243517474634,2.6447125140924466,1.6561443066516348,2.726042841037204,1.7812852311161218,0.6042841037204059,988.4081172491544,0.0,0.0,0.8962795941375423,0.46786922209695603,0.42841037204058624,0.0,0.9695603156708005
497,2059.0393053016455,0.40653564899451555,2.3153564899451555,2.3793418647166362,1.6645338208409506,0.5712979890310786,987.9753199268739,0.0,0.0,0.8802559414990859,0.45978062157221206,0.42047531992687387,0.0,0.9835466179159049
498,2052.9814032121726,2.59759932375317,2.258664412510566,2.8275570583262892,1.474218089602705,0.588334742180896,1005.0794590025359,0.0,0.0,1.0726965342349957,0.4970414201183432,0.5756551141166526,0.0,0.9323753169907016
499,2039.550572519084,4.013330152671756,1.4732824427480915,2.7385496183206106,1.8196564885496183,0.5696564885496184,971.337786259542,0.0,0.0,0.6812977099236641,0.33396946564885494,0.3473282442748092,0.0,0.9446564885496184
500,2065.2659478885894,0.2951752021563342,2.141958670260557,2.3135669362084457,1.8086253369272238,0.5867026055705301,967.3962264150944,0.0,0.0,1.1949685534591195,0.6451033243486074,0.5498652291105122,0.0,0.9847259658580413
501,2032.863277826468,3.678001752848379,2.558282208588957,2.5968448729184925,1.3654688869412797,0.6222611744084137,948.250657318142,0.0,0.0,0.7388255915863278,0.31551270815074495,0.4233128834355828,0.0,0.9149868536371604
502,2034.6113657195233,4.2795417048579285,1.5701191567369386,2.2062328139321723,2.0439963336388636,0.5939505041246563,937.1145737855179,0.0,0.0,0.611365719523373,0.29880843263061413,0.3125572868927589,0.0,0.9440879926672777
503,2062.165347405453,1.2261917326297274,2.029023746701847,2.544415127528584,1.7458223394898857,0.5875109938434476,925.3825857519789,0.0,0.0,0.882145998240985,0.45822339489885666,0.4239226033421284,0.0,0.978891820580475
504,2033.218025751073,4.724171673819742,2.83862660944206,2.3965665236051503,1.5656652360515022,0.6145922746781116,916.4051502145923,0.0,0.0,0.7459227467811159,0.38798283261802574,0.3579399141630901,0.0,0.9158798283261803
505,2037.9102222222223,5.0512266666666665,1.7795555555555556,2.512888888888889,1.976888888888889,0.5893333333333334,926.9164444444444,0.0,0.0,0.6648888888888889,0.3191111111111111,0.3457777777777778,0.0,0.9226666666666666
506,2075.0317164179105,0.3387873134328358,2.7154850746268657,2.3777985074626864,1.5708955223880596,0.6231343283582089,977.2546641791045,0.0,0.0,1.101679104477612,0.4673507462686567,0.6343283582089553,0.0,0.9832089552238806
507,2042.610929853181,2.8178140293637846,2.727569331158238,2.5897226753670473,1.4869494290375205,0.6231647634584013,934.268352365416,0.0,0.0,0.732463295269168,0.3727569331158238,0.35970636215334423,0.0,0.9200652528548124
508,2045.4724770642201,3.396688073394495,1.5412844036697249,2.3908256880733947,2.1422018348623855,0.5862385321100917,927.7550458715597,0.0,0.0,0.6862385321100918,0.3651376146788991,0.3211009174311927,0.0,0.9532110091743119
509,2040.9744245524296,1.8920289855072463,2.3000852514919012,2.4398976982097187,1.5950554134697357,0.5413469735720375,948.1884057971015,0.0,0.0,0.6129582267689685,0.31798806479113384,0.2949701619778346,0.0,0.9820971867007673
510,2044.1553819444443,3.3856684027777777,2.5225694444444446,2.8480902777777777,1.5980902777777777,0.6328125,929.3324652777778,0.0,0.0,0.6961805555555556,0.3324652777777778,0.3637152777777778,0.0,0.9236111111111112
511,2051.1401960784315,3.9595196078431374,1.3715686274509804,2.672549019607843,2.0009803921568627,0.6088235294117647,850.5490196078431,0.0,0.0,1.157843137254902,0.6137254901960785,0.5441176470588235,0.0,0.9598039215686275
512,2066.88704028021,1.0712521891418563,2.3677758318739053,2.3380035026269703,1.7618213660245183,0.5577933450087565,872.8800350262698,0.0,0.0,1.2101576182136602,0.5061295971978984,0.7040280210157618,0.0,0.9859894921190894
513,2038.2486631016043,4.35325311942959,2.263814616755793,3.049910873440285,1.4554367201426024,0.6550802139037433,881.6862745098039,0.0,0.0,0.7923351158645277,0.3778966131907308,0.4144385026737968,0.0,0.9251336898395722
514,2057.0072202166066,2.9321570397111913,1.71028880866426,2.4774368231046933,2.0676895306859207,0.5712996389891697,907.9891696750902,0.0,0.0,0.6687725631768953,0.3240072202166065,0.3447653429602888,0.0,0.9584837545126353
515,2072.2390202702704,0.5702364864864865,2.3184121621621623,2.285472972972973,1.785472972972973,0.5625,910.8445945945946,0.0,0.0,0.9856418918918919,0.4594594594594595,0.5261824324324325,0.0,0.9847972972972973
516,2059.102564102564,3.610617283950617,2.7397910731244064,2.8841405508072175,1.315289648622982,0.7103513770180437,904.5403608736942,0.0,0.0,1.0883190883190883,0.5090218423551757,0.5792972459639126,0.0,0.9439696106362773
517,2054.1682419659737,2.2154347826086958,1.9253308128544424,2.6550094517958414,1.8147448015122873,0.6077504725897921,886.7466918714556,0.0,0.0,0.6899810964083176,0.3601134215500945,0.32986767485822305,0.0,0.9678638941398866
518,2074.1444444444446,0.5670092592592593,2.337037037037037,2.3925925925925924,1.8,0.5898148148148148,897.5898148148148,0.0,0.0,1.65,0.75,0.9,0.0,0.9861111111111112
519,2030.891304347826,3.9338374291115312,2.4706994328922494,2.77882797731569,1.4593572778827977,0.6616257088846881,876.9574669187145,0.0,0.0,0.9735349716446124,0.4621928166351607,0.5113421550094518,0.0,0.9177693761814745
520,2052.6326148078724,4.2546860356138705,1.5323336457357075,2.823805060918463,1.8894095595126523,0.5857544517338332,862.2980318650422,0.0,0.0,0.9625117150890347,0.47797563261480785,0.4845360824742268,0.0,0.9540768509840675
521,2059.0423645320197,0.7055566502463055,2.3004926108374386,2.477832512315271,1.5665024630541873,0.6541871921182266,831.9625615763547,0.0,0.0,0.7172413793103448,0.33497536945812806,0.38226600985221676,0.0,0.9783251231527094
522,2033.211335254563,4.125955811719501,2.5302593659942363,2.685878962536023,1.601344860710855,0.6839577329490875,916.1969260326609,0.0,0.0,0.6215177713736791,0.29586935638808837,0.3256484149855908,0.0,0.9241114313160422
523,2048.2759315206445,2.787794561933535,1.4884189325276937,2.6606243705941592,1.9707955689828802,0.6324269889224572,925.0020140986908,0.0,0.0,0.5901309164149043,0.2598187311178248,0.33031218529707956,0.0,0.9566968781470292
524,2067.926711668274,0.6287463837994214,2.404050144648023,2.333654773384764,1.8158148505303762,0.6277724204435873,960.4329797492768,0.0,0.0,1.2671166827386693,0.6065573770491803,0.660559305689489,0.0,0.9836065573770492
525,2046.1620162016202,2.8774437443744376,2.487848784878488,2.5445544554455446,1.6354635463546354,0.6156615661566157,921.4428442844285,0.0,0.0,1.198019801980198,0.5733573357335734,0.6246624662466247,0.0,0.9207920792079208
526,2043.2357894736842,3.6854842105263157,1.894736842105263,2.7694736842105265,1.711578947368421,0.6536842105263158,915.9968421052631,0.0,0.0,0.7873684210526316,0.36947368421052634,0.41789473684210526,0.0,0.9505263157894737
527,2054.342378292099,0.6040622505985634,2.5690343176376698,2.4341580207501994,1.5626496408619313,0.5897845171588189,948.4317637669593,0.0,0.0,0.7055067837190743,0.37350359138068634,0.3320031923383879,0.0,0.9872306464485235
528,2066.300356506239,3.148743315508021,2.2531194295900177,2.9206773618538326,1.5303030303030303,0.6140819964349377,917.3217468805705,0.0,0.0,1.4393939393939394,0.6862745098039216,0.7531194295900179,0.0,0.9367201426024956
529,2052.2773279352227,3.264676113360324,1.5091093117408907,2.72165991902834,1.8775303643724697,0.6072874493927125,892.2995951417004,0.0,0.0,1.1012145748987854,0.5101214574898786,0.5910931174089069,0.0,0.9635627530364372
530,2058.381904761905,0.480447619047619,2.518095238095238,2.4514285714285715,1.739047619047619,0.6161904761904762,943.5095238095238,0.0,0.0,0.9247619047619048,0.43238095238095237,0.49238095238095236,0.0,0.9895238095238095
531,2021.6400742115027,5.462569573283859,2.589053803339518,2.727272727272727,1.4656771799628943,0.6632653061224489,892.5445269016698,0.0,0.0,1.0612244897959184,0.4554730983302412,0.6057513914656771,0.0,0.8970315398886828
532,2054.8715083798884,1.643808193668529,1.4906890130353818,2.446927374301676,2.063314711359404,0.5540037243947858,947.6787709497206,0.0,0.0,0.707635009310987,0.3472998137802607,0.36033519553072624,0.0,0.9674115456238361
533,2060.890243902439,1.0584333958724201,1.7711069418386491,2.6697936210131332,1.799249530956848,0.5900562851782364,950.2082551594747,0.0,0.0,1.2054409005628517,0.6369606003752345,0.5684803001876173,0.0,0.9859287054409006
534,2040.288986784141,3.574590308370044,2.3497797356828194,2.4995594713656386,1.6422907488986784,0.586784140969163,904.5876651982379,0.0,0.0,1.1594713656387665,0.5682819383259912,0.5911894273127754,0.0,0.933920704845815
535,2048.5921421889616,3.8697474275023387,1.5537885874649204,2.5958840037418147,2.0252572497661365,0.5855940130963517,932.4705332086062,0.0,0.0,0.8503274087932647,0.39195509822263797,0.4583723105706268,0.0,0.9401309635173059
536,2070.93,0.63593,2.455,2.572,1.704,0.643,920.319,0.0,0.0,1.44,0.684,0.756,0.0,0.981
537,2024.6198979591836,4.762576530612245,2.5595238095238093,2.6964285714285716,1.489795918367347,0.5773809523809523,921.7559523809524,0.0,0.0,0.7848639455782312,0.36904761904761907,0.41581632653061223,0.0,0.9217687074829932
538,2045.6060301507537,4.693919597989949,1.300502512562814,2.523618090452261,2.144723618090452,0.5477386934673367,891.0391959798995,0.0,0.0,0.7869346733668342,0.3778894472361809,0.40904522613065325,0.0,0.9547738693467337
539,2072.512918660287,1.1853875598086125,2.2660287081339714,2.5186602870813397,1.6229665071770334,0.6440191387559808,948.3588516746412,0.0,0.0,1.0545454545454545,0.4909090909090909,0.5636363636363636,0.0,0.9808612440191388
540,2036.664467483506,5.172789820923657,2.232799245994345,3.0292177191328933,1.5909519321394912,0.6437323279924599,936.5966069745523,0.0,0.0,0.8086710650329878,0.3836003770028275,0.42507068803016024,0.0,0.9085768143261075
541,2030.6266666666668,6.8175897435897435,1.515897435897436,2.732307692307692,2.118974358974359,0.6307692307692307,951.5948717948718,0.0,0.0,0.8061538461538461,0.4512820512820513,0.3548717948717949,0.0,0.9312820512820513
542,2110.4885277246653,0.18251434034416827,2.3738049713193115,2.537284894837476,1.8269598470363289,0.612810707456979,984.3891013384322,0.0,0.0,1.0554493307839388,0.505736137667304,0.5497131931166348,0.0,0.9894837476099426
543,2083.1647619047617,4.804628571428571,2.1323809523809523,3.1085714285714285,1.4323809523809523,0.6057142857142858,939.8466666666667,0.0,0.0,1.6038095238095238,0.7390476190476191,0.8647619047619047,0.0,0.9238095238095239
544,2071.3970432946144,3.0136853220696938,1.5934530095036958,2.570221752903907,2.1277719112988382,0.5765575501583949,940.3854276663146,0.0,0.0,1.368532206969377,0.7307286166842661,0.6378035902851109,0.0,0.9482576557550159
545,2094.2001853568117,1.5480630213160336,2.0342910101946248,2.3160333642261355,1.9147358665430954,0.5430954587581094,959.2557924003708,0.0,0.0,1.7979610750695088,0.8053753475440223,0.9925857275254866,0.0,0.9777571825764597
546,2063.1607992388203,2.894576593720266,2.345385347288297,2.8810656517602284,1.467174119885823,0.6374881065651761,933.5651760228354,0.0,0.0,0.961941008563273,0.467174119885823,0.49476688867745006,0.0,0.9571836346336822
547,2049.999061913696,3.3204784240150094,1.6369606003752346,2.578799249530957,1.9230769230769231,0.575046904315197,964.8639774859287,0.0,0.0,0.6866791744840526,0.35553470919324576,0.33114446529080677,0.0,0.9634146341463414
548,2087.1739130434785,0.5573265494912119,2.2923219241443107,2.418131359851989,1.9666975023126734,0.5985198889916744,955.8566142460685,0.0,0.0,1.1979648473635522,0.6077705827937095,0.5901942645698427,0.0,0.9851988899167438
549,2040.8360655737704,7.0910028929604625,2.404050144648023,2.712632594021215,1.648023143683703,0.6624879459980714,980.6470588235294,0.0,0.0,1.3895853423336548,0.7087753134040502,0.6808100289296046,0.0,0.9026036644165863
550,2064.473189087488,4.2381561618062085,1.5719661335841957,2.9501411100658514,1.9727187206020695,0.6265286923800565,964.5014111006585,0.0,0.0,1.3142050799623706,0.6444026340545626,0.6698024459078081,0.0,0.9444967074317968
551,2082.2720379146917,1.93060663507109,2.4436018957345973,2.4682464454976305,1.8625592417061612,0.6436018957345971,923.7914691943128,0.0,0.0,1.1592417061611375,0.5962085308056873,0.5630331753554503,0.0,0.9734597156398104
552,2067.7511190689347,5.265111906893464,2.4941808415398388,2.6508504923903313,1.665174574753805,0.6383169203222918,913.9570277529095,0.0,0.0,1.1817367949865711,0.5308863025962399,0.6508504923903312,0.0,0.9221128021486124
553,2083.6089613034624,3.2191242362525463,1.625254582484725,2.8187372708757636,2.064154786150713,0.6293279022403259,924.2403258655804,0.0,0.0,0.860488798370672,0.38391038696537677,0.47657841140529533,0.0,0.9429735234215886
554,2090.8243114909783,0.8727920227920227,2.667616334283001,2.3171889838556505,1.7207977207977208,0.6220322886989553,944.7312440645774,0.0,0.0,1.2630579297245963,0.5925925925925926,0.6704653371320038,0.0,0.9819563152896487
555,2067.9350307287095,4.684179104477612,2.649692712906058,2.5575065847234417,1.6865671641791045,0.6391571553994733,905.0254609306409,0.0,0.0,1.1694468832309044,0.6189640035118525,0.5504828797190519,0.0,0.9139596136962248
556,2084.448081264108,2.790564334085779,1.937923250564334,2.9074492099322797,1.755079006772009,0.6704288939051919,982.7358916478555,0.0,0.0,1.0451467268623025,0.5598194130925508,0.4853273137697517,0.0,0.9672686230248307
557,2105.431111111111,1.4248355555555556,2.633777777777778,2.4506666666666668,1.5804444444444445,0.5724444444444444,993.0337777777778,0.0,0.0,1.1182222222222222,0.592,0.5262222222222223,0.0,0.976
558,2073.209239130435,3.6532789855072463,2.4465579710144927,2.982789855072464,1.513586956521739,0.6086956521739131,938.9501811594203,0.0,0.0,0.6684782608695652,0.32065217391304346,0.34782608695652173,0.0,0.9302536231884058
559,2070.0135396518376,5.383868471953578,1.61605415860735,2.653771760154739,1.821083172147002,0.620889748549323,972.6866537717601,0.0,0.0,0.9110251450676983,0.47292069632495165,0.4381044487427466,0.0,0.9352030947775629
560,2130.24493731919,0.8007714561234329,2.164898746383799,2.3799421407907424,1.7704918032786885,0.5689488910318226,928.3240115718419,0.0,0.0,1.6027000964320155,0.7859209257473481,0.8167791706846673,0.0,0.9787849566055931
561,2066.509056244042,7.156577693040991,2.6835081029551953,2.803622497616778,1.4833174451858913,0.6434699714013346,923.4880838894185,0.0,0.0,1.1963775023832222,0.5891325071496664,0.6072449952335558,0.0,0.8951382268827455
562,2070.904713114754,2.9257069672131144,1.7038934426229508,2.4672131147540983,2.0491803278688523,0.6137295081967213,930.6475409836065,0.0,0.0,0.735655737704918,0.35348360655737704,0.382172131147541,0.0,0.9538934426229508
563,2111.2594021215045,0.7327193828351012,2.103182256509161,2.7868852459016393,1.6702025072324012,0.6104146576663452,928.3895853423337,0.0,0.0,0.8216007714561234,0.46190935390549664,0.35969141755062684,0.0,0.9816779170684667
564,2045.3781588447653,5.873185920577617,2.7066787003610107,2.405234657039711,1.6859205776173285,0.6308664259927798,923.2166064981949,0.0,0.0,1.3384476534296028,0.592057761732852,0.7463898916967509,0.0,0.9070397111913358
565,2054.7145454545453,3.748,1.7136363636363636,2.4145454545454546,1.9672727272727273,0.5727272727272728,937.6081818181818,0.0,0.0,0.89,0.40454545454545454,0.48545454545454547,0.0,0.9363636363636364
566,2096.427135678392,1.0859396984924623,2.7959798994974876,2.34572864321608,1.607035175879397,0.6542713567839196,970.8924623115578,0.0,0.0,2.08643216080402,1.0120603015075378,1.0743718592964824,0.0,0.9798994974874372
567,2065.0150575730736,5.287121346324181,2.782993799822852,2.6368467670504874,1.4791851195748449,0.6341895482728078,914.0974313551816,0.0,0.0,1.620903454384411,0.8361381753764393,0.7847652790079717,0.0,0.9247121346324181
568,2065.5765853658536,3.27179512195122,1.6302439024390243,2.518048780487805,2.1209756097560977,0.5941463414634146,921.6585365853658,0.0,0.0,1.2721951219512195,0.6946341463414634,0.577560975609756,0.0,0.9580487804878048
569,2089.814126394052,1.2910130111524163,2.537174721189591,2.516728624535316,1.588289962825279,0.5697026022304833,946.1589219330855,0.0,0.0,1.7434944237918215,0.8336431226765799,0.9098513011152416,0.0,0.9786245353159851
570,2069.035405872193,4.2137651122625215,2.7072538860103625,2.7677029360967187,1.6062176165803108,0.6079447322970639,906.2245250431779,0.0,0.0,1.5198618307426597,0.729706390328152,0.7901554404145078,0.0,0.92573402417962
571,2090.823639774859,4.493499061913695,1.474671669793621,2.682926829268293,1.9455909943714822,0.5694183864915572,916.328330206379,0.0,0.0,1.3151969981238274,0.6463414634146342,0.6688555347091932,0.0,0.9549718574108818
572,2116.083614864865,0.7445439189189189,2.376689189189189,2.356418918918919,1.7972972972972974,0.5523648648648649,948.5050675675676,0.0,0.0,1.4400337837837838,0.668918918918919,0.7711148648648649,0.0,0.9822635135135135
573,2102.4609634551493,5.22126245847176,2.4800664451827243,2.9019933554817277,1.580564784053156,0.6146179401993356,948.8970099667774,0.0,0.0,1.7832225913621262,0.8737541528239202,0.909468438538206,0.0,0.9111295681063123
574,2083.9144278606964,3.5202388059701493,1.8656716417910448,2.566169154228856,2.1303482587064675,0.6308457711442786,1000.83184079602,0.0,0.0,1.5393034825870646,0.7761194029850746,0.7631840796019901,0.0,0.954228855721393
575,2112.3256021409456,1.1082872435325601,2.512042818911686,2.3033006244424623,1.865298840321142,0.5700267618198037,1018.6146297948261,0.0,0.0,1.2943800178412133,0.6164139161462979,0.6779661016949152,0.0,0.9830508474576272
576,2085.983002832861,5.154258734655335,2.8526912181303117,2.7393767705382435,1.4381491973559963,0.647780925401322,983.3031161473087,0.0,0.0,1.6694995278564684,0.7629839471199245,0.9065155807365439,0.0,0.9084041548630784
577,2091.3414893617023,2.885936170212766,1.9978723404255319,2.5648936170212764,1.7723404255319148,0.6148936170212767,955.2925531914893,0.0,0.0,1.174468085106383,0.574468085106383,0.6,0.0,0.9627659574468085
578,2121.9632414369257,0.7157811194653301,2.5446950710108607,2.4285714285714284,1.7527151211361738,0.5672514619883041,962.7243107769424,0.0,0.0,1.4110275689223057,0.6925647451963242,0.7184628237259816,0.0,0.9841269841269841
579,2084.850174216028,7.815783972125436,2.7369337979094075,2.6106271777003482,1.5644599303135889,0.6550522648083623,924.1280487804878,0.0,0.0,1.5200348432055748,0.7578397212543554,0.7621951219512195,0.0,0.8902439024390244
580,2117.3613963039015,2.1386550308008214,1.688911704312115,2.5184804928131417,1.8829568788501028,0.5698151950718686,905.7361396303902,0.0,0.0,1.286447638603696,0.6519507186858317,0.6344969199178645,0.0,0.971252566735113
581,2113.2698555956677,1.000514440433213,2.8898916967509027,2.3962093862815883,1.5505415162454874,0.5929602888086642,963.1218411552346,0.0,0.0,1.6615523465703972,0.7689530685920578,0.8925992779783394,0.0,0.983754512635379
582,2074.5667550839967,7.021220159151194,2.8912466843501328,2.4261715296198054,1.5959328028293545,0.618921308576481,955.315649867374,0.0,0.0,1.5393457117595049,0.7303271441202476,0.8090185676392573,0.0,0.9062776304155614
583,2104.7425925925927,2.995416666666667,1.6824074074074074,2.6925925925925926,1.837037037037037,0.6064814814814815,927.7898148148148,0.0,0.0,1.237962962962963,0.5990740740740741,0.6388888888888888,0.0,0.9629629629629629
584,2095.061855670103,2.4107731958762884,2.868556701030928,2.1125429553264605,1.743127147766323,0.570446735395189,960.6168384879725,0.0,0.0,1.1967353951890034,0.6211340206185567,0.5756013745704467,0.0,0.9742268041237113
585,2077.654688869413,5.845872042068361,2.6362839614373357,2.5836985100788783,1.6064855390008763,0.6257668711656442,959.8475021910605,0.0,0.0,1.1665205959684488,0.5775635407537248,0.588957055214724,0.0,0.8974583698510079
586,2088.607257203842,3.2410992529348985,1.8580576307363927,2.7502668089647813,1.8036286019210246,0.5773745997865528,925.74386339381,0.0,0.0,1.103521878335112,0.5464247598719317,0.5570971184631803,0.0,0.9733191035218783
587,2157.4108996539794,0.929022491349481,2.4775086505190314,2.346885813148789,1.6081314878892734,0.5147058823529411,928.7249134948097,0.0,0.0,1.9792387543252594,0.9100346020761245,1.069204152249135,0.0,0.9809688581314879
588,2070.0463519313303,5.17062660944206,2.2060085836909873,2.8454935622317596,1.5914163090128755,0.5819742489270386,927.7167381974249,0.0,0.0,1.793991416309013,0.8300429184549356,0.9639484978540772,0.0,0.9287553648068669
589,2126.0701754385964,3.6805945419103314,1.4834307992202729,2.6578947368421053,1.9619883040935673,0.6130604288499025,911.3118908382066,0.0,0.0,1.5935672514619883,0.7826510721247564,0.8109161793372319,0.0,0.949317738791423
590,2145.0286995515694,1.3105381165919283,2.4044843049327356,2.304035874439462,1.8403587443946188,0.6053811659192825,918.5452914798207,0.0,0.0,1.8071748878923768,0.8349775784753363,0.9721973094170404,0.0,0.9838565022421525
591,2066.516853932584,7.598801498127341,2.690074906367041,2.7593632958801497,1.4279026217228465,0.6573033707865169,881.2415730337078,0.0,0.0,1.4981273408239701,0.7565543071161048,0.7415730337078652,0.0,0.8904494382022472
592,2069.4003574620197,3.562377122430742,1.7479892761394102,2.2779267202859694,2.0741733690795354,0.5630026809651475,925.9258266309205,0.0,0.0,1.2180518319928508,0.5728328865058088,0.645218945487042,0.0,0.9597855227882037
593,2121.8815789473683,1.3610937500000002,2.4876644736842106,2.611842105263158,1.5361842105263157,0.5419407894736842,930.7944078947369,0.0,0.0,1.694078947368421,0.8519736842105263,0.8421052631578947,0.0,0.9835526315789473
594,2073.6204506065856,6.3096880415944545,2.839688041594454,2.440207972270364,1.6334488734835355,0.5961871750433275,909.474870017331,0.0,0.0,1.4055459272097053,0.6767764298093587,0.7287694974003466,0.0,0.9064124783362218
595,2110.7576576576575,3.7749189189189187,1.9198198198198198,2.492792792792793,1.9531531531531532,0.6,901.5837837837838,0.0,0.0,1.6477477477477478,0.8234234234234235,0.8243243243243243,0.0,0.9423423423423424
596,2127.023880597015,0.20090547263681593,3.127363184079602,2.3323383084577114,1.4776119402985075,0.6378109452736318,953.1273631840796,0.0,0.0,1.8835820895522388,0.9393034825870646,0.9442786069651742,0.0,0.9860696517412936
597,2132.4455445544554,6.165193519351935,2.942394239423942,2.738973897389739,1.4824482448244825,0.6327632763276327,910.6804680468047,0.0,0.0,2.0846084608460846,1.0495049504950495,1.035103510351035,0.0,0.9036903690369037
598,2075.4289940828403,3.0629684418145957,1.6637080867850098,2.393491124260355,1.928007889546351,0.626232741617357,850.6587771203156,0.0,0.0,1.0838264299802762,0.5493096646942801,0.534516765285996,0.0,0.9457593688362919
599,2113.0954465849386,0.6985989492119089,2.6987740805604203,2.401926444833625,1.6471103327495622,0.5954465849387041,893.6190893169877,0.0,0.0,2.046409807355517,0.978984238178634,1.0674255691768826,0.0,0.9868651488616462
600,2065.8255208333335,4.657690972222222,2.584201388888889,2.8168402777777777,1.5902777777777777,0.6215277777777778,920.6380208333334,0.0,0.0,1.8029513888888888,0.8446180555555556,0.9583333333333334,0.0,0.9296875
601,2071.829218106996,3.9015534979423867,1.7304526748971194,2.746913580246914,2.0102880658436213,0.6491769547325102,869.7870370370371,0.0,0.0,1.5565843621399178,0.757201646090535,0.7993827160493827,0.0,0.9506172839506173
602,2085.4433077578856,0.2327621483375959,2.640238704177323,2.4927536231884058,1.660699062233589,0.556692242114237,936.0349531116794,0.0,0.0,1.5319693094629157,0.7067348678601876,0.8252344416027281,0.0,0.9872122762148338
603,2069.4228855721394,4.994809286898839,2.490049751243781,2.83167495854063,1.5124378109452736,0.6003316749585407,890.4253731343283,0.0,0.0,1.7802653399668324,0.8955223880597015,0.884742951907131,0.0,0.9087893864013267
604,2067.664767331434,5.471604938271605,1.842355175688509,2.5251661918328585,1.99335232668566,0.6267806267806267,842.5802469135803,0.0,0.0,1.4928774928774928,0.7056030389363722,0.7872744539411206,0.0,0.9335232668566001
605,2085.27903091061,1.1359816207184628,2.4895572263993317,2.3316624895572264,1.7978279030910609,0.5655806182121972,910.3642439431914,0.0,0.0,1.6056808688387636,0.7652464494569757,0.8404344193817878,0.0,0.9816207184628237
606,2051.0026929982046,6.892405745062837,2.9533213644524237,2.5727109515260325,1.417414721723519,0.6409335727109515,912.1624775583483,0.0,0.0,1.5969479353680431,0.7342908438061041,0.8626570915619389,0.0,0.8967684021543986
607,2065.6014897579144,3.039925512104283,1.9972067039106145,2.5661080074487894,1.7569832402234637,0.5940409683426443,909.4199255121043,0.0,0.0,1.1880819366852886,0.6108007448789572,0.5772811918063314,0.0,0.9534450651769087
608,2073.6775067750677,0.9898373983739838,2.4046973803071365,2.3712737127371275,1.6946702800361337,0.6097560975609756,967.9783197831978,0.0,0.0,1.3757904245709123,0.6666666666666666,0.7091237579042458,0.0,0.980126467931346
609,2040.1035653650254,6.9562988115449915,2.3837011884550083,2.568760611205433,1.5755517826825127,0.6383701188455009,937.3039049235994,0.0,0.0,1.3471986417657045,0.6409168081494058,0.7062818336162988,0.0,0.8938879456706282
610,2063.490403071017,5.1819193857965455,1.6132437619961613,2.637236084452975,1.965451055662188,0.581573896353167,938.9721689059501,0.0,0.0,1.4875239923224568,0.783109404990403,0.7044145873320538,0.0,0.9395393474088292
611,2083.8658536585367,1.0206660412757973,2.7195121951219514,2.3874296435272044,1.5168855534709194,0.6125703564727955,959.875234521576,0.0,0.0,1.9118198874296435,0.8958724202626641,1.0159474671669793,0.0,0.9831144465290806
612,2035.0617726051926,6.5991763652641,2.8952551477170996,2.5299910474485228,1.6239928379588182,0.6517457475380484,968.1047448522829,0.0,0.0,1.4091316025067144,0.693822739480752,0.7153088630259624,0.0,0.9140555058191585
613,2069.4552605703047,3.7005309734513276,1.6873156342182891,2.7227138643067845,1.9026548672566372,0.6332350049164208,947.9823008849557,0.0,0.0,1.4513274336283186,0.7689282202556539,0.6823992133726647,0.0,0.9528023598820059
614,2095.1057513914657,0.44128014842300556,3.090909090909091,2.1280148423005567,1.6883116883116882,0.62152133580705,930.5046382189239,0.0,0.0,1.4183673469387754,0.7198515769944341,0.6985157699443414,0.0,0.9842300556586271
615,2042.4056362083688,5.777472245943638,2.631084543125534,2.5251921434671223,1.5499573014517507,0.5909479077711358,929.4816396242528,0.0,0.0,1.256191289496157,0.5764304013663536,0.6797608881298036,0.0,0.9094790777113578
616,2089.2167689161556,0.5458077709611452,1.9468302658486707,2.869120654396728,1.621676891615542,0.5930470347648262,937.0633946830266,0.0,0.0,1.1134969325153374,0.6104294478527608,0.5030674846625767,0.0,0.9877300613496932
617,2112.9410211267605,-0.017834507042253502,2.7755281690140845,2.5255281690140845,1.4419014084507042,0.5492957746478874,905.1963028169014,0.0,0.0,1.431338028169014,0.6866197183098591,0.7447183098591549,0.0,0.9867957746478874
618,2077.1831501831502,3.857847985347986,2.5943223443223444,3.0851648351648353,1.4871794871794872,0.6657509157509157,908.2005494505495,0.0,0.0,1.336080586080586,0.7628205128205128,0.5732600732600732,0.0,0.9441391941391941
619,2050.089836660617,4.598094373865699,1.6107078039927405,2.582577132486388,1.795825771324864,0.5989110707803993,917.8575317604356,0.0,0.0,0.8203266787658802,0.44646098003629764,0.3738656987295826,0.0,0.9319419237749547
620,2085.129391602399,0.4222107969151671,2.7257926306769495,2.389031705227078,1.675235646958012,0.6186803770351328,934.1979434447301,0.0,0.0,1.2613538988860327,0.6135389888603257,0.6478149100257069,0.0,0.9854327335047129
621,2045.963503649635,6.756204379562044,3.1085766423357666,2.7737226277372264,1.405109489051095,0.666058394160584,932.6961678832117,0.0,0.0,1.4534671532846715,0.6833941605839416,0.7700729927007299,0.0,0.8905109489051095
622,2052.3889384478143,3.3058608385370203,1.87957181088314,2.4192685102586977,2.008028545941124,0.568242640499554,939.2604817127565,0.0,0.0,0.991971454058876,0.4977698483496878,0.49420160570918825,0.0,0.9562890276538805
623,2073.15625,0.8925881410256411,2.4663461538461537,2.5729166666666665,1.6594551282051282,0.5568910256410257,953.7644230769231,0.0,0.0,1.4711538461538463,0.6963141025641025,0.7748397435897436,0.0,0.9815705128205128
624,2033.502030869212,6.508229082047117,2.865962632006499,2.4102355808285947,1.545897644191714,0.619821283509342,947.2160844841592,0.0,0.0,1.4199837530463038,0.6807473598700243,0.7392363931762794,0.0,0.9000812347684809
625,2050.0748858447487,5.212977168949772,1.9031963470319635,2.475799086757991,2.0228310502283104,0.5671232876712329,912.2191780821918,0.0,0.0,1.3598173515981735,0.6410958904109589,0.7187214611872146,0.0,0.9488584474885845
626,2076.616760828625,-0.048813559322033885,2.963276836158192,2.5037664783427496,1.423728813559322,0.6271186440677966,917.030131826742,0.0,0.0,1.451035781544256,0.7278719397363466,0.7231638418079096,0.0,0.987758945386064
627,2061.651264167393,3.9042371403661726,2.6791630340017436,2.7288578901482126,1.4856146469049696,0.5806451612903226,927.4272013949434,0.0,0.0,2.171752397558849,1.101133391455972,1.070619006102877,0.0,0.9380993897122929
628,2060.6171003717473,1.8460037174721189,1.437732342007435,2.5687732342007434,2.0808550185873607,0.5390334572490706,890.5799256505576,0.0,0.0,0.7146840148698885,0.3949814126394052,0.31970260223048325,0.0,0.9721189591078067
629,2075.962216624685,1.1109739714525608,2.5214105793450883,2.431570109151973,1.619647355163728,0.4760705289672544,877.7355163727959,0.0,0.0,1.0957178841309825,0.5407220822837951,0.5549958018471872,0.0,0.9832073887489504
630,2066.5129533678755,3.949965457685665,2.454231433506045,2.791882556131261,1.6174438687392054,0.6096718480138169,895.5785837651123,0.0,0.0,1.7633851468048358,0.8160621761658031,0.9473229706390328,0.0,0.9283246977547496
631,2052.2157048249765,5.111267738883632,1.45600756859035,2.805108798486282,1.8826868495742668,0.5780510879848628,835.6840113528855,0.0,0.0,1.3841059602649006,0.6811731315042573,0.7029328287606433,0.0,0.9394512771996215
632,2077.345896147404,0.5865410385259631,2.437185929648241,2.3953098827470685,1.8023450586264658,0.5301507537688442,915.8467336683417,0.0,0.0,1.8752093802345058,0.9321608040201005,0.9430485762144054,0.0,0.9849246231155779
633,2058.6491071428572,4.420723214285714,2.388392857142857,3.024107142857143,1.4785714285714286,0.5991071428571428,920.1392857142857,0.0,0.0,2.3348214285714284,1.1223214285714285,1.2125,0.0,0.9178571428571428
634,2061.3405051449954,2.8771468662301216,1.8381665107577174,2.469597754911132,2.0449017773620204,0.5771749298409729,883.4144059869036,0.0,0.0,1.854069223573433,0.8783910196445276,0.9756782039289055,0.0,0.9532273152478953
635,2079.0593445527015,2.178520814880425,2.7015057573073515,2.245349867139061,1.758193091231178,0.5801594331266607,930.9654561558901,0.0,0.0,1.8325952170062,0.845881310894597,0.9867139061116031,0.0,0.975199291408326
636,2041.7971745711402,6.169626639757821,3.0716448032290615,2.860746720484359,1.4117053481331987,0.7164480322906155,904.8526740665994,0.0,0.0,1.8970736629667002,0.9515640766902119,0.9455095862764884,0.0,0.9091826437941474
637,2059.188605108055,2.7307760314341847,2.2966601178781927,2.572691552062868,1.680746561886051,0.5825147347740668,854.4577603143418,0.0,0.0,1.0206286836935168,0.5216110019646365,0.49901768172888017,0.0,0.9567779960707269
638,2079.6963788300836,1.1853946146703807,2.764159702878366,2.4475394614670383,1.6536675951717734,0.5728876508820798,892.7771587743732,0.0,0.0,1.2367688022284122,0.5942432683379758,0.6425255338904364,0.0,0.9814298978644382
639,2035.1779359430604,7.26911921708185,2.6583629893238436,2.741103202846975,1.501779359430605,0.6663701067615658,883.4074733096086,0.0,0.0,1.6459074733096086,0.7615658362989324,0.8843416370106761,0.0,0.8852313167259787
640,2065.039777983349,3.426641998149861,1.7493061979648474,2.7132284921369103,1.913968547641073,0.5272895467160037,902.8353376503238,0.0,0.0,1.7631822386679001,0.8501387604070305,0.9130434782608695,0.0,0.9555966697502313
641,2081.663330300273,0.1808007279344859,2.832575068243858,2.448589626933576,1.6114649681528663,0.5641492265696088,908.0209281164695,0.0,0.0,1.759781619654231,0.8671519563239308,0.8926296633303002,0.0,0.9827115559599636
642,2022.7602552415678,6.178422971741112,2.8322698268003648,2.4813126709206927,1.4904284412032818,0.659070191431176,869.4257064721969,0.0,0.0,1.1759343664539654,0.5897903372835005,0.5861440291704649,0.0,0.8988149498632635
643,2053.9774859287054,6.382636022514071,1.6923076923076923,2.6435272045028144,1.9530956848030019,0.6463414634146342,910.6744840525329,0.0,0.0,1.6135084427767354,0.8442776735459663,0.7692307692307693,0.0,0.9230769230769231
644,2084.563943161634,0.9977886323268206,3.068383658969805,2.2282415630550623,1.7158081705150976,0.6225577264653641,929.3641207815275,0.0,0.0,1.6074600355239788,0.8081705150976909,0.7992895204262878,0.0,0.9849023090586145
645,2070.998415213946,4.088621236133122,2.786846275752773,2.525356576862124,1.5530903328050714,0.5816164817749604,897.9477020602219,0.0,0.0,1.996038034865293,1.05229793977813,0.9437400950871633,0.0,0.9112519809825673
646,2079.228982300885,4.466880530973452,2.1106194690265485,2.7820796460176993,1.6858407079646018,0.6703539823008849,888.6482300884956,0.0,0.0,1.6902654867256637,0.9070796460176991,0.7831858407079646,0.0,0.9491150442477876
647,2135.2127845884415,0.23175131348511385,2.9089316987740808,2.6007005253940454,1.5884413309982486,0.5831873905429071,922.7959719789842,0.0,0.0,1.8581436077057794,0.9150612959719789,0.9430823117338003,0.0,0.9833625218914186
648,2057.096908939014,5.023951545530493,2.573099415204678,2.7777777777777777,1.567251461988304,0.6407685881370092,943.500417710944,0.0,0.0,1.9682539682539681,1.0150375939849625,0.9532163742690059,0.0,0.910609857978279
649,2071.7125468164795,4.205852059925094,1.7134831460674158,2.656367041198502,1.849250936329588,0.6413857677902621,912.9026217228464,0.0,0.0,1.6760299625468165,0.8726591760299626,0.8033707865168539,0.0,0.9438202247191011
650,2100.0268948655257,1.2823553382233088,2.545232273838631,2.3553382233088835,1.6731866340668298,0.5664221678891606,904.1833740831296,0.0,0.0,2.0423797881010595,1.0366748166259168,1.0057049714751427,0.0,0.9812550937245313
651,2074.6546296296297,4.719212962962963,2.7425925925925925,2.761111111111111,1.510185185185185,0.625,882.4212962962963,0.0,0.0,2.9055555555555554,1.3555555555555556,1.55,0.0,0.9203703703703704
652,2061.0341328413283,3.8501107011070115,1.944649446494465,2.297970479704797,2.11070110701107,0.6014760147601476,892.5221402214022,0.0,0.0,1.4317343173431734,0.6928044280442804,0.738929889298893,0.0,0.948339483394834
653,2108.5835370823147,0.3547677261613692,2.571312143439283,2.637326813365933,1.6120619396903015,0.5541972290138549,931.8769356153219,0.0,0.0,1.9013854930725347,0.9225753871230644,0.9788101059494703,0.0,0.9845150774246129
654,2049.62818336163,6.3506451612903225,3.0534804753820035,2.3769100169779285,1.5534804753820033,0.6417657045840407,926.2402376910017,0.0,0.0,2.2733446519524616,1.0823429541595926,1.1910016977928692,0.0,0.8981324278438031
655,2073.7639282341834,3.19014164305949,2.156751652502361,2.4730878186968837,1.9461756373937678,0.6005665722379604,921.728045325779,0.0,0.0,1.5552407932011332,0.7223796033994334,0.8328611898016998,0.0,0.959395656279509
656,2111.1234329797494,0.5191513982642237,3.3654773384763743,2.481195756991321,1.3404050144648023,0.6133076181292189,942.4792671166828,0.0,0.0,2.150433944069431,1.008678881388621,1.14175506268081,0.0,0.9816779170684667
657,2068.573715248526,4.036385846672283,3.0193765796124685,2.6183656276326874,1.3909014321819713,0.6057287278854254,939.5265374894692,0.0,0.0,1.7144060657118787,0.8028643639427128,0.9115417017691659,0.0,0.9317607413647851
658,2071.671681415929,2.854407079646018,1.575221238938053,2.420353982300885,2.050442477876106,0.5734513274336284,945.5610619469027,0.0,0.0,1.7176991150442478,0.9141592920353983,0.8035398230088495,0.0,0.9619469026548673
659,2090.5454545454545,0.9337422771403354,2.6293027360988526,2.442188879082083,1.5701676963812887,0.5675198587819947,948.1482789055605,0.0,0.0,2.058252427184466,1.0406001765225066,1.0176522506619594,0.0,0.9796999117387467
660,2067.0272887323945,1.9277376760563378,2.568661971830986,2.750880281690141,1.4647887323943662,0.608274647887324,951.8177816901408,0.0,0.0,1.4674295774647887,0.6945422535211268,0.772887323943662,0.0,0.9515845070422535
661,2052.6748410535874,2.9495004541326066,1.625794732061762,2.481380563124432,1.9209809264305178,0.5812897366030881,938.4741144414169,0.0,0.0,0.7774750227066304,0.3996366939146231,0.37783832879200724,0.0,0.9536784741144414
662,2067.8502581755592,0.2714974182444062,2.6540447504302924,2.3674698795180724,1.5395869191049913,0.5576592082616179,958.1015490533563,0.0,0.0,0.9569707401032702,0.43459552495697074,0.5223752151462995,0.0,0.9870912220309811
663,2055.737552742616,4.90590717299578,2.610970464135021,2.8962025316455695,1.4059071729957806,0.6329113924050633,945.4759493670886,0.0,0.0,1.5772151898734177,0.7628691983122363,0.8143459915611815,0.0,0.9105485232067511
664,2061.585641025641,3.205405128205128,1.9241025641025642,2.2574358974358972,1.8871794871794871,0.6430769230769231,926.4307692307692,0.0,0.0,0.9538461538461539,0.52,0.4338461538461538,0.0,0.9558974358974359
665,2090.280762564991,1.4668630849220103,2.766897746967071,2.1204506065857887,1.694107452339688,0.5424610051993067,974.396013864818,0.0,0.0,1.6464471403812826,0.7824956672443674,0.8639514731369151,0.0,0.9809358752166378
666,2039.3350604490502,6.588134715025907,3.2063903281519863,2.523316062176166,1.3246977547495682,0.6528497409326425,975.6563039723661,0.0,0.0,1.7625215889464594,0.7936096718480138,0.9689119170984456,0.0,0.8963730569948186
667,2065.2841025641023,2.413897435897436,2.0338461538461536,2.407179487179487,1.8102564102564103,0.6205128205128205,991.1189743589744,0.0,0.0,1.7528205128205128,0.958974358974359,0.7938461538461539,0.0,0.9661538461538461
668,2077.388357949609,1.221963509991312,2.510860121633362,2.2363162467419637,1.6429192006950477,0.5629887054735013,984.4691572545612,0.0,0.0,2.000868809730669,0.945264986967854,1.0556038227628148,0.0,0.9791485664639444
669,2055.816196542311,4.342001819836215,2.8416742493175615,2.6442220200181983,1.5277525022747953,0.6696997270245678,1004.5923566878981,0.0,0.0,1.3175614194722476,0.5969062784349408,0.7206551410373067,0.0,0.9153776160145587
670,2063.8418079096045,1.6841525423728816,1.78060263653484,2.3832391713747647,1.9557438794726931,0.571563088512241,994.4293785310734,0.0,0.0,0.8512241054613936,0.403954802259887,0.4472693032015066,0.0,0.9736346516007532
671,2093.2681992337166,0.7475383141762452,2.939655172413793,2.299808429118774,1.5699233716475096,0.5680076628352491,1014.8563218390805,0.0,0.0,1.4396551724137931,0.6513409961685823,0.7883141762452107,0.0,0.9789272030651341
672,2063.9650224215247,4.265094170403588,2.6932735426008967,2.4017937219730943,1.5515695067264574,0.6349775784753363,970.5183856502242,0.0,0.0,1.3937219730941703,0.6825112107623318,0.7112107623318386,0.0,0.9246636771300448
673,2076.961315280464,3.469042553191489,1.5967117988394584,2.5522243713733075,1.925531914893617,0.6276595744680851,961.4748549323017,0.0,0.0,1.995164410058027,1.064796905222437,0.9303675048355899,0.0,0.9545454545454546
674,2094.2873166522863,1.3147713546160482,2.7152717860224334,1.9620362381363243,1.81190681622088,0.545297670405522,960.2148403796376,0.0,0.0,2.0422778257118206,1.0112165660051768,1.0310612597066438,0.0,0.9784296807592753
675,2088.054873054873,6.316429156429156,2.7616707616707616,2.444717444717445,1.6044226044226044,0.6027846027846028,933.7403767403767,0.0,0.0,2.244062244062244,1.0704340704340705,1.1736281736281737,0.0,0.8992628992628993
676,2066.0774946921442,3.736496815286624,2.0498938428874736,2.575371549893843,1.7282377919320595,0.6666666666666666,956.0074309978769,0.0,0.0,1.489384288747346,0.7367303609341825,0.7526539278131635,0.0,0.9564755838641189
677,2073.3229166666665,1.2042968749999998,2.6987847222222223,2.328125,1.5321180555555556,0.5946180555555556,957.125,0.0,0.0,1.8402777777777777,0.9348958333333334,0.9053819444444444,0.0,0.9791666666666666
678,2068.876127973749,3.0509598031173093,2.3740771123872024,2.7374897456931913,1.5479901558654634,0.5840853158326497,930.0246103363413,0.0,0.0,2.210008203445447,1.0902378999179656,1.1197703035274815,0.0,0.9401148482362592
679,2058.449720670391,3.5905214152700187,1.5446927374301676,2.4013035381750467,1.8743016759776536,0.5325884543761639,906.183426443203,0.0,0.0,1.5065176908752327,0.7067039106145251,0.7998137802607076,0.0,0.957169459962756
680,2104.7076271186443,-0.017533898305084745,2.559322033898305,2.294915254237288,1.6635593220338982,0.5347457627118644,946.2381355932204,0.0,0.0,2.1915254237288138,1.0720338983050848,1.1194915254237288,0.0,0.9889830508474576
681,2070.116387337058,4.087188081936685,2.7206703910614527,2.670391061452514,1.399441340782123,0.6182495344506518,918.3091247672253,0.0,0.0,2.7206703910614527,1.277467411545624,1.4432029795158288,0.0,0.9199255121042831
682,2093.278118609407,1.413476482617587,1.8384458077709611,2.2678936605316973,1.9478527607361964,0.6523517382413088,912.3895705521472,0.0,0.0,2.0664621676891617,0.9948875255623721,1.0715746421267893,0.0,0.9642126789366053
683,2136.293056807935,1.8528133453561768,2.4012623985572588,2.4030658250676287,1.6104598737601443,0.5653742110009017,919.229035166817,0.0,0.0,3.848512173128945,1.8854824165915238,1.963029756537421,0.0,0.9783588818755635
684,2093.2,6.618601769911505,2.9168141592920356,2.2893805309734514,1.6035398230088496,0.6212389380530974,933.4345132743363,0.0,0.0,3.35929203539823,1.6194690265486726,1.7398230088495574,0.0,0.911504424778761
685,2074.661,5.15965,1.772,2.219,1.898,0.565,890.814,0.0,0.0,2.924,1.461,1.463,0.0,0.93
686,2119.9763779527557,1.2731692913385826,3.0039370078740157,2.074803149606299,1.454724409448819,0.6437007874015748,961.7795275590552,0.0,0.0,4.514763779527559,2.124015748031496,2.390748031496063,0.0,0.9763779527559056
687,2085.291705498602,3.679431500465983,3.189189189189189,2.5041938490214353,1.3252562907735321,0.6551724137931034,944.2432432432432,0.0,0.0,3.6178937558247903,1.7381174277726001,1.8797763280521902,0.0,0.9384902143522833
688,2103.8644986449863,1.2589972899728998,1.6061427280939475,2.3857271906052393,2.003613369467028,0.5158084914182475,968.7669376693767,0.0,0.0,3.0569105691056913,1.4724480578139114,1.5844625112917796,0.0,0.960252935862692
689,2097.1793680297396,0.4951486988847583,2.823420074349442,2.2193308550185873,1.550185873605948,0.6301115241635687,1000.6003717472119,0.0,0.0,3.5046468401486988,1.7063197026022305,1.7983271375464684,0.0,0.9795539033457249
690,2083.5107913669067,1.893363309352518,2.616906474820144,2.714028776978417,1.5071942446043165,0.5773381294964028,990.4154676258993,0.0,0.0,2.2661870503597124,1.0863309352517985,1.1798561151079137,0.0,0.9559352517985612
691,2062.888565891473,3.3904263565891473,1.6472868217054264,2.3343023255813953,1.9060077519379846,0.5736434108527132,949.0930232558139,0.0,0.0,1.6327519379844961,0.8352713178294574,0.7974806201550387,0.0,0.9544573643410853
692,2102.7925386715197,-0.07075523202911739,2.6442220200181983,2.1965423111919926,1.6014558689717926,0.5677888989990901,998.4977252047315,0.0,0.0,2.735213830755232,1.348498635122839,1.386715195632393,0.0,0.9927206551410374
693,2077.0680034873585,4.264585876198779,2.5780296425457716,2.6861377506538795,1.4036617262423714,0.6085440278988666,957.8047079337402,0.0,0.0,3.086312118570183,1.5823888404533566,1.5039232781168266,0.0,0.9267654751525719
694,2067.5223880597014,4.10838619402985,2.083955223880597,2.2154850746268657,1.9720149253731343,0.5774253731343284,926.026119402985,0.0,0.0,2.33955223880597,1.1735074626865671,1.166044776119403,0.0,0.9561567164179104
695,2124.5711820534943,0.830923209663503,2.8464193270060396,2.1639344262295084,1.5522001725625538,0.5642795513373597,998.802415875755,0.0,0.0,3.5064710957722176,1.6764452113891286,1.8300258843830888,0.0,0.9775668679896462
696,2076.344827586207,6.625411140583554,3.2192749778956675,2.5358090185676394,1.178603006189213,0.6047745358090185,960.0406719717065,0.0,0.0,3.4394341290893014,1.6109637488947834,1.8284703801945181,0.0,0.9062776304155614
697,2069.013435700576,1.6258157389635315,2.3723608445297506,2.3339731285988483,1.5758157389635317,0.5854126679462572,951.936660268714,0.0,0.0,1.9145873320537428,0.9395393474088292,0.9750479846449136,0.0,0.9769673704414588
698,2144.6463844797177,-0.019603174603174595,2.7451499118165783,2.2936507936507935,1.5696649029982364,0.5529100529100529,976.4400352733686,0.0,0.0,3.0123456790123457,1.4479717813051147,1.564373897707231,0.0,0.9850088183421517
699,2029.96,7.025417391304347,2.836521739130435,2.5330434782608697,1.3547826086956523,0.628695652173913,949.5765217391304,0.0,0.0,2.6956521739130435,1.2956521739130435,1.4,0.0,0.8869565217391304
700,2073.376014427412,3.59819657348963,2.0396753832281336,2.351668169522092,1.7908025247971144,0.48692515779981965,944.0081154192967,0.0,0.0,2.553651938683499,1.2759242560865645,1.2777276825969341,0.0,0.957619477006312
701,2112.470377019749,0.7728456014362658,2.868043087971275,2.2262118491921004,1.502692998204668,0.5789946140035906,963.016157989228,0.0,0.0,2.8662477558348294,1.3581687612208257,1.5080789946140036,0.0,0.9820466786355476
702,2037.2243697478991,4.816361344537816,2.946218487394958,2.4025210084033612,1.4563025210084033,0.6277310924369748,961.618487394958,0.0,0.0,1.5201680672268907,0.746218487394958,0.7739495798319328,0.0,0.9109243697478991
703,2049.5098039215686,4.779823529411765,1.811764705882353,2.4088235294117646,1.8058823529411765,0.6294117647058823,891.228431372549,0.0,0.0,2.111764705882353,1.0892156862745097,1.022549019607843,0.0,0.9382352941176471
704,2090.8877463581834,2.317446443873179,3.190231362467866,2.1345329905741215,1.5784061696658098,0.596401028277635,941.1550985432733,0.0,0.0,2.4250214224507283,1.126820908311911,1.2982005141388175,0.0,0.976006855184233
705,2049.3038180341186,5.050446791226645,2.9610073111291633,2.462225832656377,1.4882209585702681,0.6173842404549147,900.374492282697,0.0,0.0,1.9788789601949635,0.9829406986190089,0.9959382615759546,0.0,0.9073923639317628
706,2085.8697421981005,1.6134328358208954,2.407055630936228,2.360922659430122,1.5630936227951153,0.6919945725915875,913.202170963365,0.0,0.0,2.4993215739484396,1.2293080054274084,1.2700135685210312,0.0,0.9755766621438263
707,2086.195390781563,0.495,3.0741482965931866,2.3977955911823647,1.467935871743487,0.6022044088176353,934.9448897795592,0.0,0.0,2.347695390781563,1.1022044088176353,1.245490981963928,0.0,0.9839679358717435
708,2056.833904109589,4.962833904109589,2.631849315068493,2.5059931506849313,1.5008561643835616,0.6498287671232876,927.4349315068494,0.0,0.0,2.4135273972602738,1.1481164383561644,1.2654109589041096,0.0,0.9152397260273972
709,2094.729038854806,3.789754601226994,1.8026584867075666,2.4713701431492843,1.7423312883435582,0.7034764826175869,933.7464212678937,0.0,0.0,2.796523517382413,1.30879345603272,1.4877300613496933,0.0,0.943762781186094
710,2099.354743083004,2.1734486166007905,2.8043478260869565,2.2865612648221343,1.5958498023715415,0.6452569169960475,983.8349802371541,0.0,0.0,3.427865612648221,1.674901185770751,1.7529644268774704,0.0,0.9762845849802372
711,2064.2186932849363,5.446134301270417,3.086206896551724,2.604355716878403,1.3366606170598911,0.647912885662432,944.9764065335753,0.0,0.0,3.0063520871143377,1.4918330308529946,1.514519056261343,0.0,0.8920145190562614
712,2049.6773226773225,3.3296503496503496,2.092907092907093,2.024975024975025,2.013986013986014,0.6473526473526473,964.3296703296703,0.0,0.0,1.4985014985014986,0.6753246753246753,0.8231768231768232,0.0,0.9590409590409591
713,2092.766304347826,1.0929257246376813,2.9692028985507246,2.397644927536232,1.4103260869565217,0.5969202898550725,989.4067028985507,0.0,0.0,3.960144927536232,1.8442028985507246,2.1159420289855073,0.0,0.9773550724637681
714,2053.3386243386244,7.071816578483245,3.2945326278659612,2.2804232804232805,1.474426807760141,0.656084656084656,949.7821869488536,0.0,0.0,3.2292768959435625,1.5449735449735449,1.6843033509700176,0.0,0.890652557319224
715,2098.095,4.10502,2.184,2.159,1.876,0.602,918.76,0.0,0.0,2.823,1.354,1.469,0.0,0.945
716,2097.371017471737,1.9240287769784172,3.396711202466598,2.013360739979445,1.4840698869475848,0.6762589928057554,961.365878725591,0.0,0.0,3.3771839671120247,1.6896197327852005,1.6875642343268242,0.0,0.9753340184994861
717,2048.981723237598,6.28721496953873,3.1096605744125325,2.476936466492602,1.3646649260226285,0.566579634464752,949.1201044386423,0.0,0.0,2.3655352480417755,1.1679721496953872,1.197563098346388,0.0,0.9190600522193212
718,2075.769230769231,3.8156477732793523,1.6902834008097165,2.1973684210526314,2.0931174089068825,0.5931174089068826,930.8825910931174,0.0,0.0,1.7348178137651822,0.9139676113360324,0.8208502024291497,0.0,0.9453441295546559
719,2091.820038910506,1.521079766536965,2.762645914396887,2.309338521400778,1.561284046692607,0.6488326848249028,939.2869649805448,0.0,0.0,3.285019455252918,1.6809338521400778,1.6040856031128405,0.0,0.9795719844357976
720,2084.6295979469633,4.770145423438837,2.5671514114627887,2.493584260051326,1.5064157399486742,0.58169375534645,926.775876817793,0.0,0.0,3.097519247219846,1.4679213002566296,1.6295979469632165,0.0,0.9264328485885372
721,2144.664734299517,2.6490338164251206,1.7371980676328502,2.3719806763285023,1.8734299516908213,0.5555555555555556,919.6531400966184,0.0,0.0,3.477294685990338,1.685024154589372,1.7922705314009661,0.0,0.9603864734299516
722,2091.817924528302,0.43913207547169814,2.6066037735849057,2.0528301886792453,1.6924528301886792,0.5641509433962264,980.6235849056603,0.0,0.0,2.360377358490566,1.1141509433962264,1.2462264150943396,0.0,0.9877358490566037
723,2071.1887931034485,4.485060344827586,2.6879310344827587,2.7913793103448277,1.339655172413793,0.575,1008.4413793103448,0.0,0.0,4.112068965517241,1.8525862068965517,2.2594827586206896,0.0,0.9275862068965517
724,2059.1020228671946,4.668592788038698,2.0668425681618294,2.2832014072119615,1.8425681618293754,0.544415127528584,958.5039577836411,0.0,0.0,1.720316622691293,0.8592788038698329,0.86103781882146,0.0,0.9542656112576957
725,2134.9841549295775,0.8432306338028169,2.909330985915493,2.294894366197183,1.6153169014084507,0.5642605633802817,979.2649647887324,0.0,0.0,3.4119718309859155,1.618838028169014,1.7931338028169015,0.0,0.9806338028169014
726,2092.4407540394973,7.954631956912028,3.2450628366247756,2.6023339317773786,1.3114901256732496,0.6247755834829444,947.157091561939,0.0,0.0,3.4326750448833034,1.6059245960502693,1.8267504488330342,0.0,0.9012567324955116
727,2092.6264258555134,3.682614068441065,2.417300380228137,2.4952471482889735,1.7671102661596958,0.6283269961977186,991.0484790874525,0.0,0.0,1.9182509505703422,0.9914448669201521,0.9268060836501901,0.0,0.9600760456273765
728,2116.0324786324786,0.3865897435897435,2.7504273504273504,2.4401709401709404,1.611965811965812,0.5393162393162393,968.5316239316239,0.0,0.0,2.270940170940171,1.047863247863248,1.2230769230769232,0.0,0.9880341880341881
729,2062.5,5.7675251677852355,2.7348993288590604,2.5327181208053693,1.4932885906040267,0.5780201342281879,933.6291946308725,0.0,0.0,2.021812080536913,1.0226510067114094,0.9991610738255033,0.0,0.9119127516778524
730,2072.876459143969,2.301809338521401,1.906614785992218,2.6108949416342413,1.916342412451362,0.5116731517509727,930.1060311284047,0.0,0.0,2.458171206225681,1.2636186770428015,1.1945525291828794,0.0,0.9717898832684825
731,2138.8406747891286,0.41267104029990626,2.8359887535145267,2.2980318650421743,1.620431115276476,0.5923149015932521,922.4208059981256,0.0,0.0,3.4236176194939083,1.7207122774133083,1.7029053420805997,0.0,0.979381443298969
732,2057.489898989899,6.152028619528619,2.9974747474747474,2.339225589225589,1.6346801346801347,0.5984848484848485,951.3367003367003,0.0,0.0,2.404882154882155,1.1952861952861953,1.2095959595959596,0.0,0.9090909090909091
733,2089.1634703196346,3.0550867579908676,1.7716894977168949,2.5141552511415526,1.9351598173515983,0.5771689497716895,948.5890410958904,0.0,0.0,3.2401826484018263,1.7004566210045662,1.5397260273972602,0.0,0.947945205479452
734,2107.8735042735043,0.4814871794871795,3.1,2.112820512820513,1.747008547008547,0.5846153846153846,968.848717948718,0.0,0.0,3.0965811965811967,1.4803418803418804,1.6162393162393163,0.0,0.9846153846153847
735,2055.7450199203186,6.159123505976096,2.8772908366533865,2.49402390438247,1.4772908366533866,0.5737051792828686,928.1091633466135,0.0,0.0,3.00398406374502,1.4812749003984065,1.5227091633466134,0.0,0.900398406374502
736,2092.6795131845843,4.930192697768763,2.4198782961460448,2.420892494929006,1.7383367139959431,0.6257606490872211,956.44523326572,0.0,0.0,3.2718052738336714,1.5608519269776877,1.7109533468559839,0.0,0.9442190669371197
737,2092.7678122380553,1.0810393964794633,2.9270746018440907,2.296730930427494,1.595138306789606,0.5599329421626152,968.357921207041,0.0,0.0,3.151718357082984,1.5540653813914502,1.5976529756915339,0.0,0.9823973176865046
738,2050.09793814433,4.965042955326461,2.461340206185567,2.738831615120275,1.563573883161512,0.5850515463917526,943.3341924398626,0.0,0.0,2.3350515463917527,1.1915807560137457,1.1434707903780068,0.0,0.9054982817869416
739,2065.831715210356,4.7341423948220065,1.842502696871629,2.6537216828478964,1.895361380798274,0.598705501618123,959.8834951456311,0.0,0.0,2.6601941747572817,1.3408845738942827,1.319309600862999,0.0,0.9449838187702265
740,2128.6815008726003,0.48103839441535773,2.607329842931937,2.201570680628272,1.731239092495637,0.5471204188481675,989.1352530541012,0.0,0.0,3.337696335078534,1.5654450261780104,1.7722513089005236,0.0,0.9860383944153578
741,2064.5205959684486,6.873339176161262,2.899211218229623,2.6117440841367223,1.4890446976336547,0.567922874671341,974.1910604732691,0.0,0.0,3.38737949167397,1.5495179666958807,1.8378615249780894,0.0,0.8913234005258545
742,2065.952741020794,2.828771266540643,1.9640831758034027,2.276937618147448,2.234404536862004,0.5519848771266541,990.796786389414,0.0,0.0,2.0340264650283553,0.9593572778827977,1.0746691871455576,0.0,0.9631379962192816
743,2117.163025210084,0.07340336134453783,2.515966386554622,2.372268907563025,1.7159663865546217,0.5336134453781513,978.6638655462185,0.0,0.0,8.3109243697479,3.9714285714285715,4.339495798319327,0.0,0.9873949579831933
744,2040.7016622922135,5.533350831146107,2.769903762029746,2.2440944881889764,1.6727909011373578,0.57917760279965,947.7926509186352,0.0,0.0,1.9886264216972878,0.9536307961504812,1.0349956255468067,0.0,0.9090113735783028
745,2051.7842435094003,6.7660071620411815,1.9919427036705462,2.3222918531781556,1.964189794091316,0.5487914055505819,909.4431512981199,0.0,0.0,2.5720680393912265,1.3294538943598926,1.242614145031334,0.0,0.9256938227394808
746,2073.1928294573645,2.0011046511627906,3.1036821705426356,2.268410852713178,1.619186046511628,0.6434108527131783,963.2577519379845,0.0,0.0,3.132751937984496,1.5155038759689923,1.6172480620155039,0.0,0.9777131782945736
747,2068.1543209876545,6.425890652557319,3.0255731922398588,2.450617283950617,1.3897707231040564,0.5696649029982364,921.9312169312169,0.0,0.0,3.5,1.646384479717813,1.853615520282187,0.0,0.9012345679012346
748,2046.5066666666667,5.5406,1.620952380952381,2.164761904761905,2.0038095238095237,0.5361904761904762,947.0514285714286,0.0,0.0,2.355238095238095,1.2295238095238095,1.1257142857142857,0.0,0.9361904761904762
749,2120.6363636363635,1.394334251606979,2.82277318640955,2.320477502295684,1.5674931129476584,0.5904499540863177,999.1441689623508,0.0,0.0,3.82277318640955,1.8760330578512396,1.9467401285583104,0.0,0.977961432506887
750,2095.741146711636,3.659350758853288,2.709106239460371,2.6450252951096123,1.5716694772344013,0.5472175379426644,995.424957841484,0.0,0.0,3.4873524451939293,1.7175379426644182,1.769814502529511,0.0,0.9308600337268128
751,2078.67017208413,3.3119407265774377,1.7523900573613767,2.378585086042065,1.907265774378585,0.5535372848948374,941.0678776290631,0.0,0.0,2.72848948374761,1.2791586998087954,1.4493307839388145,0.0,0.9474187380497132
752,2086.2785646836637,0.3213125590179414,2.8479697828139754,2.1841359773371103,1.7847025495750708,0.5920679886685553,987.614730878187,0.0,0.0,2.7554296506137868,1.372993389990557,1.3824362606232294,0.0,0.983947119924457
753,2085.608272506083,5.227153284671533,2.557177615571776,2.8475263584752635,1.4363341443633415,0.5336577453365775,967.4282238442822,0.0,0.0,5.5012165450121655,2.4014598540145986,3.099756690997567,0.0,0.9213300892133008
754,2081.18606870229,1.554790076335878,1.8864503816793894,2.4160305343511452,1.9599236641221374,0.5648854961832062,957.0963740458016,0.0,0.0,1.616412213740458,0.8005725190839694,0.8158396946564885,0.0,0.9713740458015268
755,2139.7223695844386,0.8558797524314765,2.770999115826702,2.2829354553492482,1.5941644562334218,0.5305039787798409,954.1786030061892,0.0,0.0,4.553492484526967,2.1839080459770117,2.3695844385499556,0.0,0.9805481874447391
756,2089.8589981447126,8.897272727272728,3.093692022263451,2.6205936920222634,1.3089053803339519,0.62708719851577,940.3144712430427,0.0,0.0,4.465677179962894,2.0426716141001857,2.4230055658627085,0.0,0.8896103896103896
757,2082.015917602996,3.43309925093633,2.2771535580524342,2.4794007490636703,1.700374531835206,0.6132958801498127,922.0823970037453,0.0,0.0,2.342696629213483,1.1189138576779025,1.2237827715355805,0.0,0.949438202247191
758,2116.92180712424,0.29092093831450916,2.634231103388358,2.516072980017376,1.5890529973935708,0.5951346655082537,947.4587315377933,0.0,0.0,3.2980017376194612,1.5525629887054735,1.7454387489139878,0.0,0.9826238053866203
759,2062.052930056711,7.548213610586012,2.6625708884688093,2.8638941398865785,1.4593572778827977,0.6153119092627599,873.8884688090737,0.0,0.0,3.522684310018904,1.5888468809073724,1.9338374291115312,0.0,0.888468809073724
760,2122.2152974504247,2.157488196411709,1.8555240793201133,2.639282341831917,1.8687440982058545,0.4985835694050991,960.6345609065156,0.0,0.0,3.909348441926346,1.8423040604343721,2.0670443814919737,0.0,0.9669499527856469
761,2093.9888682745827,1.9839424860853432,3.015769944341373,2.3692022263450836,1.474025974025974,0.5742115027829313,929.1892393320965,0.0,0.0,4.063079777365492,1.9647495361781075,2.098330241187384,0.0,0.9768089053803339
762,2046.554794520548,6.094332191780822,2.9092465753424657,2.469178082191781,1.5470890410958904,0.6147260273972602,951.4126712328767,0.0,0.0,3.4075342465753424,1.5796232876712328,1.8279109589041096,0.0,0.9058219178082192
763,2070.534222222222,5.013893333333334,1.783111111111111,2.7111111111111112,1.7733333333333334,0.5893333333333334,908.4746666666666,0.0,0.0,6.037333333333334,3.070222222222222,2.967111111111111,0.0,0.9262222222222222
764,2074.6401006711408,1.242248322147651,3.0864093959731544,2.376677852348993,1.6728187919463087,0.6090604026845637,936.5696308724832,0.0,0.0,2.370805369127517,1.0864093959731544,1.2843959731543624,0.0,0.9773489932885906
765,2044.1083265966047,5.294033953112369,2.8350848827809214,2.6483427647534357,1.5537590945836701,0.5836701697655619,898.9070331447049,0.0,0.0,3.1552142279708972,1.53839935327405,1.6168148746968471,0.0,0.9037995149555376
766,2074.6535580524346,2.6965823970037452,2.0692883895131087,2.851123595505618,1.6601123595505618,0.5571161048689138,920.189138576779,0.0,0.0,2.7865168539325844,1.3117977528089888,1.4747191011235956,0.0,0.9691011235955056
767,2081.9064869418703,0.021600673967986508,2.830665543386689,2.709351305812974,1.3833192923336142,0.5593934288121314,922.3841617523168,0.0,0.0,3.549283909014322,1.6259477674810447,1.9233361415332773,0.0,0.987363100252738
768,2061.8845514950167,4.529285714285715,2.416943521594684,2.956810631229236,1.478405315614618,0.6029900332225914,915.3803986710964,0.0,0.0,3.5182724252491693,1.701827242524917,1.8164451827242525,0.0,0.9119601328903655
769,2067.179651695692,5.7897616865261226,1.6700274977085243,2.823098075160403,1.7112740604949588,0.6076993583868011,912.7158570119157,0.0,0.0,3.906507791017415,1.8102658111824015,2.0962419798350136,0.0,0.9303391384051329
770,2134.1522491349483,-0.18816608996539794,2.694636678200692,2.4480968858131487,1.6591695501730104,0.6038062283737025,900.8278546712803,0.0,0.0,4.711072664359862,2.2335640138408306,2.4775086505190314,0.0,0.9913494809688581
771,2046.3170933113129,7.221255161023947,2.822460776218002,2.6763005780346822,1.3402146985962016,0.5730800990916598,894.0611065235342,0.0,0.0,3.64822460776218,1.6416184971098267,2.0066061106523536,0.0,0.8959537572254336
772,2080.7034050179213,1.4853136200716848,1.85752688172043,2.3163082437275984,2.0725806451612905,0.5474910394265233,899.6236559139785,0.0,0.0,2.911290322580645,1.4014336917562724,1.5098566308243728,0.0,0.9704301075268817
773,2097.5868694955966,0.875388310648519,2.3282626100880703,2.646116893514812,1.5916733386709367,0.5092073658927142,905.9519615692554,0.0,0.0,3.4635708566853483,1.6389111289031224,1.8246597277822258,0.0,0.9831865492393915
774,2051.8947368421054,6.56828548644338,2.964114832535885,2.401913875598086,1.5885167464114833,0.5685805422647527,889.0534290271132,0.0,0.0,3.307814992025518,1.6618819776714513,1.645933014354067,0.0,0.9011164274322169
775,2085.6011513157896,3.8238815789473684,1.9120065789473684,2.5485197368421053,1.9358552631578947,0.5213815789473685,916.8536184210526,0.0,0.0,3.598684210526316,1.7919407894736843,1.8067434210526316,0.0,0.9416118421052632
776,2091.0859444941807,0.6500089525514772,3.1700984780662487,2.3643688451208593,1.4789615040286481,0.5872873769024172,943.5013428827216,0.0,0.0,2.891674127126231,1.4216651745747537,1.4700089525514772,0.0,0.9847806624888094
777,2059.5925925925926,3.3516077441077443,2.9646464646464645,2.797138047138047,1.3905723905723906,0.5648148148148148,923.2255892255893,0.0,0.0,3.308922558922559,1.5235690235690236,1.7853535353535352,0.0,0.92003367003367
778,2062.0884955752213,4.943097345132744,1.6530973451327433,2.5849557522123896,2.102654867256637,0.5929203539823009,926.7088495575222,0.0,0.0,2.161946902654867,0.9761061946902655,1.1858407079646018,0.0,0.9415929203539823
779,2082.960702341137,2.4420652173913044,2.6354515050167224,2.551003344481605,1.605351170568562,0.5610367892976589,918.7750836120401,0.0,0.0,3.781772575250836,1.815217391304348,1.9665551839464883,0.0,0.9698996655518395
780,2072.4491201224178,4.170933435348125,2.57230298393267,2.7413925019127774,1.538638102524866,0.566947207345065,918.7620504973221,0.0,0.0,3.7016067329762814,1.7895944912012243,1.9120122417750574,0.0,0.936495791889824
781,2061.330044843049,4.088143497757847,1.7022421524663678,2.7730941704035876,2.017040358744395,0.5632286995515695,940.904932735426,0.0,0.0,2.8789237668161434,1.295964125560538,1.5829596412556053,0.0,0.9650224215246637
782,2078.2038834951454,0.5301941747572815,2.571197411003236,2.454692556634304,1.7184466019417475,0.511326860841424,957.3074433656958,0.0,0.0,2.4174757281553396,1.1634304207119741,1.2540453074433657,0.0,0.9854368932038835
783,2072.741883116883,4.564334415584415,2.6136363636363638,3.1160714285714284,1.3400974025974026,0.5892857142857143,912.2573051948052,0.0,0.0,3.57224025974026,1.6891233766233766,1.8831168831168832,0.0,0.9180194805194806
784,2047.3378723404255,5.891906382978723,1.883404255319149,2.3753191489361702,2.020425531914894,0.5523404255319149,914.0714893617021,0.0,0.0,2.2859574468085104,1.1761702127659575,1.1097872340425532,0.0,0.934468085106383
785,2128.084853291039,0.9527993655828707,2.577319587628866,2.442505947660587,1.7383029341792229,0.5138778747026169,916.1141950832673,0.0,0.0,3.628072957969865,1.739095955590801,1.8889770023790642,0.0,0.985725614591594
786,2063.2717013888887,6.319331597222222,3.109375,2.748263888888889,1.4331597222222223,0.5963541666666666,930.3880208333334,0.0,0.0,3.3237847222222223,1.5755208333333333,1.7482638888888888,0.0,0.90625
787,2084.0111972437553,3.948725236864772,2.153316106804479,2.7019810508182602,1.7011197243755383,0.5572782084409992,909.1584840654608,0.0,0.0,3.2988802756244615,1.561584840654608,1.7372954349698535,0.0,0.9414298018949182
788,2093.797668609492,2.0126228143213987,2.643630308076603,2.6544546211490423,1.8318068276436303,0.5545378850957535,953.6744379683597,0.0,0.0,2.9217318900915905,1.4396336386344712,1.482098251457119,0.0,0.9750208159866778
789,2090.2751677852348,7.246635906040268,2.719798657718121,2.8942953020134228,1.5184563758389262,0.5864093959731543,899.9152684563759,0.0,0.0,4.2634228187919465,2.11744966442953,2.1459731543624163,0.0,0.8817114093959731
790,2115.2675555555556,1.6676444444444443,1.9706666666666666,2.888888888888889,1.9484444444444444,0.49777777777777776,935.9528888888889,0.0,0.0,2.591111111111111,1.312,1.279111111111111,0.0,0.9751111111111112
791,2133.6935064935064,-0.21216450216450217,2.826839826839827,2.4294372294372293,1.6303030303030304,0.5584415584415584,941.4597402597402,0.0,0.0,2.838961038961039,1.4086580086580087,1.4303030303030304,0.0,0.987012987012987
792,2086.706837606838,6.342461538461539,2.9461538461538463,2.5589743589743588,1.62991452991453,0.6136752136752137,914.6760683760684,0.0,0.0,3.1735042735042733,1.4965811965811966,1.676923076923077,0.0,0.8991452991452992
793,2070.864888123924,4.790154905335628,1.8442340791738383,2.7590361445783134,1.882960413080895,0.5731497418244407,933.6394148020654,0.0,0.0,2.746987951807229,1.4113597246127367,1.3356282271944921,0.0,0.9259896729776248
794,2105.0261824324325,0.8103462837837838,3.054054054054054,2.2111486486486487,1.8074324324324325,0.629222972972973,921.2913851351351,0.0,0.0,2.2761824324324325,1.072635135135135,1.2035472972972974,0.0,0.9856418918918919
795,2093.697411003236,6.5544174757281555,2.941747572815534,2.6820388349514563,1.5744336569579287,0.587378640776699,882.5242718446602,0.0,0.0,2.970064724919094,1.447411003236246,1.522653721682848,0.0,0.8972491909385113
796,2058.936188811189,5.9911451048951045,2.284965034965035,2.8513986013986012,1.7395104895104896,0.6005244755244755,950.2027972027972,0.0,0.0,2.402972027972028,1.2998251748251748,1.1031468531468531,0.0,0.9431818181818182
797,2092.4497568881684,0.8358346839546191,2.872771474878444,2.700162074554295,1.5648298217179903,0.5607779578606159,944.6102106969206,0.0,0.0,2.6677471636953,1.26580226904376,1.4019448946515398,0.0,0.9829821717990276
798,2075.226593233674,5.040243902439024,2.5688434303697876,2.8937844217151847,1.4673485444531864,0.6018882769472856,915.5428796223446,0.0,0.0,2.5066876475216366,1.2446892210857592,1.2619984264358772,0.0,0.919748229740362
799,2074.7482394366198,5.58212147887324,1.6232394366197183,2.8151408450704225,1.7984154929577465,0.5536971830985915,936.6117957746479,0.0,0.0,2.0774647887323945,1.033450704225352,1.0440140845070423,0.0,0.9366197183098591
800,2124.0345408593093,0.2173041280539175,2.6941870261162593,2.534962089300758,1.6975568660488627,0.5846672283066554,948.2746419545072,0.0,0.0,3.8668913226621737,1.898904802021904,1.9679865206402696,0.0,0.9839932603201348
801,2053.1011045029736,5.56124893797791,2.832625318606627,2.7366185216652505,1.3967714528462192,0.6448598130841121,910.3203058623619,0.0,0.0,3.0050977060322857,1.4197111299915037,1.5853865760407817,0.0,0.9090909090909091
802,2050.3884711779447,4.085964912280701,1.9181286549707601,2.3959899749373434,1.994987468671679,0.5764411027568922,907.796157059315,0.0,0.0,1.9390142021720969,0.8972431077694235,1.0417710944026735,0.0,0.9465329991645781
803,2109.591059602649,0.9219122516556292,2.646523178807947,2.7375827814569536,1.5248344370860927,0.5935430463576159,935.3443708609271,0.0,0.0,2.5033112582781456,1.1572847682119205,1.346026490066225,0.0,0.9801324503311258
804,2042.5378723404256,6.6026127659574465,3.177021276595745,2.4195744680851066,1.5710638297872341,0.6442553191489362,891.2365957446808,0.0,0.0,1.9940425531914894,0.948936170212766,1.0451063829787235,0.0,0.8919148936170213
805,2063.269642857143,6.134241071428572,1.975,2.5964285714285715,1.96875,0.5669642857142857,885.2696428571429,0.0,0.0,2.3017857142857143,1.0875,1.2142857142857142,0.0,0.9285714285714286
806,2096.271954674221,0.9250330500472144,3.108593012275732,2.5155807365439093,1.506137865911237,0.6241737488196412,906.8300283286119,0.0,0.0,2.497639282341832,1.1425873465533523,1.3550519357884796,0.0,0.9848914069877243
807,2095.237851662404,3.7782097186700767,2.9565217391304346,2.734867860187553,1.4595055413469735,0.5831202046035806,889.156862745098,0.0,0.0,2.6683716965046886,1.329923273657289,1.3384484228473998,0.0,0.9309462915601023
808,2057.301047120419,3.8697905759162303,1.5785340314136125,2.5898778359511345,1.956369982547993,0.5479930191972077,918.7722513089005,0.0,0.0,1.6963350785340314,0.8717277486910995,0.824607329842932,0.0,0.9493891797556719
809,2103.004677268475,1.9765949485500467,2.5640785781103834,2.6239476145930776,1.6258185219831618,0.6061739943872778,883.7726847521047,0.0,0.0,3.787652011225444,1.7670720299345182,2.020579981290926,0.0,0.9747427502338635
810,2083.4128289473683,5.3754769736842105,2.663651315789474,2.6858552631578947,1.5657894736842106,0.5822368421052632,850.6324013157895,0.0,0.0,4.112664473684211,2.153782894736842,1.9588815789473684,0.0,0.9144736842105263
811,2064.8189823874754,6.094138943248533,1.7211350293542074,2.7857142857142856,2.13307240704501,0.6565557729941291,870.0978473581214,0.0,0.0,3.092954990215264,1.4657534246575343,1.6272015655577299,0.0,0.9295499021526419
812,2100.2571174377226,1.4234519572953737,2.6583629893238436,2.3540925266903914,1.8140569395017794,0.6192170818505338,895.8967971530249,0.0,0.0,3.7793594306049823,1.7580071174377223,2.02135231316726,0.0,0.9822064056939501
813,2061.2305721605467,6.351434671221178,2.448334756618275,3.04867634500427,1.4859094790777114,0.6003415883859948,885.2305721605466,0.0,0.0,4.269854824935952,2.031596925704526,2.238257899231426,0.0,0.9094790777113578
814,2076.592195121951,5.508751219512195,1.9258536585365853,2.277073170731707,2.1365853658536587,0.631219512195122,864.4341463414634,0.0,0.0,2.7346341463414636,1.3521951219512196,1.3824390243902438,0.0,0.9287804878048781
815,2134.976801988401,1.5496437448218725,2.544324772162386,2.236122618061309,1.8011599005799503,0.5733222866611434,898.930405965203,0.0,0.0,3.36039768019884,1.6859983429991714,1.6743993371996686,0.0,0.9776304888152444
816,2063.0892364305428,7.668656853725851,3.105795768169273,2.639374425022999,1.3928242870285188,0.6283348666053358,920.4563017479301,0.0,0.0,2.5694572217111316,1.2152713891444342,1.3541858325666973,0.0,0.8886844526218951
817,2080.4256559766764,3.65779397473275,2.1710398445092323,2.5966958211856173,1.7133138969873665,0.5704567541302236,918.1992225461613,0.0,0.0,2.248785228377065,1.173955296404276,1.0748299319727892,0.0,0.9514091350826045
818,2105.8834304746047,1.7281515403830143,2.48293089092423,2.4346378018318067,1.7410491257285596,0.5420482930890924,898.3338884263114,0.0,0.0,2.714404662781016,1.279766860949209,1.434637801831807,0.0,0.9800166527893422
819,2058.9349593495936,8.103622402890695,2.7082204155374887,2.942186088527552,1.4453477868112015,0.6061427280939476,877.6124661246613,0.0,0.0,2.4896115627822946,1.0352303523035231,1.4543812104787714,0.0,0.8843721770551038
820,2084.9836808703535,3.502293744333636,1.8359020852221215,2.7642792384406163,1.9075249320036265,0.5013599274705349,898.777878513146,0.0,0.0,3.0779691749773344,1.486854034451496,1.5911151405258386,0.0,0.958295557570263
821,2106.2725663716815,1.9332743362831857,2.613274336283186,2.353982300884956,1.6619469026548672,0.5398230088495575,919.3026548672566,0.0,0.0,4.04424778761062,1.8823008849557523,2.161946902654867,0.0,0.9787610619469026
822,2045.4663382594417,7.178891625615763,2.8160919540229883,2.5320197044334973,1.5558292282430213,0.5656814449917899,925.6412151067324,0.0,0.0,2.3727422003284073,1.1502463054187193,1.222495894909688,0.0,0.8973727422003284
823,2081.814183123878,5.4857719928186714,1.7468581687612208,2.7908438061041294,1.7719928186714542,0.552064631956912,875.1077199281867,0.0,0.0,3.6526032315978454,1.9640933572710952,1.6885098743267504,0.0,0.9371633752244165
824,2104.3251689189187,1.283581081081081,2.822635135135135,2.231418918918919,1.722972972972973,0.5709459459459459,877.4163851351351,0.0,0.0,3.029560810810811,1.3918918918918919,1.6376689189189189,0.0,0.9822635135135135
825,2074.671009771987,6.528249185667752,2.8770358306188926,2.6457654723127035,1.4071661237785016,0.5855048859934854,878.1425081433225,0.0,0.0,2.670195439739414,1.293159609120521,1.3770358306188926,0.0,0.9030944625407166
826,2091.4607843137255,4.45478431372549,2.411764705882353,2.9284313725490194,1.630392156862745,0.5764705882352941,960.3862745098039,0.0,0.0,2.3519607843137256,1.2019607843137254,1.15,0.0,0.953921568627451
827,2139.077484047402,-0.03068368277119415,2.9863263445761166,2.600729261622607,1.4986326344576117,0.577939835916135,896.7529626253419,0.0,0.0,3.626253418413856,1.7538742023701002,1.8723792160437558,0.0,0.9845031905195989
828,2073.7166799680767,4.463256185155626,2.582601755786113,2.9473264166001596,1.5881883479648842,0.5953711093375897,888.537110933759,0.0,0.0,2.4509177972865124,1.1173184357541899,1.3335993615323225,0.0,0.9185953711093376
829,2056.6300093196646,6.83739981360671,1.8881640260950605,3.0186393289841567,1.7856477166821993,0.608574091332712,908.260018639329,0.0,0.0,2.607642124883504,1.2618825722273999,1.3457595526561044,0.0,0.9170549860205033
830,2112.536543422184,0.5271539122957868,2.6165090283748924,2.5116079105760964,1.7239896818572658,0.5657781599312124,918.2089423903698,0.0,0.0,3.5786758383490973,1.8030954428202923,1.7755803955288048,0.0,0.9862424763542562
831,2055.343231441048,6.954524017467249,2.8995633187772927,2.8096069868995635,1.2925764192139737,0.605240174672489,894.553711790393,0.0,0.0,2.050655021834061,1.0270742358078602,1.023580786026201,0.0,0.8882096069868995
832,2091.5376984126983,2.935267857142857,1.931547619047619,2.558531746031746,1.9494047619047619,0.5208333333333334,927.374007936508,0.0,0.0,1.5892857142857142,0.8333333333333334,0.7559523809523809,0.0,0.9632936507936508
833,2149.653528872594,-0.03515123739688357,2.613198900091659,2.769019248395967,1.5737855178735105,0.5637030247479377,906.8890925756187,0.0,0.0,2.396883593033914,1.1805682859761686,1.2163153070577453,0.0,0.9899175068744271
834,2076.626079447323,6.349110535405873,3.0267702936096716,2.4214162348877375,1.5630397236614852,0.5846286701208981,888.0837651122625,0.0,0.0,2.5820379965457687,1.2746113989637307,1.307426597582038,0.0,0.8972366148531952
835,2088.4003724394784,6.097756052141527,2.0875232774674117,2.610800744878957,1.888268156424581,0.5577281191806331,894.9171322160149,0.0,0.0,2.3091247672253257,1.100558659217877,1.2085661080074488,0.0,0.9413407821229051
836,2085.3780378037804,0.7508100810081008,3.2718271827182717,2.4347434743474348,1.4302430243024302,0.5985598559855986,913.921692169217,0.0,0.0,1.8865886588658867,0.9477947794779478,0.9387938793879388,0.0,0.9846984698469847
837,2065.829769033362,6.883490162532079,3.1240376390076987,2.718562874251497,1.3284858853721129,0.58169375534645,880.1976047904192,0.0,0.0,2.6270316509837466,1.2934131736526946,1.3336184773310522,0.0,0.894781864841745
838,2062.2044642857145,3.892339285714286,1.75,2.5517857142857143,1.9017857142857142,0.5732142857142857,854.7973214285714,0.0,0.0,1.925,1.011607142857143,0.9133928571428571,0.0,0.9392857142857143
839,2115.8156474820144,1.2627787769784173,2.837230215827338,2.66726618705036,1.401978417266187,0.6034172661870504,893.5278776978417,0.0,0.0,2.514388489208633,1.2257194244604317,1.2886690647482015,0.0,0.9784172661870504
840,2083.7990074441686,6.285359801488834,2.7030603804797355,2.861042183622829,1.369727047146402,0.5789909015715468,833.5781637717122,0.0,0.0,2.4863523573200994,1.1323407775020677,1.3540115798180314,0.0,0.913151364764268
841,2112.2531280076996,3.8877093358999035,1.8200192492781522,2.5909528392685273,1.890279114533205,0.5611164581328201,807.6756496631376,0.0,0.0,1.8277189605389799,0.8681424446583254,0.9595765158806545,0.0,0.9615014436958614
842,2127.094009983361,-0.03183860232945091,2.8477537437603995,2.366056572379368,1.5532445923460898,0.5183028286189684,838.4234608985025,0.0,0.0,1.6464226289517472,0.8178036605657238,0.8286189683860233,0.0,0.9875207986688852
843,2092.3048986486488,6.057576013513514,2.583614864864865,2.964527027027027,1.3277027027027026,0.5633445945945946,811.7111486486486,0.0,0.0,2.173141891891892,1.056587837837838,1.116554054054054,0.0,0.9070945945945946
844,2091.5603773584908,3.2735849056603774,2.018867924528302,2.640566037735849,2.079245283018868,0.5660377358490566,843.5367924528302,0.0,0.0,1.549056603773585,0.7877358490566038,0.7613207547169811,0.0,0.9575471698113207
845,2144.614406779661,1.6434915254237288,2.6932203389830507,2.363559322033898,1.5728813559322035,0.535593220338983,821.3093220338983,0.0,0.0,2.0601694915254236,0.9805084745762712,1.0796610169491525,0.0,0.9805084745762712
846,2075.383912248629,7.793491773308958,3.190127970749543,2.790676416819013,1.253199268738574,0.6471663619744058,856.8601462522852,0.0,0.0,2.190127970749543,1.1023765996343693,1.0877513711151736,0.0,0.9076782449725777
847,2094.451550387597,3.7949515503875966,2.372093023255814,2.8032945736434107,1.500968992248062,0.6191860465116279,857.2015503875969,0.0,0.0,2.2781007751937983,1.1521317829457365,1.125968992248062,0.0,0.9476744186046512
848,2145.112195121951,0.6035365853658536,2.602439024390244,2.5146341463414634,1.5617886178861788,0.556910569105691,827.5146341463415,0.0,0.0,2.513008130081301,1.2390243902439024,1.2739837398373983,0.0,0.9829268292682927
849,2095.509632224168,7.264527145359019,2.8765323992994745,2.8406304728546408,1.2915936952714535,0.6646234676007006,826.3800350262698,0.0,0.0,2.822241681260946,1.317863397548161,1.5043782837127846,0.0,0.8940455341506129
850,2094.311111111111,1.0867922705314008,1.9507246376811593,2.8057971014492753,1.7449275362318841,0.514975845410628,857.8608695652174,0.0,0.0,2.233816425120773,1.097584541062802,1.136231884057971,0.0,0.9826086956521739
851,2118.2629346904155,1.0695759117896522,2.7599660729431723,2.2815945716709076,1.5699745547073791,0.5114503816793893,869.7285835453774,0.0,0.0,2.497031382527566,1.2866836301950806,1.2103477523324853,0.0,0.9787955894826124
852,2112.195885509839,2.756261180679785,2.8130590339892665,2.670840787119857,1.462432915921288,0.6261180679785331,836.6860465116279,0.0,0.0,2.8998211091234345,1.372093023255814,1.5277280858676208,0.0,0.943649373881932
853,2088.983756345178,3.4342842639593907,1.7614213197969544,2.885279187817259,1.781725888324873,0.6365482233502539,797.2010152284264,0.0,0.0,2.5461928934010154,1.183756345177665,1.3624365482233503,0.0,0.950253807106599
854,2113.961506961507,0.5443243243243243,2.9385749385749387,2.213759213759214,1.6642096642096642,0.5421785421785422,844.3038493038493,0.0,0.0,1.8894348894348894,0.954954954954955,0.9344799344799345,0.0,0.9868959868959869
855,2109.0948200175594,4.817611940298508,2.8472344161545213,2.6865671641791047,1.4679543459174715,0.5935030728709394,822.5891132572432,0.0,0.0,2.122036874451273,1.0658472344161545,1.0561896400351185,0.0,0.9218612818261633
856,2082.6420626895856,2.7286248736097067,2.102123356926188,2.961577350859454,1.4732052578361983,0.6177957532861477,778.0192113245703,0.0,0.0,2.358948432760364,1.2335692618806875,1.1253791708796765,0.0,0.9656218402426694
857,2130.08347386172,1.2115008431703205,2.74283305227656,2.617200674536256,1.430016863406408,0.5345699831365935,853.9097807757167,0.0,0.0,3.294266441821248,1.4873524451939293,1.8069139966273187,0.0,0.9814502529510961
858,2091.8236272878535,4.620973377703827,2.5923460898502495,3.0232945091514143,1.4151414309484194,0.6164725457570716,838.8086522462562,0.0,0.0,2.442595673876872,1.153910149750416,1.2886855241264559,0.0,0.9267886855241264
859,2079.116087751371,4.813875685557587,1.7138939670932358,2.794332723948812,1.6873857404021937,0.6288848263254113,849.0850091407679,0.0,0.0,1.7687385740402193,0.8875685557586838,0.8811700182815356,0.0,0.9378427787934186
860,2136.1987632508835,0.08265901060070673,2.579505300353357,2.5468197879858656,1.6554770318021201,0.5803886925795053,875.714664310954,0.0,0.0,2.9090106007067136,1.4160777385159011,1.4929328621908127,0.0,0.9885159010600707
861,2078.8414211438476,6.739376083188908,2.798093587521664,2.8232235701906414,1.3353552859618718,0.584055459272097,804.9852686308492,0.0,0.0,1.8882149046793761,0.8960138648180243,0.9922010398613518,0.0,0.8951473136915078
862,2088.4802513464992,3.3996319569120286,1.7585278276481149,2.469479353680431,1.9470377019748653,0.5107719928186715,828.4829443447038,0.0,0.0,1.6858168761220826,0.8258527827648114,0.8599640933572711,0.0,0.9569120287253142
863,2142.924957841484,0.31147554806070826,2.5649241146711637,2.795952782462057,1.430016863406408,0.5404721753794266,860.70826306914,0.0,0.0,2.3507588532883643,1.2284991568296797,1.1222596964586846,0.0,0.9839797639123102
864,2064.2449664429532,8.770268456375838,2.9748322147651005,2.5109060402684564,1.511744966442953,0.6006711409395973,853.0,0.0,0.0,2.452181208053691,1.2189597315436242,1.233221476510067,0.0,0.8934563758389261
865,2120.483333333333,4.433508771929825,1.8192982456140352,2.4289473684210527,1.8368421052631578,0.543859649122807,849.1043859649122,0.0,0.0,2.424561403508772,1.1614035087719299,1.263157894736842,0.0,0.9412280701754386
866,2119.423398328691,1.4857753017641597,2.9442896935933147,2.5793871866295266,1.3240482822655524,0.6202414113277623,886.7818012999071,0.0,0.0,2.393686165273909,1.104921077065924,1.288765088207985,0.0,0.9777158774373259
867,2112.295097132285,6.427696577243293,2.8954671600370028,2.8584643848288622,1.2793709528214616,0.5864939870490287,853.6623496762257,0.0,0.0,2.877890841813136,1.3580018501387605,1.5198889916743756,0.0,0.9074930619796485
868,2099.319815668203,0.4163225806451613,1.5032258064516129,2.6258064516129034,1.9262672811059909,0.480184331797235,883.141935483871,0.0,0.0,1.631336405529954,0.8276497695852535,0.8036866359447005,0.0,0.9806451612903225
869,2132.75479930192,1.4916143106457243,2.5087260034904015,2.6858638743455496,1.4397905759162304,0.5139616055846422,866.4075043630017,0.0,0.0,3.0645724258289704,1.4982547993019197,1.5663176265270506,0.0,0.9773123909249564
870,2087.6187050359713,4.857154276578737,2.4892086330935252,2.8896882494004794,1.5083932853717026,0.583533173461231,880.2462030375699,0.0,0.0,2.1886490807354115,1.008792965627498,1.1798561151079137,0.0,0.9128697042366107
871,2083.535714285714,3.3769266917293237,1.7142857142857142,2.700187969924812,1.8298872180451127,0.568609022556391,862.9793233082706,0.0,0.0,1.5629699248120301,0.7340225563909775,0.8289473684210527,0.0,0.9624060150375939
872,2128.7416879795396,0.4360613810741688,2.4407502131287298,2.4705882352941178,1.6615515771526002,0.5115089514066496,890.6786018755329,0.0,0.0,2.4560954816709293,1.1705029838022165,1.2855924978687128,0.0,0.9863597612958227
873,2073.736970684039,5.902638436482085,2.3607491856677525,2.9698697068403908,1.3884364820846906,0.5651465798045603,840.7622149837133,0.0,0.0,2.784201954397394,1.3851791530944626,1.3990228013029316,0.0,0.9201954397394136
874,2068.110116383169,5.853527305282006,1.7153088630259623,2.433303491495076,2.037600716204118,0.5720680393912265,851.2139659803044,0.0,0.0,2.0492390331244406,1.062667860340197,0.9865711727842436,0.0,0.9444941808415398
875,2128.723076923077,0.6550598290598291,2.605128205128205,2.5188034188034187,1.4811965811965813,0.5487179487179488,836.6196581196581,0.0,0.0,2.529059829059829,1.2341880341880342,1.294871794871795,0.0,0.9854700854700855
876,2075.2497670083876,6.131854613233923,2.776328052190121,2.864864864864865,1.3252562907735321,0.6505125815470643,837.3727865796832,0.0,0.0,2.260018639328984,1.0577819198508853,1.2022367194780987,0.0,0.907735321528425
877,2070.017612524462,1.8653131115459882,1.9099804305283756,2.7592954990215266,1.6810176125244618,0.6213307240704501,838.7602739726027,0.0,0.0,0.974559686888454,0.5185909980430529,0.45596868884540115,0.0,0.9657534246575342
878,2069.200338123415,0.24772612003381234,2.320371935756551,2.521555367709214,1.5790363482671175,0.5545224006762468,840.9974640743872,0.0,0.0,0.885883347421809,0.4691462383770076,0.4167371090448014,0.0,0.9847844463229078
879,2056.4164502164504,6.571722943722944,2.5705627705627707,2.7904761904761903,1.4008658008658008,0.5922077922077922,813.8458874458875,0.0,0.0,2.4077922077922076,1.1818181818181819,1.225974025974026,0.0,0.896969696969697
880,2070.758333333333,2.9537037037037037,1.7277777777777779,2.5481481481481483,1.9101851851851852,0.5555555555555556,875.1092592592593,0.0,0.0,2.012037037037037,0.9925925925925926,1.0194444444444444,0.0,0.9574074074074074
881,2093.777976723366,1.8320680393912265,2.628469113697404,2.3446732318710835,1.5917636526410026,0.5747538048343778,876.9042076991942,0.0,0.0,2.2560429722470903,1.090420769919427,1.1656222023276634,0.0,0.9758281110116384
882,2062.4977856510186,3.8193534100974316,2.6226749335695305,2.6138175376439325,1.5429583702391496,0.5801594331266607,842.2391496899911,0.0,0.0,2.192205491585474,1.0531443755535872,1.1390611160318866,0.0,0.9282550930026572
883,2051.270554493308,3.608059273422562,1.5277246653919694,2.823135755258126,1.77151051625239,0.5764818355640535,843.2600382409178,0.0,0.0,1.445506692160612,0.6663479923518164,0.7791586998087954,0.0,0.9627151051625239
884,2073.85448392555,0.26676818950930625,2.8510998307952624,2.214890016920474,1.6742808798646363,0.5346869712351946,846.7030456852792,0.0,0.0,1.2038917089678511,0.5786802030456852,0.6252115059221658,0.0,0.9890016920473773
885,2041.4084621643613,4.310650935720098,2.6680227827502034,2.585028478437754,1.5231895850284785,0.5931651749389748,853.0235964198536,0.0,0.0,1.371033360455655,0.677786818551668,0.6932465419039869,0.0,0.9161920260374288
886,2067.3106995884773,1.6236934156378602,1.699588477366255,2.840534979423868,1.626543209876543,0.6409465020576132,903.5884773662551,0.0,0.0,1.6779835390946503,0.9228395061728395,0.7551440329218106,0.0,0.970164609053498
887,2109.7732974910396,0.07594982078853049,2.617383512544803,2.577956989247312,1.5170250896057347,0.5609318996415771,899.0689964157706,0.0,0.0,2.346774193548387,1.1012544802867383,1.2455197132616487,0.0,0.9874551971326165
888,2072.3359307359306,3.344891774891775,2.2155844155844155,3.0744588744588746,1.503030303030303,0.5930735930735931,843.2571428571429,0.0,0.0,1.8138528138528138,0.8909090909090909,0.922943722943723,0.0,0.9385281385281385
889,2077.2124401913875,4.092334928229665,1.491866028708134,2.8267942583732055,1.8239234449760766,0.5732057416267943,828.5196172248803,0.0,0.0,2.0411483253588516,1.0325358851674642,1.0086124401913876,0.0,0.9473684210526315
890,2128.491833030853,1.8548729582577133,2.3421052631578947,2.4065335753176043,1.6551724137931034,0.5961887477313974,872.3176043557169,0.0,0.0,2.9047186932849365,1.365698729582577,1.5390199637023594,0.0,0.9809437386569873
891,2075.244935543278,7.146372007366483,2.47329650092081,2.951197053406998,1.3867403314917126,0.6408839779005525,865.6869244935543,0.0,0.0,2.9696132596685083,1.4484346224677715,1.5211786372007365,0.0,0.8968692449355433
892,2089.4579524680075,4.156892138939671,1.5658135283363803,2.415904936014625,2.0987202925045705,0.5612431444241316,880.2989031078611,0.0,0.0,2.512797074954296,1.2093235831809872,1.303473491773309,0.0,0.9506398537477148
893,2091.1929371231695,0.23909560723514214,2.2032730404823426,2.6838931955211023,1.6382428940568476,0.5676141257536607,885.5400516795866,0.0,0.0,1.536606373815676,0.8070628768303187,0.7295434969853575,0.0,0.9844961240310077
894,2041.487532244196,5.3614101461736885,2.532244196044712,2.4840928632846087,1.6001719690455718,0.586414445399828,859.7575236457437,0.0,0.0,2.099742046431642,1.0318142734307825,1.0679277730008598,0.0,0.9157351676698194
895,2070.743231441048,5.9960524017467245,1.6244541484716157,2.622707423580786,1.9746724890829694,0.5659388646288209,874.7362445414847,0.0,0.0,2.8358078602620087,1.4244541484716158,1.411353711790393,0.0,0.9266375545851528
896,2112.9085086916743,0.5684537968892954,2.535224153705398,2.546203110704483,1.64775846294602,0.6239707227813358,892.2323879231473,0.0,0.0,3.4199451052150045,1.708142726440988,1.7118023787740164,0.0,0.9826166514181153
897,2077.381083562902,2.8041046831955923,2.707070707070707,2.9917355371900825,1.3406795224977044,0.6124885215794307,836.544536271809,0.0,0.0,3.1469237832874195,1.5629017447199265,1.584022038567493,0.0,0.9421487603305785
898,2069.7415525114156,2.9036712328767122,1.356164383561644,2.8968036529680363,2.0273972602739727,0.5497716894977169,864.8283105022831,0.0,0.0,2.08310502283105,0.971689497716895,1.1114155251141553,0.0,0.965296803652968
899,2097.74236983842,2.2272621184919212,2.341113105924596,2.761220825852783,1.4847396768402155,0.5538599640933572,853.9452423698384,0.0,0.0,3.4039497307001794,1.727109515260323,1.6768402154398563,0.0,0.9757630161579892
900,2080.5067001675043,5.301021775544388,2.349246231155779,2.9472361809045227,1.602177554438861,0.5795644891122278,876.2705192629816,0.0,0.0,2.742043551088777,1.2822445561139029,1.4597989949748744,0.0,0.9187604690117253
901,2095.705882352941,1.5495294117647058,1.5009803921568627,2.7058823529411766,2.0,0.5901960784313726,911.5823529411765,0.0,0.0,2.1088235294117648,1.022549019607843,1.0862745098039215,0.0,0.9784313725490196
902,2121.8340425531915,0.9208510638297872,2.1838297872340426,2.373617021276596,1.771063829787234,0.5106382978723404,885.6825531914893,0.0,0.0,3.236595744680851,1.5753191489361702,1.661276595744681,0.0,0.985531914893617
903,2071.803970223325,5.16812241521919,2.1455748552522746,3.055417700578991,1.4044665012406947,0.6004962779156328,861.5442514474772,0.0,0.0,2.774193548387097,1.3126550868486353,1.4615384615384615,0.0,0.9305210918114144
904,2074.4219924812032,4.393862781954887,1.5338345864661653,2.4793233082706765,2.1823308270676693,0.5704887218045113,838.875939849624,0.0,0.0,2.331766917293233,1.1240601503759398,1.2077067669172932,0.0,0.9586466165413534
905,2106.659227467811,1.2576137339055793,2.313304721030043,2.451502145922747,1.7021459227467812,0.5682403433476395,871.1150214592275,0.0,0.0,2.83862660944206,1.4,1.4386266094420601,0.0,0.9776824034334763
906,2070.623493975904,7.797941767068273,2.5913654618473894,3.0502008032128516,1.3654618473895583,0.7279116465863453,830.8795180722891,0.0,0.0,2.7198795180722892,1.3765060240963856,1.3433734939759037,0.0,0.8995983935742972
907,2080.48078817734,2.938886699507389,1.7054187192118226,2.9448275862068964,1.7714285714285714,0.6374384236453202,853.8305418719211,0.0,0.0,2.1576354679802954,1.0403940886699508,1.1172413793103448,0.0,0.9556650246305419
908,2098.300693240901,0.8984488734835355,2.235701906412478,2.5606585788561524,1.7175043327556325,0.5901213171577123,885.9246100519931,0.0,0.0,2.104852686308492,0.962738301559792,1.1421143847487,0.0,0.9835355285961872
909,2050.800731261426,6.82554844606947,2.341864716636197,2.9287020109689212,1.482632541133455,0.6535648994515539,827.1983546617915,0.0,0.0,3.0703839122486287,1.523765996343693,1.546617915904936,0.0,0.8957952468007313
910,2086.4783889980354,2.098713163064833,1.6512770137524557,2.906679764243615,1.8634577603143418,0.5884086444007859,871.1777996070726,0.0,0.0,2.2632612966601178,1.0717092337917484,1.1915520628683693,0.0,0.9685658153241651
911,2116.750700280112,1.1970868347338934,2.492063492063492,2.395891690009337,1.6414565826330532,0.6143790849673203,861.3604108309991,0.0,0.0,2.7553688141923436,1.3314659197012138,1.4239028944911298,0.0,0.976657329598506
912,2086.4987212276214,3.964279624893436,2.455242966751918,2.57459505541347,1.5345268542199488,0.6052855924978687,879.0468883205456,0.0,0.0,2.176470588235294,1.0878090366581414,1.0886615515771525,0.0,0.9207161125319693
913,2062.751445086705,4.878940269749519,1.3583815028901733,2.749518304431599,1.8641618497109826,0.6107899807321773,899.7447013487476,0.0,0.0,1.953757225433526,0.9855491329479769,0.9682080924855492,0.0,0.9364161849710982
914,2129.7680642283676,0.0019268510258697307,2.3951828724353255,2.4103479036574487,1.7725245316681535,0.5941123996431757,898.2488849241748,0.0,0.0,2.639607493309545,1.3140053523639608,1.3256021409455843,0.0,0.9866190900981266
915,2097.1062761506278,4.5842845188284524,2.3648535564853557,2.723012552301255,1.6309623430962343,0.6041841004184101,919.18410041841,0.0,0.0,2.632635983263598,1.3389121338912133,1.2937238493723848,0.0,0.9171548117154812
916,2099.7803881511745,2.7853932584269665,1.6241062308478038,2.969356486210419,1.6414708886618998,0.6026557711950971,891.8386108273749,0.0,0.0,2.572012257405516,1.251276813074566,1.32073544433095,0.0,0.9673135852911133
917,2154.579098753595,0.06028763183125599,2.441994247363375,2.782358581016299,1.6174496644295302,0.6116970278044104,922.0297219558964,0.0,0.0,2.9146692233940557,1.423777564717162,1.4908916586768937,0.0,0.9884947267497604
918,2064.39012345679,7.315703703703703,1.8831275720164609,2.826337448559671,1.5736625514403293,0.6238683127572017,881.6427983539095,0.0,0.0,1.9061728395061728,0.8707818930041152,1.0353909465020577,0.0,0.9069958847736626
919,2092.946464646465,7.309797979797979,1.3535353535353536,2.7494949494949497,1.7747474747474747,0.6767676767676768,872.6626262626263,0.0,0.0,2.073737373737374,1.0232323232323233,1.0505050505050506,0.0,0.9181818181818182
920,2130.3806566104704,0.6159449866903284,2.1437444543034605,2.3531499556344277,1.90150842945874,0.6362023070097604,880.2582076308785,0.0,0.0,1.8899733806566106,0.9955634427684117,0.8944099378881988,0.0,0.9858030168589175
921,2093.1657355679704,7.572448789571694,2.336126629422719,2.9543761638733708,1.51024208566108,0.680633147113594,865.7039106145252,0.0,0.0,2.472998137802607,1.2206703910614525,1.2523277467411547,0.0,0.8975791433891993
922,2092.0857142857144,2.8509861751152075,1.5354838709677419,2.4921658986175115,2.1299539170506914,0.5824884792626728,909.2202764976959,0.0,0.0,2.0064516129032257,1.0101382488479262,0.9963133640552996,0.0,0.9566820276497696
923,2093.636909871245,0.2113390557939914,2.004291845493562,2.7708154506437768,1.7321888412017168,0.5759656652360515,917.4763948497854,0.0,0.0,2.1854077253218884,1.0017167381974248,1.1836909871244634,0.0,0.984549356223176
924,2069.0683229813662,5.225971606033718,2.3469387755102042,2.3975155279503104,1.7497781721384207,0.6362023070097604,838.2999112688553,0.0,0.0,1.7914818101153505,0.8456078083407276,0.9458740017746229,0.0,0.9334516415261757
925,2094.2221261884183,3.0302420051858254,1.5375972342264477,2.501296456352636,2.0829732065687123,0.560933448573898,868.0242005185826,0.0,0.0,1.285220397579948,0.6499567847882455,0.6352636127917026,0.0,0.9481417458945549
926,2138.0818467995805,1.2132109129066107,2.491080797481637,2.4386149003147954,1.6159496327387197,0.6495278069254984,812.5320041972718,0.0,0.0,1.900314795383001,0.8835257082896117,1.0167890870933893,0.0,0.9758656873032528
927,2073.9775668679895,3.903339085418464,2.5823986194995685,2.736842105263158,1.5660051768766177,0.6445211389128559,865.1225194132874,0.0,0.0,1.4676445211389129,0.7471958584987057,0.7204486626402071,0.0,0.9223468507333908
928,2064.4326306141156,0.9527589367552705,1.3721356553620532,2.564619615032081,2.093492208982585,0.5462878093492209,907.2172318973419,0.0,0.0,0.7085242896425298,0.3391384051329056,0.3693858845096242,0.0,0.9816681943171403
929,2073.1800699300697,3.000104895104895,2.2386363636363638,2.541958041958042,1.6573426573426573,0.5786713286713286,902.2543706293707,0.0,0.0,1.7115384615384615,0.833041958041958,0.8784965034965035,0.0,0.9685314685314685
930,2057.3122807017544,3.9130175438596493,2.079824561403509,2.9043859649122807,1.687719298245614,0.643859649122807,918.8219298245614,0.0,0.0,1.3245614035087718,0.6350877192982456,0.6894736842105263,0.0,0.9298245614035088
931,2073.0940594059407,0.9810792079207922,1.2138613861386138,2.6752475247524754,2.099009900990099,0.5831683168316831,928.2257425742574,0.0,0.0,0.8217821782178217,0.41386138613861384,0.4079207920792079,0.0,0.9871287128712871
932,2077.8403211418376,0.16763603925066903,2.2426404995539695,2.3809099018733275,1.7743086529884031,0.528099910793934,919.0526315789474,0.0,0.0,1.4121320249776985,0.6886708296164139,0.7234611953612846,0.0,0.9901873327386262
933,2040.1440823327616,5.157109777015438,2.0668953687821614,3.0060034305317322,1.5437392795883362,0.6166380789022299,919.3730703259005,0.0,0.0,1.5214408233276158,0.7221269296740995,0.7993138936535163,0.0,0.9193825042881647
934,2046.7710233029381,3.860780141843972,1.2715298885511652,2.3779128672745693,2.078014184397163,0.6170212765957447,907.7082066869301,0.0,0.0,1.3059777102330294,0.6656534954407295,0.6403242147923,0.0,0.9473150962512664
935,2072.9347048300538,1.2215652951699463,2.104651162790698,2.3193202146690517,1.8354203935599285,0.5554561717352415,917.932915921288,0.0,0.0,1.3416815742397137,0.6771019677996423,0.6645796064400715,0.0,0.981216457960644
936,2038.5738893925657,5.509718948322757,2.5095194922937445,2.815956482320943,1.4823209428830462,0.6545784224841342,891.973708068903,0.0,0.0,1.728921124206709,0.843155031731641,0.885766092475068,0.0,0.9029918404351768
937,2049.594296228151,4.029576816927323,1.640294388224471,2.8500459981600734,1.8500459981600736,0.6117755289788408,918.4158233670653,0.0,0.0,1.2410303587856486,0.6338546458141674,0.6071757129714811,0.0,0.9411223551057958
938,2060.621483375959,1.1479880647911338,2.1969309462915603,2.5959079283887467,1.854219948849105,0.6044330775788577,935.3725490196078,0.0,0.0,1.3316283034953111,0.6606990622335891,0.670929241261722,0.0,0.9829497016197783
939,2041.28522039758,4.496888504753673,2.243733794295592,2.9178910976663786,1.5004321521175454,0.5963699222126189,900.4961106309421,0.0,0.0,1.6274848746758859,0.8383751080380294,0.7891097666378565,0.0,0.9101123595505618
940,2061.259296482412,1.4547537688442211,1.642211055276382,2.797989949748744,1.8592964824120604,0.5507537688442211,881.1989949748744,0.0,0.0,1.1376884422110554,0.5698492462311557,0.5678391959798995,0.0,0.9678391959798995
941,2061.8334849863513,0.35125568698817106,2.4049135577797998,2.3284804367606915,1.7661510464058234,0.5941765241128298,875.7816196542311,0.0,0.0,1.2939035486806187,0.6114649681528662,0.6824385805277525,0.0,0.9790718835304822
942,2038.390665514261,3.6984788245462408,2.3500432152117545,2.4788245462402765,1.617113223854797,0.5738980121002593,895.789974070873,0.0,0.0,1.4373379429559205,0.7312013828867762,0.7061365600691444,0.0,0.9213483146067416
943,2047.5106815869785,3.073621566632757,1.3987792472024414,2.8209562563580874,1.8453713123092574,0.5971515768056969,888.6439471007121,0.0,0.0,0.9562563580874873,0.49440488301119023,0.46185147507629704,0.0,0.9613428280773143
944,2053.6995555555554,1.0002577777777777,2.6737777777777776,2.2986666666666666,1.712888888888889,0.5591111111111111,852.7724444444444,0.0,0.0,1.1164444444444444,0.5848888888888889,0.5315555555555556,0.0,0.9795555555555555
945,2028.437898089172,3.991815286624204,2.4522292993630574,2.5477707006369426,1.624203821656051,0.535031847133758,867.1361464968153,0.0,0.0,0.8200636942675159,0.4482484076433121,0.3718152866242038,0.0,0.9235668789808917
946,2058.876832844575,1.300713587487781,1.7956989247311828,2.9452590420332356,1.7663734115347018,0.5992179863147605,914.5571847507331,0.0,0.0,0.7458455522971652,0.4232649071358749,0.3225806451612903,0.0,0.9745845552297165
947,2066.549410698096,-0.038948322756119653,2.623753399818676,2.6092475067996372,1.544877606527652,0.5475974614687217,857.0471441523118,0.0,0.0,1.3762466001813236,0.6183136899365367,0.7579329102447869,0.0,0.986400725294651
948,2034.0811965811965,4.761632478632478,2.168376068376068,2.82991452991453,1.5572649572649573,0.6504273504273504,853.7581196581197,0.0,0.0,1.0897435897435896,0.5547008547008547,0.535042735042735,0.0,0.9136752136752136
949,2032.6075581395348,5.649408914728682,1.6656976744186047,2.9767441860465116,1.818798449612403,0.6482558139534884,860.546511627907,0.0,0.0,0.9001937984496124,0.45058139534883723,0.4496124031007752,0.0,0.9215116279069767
950,2069.165942658558,0.09330147697654215,2.5430060816681146,2.4943527367506517,1.7002606429192006,0.5986099044309297,855.0547350130322,0.0,0.0,1.000868809730669,0.49869678540399653,0.5021720243266724,0.0,0.9878366637706343
951,2020.2619047619048,6.437219047619047,2.741904761904762,2.8485714285714288,1.381904761904762,0.6266666666666667,852.2295238095238,0.0,0.0,1.237142857142857,0.6238095238095238,0.6133333333333333,0.0,0.8885714285714286
952,2049.2773584905663,3.0209716981132075,1.6688679245283018,2.392452830188679,2.0367924528301886,0.5405660377358491,901.8632075471698,0.0,0.0,0.8367924528301887,0.4377358490566038,0.39905660377358493,0.0,0.9613207547169811
953,2069.882898062342,-0.24300758213984835,2.465037910699242,2.668070766638585,1.6234203875315922,0.5518112889637742,936.0269587194608,0.0,0.0,0.8264532434709352,0.37489469250210616,0.45155855096882896,0.0,0.9856781802864364
954,2026.0182926829268,7.1450522648083625,2.9834494773519165,2.417247386759582,1.5775261324041812,0.6114982578397212,886.0940766550523,0.0,0.0,1.4233449477351916,0.7038327526132404,0.7195121951219512,0.0,0.8972125435540069
955,2035.17760279965,5.091181102362205,1.753280839895013,2.6500437445319336,2.00087489063867,0.5441819772528433,911.8880139982502,0.0,0.0,0.8258967629046369,0.42082239720035,0.40507436570428695,0.0,0.9396325459317585
956,2066.9593721144965,0.43085872576177286,2.951061865189289,2.5004616805170823,1.5401662049861495,0.6112650046168052,886.2169898430286,0.0,0.0,1.3019390581717452,0.590027700831025,0.7119113573407202,0.0,0.9824561403508771
957,2029.331345826235,5.392606473594548,2.79557069846678,2.6908006814310053,1.4173764906303237,0.5894378194207837,890.6976149914822,0.0,0.0,1.4761499148211243,0.702725724020443,0.7734241908006815,0.0,0.9045996592844975
958,2035.6257833482543,4.087323187108326,1.4735899731423456,2.451208594449418,2.0913160250671443,0.585496866606983,897.348254252462,0.0,0.0,0.7341092211280215,0.39928379588182633,0.3348254252461952,0.0,0.937332139659803
959,2055.163082437276,1.576836917562724,2.824372759856631,2.75089605734767,1.4614695340501793,0.6048387096774194,906.7034050179211,0.0,0.0,1.2311827956989247,0.5878136200716846,0.6433691756272402,0.0,0.9740143369175627
960,2036.159111111111,4.505937777777778,2.616,2.888888888888889,1.472,0.5937777777777777,887.1831111111111,0.0,0.0,1.1644444444444444,0.6408888888888888,0.5235555555555556,0.0,0.9146666666666666
961,2045.8587786259543,3.4106297709923665,1.6774809160305344,2.6068702290076335,1.9217557251908397,0.6049618320610687,905.9742366412214,0.0,0.0,0.8043893129770993,0.3988549618320611,0.40553435114503816,0.0,0.9494274809160306
962,2042.0060501296457,2.9425496974935177,2.711322385479689,2.375972342264477,1.5911840968020743,0.6076058772687987,871.6534140017286,0.0,0.0,0.5298184961106309,0.2575626620570441,0.2722558340535869,0.0,0.9732065687121867
963,2033.8355437665782,4.169336870026526,2.725022104332449,3.0,1.5499557913351016,0.6648983200707339,882.4809902740938,0.0,0.0,0.7303271441202476,0.3421750663129973,0.3881520778072502,0.0,0.9160035366931919
964,2042.391791044776,3.0008022388059703,1.8003731343283582,2.390858208955224,2.066231343283582,0.6399253731343284,841.2817164179105,0.0,0.0,0.519589552238806,0.2667910447761194,0.25279850746268656,0.0,0.9496268656716418
965,2052.761295822677,1.4216879795396418,2.475703324808184,2.2634271099744248,1.7800511508951407,0.566069906223359,842.5873827791986,0.0,0.0,0.7638533674339301,0.38277919863597615,0.38107416879795397,0.0,0.9786871270247229
966,2024.7359346642468,5.485,3.0934664246823957,2.7767695099818512,1.4337568058076224,0.632486388384755,841.0235934664247,0.0,0.0,1.0508166969147006,0.5653357531760436,0.48548094373865697,0.0,0.9192377495462795
967,2052.5862403100773,3.0620348837209304,1.999031007751938,2.7112403100775193,1.7781007751937985,0.6317829457364341,845.8246124031008,0.0,0.0,1.051356589147287,0.5135658914728682,0.5377906976744186,0.0,0.9573643410852714
968,2059.7490039840636,-0.12031872509960159,2.2916334661354583,2.403187250996016,1.7314741035856573,0.5577689243027888,857.3689243027889,0.0,0.0,1.047808764940239,0.5298804780876494,0.5179282868525896,0.0,0.9872509960159362
969,2041.89558573854,5.20283531409168,2.6511035653650254,2.83786078098472,1.4634974533106961,0.631578947368421,849.4286926994906,0.0,0.0,1.3938879456706281,0.6833616298811545,0.7105263157894737,0.0,0.9057724957555179
970,2057.4471865745313,2.1221520236920037,1.7936821322803553,2.872655478775913,1.8874629812438302,0.6159921026653504,883.964461994077,0.0,0.0,1.0552813425468903,0.5212240868706811,0.5340572556762093,0.0,0.9743336623889437
971,2066.553982300885,1.2078318584070795,2.6646017699115045,2.466371681415929,1.6265486725663716,0.5619469026548672,912.5858407079646,0.0,0.0,1.1415929203539823,0.5681415929203539,0.5734513274336284,0.0,0.9831858407079646
972,2039.9094017094017,4.370504273504273,2.7376068376068377,2.5692307692307694,1.5376068376068377,0.5974358974358974,892.3230769230769,0.0,0.0,1.0940170940170941,0.5478632478632479,0.5461538461538461,0.0,0.9153846153846154
973,2045.418111753372,4.533699421965317,1.628131021194605,2.5703275529865124,1.836223506743738,0.6724470134874759,869.985549132948,0.0,0.0,0.7610789980732178,0.40366088631984587,0.35741811175337185,0.0,0.9325626204238922
974,2070.06940874036,0.6127934875749784,2.9734361610968296,2.2690659811482434,1.647814910025707,0.610968294772922,902.4121679520138,0.0,0.0,1.0325621251071122,0.442159383033419,0.5904027420736933,0.0,0.9837189374464439
975,2034.072463768116,4.142077294685991,2.9855072463768115,2.5161030595813205,1.42914653784219,0.6006441223832528,874.1070853462157,0.0,0.0,1.068438003220612,0.5217391304347826,0.5466988727858293,0.0,0.9082125603864735
976,2056.995991983968,1.2705811623246492,2.097194388777555,2.9609218436873745,1.6523046092184368,0.655310621242485,883.314629258517,0.0,0.0,0.8026052104208417,0.3867735470941884,0.41583166332665333,0.0,0.9779559118236473
977,2068.121495327103,0.5078334749362787,2.739167374681393,2.6805437553101106,1.4163126593033135,0.5709430756159728,886.2276975361087,0.0,0.0,1.6567544604927782,0.822429906542056,0.8343245539507221,0.0,0.9830076465590484
978,2051.651632970451,4.085894245723173,2.5349922239502334,2.6866251944012443,1.5552099533437014,0.5800933125972006,863.1858475894246,0.0,0.0,1.2830482115085537,0.5878693623639192,0.6951788491446346,0.0,0.926905132192846
979,2058.1873873873874,4.265225225225225,1.736036036036036,2.7243243243243245,1.8054054054054054,0.6216216216216216,893.845045045045,0.0,0.0,1.3774774774774774,0.7045045045045045,0.672972972972973,0.0,0.9333333333333333
980,2074.3147128245478,0.6567191188040913,2.6003147128245474,2.2612116443745083,1.7025963808025177,0.5656963021243115,887.9520062942565,0.0,0.0,1.088906372934697,0.5224232887490166,0.5664830841856806,0.0,0.982690794649882
981,2029.5232459847844,6.381986475063399,2.8698224852071004,2.6669484361792053,1.3592561284868978,0.6246830092983939,881.0608622147083,0.0,0.0,1.3643279797125951,0.6644125105663568,0.6999154691462384,0.0,0.8884192730346576
982,2042.4175553732568,3.893978671041838,1.985233798195242,2.2387202625102542,2.0287120590648073,0.5545529122231337,883.3650533223954,0.0,0.0,0.7448728465955702,0.3716160787530763,0.37325676784249384,0.0,0.9351927809680065
983,2084.088211046991,1.1846496290189612,2.7856553998351195,2.652926628194559,1.4600164880461666,0.6166529266281946,923.1467436108821,0.0,0.0,1.4789777411376752,0.7881286067600989,0.6908491343775762,0.0,0.9777411376751854
984,2039.2059308072487,4.711828665568369,3.1375617792421746,2.269357495881384,1.5535420098846788,0.6309719934102141,890.3064250411861,0.0,0.0,1.3822075782537067,0.6112026359143328,0.771004942339374,0.0,0.9110378912685337
985,2049.5076660988075,3.853790459965929,1.877342419080068,2.4889267461669506,1.8884156729131176,0.540885860306644,874.2044293015332,0.0,0.0,1.1643952299829643,0.4940374787052811,0.6703577512776832,0.0,0.9540034071550255
986,2073.7432170542634,2.394874031007752,3.3905038759689923,2.443798449612403,1.305232558139535,0.6792635658914729,904.3827519379845,0.0,0.0,1.4932170542635659,0.751937984496124,0.7412790697674418,0.0,0.9699612403100775
987,2062.74067937034,5.084258492129246,3.1698425849212923,2.6694283347141674,1.3405136702568352,0.6379453189726595,910.9544324772162,0.0,0.0,1.9304059652029826,0.9370339685169843,0.9933719966859983,0.0,0.9047224523612262
988,2035.0952813067152,3.9557622504537204,1.780399274047187,2.4328493647912888,1.7967332123411979,0.5671506352087115,847.478221415608,0.0,0.0,0.6460980036297641,0.3511796733212341,0.29491833030852993,0.0,0.9482758620689655
989,2064.759137769447,0.31953139643861295,2.9119025304592316,2.804123711340206,1.3336457357075915,0.6035613870665417,918.8612933458294,0.0,0.0,1.25398313027179,0.5932521087160263,0.6607310215557638,0.0,0.9831302717900656
990,2048.3473861720067,4.676610455311973,2.8111298482293425,2.6475548060708265,1.466273187183811,0.5446880269814502,891.8423271500843,0.0,0.0,1.1981450252951096,0.575885328836425,0.6222596964586846,0.0,0.9266441821247892
991,2058.8474576271187,3.4628414755732804,1.690927218344965,2.630109670987039,1.8265204386839482,0.6211365902293121,854.1864406779661,0.0,0.0,1.1086739780658026,0.5503489531405783,0.5583250249252243,0.0,0.9411764705882353
992,2054.0329004329005,1.797982683982684,2.7497835497835497,2.432034632034632,1.5367965367965368,0.5774891774891775,931.5385281385281,0.0,0.0,1.0225108225108226,0.5177489177489177,0.5047619047619047,0.0,0.9766233766233766
993,2047.7280701754387,4.864593301435407,2.678628389154705,2.925837320574163,1.338915470494418,0.6140350877192983,944.7384370015949,0.0,0.0,1.5893141945773526,0.7751196172248804,0.8141945773524721,0.0,0.9122807017543859
994,2051.684667309547,3.504262295081967,2.0009643201542913,2.407907425265188,1.8428158148505305,0.6190935390549662,902.9508196721312,0.0,0.0,1.2179363548698168,0.5949855351976856,0.6229508196721312,0.0,0.9498553519768563
995,2060.7869674185463,1.7005096073517125,2.6883876357560568,2.3391812865497075,1.5898078529657478,0.543859649122807,974.2556390977444,0.0,0.0,1.3801169590643274,0.6441102756892231,0.7360066833751044,0.0,0.9782790309106099
996,2025.3652416356877,5.4869609665427514,3.2853159851301115,2.8513011152416357,1.2602230483271375,0.6942379182156134,981.746282527881,0.0,0.0,0.9786245353159851,0.45539033457249073,0.5232342007434945,0.0,0.9107806691449815
997,2041.4936842105262,3.823357894736842,2.616842105263158,2.8957894736842107,1.3378947368421052,0.651578947368421,953.8452631578947,0.0,0.0,1.066315789473684,0.5536842105263158,0.5126315789473684,0.0,0.9557894736842105
998,2057.0016963528415,1.6012128922815945,2.5487701441899917,2.5750636132315523,1.6140797285835453,0.5368956743002544,964.0627650551314,0.0,0.0,0.8583545377438507,0.4071246819338422,0.45122985581000846,0.0,0.9821882951653944
999,2024.5656474820144,7.506699640287771,2.8444244604316546,2.8642086330935252,1.335431654676259,0.625,971.7086330935252,0.0,0.0,1.0692446043165467,0.4856115107913669,0.5836330935251799,0.0,0.8848920863309353
1000,2054.350046425255,4.108022284122563,2.1207056638811514,2.8226555246053855,1.6025998142989786,0.5886722376973074,952.5181058495822,0.0,0.0,1.2655524605385329,0.6313834726090993,0.6341689879294337,0.0,0.9405756731662024
