generation,lifetime,energy_at_death,food_low,food_medium,food_prestige,food_default,cells_visited,predator_touches,drained_ticks,cave_entries,cave_entries_day,cave_entries_night,frac_death_drained,frac_death_starved
1,2088.385093167702,-1.0888819875776399,4.583850931677019,0.8944099378881988,0.16149068322981366,1.670807453416149,577.0745341614906,0.0,0.0,0.09316770186335403,0.09316770186335403,0.0,0.0,1.0
2,2001.044776119403,-0.9770149253731343,4.7835820895522385,0.26119402985074625,0.06716417910447761,1.1791044776119404,558.5074626865671,0.0,0.0,0.48507462686567165,0.1865671641791045,0.29850746268656714,0.0,1.0
3,2022.7067669172932,-1.0334586466165412,4.082706766917293,0.43609022556390975,0.12781954887218044,1.5413533834586466,575.2330827067669,0.0,0.0,0.022556390977443608,0.0,0.022556390977443608,0.0,1.0
4,2095.098039215686,-1.0340522875816993,4.7973856209150325,1.130718954248366,0.0392156862745098,1.8235294117647058,607.5490196078431,0.0,0.0,0.058823529411764705,0.026143790849673203,0.032679738562091505,0.0,1.0
5,1983.0,-1.0818461538461537,3.253846153846154,0.5307692307692308,0.06153846153846154,1.4307692307692308,584.5,0.0,0.0,0.19230769230769232,0.09230769230769231,0.1,0.0,1.0
6,2031.474358974359,-1.141474358974359,3.698717948717949,1.2564102564102564,0.08333333333333333,1.5576923076923077,629.7692307692307,0.0,0.0,0.14102564102564102,0.07051282051282051,0.07051282051282051,0.0,1.0
7,2080.0,-0.9946153846153846,5.275303643724697,1.5222672064777327,0.562753036437247,1.5506072874493928,672.3643724696357,0.0,0.0,0.25101214574898784,0.10931174089068826,0.1417004048582996,0.0,1.0
8,1997.6744186046512,-1.0161627906976745,4.116279069767442,1.052325581395349,0.13372093023255813,1.2906976744186047,659.8779069767442,0.0,0.0,0.26744186046511625,0.10465116279069768,0.16279069767441862,0.0,1.0
9,1972.1767676767677,7.3020707070707065,3.712121212121212,1.0757575757575757,0.42424242424242425,1.6717171717171717,674.060606060606,0.0,0.0,0.2878787878787879,0.20202020202020202,0.08585858585858586,0.0,0.9292929292929293
10,2070.7936507936506,-0.9161904761904762,4.307936507936508,1.7936507936507937,0.7841269841269841,1.2380952380952381,721.1714285714286,0.0,0.0,0.4984126984126984,0.2698412698412698,0.22857142857142856,0.0,1.0
11,2017.7319587628865,-0.9421649484536082,3.9587628865979383,1.2371134020618557,0.37628865979381443,1.1443298969072164,707.860824742268,0.0,0.0,0.3711340206185567,0.14948453608247422,0.22164948453608246,0.0,1.0
12,2036.926605504587,-0.9459174311926606,3.7889908256880735,1.1926605504587156,0.5871559633027523,1.2798165137614679,711.7522935779816,0.0,0.0,0.9587155963302753,0.3853211009174312,0.573394495412844,0.0,1.0
13,2075.8627450980393,-0.47526143790849673,4.209150326797386,2.1209150326797386,0.7058823529411765,1.1666666666666667,745.2843137254902,0.0,0.0,0.28104575163398693,0.13071895424836602,0.1503267973856209,0.0,0.9934640522875817
14,2011.173184357542,-0.9167039106145252,4.167597765363128,1.0558659217877095,0.3016759776536313,1.0670391061452513,722.3072625698323,0.0,0.0,0.5251396648044693,0.2569832402234637,0.2681564245810056,0.0,1.0
15,2035.5497382198953,-0.9993717277486911,2.93717277486911,1.5602094240837696,0.387434554973822,1.3717277486910995,726.8743455497382,0.0,0.0,0.6282722513089005,0.3193717277486911,0.3089005235602094,0.0,1.0
16,2067.71978021978,-0.8083516483516484,3.4175824175824174,2.587912087912088,0.7637362637362637,1.032967032967033,732.0576923076923,0.0,0.0,0.4065934065934066,0.20054945054945056,0.20604395604395603,0.0,1.0
17,2017.75956284153,-0.7772677595628416,5.693989071038251,1.0,0.29508196721311475,0.9617486338797814,709.3825136612022,0.0,0.0,0.5300546448087432,0.24043715846994534,0.2896174863387978,0.0,1.0
18,2028.0876288659795,-0.14340206185567006,3.8092783505154637,1.4742268041237114,0.34536082474226804,1.3814432989690721,725.0773195876288,0.0,0.0,0.29896907216494845,0.17525773195876287,0.12371134020618557,0.0,0.9896907216494846
19,2070.1261829653,-0.8567192429022081,4.246056782334385,1.9873817034700316,0.6182965299684543,1.0788643533123028,737.6624605678234,0.0,0.0,0.35331230283911674,0.1829652996845426,0.17034700315457413,0.0,1.0
20,2015.2056074766356,-0.6756542056074767,4.542056074766355,1.088785046728972,0.5233644859813084,1.1261682242990654,726.7850467289719,0.0,0.0,0.3598130841121495,0.17289719626168223,0.18691588785046728,0.0,0.9953271028037384
21,2030.3131868131868,-0.41038461538461535,3.5934065934065935,1.2967032967032968,0.4065934065934066,1.2692307692307692,733.434065934066,0.0,0.0,0.4945054945054945,0.22527472527472528,0.2692307692307692,0.0,0.989010989010989
22,2073.6746987951806,-0.8574397590361447,4.379518072289157,1.7981927710843373,0.8825301204819277,1.0030120481927711,753.1536144578313,0.0,0.0,1.0903614457831325,0.5783132530120482,0.5120481927710844,0.0,1.0
23,2003.7837837837837,-0.9313513513513514,4.443243243243243,1.2216216216216216,0.15675675675675677,0.918918918918919,731.5189189189189,0.0,0.0,0.518918918918919,0.22702702702702704,0.2918918918918919,0.0,1.0
24,2033.568888888889,-0.22044444444444442,3.542222222222222,1.511111111111111,0.6311111111111111,1.288888888888889,759.1066666666667,0.0,0.0,0.5377777777777778,0.28888888888888886,0.24888888888888888,0.0,0.9911111111111112
25,2070.93837535014,-0.3752100840336135,3.557422969187675,2.176470588235294,0.9131652661064426,1.134453781512605,748.8711484593838,0.0,0.0,0.43977591036414565,0.2184873949579832,0.22128851540616246,0.0,0.9971988795518207
26,2020.2671755725191,-0.8696564885496183,3.8587786259541983,1.5725190839694656,0.549618320610687,1.0114503816793894,722.5954198473282,0.0,0.0,0.17557251908396945,0.07633587786259542,0.09923664122137404,0.0,1.0
27,2048.0346153846153,-0.6215,4.1692307692307695,1.4538461538461538,0.7461538461538462,1.3115384615384615,717.6923076923077,0.0,0.0,0.6846153846153846,0.23076923076923078,0.45384615384615384,0.0,0.9961538461538462
28,2064.028446389497,-0.8346608315098468,3.4704595185995624,2.3654266958424506,0.8643326039387309,0.9978118161925602,734.4310722100656,0.0,0.0,0.34573304157549234,0.12035010940919037,0.22538293216630198,0.0,0.9978118161925602
29,2027.7152777777778,-0.7677777777777778,4.423611111111111,1.46875,0.5381944444444444,1.0,742.3506944444445,0.0,0.0,0.7291666666666666,0.4166666666666667,0.3125,0.0,0.9965277777777778
30,2045.5743243243244,-0.8365878378378379,3.939189189189189,1.5844594594594594,0.7466216216216216,1.1385135135135136,763.293918918919,0.0,0.0,0.6993243243243243,0.21283783783783783,0.4864864864864865,0.0,1.0
31,2071.356993736952,-0.8309603340292275,3.5427974947807934,2.068893528183716,1.129436325678497,0.9331941544885177,775.3674321503131,0.0,0.0,0.7056367432150313,0.35281837160751567,0.35281837160751567,0.0,1.0
32,2029.032258064516,-0.7872043010752688,5.064516129032258,1.6523297491039426,0.46236559139784944,1.028673835125448,778.4408602150538,0.0,0.0,0.6953405017921147,0.33691756272401435,0.35842293906810035,0.0,1.0
33,2043.410447761194,-0.5682835820895522,4.17910447761194,1.671641791044776,0.5597014925373134,1.3805970149253732,788.0634328358209,0.0,0.0,0.6865671641791045,0.3246268656716418,0.3619402985074627,0.0,0.996268656716418
34,2069.22131147541,-0.8612090163934426,3.5655737704918034,2.5635245901639343,1.0122950819672132,0.9692622950819673,786.5840163934427,0.0,0.0,0.6413934426229508,0.3442622950819672,0.29713114754098363,0.0,1.0
35,2026.7474048442907,-0.8539100346020762,3.86159169550173,1.7370242214532872,0.5778546712802768,1.1141868512110726,789.5190311418685,0.0,0.0,0.8166089965397924,0.3737024221453287,0.4429065743944637,0.0,1.0
36,2048.7184750733136,-0.7673900293255133,3.4281524926686218,1.9530791788856305,0.7624633431085044,1.1202346041055717,805.1290322580645,0.0,0.0,0.8768328445747801,0.4574780058651026,0.41935483870967744,0.0,0.9970674486803519
37,2070.677966101695,-0.8255555555555556,4.069679849340866,2.2843691148775895,1.143126177024482,0.9661016949152542,799.9491525423729,0.0,0.0,0.832391713747646,0.3898305084745763,0.4425612052730697,0.0,1.0
38,2024.942652329749,-0.8049820788530466,4.186379928315413,1.7455197132616487,0.6236559139784946,0.8637992831541219,804.2293906810036,0.0,0.0,0.7311827956989247,0.2867383512544803,0.4444444444444444,0.0,0.996415770609319
39,2047.681660899654,-0.9029065743944636,3.7681660899653977,1.7854671280276817,0.6920415224913494,1.231833910034602,807.0484429065745,0.0,0.0,0.7474048442906575,0.370242214532872,0.3771626297577855,0.0,1.0
40,2067.663565891473,-0.5487596899224807,3.2465116279069766,2.034108527131783,1.5348837209302326,0.7829457364341085,819.0806201550388,0.0,0.0,0.8542635658914729,0.43410852713178294,0.4201550387596899,0.0,0.9984496124031008
41,2040.013966480447,-0.4965083798882682,4.022346368715084,1.7067039106145252,0.7374301675977654,0.9078212290502793,808.036312849162,0.0,0.0,1.4134078212290502,0.6480446927374302,0.7653631284916201,0.0,0.9916201117318436
42,2046.0191780821917,-0.3275342465753424,4.095890410958904,1.7863013698630137,0.9041095890410958,1.082191780821918,837.5013698630137,0.0,0.0,1.0191780821917809,0.4712328767123288,0.547945205479452,0.0,0.9917808219178083
43,2063.9575163398695,-0.7210294117647058,3.665032679738562,2.276143790849673,0.9738562091503268,0.8545751633986928,826.468954248366,0.0,0.0,0.7075163398692811,0.39705882352941174,0.3104575163398693,0.0,0.9967320261437909
44,2029.5467422096317,-0.8173371104815863,4.2492917847025495,1.728045325779037,0.6742209631728046,0.9858356940509915,808.2096317280453,0.0,0.0,0.4447592067988669,0.2804532577903683,0.1643059490084986,0.0,1.0
45,2041.251633986928,0.15212418300653593,3.4836601307189543,1.7745098039215685,0.8006535947712419,1.1601307189542485,806.8137254901961,0.0,0.0,0.5424836601307189,0.23202614379084968,0.3104575163398693,0.0,0.9869281045751634
46,2060.9888111888113,-0.5653146853146853,3.0671328671328673,2.3524475524475523,1.2237762237762237,0.7412587412587412,836.4615384615385,0.0,0.0,0.9846153846153847,0.47132867132867134,0.5132867132867133,0.0,0.9916083916083916
47,2032.671875,-0.29509375000000004,5.275,1.49375,0.728125,0.803125,806.740625,0.0,0.0,0.53125,0.209375,0.321875,0.0,0.996875
48,2016.97311827957,3.109596774193548,3.610215053763441,1.8736559139784945,0.8306451612903226,1.1478494623655915,815.6317204301075,0.0,0.0,0.8010752688172043,0.4112903225806452,0.3897849462365591,0.0,0.956989247311828
49,2062.7758620689656,-0.7830344827586206,3.731034482758621,1.9448275862068964,1.2724137931034483,0.8344827586206897,832.5810344827586,0.0,0.0,0.593103448275862,0.3620689655172414,0.23103448275862068,0.0,1.0
50,2035.8179916317993,-0.14064853556485354,4.144351464435147,1.702928870292887,1.108786610878661,0.893305439330544,821.5167364016736,0.0,0.0,1.0523012552301256,0.5711297071129707,0.4811715481171548,0.0,0.9916317991631799
51,2046.4559585492227,-0.4346891191709845,3.5207253886010363,1.8704663212435233,0.9637305699481865,0.961139896373057,811.3937823834196,0.0,0.0,0.8549222797927462,0.4533678756476684,0.4015544041450777,0.0,0.9948186528497409
52,2064.76586102719,-0.7595619335347432,3.2326283987915407,1.8625377643504533,1.3474320241691844,0.7809667673716012,830.9939577039275,0.0,0.0,0.8957703927492447,0.4622356495468278,0.4335347432024169,0.0,0.9984894259818731
53,2037.1772151898733,-0.2993670886075949,4.141772151898734,1.7392405063291139,1.010126582278481,0.9493670886075949,781.6607594936709,0.0,0.0,0.8405063291139241,0.4430379746835443,0.39746835443037976,0.0,0.9974683544303797
54,2044.871727748691,-0.4672513089005236,3.4633507853403143,2.157068062827225,0.93717277486911,1.049738219895288,827.6780104712042,0.0,0.0,1.057591623036649,0.5,0.5575916230366492,0.0,0.9921465968586387
55,2061.7577548005906,-0.6302806499261447,3.0088626292466767,2.344165435745938,1.410635155096012,0.7090103397341211,816.3899556868538,0.0,0.0,0.7060561299852289,0.35893648449039883,0.34711964549483015,0.0,0.9955686853766618
56,2032.0151187904967,0.11753779697624193,4.226781857451404,1.9157667386609072,0.8898488120950324,0.8466522678185745,816.8488120950324,0.0,0.0,0.712742980561555,0.46436285097192226,0.24838012958963282,0.0,0.9827213822894169
57,2051.592017738359,-0.37082039911308207,3.8425720620842574,1.9268292682926829,1.0509977827050998,0.9445676274944568,838.8713968957871,0.0,0.0,1.419068736141907,0.6274944567627494,0.7915742793791575,0.0,0.9977827050997783
58,2059.0885416666665,-0.38315104166666664,3.0924479166666665,2.5130208333333335,1.4557291666666667,0.6822916666666666,841.3684895833334,0.0,0.0,0.53515625,0.26171875,0.2734375,0.0,0.9934895833333334
59,2036.4158878504672,-0.7171261682242991,4.336448598130841,1.7757009345794392,0.8130841121495327,0.9509345794392523,799.7990654205607,0.0,0.0,0.7570093457943925,0.38317757009345793,0.37383177570093457,0.0,0.9976635514018691
60,2046.0920577617328,0.12922382671480145,3.832129963898917,2.160649819494585,1.1425992779783394,0.9187725631768953,837.2093862815884,0.0,0.0,0.5361010830324909,0.22021660649819494,0.315884476534296,0.0,0.9855595667870036
61,2064.1130876747143,-0.39144853875476493,2.7712833545108007,2.162642947903431,1.5883100381194408,0.6899618805590851,844.725540025413,0.0,0.0,1.2719186785260483,0.6124523506988564,0.6594663278271918,0.0,0.9936467598475223
62,2034.7821782178219,0.34779702970297033,5.247524752475248,1.7326732673267327,0.7945544554455446,0.8688118811881188,804.6064356435644,0.0,0.0,0.5148514851485149,0.2722772277227723,0.24257425742574257,0.0,0.9876237623762376
63,2031.3641509433962,2.4483773584905664,4.128301886792453,1.7849056603773585,0.9830188679245283,1.0641509433962264,848.8452830188679,0.0,0.0,1.1452830188679246,0.6056603773584905,0.539622641509434,0.0,0.9622641509433962
64,2063.4383561643835,-0.5144831880448318,3.021170610211706,2.2627646326276465,1.49813200498132,0.7310087173100872,885.2889165628892,0.0,0.0,1.1892901618929017,0.7422166874221668,0.44707347447073476,0.0,0.9925280199252802
65,2058.21592920354,-0.38823008849557517,3.6761061946902656,1.7964601769911503,1.2035398230088497,0.911504424778761,875.1557522123894,0.0,0.0,1.3663716814159292,0.7044247787610619,0.6619469026548672,0.0,0.9929203539823008
66,2030.1948881789137,3.2451277955271567,3.281150159744409,2.2667731629392973,1.1741214057507987,1.0303514376996805,827.0031948881789,0.0,0.0,1.4472843450479234,0.7651757188498403,0.6821086261980831,0.0,0.9408945686900958
67,2054.6969365426694,0.7706017505470458,3.2932166301969366,2.0743982494529543,1.6564551422319476,0.6925601750547046,867.589715536105,0.0,0.0,1.1706783369803064,0.600656455142232,0.5700218818380745,0.0,0.9814004376367614
68,2047.0257648953302,-0.3343156199677939,3.753623188405797,2.186795491143317,1.1384863123993558,0.7874396135265701,849.2673107890499,0.0,0.0,0.6876006441223832,0.30434782608695654,0.3832528180354267,0.0,0.9951690821256038
69,2016.3845007451564,4.696691505216095,3.4202682563338302,2.1117734724292103,1.180327868852459,0.8912071535022354,822.0029806259314,0.0,0.0,0.7511177347242921,0.36065573770491804,0.39046199701937406,0.0,0.9388971684053651
70,2062.5553571428572,-0.40920535714285716,2.557142857142857,2.2357142857142858,1.917857142857143,0.5080357142857143,877.5982142857143,0.0,0.0,0.9241071428571429,0.4589285714285714,0.46517857142857144,0.0,0.9964285714285714
71,2045.6685082872928,0.38176795580110495,3.541436464088398,1.9944751381215469,1.2348066298342542,0.7458563535911602,854.6616022099447,0.0,0.0,2.06767955801105,1.011049723756906,1.0566298342541436,0.0,0.9848066298342542
72,2022.5258358662613,4.144164133738602,3.548632218844985,1.9331306990881458,1.3237082066869301,0.9665653495440729,844.4285714285714,0.0,0.0,1.2872340425531914,0.5699088145896657,0.7173252279635258,0.0,0.9331306990881459
73,2059.6135922330095,0.6810388349514563,2.7135922330097086,2.2310679611650484,1.7728155339805824,0.579611650485437,876.8194174757282,0.0,0.0,1.383495145631068,0.6961165048543689,0.6873786407766991,0.0,0.983495145631068
74,2041.2381615598886,1.7702367688022285,3.1963788300835656,1.7799442896935933,1.3955431754874652,0.7701949860724234,860.0515320334262,0.0,0.0,2.403899721448468,1.2172701949860725,1.1866295264623956,0.0,0.9777158774373259
75,2042.5786082474226,1.7088015463917525,3.051546391752577,2.23840206185567,1.282216494845361,0.7770618556701031,861.3427835051547,0.0,0.0,2.1082474226804124,1.0231958762886597,1.0850515463917525,0.0,0.9626288659793815
76,2059.080142475512,0.14325022261798756,2.7506678539626,2.4194122885129117,1.6562778272484417,0.5672306322350846,846.9216384683882,0.0,0.0,1.1460373998219056,0.553873552983081,0.5921638468388246,0.0,0.9821905609973286
77,2038.1690322580646,1.0514322580645161,4.038709677419355,1.792258064516129,1.2425806451612904,0.7561290322580645,873.3329032258065,0.0,0.0,1.1148387096774193,0.6296774193548387,0.48516129032258065,0.0,0.9767741935483871
78,2022.4535864978902,4.119029535864979,3.168776371308017,2.199367088607595,1.3544303797468353,0.7215189873417721,861.2310126582279,0.0,0.0,0.9462025316455697,0.43143459915611815,0.5147679324894515,0.0,0.9219409282700421
79,2052.3316455696204,0.6872827004219408,2.6632911392405063,2.191561181434599,1.8253164556962025,0.5426160337552742,881.7915611814346,0.0,0.0,0.5282700421940928,0.25569620253164554,0.27257383966244725,0.0,0.9814345991561182
80,2056.909090909091,-0.2749162679425837,3.5466507177033493,1.9629186602870814,1.3708133971291867,0.6782296650717703,877.9557416267943,0.0,0.0,1.105263157894737,0.5442583732057417,0.5610047846889952,0.0,0.9892344497607656
81,2018.609271523179,5.2591059602649,3.4503311258278146,2.11037527593819,1.2317880794701987,0.7450331125827815,855.1600441501104,0.0,0.0,1.3520971302428255,0.5860927152317881,0.7660044150110376,0.0,0.9161147902869757
82,2039.7373823781008,2.5242001710863984,2.7741659538066723,2.330196749358426,1.7151411462788708,0.5380667236954663,891.5876817792986,0.0,0.0,0.8922155688622755,0.455945252352438,0.43627031650983744,0.0,0.9674935842600513
83,2055.9606299212596,-0.31847019122609677,3.4465691788526436,2.1901012373453317,1.3352080989876265,0.6614173228346457,870.0798650168729,0.0,0.0,1.2598425196850394,0.6040494938132733,0.655793025871766,0.0,0.9932508436445444
84,2000.8426698450537,6.9658641239570915,3.9141835518474375,2.296781883194279,1.1787842669845054,0.8772348033373063,907.7640047675804,0.0,0.0,1.165673420738975,0.6317044100119189,0.533969010727056,0.0,0.901072705601907
85,2063.040734824281,0.3646405750798722,2.426517571884984,2.5742811501597442,1.799520766773163,0.5215654952076677,932.9121405750799,0.0,0.0,1.285143769968051,0.6373801916932907,0.6477635782747604,0.0,0.9888178913738019
86,2046.2280887011616,1.1393980992608237,3.5036958817317845,2.1721224920802533,1.3579725448785638,0.6346356916578669,914.9376979936642,0.0,0.0,1.0791974656810983,0.5121436114044351,0.5670538542766631,0.0,0.9778247096092925
87,2004.867724867725,7.165280423280423,3.4962962962962965,2.185185185185185,1.4455026455026454,0.7608465608465609,868.5671957671958,0.0,0.0,1.475132275132275,0.6804232804232804,0.7947089947089947,0.0,0.8962962962962963
88,2051.9648203592815,2.5731362275449103,2.438622754491018,2.4842814371257487,1.9790419161676647,0.5022455089820359,899.6811377245509,0.0,0.0,0.7732035928143712,0.3937125748502994,0.37949101796407186,0.0,0.969311377245509
89,2047.1283367556468,1.3367864476386038,3.4373716632443534,1.995893223819302,1.5328542094455853,0.6190965092402464,925.7628336755647,0.0,0.0,1.1529774127310062,0.5605749486652978,0.5924024640657084,0.0,0.9856262833675564
90,2025.0225694444443,5.78720486111111,3.0928819444444446,2.3428819444444446,1.4652777777777777,0.6388888888888888,916.0217013888889,0.0,0.0,1.5703125,0.7100694444444444,0.8602430555555556,0.0,0.9123263888888888
91,2065.681572860447,1.5651811873554355,2.4618350038550503,2.279105628373169,1.8804934464148033,0.5042405551272167,896.0092521202776,0.0,0.0,2.0593677717810333,1.0678488820354664,0.9915188897455667,0.0,0.9784117193523516
92,2066.0696902654868,1.4557300884955753,3.814159292035398,2.1150442477876106,1.1592920353982301,0.661504424778761,917.6150442477876,0.0,0.0,1.950221238938053,0.9988938053097345,0.9513274336283186,0.0,0.9811946902654868
93,2030.4395711500974,3.5837816764132553,3.5838206627680314,2.2309941520467835,1.2690058479532165,0.7270955165692008,922.9990253411306,0.0,0.0,1.192007797270955,0.601364522417154,0.5906432748538012,0.0,0.9307992202729045
94,2051.2513747054204,1.941186174391202,2.7077769049489393,2.600942655145326,1.7203456402199528,0.5208169677926159,917.6865671641791,0.0,0.0,1.1578947368421053,0.5640219952867243,0.593872741555381,0.0,0.9732914375490966
95,2051.0193548387097,0.4954930875576036,2.9778801843317972,2.1889400921658986,1.4285714285714286,0.5631336405529954,907.1963133640553,0.0,0.0,1.551152073732719,0.7714285714285715,0.7797235023041474,0.0,0.9861751152073732
96,2020.160394265233,6.566756272401434,3.0931899641577063,2.283154121863799,1.4650537634408602,0.6720430107526881,901.4336917562724,0.0,0.0,1.843189964157706,0.8897849462365591,0.953405017921147,0.0,0.8942652329749103
97,2050.9215262778976,1.883556515478762,2.724982001439885,2.3678905687544995,1.9719222462203023,0.4866810655147588,955.0187185025198,0.0,0.0,1.187904967602592,0.6385889128869691,0.5493160547156227,0.0,0.97264218862491
98,2047.2616487455198,1.133673835125448,2.946236559139785,2.339605734767025,1.4543010752688172,0.553763440860215,933.6012544802867,0.0,0.0,1.221326164874552,0.6388888888888888,0.5824372759856631,0.0,0.9838709677419355
99,2019.9072847682119,5.631825922421949,3.378429517502365,2.262062440870388,1.3557237464522234,0.6944181646168401,924.6953642384105,0.0,0.0,1.6840113528855252,0.8003784295175024,0.8836329233680227,0.0,0.912961210974456
100,2062.150354609929,0.48832624113475176,2.475886524822695,2.3843971631205676,2.051063829787234,0.42836879432624114,937.4936170212766,0.0,0.0,0.973758865248227,0.48156028368794324,0.4921985815602837,0.0,0.9865248226950355
101,2058.8706326723322,0.7098111425873466,3.230406043437205,2.0132200188857414,1.4268177525967893,0.5845136921624173,925.1539187913125,0.0,0.0,1.7516525023607177,0.8498583569405099,0.9017941454202077,0.0,0.9848914069877243
102,2018.4169960474308,7.183280632411067,3.616600790513834,2.2816205533596836,1.3359683794466404,0.7391304347826086,940.4594861660079,0.0,0.0,1.6640316205533596,0.8142292490118577,0.849802371541502,0.0,0.8913043478260869
103,2064.466040462428,1.8864595375722544,2.6965317919075145,2.614884393063584,1.8049132947976878,0.4956647398843931,910.7911849710982,0.0,0.0,1.7196531791907514,0.838150289017341,0.8815028901734104,0.0,0.9674855491329479
104,2072.7962790697675,-0.018883720930232543,3.388837209302326,2.1832558139534886,1.3962790697674419,0.5767441860465117,953.2427906976744,0.0,0.0,2.052093023255814,0.933953488372093,1.1181395348837209,0.0,0.9897674418604652
105,2030.6530434782608,5.952069565217392,3.223478260869565,2.488695652173913,1.3295652173913044,0.6417391304347826,896.1878260869565,0.0,0.0,2.734782608695652,1.353913043478261,1.3808695652173912,0.0,0.908695652173913
106,2048.5091984231276,2.829060446780552,2.461892247043364,2.614323258869908,1.7963206307490145,0.4816031537450723,905.9533508541393,0.0,0.0,1.4980289093298291,0.797634691195795,0.7003942181340341,0.0,0.9592641261498029
107,2053.750653879686,2.5068875326939843,3.3984306887532694,2.084568439407149,1.6303400174367917,0.5579773321708805,941.4036617262424,0.0,0.0,1.875326939843069,0.8735832606800349,1.001743679163034,0.0,0.972101133391456
108,2019.6739130434783,6.523603678929765,3.000836120401338,2.4765886287625416,1.5468227424749164,0.6463210702341137,923.2081939799331,0.0,0.0,1.4933110367892977,0.7240802675585284,0.7692307692307693,0.0,0.8946488294314381
109,2054.4173728813557,2.651031073446328,2.4887005649717513,2.4470338983050848,1.972457627118644,0.4844632768361582,903.7697740112994,0.0,0.0,1.2697740112994351,0.6362994350282486,0.6334745762711864,0.0,0.9675141242937854
110,2061.585593220339,0.4667457627118644,3.085593220338983,2.227966101694915,1.6398305084745763,0.5305084745762711,933.7398305084746,0.0,0.0,1.509322033898305,0.7186440677966102,0.7906779661016949,0.0,0.985593220338983
111,2034.6303751143641,4.792616651418115,3.6514181152790486,2.420860018298262,1.3129002744739249,0.716376944190302,940.7913998170173,0.0,0.0,2.020128087831656,0.8847209515096066,1.1354071363220495,0.0,0.9213174748398902
112,2053.301331464611,3.2669306236860547,2.4891380518570427,2.460406447091801,1.8079887876664331,0.48423265592151365,913.5634197617379,0.0,0.0,1.810791871058164,0.9250175192711984,0.8857743517869656,0.0,0.964260686755431
113,2081.986013986014,-0.11848776223776225,3.1486013986013988,2.4685314685314683,1.4344405594405594,0.5638111888111889,934.55506993007,0.0,0.0,2.26486013986014,1.1267482517482517,1.1381118881118881,0.0,0.9886363636363636
114,2030.164644714038,6.268804159445407,3.3717504332755635,2.4419410745233967,1.352686308492201,0.6672443674176777,935.8093587521664,0.0,0.0,2.079722703639515,1.0545927209705372,1.0251299826689775,0.0,0.8994800693240901
115,2052.8028368794326,2.6088936170212764,2.4304964539007092,2.704964539007092,1.8794326241134751,0.49929078014184397,912.0375886524822,0.0,0.0,1.553191489361702,0.8099290780141843,0.7432624113475177,0.0,0.9638297872340426
116,2090.167434715822,0.7282411674347159,2.910906298003072,2.316436251920123,1.4915514592933947,0.4738863287250384,921.2557603686636,0.0,0.0,2.3225806451612905,1.1121351766513057,1.2104454685099846,0.0,0.9877112135176651
117,2021.9939498703543,8.822904062229906,3.4088159031979255,2.4580812445980986,1.5825410544511669,0.700086430423509,937.6240276577355,0.0,0.0,1.8383751080380293,0.8556611927398444,0.982713915298185,0.0,0.881590319792567
118,2060.8382053025152,1.6065737593473828,2.328348062542488,2.6859279401767506,2.0754588715159756,0.460231135282121,961.0387491502379,0.0,0.0,0.831407205982325,0.44391570360299115,0.3874915023793338,0.0,0.9775662814411965
119,2069.99001814882,0.5894736842105264,3.323956442831216,2.1624319419237747,1.6279491833030852,0.5535390199637024,970.3448275862069,0.0,0.0,1.4827586206896552,0.7159709618874773,0.7667876588021778,0.0,0.9872958257713249
120,2039.105560032232,5.088267526188558,3.3440773569701854,2.590652699435939,1.5181305398871878,0.6075745366639806,974.5608380338437,0.0,0.0,1.9411764705882353,0.9460112812248187,0.9951651893634166,0.0,0.9153908138597905
121,2055.5366509751175,2.8490652320107595,2.3342299932750503,2.408876933422999,1.929388029589778,0.47478143913920645,946.2528581035642,0.0,0.0,1.562205783456624,0.8298587760591796,0.7323470073974445,0.0,0.9663752521856086
122,2076.129116117851,1.2165511265164644,3.4150779896013863,2.165511265164645,1.3492201039861351,0.5545927209705372,922.0485268630849,0.0,0.0,1.805892547660312,0.8882149046793761,0.9176776429809359,0.0,0.9800693240901213
123,2050.048321048321,6.555954135954136,3.506961506961507,2.524979524979525,1.3194103194103195,0.6404586404586404,945.8689598689599,0.0,0.0,2.1244881244881246,1.00982800982801,1.1146601146601147,0.0,0.895986895986896
124,2067.3571428571427,2.9723537414965984,2.546938775510204,2.7244897959183674,1.6979591836734693,0.5006802721088436,928.4619047619047,0.0,0.0,2.1258503401360542,1.0945578231292517,1.0312925170068028,0.0,0.9666666666666667
125,2083.569397993311,0.7758277591973245,2.989130434782609,2.4565217391304346,1.5334448160535117,0.5342809364548495,967.7249163879599,0.0,0.0,2.132107023411371,0.9740802675585284,1.1580267558528428,0.0,0.979933110367893
126,2059.3554119547657,8.300468497576736,3.1680129240710824,2.6009693053311795,1.3707592891760905,0.6445880452342488,945.3222940226171,0.0,0.0,3.009693053311793,1.3998384491114702,1.609854604200323,0.0,0.8812600969305331
127,2058.434899328859,4.719953020134228,2.8422818791946307,2.616778523489933,1.9973154362416108,0.48523489932885905,966.810067114094,0.0,0.0,2.4436241610738256,1.1731543624161074,1.270469798657718,0.0,0.946979865771812
128,2065.0258481421647,3.3747738287560582,2.9216478190630046,2.4878836833602587,1.5331179321486268,0.5226171243941842,956.1114701130856,0.0,0.0,1.7673667205169628,0.8764135702746365,0.8909531502423264,0.0,0.9709208400646203
129,2027.2760032760032,7.47980343980344,3.5593775593775594,2.3235053235053234,1.434889434889435,0.6420966420966421,926.2186732186732,0.0,0.0,1.66994266994267,0.814086814086814,0.8558558558558559,0.0,0.8902538902538902
130,2063.9667943805875,3.082656449553001,2.4814814814814814,2.5638569604086845,2.111749680715198,0.47509578544061304,984.3927203065134,0.0,0.0,1.4802043422733078,0.7630906768837803,0.7171136653895275,0.0,0.9604086845466155
131,2080.66170388751,0.3991645988420182,3.1596360628618694,2.2431761786600495,1.574855252274607,0.5450785773366419,987.313482216708,0.0,0.0,2.3416046319272126,1.1133167907361456,1.228287841191067,0.0,0.9834574028122415
132,2026.2670157068062,6.853673647469459,3.657068062827225,2.3909249563699824,1.4485165794066317,0.6815008726003491,962.5619546247818,0.0,0.0,1.9720767888307156,0.944153577661431,1.0279232111692844,0.0,0.8830715532286213
133,2055.371527777778,3.024034722222222,2.8055555555555554,2.7444444444444445,1.7902777777777779,0.5284722222222222,969.7326388888889,0.0,0.0,1.2854166666666667,0.6458333333333334,0.6395833333333333,0.0,0.9541666666666667
134,2078.3935108153078,1.6925207986688853,3.1281198003327786,2.286189683860233,1.5083194675540765,0.5332778702163061,948.2113144758736,0.0,0.0,2.1397670549084857,1.0615640599001663,1.0782029950083194,0.0,0.9750415973377704
135,2054.859523809524,5.4585,3.346825396825397,2.469047619047619,1.376984126984127,0.6515873015873016,954.1246031746032,0.0,0.0,2.542063492063492,1.1682539682539683,1.3738095238095238,0.0,0.9079365079365079
136,2053.721794871795,4.123442307692308,2.4782051282051283,2.7634615384615384,1.919871794871795,0.48525641025641025,953.876923076923,0.0,0.0,1.714102564102564,0.8782051282051282,0.8358974358974359,0.0,0.9506410256410256
137,2077.498447204969,2.0539518633540372,3.31055900621118,2.077639751552795,1.6475155279503106,0.5038819875776398,979.7507763975156,0.0,0.0,2.000776397515528,0.9254658385093167,1.075310559006211,0.0,0.9759316770186336
138,2060.1581670362157,6.424863266814486,2.9970436067997044,2.484848484848485,1.5447154471544715,0.6164079822616408,960.3015521064301,0.0,0.0,2.269770879526977,1.0909090909090908,1.1788617886178863,0.0,0.8913525498891353
139,2057.4986824769435,4.261198945981555,2.629776021080369,2.4776021080368906,1.9393939393939394,0.49407114624505927,954.6218708827405,0.0,0.0,1.5006587615283267,0.8188405797101449,0.6818181818181818,0.0,0.9466403162055336
140,2070.4299212598426,1.0948188976377953,2.9543307086614172,2.2984251968503937,1.669291338582677,0.5055118110236221,984.4267716535433,0.0,0.0,1.4913385826771655,0.6811023622047244,0.8102362204724409,0.0,0.9818897637795275
141,2061.3203642384105,6.042673841059603,3.5322847682119205,2.4445364238410594,1.2003311258278146,0.6663907284768212,978.8617549668874,0.0,0.0,2.096026490066225,1.0198675496688743,1.076158940397351,0.0,0.8998344370860927
142,2057.3701117318437,3.0933938547486033,2.598463687150838,2.5879888268156424,1.8847765363128492,0.505586592178771,934.4350558659218,0.0,0.0,1.1731843575418994,0.5572625698324022,0.6159217877094972,0.0,0.9567039106145251
143,2100.9893267651887,0.1748768472906404,3.0788177339901477,2.537766830870279,1.4901477832512315,0.5747126436781609,996.8185550082102,0.0,0.0,1.79064039408867,0.8440065681444991,0.9466338259441708,0.0,0.9852216748768473
144,2042.478792822186,5.501818923327895,3.4086460032626427,2.438009787928222,1.3466557911908645,0.6305057096247961,969.1827079934748,0.0,0.0,1.4306688417618272,0.7014681892332789,0.7292006525285482,0.0,0.9004893964110929
145,2065.629778672032,3.4331254191817573,2.436619718309859,2.766599597585513,1.8423876592890678,0.48893360160965793,945.5446009389672,0.0,0.0,1.415157612340711,0.7337357478202549,0.681421864520456,0.0,0.960429242119383
146,2092.684210526316,1.3788435878428464,2.970348406226835,2.480355819125278,1.5433654558932544,0.48628613787991104,977.6197183098592,0.0,0.0,1.720533728687917,0.8517420311341735,0.8687916975537435,0.0,0.977761304670126
147,2039.6097190584662,6.538056188306759,3.466211085801063,2.3682611996962795,1.501138952164009,0.6165527714502658,975.4024297646165,0.0,0.0,1.8936977980258163,0.8838268792710706,1.0098709187547457,0.0,0.8823082763857252
148,2045.9399380804953,3.9014427244582044,2.2445820433436534,2.5900928792569657,1.9814241486068112,0.4538699690402477,977.8173374613003,0.0,0.0,0.9250773993808049,0.46191950464396286,0.4631578947368421,0.0,0.9554179566563468
149,2059.8130016051364,2.237592295345104,3.07784911717496,2.079454253611557,1.6468699839486356,0.5248796147672552,949.4566613162119,0.0,0.0,1.115569823434992,0.5585874799357945,0.5569823434991974,0.0,0.978330658105939
150,2052.585579024035,4.058230152949745,3.2935178441369266,2.4916241806263657,1.4996358339402767,0.5790240349599417,996.1005098324836,0.0,0.0,1.85360524399126,0.8310269482884195,1.0225782957028404,0.0,0.9191551347414421
151,2065.54498381877,4.240019417475728,2.3864077669902914,2.445307443365696,1.8783171521035598,0.47443365695792883,945.9993527508091,0.0,0.0,1.8919093851132687,0.9812297734627832,0.9106796116504854,0.0,0.9533980582524272
152,2073.710702341137,1.8457107023411374,3.3662207357859533,2.2550167224080266,1.5451505016722409,0.5409698996655519,942.5392976588629,0.0,0.0,1.7717391304347827,0.8704013377926422,0.9013377926421404,0.0,0.9732441471571907
153,2069.372074882995,4.5756630265210605,3.5382215288611545,2.628705148205928,1.356474258970359,0.62402496099844,952.4875195007801,0.0,0.0,1.8034321372854913,0.8361934477379095,0.9672386895475819,0.0,0.9087363494539782
154,2066.2955326460483,3.4593745704467356,2.69553264604811,2.8247422680412373,1.7738831615120274,0.5079037800687285,942.8611683848798,0.0,0.0,1.245360824742268,0.5821305841924399,0.6632302405498282,0.0,0.9539518900343643
155,2070.684650455927,1.6098784194528875,2.825227963525836,2.5372340425531914,1.567629179331307,0.5015197568389058,931.84726443769,0.0,0.0,1.4034954407294833,0.689209726443769,0.7142857142857143,0.0,0.9756838905775076
156,2060.603186097031,5.180086893555394,3.160753077480087,2.606806661839247,1.397538015930485,0.5937726285300506,938.2034757422158,0.0,0.0,1.842143374366401,0.8826937002172339,0.9594496741491673,0.0,0.8957277335264301
157,2045.5305318450428,5.544793171372291,2.839789888378201,2.5784635587655944,1.9711096520026263,0.47406434668417596,923.0295469468155,0.0,0.0,1.670387393302692,0.8601444517399869,0.8102429415627052,0.0,0.9389363099146422
158,2079.617283950617,1.8085725308641973,2.8433641975308643,2.537037037037037,1.6257716049382716,0.49459876543209874,926.9668209876543,0.0,0.0,1.2739197530864197,0.6018518518518519,0.6720679012345679,0.0,0.9799382716049383
159,2067.15234375,5.8262734375,3.56484375,2.48125,1.45703125,0.63515625,941.33046875,0.0,0.0,2.140625,0.9578125,1.1828125,0.0,0.89609375
160,2070.2390019697964,2.1850164149704527,2.5088640840446486,2.6605384110308603,2.1470781352593566,0.4780039395929087,959.0689428759028,0.0,0.0,1.4353250164149705,0.8089297439264609,0.6263952724885096,0.0,0.9678266579120157
161,2103.4694508894045,0.4722119102861563,3.005413766434648,2.2420726991492654,1.6264501160092808,0.5081206496519721,934.323279195669,0.0,0.0,2.073472544470224,1.0061871616395979,1.0672853828306264,0.0,0.9806651198762568
162,2056.1522411128285,5.559111282843895,3.534003091190108,2.2619783616692426,1.446676970633694,0.6174652241112828,947.3523956723338,0.0,0.0,2.118238021638331,0.9899536321483772,1.1282843894899537,0.0,0.9010819165378671
163,2063.745057941377,3.396387184730743,2.7436946148602592,2.850715746421268,1.8302658486707566,0.47716428084526247,944.4294478527607,0.0,0.0,1.2201772324471711,0.6066802999318337,0.6134969325153374,0.0,0.9529652351738241
164,2083.0525464834277,0.9924252223120453,3.1075181891673402,2.4017784963621667,1.438965238480194,0.5359741309620049,942.6847210994341,0.0,0.0,1.6329830234438156,0.740501212611156,0.8924818108326596,0.0,0.9870654810024252
165,2059.6334332833585,4.699212893553224,3.3350824587706147,2.4610194902548725,1.383808095952024,0.618440779610195,923.9085457271365,0.0,0.0,2.2481259370314843,1.1109445277361318,1.1371814092953523,0.0,0.9055472263868066
166,2051.0456821026282,4.473072590738423,2.4899874843554444,2.782227784730914,1.8773466833541927,0.467459324155194,948.7841051314143,0.0,0.0,1.292866082603254,0.6896120150187734,0.6032540675844806,0.0,0.9474342928660826
167,2067.115085536547,2.7757853810264383,3.354587869362364,2.286158631415241,1.677293934681182,0.5178849144634525,958.9385692068429,0.0,0.0,1.5202177293934682,0.6889580093312597,0.8312597200622084,0.0,0.968895800933126
168,2040.6310319227914,6.367795100222717,3.071269487750557,2.483296213808463,1.5322939866369711,0.5879732739420935,947.2947290274684,0.0,0.0,1.548626577579807,0.7364513734224202,0.8121752041573868,0.0,0.8849294729027468
169,2042.7789404839764,5.616625245258339,2.642249836494441,2.608894702419882,1.9502943100065402,0.5114453891432309,932.9175931981688,0.0,0.0,1.6671026814911707,0.8469587965990844,0.8201438848920863,0.0,0.9300196206671026
170,2066.617603550296,1.7053476331360948,2.7810650887573964,2.3757396449704142,1.7359467455621302,0.49038461538461536,943.9386094674556,0.0,0.0,1.1937869822485208,0.5591715976331361,0.6346153846153846,0.0,0.9785502958579881
171,2059.756488549618,4.2132595419847325,3.551145038167939,2.548854961832061,1.3053435114503817,0.6389312977099236,924.5946564885496,0.0,0.0,1.6877862595419848,0.7916030534351145,0.8961832061068702,0.0,0.9137404580152672
172,2059.076351351351,3.480891891891892,2.431756756756757,2.593243243243243,1.893918918918919,0.48783783783783785,904.0695945945946,0.0,0.0,1.441891891891892,0.7135135135135136,0.7283783783783784,0.0,0.952027027027027
173,2106.967125382263,0.4698776758409786,2.9128440366972477,2.5496941896024463,1.5359327217125383,0.5045871559633027,952.8302752293578,0.0,0.0,2.1712538226299696,0.9717125382262997,1.1995412844036697,0.0,0.9839449541284404
174,2047.191437802908,5.58297253634895,3.425686591276252,2.5735056542810986,1.3295638126009692,0.6639741518578353,908.6599353796446,0.0,0.0,1.6849757673667205,0.8166397415185783,0.8683360258481422,0.0,0.9030694668820679
175,2046.4061499039078,5.493907751441384,2.5227418321588724,2.771941063420884,1.871877001921845,0.5118513773222293,878.5028827674568,0.0,0.0,1.1518257527226137,0.5739910313901345,0.5778347213324792,0.0,0.9212043561819346
176,2091.4239940387483,1.57021609538003,2.982861400894188,2.697466467958271,1.4441132637853948,0.5014903129657228,903.6743666169896,0.0,0.0,2.328614008941878,1.1341281669150522,1.1944858420268256,0.0,0.9798807749627422
177,2056.0720242608036,7.008658074298711,3.5792266868840033,2.501137225170584,1.4950720242608035,0.6004548900682335,910.5223654283548,0.0,0.0,2.232752084912813,1.1023502653525399,1.130401819560273,0.0,0.8786959818043972
178,2038.811749842072,4.883183828174352,2.3746051800379027,2.7441566645609603,2.036639292482628,0.47883765003158557,900.9968414403032,0.0,0.0,0.9766266582438408,0.4902084649399874,0.48641819330385344,0.0,0.9456727732154138
179,2091.2022471910113,0.8618501872659176,3.006741573033708,2.1775280898876406,1.7131086142322098,0.49213483146067416,891.0082397003746,0.0,0.0,1.489887640449438,0.7573033707865169,0.7325842696629213,0.0,0.9820224719101124
180,2085.537164750958,3.419716475095785,3.4689655172413794,2.660536398467433,1.5693486590038315,0.6306513409961686,942.2252873563218,0.0,0.0,2.085823754789272,1.0398467432950191,1.0459770114942528,0.0,0.9195402298850575
181,2070.077275703995,4.029358218729535,2.5003274394237067,2.538965291421087,1.9377865094957434,0.5127701375245579,938.7334643091028,0.0,0.0,1.6254092992796332,0.7642436149312377,0.8611656843483956,0.0,0.9508840864440079
182,2085.395677472984,1.8094098088113053,3.4098088113050706,2.3898586866167912,1.4704904405652535,0.5586034912718204,941.8969243557772,0.0,0.0,1.5303408146300914,0.7763923524522028,0.7539484621778886,0.0,0.9750623441396509
183,2072.275971451229,3.9417287866772406,3.702616970658208,2.613005551149881,1.450436161776368,0.6360031720856463,941.5440126883426,0.0,0.0,2.204599524187153,1.1078509119746234,1.0967486122125298,0.0,0.9214908802537668
184,2057.790760869565,4.914911684782608,2.7527173913043477,2.8349184782608696,1.752038043478261,0.5264945652173914,941.7221467391304,0.0,0.0,1.843070652173913,0.8485054347826086,0.9945652173913043,0.0,0.9422554347826086
185,2079.624203821656,1.9016480891719747,2.9538216560509554,2.5214968152866244,1.515923566878981,0.5151273885350318,943.6735668789809,0.0,0.0,2.087579617834395,1.0445859872611465,1.0429936305732483,0.0,0.9761146496815286
186,2057.818377602297,5.133948312993539,3.2814070351758793,2.632447954055994,1.3668341708542713,0.5807609475951184,910.2972002871501,0.0,0.0,1.7537688442211055,0.823402727925341,0.9303661162957645,0.0,0.9023689877961235
187,2035.2611218568666,7.55027079303675,2.8304319793681496,2.5918762088974856,1.9342359767891684,0.4816247582205029,912.3352675693101,0.0,0.0,1.4616376531270148,0.6931012250161186,0.7685364281108962,0.0,0.927143778207608
188,2072.540273556231,3.448677811550152,2.89209726443769,2.5235562310030395,1.5425531914893618,0.4908814589665654,910.3867781155016,0.0,0.0,1.6299392097264438,0.7887537993920972,0.8411854103343465,0.0,0.9635258358662614
189,2051.3792569659445,6.32796439628483,3.684984520123839,2.469814241486068,1.41640866873065,0.6369969040247678,924.3057275541796,0.0,0.0,1.9891640866873066,0.978328173374613,1.0108359133126934,0.0,0.8893188854489165
190,2052.0474967907576,5.528818998716303,2.5320924261874196,2.673299101412067,2.142490372272144,0.4749679075738126,905.4987163029525,0.0,0.0,1.4281129653401796,0.7715019255455713,0.6566110397946084,0.0,0.9499358151476252
191,2095.471291866029,1.184952153110048,3.069377990430622,2.3564593301435406,1.5454545454545454,0.5127591706539075,926.7862838915471,0.0,0.0,1.977671451355662,0.9936204146730463,0.9840510366826156,0.0,0.9776714513556619
192,2052.8270616493196,5.7461969575660525,3.6060848678943156,2.3290632506004805,1.5180144115292233,0.6405124099279423,934.4627702161729,0.0,0.0,2.1849479583666933,1.0144115292233786,1.1705364291433147,0.0,0.8895116092874299
193,2056.253263707572,4.0306201044386425,2.810052219321149,2.7780678851174936,1.7663185378590078,0.48368146214099217,918.6351174934725,0.0,0.0,1.335509138381201,0.6553524804177546,0.6801566579634465,0.0,0.9425587467362925
194,2083.219789132198,2.3646796431467965,3.1630170316301705,2.368207623682076,1.4849959448499594,0.5393349553933495,950.1597729115978,0.0,0.0,2.7883211678832116,1.3828061638280615,1.40551500405515,0.0,0.9764801297648013
195,2057.678306092125,5.346307578008916,3.3164933135215455,2.5958395245170878,1.401188707280832,0.6040118870728083,938.3566121842497,0.0,0.0,2.1849925705794946,1.025260029717682,1.1597325408618129,0.0,0.9049034175334324
196,2055.8055555555557,4.96131038647343,2.5096618357487923,2.7572463768115942,1.8810386473429952,0.4788647342995169,930.3925120772947,0.0,0.0,1.6576086956521738,0.8260869565217391,0.8315217391304348,0.0,0.9311594202898551
197,2088.3559718969555,1.4862529274004683,3.359875097580016,2.1975019516003123,1.6463700234192038,0.5378610460577674,947.5854800936768,0.0,0.0,2.079625292740047,1.039032006245121,1.0405932864949259,0.0,0.9765807962529274
198,2046.5227442207308,6.417554064131246,3.2222222222222223,2.6249067859806114,1.5249813571961224,0.6293810589112603,941.0872483221476,0.0,0.0,1.4921700223713648,0.7158836689038032,0.7762863534675615,0.0,0.8926174496644296
199,2053.993614303959,6.312579821200511,2.705619412515964,2.5855683269476373,1.917624521072797,0.5108556832694764,948.2547892720306,0.0,0.0,1.7464878671775224,0.855044699872286,0.8914431673052363,0.0,0.9227330779054917
200,2089.4522942461763,1.6776693372177713,2.8040786598689,2.396212672978878,1.730517115804807,0.4690458849235251,936.102694828842,0.0,0.0,1.97523670793882,0.9621267297887837,1.0131099781500363,0.0,0.9817916970138383
201,2081.0866141732286,4.571551181102362,3.6070866141732285,2.6826771653543307,1.2874015748031495,0.6590551181102362,979.5204724409449,0.0,0.0,2.543307086614173,1.25748031496063,1.2858267716535432,0.0,0.9110236220472441
202,2062.502659574468,4.938397606382979,2.560505319148936,2.545877659574468,1.8889627659574468,0.5219414893617021,967.4102393617021,0.0,0.0,1.7579787234042554,0.8843085106382979,0.8736702127659575,0.0,0.9315159574468085
203,2081.3317269076306,0.8791004016064257,3.021686746987952,2.6755020080321286,1.4923694779116465,0.5204819277108433,986.2088353413654,0.0,0.0,1.6240963855421686,0.7485943775100402,0.8755020080321285,0.0,0.9839357429718876
204,2046.690705128205,5.004919871794872,3.5288461538461537,2.6121794871794872,1.3477564102564104,0.6522435897435898,952.0240384615385,0.0,0.0,1.8894230769230769,0.8485576923076923,1.0408653846153846,0.0,0.90625
205,2051.6961436170213,4.4305718085106385,2.577792553191489,2.815159574468085,1.858377659574468,0.5372340425531915,939.845079787234,0.0,0.0,1.293218085106383,0.6110372340425532,0.6821808510638298,0.0,0.9461436170212766
206,2073.300293685756,1.632819383259912,2.9500734214390603,2.671806167400881,1.5205580029368575,0.5066079295154186,941.2187958883994,0.0,0.0,1.223201174743025,0.5881057268722467,0.6350954478707783,0.0,0.9787077826725403
207,2054.534469977761,5.429725722757598,3.4892512972572276,2.4662713120830246,1.5441067457375834,0.6078576723498889,925.9073387694589,0.0,0.0,1.8235730170496665,0.8643439584877687,0.9592290585618977,0.0,0.8836174944403261
208,2045.0219849246232,4.68910175879397,2.4214824120603016,2.6947236180904524,2.0552763819095476,0.4742462311557789,931.7989949748744,0.0,0.0,0.7707286432160804,0.37625628140703515,0.3944723618090452,0.0,0.9440954773869347
209,2065.2805255023186,3.006676970633694,3.108191653786708,2.374806800618238,1.6893353941267388,0.5131375579598145,945.6955177743431,0.0,0.0,1.3438948995363216,0.6506955177743431,0.6931993817619784,0.0,0.9698608964451314
210,2059.2249426166795,3.983037490436113,3.4912012241775057,2.6541698546289214,1.51185921958684,0.6373374139250191,930.8179035960214,0.0,0.0,1.2081101759755164,0.5799540933435348,0.6281560826319816,0.0,0.9211935730680949
211,2057.858652575958,4.049841479524439,2.4689564068692205,2.533685601056803,1.9676354029062086,0.49273447820343463,936.4431968295905,0.0,0.0,1.488110964332893,0.7899603698811096,0.6981505944517834,0.0,0.9544253632760898
212,2082.5408,1.4095440000000001,3.3368,2.2888,1.4984,0.5144,962.9256,0.0,0.0,1.8752,0.9264,0.9488,0.0,0.9712
213,2051.4615384615386,5.094940523394132,3.6756542426645518,2.613798572561459,1.4385408406026963,0.6518636003172086,973.5598731165742,0.0,0.0,1.5440126883425853,0.7478191911181602,0.796193497224425,0.0,0.9040444091990484
214,2049.1878453038676,4.26246546961326,2.7638121546961325,2.9053867403314917,1.841160220994475,0.555939226519337,958.7334254143647,0.0,0.0,1.518646408839779,0.7707182320441989,0.7479281767955801,0.0,0.9454419889502762
215,2071.4024390243903,1.2083307926829268,2.8605182926829267,2.629573170731707,1.5236280487804879,0.520579268292683,970.439024390244,0.0,0.0,1.516768292682927,0.75,0.7667682926829268,0.0,0.9809451219512195
216,2062.433628318584,4.8045353982300885,3.2898230088495577,2.7072271386430677,1.3871681415929205,0.6231563421828908,985.04203539823,0.0,0.0,1.9033923303834808,0.9070796460176991,0.9963126843657817,0.0,0.9144542772861357
217,2036.4161205766711,5.903997378768021,2.874836173001311,2.58519003931848,1.9796854521625165,0.5242463958060288,958.9089121887287,0.0,0.0,1.4908256880733946,0.765399737876802,0.7254259501965924,0.0,0.9285714285714286
218,2053.211782252051,2.205443698732289,2.7576435495898584,2.6129753914988814,1.5592841163310962,0.48471290082028334,955.110365398956,0.0,0.0,0.9664429530201343,0.4929157345264728,0.4735272184936615,0.0,0.9746457867263236
219,2049.603318250377,4.988559577677225,3.533182503770739,2.5369532428355956,1.4253393665158371,0.6282051282051282,985.6666666666666,0.0,0.0,1.7119155354449471,0.7850678733031674,0.9268476621417798,0.0,0.9117647058823529
220,2053.0985470625396,3.1563613392293113,2.491471888818699,2.5975994946304484,2.0915982312065697,0.4750473783954517,935.8736576121289,0.0,0.0,1.0827542640555907,0.5653821857233101,0.5173720783322805,0.0,0.9570435881238155
221,2083.054251012146,0.5153603238866397,3.1352226720647773,2.447773279352227,1.5821862348178137,0.5238866396761134,958.9473684210526,0.0,0.0,1.697165991902834,0.8315789473684211,0.8655870445344129,0.0,0.9862348178137652
222,2045.5027888446216,5.716836653386454,3.6693227091633465,2.4733067729083666,1.4836653386454184,0.6478087649402391,967.609561752988,0.0,0.0,1.4270916334661354,0.6270916334661355,0.8,0.0,0.8932270916334661
223,2060.1132075471696,4.076044474393531,2.8133423180592994,2.8450134770889486,1.8106469002695418,0.49528301886792453,935.7924528301887,0.0,0.0,1.2574123989218329,0.6570080862533693,0.6004043126684636,0.0,0.9474393530997305
224,2079.995085995086,1.62996723996724,3.1883701883701883,2.4905814905814907,1.4668304668304668,0.547911547911548,935.4946764946765,0.0,0.0,1.0802620802620804,0.5192465192465192,0.561015561015561,0.0,0.9795249795249795
225,2062.6117734724294,3.936147540983607,3.3338301043219074,2.584202682563338,1.4105812220566318,0.6192250372578242,992.3457526080477,0.0,0.0,1.6475409836065573,0.7958271236959762,0.8517138599105812,0.0,0.9180327868852459
226,2040.5775497887748,4.583101991550996,2.4302957151478575,2.699456849728425,1.8605914302957152,0.46469523234761617,919.4399517199759,0.0,0.0,1.07966203983102,0.5262522631261316,0.5534097767048883,0.0,0.9456849728424864
227,2100.277474668745,2.4681839438815274,3.3593141075604054,2.2977396726422445,1.6578332034294623,0.5206547155105222,913.2798129384256,0.0,0.0,2.10833982852689,1.0272798129384255,1.0810600155884644,0.0,0.9750584567420109
228,2059.236191860465,5.5404869186046515,3.1300872093023258,2.609011627906977,1.552325581395349,0.596656976744186,917.0922965116279,0.0,0.0,1.4367732558139534,0.7180232558139535,0.71875,0.0,0.8888081395348837
229,2059.910981156595,5.828206627680312,2.6315789473684212,2.590643274853801,1.9467186484730343,0.4944769330734243,921.0136452241716,0.0,0.0,1.5230669265756984,0.7933723196881092,0.7296946068875894,0.0,0.9324236517218973
230,2080.619117647059,1.9787132352941177,2.8610294117647057,2.3794117647058823,1.7102941176470587,0.48161764705882354,943.0257352941177,0.0,0.0,1.5610294117647059,0.7661764705882353,0.7948529411764705,0.0,0.9779411764705882
231,2084.7698975571316,4.018250591016549,3.533490937746257,2.6052009456264775,1.289204097714736,0.6430260047281324,953.3750985027581,0.0,0.0,2.6059889676910952,1.235618597320725,1.3703703703703705,0.0,0.913317572892041
232,2058.187040748163,4.718156312625251,2.599866399465598,2.5657982631930527,1.871743486973948,0.539746158984636,929.8483633934536,0.0,0.0,1.5043420173680695,0.7621910487641951,0.7421509686038744,0.0,0.9298597194388778
233,2090.6496,1.825,3.0872,2.6664,1.5904,0.54,984.2416,0.0,0.0,1.9608,0.9456,1.0152,0.0,0.9784
234,2050.179712460064,6.323394568690096,3.634185303514377,2.610223642172524,1.373003194888179,0.6301916932907349,933.2188498402556,0.0,0.0,1.9472843450479234,0.9217252396166135,1.02555910543131,0.0,0.9041533546325878
235,2063.2379713914174,4.610006501950585,2.55851755526658,2.831599479843953,1.878413524057217,0.5,935.7711313394018,0.0,0.0,1.7828348504551366,0.9635890767230169,0.8192457737321196,0.0,0.9401820546163849
236,2078.0067466266864,1.7803748125937031,3.032233883058471,2.5967016491754125,1.4640179910044977,0.48875562218890556,976.2931034482758,0.0,0.0,1.6956521739130435,0.8103448275862069,0.8853073463268366,0.0,0.974512743628186
237,2064.9948263118995,6.692076866223207,3.5661492978566147,2.4885439763488546,1.5114560236511456,0.5824094604582409,958.5809312638581,0.0,0.0,2.4974131559497414,1.1411677753141167,1.3562453806356245,0.0,0.8817442719881744
238,2038.559621451104,6.3219810725552055,2.5381703470031547,2.777917981072555,2.1205047318611987,0.4946372239747634,966.97476340694,0.0,0.0,1.1463722397476341,0.579179810725552,0.567192429022082,0.0,0.9217665615141956
239,2082.552550231839,1.9935007727975271,3.1112828438948994,2.384080370942813,1.775888717156105,0.509273570324575,967.8817619783616,0.0,0.0,1.6166924265842348,0.80370942812983,0.8129829984544049,0.0,0.9744976816074189
240,2074.736603773585,5.3031999999999995,3.4649056603773585,2.5954716981132075,1.559245283018868,0.6218867924528302,952.6362264150944,0.0,0.0,1.800754716981132,0.8294339622641509,0.9713207547169811,0.0,0.9132075471698113
241,2068.480980012895,5.684667956157318,2.5519019987105094,2.637653127014829,1.9174725983236622,0.5106382978723404,928.5531914893617,0.0,0.0,1.8968407479045777,0.9916183107672469,0.9052224371373307,0.0,0.9374597034171502
242,2114.231025854879,1.855879899916597,3.3986655546288573,2.4103419516263553,1.5454545454545454,0.5587989991659716,922.5195996663887,0.0,0.0,2.4979149291075897,1.1759799833194329,1.3219349457881568,0.0,0.9774812343619683
243,2080.243690851735,4.957082018927445,3.562302839116719,2.6813880126182967,1.3943217665615142,0.637223974763407,952.4850157728706,0.0,0.0,1.9700315457413249,0.9242902208201893,1.0457413249211356,0.0,0.9108832807570978
244,2053.6504517025714,6.433808200138985,2.755385684503127,2.943015983321751,1.8290479499652537,0.5385684503127172,938.6087560806116,0.0,0.0,1.2619874913134121,0.6351633078526755,0.6268241834607367,0.0,0.9360667129951356
245,2097.074824629774,1.3741932969602493,2.901792673421668,2.597038191738114,1.6391270459859704,0.5136399064692128,929.8035853468433,0.0,0.0,1.8807482462977396,0.9384255650818394,0.9423226812159002,0.0,0.9812938425565082
246,2079.857771260997,4.600197947214077,3.2661290322580645,2.731671554252199,1.4112903225806452,0.5989736070381232,954.766129032258,0.0,0.0,1.8218475073313782,0.8482404692082112,0.9736070381231672,0.0,0.9090909090909091
247,2061.9414385741566,7.324723106301718,2.7784850413749203,2.5849777211966902,1.9598981540420115,0.4863144493952896,946.0471037555697,0.0,0.0,1.852959898154042,0.9312539783577339,0.9217059197963081,0.0,0.9197963080840229
248,2074.244822485207,2.2153254437869823,2.731508875739645,2.6013313609467454,1.6486686390532543,0.4896449704142012,949.7670118343195,0.0,0.0,1.2159763313609468,0.5717455621301775,0.6442307692307693,0.0,0.974112426035503
249,2050.713846153846,6.7804769230769235,3.59,2.5323076923076924,1.4707692307692308,0.6246153846153846,938.7007692307692,0.0,0.0,1.3553846153846154,0.5969230769230769,0.7584615384615384,0.0,0.8915384615384615
250,2066.3358876117495,3.913563218390804,2.479565772669221,2.6992337164750957,2.137292464878672,0.4559386973180077,927.7024265644956,0.0,0.0,1.3703703703703705,0.7017879948914432,0.6685823754789272,0.0,0.9508301404853129
251,2101.859288537549,2.056916996047431,3.0774703557312253,2.4529644268774704,1.674308300395257,0.5138339920948617,924.9509881422925,0.0,0.0,1.7312252964426877,0.8205533596837945,0.9106719367588932,0.0,0.9754940711462451
252,2072.1202229299365,5.811504777070064,3.628980891719745,2.468152866242038,1.464968152866242,0.6568471337579618,945.8861464968153,0.0,0.0,1.9657643312101911,0.9514331210191083,1.0143312101910829,0.0,0.8869426751592356
253,2062.8904958677685,4.7674862258953175,2.815426997245179,2.940082644628099,1.8539944903581267,0.5089531680440771,926.9490358126722,0.0,0.0,1.643939393939394,0.7837465564738292,0.8601928374655647,0.0,0.9442148760330579
254,2085.9386106623588,1.270113085621971,3.113085621970921,2.501615508885299,1.4749596122778674,0.5169628432956381,909.8812600969305,0.0,0.0,1.5823909531502423,0.7633279483037156,0.8190630048465266,0.0,0.9822294022617124
255,2092.22898997687,4.945381649961449,3.404780262143408,2.592135697764071,1.4240555127216654,0.6291441788743254,918.6044718581342,0.0,0.0,2.38473400154202,1.151117964533539,1.2336160370084812,0.0,0.9036237471087124
256,2054.3692403486925,4.831313823163138,2.584059775840598,2.843088418430884,1.889788293897883,0.5037359900373599,915.6295143212951,0.0,0.0,1.5255292652552928,0.7646326276463262,0.7608966376089664,0.0,0.9296388542963886
257,2099.9330798479086,2.3772015209125477,3.284410646387833,2.2798479087452472,1.6813688212927758,0.4958174904942966,919.8851711026616,0.0,0.0,2.450190114068441,1.2136882129277566,1.2365019011406844,0.0,0.9703422053231939
258,2057.398805078417,4.378939507094847,3.1553398058252426,2.6146377893950707,1.5638536221060493,0.5899925317401046,923.6766243465272,0.0,0.0,1.7064973861090367,0.8020911127707244,0.9044062733383121,0.0,0.905899925317401
259,2060.9465699208445,5.195402374670184,2.6774406332453826,2.586411609498681,1.982849604221636,0.5098944591029023,930.4980211081794,0.0,0.0,1.7882585751978892,0.8792875989445911,0.9089709762532981,0.0,0.9360158311345647
260,2085.764341085271,0.3651472868217054,2.9248062015503877,2.4356589147286822,1.7472868217054263,0.5069767441860465,934.0472868217054,0.0,0.0,1.537984496124031,0.7666666666666667,0.7713178294573644,0.0,0.9868217054263566
261,2072.130570758405,4.815035183737295,3.5089913995308835,2.613760750586396,1.3635652853792024,0.6591086786551994,914.8545738858484,0.0,0.0,2.0453479280688036,0.9397967161845192,1.1055512118842845,0.0,0.9132134480062549
262,2058.8280701754384,5.118091228070175,2.679298245614035,2.695438596491228,1.9642105263157894,0.5108771929824562,923.5698245614035,0.0,0.0,1.8589473684210527,0.8828070175438596,0.976140350877193,0.0,0.9501754385964912
263,2097.9894991922456,1.0563570274636511,3.0549273021001615,2.5670436187399033,1.5137318255250405,0.5468497576736672,923.080775444265,0.0,0.0,1.7754442649434572,0.8441033925686591,0.931340872374798,0.0,0.9822294022617124
264,2062.456699346405,4.73,3.636437908496732,2.602124183006536,1.3839869281045751,0.6552287581699346,915.6593137254902,0.0,0.0,1.6217320261437909,0.7197712418300654,0.9019607843137255,0.0,0.9117647058823529
265,2054.813193990856,4.182057478772044,2.5774003919007185,2.806009144350098,1.8647942521227956,0.5048987589810582,914.9764859568909,0.0,0.0,1.380143696930111,0.6773350751143044,0.7028086218158066,0.0,0.9399085564990203
266,2077.131954350927,0.8319614835948643,2.8787446504992866,2.6633380884450784,1.5606276747503567,0.4572039942938659,987.7845934379458,0.0,0.0,1.667617689015692,0.8523537803138374,0.8152639087018545,0.0,0.9843081312410842
267,2068.128593040847,7.067390317700454,3.636157337367625,2.550680786686838,1.5559757942511347,0.6497730711043873,918.248865355522,0.0,0.0,2.5635400907715584,1.1565809379727685,1.4069591527987897,0.0,0.8789712556732224
268,2039.2233632862644,5.608883183568677,2.4698331193838254,2.79204107830552,2.0905006418485237,0.49037227214377405,932.6354300385109,0.0,0.0,0.7522464698331194,0.37163029525032093,0.38061617458279845,0.0,0.938382541720154
269,2079.6511075949365,1.8793512658227849,3.1550632911392404,2.4319620253164556,1.706487341772152,0.5142405063291139,947.5632911392405,0.0,0.0,1.5300632911392404,0.7436708860759493,0.7863924050632911,0.0,0.9738924050632911
270,2067.932926829268,4.77594512195122,3.301829268292683,2.653963414634146,1.5967987804878048,0.6128048780487805,939.140243902439,0.0,0.0,1.7538109756097562,0.836890243902439,0.916920731707317,0.0,0.9207317073170732
271,2054.962313190383,6.194457439896037,2.549057829759584,2.6380766731643925,1.957764782326186,0.5048732943469786,918.5399610136452,0.0,0.0,1.8232618583495777,0.907732293697206,0.9155295646523717,0.0,0.9233268356075374
272,2108.5259631490785,1.8506448911222781,3.423785594639866,2.4514237855946397,1.468174204355109,0.5586264656616415,905.6582914572864,0.0,0.0,1.984924623115578,1.001675041876047,0.983249581239531,0.0,0.9706867671691792
273,2071.0823341326936,4.034420463629097,3.6898481215027976,2.6562749800159873,1.4436450839328536,0.6442845723421263,916.0079936051159,0.0,0.0,1.803357314148681,0.894484412470024,0.9088729016786571,0.0,0.9128697042366107
274,2056.6591060707137,4.61082721814543,2.695130086724483,2.8632421614409607,1.7738492328218813,0.5090060040026685,903.0026684456304,0.0,0.0,1.343562374916611,0.6797865243495663,0.6637758505670447,0.0,0.9386257505003336
275,2084.5564759036147,1.1799322289156626,2.7974397590361444,2.588855421686747,1.6355421686746987,0.48569277108433734,924.5496987951807,0.0,0.0,1.5218373493975903,0.7417168674698795,0.7801204819277109,0.0,0.9841867469879518
276,2057.886029411765,5.162963235294118,3.3095588235294118,2.773529411764706,1.3507352941176471,0.5977941176470588,912.310294117647,0.0,0.0,1.6492647058823529,0.7838235294117647,0.8654411764705883,0.0,0.9036764705882353
277,2053.8365261813537,7.664610472541508,2.7662835249042144,2.6181353767560664,1.950830140485313,0.49680715197956576,895.0408684546616,0.0,0.0,1.970625798212005,1.0095785440613028,0.9610472541507025,0.0,0.921455938697318
278,2069.506348020911,2.6214861837191936,2.850634802091113,2.601194921583271,1.532486930545183,0.4981329350261389,956.4436146377894,0.0,0.0,1.2053771471247199,0.5474234503360716,0.6579536967886482,0.0,0.9716206123973115
279,2060.41400304414,5.813698630136986,3.558599695585997,2.506088280060883,1.404109589041096,0.624048706240487,939.3470319634703,0.0,0.0,2.006849315068493,0.9611872146118722,1.0456621004566211,0.0,0.8881278538812786
280,2069.3191214470285,4.719890180878553,2.5788113695090438,2.7196382428940566,2.1647286821705425,0.47739018087855295,927.3378552971576,0.0,0.0,1.6078811369509043,0.8229974160206718,0.7848837209302325,0.0,0.9502583979328165
281,2100.092857142857,0.7646746031746032,3.1174603174603175,2.4976190476190476,1.5722222222222222,0.515079365079365,927.6563492063492,0.0,0.0,1.7880952380952382,0.8396825396825397,0.9484126984126984,0.0,0.9857142857142858
282,2054.447987851177,5.299240698557328,3.501898253606682,2.28246013667426,1.4502657555049354,0.6150341685649203,923.7319665907365,0.0,0.0,1.7661351556567957,0.8048595292331056,0.9612756264236902,0.0,0.8952164009111617
283,2039.4145006839944,5.004090287277702,2.7995896032831737,2.9001367989056086,1.8461012311901506,0.5116279069767442,938.547195622435,0.0,0.0,1.146374829001368,0.5588235294117647,0.5875512995896033,0.0,0.945280437756498
284,2064.615751789976,2.552879872712808,3.111376292760541,2.462211614956245,1.456642800318218,0.5147175815433572,940.387430389817,0.0,0.0,1.6213206046141606,0.786793953858393,0.8345266507557677,0.0,0.9777247414478918
285,2065.192037470726,4.006096799375488,3.480874316939891,2.590944574551132,1.3981264637002342,0.6487119437939111,940.4879000780641,0.0,0.0,2.042935206869633,0.9102263856362217,1.1327088212334113,0.0,0.9164715066354411
286,2060.3353846153846,4.948787692307692,2.4972307692307694,2.769230769230769,1.8707692307692307,0.4787692307692308,959.544,0.0,0.0,1.6387692307692308,0.8516923076923076,0.7870769230769231,0.0,0.9372307692307692
287,2072.017624521073,3.2862222222222224,3.3118773946360154,2.2934865900383143,1.645977011494253,0.49961685823754787,946.9770114942529,0.0,0.0,2.0337164750957855,0.9318007662835249,1.1019157088122606,0.0,0.967816091954023
288,2048.1481762917933,4.334065349544073,3.2196048632218845,2.575227963525836,1.588145896656535,0.6177811550151976,951.2408814589666,0.0,0.0,1.324468085106383,0.6709726443768997,0.6534954407294833,0.0,0.8966565349544073
289,2037.3776768332252,7.252439974042829,2.752757949383517,2.6333549643088903,1.9753406878650228,0.5197923426346528,956.053861129137,0.0,0.0,1.2128487994808566,0.6281635301752109,0.5846852693056457,0.0,0.918234912394549
290,2076.6313785224675,2.4254760091393757,2.9215536938309214,2.428027418126428,1.6884996191926884,0.5064737242955065,952.0822543792841,0.0,0.0,1.447829398324448,0.7242955064737243,0.7235338918507236,0.0,0.9718202589489718
291,2059.5274725274726,4.9927001569858716,3.6664050235478807,2.6648351648351647,1.3139717425431712,0.6436420722135008,943.5886970172685,0.0,0.0,2.793563579277865,1.3029827315541602,1.4905808477237048,0.0,0.9073783359497645
292,2043.4447513812154,6.487810773480663,2.6581491712707184,2.6947513812154695,1.9509668508287292,0.5421270718232044,929.8087016574585,0.0,0.0,1.5345303867403315,0.7796961325966851,0.7548342541436464,0.0,0.9288674033149171
293,2085.816944024206,1.8483434190620274,2.8850226928895615,2.5347957639939485,1.5514372163388805,0.4924357034795764,942.4054462934947,0.0,0.0,2.3018154311649015,1.0998487140695916,1.20196671709531,0.0,0.9803328290468987
294,2052.230958230958,6.171809991809992,3.5634725634725637,2.6535626535626538,1.393120393120393,0.6781326781326781,891.4152334152334,0.0,0.0,1.7297297297297298,0.8345618345618345,0.8951678951678952,0.0,0.9033579033579033
295,2059.5315960912053,4.957602605863192,2.69185667752443,2.861889250814332,1.8547231270358306,0.5159609120521172,902.3850162866449,0.0,0.0,1.3237785016286645,0.6749185667752443,0.6488599348534202,0.0,0.9368078175895765
296,2081.7443881245476,1.8121144098479365,2.9080376538740045,2.5850832729905866,1.5257060101375814,0.4728457639391745,930.5481535119478,0.0,0.0,2.034033309196235,0.9572773352643013,1.0767559739319335,0.0,0.9753801593048516
297,2060.735139202408,7.278623024830701,3.653875094055681,2.490594431903687,1.510158013544018,0.6237772761474794,922.2505643340858,0.0,0.0,2.158765989465764,0.9864559819413092,1.1723100075244546,0.0,0.8781038374717833
298,2039.4283965728275,5.608965728274173,2.4443084455324358,2.697674418604651,2.0269277845777234,0.49265605875153,927.8451652386781,0.0,0.0,0.908812729498164,0.4424724602203182,0.4663402692778458,0.0,0.923500611995104
299,2097.026435045317,1.636654078549849,2.9720543806646527,2.3549848942598186,1.6125377643504533,0.48564954682779454,913.5800604229607,0.0,0.0,2.0808157099697886,1.0007552870090635,1.0800604229607251,0.0,0.9811178247734139
300,2077.8882896764253,5.347049306625578,3.347457627118644,2.674884437596302,1.6117103235747303,0.6140215716486903,895.173343605547,0.0,0.0,1.6587057010785824,0.7349768875192604,0.923728813559322,0.0,0.9090909090909091
301,2072.197473404255,4.462533244680851,2.4414893617021276,2.6110372340425534,1.983377659574468,0.5086436170212766,907.3723404255319,0.0,0.0,1.6934840425531914,0.8470744680851063,0.8464095744680851,0.0,0.949468085106383
302,2084.26224328594,2.499257503949447,3.234597156398104,2.425750394944708,1.3981042654028435,0.5181674565560821,955.022906793049,0.0,0.0,2.240126382306477,1.1074249605055293,1.132701421800948,0.0,0.9731437598736177
303,2066.4670658682635,3.920860778443114,3.4221556886227544,2.6414670658682633,1.3922155688622755,0.6190119760479041,929.8577844311377,0.0,0.0,1.6115269461077844,0.7904191616766467,0.8211077844311377,0.0,0.9199101796407185
304,2052.5946502057614,4.0346570644718796,2.601508916323731,2.875857338820302,1.8223593964334706,0.4821673525377229,910.7530864197531,0.0,0.0,0.8593964334705075,0.45198902606310015,0.4074074074074074,0.0,0.958161865569273
305,2086.5183520599253,1.8379101123595507,2.8239700374531833,2.598501872659176,1.6089887640449438,0.4951310861423221,924.0314606741573,0.0,0.0,1.7235955056179775,0.8254681647940075,0.89812734082397,0.0,0.9790262172284644
306,2085.6725978647687,6.192683274021352,3.23202846975089,2.716014234875445,1.4092526690391458,0.5850533807829181,910.138078291815,0.0,0.0,1.7836298932384342,0.8811387900355871,0.902491103202847,0.0,0.901067615658363
307,2052.0584652862362,8.5594640682095,2.8008526187576126,2.540803897685749,1.900121802679659,0.49573690621193667,891.3757612667479,0.0,0.0,1.8775883069427528,0.9579780755176613,0.9196102314250914,0.0,0.9043848964677222
308,2097.161875945537,0.9294931921331316,2.833585476550681,2.5975794251134645,1.5113464447806355,0.5136157337367625,933.8676248108926,0.0,0.0,1.2571860816944025,0.5983358547655068,0.6588502269288956,0.0,0.9773071104387292
309,2074.3723978411717,5.8875944487278336,3.6129529683885893,2.5219737856592137,1.515034695451041,0.6329992289899768,919.2498072474942,0.0,0.0,1.3500385505011565,0.6260601387818041,0.7239784117193524,0.0,0.899768696993061
310,2062.6916070266752,5.01843201040989,2.576447625243982,2.7130774235523747,2.166558230318803,0.47690305790500975,910.4860117111256,0.0,0.0,1.302537410540013,0.6662329212752115,0.6363044892648015,0.0,0.9499024072869225
311,2128.877351392024,1.4932656132430397,2.9134687735139204,2.37020316027088,1.5974416854778029,0.4928517682468021,923.9202407825433,0.0,0.0,1.9172310007524453,0.9255079006772009,0.9917231000752446,0.0,0.9857035364936042
312,2085.3645240032547,4.882945484133442,3.71033360455655,2.4385679414157853,1.4727420667209112,0.6623270951993491,927.6460537021969,0.0,0.0,1.855980471928397,0.8616761594792515,0.9943043124491456,0.0,0.8982912937347437
313,2076.9650626235994,5.882201713909031,2.8147659854976927,2.8536585365853657,1.7633487145682267,0.5471324983520105,932.049439683586,0.0,0.0,1.7172050098879368,0.8899143045484509,0.8272907053394858,0.0,0.9334212261041529
314,2112.162601626016,1.809512195121951,3.2016260162601626,2.5260162601626015,1.434959349593496,0.5447154471544715,934.6569105691057,0.0,0.0,1.8130081300813008,0.8447154471544716,0.9682926829268292,0.0,0.9804878048780488
315,2097.250962278676,4.770508083140878,3.3433410315627405,2.6274056966897614,1.4526558891454966,0.6458814472671286,933.3202463433411,0.0,0.0,2.094688221709007,1.0261739799846035,1.0685142417244033,0.0,0.9022324865280985
316,2071.241165530068,5.271940483570986,2.5127092374457534,2.838809671419715,1.8691878487290763,0.504649721016739,916.248605083695,0.0,0.0,1.5083694978301303,0.750154990700558,0.7582145071295723,0.0,0.9392436453812771
317,2139.8329621380844,2.561076466221232,3.204157386785449,2.196733481811433,1.665924276169265,0.5025983667409057,934.6050482553824,0.0,0.0,2.165553080920564,1.058648849294729,1.1069042316258353,0.0,0.9725315515961396
318,2077.565347274085,7.410089619118746,3.20537714712472,2.6109036594473487,1.590739357729649,0.6056758775205378,901.6825989544436,0.0,0.0,2.135175504107543,0.9783420463032113,1.1568334578043316,0.0,0.8842419716206124
319,2069.868507560815,6.138126232741618,2.7481919789612097,2.6443129520052597,1.9671268902038133,0.5318869165023011,929.2504930966469,0.0,0.0,1.6725838264299804,0.8685075608152532,0.8040762656147271,0.0,0.9309664694280079
320,2105.6532663316584,1.6360086145010768,2.7803302225412776,2.3689877961234744,1.7063890882986361,0.4637473079684135,896.2505384063173,0.0,0.0,1.732232591529074,0.8320172290021536,0.9002153625269204,0.0,0.9755922469490309
321,2103.5990639625584,5.112909516380655,3.568642745709828,2.653666146645866,1.2995319812792512,0.6435257410296412,903.4196567862715,0.0,0.0,2.4921996879875197,1.143525741029641,1.3486739469578783,0.0,0.906396255850234
322,2068.2271831910703,6.4056992777412995,2.489822718319107,2.5173998686802364,1.8804990151017729,0.5173998686802364,929.3499671700591,0.0,0.0,1.6309914642153645,0.8049901510177282,0.8260013131976363,0.0,0.9310571240971767
323,2115.918414918415,1.1706526806526805,3.003885003885004,2.5928515928515927,1.5586635586635587,0.5151515151515151,938.912198912199,0.0,0.0,2.1709401709401708,1.0147630147630147,1.156177156177156,0.0,0.9821289821289821
324,2062.227899432279,4.364671532846716,3.6261151662611515,2.6390916463909164,1.3876723438767233,0.6601784266017843,920.4355231143552,0.0,0.0,2.104622871046229,0.9797242497972425,1.1248986212489862,0.0,0.9083536090835361
325,2063.771760154739,4.758510638297873,2.614442295293359,2.8284977433913605,1.8620245003223728,0.5125725338491296,920.7685364281109,0.0,0.0,2.235332043842682,1.1334622823984526,1.1018697614442294,0.0,0.9368149580915538
326,2103.0140745953554,2.5658831808585503,2.9211822660098523,2.593244194229416,1.5052779732582688,0.46586910626319494,911.3891625615763,0.0,0.0,1.9331456720619282,0.9627023223082336,0.9704433497536946,0.0,0.9746657283603096
327,2077.9188361408883,5.739402756508422,3.7679938744257275,2.588055130168453,1.5849923430321593,0.6248085758039816,919.9563552833079,0.0,0.0,2.1891271056661563,1.0535987748851454,1.1355283307810107,0.0,0.885145482388974
328,2049.602661596958,5.992984790874525,2.5019011406844105,2.7927756653992395,2.0513307984790874,0.5025348542458808,940.2972116603295,0.0,0.0,1.111533586818758,0.5583016476552598,0.5532319391634981,0.0,0.9416983523447402
329,2110.990491283677,2.1264659270998414,3.1204437400950873,2.3240887480190175,1.6553090332805072,0.5229793977812995,911.1885895404121,0.0,0.0,2.198890649762282,1.0507131537242471,1.1481774960380349,0.0,0.9762282091917591
330,2076.7306525037934,5.314226100151745,3.4279210925644916,2.714719271623672,1.5326251896813354,0.618361153262519,901.8694992412746,0.0,0.0,2.0857359635811834,0.9696509863429439,1.1160849772382397,0.0,0.9112291350531108
331,2063.8515254237286,4.984718644067796,2.6027118644067797,2.6677966101694914,2.007457627118644,0.5396610169491526,913.1972881355932,0.0,0.0,2.1396610169491526,1.0949152542372882,1.0447457627118644,0.0,0.943728813559322
332,2114.1332263242375,2.8139165329052966,3.328250401284109,2.5409309791332264,1.4735152487961476,0.5329052969502408,930.4077046548956,0.0,0.0,2.70545746388443,1.2608346709470304,1.4446227929373996,0.0,0.9743178170144462
333,2090.7501976284584,4.280830039525692,3.5699604743083,2.7557312252964428,1.4134387351778657,0.6521739130434783,929.7715415019762,0.0,0.0,2.300395256916996,1.0434782608695652,1.256916996047431,0.0,0.9169960474308301
334,2062.2185863874347,5.175765706806282,2.6760471204188483,2.8043193717277486,1.725785340314136,0.5281413612565445,944.2604712041884,0.0,0.0,1.6367801047120418,0.8043193717277487,0.8324607329842932,0.0,0.93782722513089
335,2093.059353869271,0.9726972201352365,2.853493613824192,2.5845229151014273,1.5454545454545454,0.5003756574004508,915.3628850488354,0.0,0.0,1.9135987978963185,0.8407212622088656,1.0728775356874531,0.0,0.9774605559729527
336,2079.2082429501083,5.198951554591468,3.237888647866956,2.7715112075198842,1.4005784526391902,0.589298626174982,926.4634851771511,0.0,0.0,2.396240057845264,1.0896601590744759,1.3065798987707882,0.0,0.9052783803326103
337,2053.221594475832,5.710778405524168,2.815442561205273,2.6296296296296298,1.9353421217827997,0.487758945386064,923.0954174513497,0.0,0.0,1.7426239799121155,0.8198367859384809,0.9227871939736346,0.0,0.9252981795354677
338,2072.9165424739194,2.298576751117735,2.80327868852459,2.6326378539493294,1.6259314456035767,0.49850968703427717,917.0499254843517,0.0,0.0,1.386736214605067,0.6259314456035767,0.7608047690014903,0.0,0.970193740685544
339,2075.2610652663166,5.185918979744936,3.6136534133533385,2.517629407351838,1.4216054013503376,0.6249062265566392,911.390847711928,0.0,0.0,2.0382595648912227,1.0060015003750937,1.032258064516129,0.0,0.9017254313578394
340,2069.9408432976716,4.501409691629956,2.529893014474512,2.6941472624292007,2.105726872246696,0.48709880427942104,945.2511013215859,0.0,0.0,1.4631843926998112,0.7375707992448081,0.7256135934550031,0.0,0.9509125235997483
341,2109.2427336999212,0.910840534171249,3.058915946582875,2.4289080911233305,1.589159465828751,0.5106048703849175,937.6527886881382,0.0,0.0,2.424194815396701,1.2026708562450903,1.2215239591516103,0.0,0.9842890809112333
342,2064.6664025356577,5.399540412044375,3.613312202852615,2.4484944532488115,1.4405705229793977,0.6513470681458003,926.4778129952456,0.0,0.0,1.9762282091917591,0.9492868462757528,1.0269413629160062,0.0,0.8946117274167987
343,2078.3541383989145,4.429484396200814,2.8602442333785616,2.925373134328358,1.8487109905020354,0.5468113975576662,939.3663500678426,0.0,0.0,1.6275440976933515,0.7964721845318861,0.8310719131614654,0.0,0.9362279511533242
344,2102.5533498759305,1.186856906534326,3.1695616211745246,2.586435070306038,1.4532671629445824,0.5715467328370554,928.6153846153846,0.0,0.0,2.1248966087675765,1.0901571546732838,1.034739454094293,0.0,0.9834574028122415
345,2069.5225225225226,5.844354354354355,3.3746246246246248,2.5683183183183185,1.4294294294294294,0.6141141141141141,935.6831831831831,0.0,0.0,2.2672672672672673,1.0683183183183182,1.1989489489489489,0.0,0.9001501501501501
346,2054.7901383042695,5.640517137702947,2.444978953698136,2.73120865904991,1.873120865904991,0.49188214070956104,923.0036079374624,0.0,0.0,1.2002405291641611,0.6247745039085989,0.5754660252555622,0.0,0.9386650631389056
347,2091.9412639405205,2.8852342007434943,3.2431226765799255,2.2654275092936804,1.6602230483271376,0.49368029739776953,911.2535315985131,0.0,0.0,2.2907063197026023,1.174721189591078,1.1159851301115242,0.0,0.9702602230483272
348,2063.7089337175794,4.068818443804035,3.2363112391930837,2.6145533141210375,1.4661383285302594,0.6138328530259366,940.800432276657,0.0,0.0,1.5965417867435159,0.7564841498559077,0.840057636887608,0.0,0.9034582132564841
349,2076.1997405966276,6.607023346303502,2.662775616083009,2.6134889753566797,1.9701686121919586,0.5207522697795072,940.911802853437,0.0,0.0,1.8793774319066148,0.9429312581063554,0.9364461738002594,0.0,0.9267185473411155
350,2096.5188133140377,1.451548480463097,2.8270622286541243,2.3921852387843705,1.7489146164978293,0.4732272069464544,916.0303907380608,0.0,0.0,1.7040520984081042,0.8082489146164978,0.8958031837916064,0.0,0.984081041968162
351,2096.373567608862,5.00357524828113,3.5637891520244462,2.6508785332314746,1.323911382734912,0.6249045072574484,915.8143621084797,0.0,0.0,2.4239877769289535,1.1122994652406417,1.3116883116883118,0.0,0.9083269671504965
352,2055.248496993988,7.331195724782899,2.511690046760187,2.6192384769539077,1.8977955911823647,0.5210420841683366,905.9525718102873,0.0,0.0,1.5257181028724114,0.7661990647962592,0.7595190380761523,0.0,0.9291917167668671
353,2128.2885220125786,1.2272641509433961,3.0589622641509435,2.6533018867924527,1.4913522012578617,0.5172955974842768,936.4253144654089,0.0,0.0,1.8215408805031446,0.8333333333333334,0.9882075471698113,0.0,0.9819182389937107
354,2064.5524861878453,5.573559589581689,3.4609313338595107,2.5927387529597477,1.3472770323599053,0.6471981057616417,918.8745067087608,0.0,0.0,1.3259668508287292,0.6369376479873717,0.6890292028413575,0.0,0.8966061562746646
355,2056.7810499359794,5.603700384122919,2.6043533930857876,2.8373879641485273,1.8393085787451984,0.5108834827144686,956.595390524968,0.0,0.0,1.3559539052496798,0.7151088348271447,0.6408450704225352,0.0,0.9257362355953905
356,2086.3937232524963,3.169743223965763,2.899429386590585,2.6697574893009985,1.5549215406562054,0.46219686162624823,931.1440798858773,0.0,0.0,1.9443651925820258,0.9151212553495007,1.029243937232525,0.0,0.9714693295292439
357,2086.9436310395313,7.108462664714494,3.5431918008784775,2.55710102489019,1.4399707174231333,0.5973645680819912,914.4106881405563,0.0,0.0,2.062225475841874,0.95900439238653,1.103221083455344,0.0,0.8865300146412884
358,2056.739405439595,3.914168247944339,2.407969639468691,2.7375079063883616,1.9879822896900696,0.49335863377609107,919.4990512333966,0.0,0.0,1.0879190385831752,0.5616698292220114,0.5262492093611638,0.0,0.9487666034155597
359,2106.0281368821293,1.5898479087452473,3.0387832699619772,2.376425855513308,1.7095057034220533,0.5057034220532319,946.5634980988593,0.0,0.0,1.8714828897338402,0.8866920152091254,0.9847908745247148,0.0,0.9809885931558935
360,2078.2926646706587,6.266294910179641,3.430389221556886,2.682634730538922,1.5546407185628743,0.6190119760479041,917.5037425149701,0.0,0.0,1.7410179640718564,0.7327844311377245,1.0082335329341316,0.0,0.907185628742515
361,2077.3706896551726,5.353706896551724,2.4973474801061006,2.6783819628647216,1.9748010610079576,0.490053050397878,916.2911140583554,0.0,0.0,2.2625994694960214,1.1253315649867375,1.1372679045092837,0.0,0.9449602122015915
362,2113.5959016393444,1.8436885245901642,3.3631147540983606,2.4377049180327868,1.457377049180328,0.5573770491803278,918.3688524590164,0.0,0.0,1.9467213114754098,0.8934426229508197,1.0532786885245902,0.0,0.9770491803278688
363,2097.2298039215684,6.045137254901961,3.6054901960784314,2.6721568627450982,1.3647058823529412,0.6313725490196078,919.9364705882352,0.0,0.0,2.592941176470588,1.1968627450980391,1.396078431372549,0.0,0.9050980392156863
364,2041.8948751642577,8.160709592641261,2.695795006570302,2.797634691195795,1.7864651773981604,0.5321944809461235,953.4178712220762,0.0,0.0,1.5052562417871223,0.7601839684625493,0.7450722733245729,0.0,0.926412614980289
365,2112.0587780355763,0.9007965970610983,2.873936581593194,2.5290023201856147,1.5413766434648106,0.5204949729311679,936.5382830626451,0.0,0.0,1.593967517401392,0.7587006960556845,0.8352668213457076,0.0,0.9853054911059551
366,2087.21953010279,6.5889574155653445,3.2980910425844345,2.842143906020558,1.4221732745961821,0.5991189427312775,946.5389133627019,0.0,0.0,1.8935389133627019,0.8928046989720999,1.000734214390602,0.0,0.8994126284875184
367,2086.6013897662665,7.726089703095388,2.775110549589387,2.5590650663297536,1.9463044851547695,0.4990524320909665,902.6291850915983,0.0,0.0,1.9494630448515478,0.9924194567277321,0.9570435881238155,0.0,0.9216677195198989
368,2118.045652173913,1.3671376811594202,2.689855072463768,2.5869565217391304,1.576086956521739,0.48188405797101447,936.336231884058,0.0,0.0,1.4144927536231884,0.6282608695652174,0.7862318840579711,0.0,0.9797101449275363
369,2090.752490421456,8.630145593869733,3.668199233716475,2.5624521072796935,1.3701149425287356,0.6007662835249042,948.8436781609196,0.0,0.0,2.0950191570881227,0.9915708812260536,1.103448275862069,0.0,0.8827586206896552
370,2076.503355704698,5.484484441732763,2.3801098230628432,2.605857230018304,2.0549115314215984,0.46186699206833437,916.5387431360585,0.0,0.0,1.6638194020744357,0.8425869432580841,0.8212324588163514,0.0,0.9444783404514948
371,2126.7965722801787,1.337026825633383,2.927719821162444,2.3740685543964233,1.522354694485842,0.5059612518628912,932.4448584202682,0.0,0.0,1.966467958271237,0.9657228017883756,1.0007451564828613,0.0,0.9769001490312966
372,2116.764705882353,5.163270588235294,3.6,2.356078431372549,1.44,0.6407843137254902,930.3858823529412,0.0,0.0,2.243137254901961,1.083921568627451,1.1592156862745098,0.0,0.8925490196078432
373,2070.667776298269,5.323735019973369,2.79693741677763,2.806258322237017,1.7876165113182423,0.5159786950732357,931.4806924101198,0.0,0.0,1.600532623169108,0.7723035952063915,0.8282290279627164,0.0,0.9414114513981359
374,2110.128735632184,2.462337164750958,3.004597701149425,2.467432950191571,1.500383141762452,0.524904214559387,955.9647509578544,0.0,0.0,1.678927203065134,0.8421455938697318,0.8367816091954023,0.0,0.9747126436781609
375,2092.2700145560407,4.192962154294032,3.3624454148471616,2.574235807860262,1.3311499272197962,0.5917030567685589,921.3202328966521,0.0,0.0,2.1615720524017465,1.034934497816594,1.1266375545851528,0.0,0.9112081513828238
376,2064.616666666667,4.316059523809524,2.454761904761905,2.6714285714285713,1.8291666666666666,0.475,913.0904761904762,0.0,0.0,1.2172619047619047,0.6351190476190476,0.5821428571428572,0.0,0.9452380952380952
377,2095.220930232558,1.6299767441860467,3.387596899224806,2.2922480620155037,1.6736434108527132,0.5170542635658915,934.231007751938,0.0,0.0,1.745736434108527,0.8488372093023255,0.8968992248062015,0.0,0.9767441860465116
378,2063.46462436178,5.2840481400437636,3.197665937272064,2.5937272064186727,1.5557986870897156,0.6148796498905909,900.4872355944566,0.0,0.0,1.7104303428154632,0.8716265499635303,0.8388037928519329,0.0,0.900072939460248
379,2067.2915082382765,5.788136882129278,2.708491761723701,2.5836501901140685,1.9049429657794676,0.4866920152091255,903.5817490494296,0.0,0.0,1.4366286438529785,0.7224334600760456,0.7141951837769328,0.0,0.9226869455006337
380,2092.9010600706715,1.4079293286219081,2.761837455830389,2.340636042402827,1.7300353356890459,0.43957597173144874,945.9102473498233,0.0,0.0,1.5187279151943462,0.6855123674911661,0.8332155477031802,0.0,0.9830388692579505
381,2083.357359635812,5.360591805766313,3.5227617602427923,2.640364188163885,1.2905918057663126,0.5887708649468892,943.5364188163885,0.0,0.0,2.214719271623672,1.0766312594840668,1.1380880121396055,0.0,0.9127465857359636
382,2053.293535620053,7.044716358839049,2.5547493403693933,2.616754617414248,1.8872031662269129,0.5468337730870713,930.2381266490765,0.0,0.0,1.6609498680738786,0.8001319261213721,0.8608179419525066,0.0,0.9182058047493403
383,2107.0597826086955,1.9573291925465839,2.9805900621118013,2.6444099378881987,1.5232919254658386,0.5077639751552795,936.0372670807453,0.0,0.0,1.6195652173913044,0.7701863354037267,0.8493788819875776,0.0,0.9782608695652174
384,2067.7853773584907,4.25374213836478,3.6108490566037736,2.5833333333333335,1.32625786163522,0.64937106918239,946.1965408805031,0.0,0.0,1.434748427672956,0.7248427672955975,0.7099056603773585,0.0,0.9205974842767296
385,2051.3121424030514,5.8414812460267,2.558169103623649,2.7730451366815,1.8289891926255564,0.4863318499682136,951.1277813095995,0.0,0.0,1.1487603305785123,0.5880483153210426,0.5607120152574698,0.0,0.9345200254291164
386,2092.911871813547,1.75319737800437,2.91551347414421,2.6270939548434087,1.4777858703568827,0.48361252731245447,974.6103423160962,0.0,0.0,1.4959941733430444,0.7341587764020393,0.7618353969410051,0.0,0.9788783685360525
387,2069.8584974471187,7.0110503282275705,3.4938001458789203,2.514952589350839,1.5412107950401166,0.5944566010211525,928.7906637490883,0.0,0.0,2.423778264040846,1.1940189642596646,1.2297592997811817,0.0,0.8774617067833698
388,2029.252027448534,6.3450405489706805,2.422333125389894,2.723643169058016,2.021834061135371,0.4741110417966313,936.26013724267,0.0,0.0,0.5427323767935122,0.2776044915782907,0.26512788521522146,0.0,0.932626325639426
389,2071.9825227963524,2.5993009118541037,3.034954407294833,2.31306990881459,1.6876899696048633,0.5075987841945289,954.6246200607902,0.0,0.0,1.2325227963525835,0.6003039513677811,0.6322188449848024,0.0,0.9764437689969605
390,2059.961566352429,4.580261058738216,3.469180565627266,2.6185641769398114,1.546047860768673,0.593183466279913,943.9260333575054,0.0,0.0,1.306744017403916,0.6265409717186367,0.6802030456852792,0.0,0.9129804205946338
391,2042.0186615186615,6.007104247104246,2.528957528957529,2.5933075933075935,1.9118404118404118,0.5173745173745173,934.5521235521236,0.0,0.0,1.3063063063063063,0.6422136422136422,0.6640926640926641,0.0,0.9356499356499357
392,2076.7689848121504,1.7449800159872104,3.337330135891287,2.4100719424460433,1.507593924860112,0.5171862509992007,972.2685851318945,0.0,0.0,1.3565147881694644,0.6530775379696243,0.7034372501998402,0.0,0.9760191846522782
393,2057.9150428682774,3.6681060015588467,3.661730319563523,2.724084177708496,1.4692127825409198,0.6375681995323461,958.7591582229151,0.0,0.0,1.09742790335152,0.5502727981293842,0.5471551052221356,0.0,0.9228371005455963
394,2033.0836734693878,6.717721088435374,2.704081632653061,2.938775510204082,1.8217687074829931,0.5136054421768708,938.8802721088435,0.0,0.0,0.6884353741496598,0.37755102040816324,0.3108843537414966,0.0,0.9319727891156463
395,2075.217520415739,2.460066815144766,2.8641425389755013,2.6347438752783963,1.5783221974758723,0.4981440237564959,937.173719376392,0.0,0.0,1.2041573867854491,0.5382331106161841,0.6659242761692651,0.0,0.9747587230883444
396,2066.5461538461536,4.437391608391609,3.2566433566433566,2.6552447552447553,1.3783216783216783,0.5573426573426573,949.5748251748252,0.0,0.0,1.553146853146853,0.7664335664335664,0.7867132867132867,0.0,0.9034965034965035
397,2056.6212218649516,6.731234726688102,2.820578778135048,2.6231511254019293,1.9807073954983923,0.5189710610932476,927.3061093247588,0.0,0.0,1.479742765273312,0.7041800643086816,0.7755627009646302,0.0,0.9228295819935691
398,2068.929262844378,2.535524944154877,2.758749069247952,2.663440059568131,1.5554728220402085,0.4996276991809382,909.4899478778854,0.0,0.0,1.0878629932985853,0.5227103499627699,0.5651526433358154,0.0,0.9746835443037974
399,2058.361338289963,4.820118959107807,3.4973977695167284,2.507063197026022,1.4111524163568774,0.5992565055762081,903.6401486988848,0.0,0.0,1.3858736059479555,0.6431226765799256,0.7427509293680298,0.0,0.8996282527881041
400,2069.6287001287,2.551048906048906,2.4826254826254828,2.645431145431145,2.176962676962677,0.4716859716859717,924.442084942085,0.0,0.0,1.0572715572715572,0.51994851994852,0.5373230373230373,0.0,0.963963963963964
401,2071.5712109672504,1.8308149276466108,3.0083777608530085,2.431073876618431,1.6062452399086062,0.5224676313785225,945.948210205636,0.0,0.0,1.121096725057121,0.5658796648895659,0.5552170601675552,0.0,0.9771515613099772
402,2063.056514913658,4.124317111459969,3.562794348508634,2.490580847723705,1.5596546310832025,0.6185243328100472,941.1436420722135,0.0,0.0,1.805337519623234,0.8744113029827315,0.9309262166405023,0.0,0.9042386185243328
403,2049.740616621984,4.937727882037533,2.7835120643431637,2.9048257372654156,1.8378016085790885,0.5087131367292225,932.3109919571045,0.0,0.0,1.334450402144772,0.6829758713136729,0.6514745308310992,0.0,0.9349865951742627
404,2071.200157604413,1.3298266351457841,3.078014184397163,2.525610717100079,1.4578408195429473,0.5161544523246651,931.371158392435,0.0,0.0,0.983451536643026,0.46887312844759654,0.5145784081954294,0.0,0.9842395587076438
405,2066.5835843373493,5.241152108433735,3.4457831325301207,2.628765060240964,1.3983433734939759,0.6212349397590361,934.3915662650602,0.0,0.0,1.8079819277108433,0.8403614457831325,0.9676204819277109,0.0,0.9043674698795181
406,2042.5632254123395,5.623378130726939,2.5051924251679902,2.789248625534514,1.8833231521075138,0.4868662186927306,907.9431887599267,0.0,0.0,1.112400733048259,0.5497861942577886,0.5626145387904704,0.0,0.9321930360415394
407,2078.6322869955156,3.0658594917787743,3.3086696562032887,2.2929745889387143,1.70254110612855,0.4947683109118087,954.9005979073244,0.0,0.0,2.3654708520179373,1.1733931240657698,1.1920777279521675,0.0,0.9708520179372198
408,2050.883973894126,4.774706308919507,3.171863669325598,2.6831036983321246,1.5924583031182016,0.6033357505438723,931.967367657723,0.0,0.0,1.2327773749093547,0.6011602610587382,0.6316171138506164,0.0,0.8919506889050036
409,2048.806972240155,5.812621045836023,2.6662362814719174,2.6262104583602324,1.947062621045836,0.500322788896062,915.2182052937379,0.0,0.0,1.4564234990316334,0.7617817947062621,0.6946417043253712,0.0,0.9367333763718528
410,2078.558035714286,2.523608630952381,2.8854166666666665,2.4114583333333335,1.7700892857142858,0.5007440476190477,919.4471726190476,0.0,0.0,1.3132440476190477,0.6369047619047619,0.6763392857142857,0.0,0.9694940476190477
411,2065.1923076923076,3.875839874411303,3.6569858712715857,2.717425431711146,1.3414442700156985,0.6530612244897959,947.445054945055,0.0,0.0,1.5062794348508635,0.7040816326530612,0.8021978021978022,0.0,0.9144427001569859
412,2036.2807591623036,7.655746073298429,2.516361256544503,2.579842931937173,1.918193717277487,0.4895287958115183,901.9816753926701,0.0,0.0,1.2670157068062826,0.6321989528795812,0.6348167539267016,0.0,0.925392670157068
413,2091.685975609756,0.8593368902439025,2.9390243902439024,2.5922256097560976,1.5182926829268293,0.4916158536585366,957.391768292683,0.0,0.0,1.8163109756097562,0.8315548780487805,0.9847560975609756,0.0,0.9839939024390244
414,2043.585770750988,4.731778656126482,3.5470355731225296,2.58102766798419,1.3541501976284585,0.6482213438735178,942.4426877470356,0.0,0.0,1.200790513833992,0.5936758893280633,0.6071146245059289,0.0,0.9106719367588932
415,2064.1130020422056,3.849625595643295,2.539142273655548,2.9802586793737236,1.9618788291354663,0.4833219877467665,928.7712729748127,0.0,0.0,1.4009530292716132,0.6684819605173588,0.7324710687542546,0.0,0.955071477195371
416,2079.5987261146497,1.2317763623496107,2.835102618542109,2.6801132342533616,1.5031847133757963,0.4600141542816702,889.3290870488323,0.0,0.0,1.7515923566878981,0.7940552016985138,0.9575371549893843,0.0,0.9780608634111819
417,2056.0081784386616,4.726,3.5925650557620816,2.5732342007434945,1.5144981412639404,0.6297397769516728,917.5018587360595,0.0,0.0,1.9977695167286245,0.9509293680297398,1.0468401486988848,0.0,0.8899628252788104
418,2033.4219053791317,5.408839922229423,2.464679196370706,2.817239144523655,2.1108230719377836,0.4756966947504861,929.9254698639015,0.0,0.0,0.7219701879455606,0.39079714841218405,0.3311730395333765,0.0,0.9449125081011017
419,2077.3514739229026,1.9221919879062737,3.015117157974301,2.304610733182162,1.7112622826908541,0.4958427815570673,940.193499622071,0.0,0.0,1.2290249433106577,0.6349206349206349,0.5941043083900227,0.0,0.9773242630385488
420,2055.006554989075,4.3992935178441375,3.3415877640203933,2.5877640203932994,1.5032774945375091,0.5994173343044428,895.3707210487983,0.0,0.0,1.4034959941733431,0.663510560815732,0.739985433357611,0.0,0.9067734887108522
421,2049.692210259658,4.592286257124763,2.4388853704876503,2.5547815072830904,1.8999366687777075,0.4889170360987967,931.3945535148829,0.0,0.0,1.1532615579480685,0.5642811906269791,0.5889803673210893,0.0,0.9449018366054465
422,2069.2872670807456,2.03889751552795,3.202639751552795,2.392857142857143,1.4324534161490683,0.5124223602484472,938.9425465838509,0.0,0.0,1.263975155279503,0.5659937888198758,0.6979813664596274,0.0,0.9712732919254659
423,2049.1765589782117,3.5662434259954923,3.6341096919609317,2.667167543200601,1.3568745304282495,0.613824192336589,917.5401953418483,0.0,0.0,0.9090909090909091,0.46055597295266715,0.4485349361382419,0.0,0.9218632607062359
424,2033.0167000668002,5.102925851703406,2.711422845691383,2.89311957247829,1.794255177020708,0.5063460253841016,933.3406813627255,0.0,0.0,0.8717434869739479,0.4021376085504342,0.4696058784235137,0.0,0.9378757515030061
425,2064.299613899614,1.9293513513513512,2.8725868725868726,2.613899613899614,1.5714285714285714,0.5027027027027027,947.8131274131274,0.0,0.0,0.9528957528957529,0.43783783783783786,0.5150579150579151,0.0,0.9752895752895753
426,2051.1437861271675,3.893988439306358,3.277456647398844,2.695086705202312,1.3713872832369942,0.5982658959537572,927.1524566473988,0.0,0.0,1.2651734104046244,0.6221098265895953,0.6430635838150289,0.0,0.9104046242774566
427,2028.8929961089493,8.058365758754864,2.8793774319066148,2.695201037613489,1.9863813229571985,0.5188067444876784,935.1121919584955,0.0,0.0,1.638780804150454,0.8158236057068742,0.8229571984435797,0.0,0.9241245136186771
428,2064.8707991038086,1.330485436893204,2.725914861837192,2.537714712471994,1.6094100074682598,0.48693054518297235,900.3592233009708,0.0,0.0,0.9290515309932785,0.44510828976848393,0.4839432412247946,0.0,0.9783420463032113
429,2047.5782208588957,4.00989263803681,3.6403374233128836,2.557515337423313,1.5283742331288344,0.6441717791411042,930.6625766871166,0.0,0.0,0.9984662576687117,0.46549079754601225,0.5329754601226994,0.0,0.9033742331288344
430,2041.539263803681,5.693527607361964,2.460736196319018,2.5809815950920245,2.0791411042944787,0.48773006134969327,885.6239263803681,0.0,0.0,1.0840490797546012,0.5343558282208589,0.5496932515337424,0.0,0.9343558282208589
431,2070.514865844815,0.4888107324147933,2.8462654097171862,2.320522117476432,1.6889050036258157,0.47643219724437996,884.301667875272,0.0,0.0,0.9818709209572154,0.5119651921682379,0.4699057287889775,0.0,0.9818709209572154
432,2046.2496087636932,4.737167449139281,3.644757433489828,2.348982785602504,1.5078247261345852,0.6338028169014085,903.7809076682316,0.0,0.0,1.134585289514867,0.5516431924882629,0.582942097026604,0.0,0.8990610328638498
433,2044.0033444816054,5.68056856187291,2.805351170568562,2.8561872909698995,1.7872909698996655,0.4983277591973244,880.7056856187291,0.0,0.0,0.9765886287625418,0.494314381270903,0.4822742474916388,0.0,0.937123745819398
434,2049.3384734001543,2.9271087124132613,3.0778720123361603,2.4780262143407863,1.3962991518889745,0.49807247494217427,909.0809560524286,0.0,0.0,0.936006168080185,0.41788743253662297,0.518118735543562,0.0,0.9753276792598303
435,2055.986577181208,3.1419910514541387,3.245339299030574,2.5786726323639075,1.3885160328113348,0.6271439224459359,894.82774049217,0.0,0.0,1.2699478001491424,0.610738255033557,0.6592095451155854,0.0,0.912751677852349
436,2043.405693950178,5.621494661921708,2.438908659549229,2.6743772241992882,1.8274021352313168,0.465005931198102,887.0990510083037,0.0,0.0,1.1524317912218267,0.5848161328588375,0.5676156583629893,0.0,0.9329774614472124
437,2063.201624815362,2.3515805022156573,3.1986706056129983,2.2481536189069424,1.6499261447562776,0.48301329394387,928.3367799113737,0.0,0.0,1.3847858197932053,0.6484490398818316,0.7363367799113737,0.0,0.9748892171344166
438,2040.9538885065383,4.502174810736407,2.984858912594632,2.5230557467309014,1.5127322780454233,0.5615966964900206,859.1032346868548,0.0,0.0,0.9607708189951824,0.4253269098417068,0.5354439091534756,0.0,0.8988300068823124
439,2033.2498402555912,5.849782747603834,2.56038338658147,2.5514376996805113,1.9533546325878595,0.47348242811501595,882.3833865814696,0.0,0.0,0.931629392971246,0.4913738019169329,0.4402555910543131,0.0,0.9361022364217252
440,2057.072,3.030690909090909,2.8341818181818184,2.3767272727272726,1.741090909090909,0.48727272727272725,886.7076363636363,0.0,0.0,1.1854545454545455,0.5527272727272727,0.6327272727272727,0.0,0.9701818181818181
441,2065.5626911314985,3.59052752293578,3.6055045871559632,2.688073394495413,1.3065749235474007,0.6429663608562691,922.0428134556574,0.0,0.0,2.2163608562691133,1.0756880733944953,1.1406727828746177,0.0,0.9113149847094801
442,2044.7549537648613,4.812311756935271,2.511889035667107,2.5686922060766184,1.8903566710700133,0.4848084544253633,887.2384412153236,0.0,0.0,1.7952443857331573,0.9002642007926024,0.8949801849405549,0.0,0.9352708058124174
443,2061.011636927851,2.3297827773467805,2.9643134212567883,2.567882079131109,1.5461598138091543,0.5112490302560124,894.2203258339798,0.0,0.0,1.6229635376260667,0.8231186966640807,0.799844840961986,0.0,0.9775019394879751
444,2044.3656532456862,2.859901396877568,3.5735414954806903,2.71569433032046,1.4470008216926868,0.657354149548069,924.2506162695151,0.0,0.0,0.6869350862777321,0.34346754313886607,0.34346754313886607,0.0,0.9227608874281019
445,2036.8028169014085,4.873943661971831,2.534571062740077,2.825224071702945,1.8578745198463509,0.48655569782330343,895.4916773367478,0.0,0.0,0.9551856594110115,0.5160051216389244,0.43918053777208704,0.0,0.9346991037131882
446,2066.089965397924,0.978401384083045,2.7619377162629757,2.6048442906574394,1.568166089965398,0.43529411764705883,903.363321799308,0.0,0.0,1.3536332179930797,0.6069204152249135,0.7467128027681661,0.0,0.9833910034602076
447,2044.9454817027633,4.8084839432412245,3.5899925317401045,2.549663928304705,1.5556385362210605,0.6019417475728155,912.6908140403286,0.0,0.0,1.8446601941747574,0.8274831964152353,1.017176997759522,0.0,0.8842419716206124
448,2033.1321450522435,5.280116779348494,2.36140135218193,2.681622618315919,1.9981561155500922,0.4763368162261832,883.4560540872772,0.0,0.0,0.6422864167178857,0.3423478795328826,0.2999385371850031,0.0,0.9391518131530424
449,2058.4680059523807,2.0645833333333337,2.997767857142857,2.3601190476190474,1.7157738095238095,0.46875,916.2596726190476,0.0,0.0,1.3139880952380953,0.6607142857142857,0.6532738095238095,0.0,0.9761904761904762
450,2056.21388101983,3.662995750708215,3.313031161473088,2.523371104815864,1.4865439093484418,0.5771954674220963,905.7138810198301,0.0,0.0,1.3824362606232294,0.6643059490084986,0.7181303116147308,0.0,0.9171388101983002
451,2050.8609314359637,4.021817593790427,2.4184993531694694,2.6021992238033635,1.909443725743855,0.46765847347994827,907.216041397154,0.0,0.0,1.1384217335058215,0.5394566623544631,0.5989650711513583,0.0,0.9560155239327296
452,2062.1447678992918,3.3909126671911882,3.248623131392604,2.3328088119590875,1.4704956726986624,0.4996066089693155,865.420141620771,0.0,0.0,1.2014162077104642,0.5853658536585366,0.6160503540519277,0.0,0.9669551534225019
453,2060.6707597851114,4.199263238679969,3.6108979278587876,2.5771297006907137,1.4267075978511128,0.624712202609363,904.9930928626247,0.0,0.0,1.856485034535687,0.8718342287029931,0.9846508058326938,0.0,0.9132770529547198
454,2035.7138069705095,5.684302949061662,2.5502680965147455,2.885388739946381,1.78485254691689,0.5013404825737265,883.1554959785523,0.0,0.0,0.9946380697050938,0.46179624664879354,0.5328418230563002,0.0,0.9524128686327078
455,2077.1450079239303,1.4674643423137876,2.8676703645007926,2.6450079239302693,1.672741679873217,0.5103011093502378,893.8114104595879,0.0,0.0,1.5903328050713155,0.7377179080824089,0.8526148969889065,0.0,0.9793977812995246
456,2057.905316824472,4.263663510560816,3.2556445739257103,2.7887836853605243,1.3896576839038601,0.5833940276766205,893.6037873270211,0.0,0.0,1.6263656227239622,0.7931536780772032,0.833211944646759,0.0,0.9038601602330663
457,2038.43944197844,7.423138871274572,2.7552314521242867,2.611287254280279,1.9892200380469245,0.4939759036144578,898.3715916296766,0.0,0.0,1.5206087507926442,0.7526949904882688,0.7679137603043754,0.0,0.9188332276474318
458,2058.6216429699844,2.748041074249605,2.882306477093207,2.5497630331753554,1.6382306477093207,0.5150078988941548,883.6879936808847,0.0,0.0,0.9486571879936809,0.4684044233807267,0.4802527646129542,0.0,0.9691943127962085
459,2045.7484939759036,5.110481927710843,3.493222891566265,2.4593373493975905,1.4563253012048192,0.6189759036144579,907.2221385542168,0.0,0.0,1.4909638554216869,0.7447289156626506,0.7462349397590361,0.0,0.8990963855421686
460,2052.983596214511,4.68203785488959,2.4637223974763405,2.6498422712933754,2.1577287066246056,0.4750788643533123,907.6769716088328,0.0,0.0,1.205678233438486,0.6258675078864353,0.5798107255520505,0.0,0.9381703470031546
461,2079.1597014925374,1.6631119402985073,2.953731343283582,2.394776119402985,1.65,0.49029850746268655,919.065671641791,0.0,0.0,1.4111940298507464,0.5880597014925373,0.823134328358209,0.0,0.9776119402985075
462,2056.028294260307,5.860169765561843,3.652384801940178,2.448666127728375,1.5335489086499596,0.6491511721907841,897.0541632983023,0.0,0.0,1.1956345998383184,0.5109135004042037,0.6847210994341147,0.0,0.8843977364591754
463,2053.836253369272,4.490855795148248,2.7493261455525606,2.88544474393531,1.862533692722372,0.5006738544474394,895.6287061994609,0.0,0.0,1.2540431266846361,0.6644204851752021,0.589622641509434,0.0,0.9413746630727763
464,2083.5020815986677,1.4945795170691092,3.163197335553705,2.4296419650291425,1.5320566194837635,0.5403830141548709,897.2206494587844,0.0,0.0,1.447127393838468,0.6436303080766028,0.8034970857618651,0.0,0.9816819317235637
465,2054.3648750946254,5.459772899318698,3.38001514004542,2.6169568508705527,1.3800151400454201,0.595003785011355,882.4564723694172,0.0,0.0,1.4065102195306587,0.6903860711582135,0.7161241483724451,0.0,0.8993186979560939
466,2048.4830977258757,5.195728334357714,2.46220036877689,2.770743700061463,1.936078672403196,0.4578979717271051,925.5224339274739,0.0,0.0,1.0424093423478795,0.49784880147510757,0.544560540872772,0.0,0.9373079287031346
467,2069.4100827689995,3.8441384499623776,3.237020316027088,2.2949586155003763,1.690744920993228,0.5161775771256584,905.9533483822423,0.0,0.0,1.5507900677200903,0.7953348382242288,0.7554552294958615,0.0,0.9653875094055681
468,2054.488872936109,5.714881550610194,3.0480976310122037,2.6267049533381193,1.52045944005743,0.5620961952620244,885.964824120603,0.0,0.0,1.0918880114860015,0.47738693467336685,0.6145010768126346,0.0,0.8916008614501076
469,2043.9482306684142,5.879947575360419,2.5871559633027523,2.667758846657929,2.011795543905636,0.5111402359108781,884.3276539973788,0.0,0.0,1.190694626474443,0.6277850589777195,0.5629095674967235,0.0,0.9318479685452162
470,2093.485518292683,1.579283536585366,2.8666158536585367,2.377286585365854,1.822408536585366,0.4969512195121951,901.827743902439,0.0,0.0,1.5663109756097562,0.7286585365853658,0.8376524390243902,0.0,0.9824695121951219
471,2072.1553398058254,5.806804207119741,3.6731391585760518,2.7540453074433655,1.38915857605178,0.6642394822006472,917.3745954692556,0.0,0.0,1.9320388349514563,0.8624595469255664,1.0695792880258899,0.0,0.8996763754045307
472,2055.4326788218796,5.464537166900421,2.594670406732118,2.728611500701262,1.9803646563814867,0.5210378681626928,902.2910238429173,0.0,0.0,1.2124824684431978,0.5995792426367461,0.6129032258064516,0.0,0.9312762973352033
473,2095.7719435736676,1.3339968652037617,2.975705329153605,2.644984326018809,1.5532915360501567,0.5235109717868338,906.9459247648903,0.0,0.0,1.475705329153605,0.6974921630094044,0.7782131661442007,0.0,0.9804075235109718
474,2055.8524590163934,3.958327868852459,3.564754098360656,2.6762295081967213,1.4131147540983606,0.6278688524590164,895.9581967213114,0.0,0.0,1.139344262295082,0.5581967213114755,0.5811475409836065,0.0,0.919672131147541
475,2058.9821428571427,4.974993131868132,2.596840659340659,2.9972527472527473,1.9979395604395604,0.48695054945054944,907.6662087912088,0.0,0.0,1.4697802197802199,0.7534340659340659,0.7163461538461539,0.0,0.9416208791208791
476,2091.840490797546,0.8486843899113837,2.732788002726653,2.552828902522154,1.572597137014315,0.4444444444444444,895.1942740286298,0.0,0.0,1.5814587593728697,0.7607361963190185,0.8207225630538514,0.0,0.9897750511247444
477,2063.137566137566,6.163522297808012,3.3915343915343916,2.512471655328798,1.6318972033257748,0.5925925925925926,892.984126984127,0.0,0.0,1.927437641723356,0.9765684051398337,0.9508692365835223,0.0,0.8828420256991686
478,2042.625468164794,6.004269662921349,2.3601747815230962,2.7059925093632957,2.0649188514357055,0.4581772784019975,924.2365792759051,0.0,0.0,0.7203495630461922,0.37265917602996257,0.34769038701622973,0.0,0.9332084893882646
479,2070.965824665676,2.758187221396731,2.9569093610698367,2.3447251114413077,1.7436849925705795,0.48439821693907875,935.9888558692422,0.0,0.0,1.3231797919762258,0.5980683506686478,0.725111441307578,0.0,0.9725111441307578
480,2069.763595166163,4.932001510574018,3.3413897280966767,2.694864048338369,1.5944108761329305,0.601963746223565,910.404833836858,0.0,0.0,1.9373111782477341,0.8761329305135952,1.061178247734139,0.0,0.9146525679758308
481,2066.0641781270465,3.957170923379175,2.3765553372626065,2.6529142108709887,1.9476096922069417,0.46496398166339226,913.5186640471513,0.0,0.0,1.240995415848068,0.6444007858546169,0.5965946299934513,0.0,0.9482645710543549
482,2077.225677830941,2.38255980861244,3.302232854864434,2.3803827751196174,1.6555023923444976,0.49681020733652315,919.3588516746412,0.0,0.0,1.1164274322169059,0.5725677830940988,0.543859649122807,0.0,0.9712918660287081
483,2063.8263565891475,4.824418604651163,3.5930232558139537,2.7511627906976743,1.4217054263565891,0.6201550387596899,890.2093023255813,0.0,0.0,1.0635658914728683,0.5286821705426357,0.5348837209302325,0.0,0.9062015503875969
484,2045.8699731903484,4.7906903485254695,2.6943699731903483,2.8378016085790883,1.82171581769437,0.5167560321715817,911.6099195710456,0.0,0.0,0.9684986595174263,0.47989276139410186,0.4886058981233244,0.0,0.9363270777479893
485,2079.8936802973976,2.5825055762081783,2.78364312267658,2.5509293680297396,1.6602230483271376,0.48104089219330853,899.02156133829,0.0,0.0,1.4237918215613383,0.6394052044609665,0.7843866171003717,0.0,0.9739776951672863
486,2056.978676470588,4.532323529411765,3.239705882352941,2.8345588235294117,1.4227941176470589,0.5852941176470589,927.385294117647,0.0,0.0,1.3794117647058823,0.6779411764705883,0.7014705882352941,0.0,0.9080882352941176
487,2055.4656735751296,5.925006476683937,2.7843264248704664,2.6612694300518136,1.9740932642487046,0.4993523316062176,917.2551813471503,0.0,0.0,1.5712435233160622,0.7525906735751295,0.8186528497409327,0.0,0.9281088082901554
488,2061.499626028422,3.585901271503366,2.7344801795063574,2.531787584143605,1.662677636499626,0.474943904263276,885.8646222887061,0.0,0.0,1.0381451009723262,0.5228122662677637,0.5153328347045625,0.0,0.9678384442782348
489,2045.3587374903773,5.453518090839107,3.458044649730562,2.6274056966897614,1.4980754426481908,0.6250962278675904,930.8460354118553,0.0,0.0,1.1570438799076213,0.567359507313318,0.5896843725943033,0.0,0.8953040800615858
490,2047.8316129032257,4.856890322580646,2.5483870967741935,2.7180645161290324,2.2077419354838708,0.4632258064516129,888.6051612903226,0.0,0.0,1.127741935483871,0.5458064516129032,0.5819354838709677,0.0,0.9470967741935484
491,2102.0996226415095,1.3316452830188679,2.9283018867924526,2.398490566037736,1.729811320754717,0.4852830188679245,918.1184905660377,0.0,0.0,1.7615094339622641,0.7781132075471698,0.9833962264150944,0.0,0.9781132075471698
492,2056.46408393866,5.411573849878935,3.512510088781275,2.53591606133979,1.526230831315577,0.6408393866020985,911.4406779661017,0.0,0.0,1.420500403551251,0.6658595641646489,0.7546408393866021,0.0,0.8902340597255851
493,2057.173287671233,4.673280821917808,2.8253424657534247,3.0123287671232877,1.8472602739726027,0.513013698630137,907.2890410958904,0.0,0.0,1.069178082191781,0.5082191780821917,0.560958904109589,0.0,0.9308219178082192
494,2069.2835943940645,1.4381698268755152,3.1327287716405605,2.482275350370981,1.558944765045342,0.5358615004122012,914.9538334707337,0.0,0.0,0.909315746084089,0.4443528441879637,0.4649629018961253,0.0,0.9835119538334708
495,2068.377828054299,4.713378582202111,3.304675716440422,2.6372549019607843,1.4803921568627452,0.5987933634992458,906.0595776772248,0.0,0.0,1.598793363499246,0.746606334841629,0.8521870286576169,0.0,0.9155354449472096
496,2053.548936170213,5.849155015197569,2.5094224924012156,2.8310030395136776,1.902127659574468,0.4778115501519757,894.0297872340426,0.0,0.0,1.205471124620061,0.5720364741641337,0.6334346504559271,0.0,0.9209726443768997
497,2073.7369219105385,3.2058756633813497,3.294920394238059,2.2926459438968916,1.6944655041698256,0.4965883244882487,925.1683093252464,0.0,0.0,1.6330553449583018,0.8059135708870356,0.8271417740712661,0.0,0.9658832448824868
498,2053.5714285714284,4.492984962406015,3.1827067669172933,2.7022556390977446,1.6578947368421053,0.6142857142857143,908.4766917293233,0.0,0.0,0.956390977443609,0.4691729323308271,0.48721804511278194,0.0,0.8977443609022556
499,2040.190380761523,5.73311957247829,2.7428189712758853,2.6586506346025383,2.0501002004008018,0.49966599866399464,917.937875751503,0.0,0.0,0.8891115564462257,0.44488977955911824,0.44422177688710757,0.0,0.927187708750835
500,2084.870149253731,1.4586716417910448,2.8417910447761194,2.3895522388059702,1.826865671641791,0.49402985074626865,921.4410447761194,0.0,0.0,1.4813432835820894,0.753731343283582,0.7276119402985075,0.0,0.9835820895522388
501,2067.6537867078823,4.477395672333849,3.5316846986089643,2.7782071097372487,1.3268933539412673,0.5989180834621329,940.484544049459,0.0,0.0,1.7187017001545595,0.9003091190108191,0.8183925811437404,0.0,0.9134466769706336
502,2044.7103494623657,6.517594086021505,2.5719086021505375,2.6713709677419355,1.9375,0.5161290322580645,893.2822580645161,0.0,0.0,1.1135752688172043,0.5329301075268817,0.5806451612903226,0.0,0.9227150537634409
503,2105.3299212598426,0.7964173228346456,2.959055118110236,2.6677165354330707,1.611023622047244,0.5078740157480315,918.6125984251969,0.0,0.0,1.4653543307086614,0.7401574803149606,0.7251968503937007,0.0,0.984251968503937
504,2057.2666126418153,3.614286871961102,3.5688816855753647,2.6985413290113454,1.4035656401944894,0.6507293354943274,912.1855753646678,0.0,0.0,1.059157212317666,0.506482982171799,0.5526742301458671,0.0,0.9100486223662885
505,2060.676747311828,5.279079301075269,2.609543010752688,2.934811827956989,1.9388440860215055,0.5221774193548387,913.3131720430108,0.0,0.0,1.42002688172043,0.6928763440860215,0.7271505376344086,0.0,0.9348118279569892
506,2082.5082417582416,2.0706868131868132,2.7479395604395602,2.5570054945054945,1.5975274725274726,0.4409340659340659,926.7342032967033,0.0,0.0,1.6710164835164836,0.8193681318681318,0.8516483516483516,0.0,0.9739010989010989
507,2059.4833836858006,5.947318731117825,3.59214501510574,2.569486404833837,1.5762839879154078,0.6231117824773413,930.9305135951662,0.0,0.0,1.8648036253776434,0.8429003021148036,1.0219033232628398,0.0,0.8753776435045317
508,2023.0347773032336,7.935820622330689,2.4636973764490544,2.6918852959121415,2.043929225137279,0.47651006711409394,913.7107992678463,0.0,0.0,0.726052471018914,0.37339841366687004,0.3526540573520439,0.0,0.9115314215985357
509,2091.584243369735,0.8802730109204369,3.0982839313572543,2.450078003120125,1.781591263650546,0.5078003120124805,900.6388455538222,0.0,0.0,1.079563182527301,0.5491419656786272,0.5304212168486739,0.0,0.9820592823712948
510,2069.0014771048745,3.583618906942393,3.3397341211225995,2.705317577548006,1.5258493353028064,0.6070901033973413,925.7488921713442,0.0,0.0,1.2806499261447564,0.6373707533234859,0.6432791728212703,0.0,0.9165435745937962
511,2059.6198830409357,5.74267706302794,2.47498375568551,2.653671215074724,1.9597141000649771,0.48602988953866144,913.1098115659519,0.0,0.0,1.2592592592592593,0.6159844054580896,0.6432748538011696,0.0,0.9363222871994802
512,2080.014785992218,2.252972762645914,3.217898832684825,2.382101167315175,1.5680933852140078,0.511284046692607,904.0194552529183,0.0,0.0,1.4622568093385213,0.7136186770428016,0.7486381322957198,0.0,0.9719844357976654
513,2066.5674028941357,4.5167326732673265,3.5483625285605482,2.725818735719726,1.4455445544554455,0.607006854531607,900.8880426504189,0.0,0.0,1.3670982482863672,0.6938309215536939,0.6732673267326733,0.0,0.9124143183549124
514,2043.086741889986,5.328779971791255,2.739069111424542,3.035966149506347,1.8744710860366713,0.5084626234132581,923.2968970380819,0.0,0.0,1.0592383638928067,0.5740479548660085,0.48519040902679833,0.0,0.9471086036671368
515,2072.1724137931033,2.841799100449775,2.8628185907046477,2.5697151424287856,1.6859070464767616,0.48425787106446777,919.7683658170914,0.0,0.0,1.9700149925037482,0.9265367316341829,1.0434782608695652,0.0,0.9737631184407796
516,2063.713574982232,4.74000710732054,3.2309879175550815,2.8407960199004973,1.4179104477611941,0.582089552238806,938.270078180526,0.0,0.0,1.515280739161336,0.7114427860696517,0.8038379530916845,0.0,0.9068941009239516
517,2046.1760563380283,8.72298975672215,2.858514724711908,2.710627400768246,1.97247119078105,0.5,923.6587708066581,0.0,0.0,1.4795134443021767,0.736235595390525,0.7432778489116517,0.0,0.9097311139564661
518,2069.8823529411766,3.4231445170660857,2.737835875090777,2.560639070442992,1.7109658678286128,0.4843863471314452,921.5337690631808,0.0,0.0,0.7726942628903414,0.33405954974582425,0.4386347131445171,0.0,0.9615105301379812
519,2072.024924471299,4.817552870090634,3.6034743202416917,2.6216012084592144,1.4826283987915407,0.5996978851963746,900.5747734138973,0.0,0.0,1.0219033232628398,0.4788519637462236,0.5430513595166163,0.0,0.9123867069486404
520,2052.50344395742,4.618002504696306,2.475266123982467,2.6299311208515967,2.139636819035692,0.4664996869129618,908.4189104571071,0.0,0.0,1.2573575453976205,0.6612398246712586,0.5961177207263619,0.0,0.9461490294301816
521,2092.7758484609312,1.4536385161799525,3.1089187056037884,2.4214680347277033,1.6882399368587213,0.4940805051302289,910.3938437253354,0.0,0.0,1.4159431728492502,0.7190213101815311,0.696921862667719,0.0,0.9779005524861878
522,2070.2277465918205,4.661267040898156,3.5886126704089816,2.470729751403368,1.4891740176423416,0.6495589414595028,879.3255813953489,0.0,0.0,1.0930232558139534,0.5252606255012029,0.5677626303127506,0.0,0.8909382518043304
523,2059.9608233731738,4.660683930942895,2.817397078353254,2.8917662682602923,1.843957503320053,0.49734395750332006,889.8970783532536,0.0,0.0,1.2211155378486056,0.6261620185922975,0.5949535192563081,0.0,0.9335989375830013
524,2082.0366151342555,2.7831570382424737,3.163547599674532,2.578519121236778,1.5223759153783565,0.5288852725793328,915.9568755085435,0.0,0.0,1.5101708706265256,0.6810414971521562,0.8291293734743694,0.0,0.9707078925956062
525,2070.3194029850747,3.814694029850746,3.451492537313433,2.6365671641791044,1.467910447761194,0.6111940298507462,892.9917910447762,0.0,0.0,1.6029850746268657,0.7097014925373134,0.8932835820895523,0.0,0.9111940298507463
526,2051.2601823708205,5.647404255319149,2.5458966565349543,2.8012158054711245,1.9069908814589667,0.4851063829787234,878.40547112462,0.0,0.0,1.4498480243161094,0.7343465045592705,0.715501519756839,0.0,0.9221884498480243
527,2068.874449339207,3.147437591776799,3.2143906020558,2.2312775330396475,1.7599118942731278,0.5,916.8259911894273,0.0,0.0,1.4397944199706314,0.749632892804699,0.6901615271659325,0.0,0.9640234948604993
528,2049.3495286439447,5.296715010877447,3.122552574329224,2.661348803480783,1.6200145032632343,0.5924583031182016,905.4256707759246,0.0,0.0,1.1841914430746918,0.5583756345177665,0.6258158085569253,0.0,0.8919506889050036
529,2025.271373056995,7.065200777202072,2.7642487046632125,2.6444300518134716,1.9825129533678756,0.49676165803108807,898.6910621761658,0.0,0.0,0.788860103626943,0.40932642487046633,0.3795336787564767,0.0,0.9229274611398963
530,2073.1656976744184,1.3182485465116278,2.79578488372093,2.35828488372093,1.8284883720930232,0.46584302325581395,909.8190406976744,0.0,0.0,1.0196220930232558,0.45203488372093026,0.5675872093023255,0.0,0.9832848837209303
531,2067.0913277052955,3.475003837298542,3.5886415963161933,2.696085955487337,1.3154259401381427,0.6085955487336915,902.3921719109746,0.0,0.0,1.75287797390637,0.7989255564082886,0.9539524174980814,0.0,0.9171143514965464
532,2044.2056590752243,5.189565217391305,2.714975845410628,2.7004830917874396,1.9682539682539681,0.5300207039337475,886.7529330572809,0.0,0.0,0.9675638371290545,0.5376121463077985,0.42995169082125606,0.0,0.9296066252587992
533,2075.8556067588324,2.430821812596006,3.0053763440860215,2.632872503840246,1.6013824884792627,0.49385560675883255,914.7626728110599,0.0,0.0,1.2043010752688172,0.6221198156682027,0.5821812596006144,0.0,0.9761904761904762
534,2052.973920130399,4.523365933170334,3.5142624286878568,2.662591687041565,1.4661776691116544,0.6658516707416463,887.7644661776691,0.0,0.0,0.9437652811735942,0.4311328443357783,0.5126324368378158,0.0,0.9095354523227384
535,2044.674618952949,5.528906560636184,2.549370444002651,2.9284294234592445,1.9158383035122597,0.5049701789264414,866.8813783962889,0.0,0.0,0.9430086149768059,0.47713717693836977,0.46587143803843606,0.0,0.9343936381709742
536,2074.9853658536585,2.074257839721254,2.820905923344948,2.546341463414634,1.6167247386759582,0.45714285714285713,866.5825783972125,0.0,0.0,0.9282229965156794,0.48501742160278744,0.443205574912892,0.0,0.975609756097561
537,2055.4693560899923,4.90767261442979,3.6602017067494184,2.6361520558572535,1.6408068269976726,0.6198603568657874,883.1008533747091,0.0,0.0,1.060512024825446,0.4910783553141971,0.5694336695112491,0.0,0.8867339022498061
538,2027.296855345912,6.926094339622641,2.5251572327044025,2.7943396226415094,2.1264150943396225,0.5025157232704403,899.4559748427673,0.0,0.0,0.8515723270440252,0.42327044025157234,0.42830188679245285,0.0,0.9113207547169812
539,2062.137931034483,2.4336243580337493,2.929567131327953,2.342626559060895,1.7798972853998534,0.47909024211298606,891.1570066030814,0.0,0.0,0.9156272927366104,0.4402054292002935,0.47542186353631694,0.0,0.9757887013939839
540,2066.2,4.6694415094339625,3.506415094339623,2.7849056603773583,1.609811320754717,0.6045283018867924,902.2332075471699,0.0,0.0,1.538867924528302,0.6747169811320755,0.8641509433962264,0.0,0.9154716981132075
541,2058.2093791281372,4.287100396301189,2.549537648612946,2.691545574636724,1.9682959048877147,0.5066050198150595,893.3243064729194,0.0,0.0,1.3712021136063408,0.6644649933949802,0.7067371202113606,0.0,0.9332892998678997
542,2093.7466777408636,1.0023504983388705,3.372923588039867,2.362126245847176,1.5066445182724253,0.5257475083056479,900.1021594684386,0.0,0.0,1.148671096345515,0.5556478405315615,0.5930232558139535,0.0,0.979235880398671
543,2057.8236641221374,4.192885496183206,3.516793893129771,2.686259541984733,1.4251908396946564,0.6244274809160305,864.2061068702291,0.0,0.0,1.2251908396946565,0.6030534351145038,0.6221374045801527,0.0,0.9137404580152672
544,2042.5685997171145,5.899115983026874,2.6166902404526167,2.963224893917963,1.8635077793493635,0.5198019801980198,873.6329561527581,0.0,0.0,0.7072135785007072,0.3741159830268741,0.3330975954738331,0.0,0.9476661951909476
545,2080.074260994953,1.6266979091564528,2.749098774333093,2.5609228550829126,1.7209805335255948,0.4852198990627253,878.6748377793799,0.0,0.0,1.0187454938716656,0.5205479452054794,0.498197548666186,0.0,0.9733237202595529
546,2068.1499644633973,4.00500355366027,3.1457000710732053,2.755508173418621,1.4456289978678039,0.5714285714285714,901.7569296375267,0.0,0.0,1.3852167732764749,0.6453447050461976,0.7398720682302772,0.0,0.906183368869936
547,2060.973736047275,6.186756401838477,2.92908732764281,2.7242284963887067,2.0439921208141825,0.520682862770847,891.5896257386737,0.0,0.0,1.0945502298095864,0.5082074852265266,0.5863427445830598,0.0,0.9172685489166119
548,2079.2498152254248,2.3218329637841832,2.777531411677753,2.58980044345898,1.6984478935698448,0.4759793052475979,906.7457501847746,0.0,0.0,0.8787878787878788,0.4005912786400591,0.4781966001478197,0.0,0.9785661492978566
549,2051.4809160305344,6.521496183206107,3.6122137404580155,2.5297709923664122,1.4480916030534352,0.6229007633587786,883.0679389312977,0.0,0.0,1.0877862595419847,0.5320610687022901,0.5557251908396946,0.0,0.8893129770992366
550,2077.843711083437,3.3095703611457035,2.4533001245330013,2.605230386052304,2.1077210460772107,0.4464508094645081,903.3536737235368,0.0,0.0,1.2627646326276463,0.6301369863013698,0.6326276463262764,0.0,0.9508094645080947
551,2119.7243491577337,0.9884839203675345,2.9977029096477796,2.398162327718224,1.782542113323124,0.4946401225114854,926.2205206738132,0.0,0.0,1.7197549770290965,0.833843797856049,0.8859111791730475,0.0,0.9839203675344563
552,2060.364810330912,5.10184826472962,3.57546408393866,2.493139628732849,1.489911218724778,0.6610169491525424,912.3712671509281,0.0,0.0,1.5512510088781275,0.6771589991928975,0.87409200968523,0.0,0.8991121872477804
553,2065.540013449899,5.67925353059852,2.821116341627438,2.921990585070612,1.8143913920645596,0.50773369199731,909.6879623402824,0.0,0.0,1.167451244115669,0.5501008742434432,0.6173503698722259,0.0,0.9307330195023538
554,2087.7819063004845,1.8066397415185782,3.1033925686591277,2.5395799676898223,1.5775444264943457,0.5347334410339257,900.986268174475,0.0,0.0,1.1890145395799676,0.5791599353796446,0.6098546042003231,0.0,0.975767366720517
555,2067.395629238885,4.770723436322532,3.431047475508666,2.699321778447626,1.437829691032404,0.6217030896759608,893.1929163526752,0.0,0.0,1.507912584777694,0.7106254709871892,0.7972871137905049,0.0,0.8997739261492087
556,2052.7958179581797,5.687521525215252,2.509840098400984,2.798277982779828,1.8776137761377614,0.45571955719557194,899.2472324723248,0.0,0.0,1.3124231242312423,0.6709717097170972,0.6414514145141451,0.0,0.9360393603936039
557,2084.5295857988167,2.7654363905325443,3.275147928994083,2.164940828402367,1.735207100591716,0.5081360946745562,907.1427514792899,0.0,0.0,1.327662721893491,0.617603550295858,0.7100591715976331,0.0,0.9711538461538461
558,2073.557342657343,5.880013986013986,3.0846153846153848,2.5839160839160837,1.579020979020979,0.5538461538461539,873.6447552447553,0.0,0.0,1.2314685314685314,0.634965034965035,0.5965034965034965,0.0,0.8958041958041958
559,2050.472858077175,5.328358404185742,2.6213211249182473,2.5984303466317855,2.0013080444735123,0.4617396991497711,906.4224983649444,0.0,0.0,1.1190320470896011,0.6010464355788097,0.5179856115107914,0.0,0.9391759319816874
560,2096.009929078014,0.7108368794326241,2.727659574468085,2.3312056737588653,1.8312056737588653,0.4453900709219858,897.4085106382979,0.0,0.0,1.3921985815602838,0.6971631205673758,0.6950354609929078,0.0,0.9851063829787234
561,2081.7175097276263,4.7604591439688715,3.593774319066148,2.7151750972762647,1.3105058365758755,0.6373540856031128,907.5634241245136,0.0,0.0,2.043579766536965,0.9719844357976654,1.0715953307392996,0.0,0.9073929961089494
562,2049.3647136273867,5.6667873601053325,2.4957208689927586,2.5720868992758392,1.911784068466096,0.4838709677419355,884.046741277156,0.0,0.0,1.0283080974325214,0.4707044107965767,0.5576036866359447,0.0,0.9368005266622779
563,2090.599526066351,1.0473301737756715,2.9897314375987363,2.7093206951026856,1.5860979462875198,0.5071090047393365,883.9960505529226,0.0,0.0,1.3088467614533965,0.6666666666666666,0.6421800947867299,0.0,0.9834123222748815
564,2052.90234375,5.4539609375,3.4953125,2.63671875,1.35234375,0.63046875,881.46953125,0.0,0.0,1.309375,0.64375,0.665625,0.0,0.8953125
565,2062.696592398427,4.3281127129750985,2.4554390563564876,2.8158584534731324,1.8964613368283092,0.47182175622542594,867.3748361730013,0.0,0.0,1.1336828309305373,0.5491480996068152,0.5845347313237221,0.0,0.9469200524246396
566,2071.1544483985767,2.0711672597864768,2.816370106761566,2.586476868327402,1.5480427046263345,0.4619217081850534,885.6661921708185,0.0,0.0,1.0683274021352314,0.5409252669039146,0.5274021352313167,0.0,0.9786476868327402
567,2063.6294675419404,5.729511305616338,3.524434719183078,2.5069292487235595,1.536834427425237,0.5951859956236324,891.2385120350109,0.0,0.0,1.3967906637490883,0.7191830780452224,0.6776075857038658,0.0,0.8789204959883297
568,2045.7075471698113,5.232283018867925,2.342138364779874,2.728930817610063,2.0540880503144656,0.4610062893081761,871.3144654088051,0.0,0.0,0.7710691823899372,0.3886792452830189,0.38238993710691827,0.0,0.9459119496855346
569,2077.2608695652175,0.24154843630816167,2.9832189168573606,2.2890922959572846,1.7894736842105263,0.47063310450038137,928.8131197559115,0.0,0.0,0.9626239511823036,0.4698703279938978,0.4927536231884058,0.0,0.988558352402746
570,2072.7476901208242,3.6872850035536606,3.310589907604833,2.6147832267235254,1.466950959488273,0.5692963752665245,897.090973702914,0.0,0.0,1.7796730632551527,0.8116560056858564,0.9680170575692963,0.0,0.9211087420042644
571,2069.6628425748886,5.2862778840025495,2.4888463989802423,2.5621414913957934,1.9075844486934352,0.4888463989802422,904.453154875717,0.0,0.0,1.9152326322498407,1.0006373486297004,0.9145952836201402,0.0,0.9362651370299554
572,2090.2036753445636,1.944425727411945,3.1010719754977027,2.32312404287902,1.5191424196018377,0.49157733537519144,888.0260336906586,0.0,0.0,1.4946401225114854,0.6745788667687596,0.8200612557427259,0.0,0.9732006125574273
573,2063.3320754716983,4.22113962264151,3.678490566037736,2.6928301886792454,1.338867924528302,0.6045283018867924,897.0030188679245,0.0,0.0,1.570566037735849,0.7607547169811321,0.809811320754717,0.0,0.9139622641509434
574,2070.6428571428573,3.771866576819407,2.6098382749326148,2.788409703504043,1.8140161725067385,0.4683288409703504,887.8315363881402,0.0,0.0,1.3254716981132075,0.6637466307277629,0.6617250673854448,0.0,0.9535040431266847
575,2088.4730113636365,2.2094460227272728,2.719460227272727,2.4900568181818183,1.6576704545454546,0.45454545454545453,859.2372159090909,0.0,0.0,1.5575284090909092,0.7848011363636364,0.7727272727272727,0.0,0.9794034090909091
576,2062.0862068965516,4.740193965517242,3.2586206896551726,2.699712643678161,1.4022988505747127,0.5998563218390804,897.8182471264367,0.0,0.0,1.918103448275862,0.9331896551724138,0.9849137931034483,0.0,0.9051724137931034
577,2043.703587161737,8.27665827564506,2.7161736941472623,2.6104468219005663,1.9830081812460667,0.4789175582127124,878.9553178099434,0.0,0.0,1.512901195720579,0.7646318439269981,0.7482693517935809,0.0,0.9137822529893015
578,2072.733618233618,2.731531339031339,2.6745014245014245,2.5042735042735043,1.7264957264957266,0.46794871794871795,880.6609686609687,0.0,0.0,1.2186609686609686,0.6075498575498576,0.6111111111111112,0.0,0.9722222222222222
579,2065.2492447129907,5.303036253776435,3.608761329305136,2.487915407854985,1.45392749244713,0.620845921450151,874.4690332326284,0.0,0.0,1.9788519637462236,0.9176737160120846,1.061178247734139,0.0,0.898036253776435
580,2065.9199499687306,4.668861788617886,2.4233896185115698,2.58223889931207,2.1263289555972484,0.43839899937460913,898.3595997498436,0.0,0.0,1.6510318949343339,0.8355222013758599,0.815509693558474,0.0,0.9518449030644153
581,2105.1440298507464,0.38309701492537307,2.916417910447761,2.2813432835820895,1.6298507462686567,0.47388059701492535,914.5813432835821,0.0,0.0,1.6940298507462686,0.7835820895522388,0.9104477611940298,0.0,0.9865671641791045
582,2063.4772182254196,5.1028697042366105,3.6586730615507594,2.484412470023981,1.5147881694644285,0.6546762589928058,905.3701039168665,0.0,0.0,1.9336530775379697,0.9104716227018386,1.023181454836131,0.0,0.8872901678657075
583,2080.386092715232,3.773185430463576,2.7390728476821193,2.833112582781457,1.8033112582781456,0.49735099337748345,906.6940397350993,0.0,0.0,1.7019867549668874,0.8635761589403973,0.83841059602649,0.0,0.9470198675496688
584,2094.1374705420267,0.5242498036135114,3.0039277297721916,2.431264728986646,1.553809897879026,0.5003927729772192,912.3794186959938,0.0,0.0,1.6025137470542026,0.7117046347211312,0.8908091123330715,0.0,0.98114689709348
585,2072.420539730135,3.863935532233883,3.4550224887556222,2.6409295352323836,1.4542728635682158,0.5989505247376312,917.547976011994,0.0,0.0,1.9182908545727135,0.8673163418290855,1.050974512743628,0.0,0.9122938530734632
586,2061.3147239263803,5.69539263803681,2.445398773006135,2.7791411042944785,1.9141104294478528,0.45950920245398774,913.0282208588957,0.0,0.0,1.3699386503067486,0.6644171779141105,0.7055214723926381,0.0,0.9368098159509203
587,2095.1959761549924,1.7542995529061103,3.2183308494783907,2.202682563338301,1.6847988077496274,0.5044709388971684,905.2861400894187,0.0,0.0,1.6363636363636365,0.7801788375558867,0.8561847988077497,0.0,0.9783904619970194
588,2065.815028901734,4.712131502890173,3.1697976878612715,2.6228323699421967,1.5549132947976878,0.5845375722543352,888.8359826589596,0.0,0.0,1.0520231213872833,0.5108381502890174,0.5411849710982659,0.0,0.9010115606936416
589,2062.135012919897,4.649470284237726,2.607235142118863,2.5290697674418605,1.9502583979328165,0.47674418604651164,892.4463824289405,0.0,0.0,0.8940568475452196,0.45542635658914726,0.43863049095607237,0.0,0.9457364341085271
590,2095.1719197707735,0.8486532951289398,2.7793696275071635,2.3445558739255015,1.8431232091690544,0.4813753581661891,923.8674785100286,0.0,0.0,1.332378223495702,0.6361031518624641,0.6962750716332379,0.0,0.9828080229226361
591,2089.42218798151,3.9712865947611715,3.6078582434514637,2.748073959938367,1.3212634822804314,0.6340523882896765,934.8975346687212,0.0,0.0,2.142526964560863,1.061633281972265,1.0808936825885977,0.0,0.9083204930662557
592,2050.6449864498645,6.360670731707318,2.5934959349593494,2.6368563685636857,1.9397018970189701,0.49796747967479676,910.2520325203252,0.0,0.0,1.4369918699186992,0.7296747967479674,0.7073170731707317,0.0,0.9315718157181572
593,2103.1695685087057,0.500333080999243,2.9333838001514003,2.571536714610144,1.5859197577592732,0.48750946252838756,931.9666919000757,0.0,0.0,1.2967448902346708,0.6449659348978047,0.651778955336866,0.0,0.9848599545798638
594,2075.0844409695073,4.645785770132917,3.498045347928069,2.581704456606724,1.36278342455043,0.6223612197028929,863.8131352619233,0.0,0.0,1.3768569194683347,0.653635652853792,0.7232212666145426,0.0,0.9069585613760751
595,2068.8531147540984,5.041783606557377,2.6045901639344264,2.911475409836066,1.9449180327868854,0.5062295081967213,896.1947540983607,0.0,0.0,1.4078688524590164,0.7042622950819672,0.7036065573770491,0.0,0.9357377049180328
596,2098.980795610425,0.3743827160493827,2.786694101508916,2.49519890260631,1.5679012345679013,0.4355281207133059,876.238683127572,0.0,0.0,1.4471879286694103,0.7716049382716049,0.6755829903978052,0.0,0.9842249657064472
597,2088.896848137536,4.7616547277936965,3.628939828080229,2.498567335243553,1.5651862464183381,0.5924068767908309,891.762893982808,0.0,0.0,1.760028653295129,0.8137535816618912,0.9462750716332379,0.0,0.8968481375358166
598,2052.580994897959,5.454872448979592,2.440051020408163,2.7468112244897958,2.059948979591837,0.461734693877551,931.5344387755102,0.0,0.0,0.9362244897959183,0.45089285714285715,0.48533163265306123,0.0,0.9438775510204082
599,2089.1136363636365,1.2933030303030302,3.003787878787879,2.2962121212121214,1.7007575757575757,0.5045454545454545,923.3969696969697,0.0,0.0,1.0257575757575759,0.525,0.5007575757575757,0.0,0.9787878787878788
600,2082.298132183908,3.9520043103448272,3.3721264367816093,2.6400862068965516,1.5675287356321839,0.5883620689655172,917.7686781609195,0.0,0.0,1.4540229885057472,0.6860632183908046,0.7679597701149425,0.0,0.9188218390804598
601,2077.1069587628867,4.999271907216495,2.4871134020618557,2.5856958762886597,1.9413659793814433,0.5070876288659794,914.7229381443299,0.0,0.0,1.300257731958763,0.6527061855670103,0.6475515463917526,0.0,0.9349226804123711
602,2110.909375,1.887828125,3.2328125,2.4203125,1.5953125,0.5015625,903.63515625,0.0,0.0,1.690625,0.8125,0.878125,0.0,0.97109375
603,2084.426914153132,5.007122969837587,3.6612529002320184,2.6705336426914155,1.3565351894818252,0.6349574632637278,908.0525908739365,0.0,0.0,1.7416860015467903,0.8546017014694509,0.8870843000773395,0.0,0.9126063418406806
604,2062.751682368775,5.579125168236877,2.583445491251682,2.8526244952893673,1.7718707940780618,0.47644683714670255,917.4569313593539,0.0,0.0,1.2362045760430687,0.6238223418573351,0.6123822341857336,0.0,0.9488559892328399
605,2098.535534816942,1.4713639626704955,2.6905958363244795,2.47954055994257,1.618808327351041,0.4745154343144293,910.8557071069633,0.0,0.0,1.488872936109117,0.7322325915290739,0.756640344580043,0.0,0.9798994974874372
606,2095.5671852899577,4.341584158415841,3.2743988684582743,2.753182461103253,1.4328147100424329,0.5657708628005658,918.7050919377652,0.0,0.0,1.8762376237623761,0.8762376237623762,1.0,0.0,0.9165487977369166
607,2055.3840719332047,7.120012845215157,2.7302504816955686,2.662170841361593,1.9820166987797045,0.472703917790623,935.9332048811817,0.0,0.0,1.3410404624277457,0.6210661528580603,0.7199743095696853,0.0,0.9267822736030829
608,2077.148717948718,2.2673553113553115,2.761172161172161,2.562637362637363,1.610989010989011,0.4717948717948718,949.2043956043956,0.0,0.0,1.2153846153846153,0.613919413919414,0.6014652014652014,0.0,0.9758241758241758
609,2067.4288939051917,6.319232505643341,3.625282167042889,2.525959367945824,1.434913468773514,0.6215199398043642,908.4537246049662,0.0,0.0,1.1557562076749435,0.5530474040632054,0.6027088036117382,0.0,0.8893905191873589
610,2085.3067408781694,3.3990352504638217,2.398268398268398,2.557823129251701,2.0946196660482377,0.44774273345701915,915.1484230055659,0.0,0.0,1.3036487322201609,0.660482374768089,0.6431663574520717,0.0,0.9598021026592455
611,2123.435993975904,1.1806099397590362,2.9691265060240966,2.3207831325301207,1.6814759036144578,0.47816265060240964,925.9149096385543,0.0,0.0,1.7462349397590362,0.7929216867469879,0.9533132530120482,0.0,0.9819277108433735
612,2079.5386473429953,5.214138486312399,3.7359098228663448,2.4541062801932365,1.4935587761674718,0.6409017713365539,897.1988727858293,0.0,0.0,1.964573268921095,0.9066022544283414,1.0579710144927537,0.0,0.8880837359098228
613,2065.402088772846,5.107656657963447,2.6951697127937337,2.799608355091384,1.764360313315927,0.4849869451697128,899.1122715404699,0.0,0.0,1.419060052219321,0.7460835509138382,0.672976501305483,0.0,0.9327676240208878
614,2098.524031007752,2.170186046511628,3.024806201550388,2.4465116279069767,1.4930232558139536,0.5069767441860465,938.9480620155039,0.0,0.0,1.5449612403100774,0.7147286821705426,0.8302325581395349,0.0,0.975968992248062
615,2092.855862584018,4.907035100821509,3.3525018670649738,2.597460791635549,1.3726661687826736,0.5989544436146378,930.9775952203137,0.0,0.0,2.0522778192681104,0.9895444361463779,1.0627333831217327,0.0,0.9141150112023898
616,2067.1813220133413,5.69575500303214,2.5136446331109763,2.7513644633110976,1.8702243784111583,0.4730139478471801,894.4845360824743,0.0,0.0,1.4420861127956337,0.7149787750151607,0.727107337780473,0.0,0.9338993329290479
617,2106.069096431283,1.1775930144267273,3.321943811693242,2.2695520121488233,1.6689445709946849,0.48519362186788156,929.292331055429,0.0,0.0,1.8701594533029613,0.9104024297646166,0.9597570235383447,0.0,0.9787395596051632
618,2061.673784977909,5.189933726067747,3.1892488954344627,2.723858615611193,1.5419734904270987,0.6207658321060383,926.4830633284241,0.0,0.0,1.0508100147275405,0.48748159057437407,0.5633284241531664,0.0,0.8976435935198822
619,2057.236655948553,6.262244372990353,2.540836012861736,2.5665594855305467,1.9607717041800643,0.46881028938906755,911.0192926045016,0.0,0.0,1.029581993569132,0.5498392282958199,0.4797427652733119,0.0,0.9376205787781351
620,2094.9512743628184,1.4909970014992504,2.9002998500749624,2.4152923538230886,1.7578710644677662,0.48650674662668664,938.931784107946,0.0,0.0,1.2038980509745127,0.5862068965517241,0.6176911544227887,0.0,0.9767616191904048
621,2095.6488853503183,4.486990445859872,3.7046178343949046,2.7396496815286624,1.322452229299363,0.6496815286624203,926.5581210191083,0.0,0.0,1.6791401273885351,0.7993630573248408,0.8797770700636943,0.0,0.9084394904458599
622,2075.4066363044894,7.339980481457384,2.6096291476903057,2.5738451528952506,1.8789850357839948,0.523747560182173,911.5894599869877,0.0,0.0,1.3051398828887444,0.6720884840598569,0.6330513988288874,0.0,0.9160702667534157
623,2102.8573655494934,2.1327825409197194,2.9711613406079502,2.618862042088854,1.5658612626656274,0.49571317225253314,926.7653936087296,0.0,0.0,1.7084957131722525,0.8051441932969603,0.9033515198752923,0.0,0.9742790335151987
624,2070.9616666666666,6.201233333333333,3.6925,2.7133333333333334,1.3833333333333333,0.665,913.7458333333333,0.0,0.0,2.0775,0.8691666666666666,1.2083333333333333,0.0,0.8991666666666667
625,2065.212315586915,5.030083386786401,2.59012187299551,2.7376523412443876,1.8345093008338678,0.5067350865939705,926.0898011545863,0.0,0.0,1.396407953816549,0.7594611930724824,0.6369467607440668,0.0,0.9352148813341886
626,2110.043415340087,0.9899638205499277,2.8849493487698985,2.6454413892908826,1.549204052098408,0.479739507959479,902.836468885673,0.0,0.0,1.8965267727930535,0.9435600578871202,0.9529667149059334,0.0,0.9797395079594791
627,2076.6875,7.220416666666667,3.6830357142857144,2.5,1.5186011904761905,0.6130952380952381,898.1421130952381,0.0,0.0,2.2641369047619047,1.0476190476190477,1.2165178571428572,0.0,0.8697916666666666
628,2044.5531780994336,4.822448080553808,2.4235368156073003,2.7293895531780996,2.0182504719949654,0.4638137193203272,922.391441157961,0.0,0.0,0.7149150409062304,0.36123348017621143,0.3536815607300189,0.0,0.9490245437382001
629,2093.1119459053343,1.7941547708489858,2.9759579263711493,2.3102930127723518,1.725770097670924,0.4898572501878287,903.0247933884298,0.0,0.0,1.4778362133734035,0.6867017280240421,0.7911344853493614,0.0,0.9827197595792637
630,2084.8800298062592,4.556363636363637,3.4433681073025335,2.7570789865871834,1.5678092399403876,0.6065573770491803,919.397913561848,0.0,0.0,2.03204172876304,0.9798807749627422,1.052160953800298,0.0,0.912816691505216
631,2096.194996792816,3.697318794098781,2.597177677998717,2.5657472738935216,1.9050673508659397,0.48877485567671586,909.9326491340603,0.0,0.0,1.5080179602309172,0.7761385503527902,0.731879409878127,0.0,0.9422706863373957
632,2125.735604217356,0.7359286293592863,3.3203568532035685,2.3828061638280618,1.5198702351987023,0.519059205190592,888.4193025141931,0.0,0.0,1.962692619626926,0.9067315490673155,1.0559610705596107,0.0,0.9845904298459043
633,2082.126365054602,4.261053042121685,3.702808112324493,2.699687987519501,1.4391575663026521,0.6372854914196567,898.5842433697347,0.0,0.0,1.8868954758190328,0.8634945397815913,1.0234009360374414,0.0,0.9157566302652106
634,2066.462912087912,4.321016483516483,2.679258241758242,2.916208791208791,1.7946428571428572,0.4739010989010989,883.7513736263736,0.0,0.0,1.2293956043956045,0.6998626373626373,0.529532967032967,0.0,0.9512362637362637
635,2098.639716312057,1.5039574468085106,2.7361702127659573,2.4851063829787234,1.5964539007092198,0.4666666666666667,892.0595744680851,0.0,0.0,1.5453900709219859,0.7695035460992907,0.775886524822695,0.0,0.9808510638297873
636,2100.6554856743537,5.77429070580014,3.2480782669461914,2.7351502445842066,1.411600279524808,0.559748427672956,891.8301886792453,0.0,0.0,1.9741439552760307,0.9685534591194969,1.0055904961565338,0.0,0.9000698812019566
637,2068.440156965337,7.400156965336822,2.8521909744931326,2.6749509483322433,2.013080444735121,0.48005232177894047,883.5539568345324,0.0,0.0,1.8116415958142578,0.9274035317200785,0.8842380640941792,0.0,0.9247874427730542
638,2088.960057061341,2.7929386590584877,2.690442225392297,2.587018544935806,1.6647646219686163,0.47788873038516405,888.7689015691868,0.0,0.0,1.3922967189728959,0.6540656205420827,0.7382310984308131,0.0,0.9664764621968617
639,2079.1551849166062,5.667824510514866,3.5090645395213924,2.5018129079042786,1.4452501812907905,0.6113125453226976,877.6265409717187,0.0,0.0,1.794778825235678,0.8709209572153734,0.9238578680203046,0.0,0.8984771573604061
640,2094.1833333333334,3.0068141025641024,2.4256410256410255,2.6224358974358974,2.151923076923077,0.425,889.5564102564102,0.0,0.0,1.4211538461538462,0.75,0.6711538461538461,0.0,0.9666666666666667
641,2121.292496171516,1.2205972434915773,3.0038284839203677,2.352986217457887,1.6324655436447166,0.5053598774885145,889.3874425727412,0.0,0.0,2.082695252679939,1.0581929555895866,1.0245022970903521,0.0,0.9808575803981623
642,2079.6419180201083,5.442529002320186,3.6829079659706108,2.439288476411446,1.4725444702242847,0.6334106728538283,872.9574632637277,0.0,0.0,1.8615622583139984,0.9419953596287703,0.9195668986852281,0.0,0.8955916473317865
643,2076.146358066712,4.095473110959837,2.763784887678693,2.9965963240299525,1.8529611980939416,0.49353301565690944,885.5867937372362,0.0,0.0,1.7263444520081688,0.8590878148400273,0.8672566371681416,0.0,0.9475833900612661
644,2087.145032051282,2.483613782051282,3.157051282051282,2.4863782051282053,1.4807692307692308,0.5248397435897436,878.2099358974359,0.0,0.0,1.5392628205128205,0.71875,0.8205128205128205,0.0,0.9703525641025641
645,2086.2204545454547,4.697863636363636,3.487878787878788,2.6856060606060606,1.3946969696969698,0.6196969696969697,878.2181818181818,0.0,0.0,2.118181818181818,0.9787878787878788,1.1393939393939394,0.0,0.9075757575757576
646,2052.6036474164134,6.0400121580547115,2.474164133738602,2.8188449848024315,1.917933130699088,0.47537993920972643,889.2364741641337,0.0,0.0,1.5258358662613982,0.7720364741641338,0.7537993920972644,0.0,0.9319148936170213
647,2098.116295764537,2.819145728643216,3.1162957645369707,2.1162957645369707,1.728643216080402,0.47164393395549176,883.9562096195262,0.0,0.0,2.0660445082555636,1.0107681263460158,1.0552763819095476,0.0,0.9691313711414213
648,2070.616329479769,5.92728323699422,3.1864161849710984,2.6748554913294798,1.55635838150289,0.6040462427745664,914.3706647398844,0.0,0.0,1.6076589595375723,0.791907514450867,0.8157514450867052,0.0,0.8952312138728323
649,2064.3018625561976,6.229364161849712,2.613359023763648,2.5234425176621706,1.9627488760436738,0.48940269749518306,893.3423249839435,0.0,0.0,1.2273603082851638,0.6390494540783558,0.588310854206808,0.0,0.9312780989081567
650,2115.333085501859,1.4195762081784387,2.8104089219330857,2.4936802973977694,1.7650557620817844,0.4706319702602231,901.3583643122677,0.0,0.0,1.8089219330855018,0.9011152416356877,0.9078066914498141,0.0,0.9776951672862454
651,2111.4053231939165,5.011673003802282,3.5543726235741446,2.649429657794677,1.2920152091254753,0.6349809885931559,892.9460076045627,0.0,0.0,2.228897338403042,1.141444866920152,1.0874524714828897,0.0,0.9110266159695818
652,2064.219414893617,6.0653523936170215,2.6163563829787235,2.5977393617021276,1.9235372340425532,0.5179521276595744,880.5119680851063,0.0,0.0,1.793218085106383,0.8909574468085106,0.9022606382978723,0.0,0.9222074468085106
653,2132.8796296296296,0.6109953703703704,2.935956790123457,2.640432098765432,1.6296296296296295,0.48996913580246915,914.795524691358,0.0,0.0,2.4066358024691357,1.1743827160493827,1.2322530864197532,0.0,0.9845679012345679
654,2076.645032051282,4.63667467948718,3.62099358974359,2.655448717948718,1.4030448717948718,0.6466346153846154,905.3533653846154,0.0,0.0,1.6690705128205128,0.7644230769230769,0.9046474358974359,0.0,0.9158653846153846
655,2076.277705345502,4.879889178617992,2.6140808344198176,2.864406779661017,1.908735332464146,0.5052151238591917,904.96740547588,0.0,0.0,2.0104302477183835,1.0169491525423728,0.9934810951760105,0.0,0.9367666232073012
656,2105.281163434903,1.1090997229916897,2.8337950138504153,2.6253462603878117,1.6682825484764543,0.45290858725761773,901.01108033241,0.0,0.0,1.9785318559556786,0.9702216066481995,1.0083102493074791,0.0,0.981994459833795
657,2072.5228464419474,4.812247191011236,3.647940074906367,2.6112359550561797,1.5820224719101124,0.6254681647940075,925.8823970037453,0.0,0.0,2.5565543071161048,1.198501872659176,1.358052434456929,0.0,0.89812734082397
658,2046.5173299101411,5.9329653401797176,2.5121951219512195,2.766367137355584,2.1065468549422337,0.4852374839537869,930.0340179717587,0.0,0.0,1.3023106546854941,0.727214377406932,0.5750962772785623,0.0,0.9377406931964056
659,2091.967479674797,2.2018699186991872,2.951219512195122,2.3717664449371765,1.7191426459719144,0.49002217294900224,911.2786400591278,0.0,0.0,1.999260901699926,0.9933481152993349,1.0059127864005912,0.0,0.9719142645971914
660,2093.839762611276,4.979681008902077,3.4310089020771515,2.6810089020771515,1.5660237388724036,0.6016320474777448,899.7462908011869,0.0,0.0,2.2737388724035608,1.074925816023739,1.198813056379822,0.0,0.9250741839762612
661,2075.456507521256,5.538868541530412,2.4571615434924787,2.631785480706344,1.9385219097449313,0.48593852190974496,911.9319816873774,0.0,0.0,2.2066710268149117,1.1236102027468935,1.0830608240680184,0.0,0.9404839764551994
662,2099.523771790808,1.1192234548335975,3.259904912836767,2.467511885895404,1.4952456418383517,0.5118858954041204,917.3866877971474,0.0,0.0,2.091125198098257,1.0015847860538827,1.089540412044374,0.0,0.9817749603803486
663,2067.9514415781487,4.6401062215478,3.5197268588770867,2.6866464339908953,1.396813353566009,0.6191198786039454,907.6433990895296,0.0,0.0,1.8801213960546281,0.9499241274658573,0.9301972685887708,0.0,0.9104704097116844
664,2071.1875,4.009436813186813,2.6998626373626373,2.9244505494505493,1.8578296703296704,0.49725274725274726,919.4807692307693,0.0,0.0,1.3660714285714286,0.7417582417582418,0.6243131868131868,0.0,0.9567307692307693
665,2106.989457831325,1.5448268072289155,2.8147590361445785,2.5911144578313254,1.75,0.4917168674698795,923.394578313253,0.0,0.0,2.1566265060240966,0.9969879518072289,1.1596385542168675,0.0,0.9781626506024096
666,2079.4725274725274,5.615157509157509,3.241758241758242,2.777289377289377,1.484981684981685,0.6,903.8630036630036,0.0,0.0,2.1787545787545786,1.0454212454212455,1.1333333333333333,0.0,0.9003663003663004
667,2070.2223634053366,7.7361372299872935,2.844345616264295,2.6404066073697585,2.019695044472681,0.5196950444726811,910.4612452350699,0.0,0.0,2.517789072426938,1.2630241423125794,1.2547649301143584,0.0,0.9072426937738246
668,2093.7093023255816,1.079985465116279,2.710029069767442,2.609011627906977,1.6991279069767442,0.47674418604651164,925.3851744186046,0.0,0.0,1.806686046511628,0.8597383720930233,0.9469476744186046,0.0,0.9803779069767442
669,2076.061011904762,6.69218005952381,3.5982142857142856,2.5461309523809526,1.4464285714285714,0.6168154761904762,884.905505952381,0.0,0.0,2.6688988095238093,1.2023809523809523,1.4665178571428572,0.0,0.8958333333333334
670,2084.1527689369827,4.539789942711649,2.550604710375557,2.6817313812858052,2.176320814767664,0.47803946530872055,902.8720560152769,0.0,0.0,2.0547422024188413,1.0623806492679821,0.9923615531508593,0.0,0.9420751113940166
671,2123.023205221175,1.5695503988397388,2.85859318346628,2.303118201595359,1.7171863669325598,0.4648295866569978,920.5707034082668,0.0,0.0,2.378535170413343,1.1588107324147934,1.2197244379985497,0.0,0.9818709209572154
672,2086.165737051793,5.370980079681275,3.71394422310757,2.5211155378486056,1.5386454183266933,0.6438247011952192,890.798406374502,0.0,0.0,2.7354581673306773,1.3434262948207172,1.39203187250996,0.0,0.8988047808764941
673,2082.9226110363393,3.3127187079407805,2.7220726783310902,2.9125168236877523,1.8660834454912516,0.4845222072678331,915.5228802153432,0.0,0.0,2.0087483176312246,1.0181695827725437,0.990578734858681,0.0,0.9528936742934051
674,2105.6531424025457,0.9073587907716786,3.0421638822593478,2.564041368337311,1.477326968973747,0.5210819411296739,895.0540970564837,0.0,0.0,2.001591089896579,0.9610182975338106,1.0405727923627686,0.0,0.9817024661893397
675,2088.8383988139362,4.466671608598962,3.3054114158636025,2.641957005189029,1.4729429206819866,0.5959970348406227,887.759080800593,0.0,0.0,2.386212008895478,1.1489992587101556,1.2372127501853225,0.0,0.9140103780578206
676,2070.8266832917707,5.461913965087282,2.5374064837905235,2.844139650872818,1.951995012468828,0.493142144638404,891.6128428927681,0.0,0.0,1.8266832917705735,0.9463840399002493,0.8802992518703242,0.0,0.933291770573566
677,2119.6390134529147,1.9933632286995515,3.178624813153961,2.266068759342302,1.7167414050822123,0.4947683109118087,896.5807174887892,0.0,0.0,2.2436472346786247,1.0231689088191331,1.2204783258594918,0.0,0.9715994020926756
678,2079.9248226950353,6.598312056737589,3.09290780141844,2.6304964539007094,1.5723404255319149,0.5758865248226951,882.2758865248227,0.0,0.0,2.3907801418439716,1.150354609929078,1.2404255319148936,0.0,0.8943262411347518
679,2071.7258587167853,4.736079066753079,2.5994815294880103,2.6137394685677253,1.966947504860661,0.4711600777705768,888.8457550226831,0.0,0.0,1.4141283214517175,0.7206740116655865,0.6934543097861309,0.0,0.9442644199611148
680,2091.3960843373493,2.6493900602409637,2.855421686746988,2.4382530120481927,1.740210843373494,0.4811746987951807,886.4028614457832,0.0,0.0,1.8448795180722892,0.8893072289156626,0.9555722891566265,0.0,0.9766566265060241
681,2091.527287319422,4.171749598715891,3.56661316211878,2.7865168539325844,1.312199036918138,0.6420545746388443,896.6966292134831,0.0,0.0,2.57223113964687,1.203852327447833,1.368378812199037,0.0,0.9157303370786517
682,2074.5203947368423,5.089625000000001,2.504605263157895,2.556578947368421,1.9138157894736842,0.5085526315789474,875.4802631578947,0.0,0.0,1.6598684210526315,0.8592105263157894,0.8006578947368421,0.0,0.9296052631578947
683,2112.9016897081415,1.7541397849462366,2.8901689708141323,2.6059907834101383,1.6490015360983103,0.49078341013824883,891.1459293394777,0.0,0.0,2.0491551459293396,1.0038402457757296,1.0453149001536097,0.0,0.9831029185867896
684,2065.539419087137,5.382614107883818,3.6132780082987552,2.6937759336099587,1.4365145228215768,0.6680497925311203,876.7344398340249,0.0,0.0,1.4863070539419088,0.7087136929460581,0.7775933609958506,0.0,0.9029045643153527
685,2078.70694259012,4.300594125500668,2.548731642189586,2.875166889185581,1.9412550066755674,0.48664886515353806,878.4152202937249,0.0,0.0,1.7790387182910548,0.9098798397863819,0.8691588785046729,0.0,0.9399198931909212
686,2104.643312101911,2.0427883934890305,2.786978060863411,2.636234961075725,1.6624203821656052,0.45718329794762913,897.278839348903,0.0,0.0,1.7983014861995754,0.9228591648973815,0.8754423213021939,0.0,0.9787685774946921
687,2076.0435413642963,5.407714078374456,3.5036284470246732,2.4992743105950654,1.6008708272859216,0.5682148040638607,902.9317851959362,0.0,0.0,2.597968069666183,1.1828737300435415,1.4150943396226414,0.0,0.8809869375907112
688,2058.6250808015516,4.756341305753071,2.4111182934712345,2.7899159663865545,2.090497737556561,0.4563671622495152,905.2139625080802,0.0,0.0,1.07950872656755,0.5765998707175177,0.5029088558500323,0.0,0.9476405946994182
689,2077.911094224924,2.7853799392097263,3.0379939209726445,2.351063829787234,1.708966565349544,0.49848024316109424,883.8419452887538,0.0,0.0,1.5965045592705167,0.8237082066869301,0.7727963525835866,0.0,0.9703647416413373
690,2087.000730994152,4.186001461988304,3.35453216374269,2.6951754385964914,1.5336257309941521,0.581140350877193,905.5760233918129,0.0,0.0,1.8676900584795322,0.9071637426900585,0.9605263157894737,0.0,0.9166666666666666
691,2082.941605839416,3.865116124751161,2.3682813536828133,2.6164565361645655,1.991373589913736,0.47976111479761113,895.6715328467153,0.0,0.0,1.9475779694757798,1.0318513603185135,0.9157266091572661,0.0,0.953550099535501
692,2089.5990747879723,3.583377023901311,3.1580570547417115,2.38473400154202,1.5574402467232074,0.5119506553585197,910.1225905936777,0.0,0.0,2.3315343099460293,1.074787972243639,1.2567463377023902,0.0,0.9668465690053971
693,2088.0832049306628,3.917881355932203,3.663328197226502,2.7604006163328196,1.4252696456086287,0.6093990755007704,902.1086286594762,0.0,0.0,2.6517719568567024,1.275808936825886,1.3759630200308166,0.0,0.9191063174114021
694,2072.203755215577,3.98163421418637,2.687760778859527,2.913769123783032,1.8219749652294854,0.49304589707927676,908.5354659248957,0.0,0.0,1.6682892906815021,0.8602225312934632,0.808066759388039,0.0,0.954798331015299
695,2104.5085629188384,1.8910424422933731,2.7788533134772897,2.562174236783321,1.655994043186895,0.49664929262844376,924.1228592702904,0.0,0.0,2.5852568875651527,1.2784810126582278,1.3067758749069247,0.0,0.9791511541325391
696,2094.397122302158,4.5529928057553954,3.197841726618705,2.8460431654676257,1.4172661870503598,0.5870503597122302,906.3928057553957,0.0,0.0,2.860431654676259,1.3906474820143886,1.4697841726618706,0.0,0.9122302158273381
697,2054.7602523659307,7.51611356466877,2.732492113564669,2.574763406940063,1.9394321766561515,0.4757097791798107,899.5438485804416,0.0,0.0,2.0977917981072554,1.0668769716088329,1.0309148264984227,0.0,0.9261829652996846
698,2079.5685986793837,3.0890682318415257,2.7204695524578137,2.508437270726339,1.7263389581804842,0.46955245781364635,924.9948642699927,0.0,0.0,1.740278796771827,0.8217168011738811,0.9185619955979457,0.0,0.966984592809978
699,2083.8769692423107,6.599947486871717,3.50112528132033,2.5348837209302326,1.4381095273818454,0.6174043510877719,870.7336834208552,0.0,0.0,1.9759939984996249,0.9564891222805701,1.0195048762190548,0.0,0.886721680420105
700,2080.109709962169,4.184722572509458,2.408575031525851,2.621689785624212,2.1368221941992434,0.4394703656998739,902.2774274905422,0.0,0.0,1.4413619167717528,0.712484237074401,0.7288776796973518,0.0,0.9520807061790668
701,2117.358914728682,1.3433720930232558,2.988372093023256,2.3511627906976744,1.7348837209302326,0.5,926.122480620155,0.0,0.0,2.4488372093023254,1.237984496124031,1.2108527131782947,0.0,0.9806201550387597
702,2070.3033884948777,4.146312056737589,3.6083530338849488,2.3892828999211977,1.4854215918045706,0.6438140267927502,909.8022064617809,0.0,0.0,1.884160756501182,0.9251379038613081,0.959022852639874,0.0,0.8999211977935382
703,2064.620830496937,3.574506466984343,2.701157249829816,2.9196732471068754,1.8631722260040844,0.47311095983662355,898.6106194690266,0.0,0.0,1.3989108236895849,0.7052416609938734,0.6936691626957113,0.0,0.9489448604492853
704,2112.496448303078,1.4813654301499604,3.0,2.4135753749013418,1.5035516969218627,0.5043409629044988,878.8839779005525,0.0,0.0,1.6558800315706392,0.7955801104972375,0.8602999210734017,0.0,0.9802683504340963
705,2091.1555891238672,5.103716012084592,3.38821752265861,2.669939577039275,1.4267371601208458,0.6283987915407855,905.4161631419939,0.0,0.0,2.349697885196375,1.154833836858006,1.1948640483383686,0.0,0.9070996978851964
706,2064.3435771358327,5.247627535341119,2.416103257529195,2.797172710510141,1.9071911493546405,0.45421020282728947,914.1893054701906,0.0,0.0,1.4720344191763983,0.750460971112477,0.7215734480639213,0.0,0.9385371850030731
707,2096.0214814814813,2.8245185185185187,3.208148148148148,2.165185185185185,1.7362962962962962,0.4888888888888889,908.2392592592593,0.0,0.0,1.5822222222222222,0.7985185185185185,0.7837037037037037,0.0,0.9711111111111111
708,2068.095438596491,6.150519298245614,3.037894736842105,2.5873684210526315,1.5326315789473683,0.5607017543859649,907.779649122807,0.0,0.0,1.3228070175438595,0.6252631578947369,0.6975438596491228,0.0,0.8891228070175439
709,2067.3318442884492,6.546330567964263,2.649010848755584,2.578813018506701,1.9112954690491384,0.48500319081046583,877.7415443522655,0.0,0.0,1.4077855775366943,0.774728781110402,0.6330567964262923,0.0,0.9278876834716018
710,2117.9397849462366,0.7486308243727599,2.6896057347670252,2.3663082437275986,1.8179211469534051,0.4544802867383513,892.6172043010753,0.0,0.0,1.8982078853046596,0.8738351254480287,1.0243727598566308,0.0,0.989247311827957
711,2099.5015455950543,6.694721792890262,3.480680061823802,2.6978361669242656,1.3276661514683152,0.615919629057187,908.6584234930448,0.0,0.0,2.608964451313756,1.23338485316847,1.3755795981452859,0.0,0.8987635239567233
712,2067.123624595469,6.05736569579288,2.504854368932039,2.5294498381877024,1.8750809061488674,0.49385113268608416,880.0187702265372,0.0,0.0,1.8576051779935274,0.9216828478964402,0.9359223300970874,0.0,0.9281553398058252
713,2126.007315288954,1.6186613021214338,2.7988295537673737,2.5640087783467447,1.6108266276517922,0.4908558888076079,922.1207022677396,0.0,0.0,2.4301389904901245,1.1455742501828823,1.2845647403072422,0.0,0.9765910753474762
714,2090.324324324324,6.26866454689984,3.4976152623211445,2.612877583465819,1.3696343402225755,0.6343402225755167,852.1327503974563,0.0,0.0,2.0659777424483305,1.048489666136725,1.0174880763116056,0.0,0.9062003179650239
715,2087.7365982792853,4.13119788219722,2.488418266048974,2.8504301786896096,1.9106551952349438,0.47915287888815355,868.5519523494374,0.0,0.0,1.8524156187954997,0.9655857048312376,0.886829913964262,0.0,0.9463931171409663
716,2135.6615276804487,1.3717098808689558,2.787666433076384,2.500350385423966,1.6033637000700771,0.4505956552207428,863.5613174491941,0.0,0.0,1.9852838121934127,1.0147161878065873,0.9705676243868255,0.0,0.9817799579537492
717,2074.58599695586,7.556575342465753,3.680365296803653,2.573820395738204,1.5753424657534247,0.634703196347032,893.5251141552511,0.0,0.0,2.230593607305936,1.0441400304414004,1.1864535768645357,0.0,0.8736681887366818
718,2068.543721236029,2.788231426692965,2.3405654174884942,2.829717291255753,2.119000657462196,0.4536489151873767,898.6252465483235,0.0,0.0,0.8428665351742275,0.47337278106508873,0.3694937541091387,0.0,0.9618671926364234
719,2110.353076923077,1.439969230769231,3.0330769230769232,2.356923076923077,1.7546153846153847,0.4969230769230769,870.243076923077,0.0,0.0,1.7446153846153847,0.8669230769230769,0.8776923076923077,0.0,0.9784615384615385
720,2077.521268925739,5.595724585436193,3.3280461427541455,2.717375630857967,1.5328046142754146,0.5962509012256669,869.4462869502523,0.0,0.0,1.9459264599855803,0.935832732516222,1.0100937274693584,0.0,0.9098774333093006
721,2080.8577101257447,3.3216810059563198,2.409000661813369,2.6062210456651225,1.9801455989410985,0.4672402382528127,871.7908669755129,0.0,0.0,1.4447385837193911,0.7928524156187955,0.6518861681005956,0.0,0.9583057577763071
722,2094.088976377953,1.1720944881889763,3.173228346456693,2.3645669291338582,1.5346456692913386,0.5165354330708661,864.3771653543307,0.0,0.0,1.5440944881889764,0.7236220472440945,0.8204724409448819,0.0,0.9795275590551181
723,2073.800933125972,3.8601866251944013,3.625194401244168,2.8203732503888026,1.370139968895801,0.6376360808709176,852.2877138413686,0.0,0.0,2.1049766718506997,1.0303265940902022,1.0746500777604977,0.0,0.9230171073094868
724,2057.0995162404975,3.863054595715273,2.612992398064962,2.9405666897028335,1.8306841741534208,0.507256392536282,863.9550794747754,0.0,0.0,1.1071181755355908,0.5729094678645473,0.5342087076710436,0.0,0.9523151347615757
725,2077.4914498141266,1.376185873605948,2.8037174721189593,2.5598513011152417,1.7256505576208179,0.48104089219330853,868.8706319702602,0.0,0.0,1.61635687732342,0.7211895910780669,0.8951672862453531,0.0,0.9806691449814127
726,2082.2645578720344,4.980409777138749,3.2861250898634076,2.8511861969805894,1.4658519051042416,0.5930984902947519,879.6714593817397,0.0,0.0,2.329259525521208,1.0618260244428468,1.2674335010783608,0.0,0.9072609633357297
727,2046.3876478318002,7.8722601839684625,2.8344283837056503,2.7312746386333773,2.028909329829172,0.4980289093298292,874.523653088042,0.0,0.0,1.6977660972404731,0.8955321944809461,0.8022339027595269,0.0,0.9126149802890933
728,2079.0028735632186,1.996580459770115,2.6846264367816093,2.601293103448276,1.6910919540229885,0.48419540229885055,884.1257183908046,0.0,0.0,1.1357758620689655,0.5445402298850575,0.5912356321839081,0.0,0.9755747126436781
729,2060.555388093444,7.626134137151469,3.5214770158251696,2.525244913338357,1.4227581009796533,0.6314996232102487,872.948003014318,0.0,0.0,1.4853051996985682,0.7392614920874152,0.746043707611153,0.0,0.8847023360964582
730,2066.935185185185,3.4629695767195767,2.488095238095238,2.730820105820106,2.230820105820106,0.4636243386243386,883.5416666666666,0.0,0.0,1.2076719576719577,0.6091269841269841,0.5985449735449735,0.0,0.9583333333333334
731,2109.3350943396226,1.9270415094339621,2.949433962264151,2.3433962264150945,1.6633962264150943,0.47773584905660377,887.1592452830189,0.0,0.0,2.1750943396226416,1.1079245283018868,1.0671698113207546,0.0,0.9803773584905661
732,2078.187946074544,4.518072957969865,3.5860428231562254,2.484536082474227,1.5178429817605075,0.6574147501982553,896.2101506740682,0.0,0.0,1.7938144329896908,0.8136399682791435,0.9801744647105471,0.0,0.9024583663758922
733,2059.027700831025,4.312181440443213,2.7970914127423825,2.9993074792243766,1.8878116343490305,0.5048476454293629,899.1765927977839,0.0,0.0,1.3441828254847645,0.7070637119113573,0.6371191135734072,0.0,0.9445983379501385
734,2086.4493670886077,1.8675949367088607,3.0411392405063293,2.4319620253164556,1.5348101265822784,0.5253164556962026,892.6447784810126,0.0,0.0,1.2974683544303798,0.6542721518987342,0.6431962025316456,0.0,0.9778481012658228
735,2074.624054462935,5.767450832072617,3.434947049924357,2.7344931921331317,1.4531013615733737,0.6104387291981845,891.4795763993949,0.0,0.0,1.9258698940998487,0.8872919818456884,1.0385779122541603,0.0,0.916036308623298
736,2059.617936117936,4.371633906633907,2.458845208845209,2.8163390663390664,1.8746928746928746,0.4619164619164619,901.1068796068796,0.0,0.0,1.3095823095823096,0.691031941031941,0.6185503685503686,0.0,0.9428746928746928
737,2080.313043478261,3.4446521739130436,3.1478260869565218,2.198550724637681,1.7449275362318841,0.4797101449275362,902.086231884058,0.0,0.0,1.7731884057971015,0.813768115942029,0.9594202898550724,0.0,0.9630434782608696
738,2080.213126843658,5.493045722713864,3.3148967551622417,2.716076696165192,1.5943952802359882,0.5951327433628318,901.3694690265487,0.0,0.0,2.0376106194690267,0.9808259587020649,1.0567846607669618,0.0,0.9004424778761062
739,2056.1218274111675,6.94628807106599,2.6795685279187818,2.5583756345177666,1.9346446700507614,0.4980964467005076,884.138959390863,0.0,0.0,1.8267766497461928,0.9314720812182741,0.8953045685279187,0.0,0.924492385786802
740,2089.2843971631205,1.6671063829787234,2.723404255319149,2.3539007092198583,1.7957446808510638,0.4695035460992908,892.1014184397163,0.0,0.0,1.6595744680851063,0.7851063829787234,0.874468085106383,0.0,0.9765957446808511
741,2100.099322799097,5.352355154251317,3.486832204665162,2.625282167042889,1.3498871331828441,0.6230248306997742,877.0331075996991,0.0,0.0,2.7223476297968396,1.3431151241534989,1.3792325056433408,0.0,0.9142212189616253
742,2066.20703125,5.16556640625,2.5475260416666665,2.5416666666666665,1.87890625,0.5084635416666666,908.501953125,0.0,0.0,1.6770833333333333,0.8040364583333334,0.873046875,0.0,0.9322916666666666
743,2115.032258064516,1.02505376344086,2.9262672811059907,2.662826420890937,1.6136712749615976,0.5084485407066052,920.447004608295,0.0,0.0,2.0599078341013826,0.8986175115207373,1.1612903225806452,0.0,0.9800307219662059
744,2060.8958818958818,6.181655011655011,3.578088578088578,2.6223776223776225,1.3341103341103342,0.6441336441336442,895.6829836829837,0.0,0.0,1.5252525252525253,0.7257187257187258,0.7995337995337995,0.0,0.8997668997668997
745,2056.4053708439897,6.347352941176471,2.627237851662404,2.829283887468031,1.879156010230179,0.4961636828644501,883.0466751918159,0.0,0.0,1.7672634271099745,0.9060102301790282,0.8612531969309463,0.0,0.9181585677749361
746,2113.1991701244815,1.4657538035961273,2.771784232365145,2.5926694329183957,1.6002766251728908,0.44813278008298757,903.2648686030428,0.0,0.0,1.6265560165975104,0.7461964038727524,0.8803596127247579,0.0,0.9806362378976486
747,2056.767910447761,6.409753731343283,3.6343283582089554,2.532089552238806,1.5813432835820895,0.6022388059701492,908.7014925373135,0.0,0.0,1.7970149253731342,0.8791044776119403,0.917910447761194,0.0,0.8843283582089553
748,2043.9809885931559,6.4112167300380225,2.4740177439797213,2.7902408111533585,2.0975918884664133,0.5006337135614702,901.3954372623574,0.0,0.0,1.0171102661596958,0.5475285171102662,0.4695817490494297,0.0,0.9258555133079848
749,2081.1649484536083,2.512120765832106,2.929307805596465,2.2812960235640647,1.718703976435935,0.47569955817378495,878.2106038291605,0.0,0.0,1.2702503681885124,0.5868924889543446,0.6833578792341679,0.0,0.9742268041237113
750,2074.8322344322346,4.22730402930403,3.361172161172161,2.6615384615384614,1.567032967032967,0.6058608058608058,890.9435897435898,0.0,0.0,1.5355311355311356,0.7318681318681318,0.8036630036630037,0.0,0.9164835164835164
751,2062.2530197075653,4.816274634456453,2.4685314685314683,2.6013986013986012,1.9205340114431024,0.47679593134138587,889.4532739987285,0.0,0.0,1.326128417037508,0.7037507946598855,0.6223776223776224,0.0,0.9338842975206612
752,2083.661948376353,1.109691923397169,3.308909242298085,2.3880099916736053,1.5403830141548709,0.5611990008326395,882.6494587843464,0.0,0.0,1.1773522064945878,0.556203164029975,0.6211490424646128,0.0,0.9733555370524563
753,2077.813076923077,4.2762692307692305,3.5507692307692307,2.6415384615384614,1.4438461538461538,0.6269230769230769,878.4992307692307,0.0,0.0,1.9446153846153846,0.9484615384615385,0.9961538461538462,0.0,0.92
754,2049.7075862068964,4.618448275862069,2.639310344827586,2.8717241379310345,1.8310344827586207,0.5,879.3241379310344,0.0,0.0,1.0206896551724138,0.5406896551724137,0.48,0.0,0.9517241379310345
755,2074.5075414781295,1.747714932126697,2.784313725490196,2.5452488687782804,1.6644042232277527,0.4879336349924585,884.9132730015083,0.0,0.0,1.2790346907993966,0.6644042232277526,0.6146304675716441,0.0,0.975867269984917
756,2067.0593406593407,4.1868937728937725,3.282051282051282,2.7816849816849816,1.43003663003663,0.5941391941391941,868.9150183150183,0.0,0.0,1.9333333333333333,0.9391941391941392,0.9941391941391942,0.0,0.9098901098901099
757,2038.9803278688526,6.999665573770492,2.840655737704918,2.706229508196721,2.034098360655738,0.4911475409836066,911.192131147541,0.0,0.0,1.4550819672131148,0.7481967213114754,0.7068852459016394,0.0,0.9226229508196722
758,2072.7129888268155,2.9574162011173186,2.599860335195531,2.5405027932960893,1.6270949720670391,0.4553072625698324,917.1843575418994,0.0,0.0,1.3212290502793296,0.6208100558659218,0.7004189944134078,0.0,0.9727653631284916
759,2078.287822878229,5.223365313653137,3.5313653136531364,2.4952029520295205,1.422140221402214,0.6022140221402214,909.559409594096,0.0,0.0,1.766789667896679,0.8686346863468635,0.8981549815498155,0.0,0.9033210332103321
760,2067.4256278171283,4.595067611075338,2.524790727623954,2.6767546683837735,2.1893110109465552,0.49195106245975534,902.3251770766259,0.0,0.0,1.168061815840309,0.6142949130714745,0.5537669027688346,0.0,0.9459111397295557
761,2088.7313207547168,1.5391245283018868,2.9116981132075472,2.3675471698113206,1.7018867924528303,0.4784905660377359,915.931320754717,0.0,0.0,1.6369811320754717,0.8294339622641509,0.8075471698113208,0.0,0.9826415094339622
762,2068.709203402939,3.477099767981439,3.5560711523588555,2.4555297757153904,1.4872389791183294,0.6102088167053364,922.1098221191029,0.0,0.0,1.8700696055684454,0.9265274555297757,0.9435421500386698,0.0,0.905645784996133
763,2070.98474801061,3.2724403183023876,2.7221485411140582,2.9045092838196287,1.797082228116711,0.48673740053050396,929.537798408488,0.0,0.0,1.4542440318302388,0.7420424403183024,0.7122015915119363,0.0,0.9396551724137931
764,2094.8826328310865,1.351633624107851,3.0531324345757334,2.5186360031720856,1.500396510705789,0.5083267248215702,866.5455987311658,0.0,0.0,1.6621728786677241,0.8009516256938938,0.8612212529738303,0.0,0.979381443298969
765,2060.8544207317073,5.096966463414635,3.461890243902439,2.6028963414634148,1.4428353658536586,0.6265243902439024,886.060975609756,0.0,0.0,2.0503048780487805,0.9519817073170732,1.0983231707317074,0.0,0.9047256097560976
766,2059.3351286654697,6.74986235786954,2.5110712148414125,2.7695990424895274,1.8922800718132855,0.4799521244763615,882.1532016756433,0.0,0.0,1.4063435068821066,0.7295032914422501,0.6768402154398564,0.0,0.9198084979054458
767,2098.2662241887906,3.6324041297935104,3.225663716814159,2.2588495575221237,1.7455752212389382,0.4823008849557522,910.901179941003,0.0,0.0,1.7441002949852507,0.8842182890855457,0.859882005899705,0.0,0.9638643067846607
768,2067.983371126228,7.815162509448223,3.247165532879819,2.7052154195011338,1.563114134542706,0.6394557823129252,917.5230536659108,0.0,0.0,1.472411186696901,0.6583522297808012,0.8140589569160998,0.0,0.890400604686319
769,2041.3671128107076,7.422434671765456,2.565965583173996,2.5481198215423837,1.9630337794773742,0.497131931166348,890.9400892288081,0.0,0.0,1.181644359464627,0.6220522625876355,0.5595920968769917,0.0,0.92861695347355
770,2097.675912408759,0.667058394160584,2.821167883211679,2.4124087591240877,1.8861313868613139,0.464963503649635,883.0131386861314,0.0,0.0,1.332846715328467,0.6328467153284671,0.7,0.0,0.983941605839416
771,2094.5715427657874,4.6904076738609115,3.727418065547562,2.841726618705036,1.3525179856115108,0.6554756195043965,885.6690647482014,0.0,0.0,2.1430855315747404,1.0335731414868106,1.1095123900879296,0.0,0.9160671462829736
772,2044.6648829431438,5.831397993311037,2.4749163879598663,2.6334448160535118,1.937123745819398,0.5311036789297658,859.9170568561873,0.0,0.0,1.1759197324414716,0.5933110367892976,0.5826086956521739,0.0,0.9311036789297659
773,2088.6680129240713,2.0764135702746365,3.0678513731825525,2.7463651050080777,1.5710823909531502,0.5331179321486268,912.0040387722132,0.0,0.0,1.5274636510500808,0.6906300484652665,0.8368336025848142,0.0,0.9789983844911146
774,2080.311058074781,4.4726571201272876,3.5163086714399365,2.657120127287192,1.39618138424821,0.6467780429594272,885.7446300715991,0.0,0.0,1.5894988066825775,0.7883850437549722,0.8011137629276054,0.0,0.9196499602227526
775,2058.7465069860277,6.126939454424484,2.560212907518297,2.916833000665336,1.9580838323353293,0.5182967398536261,866.9527611443779,0.0,0.0,1.2322022621423818,0.6706586826347305,0.5615435795076513,0.0,0.929474384564205
776,2111.7171863669328,1.7795068890500363,2.9042784626540974,2.6018854242204497,1.619289340101523,0.467005076142132,856.8759970993474,0.0,0.0,1.4300217548948513,0.7142857142857143,0.7157360406091371,0.0,0.981145757795504
777,2073.768,5.938647272727273,3.496,2.604363636363636,1.552,0.592,907.2058181818181,0.0,0.0,1.6981818181818182,0.8603636363636363,0.8378181818181818,0.0,0.8858181818181818
778,2034.2723214285713,7.495306122448979,2.4681122448979593,2.8214285714285716,2.086734693877551,0.4872448979591837,910.1600765306123,0.0,0.0,0.7455357142857143,0.39732142857142855,0.3482142857142857,0.0,0.9285714285714286
779,2086.197215777262,2.7898298530549113,3.063418406805878,2.4655839133797373,1.7470997679814386,0.5220417633410673,902.2266047950503,0.0,0.0,1.191802010827533,0.5854601701469451,0.6063418406805878,0.0,0.9729311678267595
780,2083.620842572062,4.119830007390983,3.3229859571322984,2.6193643754619362,1.5432372505543237,0.6008869179600886,865.1005173688101,0.0,0.0,1.3141167775314118,0.5934959349593496,0.720620842572062,0.0,0.9090909090909091
781,2083.144161774299,4.923757338551859,2.485975212002609,2.604696673189824,1.9347684279191129,0.49706457925636005,878.6510110893672,0.0,0.0,1.2420091324200913,0.6490541422048272,0.5929549902152642,0.0,0.9406392694063926
782,2095.106518282989,1.9707233704292528,3.279014308426073,2.4077901430842608,1.5651828298887123,0.5302066772655007,887.4777424483307,0.0,0.0,1.1542130365659777,0.6001589825119237,0.5540540540540541,0.0,0.9745627980922098
783,2071.172018348624,4.579487767584098,3.584862385321101,2.7889908256880735,1.4059633027522935,0.6475535168195719,911.9373088685015,0.0,0.0,1.327217125382263,0.6085626911314985,0.7186544342507645,0.0,0.9151376146788991
784,2053.2590074779064,5.5557239972807615,2.648538409245411,2.9259007477906187,1.8103331067301156,0.5078178110129163,911.1719918422841,0.0,0.0,0.7729435757987764,0.398368456832087,0.3745751189666893,0.0,0.9415363698164514
785,2104.144560357675,0.6962742175856931,2.7660208643815203,2.5767511177347244,1.6549925484351713,0.47690014903129657,893.6743666169896,0.0,0.0,1.4232488822652758,0.7034277198211625,0.7198211624441133,0.0,0.981371087928465
786,2090.174231332357,5.38300878477306,3.2547584187408494,2.778184480234261,1.3916544655929721,0.5995607613469985,859.1852122986822,0.0,0.0,1.4531478770131772,0.6969253294289898,0.7562225475841874,0.0,0.9033674963396779
787,2041.1897668393783,7.34145725388601,2.7558290155440415,2.6424870466321244,2.0058290155440415,0.4993523316062176,886.3160621761658,0.0,0.0,1.141839378238342,0.5926165803108808,0.5492227979274611,0.0,0.9222797927461139
788,2074.8187134502923,2.6144152046783624,2.7280701754385963,2.611842105263158,1.682748538011696,0.4766081871345029,914.5745614035088,0.0,0.0,0.9619883040935673,0.47149122807017546,0.4904970760233918,0.0,0.9714912280701754
789,2062.984011627907,5.0116206395348835,3.440406976744186,2.51453488372093,1.4542151162790697,0.5806686046511628,903.7143895348837,0.0,0.0,1.1736918604651163,0.5821220930232558,0.5915697674418605,0.0,0.8997093023255814
790,2059.442685243825,4.270436985433819,2.4382520582647245,2.590246991766941,2.1380620645978468,0.44458518049398354,899.820772640912,0.0,0.0,0.8784040531982267,0.4743508549715009,0.40405319822672575,0.0,0.9512349588347055
791,2091.85593220339,1.3005238828967642,3.014637904468413,2.347457627118644,1.6933744221879816,0.5069337442218799,881.0261941448382,0.0,0.0,1.5439137134052388,0.7588597842835131,0.7850539291217258,0.0,0.9768875192604006
792,2057.81230529595,4.392422118380062,3.6090342679127727,2.4610591900311527,1.527258566978193,0.6129283489096573,915.2040498442368,0.0,0.0,1.3746105919003115,0.6238317757009346,0.7507788161993769,0.0,0.8987538940809969
793,2051.302197802198,3.6467376373626372,2.754120879120879,2.9464285714285716,1.8399725274725274,0.5254120879120879,927.9354395604396,0.0,0.0,0.929945054945055,0.4526098901098901,0.47733516483516486,0.0,0.9416208791208791
794,2081.6576576576576,1.4378050778050777,3.135135135135135,2.4553644553644554,1.556101556101556,0.5372645372645373,892.8943488943489,0.0,0.0,1.0909090909090908,0.5184275184275184,0.5724815724815725,0.0,0.9754299754299754
795,2062.215372907154,5.471735159817351,3.328767123287671,2.6171993911719937,1.4817351598173516,0.5981735159817352,884.9041095890411,0.0,0.0,1.3554033485540335,0.6430745814307458,0.7123287671232876,0.0,0.9010654490106544
796,2046.0358662613983,5.254662613981763,2.4753799392097267,2.7617021276595746,1.8522796352583586,0.48145896656534953,878.1197568389058,0.0,0.0,0.9860182370820668,0.5069908814589665,0.4790273556231003,0.0,0.9331306990881459
797,2080.2332838038633,2.274918276374443,3.199851411589896,2.174591381872214,1.7800891530460623,0.48588410104011887,889.9947994056464,0.0,0.0,1.412332838038633,0.7288261515601783,0.6835066864784547,0.0,0.9695393759286776
798,2060.2250922509224,5.037918819188192,3.0649446494464945,2.617712177121771,1.5601476014760147,0.581549815498155,919.0605166051661,0.0,0.0,0.8590405904059041,0.4236162361623616,0.4354243542435424,0.0,0.8974169741697416
799,2041.9974226804125,6.673666237113403,2.6146907216494846,2.5972938144329896,2.005798969072165,0.485180412371134,878.7583762886597,0.0,0.0,1.0264175257731958,0.5528350515463918,0.4735824742268041,0.0,0.9207474226804123
800,2087.522962962963,1.8192296296296298,2.8214814814814817,2.3940740740740742,1.8474074074074074,0.4785185185185185,888.4592592592593,0.0,0.0,1.1385185185185185,0.5125925925925926,0.6259259259259259,0.0,0.9777777777777777
801,2093.0798449612403,3.6411937984496126,3.503875968992248,2.734108527131783,1.3333333333333333,0.6310077519379845,900.4162790697675,0.0,0.0,2.2751937984496124,1.0868217054263567,1.1883720930232557,0.0,0.9170542635658915
802,2037.7746010638298,6.3619680851063825,2.543882978723404,2.581781914893617,1.9042553191489362,0.4920212765957447,882.0605053191489,0.0,0.0,1.0558510638297873,0.5053191489361702,0.550531914893617,0.0,0.9281914893617021
803,2087.0926493108727,0.7786523736600306,2.908116385911179,2.5750382848392035,1.5566615620214395,0.5298621745788668,912.1087289433384,0.0,0.0,1.5336906584992342,0.7174578866768759,0.8162327718223583,0.0,0.9862174578866769
804,2058.5527800161162,3.319911361804996,3.5842062852538277,2.659951651893634,1.3827558420628525,0.645447219983884,918.2941176470588,0.0,0.0,1.1643835616438356,0.5503626107977437,0.6140209508460919,0.0,0.91941982272361
805,2046.6507936507937,4.9313558201058205,2.5826719576719577,2.921957671957672,1.941137566137566,0.5099206349206349,908.9305555555555,0.0,0.0,0.9305555555555556,0.4417989417989418,0.4887566137566138,0.0,0.9312169312169312
806,2075.0922087205145,0.9744674767691208,2.8313080771979986,2.5718370264474624,1.6783416726233022,0.48463187991422446,917.1015010721944,0.0,0.0,0.9456754824874911,0.4810578984989278,0.46461758398856323,0.0,0.9792709077912795
807,2049.6090444930705,4.6205032822757115,3.471188913202042,2.523705324580598,1.550692924872356,0.5988329686360321,904.7556528081692,0.0,0.0,1.2312180889861415,0.5433989788475565,0.687819110138585,0.0,0.8971553610503282
808,2031.0249532127261,5.195028072364316,2.4092326887086712,2.714909544603868,2.0237055520898317,0.4759825327510917,914.6175920149719,0.0,0.0,0.48533998752339363,0.2601372426699938,0.2252027448533999,0.0,0.9376169681846538
809,2055.9851909586905,3.132190179267342,3.0522213561964144,2.298519095869057,1.7240841777084956,0.514419329696025,874.1816056118472,0.0,0.0,0.6905689789555729,0.2868277474668745,0.40374123148869834,0.0,0.9719407638347622
810,2052.5854765506806,3.3703403933434193,3.3865355521936458,2.68910741301059,1.640695915279879,0.6119515885022693,874.8343419062027,0.0,0.0,0.7760968229954615,0.3600605143721634,0.41603630862329805,0.0,0.9258698940998488
811,2048.451080050826,5.448170266836087,2.4027954256670903,2.5324015247776366,1.9396442185514613,0.4714104193138501,892.9123252858958,0.0,0.0,1.1683608640406606,0.6124523506988564,0.5559085133418044,0.0,0.9434561626429478
812,2067.116666666667,2.7669603174603172,3.2063492063492065,2.3412698412698414,1.5238095238095237,0.5055555555555555,891.7031746031746,0.0,0.0,1.3404761904761904,0.65,0.6904761904761905,0.0,0.9706349206349206
813,2049.4865694551036,3.6811972371450503,3.587874136607828,2.6876438986953186,1.387567152724482,0.6216423637759018,912.8081350729087,0.0,0.0,0.9462778204144282,0.49731389102072143,0.44896392939370683,0.0,0.9186492709132771
814,2036.9347970725216,4.915023286759814,2.520292747837658,2.7831004657351963,1.78709248170326,0.48436460412508314,890.7325349301398,0.0,0.0,0.48835662009314706,0.23486360612109114,0.25349301397205587,0.0,0.9507651363938789
815,2057.2113402061855,1.869683357879234,2.731222385861561,2.499263622974963,1.6288659793814433,0.4808541973490427,897.7326951399116,0.0,0.0,1.0147275405007363,0.540500736377025,0.4742268041237113,0.0,0.9764359351988218
816,2045.1875447387258,3.74546170365068,3.1324266284896205,2.7716535433070866,1.408017179670723,0.6020042949176807,897.3142448103079,0.0,0.0,0.9584824624194703,0.4566929133858268,0.5017895490336435,0.0,0.917680744452398
817,2027.147741935484,7.9191935483870965,2.7651612903225806,2.661290322580645,2.0006451612903224,0.5,910.8903225806451,0.0,0.0,1.169032258064516,0.5909677419354838,0.5780645161290323,0.0,0.9116129032258065
818,2055.055674518201,2.019179157744468,2.640256959314775,2.5781584582441113,1.6738044254104212,0.45467523197715914,901.8972162740899,0.0,0.0,0.6074232690935046,0.28408279800142755,0.3233404710920771,0.0,0.9757316202712348
819,2048.6671732522796,4.546086626139817,3.715045592705167,2.5379939209726445,1.4452887537993921,0.6193009118541033,916.9741641337386,0.0,0.0,0.9756838905775076,0.4627659574468085,0.5129179331306991,0.0,0.898176291793313
820,2042.9462571976967,4.794740882917466,2.470889315419066,2.6890595009596927,2.1964171465131157,0.45937300063979525,892.3134996801024,0.0,0.0,0.7799104286628279,0.4145873320537428,0.3653230966090851,0.0,0.945617402431222
821,2071.4837074583634,1.0067632150615498,2.7472845763939175,2.2099927588703836,1.7342505430847213,0.45908761766835626,901.0709630702389,0.0,0.0,1.2498189717595944,0.6263577118030412,0.6234612599565532,0.0,0.9855177407675597
822,2047.3525741029641,4.335210608424337,3.5358814352574104,2.439157566302652,1.5280811232449298,0.6427457098283932,878.572542901716,0.0,0.0,1.2886115444617785,0.593603744149766,0.6950078003120125,0.0,0.8962558502340093
823,2049.787604906391,3.7101484828921887,2.6668818592640413,2.7714654615881216,1.7985797288573273,0.4854744996772111,906.7101355713363,0.0,0.0,0.8915429309231763,0.4777275661717237,0.41381536475145253,0.0,0.9464170432537121
824,2063.45397324941,1.1052635719905586,2.981117230527144,2.3988985051140834,1.5279307631785994,0.4948859166011015,879.3839496459481,0.0,0.0,1.2297403619197482,0.5617623918174666,0.6679779701022817,0.0,0.9795436664044059
825,2051.7946228528754,3.9953696788648245,3.2165795369678865,2.6392830470500375,1.3711725168035849,0.619865571321882,872.8610903659447,0.0,0.0,1.3644510828976848,0.6422703510082151,0.7221807318894697,0.0,0.9111277072442121
826,2034.3074590661006,6.004899939357186,2.397210430563978,2.71922377198302,1.8635536688902365,0.45967252880533654,888.6440266828381,0.0,0.0,0.9805942995755003,0.48271679805942996,0.49787750151607035,0.0,0.9320800485142511
827,2076.322886297376,1.8848177842565597,3.1377551020408165,2.2317784256559765,1.7303206997084548,0.4715743440233236,940.2288629737609,0.0,0.0,1.5911078717201166,0.8046647230320699,0.7864431486880467,0.0,0.9723032069970845
828,2054.897988505747,4.528620689655172,2.980603448275862,2.5352011494252875,1.5905172413793103,0.5991379310344828,889.2543103448276,0.0,0.0,1.3419540229885059,0.6609195402298851,0.6810344827586207,0.0,0.8987068965517241
829,2032.054980595084,6.4395213454075035,2.6144890038809834,2.632600258732212,1.9747736093143597,0.4851228978007762,886.5789133247089,0.0,0.0,0.6746442432082794,0.3913324708926261,0.2833117723156533,0.0,0.925614489003881
830,2077.062455132807,1.2992534099066764,2.697056712132089,2.3388370423546303,1.8628858578607321,0.45656855707106964,876.5628140703518,0.0,0.0,1.031586503948313,0.5010768126346016,0.5305096913137114,0.0,0.9748743718592965
831,2059.7099697885196,4.448466767371602,3.4138972809667676,2.6351963746223563,1.3262839879154078,0.5868580060422961,898.784743202417,0.0,0.0,1.903323262839879,0.9826283987915407,0.9206948640483383,0.0,0.9093655589123867
832,2041.594301221167,5.298514246947083,2.444369063772049,2.6234735413839894,1.9674355495251017,0.5094979647218453,892.3066485753053,0.0,0.0,1.1078697421981003,0.5800542740841248,0.5278154681139756,0.0,0.9369063772048847
833,2084.286910197869,-0.01640791476407915,2.8569254185692543,2.601978691019787,1.6065449010654491,0.4901065449010654,929.5479452054794,0.0,0.0,1.5182648401826484,0.7245053272450532,0.7937595129375952,0.0,0.9878234398782344
834,2057.352078239609,3.8627220863895677,3.4726976365118176,2.643031784841076,1.4490627546862265,0.6568867155664222,897.3382233088835,0.0,0.0,1.4702526487367562,0.706601466992665,0.7636511817440913,0.0,0.9152404237978811
835,2043.9007989347538,5.3684553928095875,2.543275632490013,2.8641810918774966,1.933422103861518,0.4940079893475366,892.2350199733688,0.0,0.0,1.0339547270306257,0.5239680426098535,0.5099866844207723,0.0,0.9387483355525965
836,2082.5526501766785,1.4207773851590106,2.7575971731448763,2.6777385159010603,1.5773851590106007,0.45229681978798586,898.6833922261484,0.0,0.0,1.088339222614841,0.5031802120141343,0.5851590106007067,0.0,0.9816254416961131
837,2046.027501909855,5.366401833460657,3.5912910618792973,2.538579067990833,1.5836516424751719,0.6203208556149733,902.0466004583652,0.0,0.0,1.3200916730328496,0.6539343009931246,0.666157372039725,0.0,0.8884644766997708
838,2029.719375,6.643475,2.289375,2.73125,2.053125,0.44125,910.575625,0.0,0.0,0.81375,0.41625,0.3975,0.0,0.9425
839,2053.267297887837,2.7561835396941006,2.8732702112163144,2.3248361252731247,1.7319737800436998,0.49089584850691914,885.6853605243991,0.0,0.0,1.0174799708667153,0.45229424617625635,0.5651857246904588,0.0,0.9708667152221413
840,2058.5870683321086,3.2416752387950036,3.2211609110947834,2.68626010286554,1.5811903012490816,0.5819250551065394,893.6759735488612,0.0,0.0,1.5870683321087435,0.78104335047759,0.8060249816311535,0.0,0.9235855988243938
841,2065.6411645226813,4.241645226811103,2.4610697359512526,2.691943127962085,2.000677048070413,0.5016926201760324,899.0054163845633,0.0,0.0,1.8909952606635072,0.968855788761002,0.9221394719025051,0.0,0.956668923493568
842,2066.0467511885895,3.231458003169572,3.292393026941363,2.327258320126783,1.5332805071315372,0.5229793977812995,895.9540412044374,0.0,0.0,2.312202852614897,1.0744849445324882,1.2377179080824088,0.0,0.9690966719492868
843,2058.75256107171,4.212679275019701,3.6178092986603625,2.7509850275807723,1.387706855791962,0.661150512214342,904.5256107171001,0.0,0.0,2.3766745468873127,1.0874704491725768,1.289204097714736,0.0,0.9117415287628053
844,2033.5321831453218,5.340019907100199,2.5394824153948243,2.7909754479097546,1.8015925680159257,0.45852687458526875,890.8281353682813,0.0,0.0,1.072992700729927,0.5646980756469807,0.5082946250829462,0.0,0.953550099535501
845,2070.3004385964914,0.15470760233918132,2.706140350877193,2.4758771929824563,1.5716374269005848,0.4853801169590643,906.6798245614035,0.0,0.0,1.398391812865497,0.7178362573099415,0.6805555555555556,0.0,0.9883040935672515
846,2066.8116654954324,2.6760505973295854,3.200281096275474,2.690794096978215,1.4469430780042165,0.5635980323260716,912.2037947997189,0.0,0.0,2.1503865073787773,1.0864371047083625,1.0639494026704146,0.0,0.9226985242445538
847,2023.2064393939395,7.735593434343435,2.73989898989899,2.6079545454545454,1.9924242424242424,0.5164141414141414,932.7083333333334,0.0,0.0,1.3611111111111112,0.6527777777777778,0.7083333333333334,0.0,0.9166666666666666
848,2069.97722095672,1.7114730447987854,2.7615793470007595,2.640091116173121,1.6924829157175398,0.49430523917995445,931.6165527714503,0.0,0.0,1.4031890660592254,0.6902050113895216,0.7129840546697038,0.0,0.973424449506454
849,2056.505376344086,3.322027649769585,3.597542242703533,2.543778801843318,1.4807987711213517,0.6359447004608295,899.5122887864824,0.0,0.0,1.5890937019969278,0.7665130568356375,0.8225806451612904,0.0,0.9147465437788018
850,2058.286984126984,3.8390539682539684,2.438730158730159,2.6774603174603175,2.2006349206349207,0.4450793650793651,899.9733333333334,0.0,0.0,0.9415873015873016,0.46285714285714286,0.47873015873015873,0.0,0.954920634920635
851,2081.3951434878586,1.0916114790286975,2.809418690213392,2.253863134657837,1.678440029433407,0.4782928623988227,903.5055187637969,0.0,0.0,1.7071376011773363,0.8579838116261957,0.8491537895511405,0.0,0.977924944812362
852,2050.5122918318793,4.257597145122919,3.5122918318794607,2.3632038065027756,1.5019825535289453,0.6605868358445678,916.5146708961142,0.0,0.0,1.6534496431403647,0.8199841395717684,0.8334655035685964,0.0,0.8977002379064235
853,2045.8943894389438,4.309986798679868,2.6488448844884487,2.8303630363036305,1.831023102310231,0.47062706270627064,919.6488448844884,0.0,0.0,1.1716171617161717,0.6145214521452145,0.5570957095709571,0.0,0.9412541254125413
854,2066.9682170542637,1.4164418604651163,2.989922480620155,2.4395348837209303,1.5217054263565892,0.5201550387596899,899.337984496124,0.0,0.0,0.9992248062015504,0.48527131782945737,0.513953488372093,0.0,0.9790697674418605
855,2050.1676646706587,3.8212874251497007,3.2215568862275448,2.6369760479041915,1.404191616766467,0.6167664670658682,893.5074850299401,0.0,0.0,2.036676646706587,0.9229041916167665,1.1137724550898203,0.0,0.9184131736526946
856,2048.455704270236,3.1678138942001275,2.475462077756533,2.813256851497769,1.9477374123645634,0.46526449968132566,881.4333970681963,0.0,0.0,0.8068833652007649,0.4008922880815806,0.4059910771191842,0.0,0.9592096876991715
857,2056.234351145038,2.6863129770992367,3.2419847328244273,2.169465648854962,1.703053435114504,0.5015267175572519,933.7412213740458,0.0,0.0,1.5236641221374045,0.7419847328244275,0.7816793893129771,0.0,0.9687022900763359
858,2039.5688273852877,4.894501092498179,3.051711580480699,2.618353969410051,1.5331391114348143,0.593590677348871,907.0029133284778,0.0,0.0,1.087399854333576,0.5324107793153678,0.5549890750182083,0.0,0.8980335032774945
859,2033.9424184261036,5.900780550223929,2.601407549584133,2.5834932821497123,1.9513755598208573,0.5067178502879078,902.978886756238,0.0,0.0,1.0953294945617402,0.5783749200255918,0.5169545745361485,0.0,0.9379398592450416
860,2084.127040454223,0.31694109297374023,2.681334279630944,2.2860184528034067,1.7622427253371185,0.46628814762242726,924.3115684882896,0.0,0.0,1.652235628105039,0.7764371894960965,0.8757984386089425,0.0,0.9843860894251242
861,2058.76138996139,4.359853281853282,3.328185328185328,2.6810810810810812,1.3235521235521235,0.6185328185328185,906.6131274131274,0.0,0.0,2.006949806949807,0.9065637065637066,1.1003861003861004,0.0,0.9111969111969112
862,2054.692103516921,4.423868613138686,2.4897146648971464,2.6098208360982085,1.9170537491705375,0.5155938951559389,889.623092236231,0.0,0.0,1.4558725945587259,0.7120106171201062,0.7438619774386198,0.0,0.9435965494359655
863,2086.5355776587603,0.8254781943381791,2.822494261667942,2.5761285386381023,1.6518745218056619,0.48967100229533284,917.9449120122417,0.0,0.0,1.5638867635807192,0.7444529456771232,0.819433817903596,0.0,0.9869931140015302
864,2049.834126984127,4.01118253968254,3.3793650793650793,2.645238095238095,1.41984126984127,0.6420634920634921,918.5857142857143,0.0,0.0,1.488888888888889,0.7031746031746032,0.7857142857142857,0.0,0.915079365079365
865,2052.715578539108,4.082934712346477,2.5190691661279896,2.7808661926308984,1.879120879120879,0.5042016806722689,917.6755009696186,0.0,0.0,1.427278603749192,0.6742081447963801,0.7530704589528119,0.0,0.9366515837104072
866,2085.14406779661,1.185494350282486,2.7937853107344632,2.597457627118644,1.603813559322034,0.4703389830508475,902.0120056497175,0.0,0.0,1.4703389830508475,0.6963276836158192,0.7740112994350282,0.0,0.980225988700565
867,2057.864925373134,4.826768656716418,3.52089552238806,2.494776119402985,1.5425373134328357,0.5873134328358209,914.8223880597014,0.0,0.0,2.147761194029851,0.9925373134328358,1.155223880597015,0.0,0.8850746268656716
868,2034.249215317012,6.28699937225361,2.3414940364092907,2.729441305712492,2.0483364720652855,0.45134965473948524,901.5084745762712,0.0,0.0,1.0426867545511613,0.5775266792215945,0.4651600753295669,0.0,0.9378531073446328
869,2063.7912332838036,3.3589524517087663,2.837295690936107,2.197622585438336,1.75037147102526,0.49405646359583955,893.372956909361,0.0,0.0,1.2273402674591383,0.5601783060921248,0.6671619613670133,0.0,0.9702823179791976
870,2053.2861292665216,3.7097312999273786,3.259259259259259,2.617283950617284,1.4989106753812635,0.6027596223674655,928.5657225853304,0.0,0.0,1.4059549745824256,0.6920842411038489,0.7138707334785767,0.0,0.9193899782135077
871,2066.870104438642,3.552147519582245,2.3570496083550916,2.566579634464752,1.9569190600522193,0.48237597911227154,929.693864229765,0.0,0.0,2.2780678851174936,1.1553524804177546,1.122715404699739,0.0,0.9569190600522193
872,2067.6214511041007,2.6352523659305995,3.173501577287066,2.3533123028391167,1.5181388012618298,0.5126182965299685,902.2287066246057,0.0,0.0,2.193217665615142,1.0725552050473186,1.1206624605678233,0.0,0.9652996845425867
873,2061.685525349008,3.642094048493755,3.523144746509919,2.6047024246877295,1.3651726671565025,0.6164584864070536,936.678912564291,0.0,0.0,1.6987509184423217,0.8236590742101396,0.8750918442321822,0.0,0.925789860396767
874,2052.173128342246,3.9797994652406414,2.5848930481283423,2.790775401069519,1.7840909090909092,0.48663101604278075,905.5113636363636,0.0,0.0,1.3155080213903743,0.6925133689839572,0.6229946524064172,0.0,0.9505347593582888
875,2070.6529680365297,0.9403348554033485,2.7549467275494672,2.4550989345509895,1.6308980213089803,0.502283105022831,954.220700152207,0.0,0.0,1.4200913242009132,0.665144596651446,0.7549467275494672,0.0,0.982496194824962
876,2068.1909620991255,3.7216763848396504,3.2113702623906706,2.8549562682215743,1.4271137026239067,0.5932944606413995,936.5204081632653,0.0,0.0,1.8717201166180757,0.9387755102040817,0.9329446064139941,0.0,0.9096209912536443
877,2037.8258105530833,5.965060394151304,2.603305785123967,2.6338207247298158,1.937062937062937,0.4793388429752066,926.5918626827718,0.0,0.0,1.4500953591862682,0.6827717736808646,0.7673235855054037,0.0,0.9370629370629371
878,2067.191729323308,1.688172932330827,2.7609022556390976,2.630827067669173,1.7473684210526317,0.4714285714285714,975.7586466165413,0.0,0.0,1.0909774436090225,0.5300751879699248,0.5609022556390978,0.0,0.9789473684210527
879,2052.6088534107403,3.774746008708273,3.4042089985486212,2.4956458635703918,1.47677793904209,0.5878084179970973,919.3069666182873,0.0,0.0,1.6088534107402033,0.7670537010159652,0.841799709724238,0.0,0.9121915820029027
880,2056.073324905183,4.673710493046776,2.392541087231353,2.6371681415929205,2.11441213653603,0.4620733249051833,908.1207332490518,0.0,0.0,1.3211125158027812,0.6940581542351454,0.6270543615676359,0.0,0.9532237673830595
881,2077.802959501558,2.520919003115265,3.0506230529595015,2.3146417445482865,1.6674454828660437,0.4953271028037383,925.7352024922118,0.0,0.0,1.8582554517133956,0.9112149532710281,0.9470404984423676,0.0,0.9742990654205608
882,2051.5716475095787,4.555954022988505,3.4628352490421457,2.3800766283524903,1.4513409961685824,0.61455938697318,922.6444444444444,0.0,0.0,2.1417624521072796,1.0199233716475096,1.1218390804597702,0.0,0.8988505747126436
883,2049.7201591511935,3.807068965517241,2.7009283819628647,2.8328912466843503,1.8262599469496021,0.5013262599469496,941.6220159151194,0.0,0.0,1.2042440318302388,0.6472148541114059,0.5570291777188329,0.0,0.9436339522546419
884,2066.0384615384614,1.728076923076923,2.9092307692307693,2.5146153846153845,1.5038461538461538,0.5,915.9092307692308,0.0,0.0,1.6423076923076922,0.7938461538461539,0.8484615384615385,0.0,0.9792307692307692
885,2058.254460822343,4.532924747866563,3.3762606671838635,2.6889061287820017,1.378588052754073,0.6159813809154383,924.6361520558572,0.0,0.0,2.1078355314197053,0.9945694336695112,1.113266097750194,0.0,0.9100077579519007
886,2045.645415907711,4.679477838494233,2.415907710989678,2.740740740740741,1.9168184578020644,0.461445051608986,895.2270795385549,0.0,0.0,1.2301153612629023,0.6241651487553127,0.6059502125075895,0.0,0.9386763812993322
887,2061.0014958863126,2.38698578908003,3.183246073298429,2.225130890052356,1.7464472700074793,0.4786836200448766,945.6417352281227,0.0,0.0,1.7045624532535528,0.8137621540762902,0.8908002991772626,0.0,0.9730740463724757
888,2053.5894134477826,5.2111230329041485,3.011444921316166,2.582975679542203,1.5092989985693848,0.5829756795422032,913.2210300429184,0.0,0.0,1.6809728183118742,0.7725321888412017,0.9084406294706724,0.0,0.8884120171673819
889,2045.81582278481,5.817379746835442,2.492405063291139,2.511392405063291,1.9493670886075949,0.47215189873417723,902.9886075949368,0.0,0.0,1.55,0.8025316455696202,0.7474683544303797,0.0,0.9291139240506329
890,2072.483146067416,1.3029705056179777,2.683988764044944,2.258426966292135,1.7682584269662922,0.4515449438202247,909.3321629213483,0.0,0.0,1.4775280898876404,0.7205056179775281,0.7570224719101124,0.0,0.9775280898876404
891,2068.3493516399694,3.7659801678108313,3.522501906941266,2.6666666666666665,1.3035850495804728,0.6254767353165522,922.0091533180778,0.0,0.0,2.4286803966437835,1.1250953470633105,1.3035850495804728,0.0,0.916094584286804
892,2037.5677631578947,6.715526315789474,2.485526315789474,2.557894736842105,1.869078947368421,0.5,901.3921052631579,0.0,0.0,1.6072368421052632,0.8177631578947369,0.7894736842105263,0.0,0.9302631578947368
893,2078.2076461769116,0.997743628185907,2.865817091454273,2.583208395802099,1.6251874062968517,0.48650674662668664,958.1461769115442,0.0,0.0,2.1784107946026987,1.0299850074962518,1.1484257871064467,0.0,0.9790104947526237
894,2045.2011354420113,4.489059205190593,3.521492295214923,2.6520681265206814,1.4395782643957826,0.6496350364963503,934.3398215733982,0.0,0.0,1.9034874290348742,0.8467153284671532,1.056772100567721,0.0,0.910786699107867
895,2039.7724867724867,5.560932539682539,2.552248677248677,2.8366402116402116,1.8888888888888888,0.5046296296296297,960.6970899470899,0.0,0.0,1.6474867724867726,0.8432539682539683,0.8042328042328042,0.0,0.9378306878306878
896,2068.909476661952,2.1575106082036775,2.7963224893917964,2.6117397454031117,1.574964639321075,0.4752475247524752,936.8168316831683,0.0,0.0,1.799151343705799,0.8974540311173974,0.9016973125884017,0.0,0.9801980198019802
897,2052.671817512877,5.162656364974246,3.5658572479764534,2.4944812362030904,1.5614422369389256,0.5923473142016188,953.9977924944812,0.0,0.0,2.2155997056659307,1.0338484179543783,1.1817512877115526,0.0,0.8999264164827079
898,2035.842574888464,5.107227533460803,2.4053537284894837,2.7323135755258128,2.095602294455067,0.461440407903123,939.6144040790313,0.0,0.0,0.7609942638623327,0.4047163798597833,0.3562778840025494,0.0,0.9432759719566602
899,2081.4734876773714,1.3461986557132188,2.9514563106796117,2.3091859596713964,1.6721433905899925,0.4899178491411501,914.0156833457804,0.0,0.0,1.549663928304705,0.7856609410007468,0.7640029873039582,0.0,0.9798356982823002
900,2057.6635714285712,3.87935,3.2385714285714284,2.579285714285714,1.4964285714285714,0.5778571428571428,929.8157142857143,0.0,0.0,1.6407142857142858,0.7728571428571429,0.8678571428571429,0.0,0.9164285714285715
901,2077.306701030928,4.373511597938144,2.4536082474226806,2.5786082474226806,1.925257731958763,0.4954896907216495,926.6353092783505,0.0,0.0,1.8170103092783505,0.9155927835051546,0.9014175257731959,0.0,0.9426546391752577
902,2094.08615136876,2.310112721417069,3.2793880837359097,2.3743961352657004,1.499194847020934,0.5362318840579711,922.3663446054751,0.0,0.0,2.0523349436392913,0.9492753623188406,1.103059581320451,0.0,0.9710144927536232
903,2056.8830275229357,4.732469418960244,3.55045871559633,2.7377675840978593,1.4503058103975535,0.6169724770642202,937.8509174311927,0.0,0.0,1.7255351681957187,0.8516819571865444,0.8738532110091743,0.0,0.9174311926605505
904,2045.4512276045123,4.927319177173192,2.574651625746516,2.8035832780358327,1.7697412076974122,0.49568679495686796,883.5693430656934,0.0,0.0,1.4120769741207697,0.7027206370272063,0.7093563370935634,0.0,0.9522229595222296
905,2075.612518628912,0.8353874813710881,2.7056631892697465,2.529061102831595,1.5268256333830104,0.4910581222056632,903.672131147541,0.0,0.0,1.646795827123696,0.7786885245901639,0.8681073025335321,0.0,0.9836065573770492
906,2071.5303907380608,3.7399421128798847,3.170043415340087,2.751808972503618,1.422575976845152,0.5861070911722142,904.3712011577423,0.0,0.0,2.366136034732272,1.104920405209841,1.2612156295224313,0.0,0.9117221418234442
907,2052.0564674983584,5.1539133289560075,2.681549573210768,2.6992777413000657,1.980302035456336,0.4865397242284964,892.9448456992777,0.0,0.0,1.9205515430072226,0.9599474720945502,0.9606040709126723,0.0,0.9422193040052528
908,2073.945205479452,2.1811263318112633,2.8013698630136985,2.525875190258752,1.5776255707762556,0.4946727549467275,917.796803652968,0.0,0.0,1.8896499238964992,0.898021308980213,0.9916286149162862,0.0,0.971841704718417
909,2054.4735272184935,5.081819537658464,3.423564504101417,2.492915734526473,1.412378821774795,0.6129753914988815,919.8956002982849,0.0,0.0,1.953765846383296,0.906785980611484,1.0469798657718121,0.0,0.901565995525727
910,2066.004385964912,3.9662406015037592,2.3784461152882206,2.654135338345865,2.1184210526315788,0.44611528822055135,898.1140350877193,0.0,0.0,1.5012531328320802,0.8007518796992481,0.7005012531328321,0.0,0.9580200501253133
911,2086.4337722695586,1.0403950426026336,2.9612703330751358,2.301316808675445,1.662277304415182,0.5151045701006971,900.8226181254842,0.0,0.0,2.546862896979086,1.30286599535244,1.2439969016266461,0.0,0.9806351665375678
912,2058.553516819572,4.219051987767584,3.4136085626911314,2.4908256880733943,1.4678899082568808,0.6131498470948012,914.210244648318,0.0,0.0,2.3922018348623855,1.1299694189602447,1.2622324159021407,0.0,0.8960244648318043
913,2048.310907903331,4.526361854996734,2.6701502286087524,2.7949052906596994,1.7975179621162638,0.5133899412148922,939.2390594382756,0.0,0.0,1.6753755715218812,0.8817766165904638,0.7935989549314174,0.0,0.9412148922273024
914,2087.0369477911645,1.5169156626506024,3.0650602409638554,2.446586345381526,1.4409638554216868,0.5269076305220883,913.6658634538153,0.0,0.0,2.5100401606425704,1.2506024096385542,1.259437751004016,0.0,0.9823293172690764
915,2072.296933433059,3.91789827973074,3.281974569932685,2.642483171278983,1.4225878833208676,0.6155572176514585,932.9573672400898,0.0,0.0,2.8504113687359762,1.3866866118175019,1.4637247569184741,0.0,0.912490650710546
916,2061.4766241651487,4.28501517911354,2.397692774741955,2.761384335154827,1.8439587128111719,0.4808743169398907,903.778992106861,0.0,0.0,1.9848208864602308,1.034608378870674,0.9502125075895568,0.0,0.944140862173649
917,2093.015407190022,0.16691122523844462,3.1342626559060895,2.1834189288334556,1.6749816581071166,0.4768892149669846,941.4358033749083,0.0,0.0,2.8041085840058693,1.388848129126926,1.4152604548789436,0.0,0.9882611885546588
918,2059.3553412462907,4.967789317507418,3.1402077151335313,2.7040059347181007,1.551186943620178,0.599406528189911,910.2151335311572,0.0,0.0,1.988872403560831,0.9065281899109793,1.0823442136498516,0.0,0.8946587537091988
919,2038.5107868020305,6.56145304568528,2.5609137055837565,2.5888324873096447,1.9479695431472082,0.4980964467005076,899.9517766497462,0.0,0.0,1.7366751269035532,0.8813451776649747,0.8553299492385786,0.0,0.925761421319797
920,2076.8685314685313,0.946006993006993,2.6538461538461537,2.3398601398601397,1.7321678321678322,0.4398601398601399,923.5811188811189,0.0,0.0,2.2223776223776226,1.06993006993007,1.1524475524475524,0.0,0.9839160839160839
921,2078.0979498861047,4.900577069096432,3.4958238420653,2.67046317388003,1.2908124525436597,0.6119969627942293,932.5922551252847,0.0,0.0,4.523158694001519,2.111617312072893,2.4115413819286258,0.0,0.9141989369779803
922,2053.790544977019,5.316815495732108,2.5022980958634276,2.596848325673014,1.8896913985554826,0.525935653315824,915.053841103086,0.0,0.0,2.4714379514116875,1.2028890347997374,1.2685489166119501,0.0,0.9336835193696651
923,2089.8036900369,0.560590405904059,2.777859778597786,2.5313653136531364,1.518819188191882,0.4870848708487085,946.4656826568265,0.0,0.0,2.795571955719557,1.3461254612546125,1.4494464944649446,0.0,0.9859778597785978
924,2049.8224522292994,4.092133757961784,3.513535031847134,2.6934713375796178,1.3765923566878981,0.6544585987261147,901.656050955414,0.0,0.0,2.332802547770701,1.1210191082802548,1.2117834394904459,0.0,0.9140127388535032
925,2053.749683143219,4.457230671736375,2.5221799746514577,2.79404309252218,1.8238276299112801,0.4759188846641318,936.7015209125475,0.0,0.0,2.0665399239543727,0.9974651457541192,1.0690747782002534,0.0,0.9359949302915083
926,2089.2617498192335,1.2546276211135214,2.8423716558206795,2.604483007953724,1.5090383224873463,0.48083875632682577,921.0686912509038,0.0,0.0,2.537237888647867,1.2465654374548083,1.2906724511930585,0.0,0.9797541576283442
927,2052.7615156017832,4.717823179791977,3.5334323922734026,2.612184249628529,1.576523031203566,0.6084695393759286,948.8959881129272,0.0,0.0,3.0594353640416045,1.511887072808321,1.5475482912332839,0.0,0.8967310549777118
928,2037.754658385093,4.401006211180124,2.296273291925466,2.7440993788819874,2.0291925465838507,0.4422360248447205,922.1608695652174,0.0,0.0,1.3720496894409937,0.737888198757764,0.6341614906832298,0.0,0.9428571428571428
929,2061.875,2.0723863636363635,3.179383116883117,2.4675324675324677,1.6785714285714286,0.5422077922077922,930.1517857142857,0.0,0.0,2.3887987012987013,1.1209415584415585,1.2678571428571428,0.0,0.974025974025974
930,2068.0270863836017,3.8648023426061493,3.225475841874085,2.72108345534407,1.5402635431918008,0.6090775988286969,935.0431918008785,0.0,0.0,2.595168374816984,1.2357247437774523,1.3594436310395315,0.0,0.9209370424597365
931,2070.3140283140283,4.328204633204633,2.3828828828828827,2.593951093951094,1.9292149292149292,0.48455598455598453,930.8378378378378,0.0,0.0,2.6994851994851996,1.3095238095238095,1.38996138996139,0.0,0.9491634491634492
932,2090.5117870722434,1.309619771863118,3.117110266159696,2.3338403041825093,1.4570342205323195,0.5057034220532319,916.6372623574144,0.0,0.0,2.061596958174905,0.9566539923954372,1.1049429657794676,0.0,0.979467680608365
933,2061.1581359816655,4.191925133689839,3.605805958747135,2.750190985485103,1.4606569900687547,0.6287242169595111,960.279602750191,0.0,0.0,1.86401833460657,0.8892284186401833,0.9747899159663865,0.0,0.920550038197097
934,2047.1023890784984,5.968805460750853,2.5822525597269625,2.9085324232081913,1.797952218430034,0.4641638225255973,916.5051194539249,0.0,0.0,1.7426621160409557,0.9023890784982935,0.8402730375426621,0.0,0.9488054607508533
935,2089.763001485884,0.6503194650817236,2.6939078751857357,2.6062407132243686,1.6307578008915304,0.4702823179791976,918.3246656760773,0.0,0.0,2.4353640416047546,1.1404160475482912,1.2949479940564637,0.0,0.9851411589895989
936,2079.4786628733996,4.715120910384068,3.1955903271692745,2.7837837837837838,1.364864864864865,0.566145092460882,919.7887624466572,0.0,0.0,2.3712660028449504,1.12375533428165,1.2475106685633002,0.0,0.9125177809388336
937,2049.060625814863,7.015886571056063,2.8102998696219035,2.6883963494132987,1.9889178617992178,0.5130378096479792,913.2059973924381,0.0,0.0,2.214471968709257,1.1597131681877444,1.0547588005215125,0.0,0.9185136897001304
938,2082.2626188734457,1.001024140453548,2.7125091441111926,2.642282370153621,1.667885881492319,0.4681784930504755,937.0636430138991,0.0,0.0,1.4806144842721287,0.7542062911485004,0.7264081931236284,0.0,0.9809802487198245
939,2061.542084942085,4.458432432432432,3.5065637065637065,2.606177606177606,1.457142857142857,0.6308880308880309,891.0208494208495,0.0,0.0,1.6942084942084943,0.8015444015444015,0.8926640926640926,0.0,0.911969111969112
940,2067.949302915082,3.934340937896071,2.3916349809885933,2.653992395437262,2.170468948035488,0.46831432192648925,904.6520912547528,0.0,0.0,1.4759188846641318,0.779467680608365,0.6964512040557668,0.0,0.9493029150823827
941,2093.2931162102145,0.8460251665433013,2.853441894892672,2.311621021465581,1.6624722427831236,0.47964470762398226,930.8571428571429,0.0,0.0,1.629903774981495,0.769059955588453,0.8608438193930422,0.0,0.9844559585492227
942,2065.829170024174,4.455640612409347,3.4883158742949236,2.571313456889605,1.4867042707493956,0.6406124093473006,911.5503626107977,0.0,0.0,1.75825946817083,0.8734891216760677,0.8847703464947623,0.0,0.8928283642224013
943,2064.10337972167,4.255062955599735,2.820410868124586,2.881378396288933,1.832339297548045,0.5228628230616302,934.259774685222,0.0,0.0,1.581842279655401,0.7952286282306164,0.7866136514247847,0.0,0.9343936381709742
944,2067.6252032520324,2.1691951219512196,3.091869918699187,2.489430894308943,1.4195121951219511,0.5373983739837398,939.039837398374,0.0,0.0,1.8626016260162601,0.9227642276422764,0.9398373983739837,0.0,0.9788617886178862
945,2067.2233307751344,3.669593246354566,3.2363775901765157,2.669224865694551,1.4190330007674596,0.612432847275518,944.4098234842671,0.0,0.0,1.9723714504988488,0.9769762087490407,0.9953952417498081,0.0,0.9071373752877974
946,2056.0324159021407,4.827510703363914,2.3944954128440368,2.7541284403669724,1.8666666666666667,0.45749235474006117,911.4183486238533,0.0,0.0,1.3192660550458715,0.6795107033639144,0.6397553516819572,0.0,0.944954128440367
947,2082.641328413284,1.9664428044280442,3.1690036900369005,2.251660516605166,1.6863468634686347,0.4819188191881919,951.5055350553506,0.0,0.0,2.1601476014760146,1.0656826568265683,1.0944649446494465,0.0,0.9719557195571956
948,2060.258547008547,5.2455982905982905,3.059116809116809,2.6047008547008548,1.5163817663817665,0.5925925925925926,920.0626780626781,0.0,0.0,1.3824786324786325,0.6923076923076923,0.6901709401709402,0.0,0.8952991452991453
949,2041.1001259445843,6.6720340050377835,2.554156171284635,2.5780856423173804,1.9187657430730478,0.4527707808564232,897.1164987405541,0.0,0.0,1.533375314861461,0.7802267002518891,0.7531486146095718,0.0,0.9307304785894207
950,2077.5960451977403,1.536511299435028,2.6977401129943503,2.3545197740112993,1.7005649717514124,0.4731638418079096,910.7048022598871,0.0,0.0,1.265536723163842,0.6257062146892656,0.6398305084745762,0.0,0.9809322033898306
951,2088.355590062112,3.9199301242236024,3.609472049689441,2.7360248447204967,1.3066770186335404,0.6498447204968945,943.5217391304348,0.0,0.0,2.623447204968944,1.2771739130434783,1.3462732919254659,0.0,0.9184782608695652
952,2047.1955193482688,6.664718262050237,2.5553292600135777,2.6897488119484048,1.9144602851323829,0.48404616429056346,915.6143923964698,0.0,0.0,1.4786150712830957,0.8024439918533605,0.6761710794297352,0.0,0.93346911065852
953,2086.7230298393265,1.0795179801071155,2.8974751338944147,2.5692425401683243,1.612088752869166,0.49196633511859217,957.3802601377199,0.0,0.0,1.4016832440703901,0.7054322876817138,0.6962509563886764,0.0,0.9862280030604438
954,2043.9983606557378,5.594713114754098,3.5352459016393443,2.6204918032786884,1.337704918032787,0.6598360655737705,912.9926229508196,0.0,0.0,1.5918032786885246,0.7655737704918033,0.8262295081967214,0.0,0.9114754098360656
955,2043.6990163934427,6.026511475409836,2.577049180327869,2.8498360655737707,1.8924590163934427,0.48721311475409834,945.0859016393442,0.0,0.0,1.3868852459016394,0.7022950819672131,0.6845901639344262,0.0,0.9304918032786885
956,2105.751291512915,-0.01131365313653138,2.856826568265683,2.6118081180811807,1.5653136531365313,0.45535055350553505,949.0428044280443,0.0,0.0,2.018450184501845,0.992619926199262,1.0258302583025831,0.0,0.992619926199262
957,2053.3847328244274,6.126236641221374,3.6312977099236643,2.550381679389313,1.5610687022900764,0.600763358778626,933.1916030534351,0.0,0.0,2.048854961832061,0.9931297709923664,1.0557251908396947,0.0,0.8778625954198473
958,2038.5711598746082,5.849498432601881,2.426959247648903,2.7341692789968652,2.06269592476489,0.4670846394984326,931.5021943573668,0.0,0.0,1.0470219435736676,0.5297805642633229,0.5172413793103449,0.0,0.9366771159874608
959,2070.6479430379745,1.0873496835443037,3.0838607594936707,2.3528481012658227,1.7072784810126582,0.507120253164557,922.3378164556962,0.0,0.0,1.3639240506329113,0.6479430379746836,0.7159810126582279,0.0,0.9794303797468354
960,2063.515885022693,3.301875945537065,3.3139183055975794,2.7322239031770046,1.5287443267776097,0.573373676248109,925.9629349470499,0.0,0.0,1.2632375189107412,0.5741301059001512,0.68910741301059,0.0,0.9205748865355522
961,2063.6645285439386,4.106786401539448,2.4323284156510585,2.5657472738935216,1.9384220654265554,0.47979474021808854,928.3136626042335,0.0,0.0,1.7196921103271328,0.8742783835792175,0.8454137267479154,0.0,0.9486850545221296
962,2084.3940609951846,2.4231300160513647,3.239967897271268,2.4285714285714284,1.4839486356340288,0.5393258426966292,923.077849117175,0.0,0.0,1.7913322632423756,0.7897271268057785,1.0016051364365972,0.0,0.9735152487961477
963,2060.297937356761,4.825057295645531,3.4545454545454546,2.682200152788388,1.4071810542398777,0.6111535523300229,941.9709702062643,0.0,0.0,2.0511841100076396,0.9893048128342246,1.0618792971734148,0.0,0.9113827349121467
964,2057.979347101932,4.8758161225849435,2.568954030646236,2.8587608261159225,1.7621585609593604,0.5063291139240507,911.6775483011326,0.0,0.0,1.3510992671552298,0.6688874083944037,0.6822118587608261,0.0,0.9520319786808794
965,2080.2860246198406,1.6002389572773354,2.681390296886314,2.5300506879073135,1.5952208544532946,0.4656046343229544,922.1107892831282,0.0,0.0,1.5423606082548877,0.7523533671252716,0.7900072411296162,0.0,0.9753801593048516
966,2069.604503870514,5.022913441238565,3.1210415200562984,2.7825475017593244,1.430682617874736,0.5672061928219564,912.7769176636172,0.0,0.0,1.748768472906404,0.8311048557353976,0.9176636171710063,0.0,0.9007741027445461
967,2036.453976205385,7.088077645585472,2.772698810269255,2.56668753913588,1.949906073888541,0.4796493425172198,926.0269254852849,0.0,0.0,1.876017532874139,0.9467752035065748,0.9292423293675642,0.0,0.9179711959924859
968,2062.2776988636365,1.5162784090909092,2.645596590909091,2.588778409090909,1.6796875,0.4559659090909091,911.7705965909091,0.0,0.0,1.4928977272727273,0.7265625,0.7663352272727273,0.0,0.9794034090909091
969,2054.306738962045,5.316545313710302,3.650658404337723,2.606506584043377,1.4391944229279627,0.6320681642137878,921.4306738962044,0.0,0.0,1.849728892331526,0.8830364058869093,0.9666924864446166,0.0,0.8962044926413633
970,2052.7215108834826,4.696536491677336,2.4827144686299616,2.672215108834827,2.1453265044814342,0.4475032010243278,918.1645326504481,0.0,0.0,1.3674775928297056,0.7240717029449424,0.6434058898847631,0.0,0.9532650448143406
971,2085.164373088685,1.7864755351681958,2.9610091743119265,2.361620795107034,1.591743119266055,0.47477064220183485,937.717125382263,0.0,0.0,2.3983180428134556,1.1085626911314985,1.289755351681957,0.0,0.9755351681957186
972,2050.4836653386456,3.4657051792828684,3.465338645418327,2.501195219123506,1.4693227091633465,0.6342629482071713,903.4741035856574,0.0,0.0,1.9880478087649402,0.949003984063745,1.0390438247011953,0.0,0.8988047808764941
973,2047.4891375905202,6.289782751810402,2.73798551678736,2.8275181040158,1.8090849242922975,0.5055957867017775,948.8709677419355,0.0,0.0,1.8466096115865702,0.8874259381171824,0.9591836734693877,0.0,0.9262672811059908
974,2074.0048270313755,2.656074014481094,3.1021721641190667,2.580852775543041,1.4883346741753822,0.5229283990345938,925.9163314561545,0.0,0.0,1.9710378117457763,0.9452936444086887,1.0257441673370877,0.0,0.9734513274336283
975,2062.3976833976835,3.0062393822393823,3.376061776061776,2.7667953667953666,1.4509652509652509,0.623938223938224,953.5127413127414,0.0,0.0,1.715057915057915,0.8355212355212355,0.8795366795366796,0.0,0.9158301158301159
976,2050.304187192118,5.801385467980296,2.4673645320197046,2.8220443349753697,1.9304187192118227,0.4895320197044335,924.554802955665,0.0,0.0,1.457512315270936,0.7512315270935961,0.7062807881773399,0.0,0.9267241379310345
977,2079.9717341482046,1.9050190985485103,3.257448433919022,2.357524828113063,1.7257448433919023,0.5095492742551566,949.8670741023682,0.0,0.0,2.024446142093201,0.9877769289533995,1.0366692131398014,0.0,0.9717341482047365
978,2050.295918367347,5.6227842565597665,3.1508746355685133,2.6618075801749272,1.5699708454810495,0.5801749271137027,935.8892128279883,0.0,0.0,1.4169096209912537,0.6428571428571429,0.7740524781341108,0.0,0.9016034985422741
979,2044.648976982097,6.083670076726343,2.6445012787723785,2.600383631713555,1.9725063938618925,0.5025575447570333,916.5952685421995,0.0,0.0,1.3075447570332481,0.6464194373401535,0.6611253196930946,0.0,0.9245524296675192
980,2077.290680473373,1.2636316568047337,2.8002958579881656,2.467455621301775,1.75,0.4755917159763314,950.457100591716,0.0,0.0,1.8772189349112427,0.878698224852071,0.9985207100591716,0.0,0.9800295857988166
981,2071.302752293578,2.4456192660550458,3.565749235474006,2.75,1.2706422018348624,0.6016819571865444,977.5558103975535,0.0,0.0,2.467889908256881,1.1636085626911314,1.3042813455657492,0.0,0.9243119266055045
982,2039.363213811421,5.606905710491368,2.5650730411686586,2.640106241699867,1.8851261620185924,0.49800796812749004,932.2782204515272,0.0,0.0,1.3572377158034528,0.6819389110225763,0.6752988047808764,0.0,0.9269588313413014
983,2088.983159582999,1.211130713712911,3.0521251002405774,2.7169206094627105,1.541299117882919,0.5036086607858862,976.692060946271,0.0,0.0,2.364073777064956,1.1299117882919005,1.2341619887730553,0.0,0.9855653568564555
984,2056.5805668016196,5.343927125506073,3.4323886639676116,2.7546558704453443,1.3813765182186235,0.6680161943319838,935.3465587044534,0.0,0.0,1.9676113360323886,0.9109311740890689,1.05668016194332,0.0,0.9076923076923077
985,2048.7707090788604,4.825109343936382,2.609012591119947,2.8429423459244534,1.9284294234592445,0.5029821073558648,953.1616964877402,0.0,0.0,1.422133863485752,0.6958250497017893,0.7263088137839628,0.0,0.9350563286944996
986,2086.510514865845,2.0309209572153732,2.8745467730239302,2.7345902828136333,1.5286439448875997,0.4815083393763597,935.7063089195069,0.0,0.0,1.7556200145032632,0.8281363306744017,0.9274836838288615,0.0,0.9796954314720813
987,2054.4836309523807,5.3654464285714285,3.549107142857143,2.5394345238095237,1.5186011904761905,0.6071428571428571,939.9635416666666,0.0,0.0,2.1726190476190474,1.0037202380952381,1.1688988095238095,0.0,0.8802083333333334
988,2038.7112944162436,5.378369289340101,2.4980964467005076,2.8045685279187818,2.1008883248730963,0.49555837563451777,952.5222081218274,0.0,0.0,1.208756345177665,0.616751269035533,0.5920050761421319,0.0,0.9314720812182741
989,2069.9686028257456,1.8519623233908948,3.025117739403454,2.357142857142857,1.6452119309262165,0.5023547880690737,925.2574568288854,0.0,0.0,1.3508634222919937,0.6514913657770801,0.6993720565149136,0.0,0.9795918367346939
990,2065.2558479532163,3.6374561403508774,3.3333333333333335,2.6871345029239766,1.5226608187134503,0.5877192982456141,937.9773391812865,0.0,0.0,1.530701754385965,0.7076023391812866,0.8230994152046783,0.0,0.9261695906432749
991,2057.2291941875824,4.93383751651255,2.5191545574636725,2.6340819022457067,1.9379128137384412,0.5171730515191546,934.163143989432,0.0,0.0,1.9326287978863936,0.976882430647292,0.9557463672391017,0.0,0.9372523117569352
992,2062.370612244898,2.509134693877551,3.306122448979592,2.4612244897959186,1.4759183673469387,0.5461224489795918,925.684081632653,0.0,0.0,1.373061224489796,0.6840816326530612,0.6889795918367347,0.0,0.9755102040816327
993,2075.6628527841344,3.158283752860412,3.4836003051106026,2.7505720823798625,1.3935926773455378,0.6109839816933639,966.1754385964912,0.0,0.0,2.0564454614797865,0.9916094584286804,1.064836003051106,0.0,0.9260106788710908
994,2055.191637630662,4.1894634146341465,2.6808362369337977,2.9777003484320557,1.7979094076655053,0.5142857142857142,936.8724738675958,0.0,0.0,1.362369337979094,0.6745644599303136,0.6878048780487804,0.0,0.9574912891986063
995,2083.182972367438,0.817445855115758,2.734876773711725,2.6392830470500375,1.6460044809559373,0.4899178491411501,937.2651232262883,0.0,0.0,1.630321135175504,0.7662434652725915,0.8640776699029126,0.0,0.9828230022404779
996,2073.1021152443473,6.343041575492341,3.2822757111597376,2.8672501823486507,1.400437636761488,0.6061269146608315,953.9730123997083,0.0,0.0,2.5470459518599564,1.2479941648431803,1.2990517870167761,0.0,0.900072939460248
997,2043.2529032258064,7.610716129032259,2.7870967741935484,2.701935483870968,1.9606451612903226,0.49096774193548387,943.4825806451613,0.0,0.0,2.2948387096774194,1.1464516129032258,1.1483870967741936,0.0,0.9206451612903226
998,2058.324081020255,2.6245686421605403,2.7351837959489873,2.624906226556639,1.697674418604651,0.4913728432108027,937.344336084021,0.0,0.0,1.2220555138784697,0.5588897224306076,0.6631657914478619,0.0,0.9714928732183046
999,2051.348416289593,5.057413273001508,3.4494720965309202,2.5708898944193064,1.389894419306184,0.6131221719457014,931.2202111613876,0.0,0.0,1.363499245852187,0.6787330316742082,0.6847662141779789,0.0,0.8974358974358975
1000,2070.984045947671,4.020319081046586,2.478621569878749,2.684747925973197,2.1659221442246333,0.5003190810465858,920.1659221442246,0.0,0.0,1.169751116783663,0.608806636885769,0.5609444798978941,0.0,0.9495851946394385
