generation,lifetime,energy_at_death,food_low,food_medium,food_prestige,food_default,cells_visited,predator_touches,drained_ticks,cave_entries,cave_entries_day,cave_entries_night,frac_death_drained,frac_death_starved
1,1627.7923076923078,-1.9563076923076923,4.407692307692308,0.36923076923076925,0.015384615384615385,1.676923076923077,454.3076923076923,7.138461538461539,11.961538461538462,0.16923076923076924,0.05384615384615385,0.11538461538461539,0.6461538461538462,0.35384615384615387
2,1347.9108280254777,-1.8227388535031848,4.656050955414012,1.0382165605095541,0.1910828025477707,0.8471337579617835,466.19745222929936,9.477707006369426,17.229299363057326,0.22929936305732485,0.10828025477707007,0.12101910828025478,0.5923566878980892,0.40764331210191085
3,1143.9935897435898,-2.112307692307692,3.9743589743589745,0.6923076923076923,0.27564102564102566,0.9487179487179487,411.5576923076923,12.26923076923077,22.121794871794872,0.2564102564102564,0.07692307692307693,0.1794871794871795,0.7243589743589743,0.27564102564102566
4,1291.219512195122,-1.8701626016260162,1.7967479674796747,0.7398373983739838,0.3089430894308943,0.3821138211382114,446.1463414634146,10.016260162601625,19.869918699186993,0.3170731707317073,0.16260162601626016,0.15447154471544716,0.7073170731707317,0.2926829268292683
5,1334.4125,-1.8269166666666665,4.316666666666666,1.3541666666666667,0.7416666666666667,0.6416666666666667,437.67083333333335,8.1375,17.858333333333334,0.25416666666666665,0.08333333333333333,0.17083333333333334,0.5833333333333334,0.4166666666666667
6,1144.982062780269,-2.0208968609865474,3.094170403587444,1.2376681614349776,0.672645739910314,1.0493273542600896,420.52466367713004,10.551569506726457,22.076233183856502,0.08520179372197309,0.053811659192825115,0.03139013452914798,0.672645739910314,0.3273542600896861
7,1221.488,-1.65128,1.52,0.792,0.48,0.472,443.656,9.192,21.376,0.04,0.024,0.016,0.64,0.36
8,1300.6346153846155,-1.7521923076923076,3.9153846153846152,1.1730769230769231,0.8307692307692308,0.55,412.20384615384614,8.203846153846154,18.55,0.06923076923076923,0.026923076923076925,0.04230769230769231,0.6346153846153846,0.36538461538461536
9,1028.4632034632034,-1.7560606060606059,4.004329004329004,1.8658008658008658,0.2943722943722944,0.8008658008658008,381.7142857142857,8.424242424242424,22.844155844155843,0.09090909090909091,0.04329004329004329,0.047619047619047616,0.6666666666666666,0.3333333333333333
10,1139.8389830508474,-1.7841525423728815,1.271186440677966,0.4322033898305085,0.2288135593220339,0.3983050847457627,404.5169491525424,9.042372881355933,23.35593220338983,0.1864406779661017,0.05084745762711865,0.13559322033898305,0.6440677966101694,0.3559322033898305
11,1176.091743119266,-1.750045871559633,3.55045871559633,2.055045871559633,0.28440366972477066,0.6834862385321101,414.348623853211,8.743119266055047,20.58256880733945,0.21559633027522937,0.12844036697247707,0.0871559633027523,0.6009174311926605,0.39908256880733944
12,1129.5700483091787,-1.7444444444444445,3.7198067632850242,0.9951690821256038,0.6231884057971014,0.9178743961352657,373.14009661835746,9.294685990338165,22.115942028985508,0.4106280193236715,0.12077294685990338,0.2898550724637681,0.6086956521739131,0.391304347826087
13,1354.3283582089553,-1.4572388059701493,1.7313432835820894,0.8208955223880597,0.31343283582089554,0.5447761194029851,391.5820895522388,8.246268656716419,18.03731343283582,0.1865671641791045,0.1044776119402985,0.08208955223880597,0.5671641791044776,0.43283582089552236
14,1306.9423076923076,-1.7058653846153846,3.875,1.2980769230769231,0.8846153846153846,0.7275641025641025,430.8333333333333,7.705128205128205,17.791666666666668,0.12179487179487179,0.04807692307692308,0.07371794871794872,0.6057692307692307,0.3942307692307692
15,1304.5337837837837,-1.6819594594594596,3.2162162162162162,1.9763513513513513,0.6756756756756757,1.0608108108108107,502.3378378378378,7.641891891891892,18.010135135135137,0.2668918918918919,0.20270270270270271,0.06418918918918919,0.5574324324324325,0.44256756756756754
16,1177.2622950819673,-1.9372131147540983,1.2131147540983607,1.098360655737705,0.32786885245901637,0.5409836065573771,447.92622950819674,8.19672131147541,21.360655737704917,0.10655737704918032,0.040983606557377046,0.06557377049180328,0.7295081967213115,0.27049180327868855
17,1189.4104234527688,-1.8893485342019543,3.58957654723127,1.511400651465798,0.8859934853420195,0.6416938110749185,463.0097719869707,8.543973941368078,20.042345276872965,0.048859934853420196,0.02280130293159609,0.026058631921824105,0.6677524429967426,0.3322475570032573
18,1027.0821917808219,-2.116575342465753,3.5547945205479454,1.667808219178082,0.7397260273972602,1.0136986301369864,495.3253424657534,9.613013698630137,24.595890410958905,0.2089041095890411,0.1541095890410959,0.0547945205479452,0.7671232876712328,0.2328767123287671
19,921.8100358422939,-2.3512186379928317,2.369175627240143,1.82078853046595,0.7849462365591398,0.899641577060932,547.1720430107526,9.412186379928315,26.27956989247312,0.06810035842293907,0.017921146953405017,0.05017921146953405,0.8781362007168458,0.12186379928315412
20,769.6764705882352,-2.301078431372549,3.0294117647058822,1.3725490196078431,0.44607843137254904,0.7745098039215687,457.5098039215686,10.803921568627452,29.53921568627451,0.058823529411764705,0.029411764705882353,0.029411764705882353,0.9264705882352942,0.07352941176470588
21,1020.8284671532847,-2.196204379562044,3.1715328467153285,2.091240875912409,0.4744525547445255,1.0,468.09124087591243,9.288321167883211,24.317518248175183,0.26277372262773724,0.14963503649635038,0.11313868613138686,0.7627737226277372,0.23722627737226276
22,1120.8597560975609,-2.038109756097561,1.7439024390243902,1.646341463414634,0.6097560975609756,1.0670731707317074,483.7743902439024,8.99390243902439,21.975609756097562,0.5060975609756098,0.3597560975609756,0.14634146341463414,0.7682926829268293,0.23170731707317074
23,1396.9134615384614,-1.768966346153846,3.4759615384615383,1.6947115384615385,0.9375,0.9879807692307693,697.9230769230769,6.427884615384615,15.15625,0.43509615384615385,0.28365384615384615,0.15144230769230768,0.6153846153846154,0.38461538461538464
24,1413.4797687861271,-1.87514450867052,3.439306358381503,1.716763005780347,0.930635838150289,1.2138728323699421,720.8381502890173,6.771676300578035,15.254335260115607,0.21965317919075145,0.12716763005780346,0.09248554913294797,0.6416184971098265,0.3583815028901734
25,1571.0923076923077,-1.5695076923076923,1.7876923076923077,1.6184615384615384,1.4153846153846155,1.0492307692307692,810.4984615384616,5.76,12.150769230769232,0.5446153846153846,0.28615384615384615,0.25846153846153846,0.56,0.44
26,1316.5068965517241,-1.6051034482758622,2.8586206896551722,1.5827586206896551,0.6620689655172414,1.0413793103448277,597.9103448275862,7.9,17.744827586206895,0.16896551724137931,0.09655172413793103,0.07241379310344828,0.5241379310344828,0.47586206896551725
27,1255.379821958457,-1.710593471810089,3.427299703264095,1.7922848664688427,0.6943620178041543,0.8991097922848664,543.3946587537092,7.673590504451038,18.89614243323442,0.08605341246290801,0.04451038575667656,0.04154302670623145,0.6320474777448071,0.36795252225519287
28,1221.8818565400843,-1.9798734177215191,1.6793248945147679,1.4852320675105486,0.7805907172995781,1.1687763713080168,625.0928270042194,7.932489451476793,20.008438818565402,0.4050632911392405,0.21940928270042195,0.18565400843881857,0.7046413502109705,0.29535864978902954
29,1258.9107611548557,-1.9913648293963255,4.0236220472440944,1.9606299212598426,0.7585301837270341,0.994750656167979,611.485564304462,7.480314960629921,19.178477690288712,0.1968503937007874,0.07874015748031496,0.11811023622047244,0.7217847769028871,0.2782152230971129
30,1402.9657701711492,-1.9587041564792176,2.647921760391198,2.374083129584352,0.7872860635696821,1.0733496332518337,723.1784841075795,6.89242053789731,15.515892420537897,0.9242053789731052,0.530562347188264,0.39364303178484106,0.6479217603911981,0.34963325183374083
31,1443.7982954545455,-1.8090340909090907,1.9517045454545454,2.309659090909091,0.9261363636363636,1.0568181818181819,759.8778409090909,6.09375,14.536931818181818,0.3693181818181818,0.2585227272727273,0.11079545454545454,0.6534090909090909,0.3465909090909091
32,1333.6401985111663,-1.8142928039702233,3.424317617866005,1.86848635235732,0.9627791563275434,0.9528535980148883,679.5781637717122,7.0173697270471465,17.029776674937967,1.1389578163771712,0.6501240694789082,0.48883374689826303,0.674937965260546,0.3250620347394541
33,1331.7101123595505,-1.93961797752809,3.4786516853932583,1.948314606741573,0.9977528089887641,0.8696629213483146,729.7393258426966,6.955056179775281,17.2561797752809,0.47191011235955055,0.2449438202247191,0.22696629213483147,0.7258426966292135,0.27415730337078653
34,1452.471590909091,-1.516590909090909,2.1732954545454546,1.53125,1.2642045454545454,1.0397727272727273,740.2045454545455,6.110795454545454,14.588068181818182,0.17329545454545456,0.10511363636363637,0.06818181818181818,0.6306818181818182,0.3664772727272727
35,1342.1838440111421,-1.7472980501392756,3.3593314763231197,1.4846796657381616,0.9220055710306406,0.7576601671309192,680.4596100278552,6.8245125348189415,16.545961002785514,0.22562674094707522,0.10306406685236769,0.12256267409470752,0.6545961002785515,0.34540389972144847
36,1302.5222929936306,-1.9670382165605096,2.4012738853503186,2.0,0.8439490445859873,1.0668789808917198,656.4140127388536,7.67515923566879,18.0828025477707,0.2197452229299363,0.12738853503184713,0.09235668789808917,0.6751592356687898,0.3248407643312102
37,1180.5437788018432,-2.1566820276497696,2.0691244239631335,1.935483870967742,0.663594470046083,1.152073732718894,608.5437788018434,8.423963133640553,21.096774193548388,0.0967741935483871,0.041474654377880185,0.055299539170506916,0.7465437788018433,0.2534562211981567
38,1391.5264623955431,-1.5867130919220056,3.8551532033426184,1.467966573816156,0.807799442896936,0.9387186629526463,668.3732590529248,6.370473537604457,15.562674094707521,0.3788300835654596,0.14763231197771587,0.23119777158774374,0.5766016713091922,0.4206128133704735
39,1398.3477366255145,-1.1295267489711935,3.6069958847736627,2.111111111111111,0.8065843621399177,0.9362139917695473,746.6748971193416,6.489711934156379,15.518518518518519,0.2345679012345679,0.13991769547325103,0.09465020576131687,0.654320987654321,0.3395061728395062
40,1452.5231607629428,-1.8669754768392373,1.5040871934604905,1.8201634877384196,1.4332425068119892,1.0408719346049047,804.8555858310626,6.079019073569483,14.7574931880109,2.2670299727520438,1.2588555858310626,1.008174386920981,0.667574931880109,0.33242506811989103
41,1395.7613293051359,-1.5735045317220544,3.1299093655589125,2.0422960725075527,0.6012084592145015,0.9577039274924471,654.2175226586103,6.413897280966768,15.716012084592146,1.042296072507553,0.3716012084592145,0.6706948640483383,0.622356495468278,0.3716012084592145
42,1256.5757575757575,-1.9726262626262625,3.5202020202020203,2.186868686868687,0.8308080808080808,0.9696969696969697,617.9090909090909,7.896464646464646,19.19191919191919,0.7803030303030303,0.4621212121212121,0.3181818181818182,0.7146464646464646,0.28535353535353536
43,1425.540415704388,-1.8963279445727483,1.951501154734411,2.189376443418014,1.3810623556581987,1.0138568129330254,794.7066974595843,6.6859122401847575,15.441108545034641,0.7575057736720554,0.3117782909930716,0.4457274826789838,0.7090069284064665,0.2909930715935335
44,1273.8006535947713,-1.7180718954248366,3.3758169934640523,1.2810457516339868,0.8856209150326797,0.5784313725490197,626.5065359477125,7.107843137254902,18.38562091503268,0.4542483660130719,0.15359477124183007,0.3006535947712418,0.630718954248366,0.369281045751634
45,1412.4470588235295,-1.806470588235294,3.2023529411764704,1.7129411764705882,1.0070588235294118,1.1176470588235294,645.6117647058824,6.4,16.09176470588235,0.5952941176470589,0.28,0.31529411764705884,0.6329411764705882,0.36705882352941177
46,1292.2035087719298,-2.0410526315789475,1.6912280701754385,2.0140350877192983,1.0491228070175438,1.1578947368421053,686.0035087719298,7.5964912280701755,18.680701754385964,0.5684210526315789,0.28771929824561404,0.2807017543859649,0.7263157894736842,0.2736842105263158
47,1261.5880681818182,-1.7538920454545455,3.09375,1.8551136363636365,0.8892045454545454,0.6051136363636364,574.5340909090909,7.676136363636363,19.414772727272727,0.0625,0.03125,0.03125,0.6647727272727273,0.3352272727272727
48,1356.212837837838,-1.8339189189189191,3.574324324324324,1.6824324324324325,0.6621621621621622,1.0675675675675675,586.2331081081081,6.736486486486487,16.875,0.5202702702702703,0.20270270270270271,0.31756756756756754,0.6317567567567568,0.36824324324324326
49,1437.6447761194029,-1.7441194029850746,2.453731343283582,2.1223880597014926,0.8477611940298507,1.1104477611940298,688.3402985074626,6.214925373134329,14.8,0.041791044776119404,0.020895522388059702,0.020895522388059702,0.6298507462686567,0.3701492537313433
50,1365.1349693251534,-1.7484662576687116,2.7822085889570554,1.9478527607361964,0.8957055214723927,1.0736196319018405,725.4662576687117,6.843558282208589,16.171779141104295,0.6380368098159509,0.29141104294478526,0.34662576687116564,0.6411042944785276,0.3588957055214724
51,1210.4125326370756,-1.9169973890339427,3.122715404699739,2.553524804177546,0.597911227154047,0.9895561357702349,608.7415143603133,7.9138381201044385,20.10443864229765,0.09660574412532637,0.06527415143603134,0.031331592689295036,0.7389033942558747,0.26109660574412535
52,1258.6232558139534,-1.8913488372093024,1.7255813953488373,1.8790697674418604,0.7209302325581395,1.330232558139535,516.1255813953488,8.12093023255814,19.3953488372093,0.4558139534883721,0.2186046511627907,0.2372093023255814,0.6837209302325581,0.31627906976744186
53,1241.5886889460155,-1.9137789203084834,3.7557840616966582,1.8380462724935733,0.897172236503856,0.781491002570694,615.0539845758354,7.5424164524421595,19.529562982005142,0.23393316195372751,0.13624678663239073,0.09768637532133675,0.6966580976863753,0.3033419023136247
54,1308.0541237113403,-1.970721649484536,3.4510309278350517,1.9690721649484537,0.7680412371134021,0.9948453608247423,590.3762886597938,7.435567010309279,18.036082474226806,0.11082474226804123,0.06443298969072164,0.04639175257731959,0.6623711340206185,0.33762886597938147
55,1330.0349854227404,-1.8859183673469389,1.9387755102040816,1.4314868804664722,1.3236151603498543,1.0583090379008746,711.932944606414,7.504373177842566,17.941690962099127,0.4956268221574344,0.2886297376093295,0.20699708454810495,0.717201166180758,0.282798833819242
56,1283.450354609929,-1.8639716312056738,2.801418439716312,1.7411347517730495,0.6737588652482269,0.8368794326241135,616.7269503546099,6.468085106382978,17.585106382978722,0.3262411347517731,0.1276595744680851,0.19858156028368795,0.6418439716312057,0.35815602836879434
57,1405.0707070707072,-1.7485606060606063,3.202020202020202,2.2373737373737375,0.7651515151515151,0.9015151515151515,589.3787878787879,5.916666666666667,14.969696969696969,0.09848484848484848,0.047979797979797977,0.050505050505050504,0.5883838383838383,0.4116161616161616
58,1499.3288590604027,-0.8423489932885906,2.0906040268456376,1.6711409395973154,1.0536912751677852,1.167785234899329,688.7046979865772,5.620805369127517,12.993288590604028,0.62751677852349,0.3288590604026846,0.2986577181208054,0.5268456375838926,0.4664429530201342
59,1406.019801980198,-1.8826732673267328,3.551980198019802,1.8217821782178218,0.8267326732673267,0.9653465346534653,701.539603960396,6.648514851485149,15.67079207920792,0.3787128712871287,0.15841584158415842,0.2202970297029703,0.6237623762376238,0.37623762376237624
60,1468.5722891566265,-1.8888253012048193,2.4487951807228914,1.930722891566265,0.7891566265060241,1.0271084337349397,758.5060240963855,6.298192771084337,14.25,0.48493975903614456,0.2560240963855422,0.2289156626506024,0.6506024096385542,0.3493975903614458
61,1475.0227272727273,-1.7630808080808082,1.4292929292929293,1.952020202020202,1.4166666666666667,0.9646464646464646,794.3888888888889,6.2272727272727275,14.492424242424242,0.43434343434343436,0.28535353535353536,0.14898989898989898,0.6161616161616161,0.3838383838383838
62,1363.5014326647565,-1.6603438395415473,3.312320916905444,1.5501432664756447,0.9054441260744985,0.7277936962750716,594.2550143266476,6.893982808022923,16.76504297994269,0.498567335243553,0.22922636103151864,0.2693409742120344,0.6017191977077364,0.3982808022922636
63,1495.479809976247,-1.4396674584323041,3.0522565320665085,1.6009501187648456,1.159144893111639,1.0451306413301662,718.4631828978622,5.783847980997625,13.410926365795724,1.2731591448931117,0.6199524940617577,0.6532066508313539,0.6460807600950119,0.3491686460807601
64,1484.08,-1.8164533333333333,1.9626666666666666,1.7493333333333334,1.2346666666666666,1.0213333333333334,790.664,6.165333333333334,14.104,0.23733333333333334,0.13066666666666665,0.10666666666666667,0.632,0.368
65,1263.4900849858357,-1.7760339943342778,3.314447592067989,1.6657223796033995,1.0736543909348442,0.8668555240793201,593.5750708215297,7.8923512747875355,18.694050991501417,0.31728045325779036,0.17847025495750707,0.1388101983002833,0.6827195467422096,0.31728045325779036
66,1311.1057471264369,-0.5853333333333334,2.8,2.3885057471264366,0.8758620689655172,1.006896551724138,617.9287356321839,7.24367816091954,17.50574712643678,0.4045977011494253,0.15402298850574714,0.25057471264367814,0.671264367816092,0.3195402298850575
67,1482.4289772727273,-1.9156534090909092,1.7357954545454546,2.4857954545454546,1.0823863636363635,1.1903409090909092,713.1534090909091,5.994318181818182,14.289772727272727,0.4375,0.1875,0.25,0.6534090909090909,0.3465909090909091
68,1396.2676470588235,-1.0985588235294117,3.4911764705882353,1.5735294117647058,0.8852941176470588,0.8794117647058823,643.7617647058823,6.83235294117647,15.961764705882352,1.0147058823529411,0.6176470588235294,0.39705882352941174,0.6852941176470588,0.3088235294117647
69,1402.6450617283951,-0.4719135802469136,3.9228395061728394,2.175925925925926,0.42901234567901236,1.4197530864197532,584.1975308641976,5.935185185185185,14.561728395061728,0.09567901234567901,0.024691358024691357,0.07098765432098765,0.5648148148148148,0.41975308641975306
70,1411.3307692307692,-1.877,1.0192307692307692,1.9846153846153847,1.0692307692307692,1.3384615384615384,645.8538461538461,6.5807692307692305,15.823076923076924,1.05,0.5423076923076923,0.5076923076923077,0.6423076923076924,0.3576923076923077
71,1354.9597523219813,-1.9136532507739938,3.0123839009287927,2.1857585139318885,0.7430340557275542,1.0495356037151702,660.9164086687307,7.7708978328173375,17.012383900928793,0.34055727554179566,0.16408668730650156,0.17647058823529413,0.6439628482972136,0.3560371517027864
72,1369.4702702702702,-1.7613513513513515,3.018918918918919,1.8972972972972972,0.8432432432432433,1.027027027027027,534.6864864864865,6.356756756756757,16.518918918918917,0.6351351351351351,0.31891891891891894,0.3162162162162162,0.6,0.4
73,1437.4307692307693,-1.7847076923076923,1.9538461538461538,1.7661538461538462,1.0707692307692307,1.0676923076923077,682.6215384615384,6.458461538461538,15.427692307692308,0.7476923076923077,0.37846153846153846,0.36923076923076925,0.6307692307692307,0.36923076923076925
74,1285.3657894736841,-2.061921052631579,3.294736842105263,1.513157894736842,1.0921052631578947,0.9131578947368421,600.3236842105263,7.389473684210526,18.610526315789475,0.17105263157894737,0.08157894736842106,0.08947368421052632,0.7157894736842105,0.28421052631578947
75,1363.172757475083,-1.9559136212624586,2.7142857142857144,2.089700996677741,0.7774086378737541,1.2524916943521596,585.5880398671096,6.8737541528239205,16.07641196013289,1.1229235880398671,0.584717607973422,0.5382059800664452,0.6611295681063123,0.3388704318936877
76,1272.4401805869074,-2.047607223476298,1.435665914221219,1.9729119638826185,1.2889390519187358,0.8826185101580135,659.1376975169301,7.693002257336343,19.27765237020316,0.5869074492099323,0.27539503386004516,0.3115124153498871,0.7787810383747178,0.22121896162528218
77,1339.7304526748972,-1.829238683127572,3.574074074074074,2.096707818930041,0.98559670781893,0.9238683127572016,661.5082304526749,7.489711934156379,17.386831275720166,0.3168724279835391,0.15843621399176955,0.15843621399176955,0.6440329218106996,0.3559670781893004
78,1458.9664804469273,-1.548854748603352,2.6340782122905027,1.8687150837988826,0.9413407821229051,1.1201117318435754,580.6061452513967,6.379888268156424,14.64804469273743,1.3044692737430168,0.6927374301675978,0.611731843575419,0.5167597765363129,0.48044692737430167
79,1594.9583333333333,-1.5979722222222221,1.8555555555555556,1.7166666666666666,1.4222222222222223,1.0361111111111112,772.8222222222222,4.911111111111111,11.636111111111111,0.15555555555555556,0.05,0.10555555555555556,0.5388888888888889,0.46111111111111114
80,1323.0807453416148,-1.8131987577639752,3.027950310559006,1.8819875776397517,0.7111801242236024,1.1335403726708075,670.444099378882,6.888198757763975,17.024844720496894,0.7546583850931677,0.42857142857142855,0.32608695652173914,0.6335403726708074,0.36645962732919257
81,1351.8979118329466,-1.7207192575406032,2.6241299303944317,2.5359628770301623,0.8074245939675174,0.8979118329466357,646.0742459396752,6.74245939675174,16.986078886310906,0.37819025522041766,0.2505800464037123,0.12761020881670534,0.6589327146171694,0.34106728538283065
82,1409.3564668769716,-1.7958044164037854,1.6529968454258674,1.8233438485804416,1.2050473186119874,1.1766561514195584,679.8201892744479,6.8769716088328074,16.498422712933753,0.7917981072555205,0.4037854889589905,0.38801261829652994,0.6845425867507886,0.31230283911671924
83,1412.0506329113923,-1.6925000000000001,3.3259493670886076,1.1962025316455696,0.9493670886075949,0.8449367088607594,615.6803797468355,6.208860759493671,15.29746835443038,0.25949367088607594,0.13291139240506328,0.12658227848101267,0.5917721518987342,0.40822784810126583
84,1377.367088607595,-1.9187088607594935,3.311392405063291,1.6582278481012658,0.9037974683544304,1.040506329113924,641.8101265822785,6.8,16.764556962025317,0.3670886075949367,0.22278481012658227,0.14430379746835442,0.6658227848101266,0.3341772151898734
85,1422.5244956772335,-1.7795100864553315,1.9106628242074928,1.4236311239193085,1.3948126801152738,1.1556195965417868,663.9308357348704,7.034582132564841,15.896253602305476,0.8472622478386167,0.4812680115273775,0.3659942363112392,0.6282420749279539,0.37175792507204614
86,1470.193820224719,-1.7378932584269664,3.2387640449438204,1.6825842696629214,0.8089887640449438,1.0702247191011236,646.0983146067416,5.570224719101123,13.865168539325843,0.9297752808988764,0.42134831460674155,0.5084269662921348,0.5814606741573034,0.41853932584269665
87,1425.2744565217392,-1.385625,2.907608695652174,2.073369565217391,0.9429347826086957,1.111413043478261,671.0135869565217,6.529891304347826,15.17663043478261,0.14945652173913043,0.07336956521739131,0.07608695652173914,0.5733695652173914,0.42391304347826086
88,1512.235294117647,-1.6783660130718956,1.8006535947712419,1.4705882352941178,1.2091503267973855,1.2810457516339868,673.7614379084968,5.764705882352941,14.094771241830065,0.9738562091503268,0.5130718954248366,0.46078431372549017,0.5522875816993464,0.4477124183006536
89,1295.878962536023,-1.5903458213256485,3.414985590778098,1.7262247838616716,0.6685878962536023,1.0518731988472623,560.1008645533141,7.337175792507205,18.296829971181555,0.07492795389048991,0.04899135446685879,0.025936599423631124,0.6455331412103746,0.3515850144092219
90,1312.6235632183907,-1.9645402298850574,2.3419540229885056,2.6867816091954024,0.7959770114942529,1.103448275862069,680.3735632183908,7.080459770114943,18.0316091954023,0.764367816091954,0.40804597701149425,0.3563218390804598,0.6954022988505747,0.3045977011494253
91,1463.0169491525423,-1.723462469733656,1.8498789346246973,1.9079903147699757,1.3196125907990315,1.0193704600484261,704.0677966101695,6.026634382566586,15.021791767554479,0.5375302663438256,0.3075060532687651,0.23002421307506055,0.6295399515738499,0.36803874092009686
92,1526.661341853035,-1.6837699680511182,3.5559105431309903,1.7539936102236422,0.8785942492012779,0.792332268370607,684.5846645367412,5.603833865814696,13.60702875399361,1.1469648562300319,0.5846645367412141,0.5623003194888179,0.5878594249201278,0.41214057507987223
93,1317.4306358381502,-1.85257225433526,3.3554913294797686,1.4479768786127167,1.115606936416185,1.0144508670520231,643.8410404624277,7.578034682080925,18.13583815028902,0.5144508670520231,0.25722543352601157,0.25722543352601157,0.6676300578034682,0.33236994219653176
94,1547.6993670886077,-1.7215189873417722,1.9208860759493671,1.4620253164556962,1.2246835443037976,1.1075949367088607,703.2246835443038,5.5094936708860756,12.354430379746836,0.4462025316455696,0.24367088607594936,0.20253164556962025,0.5664556962025317,0.43354430379746833
95,1241.4806201550387,-1.8180232558139535,3.4806201550387597,1.5426356589147288,0.6782945736434108,0.7558139534883721,511.9263565891473,7.875968992248062,19.151162790697676,0.1821705426356589,0.10077519379844961,0.08139534883720931,0.6550387596899225,0.3449612403100775
96,1394.981220657277,-0.8960328638497653,2.687793427230047,2.23943661971831,0.931924882629108,1.124413145539906,666.8333333333334,6.302816901408451,15.92018779342723,0.7276995305164319,0.3544600938967136,0.3732394366197183,0.5657276995305164,0.42488262910798125
97,1494.937062937063,-1.8286946386946388,1.9743589743589745,2.5407925407925407,1.0303030303030303,0.9300699300699301,731.4708624708625,5.431235431235431,13.42890442890443,0.5617715617715617,0.372960372960373,0.1888111888111888,0.6037296037296037,0.3962703962703963
98,1326.3181818181818,-1.5006493506493508,3.33982683982684,1.647186147186147,0.9653679653679653,0.9090909090909091,638.6774891774892,7.086580086580087,17.66017316017316,0.7748917748917749,0.3961038961038961,0.3787878787878788,0.6731601731601732,0.3181818181818182
99,1248.8,-1.9442592592592594,3.696296296296296,2.0148148148148146,0.3814814814814815,1.1296296296296295,507.97407407407405,7.214814814814815,18.68148148148148,0.007407407407407408,0.007407407407407408,0.0,0.6037037037037037,0.3962962962962963
100,1260.4352941176471,-1.9,1.592156862745098,2.3607843137254902,0.9137254901960784,1.3725490196078431,598.756862745098,7.9450980392156865,20.00392156862745,0.23529411764705882,0.16470588235294117,0.07058823529411765,0.7215686274509804,0.2784313725490196
101,1358.4701298701298,-1.8195844155844154,2.8935064935064934,2.2103896103896106,0.6987012987012987,1.1584415584415584,571.2285714285714,6.950649350649351,16.42077922077922,0.23116883116883116,0.16883116883116883,0.06233766233766234,0.5766233766233766,0.42337662337662335
102,1494.764705882353,-1.6163348416289591,2.7782805429864252,2.2058823529411766,0.9705882352941176,1.0361990950226245,698.4751131221719,5.8031674208144794,13.834841628959277,0.8642533936651584,0.38687782805429866,0.47737556561085975,0.5882352941176471,0.4117647058823529
103,1307.3905325443786,-1.9302662721893493,2.076923076923077,2.0532544378698225,1.0207100591715976,1.0562130177514792,662.5798816568048,8.136094674556213,18.393491124260354,0.7130177514792899,0.32840236686390534,0.38461538461538464,0.7159763313609467,0.28402366863905326
104,1457.1005586592178,-1.6927094972067038,3.368715083798883,1.2681564245810055,1.1089385474860336,1.1201117318435754,648.6117318435754,5.9804469273743015,14.134078212290502,0.30446927374301674,0.17318435754189945,0.13128491620111732,0.5726256983240223,0.4273743016759777
105,1385.952380952381,-1.8315873015873017,2.8492063492063493,1.7936507936507937,0.9153439153439153,1.1005291005291005,644.3280423280423,6.814814814814815,16.288359788359788,0.7328042328042328,0.36243386243386244,0.37037037037037035,0.6402116402116402,0.35978835978835977
106,1442.9226804123712,-1.695618556701031,1.3814432989690721,2.079896907216495,1.2706185567010309,1.056701030927835,718.2319587628866,6.510309278350515,15.13659793814433,0.6365979381443299,0.25773195876288657,0.3788659793814433,0.6443298969072165,0.3556701030927835
107,1512.3970037453184,-1.7159176029962546,2.295880149812734,1.0786516853932584,1.104868913857678,0.5056179775280899,669.3071161048689,5.404494382022472,12.917602996254681,0.40823970037453183,0.20224719101123595,0.20599250936329588,0.5543071161048689,0.44569288389513106
108,1464.7122905027934,-1.7819832402234639,2.9273743016759775,1.9692737430167597,0.88268156424581,1.1312849162011174,672.2178770949721,6.533519553072626,15.259776536312849,1.2737430167597765,0.5139664804469274,0.7597765363128491,0.6145251396648045,0.3854748603351955
109,1455.1936218678816,-1.8711389521640092,1.8952164009111618,2.3712984054669706,1.143507972665148,0.8132118451025057,738.2050113895216,6.022779043280182,14.325740318906606,0.09111617312072894,0.0683371298405467,0.022779043280182234,0.6674259681093394,0.3325740318906606
110,1388.3314917127072,-2.003646408839779,2.930939226519337,1.941988950276243,0.8342541436464088,1.1546961325966851,668.8011049723757,6.588397790055248,15.964088397790055,0.4723756906077348,0.2292817679558011,0.2430939226519337,0.7375690607734806,0.26243093922651933
111,1334.497767857143,-1.9061607142857144,2.59375,2.3549107142857144,0.8794642857142857,0.9017857142857143,658.7008928571429,7.444196428571429,17.602678571428573,0.4174107142857143,0.23214285714285715,0.18526785714285715,0.6808035714285714,0.31919642857142855
112,1446.190366972477,-1.6554587155963303,1.2064220183486238,2.188073394495413,1.3027522935779816,0.9678899082568807,672.0871559633027,6.3922018348623855,16.123853211009173,1.135321100917431,0.5802752293577982,0.555045871559633,0.713302752293578,0.28440366972477066
113,1389.6045340050377,-1.872367758186398,3.6649874055415617,1.9345088161209067,0.7027707808564232,1.0503778337531486,635.6952141057934,6.367758186397985,15.806045340050378,0.6750629722921915,0.3123425692695214,0.36272040302267,0.6397984886649875,0.3602015113350126
114,1440.3384615384616,-1.7503333333333333,2.6717948717948716,1.9923076923076923,0.9384615384615385,1.1205128205128205,641.6589743589743,6.105128205128205,14.571794871794872,0.4076923076923077,0.16923076923076924,0.23846153846153847,0.5871794871794872,0.4128205128205128
115,1411.0906432748538,-1.8273391812865498,1.7163742690058479,1.7280701754385965,1.3596491228070176,1.0380116959064327,655.9239766081871,6.748538011695906,15.883040935672515,0.4415204678362573,0.19298245614035087,0.24853801169590642,0.6286549707602339,0.3713450292397661
116,1270.734126984127,-1.7520238095238094,2.8293650793650795,1.75,0.5753968253968254,0.7896825396825397,589.3888888888889,7.761904761904762,18.44047619047619,0.7380952380952381,0.35714285714285715,0.38095238095238093,0.6388888888888888,0.3611111111111111
117,1400.1645244215938,-1.6696658097686374,3.125964010282776,2.329048843187661,0.8611825192802056,1.1568123393316196,620.2287917737789,6.884318766066838,15.724935732647815,0.4601542416452442,0.2493573264781491,0.21079691516709512,0.6015424164524421,0.39845758354755784
118,1528.002557544757,-1.8038107416879794,1.6521739130434783,2.3145780051150897,1.207161125319693,0.948849104859335,747.4117647058823,5.864450127877238,13.790281329923273,1.1994884910485935,0.629156010230179,0.5703324808184144,0.6470588235294118,0.35294117647058826
119,1307.4954337899544,-1.8944748858447489,3.6141552511415527,2.057077625570776,0.769406392694064,0.8493150684931506,616.4018264840182,7.6438356164383565,17.897260273972602,0.18493150684931506,0.10730593607305935,0.0776255707762557,0.680365296803653,0.319634703196347
120,1361.1262886597938,-1.9579639175257733,2.0231958762886597,2.716494845360825,0.8067010309278351,0.9819587628865979,621.2474226804123,7.092783505154639,17.50515463917526,1.0953608247422681,0.538659793814433,0.5567010309278351,0.7139175257731959,0.2860824742268041
121,1339.456375838926,-1.9263087248322146,1.4395973154362416,2.2013422818791946,1.0973154362416107,1.1610738255033557,688.4463087248322,7.248322147651007,17.493288590604028,0.5637583892617449,0.29194630872483224,0.27181208053691275,0.7416107382550335,0.25838926174496646
122,1374.4964028776978,-1.927338129496403,3.0407673860911273,2.117505995203837,0.8657074340527577,1.0311750599520384,586.9592326139089,7.52757793764988,17.33812949640288,0.8992805755395683,0.486810551558753,0.41247002398081534,0.6834532374100719,0.31654676258992803
123,1337.8257918552035,-1.5143891402714933,2.8619909502262444,2.171945701357466,0.8800904977375565,0.9366515837104072,603.947963800905,7.386877828054299,18.346153846153847,1.0972850678733033,0.5497737556561086,0.5475113122171946,0.7149321266968326,0.2828054298642534
124,1416.220207253886,-1.8328756476683938,1.8730569948186528,1.932642487046632,1.2124352331606219,1.038860103626943,682.6347150259068,6.7072538860103625,16.018134715025905,0.6139896373056994,0.35233160621761656,0.2616580310880829,0.6295336787564767,0.3704663212435233
125,1246.2351097178682,-1.901473354231975,2.9310344827586206,1.6394984326018809,0.8275862068965517,0.6050156739811913,573.7429467084639,6.84012539184953,18.5423197492163,0.16927899686520376,0.09090909090909091,0.07836990595611286,0.670846394984326,0.329153605015674
126,1265.5928961748634,-1.949863387978142,2.620218579234973,2.330601092896175,0.6939890710382514,1.0519125683060109,635.5081967213115,8.199453551912569,19.505464480874316,0.6092896174863388,0.3633879781420765,0.2459016393442623,0.7349726775956285,0.2650273224043716
127,1449.8989898989898,-2.0118939393939397,1.5176767676767677,2.282828282828283,1.2045454545454546,0.9570707070707071,747.520202020202,6.404040404040404,15.636363636363637,0.5984848484848485,0.3282828282828283,0.2702020202020202,0.7424242424242424,0.25757575757575757
128,1317.3221476510066,-1.5970469798657718,3.161073825503356,1.4060402684563758,0.8355704697986577,0.697986577181208,554.7315436241611,7.043624161073826,18.110738255033556,0.7181208053691275,0.3221476510067114,0.3959731543624161,0.5704697986577181,0.42953020134228187
129,1323.1107784431138,-1.7587724550898205,3.3263473053892216,2.31437125748503,0.5988023952095808,1.218562874251497,529.4011976047905,7.425149700598802,17.21556886227545,0.0688622754491018,0.03293413173652695,0.03592814371257485,0.6497005988023952,0.3473053892215569
130,1434.4447513812154,-2.0510773480662983,1.4447513812154695,2.4337016574585637,1.1187845303867403,1.1077348066298343,666.5580110497237,7.45303867403315,17.290055248618785,2.0138121546961325,1.1187845303867403,0.8950276243093923,0.7237569060773481,0.27624309392265195
131,1398.0262390670555,-2.013061224489796,2.696793002915452,2.2682215743440235,0.6676384839650146,1.1720116618075802,621.0,6.854227405247814,16.1399416909621,0.5014577259475219,0.2594752186588921,0.24198250728862974,0.7142857142857143,0.2857142857142857
132,1324.1941747572816,-1.9911893203883495,2.5266990291262137,2.2475728155339807,0.9902912621359223,1.0024271844660195,608.7354368932039,7.509708737864078,18.54126213592233,0.4975728155339806,0.24757281553398058,0.25,0.6820388349514563,0.3179611650485437
133,1469.1603053435115,-1.8570992366412216,1.361323155216285,2.1374045801526718,1.2468193384223918,0.9312977099236641,676.3435114503817,6.585241730279898,15.559796437659033,1.1119592875318065,0.638676844783715,0.4732824427480916,0.6564885496183206,0.3435114503816794
134,1407.0204678362572,-1.7200877192982456,3.002923976608187,1.6198830409356726,0.9210526315789473,0.9444444444444444,653.5380116959064,6.599415204678363,16.15204678362573,0.6754385964912281,0.3742690058479532,0.30116959064327486,0.6198830409356725,0.38011695906432746
135,1258.2530864197531,-1.9495061728395062,2.996913580246914,1.8703703703703705,0.7962962962962963,1.191358024691358,609.1512345679013,8.367283950617283,19.57716049382716,1.2345679012345678,0.7160493827160493,0.5185185185185185,0.7191358024691358,0.2808641975308642
136,1447.2098092643052,-1.7917166212534061,1.326975476839237,2.670299727520436,1.0326975476839237,1.0735694822888284,721.3869209809264,6.577656675749319,15.057220708446867,0.555858310626703,0.23705722070844687,0.3188010899182561,0.670299727520436,0.32697547683923706
137,1307.05,-1.6699722222222224,2.602777777777778,1.7472222222222222,0.9833333333333333,0.9194444444444444,602.6,7.491666666666666,18.052777777777777,0.5416666666666666,0.3055555555555556,0.2361111111111111,0.6694444444444444,0.3277777777777778
138,1413.2151589242053,-1.7618092909535454,2.628361858190709,2.60880195599022,0.8215158924205379,0.9584352078239609,615.7775061124694,6.5354523227383865,16.251833740831295,1.2885085574572128,0.5843520782396088,0.7041564792176039,0.6063569682151589,0.39364303178484106
139,1379.905982905983,-1.9423646723646724,2.0826210826210825,2.6695156695156697,0.98005698005698,1.0626780626780628,644.0683760683761,7.2592592592592595,16.595441595441596,0.24216524216524216,0.15954415954415954,0.08262108262108261,0.6894586894586895,0.31054131054131057
140,1319.0234604105572,-1.899208211143695,2.7448680351906156,2.1495601173020527,0.7565982404692082,0.9882697947214076,663.1348973607038,7.319648093841642,17.313782991202345,1.0586510263929618,0.30498533724340177,0.7536656891495601,0.6744868035190615,0.3255131964809384
141,1330.5317647058823,-1.829505882352941,2.378823529411765,2.5952941176470588,0.7505882352941177,0.9317647058823529,645.1741176470588,6.856470588235294,17.39764705882353,0.5764705882352941,0.38588235294117645,0.19058823529411764,0.6635294117647059,0.33647058823529413
142,1523.5698924731182,-1.7631612903225806,1.1612903225806452,2.378494623655914,1.303225806451613,0.8881720430107527,693.2107526881721,6.378494623655914,14.651612903225807,0.7053763440860215,0.4064516129032258,0.2989247311827957,0.6301075268817204,0.36774193548387096
143,1427.0038910505837,-1.8451167315175097,2.7140077821011674,2.340466926070039,0.8521400778210116,0.9941634241245136,682.6809338521401,6.815175097276264,15.873540856031129,0.9494163424124513,0.44163424124513617,0.5077821011673151,0.6245136186770428,0.3754863813229572
144,1347.0734597156397,-1.9671090047393365,2.6824644549763033,2.3364928909952605,0.8744075829383886,0.919431279620853,651.2914691943128,7.992890995260663,17.509478672985782,0.5876777251184834,0.2985781990521327,0.2890995260663507,0.6492890995260664,0.35071090047393366
145,1504.0267260579064,-1.8260579064587972,1.5144766146993318,2.1670378619153676,1.334075723830735,0.9131403118040089,715.0489977728286,6.287305122494432,14.11804008908686,0.7037861915367484,0.3585746102449889,0.34521158129175944,0.6146993318485523,0.38530066815144765
146,1444.659574468085,-1.6572340425531915,2.452887537993921,2.1793313069908815,0.7477203647416414,0.993920972644377,635.4741641337386,6.5683890577507595,15.434650455927052,1.0790273556231003,0.5106382978723404,0.5683890577507599,0.5653495440729484,0.43465045592705165
147,1334.1859296482412,-1.8144221105527638,3.0326633165829144,2.6256281407035176,0.6909547738693468,1.0954773869346734,593.7587939698492,7.324120603015075,17.502512562814072,1.0603015075376885,0.5201005025125628,0.5402010050251256,0.6608040201005025,0.3391959798994975
148,1373.9328859060402,-1.8724161073825505,1.487695749440716,2.4586129753914987,1.1319910514541387,0.7897091722595079,685.0715883668904,6.988814317673378,16.796420581655482,0.4966442953020134,0.3131991051454139,0.18344519015659955,0.6733780760626398,0.32662192393736017
149,1373.4131736526947,-1.7739720558882235,3.2534930139720557,2.193612774451098,0.9520958083832335,0.846307385229541,640.5788423153692,7.317365269461078,16.552894211576845,0.4031936127744511,0.22554890219560877,0.17764471057884232,0.6107784431137725,0.38922155688622756
150,1409.7357293868922,-1.7771881606765327,1.9133192389006342,2.7758985200845667,0.9365750528541226,0.8224101479915433,696.1120507399577,7.093023255813954,16.636363636363637,0.9006342494714588,0.4630021141649049,0.4376321353065539,0.6405919661733616,0.3594080338266385
151,1426.2764227642276,-1.8203455284552845,1.3475609756097562,2.394308943089431,1.3231707317073171,0.790650406504065,769.1382113821138,6.794715447154472,15.544715447154472,0.3252032520325203,0.17682926829268292,0.1483739837398374,0.6747967479674797,0.3252032520325203
152,1320.0361904761905,-1.2886857142857142,2.5295238095238095,2.3123809523809524,0.9047619047619048,0.8457142857142858,603.7104761904762,7.699047619047619,18.249523809523808,0.9295238095238095,0.4685714285714286,0.46095238095238095,0.6952380952380952,0.30095238095238097
153,1392.243947858473,-1.8275791433891992,2.7486033519553073,2.445065176908752,0.957169459962756,0.8547486033519553,677.072625698324,7.009310986964619,16.54189944134078,0.4767225325884544,0.26256983240223464,0.21415270018621974,0.6461824953445066,0.3538175046554935
154,1467.3659491193737,-1.8061252446183955,1.522504892367906,2.2250489236790605,1.3639921722113504,0.7964774951076321,698.06457925636,6.702544031311154,14.76320939334638,0.4090019569471624,0.18199608610567514,0.22700587084148727,0.5968688845401174,0.40313111545988256
155,1399.5704099821746,-1.7801960784313726,2.5614973262032086,2.2549019607843137,1.1711229946524064,0.857397504456328,655.397504456328,6.971479500891266,16.0427807486631,0.64349376114082,0.3672014260249554,0.27629233511586454,0.5918003565062389,0.40819964349376114
156,1450.7324840764331,-1.7862208067940553,2.1825902335456475,2.6390658174097665,0.89171974522293,0.9957537154989384,655.2250530785562,6.488322717622081,14.925690021231423,1.1847133757961783,0.5881104033970276,0.5966029723991507,0.5923566878980892,0.40764331210191085
157,1471.6378378378379,-1.6829189189189189,1.590990990990991,2.810810810810811,1.1423423423423424,0.8072072072072072,713.2846846846846,6.727927927927928,14.778378378378378,0.6234234234234234,0.3099099099099099,0.31351351351351353,0.6054054054054054,0.3945945945945946
158,1224.732970027248,-1.886376021798365,2.667574931880109,1.9128065395095368,0.8910081743869209,0.8719346049046321,518.6049046321526,8.103542234332425,20.08991825613079,0.5068119891008175,0.16893732970027248,0.33787465940054495,0.659400544959128,0.3405994550408719
159,1310.758426966292,-1.920805243445693,3.142322097378277,2.5299625468164795,0.7340823970037453,0.8033707865168539,653.0411985018727,7.166666666666667,18.06554307116105,0.06741573033707865,0.03932584269662921,0.028089887640449437,0.6966292134831461,0.30337078651685395
160,1339.1765873015872,-1.79109126984127,0.9841269841269841,2.6646825396825395,1.2817460317460319,0.8511904761904762,661.0198412698413,7.515873015873016,17.672619047619047,0.6567460317460317,0.38095238095238093,0.2757936507936508,0.626984126984127,0.37103174603174605
161,1371.1470588235295,-1.8812499999999999,2.3768382352941178,2.4779411764705883,0.9742647058823529,0.9375,627.09375,7.5588235294117645,16.481617647058822,1.03125,0.5772058823529411,0.4540441176470588,0.6286764705882353,0.3713235294117647
162,1413.7606837606838,0.6286324786324786,2.2535612535612537,2.6324786324786325,1.0911680911680912,0.8974358974358975,666.7621082621083,6.745014245014245,15.481481481481481,0.7450142450142451,0.33618233618233617,0.40883190883190884,0.6182336182336182,0.358974358974359
163,1531.7077922077922,-1.630827922077922,1.4512987012987013,2.6607142857142856,1.3116883116883118,0.7159090909090909,781.4107142857143,5.586038961038961,13.063311688311689,0.7175324675324676,0.36688311688311687,0.35064935064935066,0.5909090909090909,0.4074675324675325
164,1484.9973045822103,-1.5304043126684634,2.6307277628032346,1.6819407008086253,1.0808625336927224,0.8679245283018868,658.644204851752,5.622641509433962,13.59299191374663,1.2830188679245282,0.477088948787062,0.8059299191374663,0.5148247978436657,0.48517520215633425
165,1361.0093109869647,-1.258659217877095,2.7318435754189943,2.3482309124767227,0.9851024208566108,1.042830540037244,630.9981378026071,7.219739292364991,16.977653631284916,0.6238361266294227,0.3463687150837989,0.2774674115456238,0.6499068901303539,0.34450651769087526
166,1422.9595141700404,0.24117408906882587,1.2125506072874495,2.5728744939271255,1.2793522267206479,0.9392712550607287,763.9858299595141,6.949392712550607,15.831983805668017,0.3319838056680162,0.18016194331983806,0.15182186234817813,0.6619433198380567,0.3157894736842105
167,1440.3055555555557,-1.6955555555555557,2.8174603174603177,2.4087301587301586,0.9900793650793651,0.8809523809523809,696.0099206349206,6.128968253968254,14.98611111111111,0.6031746031746031,0.3888888888888889,0.21428571428571427,0.5952380952380952,0.40476190476190477
168,1455.9770833333334,-1.4712083333333335,2.46875,2.629166666666667,0.7479166666666667,0.9,614.9895833333334,6.9375,16.03125,1.5270833333333333,0.6916666666666667,0.8354166666666667,0.5708333333333333,0.4270833333333333
169,1370.5387673956263,-1.935347912524851,1.7634194831013916,2.6163021868787277,1.1530815109343937,0.7992047713717694,696.6580516898608,7.361829025844931,17.280318091451292,0.11133200795228629,0.0874751491053678,0.02385685884691849,0.6978131212723658,0.30218687872763417
170,1394.8441247002397,-1.91757793764988,2.8609112709832134,2.3764988009592325,0.7649880095923262,0.9280575539568345,670.6474820143885,7.074340527577938,16.577937649880095,0.6810551558752997,0.42206235011990406,0.2589928057553957,0.6738609112709832,0.3261390887290168
171,1372.7585551330799,-2.0484600760456275,2.653992395437262,2.709125475285171,0.8326996197718631,1.0475285171102662,681.3479087452472,7.258555133079848,16.90684410646388,0.6711026615969582,0.30038022813688214,0.37072243346007605,0.688212927756654,0.311787072243346
172,1512.077051926298,-1.7894137353433834,1.1490787269681741,2.2830820770519265,1.5142378559463987,0.7906197654941374,760.7755443886097,6.1792294807370185,14.251256281407036,1.2428810720268006,0.7504187604690117,0.49246231155778897,0.6348408710217756,0.36515912897822445
173,1597.4019230769231,-1.2405192307692308,2.5346153846153845,2.0865384615384617,1.15,0.948076923076923,699.9442307692308,5.35,11.725,0.5692307692307692,0.24807692307692308,0.3211538461538462,0.47307692307692306,0.5211538461538462
174,1497.0,-1.3780448065173116,2.556008146639511,2.4114052953156824,1.0427698574338085,0.9938900203665988,672.4582484725051,5.818737270875764,14.09775967413442,0.35845213849287166,0.15274949083503056,0.20570264765784113,0.5315682281059063,0.46028513238289204
175,1451.1698113207547,-1.8823207547169811,1.6056603773584905,1.7320754716981133,1.5981132075471698,0.9188679245283019,722.6490566037736,6.620754716981132,15.445283018867924,0.539622641509434,0.25849056603773585,0.2811320754716981,0.6641509433962264,0.33584905660377357
176,1424.8801169590643,-1.7578362573099413,2.6403508771929824,2.5584795321637426,0.6812865497076024,0.9707602339181286,652.6345029239766,6.701754385964913,15.678362573099415,0.6988304093567251,0.32748538011695905,0.3713450292397661,0.5789473684210527,0.42105263157894735
177,1417.258064516129,-1.742516129032258,2.649462365591398,2.793548387096774,0.896774193548387,0.8021505376344086,624.8344086021506,6.935483870967742,15.709677419354838,0.40860215053763443,0.2021505376344086,0.2064516129032258,0.5935483870967742,0.4064516129032258
178,1495.5219512195122,-1.8112439024390243,1.5,2.3902439024390243,1.2024390243902439,0.948780487804878,710.3731707317073,6.241463414634146,14.71951219512195,0.675609756097561,0.348780487804878,0.32682926829268294,0.6634146341463415,0.33658536585365856
179,1382.2364620938629,-1.9088086642599278,3.1696750902527078,2.3267148014440435,0.868231046931408,0.8158844765342961,659.0342960288808,7.3267148014440435,16.593862815884478,0.33212996389891697,0.16606498194945848,0.16606498194945848,0.6805054151624549,0.3176895306859206
180,1369.5217391304348,-1.6151581027667983,2.5533596837944663,2.8300395256916997,0.8162055335968379,0.9347826086956522,675.3260869565217,7.24505928853755,17.00395256916996,0.6047430830039525,0.2924901185770751,0.31225296442687744,0.6877470355731226,0.3102766798418972
181,1424.3333333333333,-1.3367258382643,1.629191321499014,2.2169625246548326,1.3037475345167653,0.8441814595660749,724.214990138067,7.047337278106509,15.863905325443787,0.4635108481262327,0.23471400394477318,0.22879684418145957,0.6666666666666666,0.32938856015779094
182,1429.2550200803212,-1.5713654618473896,2.8273092369477912,2.1686746987951806,0.9036144578313253,0.8955823293172691,622.0461847389558,7.126506024096385,15.823293172690763,0.8112449799196787,0.41967871485943775,0.39156626506024095,0.6124497991967871,0.3815261044176707
183,1550.413988657845,-1.6766162570888468,2.7561436672967865,2.504725897920605,0.8714555765595463,0.7693761814744802,693.9054820415879,5.621928166351607,13.094517958412098,0.6446124763705104,0.34782608695652173,0.29678638941398866,0.5954631379962193,0.4045368620037807
184,1477.142857142857,-1.843110599078341,1.8433179723502304,2.2235023041474653,1.1267281105990783,0.9423963133640553,661.5875576036866,6.8663594470046085,14.935483870967742,0.3778801843317972,0.18433179723502305,0.1935483870967742,0.6244239631336406,0.37557603686635943
185,1493.20202020202,-1.654949494949495,2.744949494949495,2.0505050505050506,0.8661616161616161,1.0454545454545454,686.0378787878788,6.138888888888889,13.656565656565656,0.2702020202020202,0.12121212121212122,0.14898989898989898,0.6085858585858586,0.39141414141414144
186,1376.9105058365758,-1.437431906614786,2.6381322957198443,2.700389105058366,0.8015564202334631,1.0038910505836576,628.9863813229572,7.346303501945525,16.94747081712062,0.5389105058365758,0.29571984435797666,0.24319066147859922,0.6556420233463035,0.33852140077821014
187,1594.6479690522244,-1.6508123791102516,1.597678916827853,2.827852998065764,1.2127659574468086,0.8762088974854932,722.6982591876209,5.992263056092844,12.251450676982591,0.8413926499032882,0.37524177949709864,0.4661508704061896,0.5609284332688588,0.437137330754352
188,1495.6962305986697,-1.8386031042128603,2.6164079822616406,2.1019955654101996,1.0443458980044347,1.0620842572062084,692.7871396895787,6.687361419068736,14.241685144124169,1.2017738359201773,0.6297117516629712,0.5720620842572062,0.5853658536585366,0.4146341463414634
189,1391.2592592592594,-0.6559814814814815,3.433333333333333,2.5833333333333335,0.6018518518518519,1.0685185185185184,626.3351851851852,7.003703703703704,15.78888888888889,0.21296296296296297,0.12777777777777777,0.08518518518518518,0.6148148148148148,0.3685185185185185
190,1526.2130750605327,-1.8972881355932205,1.6077481840193704,2.0121065375302662,1.3462469733656175,1.0702179176755449,711.7481840193705,6.1791767554479415,13.854721549636803,1.0387409200968523,0.559322033898305,0.4794188861985472,0.5956416464891041,0.4043583535108959
191,1343.8302658486707,-1.8103067484662576,2.9529652351738243,2.470347648261759,0.7832310838445807,0.9734151329243353,632.6319018404907,8.008179959100204,17.779141104294478,0.7300613496932515,0.3231083844580777,0.4069529652351738,0.6380368098159509,0.3619631901840491
192,1348.9561403508771,-0.09056140350877198,2.501754385964912,2.424561403508772,1.0789473684210527,0.9438596491228071,612.3684210526316,7.2894736842105265,16.873684210526317,0.48947368421052634,0.25087719298245614,0.23859649122807017,0.643859649122807,0.34385964912280703
193,1347.2720450281427,-1.8348030018761727,1.3958724202626642,2.2626641651031894,1.3283302063789868,0.7598499061913696,701.9380863039399,7.514071294559099,18.17823639774859,0.5196998123827392,0.22138836772983114,0.29831144465290804,0.6960600375234521,0.30393996247654786
194,1456.8795811518326,-1.668848167539267,3.112565445026178,1.7460732984293195,1.0523560209424083,0.7853403141361257,601.3926701570681,6.591623036649215,15.010471204188482,0.8612565445026178,0.39790575916230364,0.46335078534031415,0.5602094240837696,0.4397905759162304
195,1428.6771653543308,-0.9016535433070867,2.872047244094488,2.141732283464567,1.0275590551181102,1.0748031496062993,667.3523622047244,6.655511811023622,15.46259842519685,0.9015748031496063,0.5787401574803149,0.3228346456692913,0.59251968503937,0.39763779527559057
196,1359.484962406015,-1.8113345864661654,1.1090225563909775,2.419172932330827,1.4360902255639099,0.8214285714285714,693.1296992481203,7.182330827067669,17.50187969924812,0.4680451127819549,0.18421052631578946,0.28383458646616544,0.6729323308270677,0.32706766917293234
197,1411.1572438162543,-1.93434628975265,2.627208480565371,2.325088339222615,1.107773851590106,0.823321554770318,724.9134275618375,6.848056537102473,15.828621908127209,0.8056537102473498,0.4169611307420495,0.38869257950530034,0.7014134275618374,0.29858657243816256
198,1247.6384778012684,0.5786892177589853,3.0718816067653276,2.708245243128964,0.653276955602537,1.1035940803382664,646.0,8.53276955602537,19.642706131078224,0.6405919661733616,0.3023255813953488,0.3382663847780127,0.7019027484143763,0.28118393234672306
199,1457.689138576779,-1.8137640449438202,1.9063670411985019,2.6198501872659175,1.0880149812734083,0.8333333333333334,733.1554307116105,6.455056179775281,14.92134831460674,0.23220973782771537,0.12359550561797752,0.10861423220973783,0.6310861423220974,0.36891385767790263
200,1383.7604395604396,-1.7235164835164836,2.8109890109890108,2.424175824175824,0.967032967032967,0.945054945054945,676.4703296703296,7.142857142857143,17.052747252747253,0.4857142857142857,0.25274725274725274,0.23296703296703297,0.6637362637362637,0.33186813186813185
201,1476.4408817635272,-1.743186372745491,2.4509018036072145,2.625250501002004,0.8517034068136272,0.9318637274549099,656.7294589178357,5.915831663326653,14.146292585170341,0.39879759519038077,0.22645290581162325,0.17234468937875752,0.5831663326653307,0.4168336673346693
202,1448.881188118812,0.48740924092409244,1.2755775577557755,2.391089108910891,1.528052805280528,0.8036303630363036,642.8399339933993,6.503300330033003,15.0,0.636963696369637,0.34983498349834985,0.2871287128712871,0.6287128712871287,0.3564356435643564
203,1417.6954128440368,-1.6720366972477063,3.093577981651376,2.0,1.0110091743119265,0.8697247706422019,613.4385321100917,6.996330275229358,15.763302752293578,0.4954128440366973,0.26238532110091745,0.23302752293577983,0.6146788990825688,0.3853211009174312
204,1415.1315789473683,-1.261902834008097,3.1639676113360324,2.3502024291497974,0.902834008097166,1.0364372469635628,606.4251012145749,6.931174089068826,15.748987854251013,0.2935222672064777,0.1417004048582996,0.15182186234817813,0.6234817813765182,0.3684210526315789
205,1448.3752417794972,-1.4524564796905222,2.081237911025145,1.9787234042553192,1.355899419729207,0.9825918762088974,691.0058027079303,6.882011605415861,15.688588007736945,0.7098646034816247,0.31721470019342357,0.39264990328820115,0.6479690522243714,0.3481624758220503
206,1404.4208416833667,-1.6111022044088177,2.9338677354709417,2.470941883767535,0.7254509018036072,1.0140280561122244,635.8196392785571,6.961923847695391,16.07615230460922,0.7935871743486974,0.3867735470941884,0.40681362725450904,0.591182364729459,0.40681362725450904
207,1563.0997566909975,-1.5041119221411194,3.0875912408759123,2.9610705596107056,0.7177615571776156,1.048661800486618,581.3479318734793,5.32360097323601,12.141119221411191,0.34549878345498786,0.15815085158150852,0.1873479318734793,0.4744525547445255,0.5231143552311436
208,1539.005763688761,-0.044553314121037565,1.818443804034582,2.1930835734870318,0.9884726224783862,1.1642651296829971,611.2046109510086,6.1354466858789625,13.239193083573488,0.7492795389048992,0.3573487031700288,0.3919308357348703,0.5273775216138329,0.45821325648414984
209,1421.6953271028037,-1.7441869158878505,3.1289719626168226,2.2934579439252336,0.9252336448598131,0.908411214953271,632.3084112149533,6.842990654205607,15.330841121495327,0.2336448598130841,0.12710280373831775,0.10654205607476636,0.6355140186915887,0.3644859813084112
210,1445.8651685393259,-1.2807116104868914,2.50561797752809,2.4794007490636703,0.9400749063670412,0.9550561797752809,658.9250936329588,6.704119850187266,15.230337078651685,0.6985018726591761,0.28651685393258425,0.41198501872659177,0.5880149812734082,0.398876404494382
211,1457.2021052631578,-1.8848,1.7284210526315789,2.174736842105263,1.4378947368421053,0.888421052631579,736.3452631578947,6.68,15.031578947368422,0.12,0.07157894736842105,0.04842105263157895,0.6736842105263158,0.3263157894736842
212,1430.8836477987422,-1.816933962264151,2.4276729559748427,1.9088050314465408,1.2767295597484276,0.8537735849056604,688.9355345911949,6.754716981132075,15.473270440251572,0.7720125786163522,0.4229559748427673,0.3490566037735849,0.6210691823899371,0.3789308176100629
213,1507.7727272727273,-0.040824915824915875,2.696969696969697,2.185185185185185,1.2727272727272727,0.968013468013468,756.2693602693603,5.693602693602694,12.904040404040405,0.4175084175084175,0.2356902356902357,0.18181818181818182,0.5808080808080808,0.4006734006734007
214,1531.5010020040081,-1.6780160320641284,1.6673346693386772,2.0080160320641283,1.5070140280561122,0.935871743486974,745.310621242485,5.8797595190380765,13.244488977955912,0.27655310621242485,0.156312625250501,0.12024048096192384,0.5651302605210421,0.4348697394789579
215,1463.8704379562043,-1.399580291970803,2.872262773722628,1.8777372262773722,1.1733576642335766,0.9178832116788321,683.1843065693431,6.041970802919708,14.306569343065693,0.34124087591240876,0.19708029197080293,0.14416058394160583,0.6113138686131386,0.38503649635036497
216,1503.72131147541,0.21781420765027323,2.8688524590163933,2.5846994535519126,0.9744990892531876,1.1074681238615665,732.952641165756,5.828779599271402,13.336976320582878,0.5792349726775956,0.3205828779599271,0.2586520947176685,0.5628415300546448,0.4116575591985428
217,1499.013671875,-1.6207421875,1.37109375,2.41796875,1.3203125,0.81640625,752.751953125,6.01953125,14.05078125,0.55859375,0.298828125,0.259765625,0.568359375,0.431640625
218,1444.4433399602385,-1.791630218687873,2.4612326043737576,1.6520874751491055,1.3041749502982107,0.9562624254473161,742.2842942345925,6.306163021868787,14.886679920477137,0.6858846918489065,0.3499005964214712,0.3359840954274354,0.6719681908548708,0.3260437375745527
219,1355.0094696969697,-0.34657196969696974,3.340909090909091,2.475378787878788,0.8181818181818182,0.9488636363636364,609.4715909090909,6.8731060606060606,16.607954545454547,0.10984848484848485,0.04734848484848485,0.0625,0.6496212121212122,0.3409090909090909
220,1417.4844444444445,-1.768288888888889,1.38,2.057777777777778,1.4533333333333334,0.8377777777777777,723.7511111111111,6.964444444444444,16.031111111111112,0.5111111111111111,0.2222222222222222,0.28888888888888886,0.6111111111111112,0.3888888888888889
221,1525.9980732177264,-1.4946050096339114,2.2235067437379574,2.25626204238921,1.1252408477842004,1.0211946050096339,755.2716763005781,5.493256262042389,12.495183044315992,0.4046242774566474,0.19653179190751446,0.20809248554913296,0.5606936416184971,0.4373795761078998
222,1467.1512345679012,-0.006327160493827195,2.259259259259259,2.1373456790123457,1.2932098765432098,0.9104938271604939,740.6635802469136,6.25462962962963,14.277777777777779,0.7824074074074074,0.39197530864197533,0.3904320987654321,0.5787037037037037,0.404320987654321
223,1589.8939929328621,-1.357332155477032,1.4628975265017667,2.1325088339222615,1.5530035335689045,0.8392226148409894,793.3674911660777,5.1749116607773855,11.680212014134275,0.5123674911660777,0.32685512367491165,0.1855123674911661,0.5600706713780919,0.4381625441696113
224,1431.3281553398058,0.05093203883495138,3.0310679611650486,1.7106796116504854,1.1941747572815533,0.9184466019417475,666.8854368932039,6.300970873786408,14.89126213592233,0.42718446601941745,0.1436893203883495,0.283495145631068,0.6019417475728155,0.3825242718446602
225,1415.1016393442624,1.240016393442623,2.6737704918032787,2.0475409836065572,1.1852459016393442,0.9688524590163935,716.4360655737705,6.583606557377049,15.047540983606558,0.3377049180327869,0.14590163934426228,0.1918032786885246,0.6147540983606558,0.3622950819672131
226,1409.259965337955,-0.7302946273830156,1.4454072790294628,2.2564991334488735,1.3986135181975736,0.8006932409012132,719.1317157712305,6.726169844020797,16.12305025996534,0.42287694974003465,0.2339688041594454,0.18890814558058924,0.6499133448873483,0.3431542461005199
227,1478.2690972222222,-1.701371527777778,2.6527777777777777,2.079861111111111,1.1510416666666667,0.8697916666666666,698.0590277777778,6.414930555555555,14.022569444444445,0.3420138888888889,0.12152777777777778,0.2204861111111111,0.5815972222222222,0.4166666666666667
228,1396.470363288719,1.6438432122370936,2.8279158699808797,2.4665391969407264,0.9847036328871893,1.191204588910134,706.6500956022944,6.759082217973232,15.361376673040153,0.6768642447418738,0.367112810707457,0.30975143403441685,0.6061185468451242,0.34608030592734224
229,1441.3630017452008,-1.3072251308900522,1.8638743455497382,2.020942408376963,1.4886561954624782,0.8656195462478184,771.4851657940663,6.441535776614311,15.24258289703316,0.17975567190226877,0.12390924956369982,0.055846422338568937,0.6457242582897034,0.3472949389179756
230,1506.540925266904,-1.5731138790035588,2.215302491103203,1.9555160142348755,1.311387900355872,0.9626334519572953,710.7188612099644,5.855871886120997,13.023131672597865,0.6067615658362989,0.28113879003558717,0.32562277580071175,0.5284697508896797,0.4697508896797153
231,1480.633644859813,-1.68796261682243,2.4822429906542056,2.6317757009345795,1.0149532710280373,0.9233644859813084,715.8373831775701,6.057943925233645,14.185046728971964,0.14579439252336449,0.09719626168224299,0.048598130841121495,0.5794392523364486,0.4205607476635514
232,1412.1544256120528,-1.8443126177024483,1.2184557438794728,2.0847457627118646,1.5687382297551788,0.7853107344632768,644.9114877589454,6.913370998116761,16.314500941619585,0.7080979284369114,0.3389830508474576,0.3691148775894539,0.6421845574387948,0.3578154425612053
233,1550.925581395349,-1.1702635658914728,2.6294573643410852,1.7906976744186047,1.2449612403100776,0.8031007751937984,709.6046511627907,5.524031007751938,11.951937984496125,0.42790697674418604,0.22635658914728682,0.20155038759689922,0.5271317829457365,0.47131782945736433
234,1461.5073529411766,0.05988970588235302,2.65625,1.9650735294117647,1.2150735294117647,0.9338235294117647,694.8584558823529,6.0900735294117645,13.933823529411764,0.29963235294117646,0.14705882352941177,0.15257352941176472,0.5680147058823529,0.4099264705882353
235,1412.7206132879046,-1.8670868824531517,1.6286201022146507,1.8245315161839863,1.616695059625213,0.8551959114139693,753.3833049403748,6.674616695059625,16.153321976149915,0.3730834752981261,0.12776831345826234,0.2453151618398637,0.6780238500851788,0.3219761499148211
236,1300.7222222222222,-1.2860942760942762,2.6666666666666665,2.303030303030303,0.9932659932659933,0.8518518518518519,686.4276094276095,8.018518518518519,18.585858585858585,0.4612794612794613,0.24242424242424243,0.21885521885521886,0.7053872053872053,0.2878787878787879
237,1322.0257936507937,0.4890873015873015,2.7301587301587302,2.638888888888889,0.9464285714285714,0.8928571428571429,615.2142857142857,7.236111111111111,17.115079365079364,0.10317460317460317,0.051587301587301584,0.051587301587301584,0.6448412698412699,0.3373015873015873
238,1505.89400921659,-1.6799078341013827,1.4792626728110598,2.119815668202765,1.2672811059907834,0.9032258064516129,703.5092165898618,6.292626728110599,13.688940092165899,0.619815668202765,0.32027649769585254,0.2995391705069124,0.6129032258064516,0.3870967741935484
239,1461.5304054054054,-1.6543074324324325,2.7195945945945947,2.0844594594594597,1.1638513513513513,0.785472972972973,715.5101351351351,6.261824324324325,14.08108108108108,0.25675675675675674,0.11317567567567567,0.14358108108108109,0.5827702702702703,0.4172297297297297
240,1378.1536926147705,-1.8960678642714572,2.197604790419162,2.3293413173652695,1.1477045908183632,0.7125748502994012,688.4590818363273,7.149700598802395,16.652694610778443,0.846307385229541,0.43313373253493015,0.41317365269461076,0.6207584830339321,0.37924151696606784
241,1360.0938628158844,-1.8315342960288807,1.7075812274368232,2.1209386281588447,1.4584837545126355,0.7815884476534296,699.8321299638989,7.137184115523466,16.8898916967509,0.13537906137184116,0.06859205776173286,0.06678700361010831,0.6841155234657039,0.315884476534296
242,1379.2762039660056,-1.2463031161473088,2.2776203966005664,1.9759206798866855,1.4631728045325778,0.7237960339943342,672.9815864022663,7.1770538243626065,16.73512747875354,0.7719546742209632,0.40084985835694054,0.37110481586402266,0.6303116147308782,0.3640226628895184
243,1421.6231647634584,-0.6023491027732464,2.8189233278955954,2.223491027732463,1.1419249592169658,0.9396411092985318,679.0358890701468,6.4779771615008155,15.376835236541599,0.6998368678629691,0.3164763458401305,0.3833605220228385,0.567699836867863,0.4159869494290375
244,1408.142857142857,-1.8366165413533835,1.7048872180451127,1.6240601503759398,1.6785714285714286,0.8308270676691729,693.5432330827068,7.101503759398496,16.389097744360903,0.4548872180451128,0.16917293233082706,0.2857142857142857,0.6466165413533834,0.3533834586466165
245,1319.4085545722714,-1.3370206489675516,2.6327433628318584,1.915929203539823,1.3525073746312684,0.7374631268436578,661.3082595870206,7.1932153392330385,17.985250737463126,0.6106194690265486,0.3008849557522124,0.30973451327433627,0.6917404129793511,0.30383480825958703
246,1305.2093023255813,0.3846366279069767,2.582848837209302,2.4738372093023258,1.0770348837209303,0.8909883720930233,616.7616279069767,7.725290697674419,18.36046511627907,0.6555232558139535,0.33575581395348836,0.31976744186046513,0.6816860465116279,0.29505813953488375
247,1369.0102040816328,-1.7743537414965986,1.5442176870748299,2.729591836734694,1.2414965986394557,0.7959183673469388,666.0646258503401,6.695578231292517,16.540816326530614,0.477891156462585,0.23129251700680273,0.2465986394557823,0.6819727891156463,0.3129251700680272
248,1296.9641509433961,-1.737377358490566,3.0924528301886793,1.9811320754716981,1.079245283018868,0.8849056603773585,593.7566037735849,7.877358490566038,18.958490566037735,1.039622641509434,0.5867924528301887,0.4528301886792453,0.6377358490566037,0.360377358490566
249,1260.3,-0.3940294117647059,2.9661764705882354,2.4529411764705884,0.9852941176470589,0.8176470588235294,634.4735294117647,7.83235294117647,18.936764705882354,0.24558823529411763,0.12058823529411765,0.125,0.6867647058823529,0.2985294117647059
250,1272.8841354723709,-1.9521925133689841,1.2976827094474153,2.3262032085561497,1.3975044563279857,0.6809269162210339,601.0106951871658,8.130124777183601,20.171122994652407,1.2192513368983957,0.5882352941176471,0.6310160427807486,0.7361853832442068,0.2638146167557932
251,1310.5385756676558,-1.8103709198813058,2.49406528189911,2.2967359050445104,1.1913946587537092,0.787833827893175,586.9658753709199,7.799703264094956,18.893175074183976,0.9599406528189911,0.42729970326409494,0.5326409495548962,0.6750741839762612,0.3249258160237389
252,1295.7243243243242,-1.1112972972972974,2.4486486486486485,2.539189189189189,1.1081081081081081,0.7621621621621621,537.8675675675676,8.027027027027026,19.497297297297298,0.9378378378378378,0.44324324324324327,0.4945945945945946,0.6702702702702703,0.32297297297297295
253,1447.8935185185185,-1.5525462962962964,1.4429012345679013,2.3117283950617282,1.4645061728395061,0.6867283950617284,669.9953703703703,6.695987654320987,15.635802469135802,1.0910493827160495,0.6095679012345679,0.48148148148148145,0.6527777777777778,0.3441358024691358
254,1476.2937062937062,-1.6416608391608392,2.8444055944055946,1.9353146853146854,1.2727272727272727,0.7814685314685315,630.6398601398602,5.966783216783217,14.835664335664335,1.4895104895104896,0.798951048951049,0.6905594405594405,0.5611888111888111,0.4388111888111888
255,1457.9073756432247,-1.3193310463121786,2.8679245283018866,2.286449399656947,1.2195540308747856,0.8284734133790738,636.7753001715266,6.612349914236707,15.524871355060034,1.0411663807890223,0.5557461406518011,0.4854202401372213,0.5711835334476844,0.42710120068610635
256,1488.260945709282,-1.7176182136602451,1.2854640980735552,2.61646234676007,1.4395796847635727,0.7425569176882661,672.3747810858143,6.800350262697023,15.800350262697023,1.2136602451838878,0.6409807355516638,0.5726795096322241,0.6129597197898424,0.38704028021015763
257,1522.6368243243244,-1.4756250000000002,2.7567567567567566,2.4239864864864864,1.0118243243243243,0.7483108108108109,675.3091216216217,5.878378378378378,13.221283783783784,1.2280405405405406,0.5996621621621622,0.6283783783783784,0.5067567567567568,0.49155405405405406
258,1434.3265720081135,-0.9958012170385395,2.7849898580121706,2.6247464503042597,0.920892494929006,0.9269776876267748,652.8904665314402,6.797160243407708,15.973630831643002,2.588235294117647,1.3346855983772818,1.2535496957403651,0.6531440162271805,0.33874239350912777
259,1393.4971962616823,-1.9212336448598133,1.936448598130841,2.5308411214953273,1.3850467289719626,0.7738317757009345,687.5308411214953,6.857943925233645,16.618691588785047,0.33271028037383177,0.21869158878504674,0.11401869158878504,0.7252336448598131,0.27476635514018694
260,1448.2230483271376,-1.635,2.7695167286245352,2.3141263940520447,1.029739776951673,0.8122676579925651,660.8085501858736,6.24721189591078,15.340148698884759,1.546468401486989,0.8308550185873605,0.7156133828996283,0.6078066914498141,0.38847583643122674
261,1356.9754224270353,-1.8442089093701997,2.533026113671275,2.8325652841781874,0.9523809523809523,0.7557603686635944,603.0291858678955,7.185867895545315,17.19662058371736,0.4485407066052227,0.23963133640552994,0.20890937019969277,0.6697388632872504,0.3302611367127496
262,1516.1506024096386,-1.6476656626506023,1.2274096385542168,2.3493975903614457,1.7003012048192772,0.6701807228915663,645.0120481927711,6.093373493975903,14.281626506024097,0.9096385542168675,0.5225903614457831,0.3870481927710843,0.5858433734939759,0.4141566265060241
263,1503.196353436185,-1.7194109396914448,2.5049088359046285,2.1879382889200563,1.2959326788218795,0.7096774193548387,686.5694249649368,6.277699859747545,14.105189340813464,1.2748948106591866,0.5778401122019635,0.697054698457223,0.6002805049088359,0.39831697054698456
264,1401.238731218698,-0.39676126878130225,2.9215358931552586,2.043405676126878,1.0868113522537564,0.8914858096828047,584.0350584307179,6.959933222036728,15.946577629382304,1.003338898163606,0.5626043405676127,0.44073455759599334,0.5676126878130217,0.42237061769616024
265,1533.1459627329193,-1.6863198757763975,1.5481366459627328,1.7111801242236024,1.860248447204969,0.7003105590062112,697.2965838509317,5.805900621118012,13.807453416149068,0.9829192546583851,0.5,0.4829192546583851,0.5791925465838509,0.42080745341614906
266,1343.5882352941176,-1.856875,2.5919117647058822,2.2113970588235294,1.0661764705882353,0.8933823529411765,636.3216911764706,7.422794117647059,17.579044117647058,1.525735294117647,0.90625,0.6194852941176471,0.6415441176470589,0.3584558823529412
267,1398.319587628866,-1.708487972508591,2.7938144329896906,2.7439862542955327,0.9845360824742269,0.8006872852233677,649.5481099656357,6.702749140893471,16.103092783505154,0.5292096219931272,0.3230240549828179,0.20618556701030927,0.5996563573883161,0.39862542955326463
268,1456.563596491228,-1.6208552631578947,1.5504385964912282,2.067982456140351,1.256578947368421,0.9627192982456141,691.1206140350877,6.5855263157894735,15.445175438596491,1.4824561403508771,0.7390350877192983,0.743421052631579,0.6381578947368421,0.35964912280701755
269,1394.6060606060605,-1.8209812409812411,2.8225108225108224,2.2337662337662336,1.2092352092352092,0.7301587301587301,666.1991341991342,6.6522366522366525,15.945165945165945,0.5555555555555556,0.3347763347763348,0.22077922077922077,0.6349206349206349,0.36507936507936506
270,1427.35401459854,-1.6583211678832117,2.458029197080292,2.4726277372262775,1.0036496350364963,0.864963503649635,594.2536496350365,6.8321167883211675,16.142335766423358,1.4726277372262773,0.8120437956204379,0.6605839416058394,0.6003649635036497,0.3978102189781022
271,1425.3175182481752,-1.3678649635036497,1.6605839416058394,2.1934306569343067,1.3740875912408759,0.8047445255474452,681.2682481751825,6.600364963503649,15.983576642335766,0.7901459854014599,0.45255474452554745,0.3375912408759124,0.6240875912408759,0.3722627737226277
272,1393.1674074074074,-1.5843407407407408,2.5614814814814815,2.1303703703703705,1.3037037037037038,0.7511111111111111,576.7985185185186,7.04,16.782222222222224,1.5214814814814814,0.7748148148148148,0.7466666666666667,0.5777777777777777,0.4222222222222222
273,1378.991789819376,-1.086945812807882,2.7980295566502464,2.38752052545156,1.1691297208538587,0.8292282430213465,635.8423645320197,7.180623973727422,17.22824302134647,1.4663382594417078,0.6945812807881774,0.7717569786535303,0.5993431855500821,0.3957307060755337
274,1460.390557939914,-1.6621888412017167,1.536480686695279,1.51931330472103,1.6008583690987124,0.7339055793991416,679.5321888412017,6.48068669527897,14.914163090128755,0.4699570815450644,0.21244635193133046,0.2575107296137339,0.5793991416309013,0.4206008583690987
275,1406.6529605263158,-1.7078125,2.6348684210526314,1.861842105263158,1.4473684210526316,0.7648026315789473,690.046052631579,7.256578947368421,16.19736842105263,0.9457236842105263,0.5115131578947368,0.4342105263157895,0.6332236842105263,0.3651315789473684
276,1270.2629558541266,-1.381708253358925,2.6468330134357005,2.7370441458733206,0.9078694817658349,0.8886756238003839,633.2303262955854,8.318618042226488,19.516314779270633,0.7236084452975048,0.42226487523992323,0.30134357005758156,0.7063339731285988,0.2821497120921305
277,1487.2866108786611,-1.3551464435146443,1.506276150627615,2.8556485355648538,1.2740585774058577,0.8870292887029289,668.5397489539749,6.2112970711297075,14.018828451882845,0.3305439330543933,0.18200836820083682,0.14853556485355648,0.5920502092050209,0.40585774058577406
278,1420.8969465648854,-1.7483969465648854,2.7022900763358777,1.9122137404580153,1.1450381679389312,0.9236641221374046,659.5553435114504,7.305343511450381,16.137404580152673,1.631679389312977,0.7080152671755725,0.9236641221374046,0.6030534351145038,0.3950381679389313
279,1280.2368421052631,-0.5120760233918129,2.9473684210526314,2.4853801169590644,1.0029239766081872,0.8391812865497076,589.827485380117,7.66374269005848,18.121345029239766,0.2573099415204678,0.14473684210526316,0.11257309941520467,0.6842105263157895,0.30409356725146197
280,1150.0737051792828,-1.9923505976095617,1.3605577689243027,2.2231075697211153,1.4103585657370519,0.6653386454183267,614.5458167330677,8.723107569721115,22.109561752988046,0.5219123505976095,0.24302788844621515,0.2788844621513944,0.8047808764940239,0.1952191235059761
281,1279.6051188299816,-1.793162705667276,2.5648994515539307,2.294332723948812,0.9744058500914077,0.8482632541133455,620.7349177330896,7.877513711151737,19.042047531992687,0.70018281535649,0.3217550274223035,0.37842778793418647,0.6873857404021938,0.31078610603290674
282,1523.4410828025477,-1.5443789808917197,2.5302547770700636,2.4028662420382165,1.28343949044586,0.7372611464968153,674.359872611465,5.63375796178344,13.654458598726114,1.3296178343949046,0.6385350318471338,0.6910828025477707,0.6003184713375797,0.3980891719745223
283,1455.7917981072555,-1.676750788643533,1.4274447949526814,2.473186119873817,1.4242902208201893,0.7003154574132492,732.7996845425868,6.115141955835962,15.149842271293375,1.1293375394321767,0.5126182965299685,0.6167192429022083,0.6198738170347003,0.3785488958990536
284,1405.6774847870183,-1.7352738336713995,2.8823529411764706,1.7221095334685599,1.13184584178499,0.8133874239350912,665.0,7.144016227180527,15.823529411764707,0.6044624746450304,0.2697768762677485,0.33468559837728196,0.5780933062880325,0.42190669371196754
285,1322.7549167927382,-0.9393797276853254,2.5476550680786687,2.232980332829047,1.1921331316187596,0.7670196671709532,638.5431164901664,7.178517397881997,17.703479576399396,0.6626323751891074,0.2783661119515885,0.3842662632375189,0.6641452344931922,0.3267776096822995
286,1321.6984126984128,-1.9034523809523811,1.0595238095238095,2.265873015873016,1.5496031746031746,0.7261904761904762,645.2103174603175,7.537698412698413,18.408730158730158,0.5079365079365079,0.25396825396825395,0.25396825396825395,0.6964285714285714,0.30357142857142855
287,1382.9114877589454,-1.7888512241054615,2.591337099811676,2.414312617702448,1.0320150659133709,0.775894538606403,627.6139359698682,6.653483992467043,15.992467043314502,0.4651600753295669,0.2937853107344633,0.1713747645951036,0.60075329566855,0.3992467043314501
288,1327.3457627118644,0.013338983050847436,2.7254237288135594,2.5830508474576273,0.9915254237288136,0.9949152542372881,678.5033898305085,7.3,17.259322033898304,0.7169491525423729,0.3271186440677966,0.3898305084745763,0.6779661016949152,0.28983050847457625
289,1458.2891156462586,-1.8027551020408163,1.5731292517006803,2.3741496598639458,1.4251700680272108,0.7619047619047619,777.9659863945578,6.10374149659864,14.91326530612245,0.16326530612244897,0.07993197278911565,0.08333333333333333,0.6343537414965986,0.3656462585034014
290,1366.570909090909,-1.9262727272727274,2.3745454545454545,1.9363636363636363,1.2618181818181817,0.8272727272727273,692.4854545454546,7.405454545454545,16.99818181818182,0.6327272727272727,0.3145454545454546,0.3181818181818182,0.6927272727272727,0.3054545454545455
291,1452.215,-1.7783833333333332,2.421666666666667,2.755,1.02,0.745,678.0766666666667,6.43,15.101666666666667,0.7416666666666667,0.27166666666666667,0.47,0.63,0.37
292,1393.7264957264956,-1.8955897435897437,1.152136752136752,2.471794871794872,1.4957264957264957,0.6974358974358974,676.3076923076923,7.2,17.15042735042735,0.8598290598290599,0.4239316239316239,0.4358974358974359,0.7042735042735043,0.29572649572649573
293,1488.4886363636363,-1.622840909090909,2.8333333333333335,2.0568181818181817,1.231060606060606,0.7840909090909091,679.7992424242424,6.049242424242424,13.710227272727273,0.5170454545454546,0.2897727272727273,0.22727272727272727,0.5643939393939394,0.4356060606060606
294,1469.7904967602592,-1.503650107991361,2.591792656587473,1.91792656587473,1.1360691144708424,0.8228941684665226,638.244060475162,6.676025917926566,14.533477321814255,0.36069114470842334,0.20086393088552915,0.15982721382289417,0.5140388768898488,0.48596112311015116
295,1452.6446540880504,-1.3400943396226417,1.4921383647798743,1.6965408805031446,1.7720125786163523,0.660377358490566,680.2830188679245,6.033018867924528,15.020440251572326,0.5770440251572327,0.34591194968553457,0.23113207547169812,0.5487421383647799,0.449685534591195
296,1441.2,-1.673009523809524,2.4,2.5504761904761906,1.0152380952380953,0.8895238095238095,663.6114285714285,6.382857142857143,15.251428571428571,0.4990476190476191,0.2723809523809524,0.22666666666666666,0.5866666666666667,0.41333333333333333
297,1412.654255319149,-1.7245567375886524,2.5425531914893615,2.9379432624113475,0.8156028368794326,0.7712765957446809,712.9237588652483,6.870567375886525,15.677304964539006,0.2641843971631206,0.1453900709219858,0.11879432624113476,0.6400709219858156,0.3599290780141844
298,1482.0813492063492,-1.7619444444444443,1.4325396825396826,2.5396825396825395,1.2837301587301588,0.7896825396825397,709.8730158730159,6.599206349206349,14.642857142857142,0.8511904761904762,0.43452380952380953,0.4166666666666667,0.625,0.375
299,1436.1276102088168,-1.4661252900232018,3.0928074245939676,2.3851508120649654,0.9489559164733179,0.8352668213457076,636.4849187935034,6.48491879350348,14.698375870069606,0.06496519721577726,0.03944315545243619,0.025522041763341066,0.5475638051044084,0.45011600928074247
300,1317.345,-1.2436833333333335,2.421666666666667,2.598333333333333,1.0133333333333334,0.8816666666666667,646.455,7.415,17.865,0.9666666666666667,0.48833333333333334,0.47833333333333333,0.7016666666666667,0.29
301,1505.065335753176,-1.7154446460980037,1.5226860254083485,2.2268602540834848,1.4210526315789473,0.778584392014519,741.5480943738658,6.152450090744102,13.80399274047187,0.3393829401088929,0.1996370235934664,0.1397459165154265,0.604355716878403,0.3956442831215971
302,1468.926267281106,-1.517357910906298,2.6528417818740397,1.9047619047619047,1.2903225806451613,0.7219662058371735,688.3333333333334,6.276497695852535,14.40552995391705,1.0890937019969278,0.5960061443932412,0.4930875576036866,0.5376344086021505,0.4608294930875576
303,1468.0073855243722,-1.3250073855243722,2.765140324963072,2.3308714918759232,1.1580502215657311,0.7341211225997046,712.2511078286558,6.487444608567208,14.46381093057607,0.4150664697193501,0.21122599704579026,0.2038404726735598,0.6070901033973413,0.38847858197932056
304,1464.6839464882944,-1.714113712374582,1.5986622073578596,2.0183946488294313,1.5551839464882944,0.6622073578595318,703.6036789297659,6.384615384615385,14.929765886287626,0.34615384615384615,0.2391304347826087,0.10702341137123746,0.6153846153846154,0.38461538461538464
305,1394.3768996960487,-1.891063829787234,2.67629179331307,1.837386018237082,1.331306990881459,0.7872340425531915,674.3768996960487,7.224924012158055,16.21580547112462,0.5516717325227963,0.28419452887537994,0.2674772036474164,0.6717325227963525,0.3282674772036474
306,1490.699173553719,-0.6397355371900827,2.540495867768595,2.590082644628099,0.9570247933884297,0.9024793388429752,671.3421487603306,6.269421487603306,13.83305785123967,0.5752066115702479,0.2413223140495868,0.3338842975206612,0.5504132231404959,0.4413223140495868
307,1493.7199281867145,-1.6561041292639138,1.4703770197486534,2.7737881508078996,1.251346499102334,0.7271095152603232,642.770197486535,6.378815080789946,14.11310592459605,0.23518850987432674,0.1615798922800718,0.07360861759425494,0.5493716337522442,0.4506283662477558
308,1407.2404494382022,-1.0057977528089888,3.0808988764044942,1.6876404494382022,1.006741573033708,0.8808988764044944,605.9752808988763,7.035955056179775,15.674157303370787,0.6606741573033708,0.3842696629213483,0.27640449438202247,0.5752808988764045,0.4134831460674157
309,1440.0555555555557,-1.0636636636636636,3.2222222222222223,2.68018018018018,0.8903903903903904,0.8408408408408409,638.1261261261261,6.773273273273273,15.20870870870871,0.13963963963963963,0.08108108108108109,0.05855855855855856,0.6036036036036037,0.39039039039039036
310,1410.6586345381527,-1.8971887550200806,1.323293172690763,2.3634538152610443,1.3353413654618473,0.7429718875502008,644.1606425702811,7.178714859437751,16.41164658634538,0.42971887550200805,0.23092369477911648,0.19879518072289157,0.6586345381526104,0.3413654618473896
311,1475.9235569422776,-1.6433697347893916,2.6786271450858035,2.3198127925117005,1.0904836193447738,0.7956318252730109,678.3790951638066,6.478939157566303,14.315132605304212,0.4914196567862715,0.22776911076443057,0.26365054602184085,0.5678627145085804,0.4290171606864275
312,1401.568870523416,-0.7027961432506887,2.5578512396694215,2.615702479338843,1.1763085399449036,0.7258953168044077,624.0110192837466,6.7809917355371905,16.150137741046834,0.6556473829201102,0.32644628099173556,0.32920110192837465,0.6033057851239669,0.38980716253443526
313,1442.472182596291,-1.7681027104136948,1.5777460770328102,2.507845934379458,1.383737517831669,0.6504992867332382,661.0228245363766,6.601997146932953,15.176890156918688,0.4864479315263909,0.21825962910128388,0.268188302425107,0.6262482168330956,0.37375178316690444
314,1480.0470016207455,-1.053808752025932,2.9108589951377635,1.760129659643436,1.3176661264181524,0.7779578606158833,619.2690437601296,6.53322528363047,14.431118314424635,0.6482982171799028,0.4035656401944895,0.24473257698541329,0.5332252836304701,0.46353322528363045
315,1392.6293103448277,-0.4127442528735632,2.8275862068965516,2.2011494252873565,1.285919540229885,0.8232758620689655,640.6091954022988,6.831896551724138,16.00574712643678,0.7298850574712644,0.33620689655172414,0.3936781609195402,0.5948275862068966,0.38936781609195403
316,1476.0860389610389,0.12298701298701292,1.3084415584415585,2.2467532467532467,1.4967532467532467,0.7727272727272727,653.0892857142857,6.285714285714286,14.394480519480519,0.6558441558441559,0.32792207792207795,0.32792207792207795,0.5892857142857143,0.400974025974026
317,1472.5790322580644,-1.5820806451612903,2.8951612903225805,2.4951612903225806,1.0048387096774194,0.7435483870967742,637.8306451612904,6.369354838709677,14.453225806451613,0.27580645161290324,0.12258064516129032,0.1532258064516129,0.5661290322580645,0.432258064516129
318,1385.3473344103393,1.011227786752827,3.1793214862681745,2.6882067851373184,0.9337641357027464,0.9612277867528272,614.4394184168013,7.579967689822294,16.408723747980613,0.6203554119547657,0.30048465266558966,0.3198707592891761,0.6268174474959612,0.34894991922455576
319,1577.4327217125383,-1.727645259938838,1.7293577981651376,2.558103975535168,1.466360856269113,0.7064220183486238,693.2752293577981,5.761467889908257,12.496941896024465,0.26452599388379205,0.12691131498470948,0.13761467889908258,0.573394495412844,0.42660550458715596
320,1575.9681335356602,-0.859423368740516,2.5690440060698028,2.2078907435508346,1.2215477996965098,0.779969650986343,652.8194233687406,5.467374810318665,11.90895295902883,0.6176024279210925,0.2503793626707132,0.36722306525037934,0.4597875569044006,0.5311077389984825
321,1535.8527607361964,-1.3828680981595092,2.561349693251534,2.7300613496932513,1.0475460122699387,0.6702453987730062,608.8680981595093,5.75,12.803680981595091,0.3450920245398773,0.24233128834355827,0.10276073619631902,0.5138036809815951,0.4831288343558282
322,1500.877947295423,-1.0287378640776699,1.1581137309292648,2.262135922330097,1.7184466019417475,0.6629680998613038,645.8502080443828,6.253814147018031,14.0499306518724,0.7018030513176144,0.3633841886269071,0.33841886269070737,0.5700416088765603,0.42302357836338417
323,1429.590785907859,-1.1412330623306233,2.6219512195121952,2.0569105691056913,1.4268292682926829,0.7140921409214093,611.3265582655827,6.791327913279133,15.922764227642276,0.5704607046070461,0.27235772357723576,0.2981029810298103,0.6138211382113821,0.3807588075880759
324,1450.1474576271187,-0.8253050847457627,2.766101694915254,2.298305084745763,1.2203389830508475,0.8593220338983051,591.4593220338983,6.420338983050847,14.877966101694915,0.36610169491525424,0.19830508474576272,0.16779661016949152,0.5847457627118644,0.4033898305084746
325,1531.371851851852,-1.672414814814815,1.7466666666666666,1.877037037037037,1.6874074074074075,0.6844444444444444,670.1881481481481,5.860740740740741,13.477037037037038,0.8414814814814815,0.46814814814814815,0.37333333333333335,0.5688888888888889,0.42962962962962964
326,1476.2091503267975,-1.3851960784313726,2.519607843137255,2.468954248366013,1.0898692810457515,0.8594771241830066,644.0490196078431,6.673202614379085,14.27124183006536,0.5800653594771242,0.30718954248366015,0.272875816993464,0.619281045751634,0.3758169934640523
327,1486.2139461172742,-0.8333438985736926,2.9524564183835182,2.8288431061806656,0.9952456418383518,0.7385103011093502,670.1442155309034,6.351822503961965,13.827258320126782,0.6354992076069731,0.36450079239302696,0.27099841521394613,0.6038034865293186,0.3898573692551506
328,1382.686,-0.7814200000000001,1.564,2.156,1.348,0.858,600.092,7.61,17.206,0.968,0.542,0.426,0.666,0.324
329,1454.5403348554034,-1.289847792998478,2.8097412480974127,2.101978691019787,1.213089802130898,0.69558599695586,611.7625570776256,6.557077625570776,14.838660578386605,0.54337899543379,0.3135464231354642,0.2298325722983257,0.624048706240487,0.3729071537290715
330,1507.031007751938,-0.8403410852713178,2.5224806201550387,2.6155038759689924,1.062015503875969,0.8496124031007752,624.0496124031008,6.547286821705426,13.855813953488372,1.2,0.648062015503876,0.5519379844961241,0.5488372093023256,0.4418604651162791
331,1433.215053763441,-1.6719175627240144,1.6344086021505377,2.25089605734767,1.467741935483871,0.7293906810035843,637.5304659498208,6.738351254480286,15.469534050179211,0.8118279569892473,0.5555555555555556,0.25627240143369173,0.589605734767025,0.4103942652329749
332,1397.5036363636364,-1.6757636363636363,2.9345454545454546,2.3945454545454545,1.0254545454545454,0.7872727272727272,613.2327272727273,7.1036363636363635,16.541818181818183,1.3618181818181818,0.7727272727272727,0.5890909090909091,0.6690909090909091,0.3290909090909091
333,1352.9507959479015,-1.1038929088277858,2.8437047756874096,2.369030390738061,1.2011577424023154,0.8263386396526773,583.3198263386397,7.507959479015919,17.244573082489147,0.4732272069464544,0.2272069464544139,0.2460202604920405,0.6439942112879884,0.3473227206946454
334,1391.3009049773755,-1.9390271493212672,1.6334841628959276,1.7986425339366516,1.5158371040723981,0.8936651583710408,623.3800904977376,7.138009049773756,17.09502262443439,0.39592760180995473,0.167420814479638,0.22850678733031674,0.6945701357466063,0.3054298642533937
335,1445.1678200692043,0.270242214532872,2.801038062283737,1.814878892733564,1.2110726643598615,0.8131487889273357,595.704152249135,6.783737024221454,14.856401384083044,0.7387543252595156,0.39100346020761245,0.3477508650519031,0.5951557093425606,0.3944636678200692
336,1407.1236162361624,-1.4851476014760148,2.3800738007380073,2.651291512915129,0.9797047970479705,0.9317343173431735,608.7158671586716,7.129151291512915,16.14760147601476,0.3837638376383764,0.1900369003690037,0.1937269372693727,0.6199261992619927,0.37822878228782286
337,1463.0206896551724,-1.806206896551724,1.4275862068965517,2.586206896551724,1.3086206896551724,0.7586206896551724,671.3206896551724,6.432758620689655,15.203448275862069,0.32413793103448274,0.14655172413793102,0.17758620689655172,0.6379310344827587,0.3620689655172414
338,1355.8872950819673,-1.3442008196721311,3.165983606557377,1.8790983606557377,1.1311475409836065,0.9282786885245902,578.0122950819672,7.426229508196721,17.24590163934426,0.7397540983606558,0.4323770491803279,0.3073770491803279,0.6557377049180327,0.3401639344262295
339,1331.368670886076,-0.8484810126582278,3.1408227848101267,2.4145569620253164,1.0569620253164558,0.8322784810126582,585.123417721519,7.947784810126582,17.979430379746834,0.2389240506329114,0.10759493670886076,0.13132911392405064,0.6613924050632911,0.3322784810126582
340,1367.4826958105646,-1.8987249544626597,1.3861566484517305,1.97632058287796,1.5610200364298725,0.7468123861566485,624.1238615664845,7.3096539162112935,17.50455373406193,0.4681238615664845,0.22950819672131148,0.23861566484517305,0.6958105646630237,0.30418943533697634
341,1419.7495256166983,-1.7528842504743833,2.6432637571157493,2.195445920303605,1.110056925996205,0.8975332068311196,607.0740037950665,7.0379506641366225,15.855787476280835,0.9089184060721063,0.3567362428842505,0.5521821631878557,0.6129032258064516,0.3870967741935484
342,1460.01872074883,-1.341216848673947,2.5585023400936038,2.293291731669267,1.2761310452418098,0.8237129485179407,627.424336973479,6.733229329173167,14.97191887675507,0.8003120124804992,0.39781591263650545,0.40249609984399376,0.6006240249609984,0.3962558502340094
343,1464.2734225621416,-1.6926195028680688,1.5353728489483747,1.8910133843212238,1.650095602294455,0.8145315487571702,664.3441682600383,6.489483747609943,15.22944550669216,0.4168260038240918,0.26577437858508607,0.15105162523900573,0.5965583173996176,0.40344168260038243
344,1387.879759519038,-1.716993987975952,3.2064128256513027,1.5450901803607215,1.25250501002004,0.845691382765531,580.4589178356713,7.551102204408818,16.665330661322646,0.4228456913827655,0.22044088176352705,0.20240480961923848,0.5951903807615231,0.40480961923847697
345,1408.579831932773,-1.1162352941176472,2.8941176470588235,1.776470588235294,1.3159663865546218,0.9815126050420168,602.1193277310924,6.8655462184873945,16.015126050420168,0.5579831932773109,0.23361344537815126,0.3243697478991597,0.6151260504201681,0.37815126050420167
346,1443.997461928934,-1.7016497461928934,1.1928934010152283,1.5964467005076142,1.4898477157360406,0.9010152284263959,605.241116751269,6.98984771573604,15.32741116751269,0.19796954314720813,0.08121827411167512,0.116751269035533,0.6040609137055838,0.39593908629441626
347,1576.2045454545455,-1.5339962121212123,2.6571969696969697,1.7518939393939394,1.3920454545454546,0.8617424242424242,607.3560606060606,5.15530303030303,11.679924242424242,0.18371212121212122,0.06628787878787878,0.11742424242424243,0.48863636363636365,0.5113636363636364
348,1298.724946695096,2.212963752665245,3.4029850746268657,1.511727078891258,1.1940298507462686,1.2537313432835822,575.2942430703624,7.688699360341151,17.86140724946695,0.7611940298507462,0.47121535181236673,0.2899786780383795,0.6950959488272921,0.2622601279317697
349,1498.6613861386138,-1.8666732673267326,1.5128712871287129,1.8475247524752476,1.6792079207920791,0.8574257425742574,684.0435643564357,6.089108910891089,14.06138613861386,0.13465346534653466,0.08712871287128712,0.047524752475247525,0.6277227722772277,0.3722772277227723
350,1391.7992277992278,-1.7680694980694982,2.5694980694980694,1.9575289575289576,1.3127413127413128,0.8957528957528957,631.0540540540541,7.001930501930502,16.166023166023166,0.333976833976834,0.15057915057915058,0.1833976833976834,0.6447876447876448,0.3532818532818533
351,1429.8699472759226,-1.8038312829525485,2.5606326889279436,2.393673110720562,1.133567662565905,0.8998242530755711,581.5782073813708,6.664323374340949,15.321616871704745,0.27943760984182775,0.1335676625659051,0.14586994727592267,0.5975395430579965,0.4024604569420035
352,1463.39593114241,-1.6581533646322377,1.0766823161189358,1.8560250391236306,1.834115805946792,0.6948356807511737,578.8654147104851,6.021909233176839,14.671361502347418,0.38810641627543035,0.19248826291079812,0.19561815336463223,0.5774647887323944,0.4225352112676056
353,1476.1176470588234,-1.5052205882352943,3.110294117647059,1.9246323529411764,1.4301470588235294,0.7647058823529411,603.4227941176471,6.446691176470588,14.46875,0.2702205882352941,0.0974264705882353,0.17279411764705882,0.5496323529411765,0.4485294117647059
354,1501.8849206349207,-1.2353571428571428,3.3015873015873014,1.7043650793650793,1.2242063492063493,1.0674603174603174,521.3928571428571,6.436507936507937,13.69047619047619,0.3472222222222222,0.18253968253968253,0.16468253968253968,0.5238095238095238,0.4722222222222222
355,1318.5283400809717,-1.880688259109312,1.6680161943319838,1.45748987854251,1.757085020242915,0.7975708502024291,552.4291497975709,7.516194331983805,18.489878542510123,0.4149797570850202,0.2591093117408907,0.15587044534412955,0.680161943319838,0.31983805668016196
356,1429.8169014084508,-1.883661971830986,2.8051643192488265,2.1502347417840375,0.971830985915493,0.9530516431924883,561.4647887323944,6.492957746478873,15.19718309859155,0.34976525821596244,0.1784037558685446,0.17136150234741784,0.6009389671361502,0.39906103286384975
357,1369.1097804391218,-0.9139920159680639,2.720558882235529,2.1417165668662674,1.1796407185628743,0.9161676646706587,584.556886227545,7.059880239520958,16.67864271457086,0.34930139720558884,0.22355289421157684,0.12574850299401197,0.7045908183632734,0.2834331337325349
358,1242.50625,-2.05709375,1.515625,1.90625,1.29375,1.009375,576.86875,8.53125,20.2625,0.3125,0.16875,0.14375,0.734375,0.265625
359,1267.5807050092765,-2.0703710575139147,2.6586270871985156,1.966604823747681,1.2708719851576995,0.8478664192949907,561.7792207792207,8.144712430426717,19.41929499072356,0.1836734693877551,0.10946196660482375,0.07421150278293136,0.7458256029684601,0.2541743970315399
360,1385.655477031802,-1.1630565371024737,2.4169611307420493,2.2597173144876326,1.1519434628975265,1.0088339222614842,614.1024734982332,6.904593639575972,16.333922261484098,0.36925795053003535,0.21731448763250882,0.1519434628975265,0.627208480565371,0.36395759717314485
361,1357.4722222222222,-1.773361111111111,1.4777777777777779,1.8083333333333333,1.336111111111111,0.9972222222222222,532.3861111111111,7.455555555555556,17.261111111111113,0.2361111111111111,0.16111111111111112,0.075,0.6194444444444445,0.38055555555555554
362,1483.5690789473683,-1.581891447368421,2.6628289473684212,1.6595394736842106,1.361842105263158,0.774671052631579,608.016447368421,6.3042763157894735,14.208881578947368,0.75,0.34868421052631576,0.40131578947368424,0.5213815789473685,0.4786184210526316
363,1425.6576728499156,-1.013389544688027,2.9983136593591904,1.890387858347386,1.2495784148397977,0.8532883642495784,591.052276559865,6.720067453625632,15.615514333895447,0.4957841483979764,0.22596964586846544,0.26981450252951095,0.5952782462057336,0.3996627318718381
364,1511.0848329048843,-1.6183547557840616,1.562982005141388,1.4524421593830334,1.6760925449871464,0.8894601542416453,624.5784061696658,6.403598971722365,13.838046272493573,0.2416452442159383,0.16452442159383032,0.07712082262210797,0.5629820051413882,0.4370179948586118
365,1384.5340501792114,-1.7189964157706095,2.910394265232975,1.6881720430107527,1.4534050179211468,0.8602150537634409,637.2025089605735,7.358422939068101,16.6415770609319,0.553763440860215,0.25448028673835127,0.2992831541218638,0.6290322580645161,0.36917562724014336
366,1413.6380597014925,-0.5607276119402985,2.2593283582089554,2.173507462686567,1.1417910447761195,0.9235074626865671,613.2910447761194,6.852611940298507,15.796641791044776,0.7611940298507462,0.5335820895522388,0.22761194029850745,0.6063432835820896,0.3805970149253731
367,1524.4809843400446,-1.625234899328859,1.3154362416107384,2.272930648769575,1.3154362416107384,0.7874720357941835,662.5123042505593,6.378076062639821,13.548098434004475,0.5906040268456376,0.36017897091722595,0.23042505592841164,0.5659955257270693,0.43400447427293065
368,1416.2894117647058,-1.8886823529411767,3.284705882352941,1.32,1.1952941176470588,1.0141176470588236,627.7505882352941,7.397647058823529,15.92470588235294,0.7576470588235295,0.38823529411764707,0.36941176470588233,0.6329411764705882,0.36705882352941177
369,1443.634719710669,0.7124593128390597,3.151898734177215,2.155515370705244,1.1374321880650995,0.9927667269439421,649.4249547920434,6.566003616636528,14.325497287522603,0.19891500904159132,0.10669077757685352,0.0922242314647378,0.5985533453887885,0.38155515370705245
370,1444.4440497335702,-1.7825932504440498,1.3605683836589697,2.1207815275310833,1.547069271758437,0.7815275310834814,668.9289520426288,6.966252220248668,15.339253996447603,0.458259325044405,0.2433392539964476,0.21492007104795738,0.6341030195381883,0.36589698046181174
371,1332.748582230624,-1.927788279773157,2.7958412098298675,1.8714555765595464,1.2136105860113422,0.888468809073724,654.8960302457467,7.572778827977316,18.001890359168243,0.5954631379962193,0.28733459357277885,0.30812854442344045,0.6805293005671077,0.31947069943289225
372,1372.1104294478528,-0.6021472392638038,2.7392638036809815,2.098159509202454,1.3312883435582823,0.8282208588957055,590.3496932515337,7.265337423312883,16.680981595092025,0.3067484662576687,0.13957055214723926,0.16717791411042945,0.5920245398773006,0.3987730061349693
373,1334.3982758620689,-1.7292758620689654,1.4551724137931035,1.756896551724138,1.6724137931034482,0.6931034482758621,632.5206896551724,7.2844827586206895,17.779310344827586,0.3293103448275862,0.1879310344827586,0.1413793103448276,0.6706896551724137,0.3293103448275862
374,1402.2823779193207,-1.6993630573248406,2.859872611464968,1.535031847133758,1.3673036093418258,0.8704883227176221,637.8556263269639,6.855626326963907,15.94267515923567,0.35456475583864117,0.18471337579617833,0.16985138004246284,0.5732484076433121,0.4267515923566879
375,1294.8969804618118,-1.8650799289520426,2.964476021314387,1.9964476021314388,1.103019538188277,0.7921847246891652,542.2220248667851,7.701598579040852,18.4955595026643,0.5310834813499112,0.2753108348134991,0.2557726465364121,0.6412078152753108,0.35879218472468916
376,1255.8407766990292,-1.8258058252427183,1.1436893203883496,1.8135922330097087,1.5728155339805825,0.8174757281553398,618.4970873786408,8.166990291262136,19.943689320388348,0.29514563106796116,0.1941747572815534,0.10097087378640776,0.6951456310679611,0.3048543689320388
377,1412.0119760479042,-1.624870259481038,2.970059880239521,1.9560878243512974,1.3013972055888223,0.7864271457085829,603.8403193612775,7.249500998003992,15.8562874251497,0.3013972055888224,0.13972055888223553,0.16167664670658682,0.5988023952095808,0.3992015968063872
378,1313.906191369606,0.7003564727954972,3.2420262664165103,1.9699812382739212,1.125703564727955,1.1801125703564728,610.4202626641651,8.25140712945591,17.94934333958724,0.8536585365853658,0.3696060037523452,0.48405253283302063,0.6641651031894934,0.3058161350844278
379,1436.1357798165138,-1.721467889908257,1.5064220183486239,2.1871559633027524,1.5064220183486239,0.7889908256880734,645.6458715596331,6.834862385321101,15.508256880733946,0.47889908256880737,0.28073394495412846,0.1981651376146789,0.6440366972477064,0.3559633027522936
380,1353.9380341880342,-1.237457264957265,2.7884615384615383,1.9316239316239316,1.1816239316239316,0.9337606837606838,624.4102564102565,7.891025641025641,17.4017094017094,0.5149572649572649,0.22008547008547008,0.2948717948717949,0.6474358974358975,0.3482905982905983
381,1334.3935185185185,-1.9489814814814816,2.9814814814814814,2.386574074074074,0.9050925925925926,0.9351851851851852,600.1921296296297,7.979166666666667,18.09490740740741,0.4027777777777778,0.2199074074074074,0.18287037037037038,0.6944444444444444,0.3055555555555556
382,1486.4411764705883,-1.5179411764705881,1.1341911764705883,1.625,1.7996323529411764,0.6875,610.1709558823529,6.321691176470588,14.297794117647058,0.5900735294117647,0.3069852941176471,0.28308823529411764,0.5257352941176471,0.4742647058823529
383,1328.2348877374784,-1.8302417962003454,2.780656303972366,1.8134715025906736,1.4438687392055267,0.7409326424870466,627.9723661485319,7.765112262521589,18.127806563039723,0.39378238341968913,0.16580310880829016,0.22797927461139897,0.6545768566493955,0.3454231433506045
384,1451.4673267326732,-1.7598217821782178,3.205940594059406,1.899009900990099,1.0594059405940595,0.9485148514851485,613.790099009901,6.706930693069307,14.831683168316832,0.2594059405940594,0.1801980198019802,0.07920792079207921,0.5722772277227722,0.4277227722772277
385,1537.918918918919,-1.5578885135135134,1.5861486486486487,1.7381756756756757,1.6216216216216217,0.714527027027027,673.7027027027027,6.331081081081081,13.53885135135135,0.9915540540540541,0.4780405405405405,0.5135135135135135,0.5608108108108109,0.4391891891891892
386,1432.2591792656588,-1.6068034557235422,2.8034557235421165,2.0064794816414686,1.038876889848812,0.8747300215982722,647.0950323974082,7.071274298056156,15.734341252699783,0.755939524838013,0.41252699784017277,0.3434125269978402,0.5658747300215983,0.4319654427645788
387,1497.7039215686275,-1.716470588235294,2.876470588235294,2.6,1.0745098039215686,0.803921568627451,636.2411764705882,6.213725490196079,13.966666666666667,0.2549019607843137,0.17254901960784313,0.08235294117647059,0.5882352941176471,0.4117647058823529
388,1321.0666666666666,-1.83225,1.3611111111111112,2.0861111111111112,1.275,0.9416666666666667,623.6527777777778,8.675,18.805555555555557,0.5527777777777778,0.3194444444444444,0.23333333333333334,0.6861111111111111,0.3138888888888889
389,1418.3400735294117,-1.7301470588235295,3.0716911764705883,1.994485294117647,1.1948529411764706,0.7904411764705882,622.0147058823529,6.610294117647059,15.830882352941176,0.22058823529411764,0.12316176470588236,0.0974264705882353,0.6231617647058824,0.37683823529411764
390,1384.5749559082892,-0.768994708994709,2.188712522045855,2.472663139329806,1.17989417989418,0.9664902998236331,626.7566137566138,7.287477954144621,16.137566137566136,0.3950617283950617,0.18342151675485008,0.21164021164021163,0.6402116402116402,0.3527336860670194
391,1460.1608695652174,-1.5465434782608696,1.441304347826087,1.7478260869565216,1.5782608695652174,0.8891304347826087,668.8391304347826,6.793478260869565,14.932608695652174,0.4891304347826087,0.31956521739130433,0.16956521739130434,0.5739130434782609,0.42391304347826086
392,1457.7373358348968,-1.581782363977486,2.872420262664165,2.0637898686679175,1.1819887429643527,0.8273921200750469,630.1951219512196,6.881801125703565,15.069418386491558,1.0562851782363978,0.4727954971857411,0.5834896810506567,0.624765478424015,0.37335834896810505
393,1415.525222551929,-1.6332937685459938,2.6379821958456975,2.1750741839762613,1.2626112759643917,0.7655786350148368,616.0207715133531,6.885756676557864,16.02967359050445,0.46142433234421365,0.2166172106824926,0.24480712166172106,0.6186943620178041,0.3798219584569733
394,1445.3027888446215,-1.0020916334661354,1.7669322709163346,1.4940239043824701,1.745019920318725,0.8864541832669323,598.390438247012,6.631474103585657,15.258964143426295,0.46613545816733065,0.17330677290836655,0.29282868525896416,0.599601593625498,0.39243027888446214
395,1318.7333333333333,-1.8253599999999999,3.3573333333333335,1.5333333333333334,1.2106666666666666,0.7973333333333333,532.1013333333333,8.125333333333334,18.141333333333332,1.072,0.6,0.472,0.6426666666666667,0.35733333333333334
396,1357.854351687389,-0.8074955595026643,2.2770870337477795,2.124333925399645,1.2078152753108349,0.955595026642984,577.0994671403197,7.4920071047957375,17.214920071047956,0.5417406749555951,0.2539964476021314,0.2877442273534636,0.6607460035523979,0.3321492007104796
397,1355.3854389721628,-1.8229122055674518,1.3790149892933619,2.513918629550321,1.2312633832976445,0.7922912205567452,588.2184154175588,7.453961456102784,17.886509635974303,0.4025695931477516,0.16488222698072805,0.23768736616702354,0.6702355460385439,0.3297644539614561
398,1298.10407239819,-1.9519230769230769,3.083710407239819,1.8981900452488687,1.090497737556561,0.8484162895927602,591.1719457013575,8.46606334841629,18.85972850678733,0.5633484162895928,0.33031674208144796,0.2330316742081448,0.7307692307692307,0.2692307692307692
399,1308.5392670157069,-1.6271902268760907,2.575916230366492,2.31064572425829,1.162303664921466,0.806282722513089,605.2216404886562,7.286212914485166,18.19197207678883,0.3228621291448517,0.2268760907504363,0.09598603839441536,0.7068062827225131,0.2862129144851658
400,1377.6629213483145,-1.719119850187266,1.1891385767790261,2.1179775280898876,1.5580524344569289,0.8408239700374532,602.0898876404494,7.5655430711610485,17.071161048689138,0.3464419475655431,0.18352059925093633,0.16292134831460675,0.6666666666666666,0.3295880149812734
401,1411.1505617977527,-1.863191011235955,2.7707865168539327,2.10561797752809,1.0808988764044944,0.9842696629213483,599.9168539325842,7.202247191011236,16.029213483146066,0.6112359550561798,0.27415730337078653,0.33707865168539325,0.6831460674157304,0.31685393258426964
402,1335.5589225589226,-0.4717676767676768,2.494949494949495,2.074074074074074,1.3114478114478114,0.9713804713804713,576.523569023569,7.712121212121212,17.875420875420875,0.6262626262626263,0.335016835016835,0.29124579124579125,0.6397306397306397,0.3484848484848485
403,1377.2738336713996,-1.8610141987829616,1.4016227180527383,1.872210953346856,1.4665314401622718,0.8154158215010142,623.4787018255578,7.444219066937119,16.904665314401623,0.5172413793103449,0.3184584178498986,0.19878296146044624,0.6348884381338742,0.36511156186612576
404,1334.55,-1.8286818181818183,3.3863636363636362,1.5886363636363636,1.1727272727272726,0.7681818181818182,618.7318181818182,7.615909090909091,17.711363636363636,0.23863636363636365,0.11363636363636363,0.125,0.65,0.35
405,1293.7571157495256,-1.9840227703984818,2.9222011385199242,1.7703984819734346,1.3434535104364327,1.0284629981024669,593.2561669829222,8.127134724857685,19.077798861480076,0.7817836812144212,0.35294117647058826,0.428842504743833,0.7096774193548387,0.2903225806451613
406,1234.7694174757282,-0.7444174757281553,1.0898058252427185,1.941747572815534,1.5509708737864079,0.9223300970873787,580.7621359223301,8.701456310679612,20.46359223300971,0.9830097087378641,0.4393203883495146,0.5436893203883495,0.7669902912621359,0.22330097087378642
407,1392.064128256513,-1.561623246492986,3.0400801603206413,2.096192384769539,1.1503006012024048,0.8517034068136272,626.5771543086172,7.434869739478958,16.392785571142284,0.312625250501002,0.1683366733466934,0.14428857715430862,0.6613226452905812,0.3366733466933868
408,1093.609375,-2.1571614583333334,2.7526041666666665,1.9869791666666667,0.9296875,0.8203125,542.53125,8.934895833333334,23.213541666666668,0.4088541666666667,0.19270833333333334,0.21614583333333334,0.8177083333333334,0.18229166666666666
409,1390.6121739130435,-1.9409565217391302,1.325217391304348,2.0991304347826087,1.6417391304347826,0.6869565217391305,631.7495652173913,7.24695652173913,16.48,0.16869565217391305,0.11130434782608696,0.057391304347826085,0.7095652173913043,0.29043478260869565
410,1260.9579684763573,-1.9635026269702278,2.168126094570928,2.1628721541155866,1.4080560420315236,0.8476357267950964,647.614711033275,8.52014010507881,19.961471103327497,0.38528896672504376,0.17513134851138354,0.21015761821366025,0.7408056042031523,0.2591943957968476
411,1203.6848484848485,-2.042222222222222,2.606060606060606,2.371717171717172,1.0262626262626262,0.8282828282828283,545.2969696969697,8.812121212121212,21.048484848484847,0.296969696969697,0.1191919191919192,0.17777777777777778,0.7737373737373737,0.22626262626262628
412,1428.1332288401254,-1.4565987460815049,1.073667711598746,1.7147335423197492,1.7884012539184952,0.6567398119122257,611.9028213166144,6.978056426332288,15.905956112852664,0.9529780564263323,0.5705329153605015,0.3824451410658307,0.6112852664576802,0.3871473354231975
413,1450.3241590214068,-1.6649082568807339,2.8654434250764527,1.879204892966361,1.2874617737003058,0.7874617737003058,663.4847094801223,6.790519877675841,15.370030581039755,0.8363914373088684,0.40978593272171254,0.42660550458715596,0.591743119266055,0.40519877675840976
414,1480.9959100204499,-1.5255828220858896,3.0,1.883435582822086,1.2535787321063394,0.918200408997955,638.1901840490798,6.3905930470347645,14.251533742331288,0.3824130879345603,0.24335378323108384,0.1390593047034765,0.5337423312883436,0.46421267893660534
415,1388.4751773049645,-1.9197163120567375,1.7163120567375887,1.33096926713948,1.7210401891252955,0.9361702127659575,671.6855791962175,8.148936170212766,17.56028368794326,0.7328605200945626,0.41843971631205673,0.3144208037825059,0.6713947990543735,0.32860520094562645
416,1472.1350710900474,-1.7198104265402843,3.1279620853080567,2.09478672985782,0.8270142180094787,1.004739336492891,637.3104265402843,6.971563981042654,14.876777251184834,0.7867298578199052,0.35545023696682465,0.4312796208530806,0.5734597156398105,0.42417061611374407
417,1393.6027944111777,-1.9431137724550898,2.9540918163672654,2.5049900199600796,0.9560878243512974,0.6986027944111777,628.7924151696607,7.630738522954092,16.520958083832337,0.1157684630738523,0.05389221556886228,0.06187624750499002,0.6926147704590818,0.3073852295409182
418,1474.442196531792,-1.858670520231214,1.7630057803468209,2.101156069364162,1.1445086705202312,1.1271676300578035,637.4075144508671,7.30635838150289,15.45664739884393,0.8583815028901735,0.4884393063583815,0.3699421965317919,0.5953757225433526,0.4046242774566474
419,1424.0194931773879,-1.716608187134503,3.508771929824561,1.9805068226120857,0.9805068226120858,0.8538011695906432,644.2417153996101,7.0682261208577,15.559454191033138,0.30409356725146197,0.18518518518518517,0.1189083820662768,0.631578947368421,0.36257309941520466
420,1355.5065176908752,-1.0647672253258844,2.366852886405959,2.346368715083799,1.0689013035381751,1.0651769087523277,615.5921787709498,7.5195530726256985,16.80633147113594,0.3333333333333333,0.15456238361266295,0.1787709497206704,0.6443202979515829,0.3463687150837989
421,1336.762402088773,-1.9151436031331592,1.5691906005221932,1.8302872062663185,1.3002610966057442,1.0443864229765014,643.0339425587467,8.234986945169712,18.16971279373368,0.7754569190600522,0.5456919060052219,0.2297650130548303,0.6762402088772846,0.3237597911227154
422,1533.5367346938776,-1.6843469387755103,2.873469387755102,1.7510204081632652,1.2469387755102042,0.9530612244897959,653.2326530612245,6.66734693877551,13.846938775510203,1.3571428571428572,0.6306122448979592,0.726530612244898,0.5510204081632653,0.4489795918367347
423,1345.6437007874015,0.4867716535433071,2.8818897637795278,1.921259842519685,1.3543307086614174,1.0393700787401574,679.1555118110236,7.78740157480315,17.511811023622048,0.8366141732283464,0.44881889763779526,0.38779527559055116,0.6732283464566929,0.30708661417322836
424,1449.670520231214,-1.6727167630057804,1.8352601156069364,1.216763005780347,1.5953757225433527,1.0809248554913296,640.0549132947976,7.326589595375722,15.497109826589595,0.7716763005780347,0.36127167630057805,0.41040462427745666,0.5549132947976878,0.44508670520231214
425,1365.7759815242493,-1.5581986143187068,3.399538106235566,1.6905311778290992,1.2840646651270209,0.9930715935334873,595.6443418013857,8.870669745958429,18.15242494226328,1.1870669745958429,0.5473441108545035,0.6397228637413395,0.5889145496535797,0.40877598152424943
426,1405.5770234986944,-0.8908616187989555,2.9817232375979112,1.9503916449086163,1.0287206266318538,1.2532637075718016,589.4360313315927,7.402088772845953,16.276762402088774,0.9895561357702349,0.5691906005221932,0.42036553524804177,0.5953002610966057,0.39947780678851175
427,1452.9474835886215,-1.7537855579868709,1.538293216630197,2.336980306345733,1.312910284463895,0.8796498905908097,655.855579868709,7.36980306345733,15.682713347921226,0.7811816192560175,0.40700218818380746,0.3741794310722101,0.5776805251641138,0.4223194748358862
428,1227.6832460732985,-1.8497120418848167,2.9476439790575917,1.787958115183246,1.0654450261780104,0.8926701570680629,575.4450261780105,8.787958115183246,20.832460732984295,0.7539267015706806,0.2670157068062827,0.4869109947643979,0.7041884816753927,0.29581151832460734
429,1298.7234848484848,-0.668409090909091,2.975378787878788,2.132575757575758,1.0700757575757576,0.8674242424242424,610.7613636363636,8.130681818181818,18.178030303030305,0.32954545454545453,0.14204545454545456,0.1875,0.6628787878787878,0.32765151515151514
430,1188.350114416476,-1.6144851258581234,1.162471395881007,1.8810068649885583,1.4668192219679634,0.7940503432494279,592.5720823798626,8.77116704805492,21.35011441647597,0.6407322654462243,0.32723112128146453,0.3135011441647597,0.7322654462242563,0.2654462242562929
431,1292.827763496144,-2.0037532133676095,2.5398457583547556,2.038560411311054,0.974293059125964,0.910025706940874,617.3727506426735,8.03598971722365,18.75835475578406,0.8586118251928021,0.506426735218509,0.35218508997429304,0.699228791773779,0.30077120822622105
432,1202.4082397003745,-1.6065917602996256,2.1853932584269664,2.202247191011236,1.2153558052434457,0.8576779026217228,574.3970037453183,8.576779026217228,20.617977528089888,1.0243445692883895,0.4737827715355805,0.550561797752809,0.7322097378277154,0.2640449438202247
433,1401.8396226415093,-1.7286037735849056,1.2867924528301886,1.9264150943396225,1.6452830188679246,0.7245283018867924,687.2811320754716,7.186792452830189,16.447169811320755,0.9905660377358491,0.5679245283018868,0.4226415094339623,0.6283018867924528,0.37169811320754714
434,1404.5703883495146,-1.7699271844660196,3.1844660194174756,1.4757281553398058,1.2378640776699028,0.9199029126213593,660.1529126213592,6.759708737864078,15.257281553398059,0.4053398058252427,0.21601941747572814,0.18932038834951456,0.5655339805825242,0.4344660194174757
435,1173.9056603773586,-1.9193261455525608,2.9110512129380055,1.463611859838275,1.0835579514824798,1.059299191374663,561.3207547169811,8.975741239892184,21.412398921832885,0.7115902964959568,0.33153638814016173,0.38005390835579517,0.7358490566037735,0.2641509433962264
436,1239.220623501199,-1.963717026378897,1.1678657074340528,1.8201438848920863,1.4028776978417266,0.8705035971223022,599.3381294964029,8.29736211031175,20.026378896882495,0.6666666666666666,0.3932853717026379,0.2733812949640288,0.7290167865707434,0.2709832134292566
437,1261.5314285714285,-1.4049714285714285,3.1,1.6457142857142857,1.0257142857142858,0.7885714285714286,523.1285714285714,7.897142857142857,19.602857142857143,0.14,0.054285714285714284,0.08571428571428572,0.6485714285714286,0.3485714285714286
438,1258.1333333333334,-0.9592142857142857,2.880952380952381,2.0047619047619047,0.8928571428571429,0.9833333333333333,595.5380952380953,8.438095238095238,19.238095238095237,0.8166666666666667,0.4595238095238095,0.35714285714285715,0.7380952380952381,0.24523809523809523
439,1335.5505617977528,-1.4918876404494381,1.5123595505617977,1.9910112359550562,1.4651685393258427,0.8112359550561797,638.5348314606741,7.72808988764045,18.0,0.33707865168539325,0.1797752808988764,0.15730337078651685,0.7078651685393258,0.2898876404494382
440,1302.1016166281754,-1.7366281755196307,2.2263279445727484,2.1062355658198615,1.0600461893764435,0.9330254041570438,634.676674364896,7.644341801385681,18.26096997690531,0.6581986143187067,0.26096997690531176,0.3972286374133949,0.6535796766743649,0.3464203233256351
441,1232.535802469136,-1.9651604938271605,2.4074074074074074,1.9160493827160494,0.9382716049382716,0.891358024691358,578.6839506172839,8.619753086419752,20.014814814814816,0.6222222222222222,0.28641975308641976,0.3358024691358025,0.7382716049382716,0.2617283950617284
442,1443.010781671159,-1.74733153638814,1.4070080862533694,2.0539083557951483,1.2345013477088949,1.0080862533692723,634.4366576819407,6.522911051212938,15.196765498652292,0.8975741239892183,0.568733153638814,0.3288409703504043,0.6037735849056604,0.39622641509433965
443,1491.7581573896352,-1.6655470249520155,2.4433781190019195,1.9750479846449136,1.293666026871401,0.9117082533589251,688.3896353166987,6.616122840690979,14.047984644913628,1.09021113243762,0.5489443378119002,0.5412667946257198,0.5355086372360844,0.46257197696737046
444,1450.3068893528184,-1.0817954070981213,3.1774530271398747,1.7056367432150312,1.1816283924843425,1.0062630480167014,652.8016701461378,6.09812108559499,14.334029227557412,0.34029227557411273,0.1544885177453027,0.18580375782881003,0.5657620041753654,0.430062630480167
445,1385.5303430079155,-1.6243007915567282,1.7598944591029024,1.517150395778364,1.474934036939314,1.0263852242744063,657.5065963060686,7.503957783641161,16.79155672823219,1.6675461741424802,0.9050131926121372,0.762532981530343,0.604221635883905,0.39313984168865435
446,1387.5119047619048,-1.8392857142857142,2.8714285714285714,2.1142857142857143,1.0309523809523808,0.8333333333333334,663.0452380952381,7.40952380952381,16.86904761904762,1.1,0.4523809523809524,0.6476190476190476,0.6357142857142857,0.36428571428571427
447,1382.1269146608315,-1.735164113785558,2.6542669584245075,2.2166301969365425,0.9452954048140044,0.7724288840262582,610.1531728665208,6.975929978118162,16.669584245076585,0.27571115973741794,0.1838074398249453,0.09190371991247265,0.6105032822757112,0.38949671772428884
448,1304.0894736842106,-1.838421052631579,1.4052631578947368,1.894736842105263,1.3657894736842104,0.8947368421052632,647.6473684210526,8.436842105263159,18.818421052631578,0.9,0.49736842105263157,0.4026315789473684,0.7052631578947368,0.29473684210526313
449,1286.7162471395882,-1.5745995423340962,2.997711670480549,2.0526315789473686,1.0732265446224256,0.8924485125858124,582.9176201372998,7.780320366132723,18.295194508009153,0.665903890160183,0.30892448512585813,0.35697940503432496,0.7070938215102975,0.2906178489702517
450,1405.3450087565675,-0.852031523642732,2.3467600700525395,2.3432574430823117,1.0490367775831875,0.9614711033274956,652.5113835376533,6.674255691768827,15.898423817863398,0.6129597197898424,0.19089316987740806,0.4220665499124343,0.658493870402802,0.3309982486865149
451,1303.78,-1.4811999999999999,1.7028571428571428,1.8657142857142857,1.2514285714285713,1.022857142857143,608.8314285714285,8.037142857142857,18.71142857142857,0.6828571428571428,0.4114285714285714,0.2714285714285714,0.6685714285714286,0.32857142857142857
452,1383.982456140351,-1.7496491228070177,2.9512670565302144,1.7953216374269005,1.1578947368421053,0.8635477582846004,592.0019493177388,7.087719298245614,16.528265107212476,1.2709551656920077,0.6471734892787524,0.6237816764132553,0.621832358674464,0.3762183235867446
453,1567.0452961672474,-1.1895993031358885,2.827526132404181,2.1045296167247387,1.2508710801393728,0.813588850174216,718.0871080139373,5.2979094076655056,11.973867595818815,0.4895470383275261,0.27177700348432055,0.21777003484320556,0.5069686411149826,0.4878048780487805
454,1438.9928571428572,-1.5626428571428572,1.6904761904761905,1.3309523809523809,1.6928571428571428,0.8785714285714286,659.2904761904762,6.854761904761904,15.221428571428572,0.2833333333333333,0.14523809523809525,0.1380952380952381,0.5547619047619048,0.4452380952380952
455,1431.909426987061,-0.671829944547135,3.1312384473197783,1.5157116451016637,1.3622920517560073,0.8391866913123844,592.438077634011,6.608133086876156,15.149722735674677,0.8521256931608133,0.44731977818853974,0.4048059149722736,0.5434380776340111,0.44731977818853974
456,1421.919921875,0.41634765625,2.767578125,2.248046875,1.16015625,1.107421875,661.484375,6.9375,15.3359375,0.73046875,0.349609375,0.380859375,0.591796875,0.392578125
457,1268.9157894736843,-2.043578947368421,1.8,2.126315789473684,1.1657894736842105,0.9052631578947369,627.3605263157895,8.263157894736842,19.660526315789475,0.3894736842105263,0.2236842105263158,0.16578947368421051,0.7631578947368421,0.23684210526315788
458,1280.73,-1.9884600000000001,2.962,1.78,1.074,0.854,602.264,8.484,19.536,1.08,0.48,0.6,0.734,0.266
459,1266.3095652173913,-2.0240173913043478,2.973913043478261,2.1930434782608694,1.111304347826087,0.7286956521739131,618.3321739130434,8.069565217391304,19.356521739130436,0.391304347826087,0.20695652173913043,0.18434782608695652,0.7286956521739131,0.271304347826087
460,1347.5269709543568,-1.847780082987552,1.1639004149377594,2.12448132780083,1.4170124481327802,0.8029045643153527,623.3858921161826,7.83609958506224,17.856846473029044,0.5601659751037344,0.2863070539419087,0.27385892116182575,0.7344398340248963,0.26348547717842324
461,1355.6327683615818,-1.7068173258003767,2.64030131826742,2.175141242937853,1.0583804143126176,0.8813559322033898,608.6045197740114,7.553672316384181,17.45386064030132,0.6365348399246704,0.3239171374764595,0.3126177024482109,0.608286252354049,0.391713747645951
462,1375.2044088176353,-0.00787575150300608,2.635270541082164,2.4629258517034067,0.9779559118236473,0.9158316633266533,610.7154308617235,7.693386773547094,16.95190380761523,0.8376753507014028,0.4849699398797595,0.3527054108216433,0.6212424849699398,0.3587174348697395
463,1422.8556263269638,-1.8808067940552018,1.6985138004246285,2.418259023354565,1.3694267515923566,0.8789808917197452,661.5881104033971,7.51380042462845,16.666666666666668,0.7133757961783439,0.3609341825902335,0.3524416135881104,0.7048832271762208,0.2951167728237792
464,1452.8139534883721,-1.4448837209302325,3.3430232558139537,1.5833333333333333,1.2170542635658914,0.9573643410852714,692.8585271317829,6.616279069767442,15.112403100775193,0.6492248062015504,0.2926356589147287,0.35658914728682173,0.627906976744186,0.3682170542635659
465,1462.0836734693878,-1.2413673469387754,3.0183673469387755,1.7959183673469388,1.236734693877551,1.0673469387755101,666.7224489795918,6.738775510204082,15.051020408163266,0.7938775510204081,0.4163265306122449,0.37755102040816324,0.5836734693877551,0.4122448979591837
466,1421.2180974477958,-1.7423665893271463,1.259860788863109,2.3967517401392113,1.2134570765661252,0.8213457076566125,680.8190255220418,7.591647331786543,16.5800464037123,0.43387470997679817,0.2505800464037123,0.18329466357308585,0.6380510440835266,0.3619489559164733
467,1393.898148148148,-1.610148148148148,3.0407407407407407,2.1796296296296296,1.087037037037037,0.837037037037037,665.4796296296296,6.935185185185185,16.372222222222224,0.2962962962962963,0.15925925925925927,0.13703703703703704,0.6203703703703703,0.37777777777777777
468,1272.2261072261072,-1.8055244755244757,3.2867132867132867,2.174825174825175,0.8531468531468531,1.0326340326340326,577.6153846153846,8.613053613053612,19.58974358974359,0.8554778554778555,0.3916083916083916,0.46386946386946387,0.7062937062937062,0.2913752913752914
469,1330.8309352517986,-1.902248201438849,1.7482014388489209,2.2715827338129495,1.45863309352518,0.7823741007194245,689.2913669064748,7.33273381294964,17.508992805755394,0.1420863309352518,0.10071942446043165,0.04136690647482014,0.6906474820143885,0.30935251798561153
470,1465.0539130434784,-1.8584173913043476,2.7008695652173915,2.274782608695652,1.0643478260869565,0.8539130434782609,687.4017391304347,6.379130434782609,14.949565217391305,0.3982608695652174,0.19652173913043477,0.20173913043478262,0.6434782608695652,0.3565217391304348
471,1413.2569444444443,-1.9868518518518519,3.0162037037037037,2.3981481481481484,0.7893518518518519,0.9675925925925926,686.0046296296297,6.863425925925926,16.131944444444443,0.5972222222222222,0.27546296296296297,0.32175925925925924,0.6712962962962963,0.3287037037037037
472,1471.0455373406194,-1.870928961748634,1.1712204007285973,2.143897996357013,1.5519125683060109,0.7941712204007286,714.8670309653917,6.457194899817851,15.04007285974499,0.7832422586520947,0.47358834244080145,0.30965391621129323,0.6174863387978142,0.3825136612021858
473,1445.6888888888889,-1.7391623931623932,3.023931623931624,1.8837606837606837,1.3042735042735043,0.8700854700854701,743.7196581196581,6.887179487179488,15.26837606837607,0.7965811965811965,0.3435897435897436,0.452991452991453,0.6632478632478632,0.3333333333333333
474,1412.329650092081,-0.9768876611418049,3.165745856353591,2.0626151012891345,1.1086556169429098,0.9300184162062615,707.0589318600369,6.6593001841620625,15.74585635359116,0.3333333333333333,0.16206261510128914,0.1712707182320442,0.6629834254143646,0.3278084714548803
475,1275.174672489083,-2.011113537117904,1.7161572052401746,1.6746724890829694,1.6244541484716157,0.8537117903930131,710.7467248908297,7.919213973799127,19.49126637554585,0.6790393013100436,0.3799126637554585,0.29912663755458513,0.7816593886462883,0.2183406113537118
476,1421.426987060998,-1.3173937153419595,2.770794824399261,2.299445471349353,1.1016635859519408,0.8853974121996303,691.456561922366,7.077634011090573,16.32532347504621,0.6136783733826248,0.29390018484288355,0.3197781885397412,0.6155268022181146,0.3807763401109057
477,1446.330016583748,-1.0927197346600332,3.1509121061359866,2.525704809286899,1.0630182421227197,0.8441127694859039,729.3432835820895,6.653399668325042,15.165837479270316,0.351575456053068,0.22719734660033167,0.12437810945273632,0.6567164179104478,0.33665008291873966
478,1416.6699801192842,-2.0364015904572565,1.5606361829025845,1.8807157057654076,1.445328031809145,0.8330019880715706,701.3220675944334,7.276341948310139,16.30417495029821,0.5049701789264414,0.24254473161033796,0.2624254473161034,0.7276341948310139,0.27236580516898606
479,1256.8029079159935,-1.9330048465266558,3.109854604200323,2.003231017770598,1.0678513731825525,0.802907915993538,622.064620355412,7.681744749596123,19.738287560581583,0.3198707592891761,0.16962843295638125,0.15024232633279483,0.7172859450726979,0.2827140549273021
480,1492.1642036124795,0.20147783251231524,2.4991789819376025,2.6354679802955663,1.0821018062397372,0.9359605911330049,724.0032840722496,6.280788177339901,13.80623973727422,0.5582922824302134,0.2512315270935961,0.3070607553366174,0.5648604269293924,0.41050903119868637
481,1497.8382352941176,-1.7281722689075631,1.7436974789915967,2.142857142857143,1.3403361344537814,0.9222689075630253,727.9390756302521,6.239495798319328,14.3109243697479,1.115546218487395,0.5567226890756303,0.5588235294117647,0.5966386554621849,0.40336134453781514
482,1558.8037249283668,-1.643896848137536,2.732091690544413,2.183381088825215,1.157593123209169,0.7249283667621776,758.795128939828,5.925501432664756,13.12893982808023,1.16189111747851,0.5401146131805158,0.6217765042979942,0.5515759312320917,0.4484240687679083
483,1502.5841584158416,-0.2891419141914191,3.041254125412541,2.33993399339934,1.1848184818481848,0.8712871287128713,722.9306930693069,6.145214521452146,13.46039603960396,0.5957095709570958,0.27887788778877887,0.31683168316831684,0.5544554455445545,0.4273927392739274
484,1484.9022988505747,-1.8487547892720309,1.6379310344827587,1.685823754789272,1.685823754789272,0.8524904214559387,662.1187739463602,6.659003831417625,14.81992337164751,0.5708812260536399,0.289272030651341,0.28160919540229884,0.6111111111111112,0.3888888888888889
485,1479.95025728988,-1.8374785591766725,2.83704974271012,1.6277873070325901,1.4871355060034306,0.8147512864493996,722.0514579759863,6.233276157804459,14.542024013722127,1.0222984562607205,0.5608919382504288,0.4614065180102916,0.6123499142367067,0.3876500857632933
486,1532.5483271375465,-0.6784386617100372,2.492565055762082,2.676579925650558,0.9628252788104089,1.0223048327137547,699.453531598513,6.029739776951673,13.206319702602231,0.5408921933085502,0.2695167286245353,0.27137546468401486,0.5743494423791822,0.4107806691449814
487,1453.6205533596838,-1.8452964426877472,1.365612648221344,2.484189723320158,1.2727272727272727,0.7470355731225297,754.705533596838,6.747035573122529,15.3300395256917,0.466403162055336,0.2134387351778656,0.25296442687747034,0.6541501976284585,0.3458498023715415
488,1547.657258064516,-1.5711290322580644,3.4879032258064515,1.7923387096774193,1.122983870967742,0.9516129032258065,733.2116935483871,5.820564516129032,12.59475806451613,1.2278225806451613,0.6713709677419355,0.5564516129032258,0.5725806451612904,0.4254032258064516
489,1417.5187969924812,0.4490789473684211,3.0902255639097747,2.280075187969925,1.031954887218045,0.9229323308270677,636.3872180451128,6.7293233082706765,15.530075187969924,0.2575187969924812,0.10902255639097744,0.14849624060150377,0.6146616541353384,0.36278195488721804
490,1364.2457786116322,-1.6156660412757973,1.3414634146341464,2.3095684803001877,1.4446529080675423,0.8161350844277674,661.9193245778612,7.671669793621013,17.660412757973734,0.7317073170731707,0.3395872420262664,0.3921200750469043,0.6735459662288931,0.324577861163227
491,1374.228448275862,-1.8435775862068964,2.8383620689655173,2.4073275862068964,0.9655172413793104,0.8793103448275862,618.1487068965517,7.193965517241379,16.88146551724138,0.7241379310344828,0.34913793103448276,0.375,0.6206896551724138,0.3793103448275862
492,1440.530303030303,-0.14675084175084177,2.468013468013468,2.2777777777777777,1.1195286195286196,0.9814814814814815,654.9191919191919,6.779461279461279,14.984848484848484,0.4511784511784512,0.19865319865319866,0.25252525252525254,0.5925925925925926,0.3956228956228956
493,1518.7495219885277,-1.6365965583173998,1.4378585086042066,1.847036328871893,1.564053537284895,0.7762906309751434,712.6653919694072,5.871892925430211,13.659655831739961,0.2447418738049713,0.15105162523900573,0.09369024856596558,0.5449330783938815,0.45506692160611856
494,1570.8092105263158,-1.4657236842105263,2.8684210526315788,1.5416666666666667,1.2543859649122806,0.7960526315789473,690.2697368421053,5.133771929824562,11.572368421052632,0.24342105263157895,0.1074561403508772,0.13596491228070176,0.4605263157894737,0.5394736842105263
495,1411.3655913978494,-0.38598566308243737,2.9193548387096775,2.3620071684587813,1.0770609318996416,0.9175627240143369,680.9659498207885,6.869175627240144,15.980286738351255,0.5824372759856631,0.27060931899641577,0.3118279569892473,0.6326164874551972,0.35304659498207885
496,1440.9314285714286,-1.6487238095238097,1.2285714285714286,2.283809523809524,1.5047619047619047,0.7466666666666667,706.8533333333334,6.860952380952381,15.624761904761904,0.3161904761904762,0.18476190476190477,0.13142857142857142,0.6304761904761905,0.36952380952380953
497,1446.5767790262173,-1.453689138576779,2.743445692883895,2.2808988764044944,1.200374531835206,0.7921348314606742,737.1629213483146,6.370786516853933,14.94756554307116,0.27715355805243447,0.11797752808988764,0.15917602996254682,0.5767790262172284,0.42134831460674155
498,1321.1242603550295,1.720473372781065,3.1025641025641026,2.3136094674556213,1.0315581854043392,0.9428007889546351,647.2721893491124,7.428007889546351,17.53846153846154,0.5542406311637081,0.23668639053254437,0.3175542406311637,0.6331360946745562,0.34516765285996054
499,1513.562613430127,-1.6889655172413793,1.662431941923775,2.2540834845735027,1.5535390199637023,0.79491833030853,681.1869328493648,6.068965517241379,13.664246823956443,0.16696914700544466,0.09437386569872959,0.07259528130671507,0.5898366606170599,0.4101633393829401
500,1406.7559198542806,-1.4973224043715847,2.6302367941712204,2.2568306010928962,1.1438979963570128,0.9052823315118397,708.4353369763206,6.387978142076503,15.224043715846994,0.48633879781420764,0.26229508196721313,0.22404371584699453,0.6284153005464481,0.3697632058287796
501,1458.683569979716,-1.6857809330628803,2.563894523326572,2.6206896551724137,1.028397565922921,0.7931034482758621,661.290060851927,5.9776876267748476,14.411764705882353,0.22920892494929007,0.12981744421906694,0.09939148073022312,0.5679513184584178,0.43204868154158216
502,1432.0563909774437,-1.8126879699248122,1.163533834586466,1.8834586466165413,1.8515037593984962,0.7800751879699248,757.1917293233083,6.565789473684211,15.503759398496241,0.4755639097744361,0.2462406015037594,0.22932330827067668,0.6860902255639098,0.31390977443609025
503,1462.5234113712374,-1.751354515050167,3.1739130434782608,2.100334448160535,1.2107023411371238,0.7842809364548495,709.4866220735786,5.963210702341137,14.479933110367893,0.3896321070234114,0.18227424749163879,0.20735785953177258,0.5953177257525084,0.40468227424749165
504,1480.6061151079136,-1.054910071942446,2.9388489208633093,2.16726618705036,1.2032374100719425,0.8039568345323741,703.0935251798561,6.111510791366906,13.998201438848922,0.26618705035971224,0.1366906474820144,0.12949640287769784,0.5629496402877698,0.43345323741007197
505,1497.7937293729374,-1.0978547854785479,1.6171617161716172,1.7095709570957096,1.7409240924092408,0.7755775577557755,711.2986798679868,5.7772277227722775,13.709570957095709,0.5511551155115512,0.2755775577557756,0.2755775577557756,0.5478547854785478,0.4438943894389439
506,1483.7765363128492,-1.6657914338919926,2.9813780260707636,2.387337057728119,1.0074487895716946,0.925512104283054,634.8640595903166,5.895716945996275,13.797020484171322,0.4767225325884544,0.24022346368715083,0.23649906890130354,0.515828677839851,0.48417132216014896
507,1551.0910780669144,-1.018104089219331,2.4144981412639406,2.8104089219330857,0.8996282527881041,0.8847583643122676,677.7899628252788,5.269516728624535,12.091078066914498,0.1449814126394052,0.05947955390334572,0.08550185873605948,0.5,0.4962825278810409
508,1427.1452631578948,-0.4854315789473684,1.894736842105263,2.5831578947368423,1.16,0.9305263157894736,681.9810526315789,6.04421052631579,14.884210526315789,0.5494736842105263,0.29473684210526313,0.25473684210526315,0.6126315789473684,0.37894736842105264
509,1460.6672384219553,-1.660343053173242,3.072041166380789,2.171526586620926,1.0017152658662092,0.7753001715265866,687.9571183533448,5.909090909090909,14.037735849056604,0.3584905660377358,0.1680960548885077,0.19039451114922812,0.5694682675814752,0.4305317324185249
510,1502.5971731448763,-1.6320494699646644,2.2579505300353357,2.4681978798586575,1.0600706713780919,0.9293286219081273,729.4328621908127,5.8021201413427566,13.618374558303888,0.6166077738515902,0.3409893992932862,0.2756183745583039,0.6360424028268551,0.3586572438162544
511,1421.5669291338584,-1.7963976377952757,1.5413385826771653,2.094488188976378,1.562992125984252,0.7736220472440944,678.3444881889764,6.966535433070866,15.807086614173228,0.27755905511811024,0.1889763779527559,0.08858267716535433,0.6417322834645669,0.35826771653543305
512,1553.5878594249202,-1.5752555910543131,2.900958466453674,2.2156549520766773,1.1437699680511182,0.7811501597444089,678.2060702875399,5.292332268370607,12.266773162939296,0.6373801916932907,0.3258785942492013,0.31150159744408945,0.48722044728434505,0.512779552715655
513,1556.0783645655877,0.7041737649063031,3.192504258943782,2.4190800681431006,1.0153321976149914,0.9114139693356048,689.6098807495741,5.366269165247019,11.80579216354344,0.4752981260647359,0.2282793867120954,0.24701873935264054,0.5264054514480409,0.45315161839863716
514,1424.4801512287333,-1.8332136105860113,1.8563327032136105,1.9017013232514177,1.606805293005671,0.7996219281663516,670.8544423440454,6.621928166351607,15.657844990548204,0.3553875236294896,0.1776937618147448,0.1776937618147448,0.6559546313799622,0.3440453686200378
515,1454.3220910623945,-1.7774030354131534,2.860033726812816,1.912310286677909,1.4165261382799326,0.8431703204047217,743.0691399662732,6.376053962900506,14.743676222596964,0.4991568296795953,0.22596964586846544,0.27318718381112983,0.5902192242833052,0.40978077571669475
516,1462.0291858678956,-1.3946390168970815,2.204301075268817,2.4946236559139785,1.0814132104454686,0.858678955453149,677.7849462365591,5.969278033794163,14.273425499231951,0.3456221198156682,0.1935483870967742,0.15207373271889402,0.5837173579109063,0.4147465437788018
517,1592.476459510358,0.22009416195856857,1.433145009416196,2.1638418079096047,1.4689265536723164,0.8229755178907722,795.1826741996233,5.0301318267419965,11.052730696798493,0.3352165725047081,0.1807909604519774,0.1544256120527307,0.4538606403013183,0.5310734463276836
518,1506.1682692307693,-0.41800480769230774,3.2235576923076925,1.5985576923076923,1.0769230769230769,1.1081730769230769,676.7211538461538,5.771634615384615,12.783653846153847,0.5168269230769231,0.25961538461538464,0.25721153846153844,0.4855769230769231,0.5
519,1406.243772241993,-1.8024377224199288,3.206405693950178,2.565836298932384,0.7846975088967971,0.895017793594306,635.8220640569396,6.434163701067615,15.580071174377224,0.21708185053380782,0.099644128113879,0.11743772241992882,0.5960854092526691,0.40391459074733094
520,1503.7298245614036,-1.6112631578947367,1.243859649122807,2.268421052631579,1.5614035087719298,0.7157894736842105,763.0456140350877,6.06140350877193,13.687719298245614,0.41228070175438597,0.18070175438596492,0.23157894736842105,0.6017543859649123,0.39649122807017545
521,1440.6480144404331,-1.6876353790613718,2.7978339350180503,2.288808664259928,1.0487364620938628,0.9115523465703971,672.0036101083033,6.005415162454874,14.71480144404332,0.43501805054151627,0.22743682310469315,0.2075812274368231,0.5451263537906137,0.4548736462093863
522,1508.565982404692,0.41127565982404685,2.436950146627566,2.3812316715542523,1.1407624633431086,0.9516129032258065,719.2199413489736,5.629032258064516,13.036656891495602,0.7126099706744868,0.43548387096774194,0.27712609970674484,0.5454545454545454,0.4310850439882698
523,1549.6470588235295,-1.726096256684492,1.5579322638146167,2.215686274509804,1.6167557932263814,0.8306595365418895,786.2067736185384,5.3440285204991085,12.27807486631016,0.5080213903743316,0.28520499108734404,0.22281639928698752,0.5383244206773619,0.46167557932263814
524,1469.4377431906614,-0.4217898832684824,3.2859922178988326,1.9007782101167314,1.027237354085603,0.914396887159533,657.2101167315175,5.57976653696498,13.721789883268482,0.40077821011673154,0.23151750972762647,0.16926070038910507,0.5214007782101168,0.4688715953307393
525,1549.6535836177475,-1.5831399317406143,2.7901023890784984,2.2064846416382253,1.1501706484641638,0.9863481228668942,683.6655290102389,5.215017064846417,12.073378839590443,0.48464163822525597,0.23720136518771331,0.24744027303754265,0.4931740614334471,0.5068259385665529
526,1503.3738489871087,-1.0161694290976058,1.3977900552486189,2.3241252302025783,1.4548802946593002,0.8692449355432781,691.1418047882137,5.543278084714549,13.329650092081032,0.4622467771639042,0.26703499079189685,0.19521178637200737,0.567219152854512,0.425414364640884
527,1596.5723370429253,-1.4280763116057233,2.7456279809220985,2.201907790143084,1.1875993640699523,0.8330683624801272,723.5484896661367,4.659777424483307,10.844197138314785,0.29411764705882354,0.11605723370429252,0.178060413354531,0.4483306836248013,0.5500794912559619
528,1523.6311787072243,0.15676806083650188,2.8954372623574143,2.326996197718631,0.9163498098859315,1.1330798479087452,705.2813688212927,4.811787072243346,11.817490494296578,0.5285171102661597,0.24714828897338403,0.2813688212927757,0.4847908745247148,0.4923954372623574
529,1619.14161849711,-1.4870809248554913,1.7196531791907514,2.226878612716763,1.3583815028901733,0.7138728323699421,748.7413294797688,4.291907514450867,10.41184971098266,0.20953757225433525,0.1199421965317919,0.08959537572254335,0.4869942196531792,0.5130057803468208
530,1480.1026936026935,-1.7336363636363636,2.5824915824915826,2.207070707070707,1.228956228956229,0.8787878787878788,738.496632996633,5.863636363636363,13.904040404040405,0.45454545454545453,0.21717171717171718,0.23737373737373738,0.6212121212121212,0.3787878787878788
531,1476.0051635111877,-1.0752323580034424,2.6781411359724614,2.783132530120482,0.9965576592082617,0.9104991394148021,622.9965576592083,5.7865748709122204,14.117039586919105,0.18760757314974183,0.07401032702237521,0.11359724612736662,0.5851979345955249,0.40963855421686746
532,1542.6225806451612,-0.6107741935483871,1.1919354838709677,1.9661290322580645,1.803225806451613,0.7774193548387097,700.7274193548387,5.266129032258065,12.485483870967743,0.6209677419354839,0.29516129032258065,0.3258064516129032,0.5306451612903226,0.4629032258064516
533,1453.5367316341828,-1.6635532233883057,2.7616191904047978,1.856071964017991,1.391304347826087,0.8110944527736131,710.5622188905547,6.176911544227886,14.551724137931034,0.44377811094452774,0.21139430284857572,0.23238380809595202,0.5847076461769115,0.41379310344827586
534,1546.760154738878,-0.9653965183752418,2.793036750483559,1.9787234042553192,1.3075435203094778,0.9458413926499033,670.504835589942,5.013539651837524,12.065764023210832,0.27852998065764023,0.172147001934236,0.10638297872340426,0.5241779497098646,0.46808510638297873
535,1470.3925549915398,-1.6737563451776651,1.4517766497461928,1.6598984771573604,1.8172588832487309,0.8138747884940778,703.0033840947547,6.027072758037225,14.593908629441625,0.3925549915397631,0.20135363790186125,0.19120135363790186,0.583756345177665,0.41624365482233505
536,1472.8246205733558,-1.6922934232715008,2.494097807757167,2.367622259696459,1.075885328836425,0.8381112984822934,715.079258010118,5.841483979763912,13.824620573355817,0.32040472175379425,0.12141652613827993,0.19898819561551434,0.5649241146711635,0.433389544688027
537,1485.3384353741496,-1.2791496598639456,2.5850340136054424,2.8622448979591835,1.0051020408163265,0.826530612244898,672.0085034013606,5.72108843537415,13.782312925170068,0.21598639455782312,0.08843537414965986,0.12755102040816327,0.5629251700680272,0.4302721088435374
538,1447.0,-1.826782786885246,1.7663934426229508,2.209016393442623,1.3627049180327868,0.9282786885245902,683.219262295082,6.344262295081967,14.881147540983607,0.4139344262295082,0.22336065573770492,0.19057377049180327,0.6454918032786885,0.35450819672131145
539,1466.9824046920821,-1.4043841642228738,2.9530791788856305,2.096774193548387,1.2243401759530792,0.7639296187683284,669.4472140762464,5.843108504398827,14.306451612903226,0.23607038123167157,0.11436950146627566,0.1217008797653959,0.5659824046920822,0.4310850439882698
540,1559.5245614035089,-1.2574561403508773,2.2350877192982455,2.349122807017544,1.1350877192982456,0.9210526315789473,656.478947368421,5.024561403508772,11.812280701754386,0.3333333333333333,0.15263157894736842,0.18070175438596492,0.47543859649122805,0.5175438596491229
541,1458.7806004618938,-1.6164896073903003,1.556581986143187,1.9468822170900693,1.535796766743649,0.9376443418013857,653.5750577367205,5.919168591224018,14.43879907621247,0.24249422632794457,0.14780600461893764,0.09468822170900693,0.5496535796766744,0.4503464203233256
542,1561.1811697574892,-0.9005848787446504,2.383737517831669,2.079885877318117,1.2796005706134095,0.7403708987161198,613.8216833095578,4.723252496433666,11.751783166904422,0.48074179743223966,0.25106990014265335,0.2296718972895863,0.463623395149786,0.5306704707560628
543,1531.3003412969283,0.13694539249146753,2.7918088737201363,2.4982935153583616,1.006825938566553,0.8959044368600683,710.2576791808874,5.15358361774744,12.245733788395905,0.5324232081911263,0.3054607508532423,0.22696245733788395,0.5750853242320819,0.40955631399317405
544,1419.8649193548388,-1.885423387096774,1.9294354838709677,2.036290322580645,1.4637096774193548,0.8729838709677419,656.0584677419355,6.576612903225806,15.745967741935484,0.5141129032258065,0.2862903225806452,0.22782258064516128,0.6653225806451613,0.3346774193548387
545,1577.578313253012,-1.545249569707401,2.7332185886402756,2.0206540447504304,1.278829604130809,0.8967297762478486,598.197934595525,4.612736660929432,11.182444061962133,0.6506024096385542,0.3373493975903614,0.3132530120481928,0.4836488812392427,0.5163511187607573
546,1405.8238532110092,-0.68,2.4146788990825687,2.5541284403669726,1.1798165137614678,0.9908256880733946,642.6311926605505,6.324770642201835,15.79816513761468,0.3394495412844037,0.20917431192660552,0.13027522935779817,0.5889908256880734,0.3963302752293578
547,1613.8517179023509,-1.627613019891501,1.546112115732369,2.386980108499096,1.3743218806509945,0.8010849909584087,685.245931283906,4.282097649186257,10.462929475587703,0.20614828209764918,0.10669077757685352,0.09945750452079566,0.4936708860759494,0.5063291139240507
548,1481.1157556270095,-1.8877170418006433,3.1189710610932475,1.6366559485530547,0.9196141479099679,0.9389067524115756,633.7877813504823,5.659163987138264,13.392282958199356,0.4630225080385852,0.22186495176848875,0.24115755627009647,0.5691318327974276,0.43086816720257237
549,1370.8338870431894,0.6287541528239202,3.2209302325581395,2.333887043189369,0.9817275747508306,0.9983388704318937,627.764119601329,6.823920265780731,16.249169435215947,0.23421926910299004,0.11295681063122924,0.1212624584717608,0.6395348837209303,0.3372093023255814
550,1553.1666666666667,-1.5465770609318996,1.1845878136200716,2.1594982078853047,1.5555555555555556,0.8082437275985663,756.6415770609319,5.469534050179211,12.578853046594983,0.44623655913978494,0.22939068100358423,0.2168458781362007,0.5483870967741935,0.449820788530466
551,1521.2007434944237,-1.7534758364312268,2.693308550185874,2.3810408921933086,1.0223048327137547,0.9535315985130112,685.2118959107806,5.371747211895911,12.570631970260223,0.3736059479553903,0.1449814126394052,0.22862453531598512,0.5669144981412639,0.43308550185873607
552,1536.9985974754559,-0.2198457223001402,2.5890603085554,2.377279102384292,1.1907433380084151,0.876577840112202,690.516129032258,5.513323983169705,12.636746143057504,0.3758765778401122,0.2244039270687237,0.1514726507713885,0.5455820476858345,0.43478260869565216
553,1610.3141891891892,-1.3999155405405406,1.6266891891891893,2.258445945945946,1.5016891891891893,0.8023648648648649,752.3040540540541,4.851351351351352,11.013513513513514,0.38513513513513514,0.21114864864864866,0.17398648648648649,0.5574324324324325,0.4375
554,1409.8477272727273,-1.6496363636363638,3.727272727272727,1.606818181818182,1.165909090909091,0.9454545454545454,637.2522727272727,6.4772727272727275,15.397727272727273,0.325,0.15681818181818183,0.16818181818181818,0.5704545454545454,0.42727272727272725
555,1478.6672297297298,-0.02951013513513518,2.7449324324324325,2.0996621621621623,1.160472972972973,1.0185810810810811,623.7922297297297,5.820945945945946,13.694256756756756,0.5033783783783784,0.21283783783783783,0.2905405405405405,0.5540540540540541,0.42567567567567566
556,1420.384761904762,-0.9935999999999999,1.6761904761904762,2.6609523809523807,1.3295238095238096,1.020952380952381,693.3771428571429,6.236190476190476,15.220952380952381,0.32,0.1619047619047619,0.1580952380952381,0.6247619047619047,0.36952380952380953
557,1480.2811501597444,-1.5856869009584664,2.720447284345048,2.365814696485623,1.0543130990415335,0.7763578274760383,687.9472843450479,5.7092651757188495,13.76517571884984,0.22364217252396165,0.10543130990415335,0.1182108626198083,0.5766773162939297,0.4233226837060703
558,1278.8192771084337,-1.49144578313253,3.0602409638554215,2.4879518072289155,0.8955823293172691,1.0562248995983936,610.6285140562248,7.943775100401607,19.038152610441767,0.3132530120481928,0.1927710843373494,0.12048192771084337,0.7228915662650602,0.2710843373493976
559,1566.687595712098,-1.2732312404287902,1.7381316998468606,2.335375191424196,1.4272588055130169,0.777947932618683,685.4532924961716,4.981623277182236,11.931087289433384,0.14548238897396631,0.07044410413476264,0.07503828483920368,0.5375191424196019,0.4609494640122512
560,1475.126245847176,-1.653156146179402,2.4601328903654487,2.456810631229236,1.106312292358804,0.8803986710963455,710.0299003322259,5.74750830564784,13.9734219269103,0.4119601328903654,0.21760797342192692,0.19435215946843853,0.6029900332225914,0.3953488372093023
561,1610.3262548262549,-1.5065250965250965,2.469111969111969,2.8204633204633205,0.9362934362934363,0.7953667953667953,690.8957528957529,4.781853281853282,10.826254826254827,0.09652509652509653,0.059845559845559844,0.03667953667953668,0.4575289575289575,0.5424710424710425
562,1511.6054054054055,-0.8238918918918918,1.1711711711711712,2.1135135135135137,1.5693693693693693,0.8540540540540541,731.0648648648648,6.034234234234234,13.581981981981983,0.47927927927927927,0.2126126126126126,0.26666666666666666,0.5747747747747748,0.42162162162162165
563,1374.1112903225805,-1.8280483870967743,2.8306451612903225,2.25,1.232258064516129,0.8241935483870968,658.4709677419355,6.95483870967742,16.664516129032258,0.5161290322580645,0.2725806451612903,0.2435483870967742,0.6645161290322581,0.33548387096774196
564,1466.6131260794473,-0.26234887737478413,3.1796200345423142,2.158894645941278,1.0742659758203799,0.9671848013816926,662.153713298791,6.029360967184801,14.195164075993091,0.3126079447322971,0.19689119170984457,0.1157167530224525,0.5664939550949913,0.4231433506044905
565,1426.8475836431228,-2.007602230483271,1.8866171003717471,2.003717472118959,1.496282527881041,0.8197026022304833,698.8866171003717,6.518587360594796,15.654275092936803,0.4851301115241636,0.258364312267658,0.22676579925650558,0.70817843866171,0.29182156133828996
566,1433.0208333333333,-1.840094696969697,2.9640151515151514,2.418560606060606,1.0606060606060606,0.9337121212121212,688.876893939394,6.5606060606060606,15.193181818181818,0.3806818181818182,0.1875,0.19318181818181818,0.6325757575757576,0.36742424242424243
567,1478.3376623376623,-1.5595779220779222,2.909090909090909,2.788961038961039,1.030844155844156,0.8603896103896104,642.1087662337662,5.89935064935065,14.193181818181818,0.17045454545454544,0.0633116883116883,0.10714285714285714,0.6038961038961039,0.39285714285714285
568,1375.1819960861058,-1.8880626223091976,1.6281800391389432,2.407045009784736,1.2876712328767124,0.821917808219178,680.279843444227,6.8669275929549904,16.551859099804304,0.46771037181996084,0.1917808219178082,0.2759295499021526,0.6771037181996086,0.32289628180039137
569,1391.9306358381502,-1.657601156069364,3.1228323699421967,2.229768786127168,1.0592485549132948,0.7861271676300579,677.5520231213873,6.789017341040463,16.01300578034682,0.26445086705202314,0.10549132947976879,0.15895953757225434,0.6661849710982659,0.3309248554913295
570,1527.641952983725,-1.6030922242314647,2.518987341772152,2.6419529837251354,0.8969258589511754,0.9023508137432188,670.0253164556962,5.528028933092224,12.99638336347197,0.9801084990958409,0.4538878842676311,0.5262206148282098,0.5714285714285714,0.42495479204339964
571,1478.3908045977012,-1.715574712643678,1.8084291187739463,2.2509578544061304,1.3601532567049808,0.8563218390804598,676.7432950191571,5.948275862068965,14.149425287356323,0.4272030651340996,0.2471264367816092,0.18007662835249041,0.5689655172413793,0.43103448275862066
572,1600.7885196374623,-0.6654531722054381,2.788519637462236,2.1646525679758306,1.243202416918429,0.8262839879154078,677.6993957703927,4.830815709969788,11.01963746223565,0.9169184290030211,0.47129909365558914,0.44561933534743203,0.4788519637462236,0.5151057401812689
573,1577.3315118397086,-1.6309107468123862,3.074681238615665,2.4644808743169397,0.9927140255009107,0.843351548269581,689.6120218579235,4.797814207650274,11.712204007285974,0.7377049180327869,0.33515482695810567,0.40255009107468126,0.48816029143898,0.51183970856102
574,1554.586,-1.20144,1.844,2.13,1.482,0.856,699.746,5.556,12.512,0.43,0.24,0.19,0.558,0.438
575,1503.0,-1.6831432973805858,2.8243451463790445,1.88135593220339,1.337442218798151,0.7919876733436055,690.9491525423729,5.87211093990755,13.676425269645609,0.674884437596302,0.28043143297380585,0.39445300462249616,0.5839753466872111,0.41602465331278893
576,1498.9677996422183,-1.0325939177101968,2.5438282647584973,2.6511627906976742,1.0143112701252237,1.033989266547406,693.0375670840787,6.196779964221824,13.883720930232558,0.6118067978533095,0.33989266547406083,0.27191413237924866,0.5706618962432916,0.4203935599284436
577,1541.4330708661416,-1.7194803149606301,1.5322834645669292,2.900787401574803,1.2110236220472441,0.7291338582677165,716.0267716535433,5.538582677165354,12.588976377952756,0.2692913385826772,0.10078740157480315,0.16850393700787403,0.6,0.4
578,1297.572972972973,-1.8467297297297296,3.310810810810811,1.9837837837837837,0.9945945945945946,0.8675675675675676,581.8405405405406,7.627027027027027,18.17027027027027,0.6054054054054054,0.3054054054054054,0.3,0.6648648648648648,0.33513513513513515
579,1335.9326923076924,-0.9359134615384616,3.1233974358974357,2.6298076923076925,0.8621794871794872,0.8798076923076923,601.9887820512821,6.948717948717949,17.014423076923077,0.16185897435897437,0.0641025641025641,0.09775641025641026,0.6666666666666666,0.32051282051282054
580,1557.7003676470588,-1.7954963235294117,1.2279411764705883,2.28125,1.53125,0.78125,788.1819852941177,5.439338235294118,12.395220588235293,0.9650735294117647,0.46875,0.4963235294117647,0.6286764705882353,0.3713235294117647
581,1401.948717948718,-1.858482905982906,2.391025641025641,2.3504273504273505,0.9807692307692307,1.0106837606837606,671.3354700854701,6.47008547008547,15.803418803418804,0.5021367521367521,0.25,0.25213675213675213,0.6324786324786325,0.36752136752136755
582,1442.6134094151212,-1.2117118402282454,2.392296718972896,2.5477888730385163,1.1483594864479316,0.8687589158345221,649.1726105563481,6.228245363766049,14.98002853067047,0.797432239657632,0.35805991440798857,0.43937232524964337,0.6062767475035663,0.38659058487874465
583,1474.5505617977528,-1.6309737827715356,1.5355805243445693,2.3838951310861423,1.5093632958801497,0.7602996254681648,671.9606741573034,5.885767790262173,14.55056179775281,0.8614232209737828,0.41385767790262173,0.44756554307116103,0.5936329588014981,0.40636704119850187
584,1506.9357429718875,-1.481847389558233,3.110441767068273,1.7911646586345382,1.1927710843373494,0.9116465863453815,619.5642570281125,5.833333333333333,13.20281124497992,0.5522088353413654,0.21686746987951808,0.3353413654618474,0.5742971887550201,0.42369477911646586
585,1382.4109090909092,-1.8464181818181817,3.0345454545454547,2.1618181818181816,1.0581818181818181,0.9036363636363637,620.7290909090909,6.9381818181818184,16.427272727272726,0.4109090909090909,0.23272727272727273,0.1781818181818182,0.66,0.34
586,1484.2115732368898,-1.6360216998191681,1.4249547920433996,2.484629294755877,1.4213381555153708,0.7739602169981917,658.9312839059675,5.878842676311031,13.91139240506329,0.7142857142857143,0.4104882459312839,0.3037974683544304,0.593128390596745,0.40687160940325495
587,1448.6871401151632,-1.607658349328215,2.673704414587332,2.0652591170825336,1.220729366602687,0.7504798464491362,640.7101727447217,6.312859884836852,14.435700575815739,0.2034548944337812,0.1017274472168906,0.1017274472168906,0.5873320537428023,0.4126679462571977
588,1372.0177705977383,-1.3719386106623588,2.489499192245557,2.4313408723747982,1.072697899838449,0.851373182552504,627.2180936995153,6.668820678513732,16.323101777059772,0.36995153473344106,0.1987075928917609,0.17124394184168013,0.6510500807754442,0.3441033925686591
589,1427.609715242881,-1.7365996649916249,1.6515912897822445,2.2613065326633164,1.4271356783919598,0.711892797319933,674.5041876046902,6.720268006700167,15.509212730318257,0.11725293132328309,0.08207705192629816,0.035175879396984924,0.6398659966499163,0.3601340033500838
590,1447.1860036832413,-1.8868876611418046,2.5801104972375692,1.9631675874769798,1.2283609576427257,0.9060773480662984,701.8103130755064,6.383057090239411,15.00184162062615,0.5616942909760589,0.27624309392265195,0.285451197053407,0.6298342541436464,0.3701657458563536
591,1479.5409836065573,-1.649143897996357,2.790528233151184,2.686703096539162,0.8542805100182149,0.8415300546448088,634.1183970856102,5.927140255009108,13.967213114754099,0.3151183970856102,0.18579234972677597,0.12932604735883424,0.5610200364298725,0.43897996357012753
592,1580.19056261343,-1.3757350272232305,1.2722323049001816,2.174228675136116,1.528130671506352,0.8112522686025408,673.2940108892922,5.098003629764065,11.577132486388384,0.8294010889292196,0.4882032667876588,0.3411978221415608,0.47549909255898365,0.5208711433756806
593,1416.3227848101267,-1.5890348101265823,2.9968354430379747,2.0933544303797467,1.1914556962025316,0.7484177215189873,609.251582278481,6.617088607594937,15.319620253164556,0.7151898734177216,0.3860759493670886,0.3291139240506329,0.5870253164556962,0.41139240506329117
594,1487.158844765343,-0.8593682310469315,3.064981949458484,2.2382671480144403,0.9981949458483754,0.8862815884476535,596.3176895306859,6.214801444043322,13.871841155234657,0.6660649819494585,0.3844765342960289,0.2815884476534296,0.5505415162454874,0.44404332129963897
595,1600.2923351158645,-1.4851871657754012,1.659536541889483,1.7005347593582887,1.6648841354723707,0.768270944741533,655.4474153297683,4.775401069518717,11.017825311942959,0.46702317290552586,0.24955436720142601,0.21746880570409982,0.49376114081996436,0.5062388591800356
596,1380.915458937198,-1.6990096618357489,2.9396135265700485,2.3091787439613527,0.8526570048309179,0.9927536231884058,604.463768115942,7.1352657004830915,16.316425120772948,0.4251207729468599,0.2246376811594203,0.20048309178743962,0.5845410628019324,0.41304347826086957
597,1434.1293900184844,-1.6426432532347504,2.979667282809612,2.720887245841035,0.922365988909427,0.800369685767098,583.9353049907578,6.55822550831793,15.299445471349353,0.3900184842883549,0.1478743068391867,0.24214417744916822,0.5508317929759704,0.44731977818853974
598,1248.8126649076517,-1.9914511873350924,2.0923482849604222,2.2110817941952505,0.9656992084432717,0.9868073878627969,569.9525065963061,7.598944591029023,19.427440633245382,0.6015831134564644,0.31398416886543534,0.287598944591029,0.7387862796833773,0.2612137203166227
599,1406.5868852459016,-1.8870491803278686,3.3475409836065575,2.3360655737704916,0.9868852459016394,0.8032786885245902,666.9934426229509,6.673770491803278,15.936065573770492,0.5393442622950819,0.21311475409836064,0.3262295081967213,0.6377049180327868,0.3622950819672131
600,1431.933867735471,-1.2459919839679359,2.490981963927856,2.6693386773547094,0.8897795591182365,0.9519038076152304,654.3186372745491,6.330661322645291,14.92184368737475,0.7775551102204409,0.36472945891783565,0.41282565130260523,0.5651302605210421,0.4288577154308617
601,1486.4754098360656,-1.6968852459016395,1.6168032786885247,2.4200819672131146,1.2827868852459017,0.9057377049180327,689.7684426229508,5.799180327868853,13.868852459016393,0.6659836065573771,0.38729508196721313,0.2786885245901639,0.5512295081967213,0.4487704918032787
602,1395.1733067729083,-1.789641434262948,2.8924302788844622,2.266932270916335,0.8705179282868526,0.9163346613545816,569.6274900398406,6.872509960159363,16.00597609561753,1.3167330677290836,0.599601593625498,0.7171314741035857,0.5896414342629482,0.40836653386454186
603,1407.9262589928057,-1.2501798561151078,3.2338129496402876,2.5179856115107913,0.9262589928057554,0.8812949640287769,563.115107913669,6.399280575539568,15.467625899280575,0.7482014388489209,0.37410071942446044,0.37410071942446044,0.5719424460431655,0.4226618705035971
604,1543.2664092664093,-1.2964864864864865,1.750965250965251,1.9575289575289576,1.579150579150579,0.7567567567567568,658.1640926640927,5.453667953667954,12.521235521235521,0.7258687258687259,0.36486486486486486,0.361003861003861,0.5501930501930502,0.44787644787644787
605,1479.5294117647059,-1.6451384083044982,2.640138408304498,1.9100346020761245,1.292387543252595,0.884083044982699,602.7128027681661,6.333910034602076,13.730103806228374,0.5622837370242214,0.2370242214532872,0.32525951557093424,0.5467128027681661,0.4532871972318339
606,1273.2046908315565,-0.8453304904051173,2.6076759061833688,2.7611940298507465,0.8443496801705757,1.0746268656716418,616.7057569296376,7.855010660980811,18.720682302771856,0.5010660980810234,0.31130063965884863,0.18976545842217485,0.6588486140724946,0.3304904051172708
607,1573.2651072124756,-1.625925925925926,1.5224171539961013,2.779727095516569,1.253411306042885,0.8576998050682261,679.3820662768031,5.261208576998051,11.805068226120857,0.4619883040935672,0.21052631578947367,0.25146198830409355,0.5165692007797271,0.4834307992202729
608,1502.4949494949494,-1.6079040404040406,3.128787878787879,1.9545454545454546,0.8661616161616161,0.952020202020202,618.4015151515151,5.734848484848484,12.848484848484848,0.4217171717171717,0.24242424242424243,0.17929292929292928,0.49747474747474746,0.5025252525252525
609,1390.3086419753085,-0.42169312169312173,3.246913580246914,2.7019400352733687,0.7231040564373897,0.9523809523809523,593.5449735449736,6.324514991181658,15.373897707231041,0.3350970017636684,0.19047619047619047,0.14462081128747795,0.582010582010582,0.400352733686067
610,1508.1754716981131,-1.7508490566037738,1.241509433962264,2.3660377358490567,1.4452830188679244,0.7641509433962265,704.3018867924528,5.879245283018868,13.60943396226415,0.9830188679245283,0.39811320754716983,0.5849056603773585,0.5924528301886792,0.4075471698113208
611,1427.9281314168377,-1.4828747433264886,2.5256673511293632,2.293634496919918,0.9774127310061602,0.9938398357289527,661.5195071868583,6.864476386036961,14.963039014373717,0.5030800821355236,0.2587268993839836,0.24435318275154005,0.5995893223819302,0.39835728952772076
612,1412.216757741348,-1.4331329690346086,2.2641165755919856,2.557377049180328,1.1202185792349726,0.8579234972677595,638.9016393442623,6.462659380692168,15.508196721311476,0.8597449908925319,0.3989071038251366,0.46083788706739526,0.639344262295082,0.3588342440801457
613,1498.044701986755,-1.6040562913907286,1.4205298013245033,2.48841059602649,1.3890728476821192,0.6870860927152318,706.7483443708609,5.814569536423841,13.571192052980132,0.5480132450331126,0.28807947019867547,0.2599337748344371,0.5562913907284768,0.44370860927152317
614,1480.718336483932,-1.6785444234404538,2.9659735349716447,1.8449905482041589,1.1398865784499055,0.8601134215500945,675.9905482041588,5.682419659735349,13.370510396975426,0.9848771266540642,0.5293005671077504,0.4555765595463138,0.5463137996219282,0.45368620037807184
615,1466.2582322357018,-1.1284402079722704,2.6464471403812824,2.051993067590988,1.2322357019064125,0.9341421143847487,696.7694974003466,6.209705372616984,14.415944540727903,0.41594454072790293,0.1733102253032929,0.24263431542461006,0.5927209705372617,0.4038128249566724
616,1467.351409978308,-1.7731453362255964,1.4121475054229935,2.490238611713666,1.2776572668112798,0.8850325379609545,719.0260303687636,6.03470715835141,14.301518438177874,0.7093275488069414,0.3318872017353579,0.3774403470715835,0.5748373101952278,0.42516268980477223
617,1413.1496350364964,-0.9393248175182481,2.7682481751824817,2.1934306569343067,1.1605839416058394,0.8667883211678832,650.9817518248175,6.461678832116788,15.076642335766424,0.34124087591240876,0.1897810218978102,0.15145985401459855,0.5620437956204379,0.4324817518248175
618,1367.818018018018,-1.685783783783784,2.772972972972973,2.6216216216216215,0.8972972972972973,0.8810810810810811,625.6540540540541,6.922522522522523,16.769369369369368,0.3837837837837838,0.17477477477477477,0.209009009009009,0.6126126126126126,0.38738738738738737
619,1461.5908256880734,-1.6826605504587158,1.8110091743119265,2.4935779816513763,1.2880733944954128,0.8165137614678899,726.6477064220184,6.236697247706422,14.627522935779817,0.07706422018348624,0.05871559633027523,0.01834862385321101,0.6385321100917432,0.3614678899082569
620,1450.9180633147114,-1.7813035381750466,2.3798882681564244,2.2681564245810057,1.0204841713221602,0.8268156424581006,728.1098696461825,6.23463687150838,14.271880819366853,0.6908752327746741,0.36312849162011174,0.32774674115456237,0.6163873370577281,0.3817504655493482
621,1418.1935483870968,-1.9575000000000002,2.803763440860215,2.596774193548387,0.6532258064516129,1.1586021505376345,637.9032258064516,6.529569892473118,14.922043010752688,0.3602150537634409,0.21236559139784947,0.1478494623655914,0.6586021505376344,0.34139784946236557
622,1519.0320855614973,-1.70397504456328,0.9590017825311943,1.9732620320855614,1.6755793226381461,0.7254901960784313,713.7718360071301,5.96078431372549,13.344028520499108,0.750445632798574,0.33868092691622104,0.4117647058823529,0.5971479500891266,0.4028520499108734
623,1468.6394849785408,-1.5716738197424893,3.0107296137339055,2.332618025751073,1.0343347639484979,0.8798283261802575,619.4442060085837,6.027896995708154,13.626609442060087,0.41416309012875535,0.2145922746781116,0.19957081545064378,0.5386266094420601,0.4613733905579399
624,1460.7852998065764,-0.7488974854932302,2.9845261121856868,2.2804642166344293,1.1411992263056092,1.0290135396518376,581.5067698259188,5.709864603481625,13.758220502901354,0.4197292069632495,0.18568665377176016,0.23404255319148937,0.528046421663443,0.4584139264990329
625,1560.446735395189,-1.4839347079037801,1.6649484536082475,2.020618556701031,1.5962199312714778,0.8333333333333334,656.2233676975945,5.285223367697594,12.219931271477662,0.3848797250859107,0.19759450171821305,0.1872852233676976,0.5257731958762887,0.4725085910652921
626,1511.7804391217564,-1.5471656686626747,2.69061876247505,2.403193612774451,1.06187624750499,0.9720558882235529,663.4810379241517,5.514970059880239,12.878243512974052,0.6946107784431138,0.2694610778443114,0.4251497005988024,0.5029940119760479,0.49500998003992014
627,1534.6206896551723,-1.3823593466424684,2.6243194192377497,2.6370235934664246,0.9745916515426497,0.9655172413793104,660.4845735027224,5.143375680580762,12.030852994555353,0.21960072595281308,0.10526315789473684,0.11433756805807622,0.52994555353902,0.4664246823956443
628,1435.179331306991,-1.5916109422492402,1.7720364741641337,2.17629179331307,1.0577507598784195,1.1732522796352585,600.9544072948328,6.045592705167174,14.562310030395137,0.6656534954407295,0.3860182370820669,0.2796352583586626,0.6048632218844985,0.39209726443769
629,1506.6056074766354,-1.7435514018691587,3.2803738317757007,2.069158878504673,1.033644859813084,0.8785046728971962,583.5271028037383,5.43177570093458,12.953271028037383,0.17196261682242991,0.07289719626168224,0.09906542056074766,0.5532710280373832,0.44672897196261685
630,1411.4748358862144,-1.781816192560175,2.137855579868709,2.509846827133479,1.0984682713347922,0.9212253829321663,608.7242888402626,6.562363238512035,15.201312910284464,0.3238512035010941,0.1422319474835886,0.18161925601750548,0.6323851203501094,0.3676148796498906
631,1507.469957081545,-1.7148283261802575,1.2703862660944205,2.0021459227467813,1.4699570815450644,0.8347639484978541,655.804721030043,5.3111587982832615,12.770386266094421,0.0815450643776824,0.045064377682403435,0.03648068669527897,0.5879828326180258,0.41201716738197425
632,1591.7484536082475,-1.5007216494845361,2.509278350515464,1.9917525773195877,1.1938144329896907,0.9587628865979382,663.5422680412371,4.4762886597938145,10.8659793814433,0.4020618556701031,0.1958762886597938,0.20618556701030927,0.48041237113402063,0.5154639175257731
633,1521.258527827648,-1.609084380610413,2.4865350089766607,2.464991023339318,1.1597845601436265,0.7612208258527827,634.9784560143627,5.488330341113106,12.734290843806104,0.19569120287253142,0.10233393177737882,0.0933572710951526,0.5242369838420108,0.4757630161579892
634,1476.2565789473683,-1.787828947368421,1.543859649122807,1.787280701754386,1.631578947368421,0.8223684210526315,666.0394736842105,5.993421052631579,13.975877192982455,0.2631578947368421,0.12280701754385964,0.14035087719298245,0.6228070175438597,0.37719298245614036
635,1515.564453125,-1.606484375,2.544921875,1.798828125,1.255859375,0.97265625,659.095703125,5.556640625,12.646484375,0.28125,0.15234375,0.12890625,0.509765625,0.490234375
636,1424.0969072164949,-0.058969072164948504,2.734020618556701,2.6804123711340204,0.797938144329897,1.1134020618556701,628.3835051546391,6.373195876288659,14.77319587628866,0.4762886597938144,0.2329896907216495,0.24329896907216494,0.5381443298969072,0.4350515463917526
637,1502.7595190380762,-1.5622244488977954,1.4749498997995991,2.9458917835671343,1.0360721442885772,0.8917835671342685,691.7995991983968,5.839679358717435,13.61122244488978,0.44288577154308617,0.24849699398797595,0.19438877755511022,0.5511022044088176,0.44889779559118237
638,1373.4623376623376,-1.7293766233766235,3.155844155844156,1.8285714285714285,1.0337662337662337,0.9584415584415584,627.4155844155844,5.961038961038961,15.612987012987013,0.4779220779220779,0.24415584415584415,0.23376623376623376,0.5922077922077922,0.4077922077922078
639,1332.561475409836,-1.806782786885246,3.331967213114754,2.252049180327869,0.8709016393442623,1.084016393442623,596.2520491803278,6.75,16.59426229508197,0.125,0.06967213114754098,0.055327868852459015,0.6331967213114754,0.36475409836065575
640,1455.996015936255,-1.718406374501992,1.1892430278884463,2.2868525896414345,1.4262948207171315,0.7689243027888446,714.3266932270916,6.426294820717131,14.5398406374502,0.50199203187251,0.2549800796812749,0.24701195219123506,0.6155378486055777,0.3844621513944223
641,1498.2683486238532,-1.6144954128440365,2.823394495412844,2.2155963302752295,0.9931192660550459,1.0504587155963303,682.5022935779816,5.31651376146789,13.137614678899082,0.39908256880733944,0.19724770642201836,0.2018348623853211,0.5229357798165137,0.47706422018348627
642,1420.4648148148149,-1.529777777777778,2.1777777777777776,2.587037037037037,1.0907407407407408,0.9111111111111111,664.4574074074075,6.433333333333334,15.355555555555556,0.37407407407407406,0.14629629629629629,0.22777777777777777,0.6185185185185185,0.37777777777777777
643,1567.82421875,-1.60046875,1.484375,2.55859375,1.49609375,0.6953125,818.271484375,5.0703125,12.072265625,0.359375,0.1484375,0.2109375,0.505859375,0.494140625
644,1535.6191588785048,-1.6957943925233643,3.2266355140186915,1.8200934579439252,1.161214953271028,1.0981308411214954,826.5046728971963,5.5046728971962615,12.404205607476635,0.572429906542056,0.2266355140186916,0.34579439252336447,0.514018691588785,0.48598130841121495
645,1456.5408560311284,-0.09280155642023351,2.577821011673152,2.2295719844357977,1.1284046692607004,1.1284046692607004,761.7023346303502,6.0505836575875485,13.768482490272374,0.2782101167315175,0.14591439688715954,0.13229571984435798,0.5525291828793775,0.433852140077821
646,1271.9074074074074,-1.8686507936507937,0.9497354497354498,2.1455026455026456,1.5476190476190477,0.8333333333333334,648.7433862433862,7.518518518518518,18.82010582010582,0.5925925925925926,0.29894179894179895,0.29365079365079366,0.7116402116402116,0.28835978835978837
647,1309.5123042505593,-1.89751677852349,2.9060402684563758,2.131991051454139,0.9731543624161074,0.9642058165548099,647.2863534675615,7.4630872483221475,17.626398210290827,0.30648769574944074,0.1789709172259508,0.12751677852348994,0.6487695749440716,0.3512304250559284
648,1370.7392405063292,-0.4156455696202532,2.992405063291139,2.511392405063291,0.7873417721518987,1.4734177215189874,668.0708860759494,7.030379746835443,16.09113924050633,0.3493670886075949,0.1620253164556962,0.18734177215189873,0.6025316455696202,0.379746835443038
649,1572.706498951782,-1.5579874213836478,1.779874213836478,2.6624737945492662,1.19916142557652,0.909853249475891,782.62893081761,5.090146750524109,11.752620545073375,0.16561844863731656,0.11320754716981132,0.05241090146750524,0.5073375262054507,0.49266247379454925
650,1443.7859154929577,-1.7872676056338028,2.8197183098591547,2.1070422535211266,1.0901408450704226,1.1323943661971831,750.6366197183098,6.44225352112676,14.256338028169013,0.2704225352112676,0.11549295774647887,0.15492957746478872,0.6,0.4
651,1443.6541019955655,-1.8125055432372508,2.5942350332594235,2.6674057649667406,0.8070953436807096,1.0110864745011086,669.0443458980044,5.824833702882484,14.618625277161863,0.3436807095343681,0.2039911308203991,0.13968957871396895,0.565410199556541,0.43458980044345896
652,1384.0021276595744,-1.1421489361702128,1.0702127659574467,2.027659574468085,1.7148936170212765,0.7851063829787234,729.2468085106383,6.44468085106383,16.427659574468084,0.32340425531914896,0.17659574468085107,0.14680851063829786,0.5808510638297872,0.4127659574468085
653,1516.5987394957983,-1.7334453781512604,2.8256302521008405,2.2373949579831933,1.0063025210084033,0.9201680672268907,742.2142857142857,5.823529411764706,13.086134453781513,0.5168067226890757,0.21218487394957983,0.30462184873949577,0.5735294117647058,0.4264705882352941
654,1392.6923076923076,-1.738846153846154,2.936651583710407,2.3054298642533935,0.9457013574660633,1.002262443438914,650.8076923076923,6.590497737556561,16.06108597285068,0.24660633484162897,0.11764705882352941,0.12895927601809956,0.5678733031674208,0.4321266968325792
655,1547.8558951965065,-1.6522707423580787,1.6746724890829694,2.1441048034934496,1.4039301310043668,0.8209606986899564,776.170305676856,5.578602620087336,12.502183406113538,0.27510917030567683,0.15065502183406113,0.12445414847161572,0.5087336244541485,0.4912663755458515
656,1261.3939393939395,-1.9089646464646466,2.7853535353535355,2.378787878787879,0.8636363636363636,0.8964646464646465,646.8434343434343,8.027777777777779,18.997474747474747,0.3787878787878788,0.17929292929292928,0.1994949494949495,0.6717171717171717,0.3282828282828283
657,1337.2981366459628,-1.7519254658385095,2.6935817805383024,2.8550724637681157,0.8985507246376812,0.6873706004140787,581.7391304347826,7.099378881987578,17.36231884057971,0.13871635610766045,0.051759834368530024,0.08695652173913043,0.6542443064182195,0.34575569358178054
658,1453.6788321167883,-1.718418491484185,1.7420924574209247,2.4452554744525545,1.0681265206812651,0.9075425790754258,701.6593673965937,6.965936739659368,15.175182481751825,0.583941605839416,0.30900243309002434,0.2749391727493917,0.6155717761557178,0.3819951338199513
659,1390.96812749004,-1.7363944223107568,2.8924302788844622,2.0717131474103585,1.0597609561752988,0.8625498007968128,716.0219123505976,6.924302788844622,16.207171314741036,0.18127490039840638,0.07370517928286853,0.10756972111553785,0.649402390438247,0.350597609561753
660,1353.1970954356846,-1.8982365145228217,2.033195020746888,2.479253112033195,0.975103734439834,0.8402489626556017,686.2863070539419,7.033195020746888,16.79460580912863,0.36721991701244816,0.18464730290456433,0.1825726141078838,0.6535269709543569,0.34647302904564314
661,1407.6906779661017,-1.8730084745762714,1.472457627118644,1.951271186440678,1.4046610169491525,0.7288135593220338,741.9936440677966,7.088983050847458,15.921610169491526,0.3940677966101695,0.2097457627118644,0.1843220338983051,0.6546610169491526,0.3453389830508475
662,1386.7544642857142,-1.7333705357142857,2.6808035714285716,1.9441964285714286,1.1138392857142858,0.8816964285714286,653.8660714285714,6.852678571428571,15.917410714285714,0.36607142857142855,0.17633928571428573,0.18973214285714285,0.5669642857142857,0.4330357142857143
663,1390.2965779467681,-1.5808365019011406,2.7680608365019013,2.4220532319391634,0.9980988593155894,0.8517110266159695,655.5247148288973,7.311787072243346,16.00380228136882,0.2737642585551331,0.14258555133079848,0.1311787072243346,0.5399239543726235,0.4600760456273764
664,1264.5605633802818,-1.9339154929577465,1.695774647887324,2.2084507042253523,1.1577464788732394,0.9746478873239437,631.6140845070422,7.856338028169014,19.197183098591548,0.28732394366197184,0.17464788732394365,0.11267605633802817,0.6929577464788732,0.30704225352112674
665,1237.9380952380952,-2.034190476190476,2.9833333333333334,1.8333333333333333,1.1595238095238096,0.9857142857142858,600.6785714285714,8.145238095238096,19.485714285714284,0.3523809523809524,0.1261904761904762,0.2261904761904762,0.7119047619047619,0.28809523809523807
666,1268.9851694915253,-1.5567161016949151,2.4258474576271185,2.3347457627118646,1.0127118644067796,1.0021186440677967,651.1949152542373,7.9173728813559325,18.66313559322034,0.4427966101694915,0.18008474576271186,0.2627118644067797,0.6334745762711864,0.3601694915254237
667,1286.2827586206897,-1.8817701149425288,1.5862068965517242,2.7195402298850575,1.032183908045977,0.7885057471264367,683.0919540229885,7.896551724137931,18.871264367816092,0.3793103448275862,0.21149425287356322,0.167816091954023,0.7034482758620689,0.296551724137931
668,1375.831300813008,-1.8306504065040652,3.16260162601626,1.839430894308943,1.217479674796748,0.8780487804878049,656.5,6.67479674796748,16.028455284552845,0.31910569105691056,0.16869918699186992,0.15040650406504066,0.6077235772357723,0.39227642276422764
669,1304.0662525879918,-0.6157142857142858,2.730848861283644,2.2049689440993787,1.0020703933747412,0.6438923395445134,666.1387163561077,6.9855072463768115,17.33126293995859,1.2443064182194616,0.505175983436853,0.7391304347826086,0.6853002070393375,0.2981366459627329
670,1373.7894736842106,-1.6961336032388663,1.1700404858299596,2.111336032388664,1.4251012145748987,0.6295546558704453,682.0931174089069,6.961538461538462,16.771255060728745,1.0748987854251013,0.5040485829959515,0.5708502024291497,0.7004048582995951,0.29959514170040485
671,1463.9352226720648,-1.8200202429149799,2.7449392712550607,2.0607287449392713,0.9271255060728745,0.791497975708502,606.6356275303643,5.939271255060729,14.44331983805668,1.2469635627530364,0.5141700404858299,0.7327935222672065,0.6477732793522267,0.3522267206477733
672,1339.494214876033,-0.7269256198347108,2.0115702479338844,2.5983471074380167,1.084297520661157,0.7785123966942149,682.8892561983471,6.8148760330578515,16.927272727272726,0.6380165289256199,0.3256198347107438,0.31239669421487604,0.6,0.3867768595041322
673,1417.9637096774193,-1.7375403225806452,1.5685483870967742,2.340725806451613,1.3709677419354838,0.6411290322580645,736.9959677419355,6.227822580645161,15.387096774193548,0.5544354838709677,0.24798387096774194,0.3064516129032258,0.6391129032258065,0.36088709677419356
674,1464.9918200408997,-1.5647443762781186,3.069529652351738,1.8261758691206544,1.1758691206543967,0.8875255623721882,721.9100204498977,6.0940695296523515,14.204498977505112,0.4601226993865031,0.25971370143149286,0.20040899795501022,0.6421267893660532,0.3537832310838446
675,1414.3101777059774,-0.987382875605816,2.739903069466882,2.012924071082391,1.2164781906300484,0.777059773828756,709.6575121163166,6.701130856219709,15.60096930533118,0.9466882067851373,0.4604200323101777,0.4862681744749596,0.5379644588045234,0.45718901453957994
676,1519.502617801047,-1.1042670157068062,1.3586387434554974,2.1858638743455496,1.1335078534031413,0.9607329842931938,706.9293193717277,5.630890052356021,13.36910994764398,0.8324607329842932,0.387434554973822,0.44502617801047123,0.5104712041884817,0.4869109947643979
677,1454.3082851637764,-1.5876107899807321,2.882466281310212,2.210019267822736,1.0134874759152215,0.7764932562620424,664.9633911368015,6.104046242774566,14.66859344894027,0.49903660886319845,0.2254335260115607,0.27360308285163776,0.5317919075144508,0.4682080924855491
678,1352.7391304347825,-1.5130812854442344,3.0359168241965975,2.506616257088847,0.8752362948960303,0.8657844990548205,651.7731568998109,6.816635160680529,16.72400756143667,0.6862003780718336,0.3780718336483932,0.30812854442344045,0.6086956521739131,0.387523629489603
679,1531.5,-0.7131349206349207,1.6428571428571428,2.257936507936508,1.3313492063492063,0.7103174603174603,775.5575396825396,5.244047619047619,12.375,0.33134920634920634,0.16071428571428573,0.17063492063492064,0.45634920634920634,0.5297619047619048
680,1419.142259414226,-1.7350627615062761,2.3912133891213387,2.073221757322176,1.1820083682008369,0.8661087866108786,751.8096234309623,6.7426778242677825,15.309623430962343,1.0711297071129706,0.48326359832635984,0.5878661087866108,0.5920502092050209,0.40794979079497906
681,1524.4035087719299,-1.3873684210526318,2.424561403508772,2.6052631578947367,1.068421052631579,0.7368421052631579,715.1280701754386,5.701754385964913,13.357894736842105,1.8491228070175438,0.8807017543859649,0.968421052631579,0.519298245614035,0.4789473684210526
682,1398.0611854684512,-1.182848948374761,1.1051625239005736,2.0879541108986617,1.5678776290630976,0.8355640535372849,671.3938814531549,6.590822179732314,15.946462715105163,1.5353728489483747,0.7055449330783938,0.8298279158699808,0.5869980879541109,0.4110898661567878
683,1489.9336650082919,-1.6409286898839137,2.716417910447761,2.029850746268657,1.2056384742951907,0.7495854063018242,737.9568822553897,5.988391376451078,13.970149253731343,1.6865671641791045,0.8126036484245439,0.8739635157545605,0.5621890547263682,0.4361525704809287
684,1399.8998211091234,-0.015080500894454394,3.1663685152057246,2.116279069767442,1.0679785330948122,0.9964221824686941,686.2665474060823,6.787119856887299,15.905187835420394,0.6636851520572451,0.39177101967799643,0.27191413237924866,0.5885509838998211,0.39713774597495527
685,1467.906191369606,-1.6798686679174484,1.675422138836773,2.0318949343339585,1.4559099437148217,0.774859287054409,760.5891181988743,6.534709193245779,14.904315196998123,0.8480300187617261,0.46153846153846156,0.38649155722326456,0.5384615384615384,0.46153846153846156
686,1493.682092555332,-1.5906841046277667,2.8249496981891347,2.545271629778672,0.9456740442655935,0.8913480885311871,703.2957746478874,5.621730382293762,13.746478873239436,0.7203219315895373,0.3682092555331992,0.352112676056338,0.49295774647887325,0.5070422535211268
687,1473.0672413793104,-1.5479827586206898,2.7724137931034485,2.817241379310345,0.9689655172413794,0.7189655172413794,620.3534482758621,5.770689655172414,13.958620689655172,0.22241379310344828,0.11551724137931034,0.10689655172413794,0.49482758620689654,0.503448275862069
688,1606.4698113207546,-1.3933962264150943,1.5207547169811322,2.409433962264151,1.3320754716981131,0.8490566037735849,751.8584905660377,4.7320754716981135,10.715094339622642,0.690566037735849,0.2811320754716981,0.40943396226415096,0.4037735849056604,0.5962264150943396
689,1528.0507936507936,-1.1476507936507936,3.034920634920635,2.1698412698412697,1.1253968253968254,0.7904761904761904,693.0619047619048,5.268253968253968,12.595238095238095,0.6984126984126984,0.2857142857142857,0.4126984126984127,0.4603174603174603,0.5380952380952381
690,1574.2254237288137,-0.6181525423728814,2.5796610169491525,2.952542372881356,0.8949152542372881,0.8966101694915254,697.393220338983,5.283050847457627,11.942372881355933,1.347457627118644,0.7033898305084746,0.6440677966101694,0.43050847457627117,0.5610169491525424
691,1469.9890350877192,-1.6931359649122808,1.7763157894736843,2.5285087719298245,1.1359649122807018,0.8618421052631579,723.9495614035088,6.177631578947368,14.712719298245615,2.401315789473684,1.1754385964912282,1.2258771929824561,0.5986842105263158,0.3991228070175439
692,1459.2333333333333,-1.3543484848484848,2.4484848484848483,2.3075757575757576,1.1939393939393939,0.7772727272727272,713.4454545454546,6.251515151515152,14.422727272727272,1.040909090909091,0.5287878787878788,0.5121212121212121,0.55,0.4484848484848485
693,1513.5311475409835,-1.4770819672131148,2.6131147540983606,2.6524590163934425,1.1098360655737705,0.6524590163934426,656.555737704918,5.337704918032787,13.168852459016394,0.6852459016393443,0.380327868852459,0.30491803278688523,0.47540983606557374,0.5245901639344263
694,1610.6948275862069,-1.3658103448275862,1.6224137931034484,2.0844827586206898,1.4655172413793103,0.746551724137931,735.9603448275863,4.981034482758621,11.570689655172414,0.35172413793103446,0.16206896551724137,0.1896551724137931,0.4517241379310345,0.5465517241379311
695,1464.328813559322,-1.5279152542372882,2.58135593220339,1.9677966101694915,1.2745762711864406,0.6830508474576271,669.9305084745763,5.893220338983051,14.337288135593221,0.6050847457627119,0.2983050847457627,0.30677966101694915,0.5338983050847458,0.4661016949152542
696,1247.9651567944252,0.5924564459930314,2.2439024390243905,2.3728222996515678,1.2177700348432057,0.8832752613240418,689.6864111498257,8.05226480836237,19.43554006968641,0.6358885017421603,0.3153310104529617,0.3205574912891986,0.6689895470383276,0.31010452961672474
697,1535.652754590985,-1.029415692821369,1.6327212020033388,2.951585976627713,1.1736227045075125,0.8981636060100167,721.4674457429048,5.522537562604341,12.856427378964941,0.9081803005008348,0.48414023372287146,0.4240400667779633,0.4791318864774624,0.5108514190317195
698,1450.2193126022914,-1.6224877250409167,2.9869067103109654,2.062193126022913,1.1898527004909984,0.8445171849427169,638.3895253682488,5.747954173486089,14.440261865793781,0.5204582651391162,0.23731587561374795,0.28314238952536824,0.5351882160392799,0.46481178396072015
699,1482.271942446043,-0.8044892086330935,3.0115107913669066,2.5223021582733813,0.9683453237410072,0.7741007194244605,691.0906474820143,5.929496402877698,13.568345323741006,0.3971223021582734,0.18273381294964028,0.2143884892086331,0.5251798561151079,0.46474820143884893
700,1445.218018018018,-1.6578558558558558,1.1837837837837837,2.2054054054054055,1.500900900900901,0.6108108108108108,734.8072072072072,6.664864864864865,15.511711711711712,0.8306306306306306,0.390990990990991,0.43963963963963965,0.618018018018018,0.38198198198198197
701,1358.3297180043385,-1.6828633405639914,2.3449023861171367,2.3449023861171367,0.9761388286334056,0.8026030368763557,670.1084598698482,7.442516268980477,17.516268980477225,1.9739696312364425,0.9544468546637744,1.0195227765726682,0.648590021691974,0.3492407809110629
702,1340.1278065630397,1.0426770293609673,2.1260794473229705,2.8583765112262522,0.9844559585492227,0.8998272884283247,647.3022452504317,7.046632124352332,16.768566493955095,0.842832469775475,0.4075993091537133,0.43523316062176165,0.6234887737478411,0.35060449050086356
703,1542.1944869831548,-1.5421745788667687,1.6033690658499233,2.42572741194487,1.4992343032159265,0.6830015313935681,717.3981623277182,5.689127105666156,12.555895865237366,0.6003062787136294,0.31393568147013784,0.28637059724349156,0.5053598774885145,0.4946401225114854
704,1492.8217054263566,-1.5407945736434108,3.4050387596899223,1.817829457364341,1.1027131782945736,0.8624031007751938,590.6337209302326,6.232558139534884,13.872093023255815,0.4728682170542636,0.2693798449612403,0.20348837209302326,0.5271317829457365,0.4728682170542636
705,1511.088285229202,-1.5675382003395586,2.733446519524618,2.3123938879456705,1.166383701188455,0.801358234295416,649.7707979626485,5.833616298811545,13.137521222410866,0.9219015280135824,0.4380305602716469,0.4838709677419355,0.5008488964346349,0.499151103565365
706,1477.437352245863,-1.6840898345153665,1.392434988179669,2.2529550827423166,1.4326241134751774,0.9763593380614657,719.950354609929,6.226950354609929,14.650118203309693,0.91725768321513,0.48226950354609927,0.43498817966903075,0.5673758865248227,0.4326241134751773
707,1554.243670886076,-1.402753164556962,2.9161392405063293,2.435126582278481,1.110759493670886,0.7848101265822784,681.4272151898734,5.324367088607595,12.208860759493671,0.680379746835443,0.2990506329113924,0.3813291139240506,0.4509493670886076,0.5443037974683544
708,1609.5261538461539,-0.667046153846154,2.896923076923077,2.666153846153846,0.8723076923076923,0.9107692307692308,724.496923076923,5.0430769230769235,10.772307692307692,0.7353846153846154,0.3723076923076923,0.3630769230769231,0.44769230769230767,0.54
709,1473.614598540146,-1.0653722627737225,1.8262773722627736,2.2642335766423356,1.3912408759124089,0.689051094890511,680.0043795620438,6.128467153284672,14.25985401459854,0.1416058394160584,0.0905109489051095,0.051094890510948905,0.5021897810218978,0.49343065693430654
710,1500.6063492063493,-1.5106666666666666,2.5238095238095237,2.3825396825396825,1.1968253968253968,0.8380952380952381,720.7952380952381,5.849206349206349,13.433333333333334,0.7634920634920634,0.3825396825396825,0.38095238095238093,0.48253968253968255,0.5174603174603175
711,1384.8624161073826,-1.6054530201342283,2.6795302013422817,2.728187919463087,0.9463087248322147,0.7802013422818792,639.6023489932886,7.0385906040268456,16.090604026845636,0.6476510067114094,0.3389261744966443,0.3087248322147651,0.5620805369127517,0.43791946308724833
712,1458.2522522522522,-1.6606486486486487,1.2144144144144144,2.279279279279279,1.5927927927927927,0.781981981981982,711.3117117117117,6.448648648648649,14.724324324324325,0.6432432432432432,0.3153153153153153,0.3279279279279279,0.5477477477477477,0.45225225225225224
713,1514.443857331572,-1.5001585204755616,2.8163804491413473,2.200792602377807,1.2602377807133422,0.7107001321003963,722.2642007926024,6.001321003963012,13.306472919418757,0.7952443857331571,0.3619550858652576,0.4332892998678996,0.48877146631439894,0.5099075297225891
714,1506.7474747474748,-1.6705723905723906,3.4124579124579126,2.143097643097643,1.0740740740740742,0.8720538720538721,696.5673400673401,5.872053872053872,13.306397306397306,0.32996632996632996,0.18518518518518517,0.1447811447811448,0.5336700336700336,0.4663299663299663
715,1421.33203125,-1.6021875,1.8828125,2.17578125,1.40234375,0.71875,720.759765625,6.8125,15.640625,0.634765625,0.302734375,0.33203125,0.568359375,0.431640625
716,1361.6247582205028,-1.4261315280464215,2.9593810444874276,2.344294003868472,0.9439071566731141,0.90715667311412,688.0773694390716,7.237911025145068,16.49129593810445,0.4448742746615087,0.19922630560928434,0.24564796905222436,0.5822050290135397,0.41392649903288203
717,1392.784,-1.671056,3.0144,2.72,0.8384,0.8944,646.688,7.0224,15.8368,0.32,0.1616,0.1584,0.5552,0.4448
718,1469.193895870736,-1.7027648114901257,1.6912028725314183,2.368043087971275,1.4003590664272891,0.8186714542190305,762.3285457809695,6.281867145421903,14.59605026929982,0.6229802513464991,0.2980251346499102,0.3249551166965889,0.533213644524237,0.466786355475763
719,1465.101838755304,-1.6168316831683167,2.826025459688826,2.005657708628006,1.2644978783592644,0.693069306930693,733.072135785007,6.216407355021216,14.084865629420085,0.3635077793493635,0.15558698727015557,0.2079207920792079,0.536067892503536,0.4639321074964639
720,1410.7611710323574,-1.043959938366718,2.6348228043143296,2.500770416024653,1.0600924499229585,0.8428351309707242,732.3944530046225,6.761171032357473,15.898305084745763,1.012326656394453,0.43759630200308164,0.5747303543913713,0.6209553158705701,0.3728813559322034
721,1362.046332046332,-1.7853474903474904,1.694980694980695,2.2162162162162162,1.2895752895752897,0.8088803088803089,723.3127413127413,7.337837837837838,16.94787644787645,0.35135135135135137,0.1640926640926641,0.18725868725868725,0.640926640926641,0.3590733590733591
722,1376.0122887864823,-1.7884178187403994,2.9723502304147464,2.4439324116743473,1.0599078341013826,0.804915514592934,730.431643625192,7.17357910906298,16.4147465437788,0.8525345622119815,0.45161290322580644,0.4009216589861751,0.6082949308755761,0.391705069124424
723,1398.1259842519685,-1.7295590551181101,2.9669291338582675,2.4220472440944882,1.0125984251968505,0.7448818897637796,700.9165354330709,6.774803149606299,15.888188976377952,0.5228346456692914,0.2440944881889764,0.27874015748031494,0.5874015748031496,0.4125984251968504
724,1419.8791821561338,0.13540892193308549,2.013011152416357,2.04275092936803,1.4182156133828996,0.8085501858736059,698.6003717472119,6.685873605947956,15.382899628252789,0.26394052044609667,0.13940520446096655,0.12453531598513011,0.587360594795539,0.40148698884758366
725,1475.5058651026393,-1.6479472140762466,2.838709677419355,1.9780058651026393,1.3885630498533725,0.7478005865102639,697.1451612903226,6.442815249266862,14.335777126099707,0.5806451612903226,0.250733137829912,0.32991202346041054,0.5351906158357771,0.46480938416422285
726,1277.5205223880596,1.2442723880597013,2.8152985074626864,2.6529850746268657,0.8582089552238806,1.0130597014925373,605.3003731343283,7.843283582089552,18.192164179104477,0.4869402985074627,0.20708955223880596,0.2798507462686567,0.6194029850746269,0.35634328358208955
727,1363.8237704918033,-1.4713524590163933,1.610655737704918,2.8709016393442623,1.0020491803278688,0.8155737704918032,609.3237704918033,7.319672131147541,16.897540983606557,0.19672131147540983,0.09016393442622951,0.10655737704918032,0.5799180327868853,0.4180327868852459
728,1332.162408759124,-1.7130474452554745,3.184306569343066,1.8996350364963503,1.0766423357664234,0.8667883211678832,611.4653284671533,7.321167883211679,17.286496350364963,0.5656934306569343,0.31204379562043794,0.25364963503649635,0.5802919708029197,0.4197080291970803
729,1349.7941176470588,-0.553,3.385294117647059,2.536764705882353,0.9014705882352941,0.8764705882352941,664.1779411764705,7.382352941176471,16.775,0.40441176470588236,0.16029411764705884,0.24411764705882352,0.6058823529411764,0.38382352941176473
730,1453.4909420289855,-1.5969927536231883,1.2771739130434783,2.289855072463768,1.5452898550724639,0.717391304347826,675.4402173913044,6.0978260869565215,14.905797101449275,0.9710144927536232,0.41847826086956524,0.552536231884058,0.5398550724637681,0.4601449275362319
731,1434.0495238095239,-1.7540761904761903,2.7466666666666666,2.2742857142857145,1.1314285714285715,0.7828571428571428,676.8990476190476,6.7542857142857144,15.42095238095238,0.6323809523809524,0.33904761904761904,0.29333333333333333,0.6,0.4
732,1394.702210663199,0.45023407022106626,2.304291287386216,2.6254876462938883,1.2249674902470742,0.6801040312093628,683.1300390117035,6.949284785435631,15.907672301690507,0.5253576072821846,0.21846553966189858,0.3068920676202861,0.5604681404421327,0.4174252275682705
733,1451.6630934150076,-1.5858805513016845,1.6049004594180705,2.3124042879019906,1.5283307810107198,0.6768759571209801,722.6339969372128,6.627871362940276,15.062787136294027,0.6753445635528331,0.26339969372128635,0.4119448698315467,0.55895865237366,0.44104134762633995
734,1396.2730318257957,-1.6492964824120604,3.284757118927973,1.8927973199329984,1.2160804020100502,0.8157453936348409,690.2546063651591,7.134003350083752,16.21105527638191,0.48911222780569513,0.21105527638190955,0.2780569514237856,0.5544388609715243,0.4455611390284757
735,1460.337726523888,-0.48281713344316307,2.8220757825370675,2.4332784184514002,1.0807248764415156,0.8945634266886326,646.4810543657331,6.5667215815486,14.691927512355848,0.6589785831960461,0.35914332784184516,0.29983525535420097,0.500823723228995,0.4876441515650741
736,1501.2442067736185,-1.4082887700534759,1.4491978609625669,2.3297682709447414,1.4224598930481283,0.7932263814616756,740.5864527629234,6.140819964349376,13.787878787878787,0.5668449197860963,0.30124777183600715,0.26559714795008915,0.5098039215686274,0.48663101604278075
737,1525.157738095238,-1.5563988095238097,2.8660714285714284,2.330357142857143,1.1175595238095237,0.7589285714285714,763.5714285714286,5.977678571428571,13.200892857142858,0.6845238095238095,0.33630952380952384,0.3482142857142857,0.49851190476190477,0.5014880952380952
738,1494.3933333333334,0.7038166666666666,3.0166666666666666,2.6616666666666666,0.9,0.8816666666666667,752.3316666666667,6.445,13.563333333333333,1.1083333333333334,0.5983333333333334,0.51,0.495,0.4866666666666667
739,1458.1300160513645,-1.6281059390048156,1.8924558587479936,2.146067415730337,1.3451043338683788,0.6725521669341894,731.1444622792937,6.545746388443018,14.507223113964686,0.18459069020866772,0.11556982343499198,0.06902086677367576,0.5698234349919743,0.4301765650080257
740,1537.5856929955291,-1.6027868852459017,2.5007451564828616,2.336810730253353,1.1698956780923995,0.8241430700447094,752.3189269746647,6.12220566318927,12.797317436661698,0.9210134128166915,0.4262295081967213,0.4947839046199702,0.4932935916542474,0.5067064083457526
741,1423.6417197452229,-0.835923566878981,2.878980891719745,2.5843949044585988,0.8742038216560509,0.802547770700637,730.8216560509554,6.917197452229299,15.426751592356688,0.7308917197452229,0.5191082802547771,0.21178343949044587,0.5843949044585988,0.40923566878980894
742,1462.8858954041204,-0.8556259904912838,1.2472266244057053,2.446909667194929,1.508716323296355,0.7290015847860539,694.8019017432647,6.7147385103011095,14.946117274167987,1.0047543581616483,0.4928684627575277,0.5118858954041204,0.5562599049128367,0.4405705229793978
743,1470.161800486618,-1.548807785888078,2.6265206812652067,2.05352798053528,1.3576642335766422,0.6545012165450121,699.521897810219,6.447688564476886,14.521897810218977,0.6642335766423357,0.39416058394160586,0.27007299270072993,0.5802919708029197,0.41849148418491483
744,1552.3441780821918,-1.3576883561643835,3.3236301369863015,2.1883561643835616,1.0222602739726028,0.9606164383561644,706.3013698630137,5.902397260273973,12.554794520547945,0.7294520547945206,0.4058219178082192,0.3236301369863014,0.4674657534246575,0.5291095890410958
745,1557.720853858785,-1.553415435139573,1.8571428571428572,2.1116584564860426,1.6075533661740558,0.7339901477832512,797.4876847290641,6.279146141215107,13.19704433497537,1.0952380952380953,0.5303776683087028,0.5648604269293924,0.5041050903119869,0.49589490968801314
746,1471.1163575042158,-0.863389544688027,2.900505902192243,2.600337268128162,0.9173693086003373,0.8448566610455311,765.1264755480607,6.790893760539629,14.445193929173692,1.0590219224283306,0.44013490725126475,0.6188870151770658,0.5632377740303541,0.4300168634064081
747,1529.246511627907,0.10399999999999998,3.054263565891473,2.818604651162791,0.9178294573643411,0.7875968992248062,742.7426356589148,6.1286821705426355,12.927131782945736,1.1953488372093024,0.6031007751937985,0.5922480620155038,0.4868217054263566,0.49147286821705427
748,1543.6020408163265,-1.6153265306122448,1.7959183673469388,2.259183673469388,1.3428571428571427,0.9163265306122449,722.2428571428571,6.436734693877551,13.50204081632653,1.1693877551020408,0.7183673469387755,0.45102040816326533,0.5204081632653061,0.47959183673469385
749,1310.7224080267558,-1.2223745819397993,3.152173913043478,2.230769230769231,1.1187290969899666,0.7558528428093646,659.4832775919732,7.989966555183947,18.127090301003346,0.5752508361204013,0.17892976588628762,0.3963210702341137,0.6956521739130435,0.3010033444816054
750,1485.9580209895053,-0.6503298350824588,2.5697151424287856,2.8755622188905545,0.8395802098950524,0.7841079460269865,760.1844077961019,6.512743628185907,13.889055472263868,0.9610194902548725,0.4917541229385307,0.46926536731634183,0.5427286356821589,0.44227886056971516
751,1546.8064516129032,-1.5322390891840607,1.6394686907020872,2.4041745730550286,1.4193548387096775,0.855787476280835,785.3339658444023,6.05123339658444,12.891840607210627,0.9354838709677419,0.5483870967741935,0.3870967741935484,0.4857685009487666,0.5142314990512334
752,1501.8533724340175,-1.6524633431085045,2.6715542521994133,2.5219941348973607,1.0791788856304985,0.7360703812316716,751.1759530791788,6.535190615835777,13.857771260997067,0.8137829912023461,0.43548387096774194,0.3782991202346041,0.5381231671554252,0.46187683284457476
753,1523.9673295454545,-0.4739914772727273,2.971590909090909,2.5951704545454546,1.09375,0.7542613636363636,716.2514204545455,5.936079545454546,12.917613636363637,0.7755681818181818,0.42045454545454547,0.35511363636363635,0.5028409090909091,0.4900568181818182
754,1569.6189624329159,-1.5250626118067978,1.8389982110912344,2.084078711985689,1.5849731663685152,0.8032200357781754,814.087656529517,5.942754919499105,12.384615384615385,0.9373881932021467,0.49552772808586765,0.4418604651162791,0.5509838998211091,0.4472271914132379
755,1624.1097393689986,-1.4931001371742112,2.847736625514403,2.117969821673525,1.3113854595336076,0.7585733882030178,773.99451303155,5.460905349794238,11.222222222222221,1.0507544581618655,0.4375857338820302,0.6131687242798354,0.4403292181069959,0.5596707818930041
756,1477.1476377952756,-1.4233464566929135,2.572834645669291,2.590551181102362,1.0748031496062993,1.0708661417322836,748.6318897637796,6.7362204724409445,14.334645669291339,1.7244094488188977,0.7933070866141733,0.9311023622047244,0.5649606299212598,0.4311023622047244
757,1556.5024958402662,-1.5225457570715473,1.6955074875207987,2.853577371048253,1.2063227953410982,0.740432612312812,767.1863560732113,6.166389351081531,12.765391014975041,1.1630615640599002,0.6306156405990017,0.5324459234608985,0.4841930116472546,0.5158069883527454
758,1542.751712328767,-1.4837842465753424,3.5154109589041096,2.1232876712328768,0.8715753424657534,0.851027397260274,738.1284246575342,6.2243150684931505,13.11472602739726,1.4332191780821917,0.6934931506849316,0.7397260273972602,0.5342465753424658,0.4589041095890411
759,1567.4314868804665,0.24086005830903792,3.3411078717201166,2.7011661807580176,0.89067055393586,0.9081632653061225,752.6239067055394,5.759475218658892,11.934402332361516,0.3935860058309038,0.23760932944606414,0.15597667638483964,0.4839650145772595,0.48833819241982507
760,1494.953934740883,-1.6719001919385799,1.4452975047984644,2.3723608445297506,1.2802303262955854,0.8522072936660269,725.2706333973128,6.5105566218809985,14.18809980806142,1.1228406909788868,0.5873320537428023,0.5355086372360844,0.5604606525911708,0.43953934740882916
761,1371.9723756906078,-1.795303867403315,2.7826887661141804,2.714548802946593,0.7790055248618785,0.856353591160221,655.0681399631676,7.209944751381215,16.89318600368324,0.9852670349907919,0.4548802946593002,0.5303867403314917,0.6151012891344383,0.3848987108655617
762,1467.5299270072992,-0.5444963503649636,2.3372262773722627,2.4846715328467153,1.1167883211678833,0.8058394160583942,701.8846715328467,6.484671532846716,14.54890510948905,0.7591240875912408,0.44963503649635034,0.3094890510948905,0.5197080291970803,0.4686131386861314
763,1525.554012345679,-1.533533950617284,1.5030864197530864,2.2021604938271606,1.4675925925925926,0.6589506172839507,700.2314814814815,5.8503086419753085,13.223765432098766,0.4737654320987654,0.2515432098765432,0.2222222222222222,0.4783950617283951,0.5216049382716049
764,1468.0018214936247,-1.4237704918032787,2.9963570127504555,1.9508196721311475,1.0856102003642987,0.8834244080145719,683.4608378870674,6.154826958105646,14.304189435336976,0.37522768670309653,0.16939890710382513,0.2058287795992714,0.5391621129326047,0.45719489981785066
765,1555.1353790613719,-1.5589350180505415,2.7148014440433212,2.3646209386281587,1.0902527075812274,0.7851985559566786,707.7815884476535,5.671480144404332,12.425992779783394,0.5234657039711191,0.33212996389891697,0.19133574007220217,0.47653429602888087,0.5234657039711191
766,1531.5683836589699,-1.5950088809946714,1.2682060390763765,2.330373001776199,1.4085257548845471,0.7122557726465364,702.1243339253997,6.017761989342806,13.284191829484902,0.4049733570159858,0.21314387211367672,0.19182948490230906,0.5381882770870338,0.46181172291296624
767,1379.3045871559632,-1.2707155963302752,3.0972477064220185,2.473394495412844,0.8036697247706422,0.818348623853211,690.5339449541284,7.3100917431192665,16.653211009174314,0.5981651376146789,0.24954128440366974,0.3486238532110092,0.6018348623853211,0.3926605504587156
768,1487.7393526405451,1.1760817717206131,3.0749574105621806,2.717206132879046,0.7444633730834753,0.9982964224872232,705.9148211243612,6.281090289608177,13.633730834752981,0.7308347529812607,0.33560477001703576,0.39522998296422485,0.5536626916524702,0.42248722316865417
769,1541.8460291734198,-1.5072933549432739,1.813614262560778,2.205834683954619,1.4489465153970826,0.7293354943273906,757.163695299838,5.826580226904376,12.640194489465154,0.1993517017828201,0.09238249594813615,0.10696920583468396,0.5056726094003241,0.49270664505672607
770,1552.5641025641025,-1.6447350427350427,2.635897435897436,2.2735042735042734,1.0683760683760684,0.8256410256410256,780.7145299145299,5.953846153846154,12.673504273504273,1.005128205128205,0.5162393162393163,0.4888888888888889,0.5299145299145299,0.4700854700854701
771,1478.9126213592233,-1.6833818770226536,2.3608414239482203,2.736245954692557,0.9805825242718447,0.8365695792880259,734.4417475728155,6.480582524271845,14.025889967637541,0.4223300970873786,0.1925566343042071,0.2297734627831715,0.5631067961165048,0.4368932038834951
772,1549.4089552238806,-1.5217164179104476,1.2835820895522387,2.391044776119403,1.5567164179104478,0.664179104477612,768.1985074626866,5.932835820895522,12.771641791044775,0.7761194029850746,0.46417910447761196,0.3119402985074627,0.5283582089552239,0.4716417910447761
773,1526.309667673716,-1.5649093655589124,2.879154078549849,2.1525679758308156,1.2870090634441087,0.7598187311178247,727.3685800604229,5.842900302114804,13.05287009063444,0.49395770392749244,0.27492447129909364,0.2190332326283988,0.49395770392749244,0.5060422960725075
774,1470.1370826010545,0.12377855887521964,3.1072056239015815,2.2144112478031635,1.0369068541300528,0.9543057996485061,717.6186291739895,6.198594024604569,14.137082601054482,0.3286467486818981,0.18101933216168717,0.14762741652021089,0.5360281195079086,0.44991212653778556
775,1509.44776119403,-0.830820895522388,2.08955223880597,1.8955223880597014,1.4328358208955223,0.8731343283582089,783.0951492537314,6.126865671641791,13.580223880597014,0.7630597014925373,0.416044776119403,0.34701492537313433,0.47947761194029853,0.5167910447761194
776,1482.291891891892,-1.1484504504504505,2.938738738738739,2.526126126126126,0.9297297297297298,0.9207207207207208,735.9549549549549,6.0288288288288285,13.94054054054054,0.8378378378378378,0.42882882882882883,0.409009009009009,0.5027027027027027,0.4936936936936937
777,1510.668759811617,-0.9744583987441131,3.0784929356357926,2.8351648351648353,0.8995290423861853,0.7488226059654631,750.9686028257457,5.660910518053376,13.01883830455259,0.4552590266875981,0.23861852433281006,0.21664050235478807,0.49293563579277866,0.5023547880690737
778,1531.0656028368794,-1.4862234042553193,1.9060283687943262,2.297872340425532,1.3191489361702127,0.7570921985815603,749.0514184397163,5.918439716312057,13.01595744680851,0.7411347517730497,0.4219858156028369,0.3191489361702128,0.5,0.5
779,1549.2819722650231,-1.0084745762711864,3.3266563944530048,2.2665639445300463,1.0215716486902928,0.7704160246533128,743.8582434514637,5.553158705701079,12.348228043143298,0.5084745762711864,0.17719568567026195,0.3312788906009245,0.5177195685670262,0.4761171032357473
780,1536.4547008547008,-0.36049572649572653,2.6393162393162393,2.6222222222222222,1.0017094017094017,0.8735042735042735,750.6888888888889,5.714529914529915,12.547008547008547,1.005128205128205,0.4512820512820513,0.5538461538461539,0.4888888888888889,0.49230769230769234
781,1541.4130982367758,-1.6829974811083124,1.783375314861461,2.2947103274559195,1.1964735516372795,0.9697732997481109,767.7027707808564,6.251889168765743,13.299748110831235,1.3526448362720402,0.6020151133501259,0.7506297229219143,0.5289672544080605,0.47103274559193953
782,1466.9194078947369,-1.4696546052631578,3.0641447368421053,2.5625,0.9029605263157895,0.8141447368421053,713.5690789473684,6.7006578947368425,14.919407894736842,1.4407894736842106,0.6529605263157895,0.787828947368421,0.5592105263157895,0.43914473684210525
783,1568.0548148148148,-1.1053777777777778,2.8874074074074074,2.6103703703703705,0.9688888888888889,0.7955555555555556,669.3451851851852,5.521481481481482,11.936296296296296,0.8785185185185185,0.38222222222222224,0.4962962962962963,0.4666666666666667,0.5303703703703704
784,1531.476386036961,-1.6057494866529773,1.9342915811088295,1.8993839835728952,1.3983572895277208,0.8213552361396304,693.3757700205339,6.073921971252567,13.262833675564682,0.5133470225872689,0.26899383983572894,0.24435318275154005,0.5605749486652978,0.4394250513347023
785,1514.9844357976654,-1.624863813229572,2.8735408560311284,1.8852140077821011,1.1439688715953307,0.6459143968871596,662.9221789883269,6.342412451361867,13.698443579766536,0.5350194552529183,0.2801556420233463,0.25486381322957197,0.5233463035019456,0.4766536964980545
786,1400.2692307692307,-0.688021978021978,2.8626373626373627,2.2655677655677655,0.9413919413919414,0.8864468864468864,692.6117216117216,7.467032967032967,16.296703296703296,1.2564102564102564,0.6611721611721612,0.5952380952380952,0.5934065934065934,0.3992673992673993
787,1367.4918918918918,-1.8571891891891892,2.027027027027027,2.7378378378378376,0.7216216216216216,1.037837837837838,624.5594594594595,7.716216216216216,17.237837837837837,0.5297297297297298,0.3567567567567568,0.17297297297297298,0.6459459459459459,0.35405405405405405
788,1426.2697495183045,-1.7284007707129094,3.2177263969171483,1.8400770712909442,1.0500963391136802,0.9556840077071291,668.2774566473988,6.8497109826589595,15.369942196531792,1.023121387283237,0.5973025048169557,0.4258188824662813,0.5857418111753372,0.4142581888246628
789,1463.3699633699634,-1.7414652014652015,3.4926739926739927,2.402930402930403,0.9706959706959707,0.8534798534798534,676.9029304029305,6.52014652014652,14.734432234432234,0.33516483516483514,0.19047619047619047,0.1446886446886447,0.5677655677655677,0.43223443223443225
790,1533.3624772313296,-1.609672131147541,1.4098360655737705,2.4990892531876137,1.3242258652094718,0.7814207650273224,725.0182149362478,6.2076502732240435,13.380692167577413,1.0437158469945356,0.47358834244080145,0.5701275045537341,0.4899817850637523,0.5100182149362478
791,1473.1070780399275,-1.6899818511796734,3.0090744101633393,2.190562613430127,0.9455535390199638,0.8747731397459165,684.8003629764065,6.918330308529946,14.577132486388384,0.8838475499092558,0.4246823956442831,0.4591651542649728,0.6007259528130672,0.3992740471869328
792,1543.7966321243523,1.8785492227979275,2.3354922279792745,2.540155440414508,1.1787564766839378,0.7435233160621761,653.1152849740932,5.55699481865285,12.426165803108809,0.9715025906735751,0.41321243523316065,0.5582901554404145,0.4689119170984456,0.5038860103626943
793,1542.597719869707,-1.611416938110749,1.719869706840391,2.3420195439739415,1.4478827361563518,0.747557003257329,721.3534201954398,6.330618892508143,13.30456026058632,0.8941368078175895,0.4201954397394137,0.4739413680781759,0.5309446254071661,0.46905537459283386
794,1437.1440162271806,-1.512758620689655,3.3529411764705883,1.6653144016227182,1.1359026369168357,0.7525354969574036,662.7484787018255,6.9026369168357,15.385395537525355,0.7464503042596349,0.46247464503042596,0.2839756592292089,0.5983772819472617,0.3995943204868154
795,1486.1696284329564,-1.0809046849757673,3.0516962843295636,2.2907915993537964,1.0823909531502423,0.7140549273021002,673.9046849757674,6.589660743134087,14.51534733441034,1.1647819063004847,0.5767366720516963,0.5880452342487884,0.5444264943457189,0.4507269789983845
796,1556.7131280388978,-1.4510210696920582,1.372771474878444,2.4311183144246353,1.3435980551053484,0.6839546191247974,710.2447325769854,6.00162074554295,12.622366288492707,0.8541329011345219,0.3727714748784441,0.4813614262560778,0.4862236628849271,0.513776337115073
797,1522.0356536502547,-1.0406451612903227,3.0118845500848894,2.234295415959253,1.0118845500848896,0.6893039049235993,657.7113752122241,6.074702886247878,13.427843803056026,0.933786078098472,0.5263157894736842,0.4074702886247878,0.4567062818336163,0.5398981324278438
798,1447.9513043478262,-1.7315130434782608,3.083478260869565,2.4521739130434783,0.8660869565217392,0.8486956521739131,668.1739130434783,7.020869565217391,15.335652173913044,1.1478260869565218,0.5147826086956522,0.6330434782608696,0.6052173913043478,0.3947826086956522
799,1457.8695652173913,-1.6991106719367588,1.8300395256916997,2.185770750988142,1.2707509881422925,0.8399209486166008,660.6699604743083,7.07905138339921,15.021739130434783,0.43478260869565216,0.2865612648221344,0.1482213438735178,0.6205533596837944,0.3774703557312253
800,1374.742092457421,-1.3477858880778588,2.997566909975669,2.167883211678832,0.7931873479318735,0.7445255474452555,643.5450121654501,7.664233576642336,17.02676399026764,1.1070559610705597,0.44038929440389296,0.6666666666666666,0.6009732360097324,0.39172749391727496
801,1465.6920415224913,-1.623304498269896,2.640138408304498,2.745674740484429,0.9896193771626297,0.8183391003460208,636.8840830449827,6.839100346020762,15.058823529411764,2.3044982698961936,1.1764705882352942,1.1280276816608996,0.5882352941176471,0.4100346020761246
802,1353.7445652173913,-1.583623188405797,1.1757246376811594,2.244565217391304,1.423913043478261,0.7862318840579711,591.8333333333334,7.757246376811594,17.519927536231883,0.5869565217391305,0.3242753623188406,0.26268115942028986,0.5887681159420289,0.40942028985507245
803,1437.9075342465753,-1.629332191780822,3.0,2.184931506849315,1.0513698630136987,0.7654109589041096,671.0599315068494,7.332191780821918,15.530821917808218,0.6541095890410958,0.2945205479452055,0.3595890410958904,0.6095890410958904,0.3886986301369863
804,1444.1626617375232,-1.6962476894639555,3.009242144177449,2.2717190388170057,0.9500924214417745,0.800369685767098,618.4879852125694,6.839186691312385,15.314232902033272,1.4085027726432533,0.6894639556377079,0.7190388170055453,0.5508317929759704,0.4491682070240296
805,1465.0192307692307,-1.5431818181818182,1.8076923076923077,1.8741258741258742,1.5384615384615385,0.7517482517482518,660.2325174825174,6.809440559440559,14.694055944055943,0.5926573426573427,0.3531468531468531,0.2395104895104895,0.5157342657342657,0.48426573426573427
806,1445.8650646950093,-1.6056931608133087,2.7818853974121995,2.367837338262477,0.9981515711645101,0.8909426987060998,673.7116451016636,7.188539741219963,15.173752310536045,0.8262476894639557,0.3752310536044362,0.4510166358595194,0.55637707948244,0.4436229205175601
807,1398.0240963855422,-0.7865210843373494,2.7710843373493974,2.6325301204819276,0.9352409638554217,0.7153614457831325,634.9367469879518,7.34789156626506,16.022590361445783,0.3689759036144578,0.17620481927710843,0.1927710843373494,0.5662650602409639,0.42319277108433734
808,1407.0,-1.654894026974952,1.5876685934489403,2.285163776493256,1.2736030828516378,0.791907514450867,626.5934489402697,7.167630057803469,15.973025048169557,0.653179190751445,0.34296724470134876,0.31021194605009633,0.5741811175337187,0.4258188824662813
809,1538.131746031746,-1.5721269841269843,2.961904761904762,2.085714285714286,1.0952380952380953,0.7238095238095238,676.2460317460317,6.36031746031746,13.042857142857143,0.3603174603174603,0.1111111111111111,0.2492063492063492,0.4984126984126984,0.5015873015873016
810,1414.85347985348,-1.7523626373626373,2.553113553113553,2.6135531135531136,0.9652014652014652,0.7710622710622711,690.0952380952381,7.2032967032967035,15.694139194139193,0.5677655677655677,0.3021978021978022,0.26556776556776557,0.6208791208791209,0.3791208791208791
811,1430.9544419134397,-1.607608200455581,1.5489749430523918,1.89749430523918,1.3940774487471526,0.7425968109339408,719.5489749430524,6.603644646924829,15.216400911161731,0.6583143507972665,0.4806378132118451,0.1776765375854214,0.5671981776765376,0.4328018223234624
812,1489.3475609756097,-1.6221951219512196,2.6219512195121952,2.2347560975609757,1.2179878048780488,0.7378048780487805,698.9253048780488,6.560975609756097,13.893292682926829,0.4420731707317073,0.23170731707317074,0.21036585365853658,0.538109756097561,0.46189024390243905
813,1406.4621578099839,-1.2692592592592593,2.714975845410628,2.429951690821256,1.0869565217391304,0.7713365539452496,667.8373590982287,7.421900161030596,15.977455716586151,0.2560386473429952,0.12077294685990338,0.13526570048309178,0.5958132045088567,0.3977455716586151
814,1409.2946859903382,-1.7358212560386472,1.8719806763285025,2.157004830917874,1.2801932367149758,0.9347826086956522,662.0772946859903,7.601449275362318,16.3768115942029,0.5458937198067633,0.28502415458937197,0.2608695652173913,0.5845410628019324,0.41545893719806765
815,1385.6222596964587,-1.5612984822934233,2.935919055649241,1.9477234401349073,1.2293423271500843,0.7841483979763912,638.5278246205734,7.51433389544688,16.48903878583474,0.5497470489038786,0.22259696458684655,0.327150084317032,0.581787521079258,0.41652613827993257
816,1483.1556776556777,-1.6564835164835165,2.4249084249084247,2.7875457875457874,0.9652014652014652,0.8351648351648352,646.5238095238095,6.527472527472527,14.456043956043956,0.7710622710622711,0.3443223443223443,0.4267399267399267,0.5421245421245421,0.45787545787545786
817,1509.9202037351442,-1.509151103565365,1.6926994906621393,2.6774193548387095,1.1680814940577249,0.7826825127334465,680.2122241086587,6.499151103565365,13.62648556876061,0.40237691001697795,0.21731748726655348,0.18505942275042445,0.5178268251273345,0.48047538200339557
818,1428.8704103671707,-1.587645788336933,3.187904967602592,2.0323974082073435,0.9416846652267818,0.6306695464362851,644.8963282937365,7.012958963282937,15.308855291576673,0.6889848812095032,0.24190064794816415,0.4470842332613391,0.5831533477321814,0.4168466522678186
819,1359.4599686028257,-1.6675824175824177,3.0298273155416013,2.488226059654631,0.8634222919937206,0.7456828885400314,629.4427001569859,7.833594976452119,17.246467817896388,0.3328100470957614,0.13971742543171115,0.19309262166405022,0.5965463108320251,0.40345368916797486
820,1471.281954887218,-1.6038345864661654,1.3984962406015038,2.325187969924812,1.5150375939849625,0.706766917293233,693.1936090225564,7.011278195488722,14.87406015037594,0.5526315789473685,0.21804511278195488,0.33458646616541354,0.5206766917293233,0.4793233082706767
821,1332.401287553648,-1.703390557939914,2.871244635193133,2.1351931330472103,0.9699570815450643,0.6909871244635193,597.0257510729614,7.5965665236051505,17.36695278969957,1.7188841201716738,0.7317596566523605,0.9871244635193133,0.6008583690987125,0.39914163090128757
822,1445.0958904109589,-1.3752511415525113,2.3013698630136985,2.7382039573820394,1.0791476407914764,0.6788432267884322,618.7366818873668,7.001522070015221,15.248097412480973,0.6057838660578386,0.3059360730593607,0.2998477929984779,0.5251141552511416,0.471841704718417
823,1476.6182707993476,-1.4540456769983687,1.3425774877650898,2.2006525285481238,1.5481239804241436,0.6802610114192496,699.252854812398,6.848287112561175,14.396411092985318,0.44208809135399674,0.24469820554649266,0.19738988580750408,0.5008156606851549,0.499184339314845
824,1325.4338085539714,-1.3532179226069248,2.955193482688391,1.6354378818737272,1.1486761710794298,0.8289205702647657,621.2057026476579,7.513238289205702,17.35437881873727,0.7637474541751528,0.4215885947046843,0.3421588594704684,0.615071283095723,0.38289205702647655
825,1402.615763546798,-1.7079638752052546,2.7175697865353037,2.2216748768472905,1.2085385878489328,0.7142857142857143,621.3300492610838,7.343185550082102,16.1871921182266,0.5927750410509032,0.31198686371100165,0.28078817733990147,0.5599343185550082,0.4400656814449918
826,1455.7650485436893,-1.6496116504854368,1.2446601941747573,2.2932038834951456,1.4932038834951455,0.7669902912621359,639.0174757281553,7.133980582524272,14.90873786407767,1.5300970873786408,0.8058252427184466,0.7242718446601941,0.5223300970873787,0.47766990291262135
827,1379.3735849056604,-1.5811320754716982,2.6792452830188678,2.0018867924528303,1.149056603773585,0.5660377358490566,617.3320754716981,7.549056603773585,16.667924528301885,0.5660377358490566,0.22264150943396227,0.3433962264150943,0.5811320754716981,0.4188679245283019
828,1385.7220394736842,-1.676529605263158,2.835526315789474,2.6677631578947367,0.8963815789473685,0.7680921052631579,622.9407894736842,7.184210526315789,16.519736842105264,0.4720394736842105,0.25,0.22203947368421054,0.5888157894736842,0.41118421052631576
829,1518.6178571428572,-1.552339285714286,1.6535714285714285,2.0642857142857145,1.4017857142857142,0.6589285714285714,679.3482142857143,6.183928571428571,13.275,0.2125,0.1392857142857143,0.07321428571428572,0.5642857142857143,0.4357142857142857
830,1501.4737827715355,-1.5930711610486892,2.5037453183520597,2.3071161048689137,1.0074906367041199,0.898876404494382,674.0636704119851,6.387640449438202,13.676029962546817,0.7865168539325843,0.41385767790262173,0.37265917602996257,0.5355805243445693,0.46441947565543074
831,1410.4081967213115,-1.7252786885245903,2.718032786885246,2.559016393442623,0.9983606557377049,0.7508196721311475,631.4426229508197,7.073770491803279,15.901639344262295,1.8049180327868852,0.9819672131147541,0.8229508196721311,0.580327868852459,0.419672131147541
832,1428.181660899654,-1.641643598615917,1.1176470588235294,2.0034602076124566,1.7941176470588236,0.7145328719723183,661.8737024221454,7.053633217993079,15.731833910034602,0.6920415224913494,0.3044982698961938,0.3875432525951557,0.5553633217993079,0.444636678200692
833,1384.7814465408806,-1.6864150943396226,2.8349056603773586,1.8946540880503144,1.3238993710691824,0.6194968553459119,658.9261006289308,7.056603773584905,16.41194968553459,0.4779874213836478,0.19339622641509435,0.28459119496855345,0.60062893081761,0.3977987421383648
834,1381.1917098445597,-1.7803281519861829,2.9602763385146806,2.146804835924007,1.1174438687392054,0.7236614853195165,650.9879101899827,7.623488773747841,16.901554404145077,0.47668393782383417,0.25215889464594127,0.22452504317789293,0.6373056994818653,0.3626943005181347
835,1406.369982547993,-1.6713263525305408,1.7399650959860384,1.7818499127399652,1.5427574171029668,0.6684118673647469,668.8778359511343,7.397905759162303,16.50087260034904,1.3123909249563699,0.6910994764397905,0.6212914485165794,0.5567190226876091,0.4432809773123909
836,1386.797131147541,-1.7514959016393443,2.625,2.3688524590163933,0.9631147540983607,0.7725409836065574,630.7622950819672,7.51844262295082,17.307377049180328,1.6762295081967213,0.7684426229508197,0.9077868852459017,0.6147540983606558,0.38524590163934425
837,1441.5712,-1.331264,2.7536,2.7408,1.0784,0.7136,655.2912,6.8816,15.0832,0.3152,0.2096,0.1056,0.5312,0.4624
838,1295.0371352785146,-1.9336604774535808,1.636604774535809,1.7453580901856764,1.4084880636604775,0.9310344827586207,603.2838196286472,8.787798408488063,19.374005305039788,0.6525198938992043,0.20424403183023873,0.4482758620689655,0.6843501326259946,0.3156498673740053
839,1409.7814685314686,-1.6718531468531468,3.222027972027972,2.262237762237762,1.0314685314685315,0.7342657342657343,699.3531468531469,7.269230769230769,15.854895104895105,0.36713286713286714,0.17482517482517482,0.19230769230769232,0.5629370629370629,0.4370629370629371
840,1372.978761061947,-1.261221238938053,2.5557522123893803,2.6371681415929205,0.8902654867256637,0.7805309734513274,584.4743362831858,7.221238938053097,16.8,0.7876106194690266,0.41415929203539825,0.3734513274336283,0.5646017699115045,0.4336283185840708
841,1423.823651452282,-1.6986929460580913,1.5829875518672198,2.0892116182572615,1.3775933609958506,0.7738589211618258,647.1929460580913,7.16597510373444,16.04564315352697,0.34854771784232363,0.18672199170124482,0.16182572614107885,0.5560165975103735,0.44398340248962653
842,1446.7851622874807,-1.6090108191653787,2.812982998454405,2.347758887171561,1.1901081916537868,0.768160741885626,627.225656877898,6.734157650695518,15.146831530139103,0.8547140649149922,0.4281298299845441,0.4265842349304482,0.5548686244204019,0.44513137557959814
843,1523.4202211690363,-1.34347551342812,2.890995260663507,2.5023696682464456,1.0774091627172195,0.7235387045813586,661.3728278041074,6.167456556082149,13.260663507109005,0.5023696682464455,0.25434439178515006,0.2480252764612954,0.5071090047393365,0.4913112164296998
844,1302.517799352751,-1.8449190938511328,1.9838187702265373,1.7896440129449838,1.1262135922330097,1.1067961165048543,552.0355987055016,8.10032362459547,18.72491909385113,0.5792880258899676,0.313915857605178,0.26537216828478966,0.6957928802588996,0.3042071197411003
845,1280.4568527918782,-1.7231472081218273,3.253807106598985,1.7944162436548223,1.0253807106598984,0.5279187817258884,571.3071065989848,7.918781725888325,18.939086294416242,0.5304568527918782,0.29949238578680204,0.23096446700507614,0.6345177664974619,0.36548223350253806
846,1372.9253012048193,-1.8577349397590361,2.4939759036144578,2.4626506024096386,0.9421686746987952,0.8530120481927711,626.7397590361446,7.440963855421686,16.85301204819277,0.7759036144578313,0.41927710843373495,0.3566265060240964,0.6433734939759036,0.3566265060240964
847,1476.7287784679088,-1.5983229813664597,1.5300207039337475,2.269151138716356,1.15527950310559,0.7267080745341615,667.5175983436853,6.308488612836439,14.271221532091097,0.5072463768115942,0.22567287784679088,0.2815734989648033,0.5610766045548654,0.4389233954451346
848,1417.9545454545455,-1.8316403162055337,3.0434782608695654,2.015810276679842,1.0138339920948616,0.6304347826086957,662.4723320158103,6.968379446640316,15.527667984189723,1.033596837944664,0.4308300395256917,0.6027667984189723,0.6304347826086957,0.3695652173913043
849,1406.0304347826086,-1.5838405797101447,3.0492753623188404,2.5072463768115942,1.0260869565217392,0.7463768115942029,636.1289855072464,7.339130434782609,16.252173913043478,0.39565217391304347,0.23623188405797102,0.15942028985507245,0.6101449275362318,0.3884057971014493
850,1486.8424778761062,-1.5,1.343362831858407,2.2601769911504426,1.3699115044247787,0.7079646017699115,695.3646017699115,6.741592920353982,14.507964601769912,0.863716814159292,0.3929203539823009,0.47079646017699117,0.4761061946902655,0.5238938053097345
851,1506.2177121771217,-1.6139114391143912,2.7509225092250924,2.2767527675276753,0.996309963099631,0.8782287822878229,697.7749077490774,6.326568265682657,13.874538745387454,1.0387453874538746,0.4981549815498155,0.540590405904059,0.5295202952029521,0.470479704797048
852,1525.2722371967654,-0.8284231805929918,2.464959568733154,2.68733153638814,1.1603773584905661,0.7830188679245284,678.7412398921833,6.1024258760107815,13.378706199460916,0.816711590296496,0.38544474393531,0.431266846361186,0.4838274932614555,0.5040431266846361
853,1464.4801271860094,-1.4103815580286168,1.3910969793322734,2.0953895071542132,1.5151033386327504,0.6947535771065183,713.1637519872814,6.957074721780604,15.311605723370429,0.6518282988871225,0.246422893481717,0.40540540540540543,0.5739268680445151,0.42130365659777425
854,1456.889534883721,-1.5389728682170543,2.864341085271318,1.804263565891473,1.313953488372093,0.7538759689922481,653.7112403100775,6.755813953488372,15.075581395348838,0.6492248062015504,0.34689922480620156,0.3023255813953488,0.5251937984496124,0.4748062015503876
855,1492.1390070921987,-0.6793617021276596,2.8397163120567375,2.295035460992908,1.1801418439716311,0.7163120567375887,646.641134751773,6.443971631205674,14.245390070921985,0.8141843971631205,0.38581560283687943,0.42836879432624114,0.524822695035461,0.46382978723404256
856,1507.7184300341296,-1.6178839590443688,1.3771331058020477,2.242320819112628,1.5034129692832765,0.7542662116040956,668.0648464163822,6.419795221843003,13.745733788395905,0.6040955631399317,0.3412969283276451,0.2627986348122867,0.5255972696245734,0.47440273037542663
857,1518.8521341463415,-1.5778048780487803,2.8445121951219514,2.375,1.1935975609756098,0.7560975609756098,679.3993902439024,6.0060975609756095,13.339939024390244,0.5823170731707317,0.2621951219512195,0.3201219512195122,0.5426829268292683,0.45426829268292684
858,1509.5429553264605,0.7798969072164949,2.950171821305842,2.661512027491409,0.8539518900343642,0.7560137457044673,681.6958762886597,6.572164948453608,14.123711340206185,1.1632302405498283,0.5326460481099656,0.6305841924398625,0.5085910652920962,0.4742268041237113
859,1533.9516666666666,-1.5572666666666668,1.7583333333333333,2.3633333333333333,1.3683333333333334,0.69,656.3216666666667,6.208333333333333,13.628333333333334,0.4033333333333333,0.18333333333333332,0.22,0.5183333333333333,0.4816666666666667
860,1510.2619047619048,-1.5843406593406593,2.847985347985348,2.456043956043956,0.9926739926739927,0.815018315018315,713.4175824175824,6.935897435897436,14.199633699633699,1.1355311355311355,0.5128205128205128,0.6227106227106227,0.5384615384615384,0.46153846153846156
861,1603.9308885754583,-1.2871509167842032,2.6417489421720735,2.5035260930888574,1.0564174894217206,0.692524682651622,628.9590973201692,5.351198871650212,11.399153737658674,0.6798307475317349,0.34978843441466856,0.3300423131170663,0.46262341325811,0.5331452750352609
862,1459.5616,-1.777152,1.2912,2.3328,1.4928,0.7648,662.3584,7.3296,15.704,1.1616,0.7392,0.4224,0.568,0.432
863,1471.175355450237,-1.798357030015798,3.042654028436019,2.1958925750394944,1.146919431279621,0.7330173775671406,709.9652448657188,6.913112164296998,14.684044233807267,0.688783570300158,0.2796208530805687,0.40916271721958924,0.6003159557661928,0.39968404423380727
864,1463.0075757575758,-1.8271969696969697,3.234848484848485,2.3579545454545454,0.8863636363636364,0.803030303030303,633.001893939394,7.244318181818182,15.263257575757576,0.7518939393939394,0.3560606060606061,0.3958333333333333,0.5909090909090909,0.4090909090909091
865,1557.6182873730043,-1.504078374455733,1.8388969521044993,1.9274310595065312,1.5544267053701015,0.6081277213352685,702.1712626995646,6.087082728592162,12.989840348330913,0.9912917271407837,0.5036284470246735,0.4876632801161103,0.521044992743106,0.47895500725689405
866,1400.4520884520884,-1.7405159705159705,2.9312039312039313,2.3562653562653564,0.7567567567567568,0.7641277641277642,609.0565110565111,7.312039312039312,16.464373464373466,0.7469287469287469,0.40786240786240785,0.33906633906633904,0.5995085995085995,0.4004914004914005
867,1362.1196319018404,-1.6849846625766873,2.8067484662576687,2.7193251533742333,0.8819018404907976,0.6733128834355828,585.9831288343559,7.619631901840491,17.257668711656443,0.39570552147239263,0.1656441717791411,0.23006134969325154,0.6150306748466258,0.3834355828220859
868,1351.9705159705159,-1.9390417690417692,1.7764127764127764,2.078624078624079,1.2457002457002457,0.8132678132678133,633.1375921375922,8.567567567567568,18.012285012285012,0.3415233415233415,0.20884520884520885,0.13267813267813267,0.7248157248157249,0.2751842751842752
869,1337.3658146964856,-1.0443610223642172,3.3210862619808306,2.196485623003195,0.9696485623003195,0.755591054313099,607.8929712460064,8.100638977635782,17.76038338658147,0.3769968051118211,0.1853035143769968,0.19169329073482427,0.645367412140575,0.3514376996805112
870,1529.0153583617748,-1.5521501706484642,2.3088737201365186,2.6911262798634814,0.9931740614334471,0.6723549488054608,638.0153583617747,5.7542662116040955,13.058020477815699,0.7935153583617748,0.37372013651877134,0.4197952218430034,0.4812286689419795,0.5187713310580204
871,1393.0885122410546,-1.7695856873822975,2.1129943502824857,2.4595103578154425,1.0527306967984935,0.8192090395480226,590.6760828625236,7.619585687382298,16.666666666666668,0.5932203389830508,0.22598870056497175,0.3672316384180791,0.6214689265536724,0.3766478342749529
872,1463.7159590043923,-1.731142020497804,2.730600292825769,2.4480234260614933,1.1595900439238653,0.7510980966325037,590.8521229868228,6.560761346998536,14.639824304538799,0.7964860907759883,0.3689604685212299,0.42752562225475843,0.568081991215227,0.43191800878477304
873,1431.911858974359,-0.3136858974358975,3.5544871794871793,2.6009615384615383,0.8910256410256411,0.842948717948718,648.2932692307693,7.048076923076923,14.967948717948717,0.6121794871794872,0.3060897435897436,0.3060897435897436,0.5657051282051282,0.4230769230769231
874,1525.7838827838827,-1.5458241758241758,1.8717948717948718,1.8681318681318682,1.3406593406593406,0.7289377289377289,663.5,6.282051282051282,13.197802197802197,0.37545787545787546,0.17399267399267399,0.20146520146520147,0.5146520146520146,0.48534798534798534
875,1450.0254777070063,-1.4481847133757961,2.977707006369427,2.0573248407643314,1.071656050955414,0.7229299363057324,626.8152866242038,6.781847133757962,14.977707006369426,0.64171974522293,0.3184713375796178,0.3232484076433121,0.5589171974522293,0.4394904458598726
876,1422.865573770492,-0.25793442622950813,3.09344262295082,2.7540983606557377,0.8590163934426229,1.0098360655737706,637.3868852459017,6.947540983606557,15.162295081967214,0.739344262295082,0.3524590163934426,0.38688524590163936,0.5688524590163935,0.4163934426229508
877,1409.3243697478993,-1.8056638655462187,2.1815126050420166,2.9176470588235293,1.1008403361344539,0.7781512605042017,658.435294117647,7.26218487394958,16.228571428571428,0.4773109243697479,0.2857142857142857,0.1915966386554622,0.6151260504201681,0.38487394957983195
878,1374.984962406015,-1.2022857142857142,3.356390977443609,2.180451127819549,0.9323308270676691,0.8240601503759398,606.6105263157895,7.4451127819548875,16.69172932330827,0.6541353383458647,0.3007518796992481,0.3533834586466165,0.6150375939849624,0.37894736842105264
879,1482.480431848853,-1.3203508771929824,3.3049932523616734,2.6531713900134952,0.8947368421052632,0.6909581646423751,626.9676113360324,6.489878542510121,14.21727395411606,0.5775978407557355,0.2631578947368421,0.3144399460188934,0.5398110661268556,0.45883940620782726
880,1529.3712480252764,-1.6522274881516585,1.5355450236966826,2.5781990521327014,1.368088467614534,0.6540284360189573,729.7282780410743,6.007898894154819,13.459715639810426,1.018957345971564,0.47393364928909953,0.5450236966824644,0.5292259083728278,0.4707740916271722
881,1486.7292899408285,-1.727559171597633,2.8816568047337277,2.4866863905325443,0.9911242603550295,0.764792899408284,698.2337278106509,6.5828402366863905,14.303254437869823,1.1701183431952662,0.5680473372781065,0.6020710059171598,0.5813609467455622,0.41863905325443784
882,1572.889945652174,0.4194429347826087,2.698369565217391,2.654891304347826,1.0978260869565217,0.7758152173913043,637.6671195652174,5.557065217391305,11.866847826086957,0.5733695652173914,0.23777173913043478,0.33559782608695654,0.46195652173913043,0.5217391304347826
883,1523.9842022116904,-1.59347551342812,1.7725118483412323,2.325434439178515,1.3996840442338072,0.684044233807267,673.9478672985782,6.21958925750395,13.611374407582938,0.5987361769352291,0.30647709320695105,0.292259083728278,0.5387045813586098,0.46129541864139023
884,1432.9979423868313,-1.568395061728395,3.537037037037037,1.7695473251028806,1.0987654320987654,0.6707818930041153,667.082304526749,6.98559670781893,15.37448559670782,1.3292181069958848,0.654320987654321,0.6748971193415638,0.551440329218107,0.448559670781893
885,1488.9105691056911,-1.3801626016260164,2.9051490514905147,2.1734417344173442,1.1924119241192412,0.7371273712737128,639.0677506775068,6.509485094850948,14.292682926829269,0.6924119241192412,0.33739837398373984,0.35501355013550134,0.5460704607046071,0.45121951219512196
886,1546.7548291233284,0.16729569093610694,1.4918276374442794,2.196136701337296,1.4606240713224368,0.6820208023774146,648.1812778603269,5.655274888558693,12.546805349182764,0.612184249628529,0.3224368499257058,0.2897473997028232,0.46805349182763745,0.5230312035661219
887,1577.3001261034049,-1.3694325346784364,3.0050441361916773,2.510718789407314,1.085750315258512,0.6986128625472888,713.327868852459,5.433795712484237,11.91172761664565,0.5081967213114754,0.23076923076923078,0.27742749054224464,0.47162673392181587,0.5271122320302648
888,1499.287610619469,0.7992625368731563,3.112094395280236,2.5634218289085546,0.93952802359882,0.7227138643067846,693.5,6.337758112094395,13.616519174041297,0.7920353982300885,0.37315634218289084,0.41887905604719766,0.5132743362831859,0.4690265486725664
889,1454.2590975254732,-1.4848762736535663,1.809315866084425,2.2212518195050945,1.388646288209607,0.6390101892285298,677.9985443959243,6.39155749636099,14.832605531295487,0.18922852983988356,0.08733624454148471,0.10189228529839883,0.5443959243085881,0.4556040756914119
890,1601.5767575322811,-1.6010760401721664,2.720229555236729,2.4591104734576756,1.1219512195121952,0.7245337159253945,790.651362984218,5.472022955523673,11.39454806312769,0.6040172166427547,0.30272596843615496,0.3012912482065997,0.49928263988522237,0.5007173601147776
891,1584.196905766526,-1.2214908579465542,2.6680731364275667,2.6722925457102673,1.170182841068917,0.7060478199718706,731.1308016877637,5.451476793248945,11.796061884669479,0.5864978902953587,0.2770745428973277,0.30942334739803096,0.4641350210970464,0.5316455696202531
892,1535.1362984218079,-1.3329268292682928,1.4160688665710186,2.242467718794835,1.678622668579627,0.6384505021520803,678.3170731707318,5.995695839311335,13.223816355810618,0.8507890961262554,0.5164992826398852,0.33428981348637016,0.4921090387374462,0.5050215208034433
893,1546.9439601494396,-1.526749688667497,2.8530510585305104,2.088418430884184,1.2428393524283936,0.6874221668742216,720.1967621419676,5.815691158156912,12.557907845579079,0.6027397260273972,0.26774595267745954,0.33499377334993774,0.4931506849315068,0.5068493150684932
894,1460.991652754591,-1.709482470784641,3.2454090150250416,2.2570951585976626,1.008347245409015,0.8380634390651085,710.1218697829717,6.874791318864775,15.043405676126879,0.44240400667779634,0.2353923205342237,0.20701168614357263,0.5509181969949917,0.44908180300500833
895,1537.1789772727273,-1.4939488636363636,1.8267045454545454,1.8835227272727273,1.6434659090909092,0.6051136363636364,721.0099431818181,6.2883522727272725,13.348011363636363,0.6292613636363636,0.2883522727272727,0.3409090909090909,0.4872159090909091,0.5127840909090909
896,1473.8341158059468,-1.5053051643192488,2.8748043818466353,2.4131455399061035,1.0156494522691706,0.8779342723004695,710.3708920187794,6.413145539906103,14.320813771517997,0.6416275430359938,0.30985915492957744,0.3317683881064163,0.5461658841940532,0.4522691705790297
897,1526.4,-1.246716417910448,3.0417910447761196,2.937313432835821,0.9537313432835821,0.7014925373134329,675.1298507462686,6.2835820895522385,13.120895522388059,0.3597014925373134,0.18507462686567164,0.1746268656716418,0.48507462686567165,0.5104477611940299
898,1510.4274691358025,-1.4805246913580248,1.8487654320987654,2.259259259259259,1.3117283950617284,0.7129629629629629,702.5138888888889,6.231481481481482,13.455246913580247,0.5555555555555556,0.26697530864197533,0.28858024691358025,0.5354938271604939,0.46141975308641975
899,1502.2689189189189,-1.6760675675675676,3.0905405405405406,2.3054054054054056,1.0635135135135134,0.7040540540540541,703.8986486486486,6.363513513513514,13.682432432432432,0.2864864864864865,0.1608108108108108,0.12567567567567567,0.5351351351351351,0.4648648648648649
900,1581.0534918276373,0.9626448736998514,2.835066864784547,2.6166419019316494,1.0,0.8707280832095097,732.8454680534918,5.411589895988113,11.433878157503715,0.7890044576523031,0.424962852897474,0.3640416047548291,0.45022288261515603,0.5274888558692422
901,1588.489075630252,-1.4732941176470589,1.842016806722689,2.3092436974789914,1.492436974789916,0.7378151260504202,737.1613445378151,5.885714285714286,11.867226890756303,0.5512605042016807,0.2672268907563025,0.28403361344537814,0.4857142857142857,0.5142857142857142
902,1548.6422136422136,-1.574002574002574,2.685971685971686,2.460746460746461,1.2857142857142858,0.7078507078507078,729.1196911196911,5.761904761904762,12.576576576576576,0.8571428571428571,0.3539253539253539,0.5032175032175032,0.4877734877734878,0.5122265122265123
903,1534.14609929078,-1.5465106382978724,3.1843971631205674,2.5148936170212766,1.0808510638297872,0.7390070921985815,739.113475177305,6.165957446808511,13.157446808510638,0.624113475177305,0.3191489361702128,0.3049645390070922,0.5404255319148936,0.45673758865248226
904,1526.7331081081081,-1.6015202702702702,2.1030405405405403,2.1114864864864864,1.4797297297297298,0.7432432432432432,680.9206081081081,6.1858108108108105,13.369932432432432,0.33783783783783783,0.14527027027027026,0.19256756756756757,0.4966216216216216,0.5033783783783784
905,1546.540027137042,-1.376675712347354,2.8738127544097694,2.043419267299864,1.4111261872455902,0.7313432835820896,735.7042062415197,5.862957937584803,12.522388059701493,0.8059701492537313,0.42740841248303935,0.378561736770692,0.4762550881953867,0.5223880597014925
906,1530.6473087818697,0.1575212464589235,2.8158640226628897,2.6260623229461757,1.0524079320113315,0.8796033994334278,741.1643059490085,5.932011331444759,12.953257790368271,0.5878186968838527,0.25920679886685555,0.3286118980169972,0.5325779036827195,0.4461756373937677
907,1559.4503105590063,-1.62305900621118,1.8493788819875776,2.591614906832298,1.3416149068322982,0.6599378881987578,784.7003105590062,6.141304347826087,12.835403726708075,0.37267080745341613,0.19099378881987578,0.18167701863354038,0.4953416149068323,0.5046583850931677
908,1420.7327044025158,-0.9051886792452831,3.3034591194968552,1.940251572327044,1.1367924528301887,0.7547169811320755,692.683962264151,7.136792452830188,16.05188679245283,1.0644654088050314,0.6053459119496856,0.4591194968553459,0.5566037735849056,0.43553459119496857
909,1455.9602836879433,-0.03329078014184397,3.4879432624113473,2.6822695035460993,0.9092198581560283,0.8553191489361702,694.3971631205674,6.31063829787234,14.39290780141844,0.37446808510638296,0.17163120567375886,0.2028368794326241,0.5574468085106383,0.4269503546099291
910,1574.0907617504051,-1.4212317666126417,1.5235008103727714,2.3500810372771475,1.4846029173419772,0.6645056726094003,733.8622366288492,5.594813614262561,12.3257698541329,0.5105348460291734,0.23176661264181522,0.2787682333873582,0.4829821717990275,0.5170178282009724
911,1504.8671328671328,-1.6093566433566435,2.6937062937062937,2.318881118881119,1.151048951048951,0.7426573426573426,731.6951048951049,6.236363636363636,13.563636363636364,1.1454545454545455,0.46153846153846156,0.6839160839160839,0.5188811188811189,0.4811188811188811
912,1522.3042912873861,-0.8288036410923277,2.517555266579974,2.706111833550065,1.0624187256176854,0.7347204161248374,666.0975292587776,6.010403120936281,13.163849154746424,0.7776332899869961,0.3511053315994798,0.4265279583875163,0.4837451235370611,0.5019505851755527
913,1568.955737704918,-1.3791803278688524,1.7065573770491804,2.362295081967213,1.3786885245901639,0.6885245901639344,728.4213114754099,5.757377049180328,12.280327868852458,0.49836065573770494,0.27049180327868855,0.2278688524590164,0.4639344262295082,0.5360655737704918
914,1464.3910714285714,-1.6828214285714285,3.1660714285714286,1.8642857142857143,1.2267857142857144,0.7357142857142858,673.8375,6.685714285714286,14.603571428571428,0.6142857142857143,0.26071428571428573,0.3535714285714286,0.5464285714285714,0.45357142857142857
915,1395.058914728682,-1.6649612403100778,3.0868217054263565,2.3829457364341087,1.0031007751937984,0.7131782945736435,630.1767441860466,7.212403100775194,16.3968992248062,0.6449612403100775,0.2992248062015504,0.3457364341085271,0.6,0.4
916,1570.3609375,-0.825171875,1.328125,2.4625,1.496875,0.7640625,667.434375,5.409375,12.1453125,0.4875,0.2828125,0.2046875,0.4625,0.5328125
917,1543.5736842105264,-1.5628684210526316,2.942105263157895,2.431578947368421,1.1355263157894737,0.6868421052631579,742.4828947368421,5.886842105263158,12.782894736842104,0.5223684210526316,0.1868421052631579,0.3355263157894737,0.49736842105263157,0.5026315789473684
918,1464.854714064915,-1.037805255023184,3.105100463678516,2.6568778979907264,0.8021638330757341,0.7789799072642968,676.1097372488408,6.928902627511592,14.678516228748068,0.8176197836166924,0.3616692426584235,0.4559505409582689,0.500772797527048,0.49149922720247297
919,1475.6113671274961,-1.657910906298003,1.7342549923195085,2.176651305683564,1.4700460829493087,0.6451612903225806,668.4193548387096,5.976958525345622,14.058371735791091,0.22427035330261136,0.11367127496159754,0.11059907834101383,0.5407066052227343,0.4592933947772657
920,1456.0470219435736,-1.7004545454545457,2.6865203761755487,2.2523510971786833,1.1332288401253918,0.8009404388714734,696.1802507836991,6.7272727272727275,14.847962382445141,0.4608150470219436,0.24608150470219436,0.21473354231974923,0.554858934169279,0.445141065830721
921,1568.8003194888179,-1.541821086261981,2.6006389776357826,2.68370607028754,1.0575079872204474,0.610223642172524,675.7699680511182,5.247603833865814,12.041533546325878,0.29073482428115016,0.1501597444089457,0.14057507987220447,0.48562300319488816,0.5143769968051118
922,1578.1839557399724,-1.2868188105117566,1.2503457814661134,2.2088520055325036,1.6721991701244814,0.640387275242047,673.2047026279391,5.7053941908713695,12.326417704011066,0.7012448132780082,0.36099585062240663,0.34024896265560167,0.4536652835408022,0.5435684647302904
923,1375.318890814558,-1.7110051993067592,3.3258232235701906,2.3292894280762564,1.0363951473136914,0.7365684575389948,636.05719237435,7.40207972270364,16.97573656845754,0.7452339688041595,0.3275563258232236,0.41767764298093585,0.6395147313691508,0.36048526863084923
924,1520.0622950819672,-1.581065573770492,3.4278688524590164,2.1163934426229507,1.140983606557377,0.8278688524590164,695.655737704918,6.273770491803279,13.529508196721311,0.7934426229508197,0.34590163934426227,0.44754098360655736,0.5147540983606558,0.4852459016393443
925,1537.1565217391305,-1.5565565217391304,2.0034782608695654,1.9773913043478262,1.5634782608695652,0.6921739130434783,688.9113043478261,6.029565217391304,13.253913043478262,0.6869565217391305,0.36695652173913046,0.32,0.5113043478260869,0.48869565217391303
926,1531.257183908046,-1.4050862068965517,2.742816091954023,2.3160919540229883,1.1278735632183907,0.7988505747126436,712.316091954023,6.028735632183908,12.89080459770115,0.5890804597701149,0.257183908045977,0.33189655172413796,0.47844827586206895,0.5186781609195402
927,1560.7228177641655,-1.0676263399693722,2.8545176110260337,2.7503828483920367,0.9586523736600306,0.7411944869831547,705.9509954058193,5.598774885145483,12.191424196018376,0.2434915773353752,0.13169984686064318,0.11179173047473201,0.47320061255742724,0.5206738131699847
928,1433.7046632124352,-1.2840414507772022,1.927461139896373,2.2815198618307426,1.3126079447322971,0.7841105354058722,687.2452504317789,7.253886010362694,16.025906735751295,0.8791018998272885,0.44041450777202074,0.4386873920552677,0.6183074265975821,0.37823834196891193
929,1434.5621301775147,-1.6098520710059172,3.1257396449704142,2.3180473372781063,1.1079881656804733,0.7751479289940828,710.4778106508876,6.650887573964497,15.011834319526628,0.4230769230769231,0.2677514792899408,0.15532544378698224,0.5458579881656804,0.4541420118343195
930,1522.9923664122136,-1.1757557251908397,2.651908396946565,2.6381679389312978,1.0091603053435114,0.8213740458015267,738.7129770992367,6.074809160305343,13.748091603053435,0.9038167938931297,0.4442748091603053,0.4595419847328244,0.5557251908396946,0.4366412213740458
931,1501.3025830258302,-1.6693542435424353,1.7195571955719557,2.322878228782288,1.3154981549815499,0.7767527675276753,697.1918819188191,6.422509225092251,14.22140221402214,0.6383763837638377,0.37084870848708484,0.26752767527675275,0.559040590405904,0.44095940959409596
932,1476.6839945280437,-1.6027496580027358,2.746922024623803,2.4213406292749657,1.161422708618331,0.7373461012311902,695.2421340629274,7.017783857729138,15.207934336525307,0.8331053351573188,0.3898768809849521,0.4432284541723666,0.5622435020519836,0.4377564979480164
933,1468.1455696202531,-1.4509335443037974,3.1724683544303796,2.5680379746835444,0.9050632911392406,0.7136075949367089,662.4825949367089,7.098101265822785,15.300632911392405,0.6930379746835443,0.37816455696202533,0.314873417721519,0.5490506329113924,0.44936708860759494
934,1546.0225694444443,-1.4271180555555556,1.9427083333333333,2.045138888888889,1.3993055555555556,0.7777777777777778,699.2795138888889,5.868055555555555,12.84201388888889,0.7934027777777778,0.5625,0.2309027777777778,0.4965277777777778,0.5017361111111112
935,1512.5099667774086,-1.0609136212624586,2.946843853820598,1.9867109634551494,1.1461794019933556,0.7192691029900332,678.9916943521595,6.240863787375416,13.352159468438538,0.446843853820598,0.2541528239202658,0.19269102990033224,0.5116279069767442,0.4833887043189369
936,1422.4024390243903,0.18489547038327525,2.672473867595819,2.480836236933798,1.0749128919860627,0.8937282229965157,637.6759581881533,7.059233449477352,15.85191637630662,0.5400696864111498,0.2508710801393728,0.289198606271777,0.6045296167247387,0.38153310104529614
937,1561.1566666666668,-1.52165,1.735,3.0033333333333334,1.1266666666666667,0.7516666666666667,700.25,6.048333333333333,12.646666666666667,0.465,0.23333333333333334,0.23166666666666666,0.475,0.525
938,1408.5812619502867,-1.6360420650095602,3.038240917782027,2.0726577437858507,0.8852772466539197,0.7361376673040153,638.1969407265774,7.630975143403441,16.881453154875718,0.7743785850860421,0.34990439770554493,0.42447418738049714,0.655831739961759,0.3422562141491396
939,1384.7278106508875,1.1410059171597633,3.4023668639053253,2.8224852071005917,0.742603550295858,0.9349112426035503,606.2366863905326,6.951183431952662,16.17751479289941,0.33875739644970415,0.17899408284023668,0.15976331360946747,0.5946745562130178,0.3742603550295858
940,1617.207729468599,-1.1876167471819645,1.5442834138486312,2.714975845410628,1.355877616747182,0.8035426731078905,713.8051529790661,5.847020933977456,12.223832528180354,0.9887278582930756,0.537842190016103,0.45088566827697263,0.499194847020934,0.4943639291465378
941,1550.3979238754325,-1.7351730103806229,2.916955017301038,2.555363321799308,0.9948096885813149,0.8771626297577855,684.7647058823529,6.193771626297578,13.53287197231834,0.7231833910034602,0.28546712802768165,0.43771626297577854,0.5432525951557093,0.45674740484429066
942,1533.2793522267207,1.0060728744939271,2.4696356275303644,2.642375168690958,1.1417004048582995,0.8771929824561403,618.4790823211875,5.937921727395412,13.179487179487179,0.47368421052631576,0.21997300944669365,0.25371120107962214,0.47638326585695007,0.49122807017543857
943,1596.6942277691107,-1.0223088923556944,1.7925117004680187,2.6739469578783153,1.1762870514820594,0.8112324492979719,663.4742589703588,5.898595943837753,12.478939157566302,0.48517940717628705,0.24180967238689546,0.24336973478939158,0.5085803432137286,0.48517940717628705
944,1461.9585921325051,-0.8949482401656316,3.3064182194616976,1.8840579710144927,1.0269151138716357,0.8778467908902692,611.1428571428571,7.053830227743271,15.00207039337474,0.494824016563147,0.19668737060041408,0.2981366459627329,0.556935817805383,0.4389233954451346
945,1448.3268206039077,-0.9629662522202487,3.1261101243339255,2.5541740674955595,0.8614564831261101,0.8614564831261101,572.9378330373002,6.975133214920071,15.785079928952042,0.38898756660746003,0.20071047957371227,0.1882770870337478,0.5612788632326821,0.43161634103019536
946,1471.2972972972973,-1.1932625482625483,1.5617760617760619,2.2915057915057915,1.3918918918918919,0.8474903474903475,624.5598455598456,7.061776061776062,15.328185328185327,0.2857142857142857,0.1583011583011583,0.1274131274131274,0.5675675675675675,0.42857142857142855
947,1516.344262295082,-1.4745901639344263,2.944262295081967,2.3950819672131147,1.0524590163934426,0.7377049180327869,638.7098360655738,6.99344262295082,14.845901639344262,0.3360655737704918,0.16393442622950818,0.1721311475409836,0.5180327868852459,0.4786885245901639
948,1491.3886861313867,-1.607463503649635,3.2208029197080292,2.7828467153284673,0.6478102189781022,0.8412408759124088,646.2627737226277,7.178832116788321,15.483576642335766,0.3759124087591241,0.2281021897810219,0.1478102189781022,0.583941605839416,0.4142335766423358
949,1498.1865008880995,-1.501474245115453,1.9520426287744228,2.5950266429840143,1.2255772646536411,0.7406749555950266,670.8081705150977,6.717584369449378,14.312611012433393,0.12788632326820604,0.0674955595026643,0.06039076376554174,0.5790408525754884,0.41740674955595025
950,1439.017793594306,-1.7533807829181494,2.692170818505338,2.587188612099644,0.9341637010676157,0.9074733096085409,655.8879003558719,7.258007117437723,16.147686832740213,0.8505338078291815,0.4110320284697509,0.4395017793594306,0.604982206405694,0.39501779359430605
951,1530.2285714285715,-1.6273174603174603,2.7444444444444445,2.6904761904761907,0.8476190476190476,0.680952380952381,655.2190476190476,6.207936507936508,13.496825396825397,0.2619047619047619,0.1523809523809524,0.10952380952380952,0.5333333333333333,0.4666666666666667
952,1603.584592145015,-1.6057703927492446,1.3700906344410877,2.38821752265861,1.6027190332326284,0.676737160120846,699.2658610271903,6.2250755287009065,13.16465256797583,0.5785498489425982,0.2945619335347432,0.283987915407855,0.5075528700906344,0.49244712990936557
953,1559.553017944535,-1.6094779771615009,3.053833605220228,2.2887438825448614,1.0407830342577489,0.7161500815660685,661.9951060358891,6.566068515497553,14.030995106035888,0.7438825448613376,0.4274061990212072,0.3164763458401305,0.5481239804241436,0.45187601957585644
954,1335.7553191489362,-1.6137872340425532,3.6425531914893616,2.34468085106383,0.8893617021276595,0.9617021276595744,598.0212765957447,8.231914893617022,18.123404255319148,0.4574468085106383,0.274468085106383,0.1829787234042553,0.6617021276595745,0.33617021276595743
955,1530.906976744186,-1.5520751341681573,1.9499105545617172,2.005366726296959,1.4704830053667264,0.7853309481216458,623.8604651162791,6.447227191413238,13.615384615384615,0.5366726296958855,0.2737030411449016,0.2629695885509839,0.5008944543828264,0.4991055456171735
956,1503.5883392226149,-1.6853003533568904,2.8268551236749118,2.432862190812721,1.0653710247349824,0.9045936395759717,661.2455830388693,6.853356890459364,14.215547703180212,0.8409893992932862,0.4876325088339223,0.35335689045936397,0.5759717314487632,0.42402826855123676
957,1437.984952120383,-0.5097674418604651,3.0629274965800275,2.7783857729138166,0.853625170998632,0.801641586867305,622.4952120383037,7.173734610123119,15.567715458276334,0.2859097127222982,0.13953488372093023,0.146374829001368,0.5937072503419972,0.39261285909712723
958,1545.577142857143,-1.5920571428571428,2.1733333333333333,2.836190476190476,1.04,0.8895238095238095,623.6514285714286,6.180952380952381,13.19047619047619,0.9066666666666666,0.49333333333333335,0.41333333333333333,0.5009523809523809,0.4990476190476191
959,1472.469320066335,-1.1467330016583748,3.131011608623549,2.4461028192371477,0.8557213930348259,0.7495854063018242,607.3830845771145,6.714759535655058,14.689883913764511,0.3101160862354892,0.14925373134328357,0.16086235489220563,0.5373134328358209,0.4593698175787728
960,1468.184162062615,-0.6413075506445672,2.8802946593001844,2.869244935543278,0.8434622467771639,0.8784530386740331,628.1454880294659,6.808471454880294,15.421731123388582,0.56353591160221,0.283609576427256,0.27992633517495397,0.569060773480663,0.4198895027624309
961,1570.6804308797127,-1.5570556552962298,1.888689407540395,2.535008976660682,1.333931777378815,0.8473967684021544,711.8815080789947,6.026929982046679,12.833034111310592,0.4919210053859964,0.2118491921005386,0.2800718132854578,0.5296229802513465,0.46858168761220825
962,1459.1133501259446,-1.5329596977329976,2.544080604534005,2.375314861460957,1.2884130982367759,0.7342569269521411,675.7015113350126,7.079345088161209,15.415617128463476,0.8866498740554156,0.4282115869017632,0.45843828715365237,0.5692695214105793,0.42947103274559195
963,1526.5008156606852,-1.563605220228385,3.135399673735726,2.6884176182707993,0.9771615008156607,0.7357259380097879,676.0929853181077,6.68678629690049,14.409461663947798,0.6247960848287113,0.33931484502446985,0.28548123980424145,0.5579119086460033,0.44208809135399674
964,1578.9674657534247,-1.4713698630136987,1.9486301369863013,1.8236301369863013,1.4434931506849316,0.8082191780821918,726.4263698630137,6.095890410958904,12.498287671232877,0.7071917808219178,0.3202054794520548,0.386986301369863,0.4400684931506849,0.559931506849315
965,1540.5293209876543,-1.1634104938271606,3.058641975308642,2.1944444444444446,1.248456790123457,0.7885802469135802,717.783950617284,6.197530864197531,13.041666666666666,1.037037037037037,0.5077160493827161,0.529320987654321,0.5478395061728395,0.44907407407407407
966,1386.1046337817638,0.6892376681614351,2.6771300448430493,2.375186846038864,1.1434977578475336,0.8370702541106129,625.6173393124066,7.100149476831091,16.004484304932735,0.7339312406576981,0.33482810164424515,0.3991031390134529,0.5874439461883408,0.39162929745889385
967,1497.608695652174,-1.6512238325281805,1.674718196457327,2.5829307568438002,1.2834138486312399,0.7391304347826086,753.5475040257649,6.761674718196457,14.470209339774557,0.4524959742351047,0.21256038647342995,0.23993558776167473,0.5813204508856683,0.41867954911433175
968,1363.1695238095238,-1.558590476190476,3.340952380952381,2.0076190476190474,0.9923809523809524,0.7123809523809523,662.2533333333333,7.502857142857143,17.274285714285714,1.2552380952380953,0.5847619047619048,0.6704761904761904,0.6190476190476191,0.38095238095238093
969,1347.1664025356577,-0.7925039619651348,2.96513470681458,2.270998415213946,1.0221870047543582,0.8605388272583201,657.4580031695721,7.9239302694136295,17.630744849445325,0.6846275752773375,0.29160063391442154,0.393026941362916,0.6671949286846276,0.312202852614897
970,1454.8440860215053,-1.7313799283154123,1.6756272401433692,2.7670250896057347,1.1415770609318996,0.7867383512544803,725.0268817204301,7.152329749103942,15.60752688172043,0.7831541218637993,0.38530465949820786,0.3978494623655914,0.6021505376344086,0.3942652329749104
971,1538.9678571428572,-1.6265892857142856,3.0660714285714286,2.6339285714285716,0.8785714285714286,1.0017857142857143,689.0464285714286,6.276785714285714,13.076785714285714,1.2053571428571428,0.6875,0.5178571428571429,0.5053571428571428,0.49464285714285716
972,1555.3533724340175,-1.2488563049853372,2.8841642228739004,2.810850439882698,1.033724340175953,0.9941348973607038,725.5894428152493,5.758064516129032,12.77565982404692,1.1202346041055717,0.5879765395894428,0.532258064516129,0.48533724340175954,0.5073313782991202
973,1560.167469879518,-1.4263855421686749,1.836144578313253,2.43855421686747,1.4963855421686747,0.6144578313253012,797.5481927710844,5.9313253012048195,12.779518072289157,0.5289156626506024,0.2746987951807229,0.25421686746987954,0.5,0.4975903614457831
974,1533.769720101781,-1.2258651399491096,3.1857506361323153,1.9961832061068703,1.2099236641221374,0.5687022900763359,765.85368956743,6.4440203562340965,13.645038167938932,1.0127226463104326,0.5343511450381679,0.47837150127226463,0.5229007633587787,0.47455470737913485
975,1526.9341463414635,-1.028768292682927,3.148780487804878,2.44390243902439,1.0731707317073171,0.6597560975609756,747.1219512195122,6.190243902439025,13.790243902439025,1.103658536585366,0.5195121951219512,0.5841463414634146,0.5292682926829269,0.45975609756097563
976,1530.3914246196405,-0.43769017980636243,1.6639004149377594,2.391424619640387,1.6583679114799448,0.6984785615491009,801.5380359612725,6.658367911479945,13.679114799446749,0.9280774550484094,0.45228215767634855,0.47579529737206083,0.5546334716459198,0.4343015214384509
977,1516.0986601705238,-1.3784774665042632,3.3629719853836786,2.459196102314251,1.0950060901339829,0.702801461632156,735.7381242387332,6.48721071863581,14.101096224116931,0.6285018270401949,0.2911084043848965,0.3373934226552984,0.5517661388550548,0.4457978075517661
978,1567.9236641221373,2.3418956743002544,3.0826972010178118,2.8689567430025447,1.0903307888040712,0.7926208651399491,746.7315521628499,5.9465648854961835,12.466921119592875,0.7849872773536896,0.3842239185750636,0.40076335877862596,0.4910941475826972,0.48091603053435117
979,1556.494610778443,-1.4429700598802397,1.7976047904191617,2.489820359281437,1.475449101796407,0.5532934131736527,763.7964071856287,5.983233532934132,12.650299401197605,0.28502994011976046,0.16526946107784432,0.11976047904191617,0.5197604790419161,0.4802395209580838
980,1527.5609137055837,-1.2999111675126902,2.8464467005076144,2.1903553299492384,1.265228426395939,0.6560913705583756,740.8515228426396,6.318527918781726,13.883248730964468,0.5939086294416244,0.2969543147208122,0.2969543147208122,0.5482233502538071,0.4479695431472081
981,1428.471264367816,-0.4655044699872286,2.6717752234993615,2.422733077905492,1.0651340996168583,0.7037037037037037,706.9284802043422,7.47765006385696,16.35249042145594,0.6168582375478927,0.2848020434227331,0.33205619412515963,0.6781609195402298,0.3103448275862069
982,1611.4729381443299,-1.4854896907216495,1.3170103092783505,2.4033505154639174,1.7667525773195876,0.6778350515463918,811.4845360824743,5.572164948453608,11.82860824742268,1.077319587628866,0.5811855670103093,0.4961340206185567,0.5012886597938144,0.49871134020618557
983,1513.2990074441686,-1.0318734491315138,3.225806451612903,2.094292803970223,1.2890818858560793,0.6588089330024814,752.4615384615385,6.523573200992556,13.968982630272953,0.7766749379652605,0.3920595533498759,0.38461538461538464,0.5545905707196029,0.44044665012406947
984,1485.5721212121211,1.6406181818181818,3.104242424242424,2.227878787878788,1.2375757575757576,0.7284848484848485,738.3466666666667,6.376969696969697,13.718787878787879,0.806060606060606,0.416969696969697,0.3890909090909091,0.5575757575757576,0.40969696969696967
985,1444.0013623978202,-1.7096594005449592,1.9373297002724796,2.0544959128065394,1.598092643051771,0.5599455040871935,739.1880108991826,7.14850136239782,15.641689373297003,0.7452316076294278,0.39373297002724794,0.35149863760217986,0.6267029972752044,0.37329700272479566
986,1467.3703703703704,-1.2162751322751322,2.651851851851852,2.48994708994709,1.1968253968253968,0.5947089947089947,747.4021164021163,6.711111111111111,14.566137566137566,0.4793650793650794,0.2074074074074074,0.27195767195767195,0.5407407407407407,0.45396825396825397
987,1482.863309352518,0.0025659472422062185,2.9436450839328536,2.709832134292566,1.1091127098321343,0.6762589928057554,737.2218225419664,6.59832134292566,14.11031175059952,0.24100719424460432,0.1079136690647482,0.13309352517985612,0.5515587529976019,0.43285371702637887
988,1437.311706629055,1.752369534555712,1.9040902679830747,2.562764456981664,1.3244005641748942,0.765867418899859,735.8871650211565,7.255289139633287,15.239774330042312,0.4005641748942172,0.2002820874471086,0.2002820874471086,0.5811001410437235,0.3935119887165021
989,1476.8446490218641,-1.5295281933256617,3.1231300345224398,2.315304948216341,1.3233601841196778,0.6720368239355581,718.3187571921749,7.241657077100115,14.700805523590335,0.8262370540851554,0.3993095512082854,0.42692750287687,0.5604142692750288,0.4372842347525892
990,1524.5702479338843,1.6085005903187723,2.9740259740259742,2.347107438016529,1.140495867768595,0.8146399055489965,730.8370720188902,6.0625737898465175,12.62809917355372,0.833530106257379,0.4085005903187721,0.42502951593860683,0.5324675324675324,0.4297520661157025
991,1532.7852233676977,-1.4621649484536083,1.9845360824742269,2.2439862542955327,1.3900343642611683,0.7766323024054983,797.3127147766323,6.426116838487973,13.561855670103093,1.0034364261168385,0.49312714776632305,0.5103092783505154,0.5051546391752577,0.49312714776632305
992,1471.4380264741276,-1.376486161251504,2.882069795427196,2.3044524669073407,1.2250300842358604,0.6787003610108303,697.2599277978339,7.024067388688327,14.701564380264742,0.9903730445246691,0.457280385078219,0.53309265944645,0.5583634175691937,0.4404332129963899
993,1474.1823708206687,-0.5458966565349543,2.8890577507598785,2.4954407294832825,1.1079027355623101,0.8054711246200608,732.4224924012158,6.914893617021277,14.659574468085106,0.541033434650456,0.31762917933130697,0.22340425531914893,0.5653495440729484,0.42401215805471126
994,1512.7712550607287,-1.5435627530364373,2.174089068825911,2.016194331983806,1.3319838056680162,0.9068825910931174,772.7206477732793,6.732793522267206,14.121457489878543,0.6639676113360324,0.29959514170040485,0.3643724696356275,0.5161943319838057,0.4817813765182186
995,1488.9722650231124,-1.4181818181818182,2.9722650231124805,2.115562403697997,1.1710323574730355,0.785824345146379,741.7503852080123,7.006163328197227,14.557781201848998,0.8320493066255779,0.4283513097072419,0.4036979969183359,0.5808936825885979,0.41602465331278893
996,1502.8307030129124,-0.19690100430416071,2.6384505021520805,2.496413199426112,1.0272596843615496,0.8981348637015782,746.9397417503587,6.987087517934003,14.414634146341463,0.8651362984218077,0.34576757532281205,0.5193687230989957,0.5810616929698709,0.4031563845050215
997,1560.2079207920792,-1.3165676567656766,1.7442244224422443,2.9092409240924093,1.1105610561056105,0.768976897689769,766.3283828382838,6.427392739273928,13.165016501650165,0.4752475247524752,0.19471947194719472,0.28052805280528054,0.4735973597359736,0.523102310231023
998,1549.1466431095407,-1.6015371024734983,2.853356890459364,1.9858657243816253,1.1837455830388692,0.7120141342756183,678.303886925795,6.710247349823321,14.369257950530036,1.2173144876325088,0.5971731448763251,0.6201413427561837,0.5759717314487632,0.42226148409893993
999,1501.1559523809524,1.3535238095238096,3.0952380952380953,2.4392857142857145,1.1107142857142858,0.8285714285714286,716.5404761904762,6.363095238095238,13.969047619047618,0.8869047619047619,0.4845238095238095,0.4023809523809524,0.5392857142857143,0.43333333333333335
1000,1526.0862329803329,-1.5433131618759455,1.7579425113464449,2.4629349470499244,1.4947049924357034,0.7367624810892587,765.7534039334342,6.733736762481089,13.830559757942511,1.3313161875945536,0.670196671709531,0.6611195158850227,0.5370650529500757,0.4629349470499244
