generation,lifetime,energy_at_death,food_low,food_medium,food_prestige,food_default,cells_visited,predator_touches,drained_ticks,cave_entries,cave_entries_day,cave_entries_night,frac_death_drained,frac_death_starved
1,1534.9035087719299,-2.1278947368421055,4.026315789473684,0.14912280701754385,0.03508771929824561,1.6842105263157894,403.32456140350877,8.105263157894736,13.736842105263158,0.03508771929824561,0.03508771929824561,0.0,0.6666666666666666,0.3333333333333333
2,1338.5636363636363,-1.8379090909090912,3.790909090909091,0.01818181818181818,0.0,1.209090909090909,357.5181818181818,10.054545454545455,17.063636363636363,0.0,0.0,0.0,0.6636363636363637,0.33636363636363636
3,1619.5196078431372,-1.9479411764705883,1.5686274509803921,0.06862745098039216,0.0,1.2843137254901962,432.3137254901961,6.421568627450981,10.264705882352942,0.058823529411764705,0.0196078431372549,0.0392156862745098,0.5098039215686274,0.49019607843137253
4,1062.5486725663716,-2.2799115044247786,2.8672566371681416,0.1504424778761062,0.0,1.2123893805309736,281.0619469026549,14.63716814159292,25.469026548672566,0.0,0.0,0.0,0.8495575221238938,0.1504424778761062
5,1214.5871559633028,-1.969816513761468,2.5137614678899083,0.12844036697247707,0.0,1.18348623853211,343.86238532110093,12.440366972477063,20.201834862385322,0.01834862385321101,0.0,0.01834862385321101,0.8073394495412844,0.1926605504587156
6,1409.2767857142858,-2.059821428571429,2.642857142857143,0.32142857142857145,0.008928571428571428,1.1607142857142858,396.61607142857144,9.339285714285714,15.723214285714286,0.0,0.0,0.0,0.7053571428571429,0.29464285714285715
7,1122.547619047619,-2.157539682539683,3.880952380952381,0.1984126984126984,0.0,1.3095238095238095,307.968253968254,13.873015873015873,24.126984126984127,0.0,0.0,0.0,0.8095238095238095,0.19047619047619047
8,1296.1367521367522,-2.072905982905983,3.5384615384615383,0.1111111111111111,0.0,1.2564102564102564,376.2478632478632,11.145299145299145,18.46153846153846,0.0,0.0,0.0,0.7521367521367521,0.24786324786324787
9,1375.1538461538462,-1.9542307692307692,1.5288461538461537,0.10576923076923077,0.0,1.2115384615384615,391.1730769230769,9.89423076923077,16.192307692307693,0.0,0.0,0.0,0.6923076923076923,0.3076923076923077
10,1368.4045801526718,-2.1024427480916033,3.404580152671756,0.4961832061068702,0.022900763358778626,1.2061068702290076,402.2519083969466,10.938931297709924,18.03053435114504,0.03816793893129771,0.015267175572519083,0.022900763358778626,0.7251908396946565,0.2748091603053435
11,1477.7540983606557,-1.717295081967213,3.3524590163934427,0.4098360655737705,0.040983606557377046,0.8114754098360656,445.5327868852459,8.221311475409836,13.60655737704918,0.08196721311475409,0.05737704918032787,0.02459016393442623,0.6475409836065574,0.3524590163934426
12,1245.5210084033613,-2.1354621848739495,3.2184873949579833,0.18487394957983194,0.12605042016806722,1.1596638655462186,387.5966386554622,11.470588235294118,19.327731092436974,0.058823529411764705,0.058823529411764705,0.0,0.6890756302521008,0.31092436974789917
13,1357.8187919463087,-1.9906040268456378,3.38255033557047,0.87248322147651,0.12751677852348994,0.9395973154362416,427.71140939597313,11.48993288590604,18.59731543624161,0.28859060402684567,0.1610738255033557,0.12751677852348994,0.7315436241610739,0.2684563758389262
14,1307.3383458646617,-2.1533082706766917,3.481203007518797,0.5939849624060151,0.09022556390977443,0.8345864661654135,436.78195488721803,11.263157894736842,18.406015037593985,0.12030075187969924,0.045112781954887216,0.07518796992481203,0.7593984962406015,0.24060150375939848
15,1241.4273504273503,-2.2116239316239317,2.2051282051282053,0.5726495726495726,0.03418803418803419,1.0598290598290598,407.5811965811966,11.581196581196581,19.803418803418804,0.05128205128205128,0.008547008547008548,0.042735042735042736,0.7008547008547008,0.29914529914529914
16,1154.7450980392157,-2.0673202614379087,4.42483660130719,0.8823529411764706,0.026143790849673203,0.7843137254901961,396.8562091503268,13.555555555555555,23.45098039215686,0.08496732026143791,0.0718954248366013,0.013071895424836602,0.8104575163398693,0.1895424836601307
17,1215.928,-2.25248,4.056,0.44,0.04,0.752,426.384,11.888,20.256,0.248,0.144,0.104,0.808,0.192
18,1236.0884955752213,-1.9294690265486725,3.0265486725663715,0.2743362831858407,0.017699115044247787,0.8584070796460177,450.0,12.283185840707965,19.84070796460177,0.39823008849557523,0.2831858407079646,0.11504424778761062,0.7876106194690266,0.21238938053097345
19,1170.840425531915,-2.091063829787234,2.8882978723404253,1.7606382978723405,0.3882978723404255,0.7340425531914894,452.86170212765956,14.569148936170214,23.148936170212767,0.11702127659574468,0.010638297872340425,0.10638297872340426,0.8563829787234043,0.14361702127659576
20,1214.1586206896552,-2.223310344827586,3.013793103448276,0.9655172413793104,0.11724137931034483,0.7724137931034483,467.41379310344826,12.344827586206897,20.372413793103448,0.2,0.11724137931034483,0.08275862068965517,0.8068965517241379,0.19310344827586207
21,1091.2686567164178,-2.021268656716418,3.1492537313432836,0.5,0.19402985074626866,0.8582089552238806,439.64179104477614,14.664179104477611,23.85820895522388,0.13432835820895522,0.08955223880597014,0.04477611940298507,0.753731343283582,0.2462686567164179
22,1101.4705882352941,-2.2591176470588237,3.664705882352941,1.0470588235294118,0.2235294117647059,0.8529411764705882,436.48823529411766,15.464705882352941,24.794117647058822,0.2647058823529412,0.052941176470588235,0.21176470588235294,0.888235294117647,0.11176470588235295
23,1293.111111111111,-1.958169934640523,3.130718954248366,1.0849673202614378,0.12418300653594772,0.5882352941176471,540.9346405228758,12.143790849673202,18.784313725490197,0.4444444444444444,0.1437908496732026,0.3006535947712418,0.8169934640522876,0.1830065359477124
24,1261.6962962962964,-1.9662222222222223,2.7037037037037037,0.6666666666666666,0.2222222222222222,0.7851851851851852,520.5111111111111,12.607407407407408,19.933333333333334,0.2962962962962963,0.1111111111111111,0.18518518518518517,0.7777777777777778,0.2222222222222222
25,1345.8309859154929,-1.8304225352112675,2.863849765258216,1.6666666666666667,0.49295774647887325,0.5258215962441315,557.1830985915493,11.389671361502348,18.530516431924884,0.3427230046948357,0.16901408450704225,0.17370892018779344,0.6995305164319249,0.3004694835680751
26,1150.6140350877192,-1.8752046783625733,3.47953216374269,1.3508771929824561,0.19298245614035087,0.49122807017543857,497.92397660818716,13.695906432748538,21.970760233918128,0.1695906432748538,0.11695906432748537,0.05263157894736842,0.7251461988304093,0.27485380116959063
27,1192.141791044776,-2.1253731343283584,3.1865671641791047,0.39552238805970147,0.15671641791044777,0.5223880597014925,506.2910447761194,13.708955223880597,21.432835820895523,0.23880597014925373,0.11194029850746269,0.12686567164179105,0.8432835820895522,0.15671641791044777
28,956.4222222222222,-2.2293333333333334,3.05,1.1944444444444444,0.45,0.6777777777777778,424.4222222222222,17.355555555555554,28.33888888888889,0.2388888888888889,0.1111111111111111,0.12777777777777777,0.8666666666666667,0.13333333333333333
29,993.521978021978,-2.2014285714285715,2.5,1.5714285714285714,0.3021978021978022,0.46153846153846156,455.35164835164835,15.989010989010989,26.412087912087912,0.23076923076923078,0.11538461538461539,0.11538461538461539,0.8681318681318682,0.13186813186813187
30,984.503937007874,-2.2650393700787403,2.0393700787401574,0.49606299212598426,0.25196850393700787,0.6614173228346457,462.8267716535433,16.20472440944882,26.22047244094488,0.4094488188976378,0.2125984251968504,0.1968503937007874,0.8740157480314961,0.12598425196850394
31,1168.2189054726368,-1.9787064676616917,2.253731343283582,1.1890547263681592,0.6716417910447762,0.3880597014925373,524.9601990049752,13.099502487562189,22.676616915422887,0.24875621890547264,0.0945273631840796,0.15422885572139303,0.8308457711442786,0.1691542288557214
32,1134.1315789473683,-2.1626315789473685,2.598684210526316,0.9736842105263158,0.40789473684210525,0.5131578947368421,525.3223684210526,13.75,22.57236842105263,0.2565789473684211,0.1118421052631579,0.14473684210526316,0.8618421052631579,0.13815789473684212
33,1322.7709923664122,-2.0330534351145038,3.312977099236641,0.3511450381679389,0.09923664122137404,0.5114503816793893,568.9236641221374,10.290076335877863,18.374045801526716,0.7022900763358778,0.4122137404580153,0.2900763358778626,0.8015267175572519,0.1984732824427481
34,1137.1776649746193,-2.0886294416243656,2.3705583756345177,1.4314720812182742,0.7055837563451777,0.5279187817258884,515.4670050761422,13.83756345177665,23.83756345177665,0.3756345177664975,0.2131979695431472,0.16243654822335024,0.8984771573604061,0.10152284263959391
35,1197.142857142857,-2.128469387755102,2.4489795918367347,1.510204081632653,0.4897959183673469,0.41836734693877553,536.045918367347,12.122448979591837,21.3265306122449,0.22448979591836735,0.10714285714285714,0.11734693877551021,0.7908163265306123,0.20918367346938777
36,1048.2818791946308,-2.219328859060403,3.3624161073825505,1.0201342281879195,0.19463087248322147,0.5503355704697986,498.9597315436242,14.731543624161073,24.516778523489933,0.2751677852348993,0.21476510067114093,0.06040268456375839,0.8926174496644296,0.10738255033557047
37,1169.8028169014085,-2.14131455399061,2.2347417840375585,1.107981220657277,0.7464788732394366,0.4225352112676056,511.1267605633803,12.624413145539906,22.704225352112676,0.25821596244131456,0.15023474178403756,0.107981220657277,0.8826291079812206,0.11737089201877934
38,982.2358974358974,-2.151948717948718,2.4153846153846152,1.0769230769230769,0.6307692307692307,0.4461538461538462,460.3538461538462,14.65128205128205,26.06153846153846,0.2205128205128205,0.06666666666666667,0.15384615384615385,0.8923076923076924,0.1076923076923077
39,992.4487179487179,-2.0942948717948715,2.6346153846153846,1.2628205128205128,0.24358974358974358,0.5064102564102564,495.89102564102564,13.967948717948717,26.576923076923077,0.2948717948717949,0.21153846153846154,0.08333333333333333,0.8525641025641025,0.14743589743589744
40,1071.704641350211,-1.9444725738396627,2.413502109704641,0.9662447257383966,0.9240506329113924,0.48945147679324896,508.0042194092827,14.172995780590718,25.063291139240505,0.25738396624472576,0.12236286919831224,0.1350210970464135,0.8185654008438819,0.18143459915611815
41,1046.079295154185,-2.1480616740088108,2.9559471365638768,1.3083700440528634,0.6343612334801763,0.3920704845814978,521.0264317180616,13.502202643171806,24.938325991189426,0.18502202643171806,0.07048458149779736,0.1145374449339207,0.8546255506607929,0.14537444933920704
42,1053.0915032679738,-2.287124183006536,3.30718954248366,0.9019607843137255,0.24836601307189543,0.6993464052287581,524.8954248366013,14.241830065359476,25.33986928104575,0.21568627450980393,0.13725490196078433,0.0784313725490196,0.8366013071895425,0.16339869281045752
43,1315.8461538461538,-2.2142307692307694,3.065934065934066,1.065934065934066,0.3901098901098901,0.554945054945055,541.2032967032967,10.5,18.994505494505493,0.45604395604395603,0.13736263736263737,0.31868131868131866,0.8406593406593407,0.15934065934065933
44,1020.9038461538462,-2.094375,2.4471153846153846,1.4375,0.6586538461538461,0.4182692307692308,485.02403846153845,14.514423076923077,25.58653846153846,0.1971153846153846,0.09615384615384616,0.10096153846153846,0.8365384615384616,0.16346153846153846
45,1136.953216374269,-2.306198830409357,2.9649122807017543,1.6198830409356726,0.2631578947368421,0.6666666666666666,535.7719298245614,11.736842105263158,22.309941520467838,0.2631578947368421,0.18128654970760233,0.08187134502923976,0.8538011695906432,0.14619883040935672
46,1133.9130434782608,-2.0608695652173914,3.234782608695652,1.6304347826086956,0.6086956521739131,0.43478260869565216,496.5739130434783,12.282608695652174,23.469565217391306,0.11304347826086956,0.030434782608695653,0.08260869565217391,0.8391304347826087,0.1608695652173913
47,1086.182608695652,-2.106521739130435,2.491304347826087,1.3869565217391304,0.6956521739130435,0.43478260869565216,503.2782608695652,11.734782608695653,23.247826086956522,0.21304347826086956,0.13478260869565217,0.0782608695652174,0.8608695652173913,0.1391304347826087
48,1065.064935064935,-2.1244805194805196,3.168831168831169,1.1493506493506493,0.21428571428571427,0.538961038961039,514.4935064935065,12.577922077922079,24.253246753246753,0.44805194805194803,0.23376623376623376,0.21428571428571427,0.9025974025974026,0.09740259740259741
49,1015.0805084745763,-2.079364406779661,2.6440677966101696,1.6398305084745763,0.6652542372881356,0.538135593220339,478.635593220339,13.792372881355933,25.927966101694917,0.211864406779661,0.11016949152542373,0.1016949152542373,0.8432203389830508,0.15677966101694915
50,1184.9282296650717,-1.9553588516746412,2.7607655502392343,0.7703349282296651,0.9808612440191388,0.39712918660287083,540.976076555024,10.933014354066986,21.15311004784689,0.33014354066985646,0.20095693779904306,0.1291866028708134,0.8086124401913876,0.19138755980861244
51,1175.7820512820513,-2.081410256410256,3.4166666666666665,1.1602564102564104,0.16025641025641027,0.5128205128205128,518.7820512820513,11.602564102564102,21.826923076923077,0.23717948717948717,0.19230769230769232,0.04487179487179487,0.7628205128205128,0.23717948717948717
52,1151.2511848341233,-2.078056872037915,3.056872037914692,1.2322274881516588,0.6398104265402843,0.4881516587677725,516.085308056872,11.753554502369669,23.232227488151658,0.0995260663507109,0.03317535545023697,0.06635071090047394,0.8341232227488151,0.16587677725118483
53,1184.11,-2.01565,2.99,1.36,0.435,0.435,534.28,10.935,20.595,0.26,0.1,0.16,0.73,0.27
54,1168.8984771573605,-1.950761421319797,2.969543147208122,1.4263959390862944,0.2639593908629442,0.6091370558375635,520.8629441624365,11.472081218274111,21.766497461928935,0.16751269035532995,0.09137055837563451,0.07614213197969544,0.7817258883248731,0.2182741116751269
55,1109.796812749004,-1.8186454183266934,2.6653386454183265,1.8207171314741035,0.6772908366533864,0.4063745019920319,519.7211155378486,12.585657370517929,23.844621513944222,0.3426294820717131,0.15139442231075698,0.19123505976095617,0.8167330677290837,0.18326693227091634
56,1170.907894736842,-1.947763157894737,3.508771929824561,1.6973684210526316,0.543859649122807,0.3991228070175439,525.8771929824561,11.118421052631579,21.464912280701753,0.07894736842105263,0.04824561403508772,0.03070175438596491,0.7763157894736842,0.2236842105263158
57,1172.9005524861877,-2.2434806629834254,2.9171270718232045,1.3480662983425415,0.27071823204419887,0.5138121546961326,520.828729281768,11.92817679558011,22.104972375690608,0.2154696132596685,0.13812154696132597,0.07734806629834254,0.850828729281768,0.14917127071823205
58,1083.4392523364486,-1.97196261682243,2.7289719626168223,1.4672897196261683,0.6682242990654206,0.4672897196261682,494.39719626168227,12.35981308411215,24.83644859813084,0.2336448598130841,0.04672897196261682,0.18691588785046728,0.822429906542056,0.17757009345794392
59,1166.0233644859813,-2.023691588785047,3.0,1.6495327102803738,0.5373831775700935,0.43457943925233644,542.5514018691589,10.710280373831775,21.242990654205606,0.3177570093457944,0.1588785046728972,0.1588785046728972,0.780373831775701,0.21962616822429906
60,1147.34375,-2.08125,3.425,0.61875,0.33125,0.625,524.225,11.28125,21.8375,0.60625,0.40625,0.2,0.79375,0.20625
61,1187.1541850220265,-2.127224669603524,3.1806167400881056,1.4669603524229076,0.7136563876651982,0.4933920704845815,517.8414096916299,10.907488986784141,21.572687224669604,0.34801762114537443,0.14977973568281938,0.19823788546255505,0.7665198237885462,0.23348017621145375
62,1074.605,-1.8779500000000002,3.145,1.035,0.505,0.455,521.575,11.615,23.18,0.125,0.06,0.065,0.82,0.18
63,1202.3461538461538,-2.0425,3.7243589743589745,1.1602564102564104,0.1346153846153846,0.5576923076923077,525.224358974359,10.544871794871796,21.01923076923077,0.47435897435897434,0.23717948717948717,0.23717948717948717,0.8205128205128205,0.1794871794871795
64,1261.4522292993631,-2.041783439490446,3.0191082802547773,1.9426751592356688,0.802547770700637,0.5987261146496815,567.6910828025477,9.955414012738853,19.87579617834395,0.2197452229299363,0.1178343949044586,0.10191082802547771,0.7643312101910829,0.2356687898089172
65,1254.5708333333334,-1.7353333333333334,3.0375,1.9666666666666666,0.4166666666666667,0.425,561.4458333333333,10.170833333333333,19.85,0.4,0.19583333333333333,0.20416666666666666,0.7125,0.2875
66,1165.116402116402,-1.9803703703703706,4.068783068783069,1.1375661375661377,0.2751322751322751,0.6402116402116402,524.3386243386243,11.380952380952381,21.47089947089947,0.06878306878306878,0.037037037037037035,0.031746031746031744,0.746031746031746,0.25396825396825395
67,1258.3890675241157,-1.8604823151125403,2.64951768488746,1.7331189710610932,0.8456591639871383,0.44694533762057875,559.9356913183279,10.39871382636656,20.35048231511254,0.26688102893890675,0.13504823151125403,0.13183279742765272,0.7138263665594855,0.2861736334405145
68,1203.906882591093,-1.8884615384615384,2.8299595141700404,1.4534412955465588,0.7530364372469636,0.4251012145748988,531.4777327935223,9.94331983805668,20.157894736842106,0.18218623481781376,0.08502024291497975,0.09716599190283401,0.7327935222672065,0.26720647773279355
69,1197.5747126436781,-2.1295402298850576,3.5229885057471266,1.0229885057471264,0.2413793103448276,0.5517241379310345,568.0919540229885,10.132183908045977,20.89080459770115,0.25287356321839083,0.13793103448275862,0.11494252873563218,0.8103448275862069,0.1896551724137931
70,1145.8015564202335,-1.8024513618677043,2.77431906614786,1.2918287937743191,0.9922178988326849,0.49416342412451364,515.1789883268483,11.408560311284047,22.52140077821012,0.28793774319066145,0.10505836575875487,0.1828793774319066,0.7976653696498055,0.20233463035019456
71,1222.7572815533981,-1.7755339805825243,2.878640776699029,1.529126213592233,0.587378640776699,0.3592233009708738,523.004854368932,9.781553398058252,20.097087378640776,0.4029126213592233,0.1796116504854369,0.22330097087378642,0.7038834951456311,0.2961165048543689
72,1197.6351351351352,-1.9500000000000002,3.75,0.9797297297297297,0.2702702702702703,0.6081081081081081,551.7702702702703,9.43918918918919,20.695945945945947,0.08108108108108109,0.05405405405405406,0.02702702702702703,0.7905405405405406,0.20945945945945946
73,1110.0882352941176,-2.1470588235294117,3.235294117647059,1.5294117647058822,0.49019607843137253,0.49019607843137253,517.843137254902,12.176470588235293,23.80392156862745,0.5147058823529411,0.16666666666666666,0.3480392156862745,0.8431372549019608,0.1568627450980392
74,1138.587982832618,-2.0730042918454936,2.9098712446351933,1.6695278969957081,0.759656652360515,0.4248927038626609,554.6309012875537,11.71244635193133,23.163090128755364,0.14163090128755365,0.06866952789699571,0.07296137339055794,0.776824034334764,0.22317596566523606
75,995.5026455026455,-2.0394179894179896,2.9576719576719577,1.708994708994709,0.2328042328042328,0.5555555555555556,479.6031746031746,14.121693121693122,26.232804232804234,0.26455026455026454,0.13756613756613756,0.12698412698412698,0.7883597883597884,0.21164021164021163
76,1046.6048951048951,-1.9517482517482518,3.1013986013986012,1.6433566433566433,0.8111888111888111,0.45454545454545453,499.4055944055944,12.541958041958042,25.13986013986014,0.12937062937062938,0.06993006993006994,0.05944055944055944,0.8216783216783217,0.17832167832167833
77,1015.2685950413223,-2.164586776859504,2.9008264462809916,1.6322314049586777,0.6198347107438017,0.4834710743801653,511.2809917355372,12.355371900826446,25.074380165289256,0.2396694214876033,0.12396694214876033,0.11570247933884298,0.8925619834710744,0.10743801652892562
78,1246.025641025641,-1.9165128205128206,3.6717948717948716,1.7025641025641025,0.3076923076923077,0.6564102564102564,525.2717948717949,9.528205128205128,19.923076923076923,0.6358974358974359,0.31794871794871793,0.31794871794871793,0.7333333333333333,0.26666666666666666
79,1255.7941952506596,-1.964934036939314,2.633245382585752,2.1688654353562007,0.9102902374670184,0.604221635883905,568.3614775725594,10.812664907651715,20.435356200527703,0.34300791556728233,0.1741424802110818,0.16886543535620052,0.7651715039577837,0.23482849604221637
80,1122.7136563876652,-2.1818502202643173,3.4933920704845813,1.3744493392070485,0.5242290748898678,0.5374449339207048,527.6387665198238,12.070484581497798,22.31718061674009,0.8590308370044053,0.44052863436123346,0.4185022026431718,0.7929515418502202,0.20704845814977973
81,1118.1683168316831,-2.1542079207920795,4.173267326732673,1.1435643564356435,0.36633663366336633,0.6683168316831684,538.3663366336634,12.277227722772277,22.638613861386137,0.297029702970297,0.18316831683168316,0.11386138613861387,0.7722772277227723,0.22772277227722773
82,1092.0459770114942,-2.1213409961685823,3.5593869731800765,1.5440613026819923,0.6973180076628352,0.7011494252873564,526.2873563218391,12.969348659003831,24.409961685823756,0.15708812260536398,0.0421455938697318,0.11494252873563218,0.8237547892720306,0.17624521072796934
83,1222.6536585365855,-1.9461951219512197,3.7365853658536587,1.526829268292683,0.3073170731707317,0.5024390243902439,561.7024390243903,10.790243902439025,20.360975609756096,0.526829268292683,0.2,0.32682926829268294,0.775609756097561,0.22439024390243903
84,1058.2096069868996,-2.0404366812227073,3.7379912663755457,1.4585152838427948,0.3624454148471616,0.759825327510917,522.1484716157205,12.449781659388647,23.895196506550217,0.6026200873362445,0.2096069868995633,0.3930131004366812,0.8296943231441049,0.1703056768558952
85,1216.5302491103203,-1.8401423487544486,3.1281138790035588,2.0640569395017794,0.6725978647686833,0.505338078291815,556.017793594306,10.558718861209965,21.483985765124554,0.6298932384341637,0.31316725978647686,0.3167259786476868,0.7864768683274022,0.21352313167259787
86,1191.2903225806451,-2.0175985663082434,3.4695340501792113,1.6917562724014337,0.5806451612903226,0.3906810035842294,544.0286738351255,10.946236559139784,21.60931899641577,0.3118279569892473,0.15053763440860216,0.16129032258064516,0.7813620071684588,0.21863799283154123
87,1073.8785046728972,-2.0884579439252335,3.7710280373831777,1.7149532710280373,0.35046728971962615,0.7336448598130841,501.3551401869159,13.214953271028037,24.30841121495327,0.6542056074766355,0.3130841121495327,0.3411214953271028,0.7850467289719626,0.21495327102803738
88,1171.323717948718,-1.9758333333333336,2.9583333333333335,1.8173076923076923,0.8076923076923077,0.6538461538461539,521.0128205128206,11.778846153846153,22.346153846153847,0.4935897435897436,0.266025641025641,0.22756410256410256,0.7756410256410257,0.22435897435897437
89,1177.052434456929,-2.0812734082397006,3.0861423220973783,2.044943820224719,0.5655430711610487,0.4868913857677903,535.6741573033707,11.00374531835206,22.134831460674157,0.4868913857677903,0.2247191011235955,0.26217228464419473,0.8239700374531835,0.1760299625468165
90,1059.280612244898,-2.1060204081632654,3.607142857142857,1.3316326530612246,0.3826530612244898,0.8775510204081632,511.1734693877551,12.928571428571429,24.367346938775512,0.9081632653061225,0.47959183673469385,0.42857142857142855,0.7857142857142857,0.21428571428571427
91,1153.6578073089702,-1.9216279069767441,3.2093023255813953,1.5880398671096345,0.9069767441860465,0.5282392026578073,538.7906976744187,12.182724252491694,22.85049833887043,0.47840531561461797,0.25249169435215946,0.22591362126245848,0.770764119601329,0.2292358803986711
92,1082.8237885462554,-2.0252422907488987,3.700440528634361,1.2334801762114538,0.5726872246696035,0.5594713656387665,540.079295154185,12.066079295154186,23.94273127753304,0.12334801762114538,0.048458149779735685,0.07488986784140969,0.8149779735682819,0.18502202643171806
93,1171.5511363636363,-2.00125,4.028409090909091,1.1079545454545454,0.2727272727272727,0.7272727272727273,561.2386363636364,11.795454545454545,21.375,0.9829545454545454,0.5852272727272727,0.3977272727272727,0.75,0.25
94,1294.7880597014926,-1.9021194029850748,3.28955223880597,1.862686567164179,0.8955223880597015,0.5343283582089552,571.2597014925373,9.91044776119403,19.059701492537314,0.6626865671641791,0.3522388059701492,0.31044776119402984,0.7134328358208956,0.2865671641791045
95,1139.7916666666667,-2.119810606060606,3.2954545454545454,1.9015151515151516,0.5151515151515151,0.5189393939393939,577.2840909090909,11.579545454545455,22.24621212121212,0.5909090909090909,0.2537878787878788,0.3371212121212121,0.8636363636363636,0.13636363636363635
96,1063.948717948718,-2.0696410256410256,4.317948717948718,1.4923076923076923,0.19487179487179487,0.7282051282051282,532.148717948718,11.753846153846155,24.38974358974359,0.14358974358974358,0.05128205128205128,0.09230769230769231,0.8307692307692308,0.16923076923076924
97,1149.002915451895,-2.0446355685131197,2.8746355685131197,1.9504373177842567,0.892128279883382,0.49271137026239065,518.2361516034986,11.638483965014577,22.746355685131196,0.1836734693877551,0.09620991253644315,0.08746355685131195,0.8134110787172012,0.18658892128279883
98,1222.286231884058,-1.845036231884058,3.199275362318841,1.6666666666666667,0.7210144927536232,0.4601449275362319,542.1594202898551,10.344202898550725,20.286231884057973,0.44565217391304346,0.2826086956521739,0.16304347826086957,0.677536231884058,0.322463768115942
99,1205.3317535545023,-2.0070616113744078,3.924170616113744,1.819905213270142,0.4028436018957346,0.7156398104265402,556.127962085308,10.76777251184834,20.976303317535546,0.46445497630331756,0.24170616113744076,0.22274881516587677,0.7725118483412322,0.22748815165876776
100,1136.6566666666668,-2.0985666666666667,3.07,1.85,0.94,0.6433333333333333,525.94,11.703333333333333,22.85333333333333,0.57,0.25333333333333335,0.31666666666666665,0.7733333333333333,0.22666666666666666
101,1114.2131782945737,-1.8460852713178295,3.445736434108527,1.37984496124031,0.7403100775193798,0.4689922480620155,525.468992248062,11.112403100775193,22.775193798449614,0.32945736434108525,0.16279069767441862,0.16666666666666666,0.810077519379845,0.18992248062015504
102,1041.8215962441313,-2.0486854460093897,4.394366197183099,1.051643192488263,0.28169014084507044,0.7652582159624414,504.25821596244134,12.953051643192488,24.525821596244132,0.26291079812206575,0.1643192488262911,0.09859154929577464,0.784037558685446,0.215962441314554
103,1130.5289256198348,-1.964380165289256,3.1611570247933884,1.4504132231404958,0.6694214876033058,0.4628099173553719,566.7644628099174,11.462809917355372,23.041322314049587,0.6818181818181818,0.2809917355371901,0.40082644628099173,0.7851239669421488,0.21487603305785125
104,1105.3523131672598,-2.09135231316726,3.409252669039146,1.6085409252669038,0.7224199288256228,0.47330960854092524,547.8398576512456,11.412811387900355,23.199288256227756,0.6690391459074733,0.3701067615658363,0.298932384341637,0.8327402135231317,0.16725978647686832
105,1086.196,-2.24348,3.484,1.636,0.432,0.652,546.488,11.276,23.548,0.512,0.304,0.208,0.82,0.18
106,1145.2904761904763,-2.010238095238095,3.1,2.130952380952381,0.9238095238095239,0.6428571428571429,546.8333333333334,11.019047619047619,22.4,0.37857142857142856,0.2261904761904762,0.1523809523809524,0.7404761904761905,0.25952380952380955
107,1259.2377850162866,-2.0342671009771984,3.04885993485342,1.6254071661237786,0.7328990228013029,0.4820846905537459,580.5407166123779,8.944625407166123,18.58631921824104,0.2768729641693811,0.1270358306188925,0.1498371335504886,0.7035830618892508,0.2964169381107492
108,1116.3004115226338,-1.9195061728395062,3.45679012345679,1.5802469135802468,0.5925925925925926,0.6419753086419753,530.6625514403293,12.382716049382717,23.263374485596707,0.448559670781893,0.27983539094650206,0.16872427983539096,0.7489711934156379,0.25102880658436216
109,1261.9023255813954,-1.8171162790697675,2.6744186046511627,2.316279069767442,1.0488372093023255,0.6139534883720931,606.1790697674419,10.567441860465117,19.90232558139535,0.4372093023255814,0.17674418604651163,0.26046511627906976,0.6976744186046512,0.3023255813953488
110,1176.0357142857142,-2.0387301587301585,3.0476190476190474,1.4246031746031746,0.8373015873015873,0.49206349206349204,562.4960317460317,10.845238095238095,21.46825396825397,1.0833333333333333,0.503968253968254,0.5793650793650794,0.7976190476190477,0.20238095238095238
111,1156.2884615384614,-2.1571634615384614,4.105769230769231,1.375,0.46153846153846156,0.6298076923076923,559.375,10.91826923076923,21.76923076923077,0.5192307692307693,0.25961538461538464,0.25961538461538464,0.8269230769230769,0.17307692307692307
112,1255.1674757281553,-1.822621359223301,3.2281553398058254,1.546116504854369,1.0679611650485437,0.7475728155339806,602.9587378640776,10.844660194174757,20.24271844660194,0.19174757281553398,0.09951456310679611,0.09223300970873786,0.7451456310679612,0.25485436893203883
113,1200.4522821576763,-1.9238589211618256,3.6099585062240664,1.5477178423236515,0.6099585062240664,0.5601659751037344,562.2614107883818,10.937759336099585,21.323651452282157,0.46887966804979253,0.22406639004149378,0.24481327800829875,0.7842323651452282,0.2157676348547718
114,1163.504132231405,-2.218677685950413,4.053719008264463,1.487603305785124,0.5909090909090909,0.6528925619834711,568.0371900826447,11.429752066115702,22.632231404958677,0.384297520661157,0.17355371900826447,0.21074380165289255,0.8057851239669421,0.19421487603305784
115,1197.1198979591836,-1.9892602040816325,2.9668367346938775,2.045918367346939,0.9005102040816326,0.6913265306122449,576.5102040816327,11.737244897959183,21.607142857142858,0.40816326530612246,0.24744897959183673,0.16071428571428573,0.7780612244897959,0.22193877551020408
116,1227.3,-1.9384333333333332,3.533333333333333,1.96,0.67,0.49,587.9466666666667,10.22,20.31,0.19333333333333333,0.12666666666666668,0.06666666666666667,0.7566666666666667,0.24333333333333335
117,1159.1914893617022,-2.1662978723404254,3.9063829787234043,1.7914893617021277,0.4765957446808511,0.8170212765957446,562.2297872340425,11.595744680851064,21.582978723404256,0.2425531914893617,0.12340425531914893,0.11914893617021277,0.8170212765957446,0.1829787234042553
118,1271.4943310657595,-1.9035827664399094,2.7868480725623583,2.17687074829932,1.0816326530612246,0.6848072562358276,608.0861678004535,10.873015873015873,19.68480725623583,0.35374149659863946,0.19954648526077098,0.15419501133786848,0.746031746031746,0.25396825396825395
119,1318.6767676767677,-1.721986531986532,3.313131313131313,2.090909090909091,0.6195286195286195,0.5286195286195287,621.7205387205387,9.57912457912458,18.151515151515152,0.31986531986531985,0.16498316498316498,0.15488215488215487,0.6666666666666666,0.3333333333333333
120,1230.6101694915253,-2.097966101694915,3.9237288135593222,1.4830508474576272,0.5296610169491526,0.7966101694915254,582.7033898305085,11.610169491525424,20.64406779661017,0.5338983050847458,0.3135593220338983,0.22033898305084745,0.6949152542372882,0.3050847457627119
121,1249.0926365795724,-2.0252494061757718,2.990498812351544,1.7292161520190024,1.144893111638955,0.6817102137767221,615.7482185273159,10.86935866983373,20.475059382422803,0.332541567695962,0.14251781472684086,0.19002375296912113,0.7482185273159145,0.2517814726840855
122,1335.0434782608695,-1.9088695652173915,3.873913043478261,1.2,0.5782608695652174,0.6347826086956522,578.9217391304347,9.173913043478262,17.169565217391305,0.2565217391304348,0.06086956521739131,0.1956521739130435,0.6565217391304348,0.34347826086956523
123,1240.3863636363637,-2.0586818181818183,3.8227272727272728,1.8,0.32272727272727275,0.7227272727272728,602.7545454545455,11.4,20.322727272727274,0.5727272727272728,0.35,0.22272727272727272,0.740909090909091,0.2590909090909091
124,1276.2230769230769,-1.8288653846153846,2.9461538461538463,2.0173076923076922,1.2769230769230768,0.575,628.5653846153846,10.873076923076923,19.66346153846154,0.4980769230769231,0.2153846153846154,0.2826923076923077,0.7480769230769231,0.2519230769230769
125,1202.3718411552347,-1.9574368231046932,3.288808664259928,1.8375451263537905,0.6425992779783394,0.4657039711191336,586.6606498194946,10.667870036101084,20.75812274368231,0.6678700361010831,0.30324909747292417,0.36462093862815886,0.7653429602888087,0.23465703971119134
126,1338.2057877813504,-2.0335048231511252,3.842443729903537,1.819935691318328,0.5980707395498392,0.6688102893890675,625.7073954983923,9.945337620578778,18.022508038585208,0.22186495176848875,0.1414790996784566,0.08038585209003216,0.6913183279742765,0.3086816720257235
127,1447.307300509338,-1.7207300509337862,2.533106960950764,1.935483870967742,1.468590831918506,0.5925297113752123,680.7555178268251,8.769100169779287,15.555178268251273,0.3701188455008489,0.20543293718166383,0.16468590831918506,0.6196943972835314,0.38030560271646857
128,1462.3956834532373,-1.7717985611510791,3.1223021582733814,1.7805755395683454,0.7661870503597122,0.5179856115107914,639.7589928057554,7.370503597122302,14.381294964028777,0.32014388489208634,0.1618705035971223,0.15827338129496402,0.6654676258992805,0.3345323741007194
129,1294.9823943661972,-1.8257394366197184,3.278169014084507,2.056338028169014,0.6725352112676056,0.7007042253521126,606.8485915492957,10.623239436619718,19.246478873239436,0.4612676056338028,0.22535211267605634,0.23591549295774647,0.6971830985915493,0.3028169014084507
130,1271.7676991150443,-1.862654867256637,2.754424778761062,2.0287610619469025,1.1858407079646018,0.5707964601769911,616.5309734513274,10.924778761061948,19.634955752212388,0.5553097345132744,0.31194690265486724,0.24336283185840707,0.7367256637168141,0.26327433628318586
131,1358.673590504451,-1.7250445103857568,3.1394658753709197,1.4688427299703264,0.9406528189910979,0.49258160237388726,616.2700296735906,8.362017804154302,16.73887240356083,0.26112759643916916,0.10089020771513353,0.16023738872403562,0.6261127596439169,0.37388724035608306
132,1311.5686274509803,-1.6665826330532214,3.9159663865546217,1.557422969187675,0.7366946778711485,0.8487394957983193,653.6806722689075,10.795518207282914,18.820728291316527,0.6106442577030813,0.29971988795518206,0.31092436974789917,0.6834733893557423,0.3137254901960784
133,1427.124210526316,-1.8633473684210526,2.562105263157895,1.7136842105263157,1.2610526315789474,0.7178947368421053,681.4694736842105,8.84842105263158,15.903157894736841,1.1894736842105262,0.6631578947368421,0.5263157894736842,0.6589473684210526,0.3410526315789474
134,1334.7387862796834,-1.7619788918205803,3.4564643799472297,2.015831134564644,0.9815303430079155,0.58311345646438,675.1609498680739,10.036939313984169,17.53825857519789,1.3060686015831136,0.5356200527704486,0.7704485488126649,0.6649076517150396,0.33509234828496043
135,1304.7638483965015,-1.9072594752186591,3.4606413994169096,1.8571428571428572,0.7667638483965015,0.673469387755102,676.7172011661808,10.317784256559767,18.664723032069972,1.1107871720116618,0.641399416909621,0.46938775510204084,0.673469387755102,0.32653061224489793
136,1438.1847457627118,-1.689677966101695,2.588135593220339,2.230508474576271,1.2067796610169492,0.6084745762711864,710.264406779661,8.67457627118644,15.435593220338983,0.7305084745762712,0.42033898305084744,0.3101694915254237,0.6152542372881356,0.3847457627118644
137,1512.3355704697988,-1.6507382550335572,3.3120805369127515,1.9429530201342282,0.8825503355704698,0.5302013422818792,714.5268456375838,7.3624161073825505,13.218120805369127,0.7718120805369127,0.28187919463087246,0.4899328859060403,0.5704697986577181,0.42953020134228187
138,1325.5395480225989,-1.8720903954802262,2.903954802259887,2.0338983050847457,0.8898305084745762,0.6440677966101694,650.2316384180791,9.898305084745763,17.971751412429377,0.768361581920904,0.3700564971751412,0.3983050847457627,0.655367231638418,0.3446327683615819
139,1389.1896551724137,-1.7786206896551724,2.3589341692789967,2.3385579937304075,1.335423197492163,0.5862068965517241,671.4796238244514,8.915360501567399,16.678683385579937,0.8150470219435737,0.3761755485893417,0.438871473354232,0.664576802507837,0.335423197492163
140,1390.8355263157894,-1.7445394736842106,2.914473684210526,1.6085526315789473,0.8947368421052632,0.5460526315789473,656.3815789473684,8.986842105263158,16.292763157894736,1.4769736842105263,0.7269736842105263,0.75,0.6611842105263158,0.33881578947368424
141,1373.5590778097983,-1.8308933717579252,3.590778097982709,1.8962536023054755,0.8069164265129684,0.7723342939481268,669.3717579250721,9.028818443804035,16.755043227665706,0.31412103746397696,0.15561959654178675,0.1585014409221902,0.6051873198847262,0.39481268011527376
142,1341.0326086956522,-1.7567391304347826,3.027173913043478,1.6829710144927537,1.2355072463768115,0.6847826086956522,682.0960144927536,10.38586956521739,17.9981884057971,0.7155797101449275,0.3695652173913043,0.34601449275362317,0.6847826086956522,0.31521739130434784
143,1350.0324324324324,-1.7306216216216217,3.4108108108108106,1.6945945945945946,0.9216216216216216,0.7216216216216216,661.7594594594594,10.262162162162163,17.981081081081083,1.527027027027027,0.7243243243243244,0.8027027027027027,0.6135135135135135,0.3837837837837838
144,1397.1788413098236,-1.7550377833753148,3.256926952141058,2.3576826196473553,1.0025188916876575,0.6926952141057935,703.0176322418137,9.536523929471032,16.337531486146094,1.1007556675062973,0.5340050377833753,0.5667506297229219,0.6146095717884131,0.3853904282115869
145,1368.3644251626897,-1.7436659436008677,2.8177874186550977,2.292841648590022,1.088937093275488,0.579175704989154,694.8329718004338,9.919739696312364,17.718004338394795,1.1496746203904555,0.6008676789587852,0.5488069414316703,0.665943600867679,0.33405639913232105
146,1464.4525993883792,-1.5048012232415902,3.2018348623853212,2.217125382262997,0.7400611620795107,0.43730886850152906,664.5932721712538,7.504587155963303,14.718654434250764,0.617737003058104,0.25076452599388377,0.3669724770642202,0.5412844036697247,0.45871559633027525
147,1395.0273684210526,-0.620842105263158,2.9221052631578948,2.1010526315789475,1.1157894736842104,0.6526315789473685,714.0357894736842,9.130526315789474,16.31157894736842,0.7157894736842105,0.33473684210526317,0.38105263157894737,0.6231578947368421,0.3663157894736842
148,1358.2735042735044,-1.9316239316239316,2.0735042735042737,2.017094017094017,1.5025641025641026,0.5982905982905983,673.3760683760684,9.526495726495726,17.27179487179487,0.7076923076923077,0.3623931623931624,0.3452991452991453,0.6547008547008547,0.3452991452991453
149,1391.3984771573605,-1.6943908629441624,2.8807106598984773,2.1319796954314723,0.9974619289340102,0.4847715736040609,631.7233502538071,8.758883248730964,16.522842639593907,0.5609137055837563,0.2918781725888325,0.26903553299492383,0.6015228426395939,0.39847715736040606
150,1245.2256728778468,-1.9083229813664597,2.7080745341614905,2.4886128364389233,0.8861283643892339,0.6790890269151139,611.3768115942029,11.144927536231885,20.184265010351968,1.0144927536231885,0.4989648033126294,0.515527950310559,0.7204968944099379,0.2795031055900621
151,1325.48178807947,-1.7826490066225167,2.3410596026490067,1.9950331125827814,1.390728476821192,0.543046357615894,680.0132450331126,10.22019867549669,18.4635761589404,0.49503311258278143,0.25496688741721857,0.24006622516556292,0.6788079470198676,0.3211920529801324
152,1304.4885057471265,-1.6354310344827585,3.413793103448276,1.4080459770114941,0.9885057471264368,0.5373563218390804,619.5172413793103,10.235632183908047,18.520114942528735,0.8620689655172413,0.40804597701149425,0.4540229885057471,0.6637931034482759,0.33620689655172414
153,1383.4199475065616,-1.7909186351706037,2.9501312335958003,1.879265091863517,0.94750656167979,0.6981627296587927,701.0472440944882,9.259842519685039,16.388451443569554,0.5669291338582677,0.34908136482939633,0.2178477690288714,0.6141732283464567,0.3858267716535433
154,1402.8881829733164,-1.7414739517153748,2.059720457433291,2.1550190597204573,1.5260482846251588,0.5031766200762389,687.705209656925,8.64294790343075,16.193138500635325,0.6480304955527318,0.3405336721728081,0.30749682337992373,0.6569250317662008,0.34307496823379924
155,1317.5197568389058,-1.762887537993921,2.768996960486322,1.8966565349544073,0.8693009118541033,0.45896656534954405,633.9878419452888,9.480243161094226,18.565349544072948,1.4832826747720365,0.6200607902735562,0.8632218844984803,0.7051671732522796,0.2948328267477204
156,1271.0611764705882,-1.8985176470588236,3.183529411764706,2.571764705882353,0.7717647058823529,0.6188235294117647,657.0588235294117,10.367058823529412,19.35764705882353,0.40705882352941175,0.12941176470588237,0.2776470588235294,0.7035294117647058,0.2964705882352941
157,1372.5774278215224,-1.833254593175853,2.2913385826771653,2.2874015748031495,1.55249343832021,0.5328083989501312,691.3123359580053,9.55249343832021,17.086614173228348,0.7047244094488189,0.4199475065616798,0.2847769028871391,0.6889763779527559,0.3110236220472441
158,1367.0771604938273,-1.6926234567901233,3.067901234567901,1.8950617283950617,0.9012345679012346,0.49074074074074076,645.5864197530864,8.783950617283951,16.669753086419753,0.7685185185185185,0.37962962962962965,0.3888888888888889,0.6481481481481481,0.35185185185185186
159,1427.0600924499229,-1.8259784283513096,2.6348228043143296,2.317411402157165,1.1756548536209552,0.6070878274268104,700.5870570107858,8.80893682588598,15.775038520801232,1.066255778120185,0.5084745762711864,0.5577812018489985,0.637904468412943,0.362095531587057
160,1395.4505494505495,-1.6273076923076923,2.366758241758242,2.4258241758241756,1.3269230769230769,0.6620879120879121,697.0934065934066,9.493131868131869,16.673076923076923,1.304945054945055,0.7184065934065934,0.5865384615384616,0.6126373626373627,0.3873626373626374
161,1348.2123456790123,-1.7078024691358025,3.22962962962963,2.0469135802469136,0.8839506172839506,0.5777777777777777,653.9234567901235,9.683950617283951,17.516049382716048,0.8493827160493828,0.36049382716049383,0.4888888888888889,0.6271604938271605,0.3728395061728395
162,1172.1055408970976,-1.9862532981530343,3.7994722955145117,2.0026385224274406,0.7730870712401056,0.8469656992084432,629.4274406332454,12.139841688654354,21.65963060686016,0.7651715039577837,0.37994722955145116,0.38522427440633245,0.7467018469656992,0.2532981530343008
163,1408.6808823529411,-1.7795294117647058,2.085294117647059,1.9441176470588235,1.5911764705882352,0.5764705882352941,711.1161764705882,9.513235294117647,16.45294117647059,0.8691176470588236,0.4661764705882353,0.40294117647058825,0.663235294117647,0.33676470588235297
164,1360.2124756335284,-1.7632358674463937,3.021442495126706,1.9922027290448343,1.2553606237816763,0.6744639376218323,671.3723196881092,9.187134502923977,17.224171539961013,1.631578947368421,0.7426900584795322,0.8888888888888888,0.6588693957115009,0.341130604288499
165,1293.8365853658536,-1.9368048780487805,3.3609756097560974,2.3658536585365852,0.8146341463414634,0.7097560975609756,645.7634146341463,10.839024390243903,18.978048780487804,1.775609756097561,0.9292682926829269,0.8463414634146341,0.6804878048780488,0.3195121951219512
166,1356.1859229747677,-1.8612217795484727,2.3851261620185924,2.49933598937583,1.3652058432934926,0.5976095617529881,704.0717131474104,9.750332005312085,17.282868525896415,0.8273572377158035,0.448871181938911,0.3784860557768924,0.6852589641434262,0.3147410358565737
167,1341.0512295081967,-1.8426844262295083,3.4897540983606556,2.165983606557377,1.0860655737704918,0.6700819672131147,671.1762295081967,9.676229508196721,17.50409836065574,0.6086065573770492,0.2827868852459016,0.32581967213114754,0.6905737704918032,0.3073770491803279
168,1295.5563139931742,-1.9568430034129694,2.84641638225256,2.2474402730375425,1.0921501706484642,0.7320819112627986,665.5836177474403,10.573378839590443,18.88566552901024,1.0853242320819112,0.5614334470989761,0.5238907849829352,0.7320819112627986,0.26791808873720135
169,1476.0379609544468,-1.693405639913232,2.247288503253796,2.4360086767895877,1.4772234273318872,0.5075921908893709,704.7071583514099,8.145336225596528,14.68763557483731,0.96529284164859,0.46637744034707157,0.49891540130151846,0.6127982646420824,0.3872017353579176
170,1366.0088183421517,-1.7673721340388007,2.54673721340388,2.1534391534391535,1.1428571428571428,0.6878306878306878,676.9118165784832,9.936507936507937,17.126984126984127,1.123456790123457,0.48677248677248675,0.63668430335097,0.6490299823633157,0.3509700176366843
171,1303.3806104129264,-1.78983842010772,2.761220825852783,2.190305206463196,1.14721723518851,0.5493716337522442,649.5439856373429,10.096947935368043,18.563734290843804,0.5439856373429084,0.3375224416517056,0.20646319569120286,0.6732495511669659,0.3267504488330341
172,1413.1690647482014,-1.7384892086330936,2.3741007194244603,2.047961630695444,1.486810551558753,0.49160671462829736,706.2925659472422,9.050359712230216,16.123501199040767,0.6786570743405276,0.31654676258992803,0.36211031175059955,0.6606714628297362,0.3393285371702638
173,1307.7179487179487,-1.870745920745921,3.0536130536130535,1.8181818181818181,1.1235431235431235,0.5710955710955711,670.5011655011655,10.011655011655012,18.251748251748253,1.3356643356643356,0.5524475524475524,0.7832167832167832,0.675990675990676,0.32400932400932403
174,1337.2249134948097,-1.9142387543252597,2.830449826989619,2.337370242214533,1.2006920415224913,0.6176470588235294,672.2128027681661,9.678200692041523,17.519031141868513,0.8581314878892734,0.38408304498269896,0.4740484429065744,0.6833910034602076,0.3166089965397924
175,1289.1022222222223,-1.866311111111111,2.685925925925926,2.2844444444444445,1.1807407407407406,0.554074074074074,690.84,10.42074074074074,19.034074074074073,1.068148148148148,0.4918518518518519,0.5762962962962963,0.7288888888888889,0.27111111111111114
176,1345.0407407407408,-1.8517777777777777,2.933333333333333,2.35,1.1648148148148147,0.562962962962963,677.1425925925926,9.50925925925926,17.464814814814815,0.4740740740740741,0.27037037037037037,0.2037037037037037,0.6388888888888888,0.3611111111111111
177,1330.9879101899828,-1.7546632124352333,2.6407599309153715,2.5250431778929188,1.2020725388601037,0.613126079447323,674.5164075993091,9.671848013816925,17.723661485319518,0.7063903281519862,0.3229706390328152,0.38341968911917096,0.6649395509499136,0.33506044905008636
178,1431.930077691454,-1.7069034406215318,2.0588235294117645,2.2619311875693673,1.5782463928967814,0.5083240843507214,690.3407325194229,8.524972253052164,15.672586015538291,0.8701442841287459,0.3795782463928968,0.49056603773584906,0.6281908990011099,0.37180910099889014
179,1415.3316062176166,-1.797322970639033,3.1036269430051813,2.1882556131260795,1.0863557858376511,0.6649395509499136,701.9119170984455,8.728842832469775,15.94818652849741,1.0880829015544042,0.4853195164075993,0.6027633851468048,0.6079447322970639,0.3920552677029361
180,1281.695987654321,-1.37125,2.9367283950617282,2.3564814814814814,1.1080246913580247,0.7608024691358025,652.8194444444445,10.228395061728396,18.885802469135804,0.6620370370370371,0.30401234567901236,0.35802469135802467,0.6697530864197531,0.32253086419753085
181,1403.2145545796739,-1.7684943538268507,2.5545796737766624,2.2697616060225845,1.4479297365119197,0.5658720200752823,713.7252195734003,8.462986198243414,15.77038895859473,1.1518193224592221,0.5922208281053952,0.5595984943538268,0.6361355081555834,0.36386449184441655
182,1294.8963531669865,-1.891785028790787,3.4856046065259116,1.5547024952015356,1.1861804222648753,0.6487523992322457,668.0038387715931,10.479846449136277,18.735124760076776,0.7543186180422264,0.3416506717850288,0.4126679462571977,0.6871401151631478,0.31285988483685223
183,1347.5823008849557,-1.4490442477876107,3.061946902654867,1.9221238938053098,1.2106194690265486,0.7592920353982301,710.2035398230089,9.752212389380531,17.36637168141593,0.7805309734513274,0.3893805309734513,0.3911504424778761,0.6353982300884956,0.36106194690265486
184,1479.5961538461538,-1.5783333333333334,2.466880341880342,2.2382478632478633,1.702991452991453,0.5534188034188035,752.7959401709402,8.132478632478632,14.512820512820513,0.7147435897435898,0.358974358974359,0.3557692307692308,0.5897435897435898,0.41025641025641024
185,1350.513828238719,-1.8373944687045123,3.2328966521106257,2.222707423580786,1.0611353711790392,0.7583697234352256,718.8602620087336,9.962154294032024,17.622998544395923,1.4672489082969433,0.7176128093158661,0.7496360989810772,0.6622998544395924,0.33770014556040756
186,1424.5379494007989,-1.4425432756324899,3.266311584553928,2.3528628495339547,1.0173102529960054,0.6857523302263648,752.7589880159787,8.92676431424767,15.675099866844208,0.6990679094540613,0.3129161118508655,0.38615179760319573,0.607190412782956,0.3914780292942743
187,1501.5093696763204,-1.5407921635434414,2.3449744463373086,2.406303236797274,1.7614991482112436,0.4778534923339012,768.8100511073254,7.735093696763203,13.919931856899488,1.0630323679727427,0.5434412265758092,0.5195911413969335,0.5698466780238501,0.4301533219761499
188,1348.6086021505375,-1.607225806451613,3.3204301075268816,1.8344086021505377,1.1526881720430107,0.7827956989247312,704.6408602150537,9.724731182795699,17.35268817204301,0.886021505376344,0.410752688172043,0.4752688172043011,0.6172043010752688,0.3827956989247312
189,1367.2948571428572,-1.810697142857143,2.7565714285714287,2.313142857142857,1.4034285714285715,0.6445714285714286,759.7782857142857,9.668571428571429,17.126857142857144,1.1462857142857144,0.5622857142857143,0.584,0.6994285714285714,0.29828571428571427
190,1510.3327716933445,-1.4987531592249368,2.324347093513058,2.4625105307497894,1.695871946082561,0.5459140690817186,799.6259477674811,7.765796124684077,13.704296545914069,1.304128053917439,0.6807076663858467,0.6234203875315922,0.598989048020219,0.3976411120471778
191,1299.080895008606,-1.9739931153184167,3.7900172117039586,2.0292598967297764,1.0154905335628228,0.7074010327022375,694.6506024096385,10.438898450946644,18.605851979345957,0.4853700516351119,0.22203098106712565,0.2633390705679862,0.6695352839931153,0.3304647160068847
192,1342.7693282636249,-0.9416983523447402,3.4600760456273765,2.447401774397972,1.11787072243346,0.7604562737642585,734.9315589353612,9.868187579214196,17.520912547528518,0.7946768060836502,0.41951837769328265,0.37515842839036756,0.6780735107731305,0.31432192648922685
193,1455.663669064748,-1.693570143884892,2.691546762589928,2.2383093525179856,1.6564748201438848,0.5620503597122302,782.8111510791367,8.191546762589928,15.007194244604317,0.7122302158273381,0.33902877697841727,0.3732014388489209,0.6196043165467626,0.38039568345323743
194,1333.5672082717872,-1.7594977843426884,3.5627769571639587,2.3028064992614476,1.1344165435745939,0.7119645494830132,714.5155096011816,9.800590841949779,17.722304283604135,1.1683899556868538,0.5110782865583456,0.6573116691285081,0.6971935007385525,0.30280649926144754
195,1386.0915492957747,-1.9042957746478872,3.407042253521127,2.350704225352113,1.095774647887324,0.6267605633802817,749.2492957746479,9.194366197183099,16.791549295774647,0.9619718309859155,0.5225352112676056,0.4394366197183099,0.7309859154929578,0.26901408450704223
196,1462.4092900964067,-1.6701051709027168,2.9009640666082386,2.5574057843996494,1.476774758983348,0.5617879053461875,802.213847502191,8.328659070990359,14.84487291849255,0.684487291849255,0.3461875547765118,0.3382997370727432,0.6222611744084137,0.37773882559158634
197,1336.7878077373973,-1.8387807737397421,3.7069167643610785,2.093786635404455,1.1371629542790151,0.6471277842907386,740.7655334114888,9.97538100820633,17.830011723329427,0.6365767878077374,0.3223915592028136,0.3141852286049238,0.6916764361078547,0.3083235638921454
198,1324.4074567243674,-0.16788282290279632,3.59254327563249,2.2410119840213047,1.1784287616511318,0.7882822902796272,720.9507323568575,9.994673768308921,17.612516644474034,0.525965379494008,0.25166444740346205,0.27430093209054596,0.6750998668442078,0.31158455392809586
199,1423.045627376426,-1.6096045627376427,2.5520912547528516,2.4577946768060834,1.7361216730038023,0.4844106463878327,746.9543726235742,8.644106463878327,15.945247148288974,0.5277566539923955,0.25247148288973387,0.2752851711026616,0.6403041825095057,0.35893536121673003
200,1251.4933774834437,-1.9445198675496689,3.4403973509933774,1.8990066225165563,1.1241721854304636,0.7466887417218543,657.7764900662252,10.635761589403973,19.60430463576159,0.8741721854304636,0.34105960264900664,0.5331125827814569,0.6903973509933775,0.30960264900662254
201,1305.9868035190616,-1.8365395894428151,3.5542521994134897,2.13049853372434,1.2082111436950147,0.656891495601173,716.8445747800587,10.124633431085044,18.353372434017594,0.36950146627565983,0.1906158357771261,0.17888563049853373,0.718475073313783,0.28152492668621704
202,1446.949293433084,-1.629650872817955,2.807148794679967,2.251870324189526,1.8171238570241064,0.5012468827930174,758.9966749792186,8.376558603491272,15.266832917705736,0.5095594347464671,0.25353283458021614,0.25602660016625106,0.6400665004156276,0.35910224438902744
203,1231.7751371115173,-1.9527422303473494,3.773308957952468,1.9652650822669104,0.9926873857404022,0.7038391224862889,659.3930530164533,10.829981718464351,20.111517367458866,0.4844606946983547,0.2230347349177331,0.26142595978062155,0.7312614259597806,0.2687385740402194
204,1384.3502645502645,0.08024338624338617,3.3058201058201058,2.348148148148148,1.2772486772486773,0.7227513227513227,740.3428571428572,9.21058201058201,16.332275132275132,0.43386243386243384,0.19047619047619047,0.24338624338624337,0.6391534391534391,0.346031746031746
205,1460.9226086956521,-1.3054521739130434,2.8756521739130436,2.5678260869565217,1.5826086956521739,0.5417391304347826,795.6243478260869,8.327826086956522,14.833043478260869,0.4182608695652174,0.20782608695652174,0.21043478260869566,0.6060869565217392,0.39043478260869563
206,1322.1639118457301,-1.3023278236914602,3.8636363636363638,2.322314049586777,1.0482093663911847,0.6900826446280992,710.2217630853994,10.396694214876034,17.988980716253444,0.3209366391184573,0.18457300275482094,0.13636363636363635,0.6763085399449036,0.3209366391184573
207,1356.8816568047337,0.7904536489151873,3.1745562130177514,2.368836291913215,1.4092702169625246,0.6923076923076923,749.8846153846154,9.494082840236686,17.032544378698226,0.6775147928994083,0.34023668639053256,0.33727810650887574,0.6499013806706114,0.32938856015779094
208,1495.1105485232067,-1.3643206751054853,2.5451476793248946,2.3957805907172998,1.7966244725738396,0.529957805907173,797.3898734177216,8.075949367088608,14.073417721518988,0.5755274261603376,0.28945147679324895,0.28607594936708863,0.5848101265822785,0.4118143459915612
209,1404.191256830601,-1.5756830601092897,3.518032786885246,2.0721311475409836,1.3300546448087431,0.6284153005464481,771.8601092896175,8.70928961748634,16.033879781420765,0.492896174863388,0.21092896174863388,0.2819672131147541,0.6612021857923497,0.3377049180327869
210,1326.248366013072,-0.5966993464052287,3.0904139433551197,2.6263616557734206,1.236383442265795,0.7331154684095861,741.562091503268,9.839869281045752,17.700435729847495,0.5217864923747276,0.2429193899782135,0.2788671023965142,0.6971677559912854,0.29302832244008714
211,1507.1478334749363,-1.661019541206457,2.769753610875106,2.6440101954120645,1.6202209005947323,0.508071367884452,798.410365335599,7.635514018691588,13.917587085811386,0.41971112999150384,0.18096856414613424,0.23874256584536957,0.5930331350892099,0.40696686491079015
212,1372.6686819830713,-1.7880532043530835,3.7206771463119708,1.9600967351874243,1.316807738814994,0.6989117291414753,753.2889963724305,9.403869407496977,16.88149939540508,0.8307134220072552,0.36275695284159615,0.46795646916565903,0.6469165659008465,0.35308343409915355
213,1363.6944770857815,-1.5159929494712105,3.0998824911868392,2.226792009400705,1.3478260869565217,0.6921269095182139,735.951821386604,9.27144535840188,17.247943595769684,0.34665099882491185,0.1645123384253819,0.18213866039952997,0.6733254994124559,0.3219741480611046
214,1518.8938461538462,-1.631269230769231,2.5284615384615385,2.833846153846154,1.8261538461538462,0.45,814.3938461538462,7.318461538461539,13.37923076923077,0.7361538461538462,0.4123076923076923,0.32384615384615384,0.5884615384615385,0.4115384615384615
215,1353.5258064516129,-1.6555268817204303,3.456989247311828,2.325806451612903,1.1903225806451614,0.6301075268817204,754.3322580645162,9.406451612903226,17.17311827956989,0.7086021505376344,0.310752688172043,0.3978494623655914,0.6666666666666666,0.3311827956989247
216,1425.732967032967,0.21895604395604393,3.6,2.574725274725275,1.1483516483516483,0.6868131868131868,761.8967032967033,8.297802197802199,15.423076923076923,0.3230769230769231,0.15054945054945054,0.17252747252747253,0.6362637362637362,0.3516483516483517
217,1572.8194444444443,-1.2835486111111112,2.2909722222222224,2.654166666666667,1.93125,0.42986111111111114,839.1638888888889,6.645138888888889,12.040972222222223,0.55625,0.24027777777777778,0.3159722222222222,0.5388888888888889,0.4597222222222222
218,1406.522403258656,-0.9982484725050916,3.395112016293279,2.0427698574338087,1.280040733197556,0.5824847250509165,772.5274949083503,8.769857433808554,15.926680244399185,0.6955193482688391,0.31568228105906315,0.37983706720977595,0.6578411405295316,0.33706720977596744
219,1411.237242614145,1.347170993733214,3.1289167412712624,2.512085944494181,1.3760071620411818,0.6526410026857654,757.2175470008953,8.374216651745748,15.435989256938228,0.4565801253357207,0.19695613249776187,0.25962399283795884,0.6069829901521934,0.35273052820053713
220,1542.2357494722028,-1.235158339197748,2.319493314567206,2.7339901477832513,1.7677691766361716,0.4813511611541168,828.1745249824068,6.8831808585503165,12.862772695285011,0.9458128078817734,0.4897959183673469,0.4560168895144265,0.5482054890921886,0.4482758620689655
221,1357.5970695970695,-1.8567643467643469,3.7032967032967035,2.208791208791209,1.1684981684981686,0.7094017094017094,771.8437118437118,9.506715506715507,17.192918192918192,0.4945054945054945,0.2222222222222222,0.27228327228327226,0.6727716727716728,0.32722832722832723
222,1415.0097864768684,1.0862099644128114,2.9955516014234878,2.650355871886121,1.3078291814946619,0.6583629893238434,780.7758007117437,8.491992882562277,15.361209964412812,0.6877224199288257,0.30604982206405695,0.3816725978647687,0.6103202846975089,0.35765124555160144
223,1521.7756737072104,-1.6157829570284048,2.2745812090313184,2.374362709395484,1.873998543335761,0.43918426802621996,814.2643845593591,7.288419519300801,13.3714493809177,0.4945375091041515,0.2425345957756737,0.2520029133284778,0.5702840495265841,0.4297159504734159
224,1388.2367049009385,-1.720427528675704,3.5203336809176227,2.5151199165797706,1.2200208550573515,0.6371220020855057,748.2825860271116,9.282586027111575,16.54118873826903,0.7528675703858185,0.3806047966631908,0.3722627737226277,0.6444212721584984,0.3555787278415016
225,1447.2789351851852,-1.7032986111111112,3.2569444444444446,2.619212962962963,1.1331018518518519,0.6192129629629629,793.8310185185185,7.958333333333333,15.17013888888889,0.6030092592592593,0.3194444444444444,0.2835648148148148,0.6099537037037037,0.3900462962962963
226,1539.2906045156592,-1.1721194464675893,2.6423889293517844,2.613255644573926,1.777130371449381,0.4865258557902403,834.3146394756009,7.339402767662054,13.343772760378732,0.7844136926438456,0.4085943190094683,0.3758193736343773,0.5666423889293518,0.4289876183539694
227,1467.763272410792,-1.4081636205395998,3.061792863359443,2.3211488250652743,1.516100957354221,0.5239338555265448,818.7232375979112,7.86858137510879,14.624891209747606,0.8172323759791122,0.3368146214099217,0.4804177545691906,0.5996518711923412,0.39947780678851175
228,1378.7625,1.4731923076923077,3.246153846153846,2.3653846153846154,1.3038461538461539,0.6846153846153846,771.7,8.874038461538461,16.27403846153846,0.7961538461538461,0.39903846153846156,0.3971153846153846,0.6230769230769231,0.35
229,1538.181934657271,-1.3645868033311979,2.1953875720691864,2.6412556053811658,1.9737347853939782,0.40871236386931453,820.3651505445227,6.978219090326713,13.014734144778988,0.5022421524663677,0.25432415118513774,0.24791800128122998,0.5458039718129404,0.4535554131966688
230,1489.4652406417113,-1.7673172905525847,3.10873440285205,2.1737967914438503,1.3832442067736186,0.5409982174688057,794.283422459893,7.944741532976827,14.499108734402853,1.3262032085561497,0.6363636363636364,0.6898395721925134,0.6087344028520499,0.39126559714795006
231,1401.0844091360477,0.9345382323733863,3.4895729890764646,2.4478649453823236,1.1678252234359483,0.7030784508440914,798.0546176762662,8.629592850049653,15.872889771598809,0.733862959285005,0.365441906653426,0.3684210526315789,0.6444885799404171,0.3286991062562066
232,1573.930644019816,-1.5039631988676574,2.3481953290870488,2.580325548478415,1.9334748761500353,0.4175513092710545,833.6744515215853,6.6645435244161355,12.18895966029724,0.7572540693559802,0.39065817409766457,0.36659589525831565,0.5230007077140835,0.4769992922859165
233,1459.6649104320338,-1.6015279241306637,3.487881981032666,2.2297154899894625,1.344573234984194,0.6480505795574288,775.7060063224446,8.131717597471022,14.839831401475237,1.2044257112750263,0.5310853530031612,0.6733403582718651,0.6174920969441517,0.3814541622760801
234,1455.6009345794394,1.2473271028037383,3.111214953271028,2.661682242990654,1.3495327102803738,0.6672897196261682,785.5336448598131,8.110280373831776,14.571028037383178,0.7037383177570093,0.297196261682243,0.40654205607476634,0.5981308411214953,0.3719626168224299
235,1522.6915887850466,-1.5769392523364485,2.514797507788162,2.8076323987538943,1.6651090342679127,0.4447040498442368,824.0584112149533,7.046728971962617,13.367601246105918,0.7250778816199377,0.3862928348909657,0.338785046728972,0.5467289719626168,0.4532710280373832
236,1451.943231441048,-1.4011572052401746,3.695414847161572,2.2860262008733625,1.24235807860262,0.6593886462882096,773.0589519650655,8.269650655021834,14.983624454148472,1.1135371179039302,0.5414847161572053,0.5720524017467249,0.6102620087336245,0.3875545851528384
237,1435.1877192982456,2.4486842105263156,3.092982456140351,2.5605263157894735,1.3991228070175439,0.6578947368421053,786.0526315789474,8.221052631578948,14.87017543859649,1.0464912280701755,0.4201754385964912,0.6263157894736842,0.5754385964912281,0.3868421052631579
238,1577.266106442577,-1.0058823529411764,2.1862745098039214,2.511204481792717,1.903361344537815,0.46218487394957986,817.5609243697479,6.390056022408964,12.253501400560225,1.177170868347339,0.6092436974789915,0.5679271708683473,0.5252100840336135,0.4698879551820728
239,1514.6067708333333,-0.8969097222222222,2.9817708333333335,2.2230902777777777,1.5477430555555556,0.5434027777777778,814.4079861111111,7.292534722222222,13.534722222222221,0.9548611111111112,0.4427083333333333,0.5121527777777778,0.5642361111111112,0.4288194444444444
240,1438.912429378531,0.06187382297551787,2.85969868173258,2.709039548022599,1.387005649717514,0.6789077212806026,775.0762711864406,7.999058380414312,15.12241054613936,1.5649717514124293,0.768361581920904,0.7966101694915254,0.6026365348399246,0.3775894538606403
241,1561.5953895071543,-1.474443561208267,2.686804451510334,2.8569157392686804,1.629570747217806,0.4888712241653418,828.8195548489666,6.759141494435612,12.657392686804451,0.8895071542130366,0.4626391096979332,0.42686804451510335,0.5310015898251192,0.46899841017488075
242,1501.4203296703297,-0.3198351648351649,3.07967032967033,2.2005494505494507,1.5366300366300367,0.5714285714285714,812.9459706959707,7.353479853479853,13.672161172161172,0.8855311355311355,0.41483516483516486,0.4706959706959707,0.5448717948717948,0.4468864468864469
243,1446.9401373895976,-0.6018940137389598,3.1315014720314034,2.305201177625123,1.4160942100098135,0.703631010794897,788.4857703631011,8.02747791952895,15.263984298331698,0.6820412168792934,0.3366045142296369,0.34543670264965654,0.5976447497546614,0.38959764474975467
244,1548.869106263195,-1.1100985221674877,2.377902885292048,2.7719915552427867,1.8388458831808585,0.4257565095003519,813.7670654468684,6.809992962702323,12.736805066854329,0.6938775510204082,0.37227304714989445,0.3216045038705137,0.5446868402533427,0.45320197044334976
245,1509.878125,-1.6239479166666666,3.379166666666667,2.566666666666667,1.2322916666666666,0.6260416666666667,809.4520833333333,7.372916666666667,13.735416666666667,0.8916666666666667,0.4114583333333333,0.48020833333333335,0.5739583333333333,0.425
246,1505.93234476367,0.9544300278035217,3.3132530120481927,2.4884151992585726,1.314179796107507,0.6793327154772938,814.6552363299352,7.479147358665431,13.553290083410566,0.8869323447636701,0.42446709916589437,0.46246524559777574,0.541241890639481,0.4365152919369787
247,1623.1651693158258,-1.3864478230822392,2.3393227366966136,2.7829993089149965,1.8838977194194886,0.4360746371803732,862.651002073255,6.230822391154112,11.023496890117485,0.4201796821008984,0.22667588113337941,0.193503800967519,0.474775397373877,0.5245335176226675
248,1531.1516503122211,-0.008822479928635161,3.097234611953613,2.168599464763604,1.5414808206958073,0.5450490633363069,812.3764495985727,7.213202497769848,13.174843889384478,1.2979482604817127,0.5022301516503123,0.7957181088314005,0.5548617305976806,0.4344335414808207
249,1550.129859387924,1.7138296112489662,3.1166253101736974,2.499586435070306,1.5153019023986767,0.663358147229115,831.2092638544251,6.645161290322581,12.214226633581472,0.707196029776675,0.2787427626137304,0.4284532671629446,0.5252274607113316,0.4400330851943755
250,1622.314266487214,-0.7047375504710632,2.2395693135935395,2.779273216689098,1.8761776581426648,0.4549125168236878,859.1810228802153,6.037685060565276,11.026917900403769,0.7220726783310901,0.36473755047106327,0.3573351278600269,0.45625841184387617,0.5383580080753702
251,1527.1201923076924,-1.5728173076923078,3.328846153846154,2.3682692307692306,1.3076923076923077,0.6028846153846154,818.6009615384615,7.383653846153846,13.5375,0.8240384615384615,0.33365384615384613,0.49038461538461536,0.5432692307692307,0.4567307692307692
252,1531.8168193172357,1.0196835970024978,2.915903413821815,2.6319733555370526,1.4013322231473773,0.6361365528726062,800.9159034138219,7.038301415487094,12.916736053288925,0.5328892589508742,0.2622814321398834,0.2706078268109908,0.5195670274771024,0.4412989175686928
253,1621.650521609538,-1.439113263785395,2.35096870342772,2.4456035767511177,1.9113263785394934,0.46274217585692995,830.8181818181819,6.116244411326378,11.119225037257824,0.6616989567809239,0.342026825633383,0.319672131147541,0.496274217585693,0.503725782414307
254,1606.5452127659576,-1.2763829787234042,3.221631205673759,2.519503546099291,1.3874113475177305,0.5531914893617021,820.0363475177305,6.527482269503546,11.562943262411348,0.8129432624113475,0.40602836879432624,0.40691489361702127,0.4804964539007092,0.5168439716312057
255,1512.062,0.26757999999999993,3.419,2.608,1.187,0.708,785.17,7.085,13.338,0.819,0.341,0.478,0.557,0.419
256,1618.2412562455388,-0.8434546752319773,2.6074232690935046,2.7102069950035688,1.7780157030692363,0.48679514632405424,828.4282655246253,5.932905067808708,11.170592433975731,0.662384011420414,0.3369022127052106,0.32548179871520344,0.4860813704496788,0.5082084225553176
257,1582.5181741335587,-0.9525274725274725,3.0346576500422655,2.212172442941674,1.613693998309383,0.5207100591715976,813.0160608622147,6.42603550295858,11.978021978021978,0.5748098055790364,0.2857142857142857,0.2890955198647506,0.503803888419273,0.4894336432797971
258,1525.0361663652802,1.7727034358047016,3.2278481012658227,2.3580470162748646,1.426763110307414,0.6880650994575045,813.3083182640145,7.2025316455696204,12.99005424954792,1.1283905967450272,0.5895117540687161,0.538878842676311,0.515370705244123,0.445750452079566
259,1672.2621674237507,-1.081823491239455,2.347826086956522,2.716417910447761,2.0058403634003894,0.44841012329656066,866.930564568462,5.638546398442569,10.329656067488644,1.1901362751460092,0.5652173913043478,0.6249188838416613,0.44127190136275146,0.5554834523036989
260,1511.4444444444443,-1.5144010416666667,3.0989583333333335,2.2864583333333335,1.546875,0.5564236111111112,812.2300347222222,7.576388888888889,13.95486111111111,1.1857638888888888,0.5269097222222222,0.6588541666666666,0.5451388888888888,0.4539930555555556
261,1516.0870466321244,0.5410673575129533,3.564766839378238,2.578238341968912,1.3015544041450777,0.738860103626943,796.5533678756477,6.929533678756477,13.26321243523316,0.8974093264248705,0.4072538860103627,0.49015544041450776,0.5378238341968912,0.44041450777202074
262,1622.0624161073827,-0.26689261744966447,2.387248322147651,2.6261744966442953,1.919463087248322,0.45838926174496647,794.5026845637584,5.859731543624161,11.094630872483222,0.789261744966443,0.40738255033557047,0.3818791946308725,0.4684563758389262,0.5228187919463088
263,1557.8177189409369,-1.4104073319755601,3.344195519348269,2.140529531568228,1.3665987780040734,0.6089613034623218,816.9399185336049,6.9663951120162935,12.79735234215886,1.3421588594704685,0.6731160896130346,0.6690427698574338,0.5142566191446029,0.48370672097759676
264,1598.3928258967628,2.422580927384077,3.2659667541557305,2.7069116360454943,1.347331583552056,0.6570428696412949,826.2764654418198,6.061242344706912,11.230096237970253,1.3394575678040246,0.552930883639545,0.7865266841644795,0.4873140857392826,0.46106736657917763
265,1585.3456790123457,-1.3368672839506173,2.6126543209876543,2.8703703703703702,1.6643518518518519,0.49537037037037035,804.508487654321,6.469135802469136,12.08179012345679,0.7114197530864198,0.37885802469135804,0.3325617283950617,0.5015432098765432,0.49691358024691357
266,1552.1615881809787,-0.8546260387811634,3.2696214219759927,2.20129270544783,1.3822714681440442,0.5484764542936288,790.1135734072022,6.882733148661126,12.96398891966759,1.5170821791320406,0.6565096952908587,0.8605724838411819,0.5493998153277931,0.4469067405355494
267,1558.6609907120744,3.945023219814242,3.024767801857585,2.4520123839009287,1.5162538699690402,0.6168730650154799,779.9961300309598,6.349071207430341,11.869969040247678,1.0154798761609907,0.49613003095975233,0.5193498452012384,0.4605263157894737,0.48374613003095973
268,1648.728490832158,-0.2281664315937941,2.2157968970380817,2.6057827926657264,1.9887165021156559,0.45557122708039494,802.271509167842,5.591678420310296,10.484485190409027,0.9710860366713682,0.47320169252468264,0.4978843441466855,0.44781382228490835,0.5444287729196051
269,1572.0574898785426,-0.7252955465587044,2.9068825910931175,2.239676113360324,1.6121457489878543,0.5068825910931174,797.2858299595142,6.614574898785425,12.445344129554655,1.102834008097166,0.557085020242915,0.545748987854251,0.5344129554655871,0.4574898785425101
270,1545.4175732217573,1.9588200836820084,2.8953974895397487,2.6552301255230124,1.413389121338912,0.6518828451882845,815.9832635983264,6.497071129707113,12.452719665271967,0.9640167364016736,0.42092050209205023,0.5430962343096234,0.497907949790795,0.46527196652719666
271,1603.1816208393632,-0.23765557163531115,2.5759768451519536,2.768451519536903,1.6251808972503619,0.47467438494934877,852.9218523878437,6.321273516642547,11.463096960926194,1.198986975397974,0.6237337192474675,0.5752532561505065,0.49782923299565845,0.4913169319826339
272,1596.0889077053343,-0.015732430143945795,2.9737510584250635,2.1752751905165115,1.6333615580016936,0.5436071126164268,815.2904318374259,6.29043183742591,11.717188823031329,1.035563082133785,0.4826418289585097,0.5529212531752752,0.4674005080440305,0.5207451312447079
273,1520.4137931034484,2.2908429118773945,3.2413793103448274,2.4837164750957856,1.3371647509578544,0.7318007662835249,815.7432950191571,7.349616858237548,13.441570881226054,0.9109195402298851,0.4703065134099617,0.44061302681992337,0.5459770114942529,0.41379310344827586
274,1658.3856655290103,0.1647849829351536,2.524914675767918,2.915358361774744,1.879863481228669,0.47167235494880544,837.340614334471,5.427986348122867,10.026621160409556,0.7488054607508532,0.3556313993174061,0.3931740614334471,0.4498293515358362,0.5358361774744027
275,1528.6669874879692,-1.2991915303176131,3.251203079884504,2.5928777670837344,1.2666025024061598,0.5909528392685275,802.7949951876805,7.559191530317613,13.589990375360925,1.3195380173243503,0.6544754571703562,0.6650625601539942,0.5283926852743022,0.4687199230028874
276,1501.3271441202476,1.6124314765694074,3.2387267904509285,2.5729442970822283,1.3669319186560567,0.6330680813439434,778.080459770115,7.2926613616268785,13.671971706454466,1.0026525198938991,0.4624226348364279,0.5402298850574713,0.5287356321839081,0.4438549955791335
277,1623.3543859649124,-1.0845684210526316,2.384561403508772,2.8919298245614034,1.8673684210526316,0.4554385964912281,824.1298245614036,6.200701754385965,11.244912280701755,0.727719298245614,0.3529824561403509,0.37473684210526315,0.4624561403508772,0.535438596491228
278,1559.1944922547332,-0.11784853700516361,2.9354561101549055,2.291738382099828,1.5137693631669535,0.5645438898450946,819.8657487091222,7.071428571428571,12.74698795180723,1.5335628227194493,0.7306368330464716,0.8029259896729777,0.53184165232358,0.4612736660929432
279,1504.8186813186812,3.5058320251177397,2.9513343799058083,2.618524332810047,1.5054945054945055,0.5832025117739403,791.8061224489796,7.21585557299843,13.419937205651491,1.2299843014128728,0.5243328100470958,0.7056514913657771,0.5204081632653061,0.4175824175824176
280,1608.5749486652978,-1.1258658453114305,2.2491444216290213,2.839151266255989,1.8856947296372348,0.4182067077344285,820.1211498973306,6.064339493497604,11.568104038329912,1.1533196440793976,0.5879534565366188,0.5653661875427789,0.4934976043805613,0.5044490075290896
281,1563.2029117379436,-0.6989808917197453,3.2383985441310283,2.3557779799818017,1.2693357597816197,0.5750682438580528,809.2020018198363,6.741583257506824,12.616014558689718,0.9281164695177434,0.4695177434030937,0.4585987261146497,0.5259326660600546,0.467697907188353
282,1507.0228310502282,2.161698630136986,2.8511415525114154,2.7680365296803653,1.371689497716895,0.6447488584474886,787.1397260273973,7.089497716894977,13.462100456621005,0.6840182648401827,0.30684931506849317,0.3771689497716895,0.4986301369863014,0.4547945205479452
283,1644.33161385409,-1.4025644804716286,2.3235077376565956,2.4635224760501107,1.948415622697126,0.45836403831982314,830.1090641120118,5.554163596168018,10.56005895357406,0.6374355195283714,0.28887251289609434,0.3485630066322771,0.4716285924834193,0.5276344878408253
284,1571.312062937063,-0.6011800699300699,3.229020979020979,2.4213286713286712,1.4230769230769231,0.5463286713286714,800.6494755244755,6.573426573426573,12.465034965034965,0.9632867132867133,0.4982517482517482,0.46503496503496505,0.5183566433566433,0.4772727272727273
285,1561.7983798379837,0.8095949594959496,3.3465346534653464,2.7641764176417642,1.1494149414941495,0.6714671467146714,808.3591359135913,6.709270927092709,12.647164716471647,0.9540954095409541,0.41674167416741675,0.5373537353735374,0.5229522952295229,0.4464446444644464
286,1605.263418079096,-0.9621186440677967,2.5903954802259888,2.698446327683616,1.7782485875706215,0.4689265536723164,826.6546610169491,6.1942090395480225,11.598870056497175,0.9230225988700564,0.4505649717514124,0.4724576271186441,0.4625706214689266,0.5317796610169492
287,1566.8394495412845,-0.7785963302752293,3.242201834862385,2.3605504587155965,1.4908256880733946,0.5807339449541284,827.1266055045871,6.566055045871559,12.26697247706422,0.5045871559633027,0.23119266055045873,0.27339449541284405,0.5192660550458715,0.47339449541284406
288,1546.9143598615917,4.755596885813149,3.1782006920415227,2.4377162629757785,1.3996539792387543,0.6461937716262975,789.0726643598616,6.45242214532872,11.895328719723183,1.1280276816608996,0.5458477508650519,0.5821799307958477,0.47231833910034604,0.4619377162629758
289,1612.1125,-0.4196513157894738,2.288157894736842,2.8335526315789474,1.9953947368421052,0.40328947368421053,829.2256578947369,6.294078947368421,11.486184210526316,1.1526315789473685,0.5611842105263158,0.5914473684210526,0.4861842105263158,0.5072368421052632
290,1549.1947463768115,-1.3388405797101448,3.1730072463768115,2.38768115942029,1.4284420289855073,0.5815217391304348,789.4773550724638,6.946557971014493,13.141304347826088,1.431159420289855,0.6630434782608695,0.7681159420289855,0.5226449275362319,0.47644927536231885
291,1557.838888888889,1.029601851851852,3.297222222222222,2.4953703703703702,1.3203703703703704,0.6916666666666667,772.4194444444445,6.602777777777778,12.564814814814815,0.9,0.3685185185185185,0.5314814814814814,0.4935185185185185,0.47962962962962963
292,1615.1492641906098,-0.9170147161878065,2.427470217238963,2.667133847231955,2.008409250175193,0.4498948843728101,796.9670637701472,6.212333566923616,11.412754029432376,0.7435178696566223,0.3601962158374212,0.38332165381920114,0.45970567624386827,0.5346881569726699
293,1551.6624390243903,-1.5916682926829269,3.250731707317073,2.166829268292683,1.408780487804878,0.6380487804878049,785.4721951219512,6.861463414634146,12.83609756097561,1.4809756097560975,0.671219512195122,0.8097560975609757,0.5453658536585366,0.45463414634146343
294,1518.2428702851887,3.046559337626495,3.1159153633854646,2.812327506899724,1.391904323827047,0.6540938362465502,764.6577736890524,6.7157313707451705,12.896044158233671,1.233670653173873,0.5758969641214351,0.6577736890524379,0.53081876724931,0.41582336706531736
295,1604.5387426900584,-0.9679312865497077,2.567982456140351,2.736111111111111,1.6059941520467835,0.4656432748538012,794.8633040935673,6.177631578947368,11.821637426900585,1.277046783625731,0.6206140350877193,0.6564327485380117,0.5,0.49415204678362573
296,1535.9640035118525,-1.1371290605794557,3.279192273924495,2.184372256365233,1.4556628621597894,0.5539947322212467,763.5346795434592,7.101843722563652,13.349429323968394,0.922739244951712,0.42230026338893767,0.5004389815627743,0.5329236172080772,0.46444249341527655
297,1563.93949044586,4.015135350318472,3.0127388535031847,2.538216560509554,1.4554140127388535,0.6377388535031847,758.4331210191083,6.49124203821656,12.023885350318471,0.9936305732484076,0.4315286624203822,0.5621019108280255,0.49442675159235666,0.445859872611465
298,1611.8279337652987,-1.451598272138229,2.166306695464363,2.5615550755939527,1.9244060475161988,0.44852411807055437,763.8797696184305,6.033117350611951,11.745140388768899,1.0475161987041037,0.5183585313174947,0.5291576673866091,0.503959683225342,0.49604031677465804
299,1550.0403348554034,-1.1863470319634701,2.793759512937595,2.189497716894977,1.591324200913242,0.5053272450532724,771.396499238965,6.864535768645358,13.308219178082192,1.5943683409436835,0.784627092846271,0.8097412480974124,0.5289193302891934,0.4672754946727549
300,1519.78590078329,1.8237771975630983,2.971279373368146,2.6327241079199304,1.3968668407310705,0.6544821583986075,761.5778938207137,7.081810269799826,13.693646649260227,1.3463881636205397,0.6422976501305483,0.7040905134899913,0.5543951261966927,0.4116623150565709
301,1598.1364590622813,-0.6988663400979707,2.4786564030790763,2.7004898530440866,1.695591322603219,0.44226731980405876,801.9944016794961,6.311406578026592,11.93072078376487,1.039888033589923,0.5304408677396781,0.509447165850245,0.5087473757872638,0.48565430370888735
302,1557.4471544715448,-0.7355203252032521,2.8390243902439023,2.124390243902439,1.632520325203252,0.5130081300813009,750.3528455284553,7.023577235772358,13.30569105691057,1.556910569105691,0.7365853658536585,0.8203252032520325,0.5227642276422764,0.47073170731707314
303,1473.1350364963503,1.2789233576642336,3.153284671532847,2.39507299270073,1.3458029197080292,0.7025547445255474,737.7892335766423,7.437956204379562,14.362226277372264,1.0182481751824817,0.45985401459854014,0.5583941605839416,0.5647810218978102,0.4051094890510949
304,1557.2435450104676,-0.7504815073272855,2.544312630844382,2.7871598046057224,1.865317515701326,0.4577808792742498,765.8946266573622,6.460572226099093,12.586880669923238,0.7976273551988835,0.41032798325191905,0.3872993719469644,0.5170969993021632,0.47662247034194
305,1493.9838872104733,-1.225216515609265,3.3504531722054383,2.5216515609264856,1.1550855991943605,0.5901309164149043,748.5095669687814,7.639476334340383,14.572004028197382,1.448136958710977,0.6576032225579054,0.7905337361530715,0.5861027190332326,0.4118831822759315
306,1508.9309090909092,1.1143545454545454,3.482727272727273,2.5472727272727274,1.319090909090909,0.6627272727272727,784.1690909090909,7.4,13.911818181818182,0.8218181818181818,0.37,0.45181818181818184,0.5636363636363636,0.40636363636363637
307,1569.9690235690236,-1.3371178451178451,2.315151515151515,2.72996632996633,1.942087542087542,0.42962962962962964,788.9232323232324,6.657239057239058,12.706397306397307,0.622895622895623,0.34276094276094277,0.2801346801346801,0.5306397306397307,0.4686868686868687
308,1528.2949389179755,-1.5419284467713787,3.0794066317626525,2.181500872600349,1.4458987783595114,0.56282722513089,753.9013961605584,7.611692844677138,14.218150087260035,1.2713787085514834,0.5802792321116929,0.6910994764397905,0.5715532286212914,0.42670157068062825
309,1449.8520485584218,1.7054400606980273,3.009104704097117,2.5212443095599393,1.445371775417299,0.5895295902883156,751.1661608497724,7.756449165402125,15.081183611532625,0.9848254931714719,0.4779969650986343,0.5068285280728376,0.5819423368740516,0.38239757207890746
310,1525.6405144694534,0.33264951768488743,2.2681672025723474,2.757556270096463,1.792282958199357,0.43536977491961415,791.3389067524116,7.181993569131833,13.632154340836014,1.07459807073955,0.5118971061093247,0.5627009646302251,0.5504823151125402,0.43215434083601284
311,1417.2189781021898,-1.4219916579770595,3.678832116788321,2.3576642335766422,1.129301355578728,0.6579770594369134,742.3597497393118,8.370177267987486,15.965589155370177,1.4129301355578727,0.7194994786235662,0.6934306569343066,0.6371220020855057,0.3587069864442127
312,1468.7124463519312,2.206472103004292,2.928755364806867,2.7570815450643775,1.3141630901287553,0.6472103004291846,734.8180257510729,7.508154506437768,14.242918454935623,1.0369098712446352,0.4695278969957081,0.567381974248927,0.5896995708154507,0.3699570815450644
313,1517.0419821059877,-0.10514108740536827,2.387474191328286,2.3922918100481763,1.8169304886441844,0.4631796283551273,768.5973847212664,7.230557467309016,13.464556090846525,0.7976600137646249,0.37715072264280797,0.42050929112181695,0.5505849965588437,0.43977976600137647
314,1469.75,-0.8576018518518519,3.352777777777778,2.450925925925926,1.2824074074074074,0.5824074074074074,765.7833333333333,7.8842592592592595,14.786111111111111,0.9861111111111112,0.4648148148148148,0.5212962962962963,0.5944444444444444,0.3972222222222222
315,1419.9661016949153,-0.10850282485875708,3.3879472693032016,2.8465160075329567,1.1694915254237288,0.6374764595103578,723.2570621468926,8.278719397363465,15.947269303201507,1.6365348399246704,0.812617702448211,0.8239171374764596,0.5875706214689266,0.3964218455743879
316,1583.223404255319,-1.5002482269503545,2.5425531914893615,2.717021276595745,1.7659574468085106,0.43617021276595747,788.3255319148936,6.697872340425532,12.272340425531915,0.9957446808510638,0.5198581560283688,0.47588652482269506,0.5198581560283688,0.48014184397163123
317,1493.5146551724138,-0.8887413793103449,3.1163793103448274,2.3517241379310345,1.4663793103448275,0.5655172413793104,770.153448275862,7.631896551724138,14.030172413793103,0.8224137931034483,0.38189655172413794,0.44051724137931036,0.5836206896551724,0.41120689655172415
318,1447.3245149911816,2.242266313932981,3.18342151675485,2.4603174603174605,1.3403880070546736,0.681657848324515,753.0414462081129,7.926807760141093,14.890652557319225,1.2231040564373898,0.5952380952380952,0.6278659611992945,0.5749559082892416,0.3853615520282187
319,1615.246875,-1.4266625,2.13625,2.71875,2.00875,0.39625,809.378125,6.0075,11.35375,1.1,0.58375,0.51625,0.50875,0.490625
320,1459.5465414175917,-1.187403928266439,3.106746370623399,2.35866780529462,1.475661827497865,0.5593509820666097,765.870196413322,8.526900085397097,15.718189581554228,1.9393680614859095,0.8855678906917165,1.053800170794193,0.623398804440649,0.3740392826643894
321,1406.3517179023509,1.7589692585895118,3.440325497287523,2.4665461121157324,1.1699819168173597,0.7160940325497287,752.5180831826401,8.716094032549728,16.138336347197107,1.073236889692586,0.530741410488246,0.5424954792043399,0.5994575045207957,0.36075949367088606
322,1555.6601483479433,-0.9534726904922455,2.384356035064059,2.702629804450438,1.9008766014834795,0.4720161834120027,771.310182063385,7.087660148347943,13.100472016183412,1.2710721510451788,0.6331759946055293,0.6378961564396494,0.559676331759946,0.43627781523937964
323,1511.3079268292684,-1.518760162601626,3.4054878048780486,2.2022357723577235,1.375,0.6138211382113821,773.8211382113822,7.633130081300813,14.286585365853659,1.0955284552845528,0.5071138211382114,0.5884146341463414,0.5711382113821138,0.4268292682926829
324,1508.8777869529315,1.532295623451693,3.124690338563171,2.651527663088357,1.329479768786127,0.6284062758051198,774.6019818331957,7.39719240297275,13.643270024772916,0.9099917423616846,0.4112303881090008,0.49876135425268375,0.5375722543352601,0.4236168455821635
325,1569.7808022922636,-0.0034455587392550158,2.543696275071633,2.826647564469914,1.5959885386819483,0.4792263610315186,785.0637535816619,6.915472779369628,12.887535816618911,1.492836676217765,0.7285100286532952,0.7643266475644699,0.5551575931232091,0.4348137535816619
326,1502.9774859287054,-1.3731332082551595,3.328330206378987,2.2138836772983113,1.3696060037523452,0.5853658536585366,743.6923076923077,7.646341463414634,14.570356472795497,1.7354596622889307,0.851782363977486,0.8836772983114447,0.6022514071294559,0.39587242026266417
327,1474.0158102766798,2.267818181818182,3.0221343873517785,2.494071146245059,1.4363636363636363,0.6553359683794466,740.4719367588933,7.545454545454546,14.307509881422925,1.7715415019762846,0.8735177865612648,0.8980237154150198,0.5849802371541502,0.37707509881422924
328,1499.8095899930506,-0.1296247394023628,2.27866574009729,2.5767894371091034,1.8679638637943017,0.48436414176511466,751.2501737317582,7.927032661570535,14.850590687977762,1.6330785267546908,0.8339124391938847,0.7991660875608061,0.580958999305073,0.4086170952050035
329,1527.933638443936,-0.7558276125095347,2.8001525553012967,2.337909992372235,1.5804729214340199,0.5041952707856598,762.5957284515637,7.689549961861174,14.252479023646071,1.6559877955758964,0.8504958047292144,0.8054919908466819,0.585812356979405,0.4096109839816934
330,1489.1782608695653,1.247686956521739,2.8904347826086956,2.6295652173913044,1.3591304347826088,0.6817391304347826,744.9486956521739,7.844347826086956,14.715652173913044,1.626086956521739,0.8,0.8260869565217391,0.5782608695652174,0.391304347826087
331,1582.4270231213873,-1.5303468208092486,2.4985549132947975,2.792630057803468,1.75,0.43352601156069365,783.818641618497,7.182803468208093,13.369942196531792,1.4515895953757225,0.7066473988439307,0.744942196531792,0.5549132947976878,0.44508670520231214
332,1512.828431372549,-1.19421568627451,2.869281045751634,2.241830065359477,1.5302287581699345,0.5130718954248366,774.0326797385621,7.977124183006536,14.63888888888889,1.8284313725490196,0.8627450980392157,0.9656862745098039,0.5947712418300654,0.4027777777777778
333,1524.1904761904761,-0.7634391534391535,3.0714285714285716,2.5141093474426808,1.3271604938271604,0.6843033509700176,762.7380952380952,7.355379188712522,13.768959435626103,1.5044091710758378,0.6772486772486772,0.8271604938271605,0.582010582010582,0.40299823633156967
334,1580.3538461538462,-1.4414755244755244,2.4104895104895103,2.893006993006993,1.9461538461538461,0.43286713286713285,794.3839160839161,6.601398601398602,12.25944055944056,1.2398601398601399,0.6167832167832168,0.6230769230769231,0.5195804195804196,0.4797202797202797
335,1512.7153846153847,-1.014980769230769,3.205769230769231,2.6634615384615383,1.1490384615384615,0.6173076923076923,757.5673076923077,8.051923076923076,14.940384615384616,1.9548076923076922,0.9201923076923076,1.0346153846153847,0.5836538461538462,0.4115384615384615
336,1515.037100949094,0.827618636755824,3.37618636755824,2.542709232096635,1.366695427092321,0.6652286453839517,753.4503882657464,7.384814495254529,13.772217428817946,1.8231233822260569,0.905090595340811,0.9180327868852459,0.5625539257981018,0.4098360655737705
337,1615.464918032787,-0.46491803278688526,2.3298360655737707,2.702950819672131,1.8904918032786886,0.4262295081967213,786.3383606557377,6.171147540983607,11.422295081967214,1.1822950819672131,0.5849180327868853,0.5973770491803279,0.4911475409836066,0.5016393442622951
338,1604.7342536669544,0.2965401207937877,3.004314063848145,2.2424503882657465,1.5289042277825713,0.5772217428817946,777.6850733390854,6.798101811906816,12.496980155306298,2.9378774805867125,1.3304572907679033,1.6074201898188094,0.5271786022433133,0.4616048317515099
339,1563.8821376281112,2.965497803806735,3.0,2.617862371888726,1.5168374816983894,0.5761346998535871,782.0834553440703,6.852122986822841,12.57320644216691,2.333821376281113,1.1288433382137628,1.2049780380673498,0.5014641288433382,0.4494875549048316
340,1571.70957309185,-0.4992820181112549,2.1940491591203104,2.8027166882276844,1.7826649417852523,0.45989650711513586,763.7671410090556,6.803363518758085,12.782664941785253,1.5659767141009056,0.7897800776196636,0.7761966364812419,0.5291073738680466,0.46377749029754206
341,1508.3644605621034,-0.7562194016319129,3.2774252039891207,2.453309156844968,1.244786944696283,0.5793291024478694,766.2438803263826,7.838621940163192,14.618313689936537,1.5747960108794197,0.7778785131459656,0.7969174977334542,0.5802357207615594,0.4125113327289211
342,1554.564417177914,1.5030291411042944,2.831288343558282,2.604294478527607,1.4562883435582823,0.6096625766871165,764.2407975460122,6.913343558282208,12.766104294478527,1.2469325153374233,0.5590490797546013,0.6878834355828221,0.5352760736196319,0.4148773006134969
343,1601.7414155571128,-0.9747372109320253,2.4386825508058867,2.4695164681149264,1.941135248773651,0.4940434477925718,781.5192711983182,6.3125437981779955,11.756131744919411,0.9039943938332166,0.47091800981079185,0.43307638402242465,0.5066573230553609,0.4863349684653118
344,1638.0407315045718,-1.123881961762261,3.1180382377389857,2.5103906899418122,1.4430590191188695,0.5378221113881961,798.5793848711554,6.142975893599335,11.523690773067331,1.8420615128844555,0.8861180382377389,0.9559434746467166,0.4763092269326683,0.5203657522859518
345,1513.028545941124,2.6203122212310435,3.4888492417484387,2.679750223015165,1.1623550401427296,0.7020517395182873,744.9304192685103,7.291703835860838,13.740410347903657,1.5013380909901872,0.7100802854594113,0.7912578055307761,0.5423728813559322,0.40767172167707405
346,1628.999310820124,-1.007787732598208,2.551343900758098,2.695382494831151,1.7911784975878704,0.461750516884907,809.1447277739491,6.009648518263266,11.050999310820124,1.3080634045485873,0.6795313576843556,0.6285320468642316,0.4755341144038594,0.5217091660923501
347,1580.3333333333333,-1.5216539440203563,3.062765055131467,2.335029686174724,1.525869380831213,0.5487701441899915,778.7905004240882,6.859202714164546,12.684478371501273,1.248515691263783,0.5793044953350297,0.6692111959287532,0.5470737913486005,0.45122985581000846
348,1460.5706940874036,2.952279348757498,3.0222793487574977,2.361610968294773,1.458440445586975,0.6692373607540703,731.018851756641,7.8011996572407885,14.64438731790917,1.179948586118252,0.570694087403599,0.609254498714653,0.5784061696658098,0.37617823479005996
349,1617.4446417998815,-0.5765364120781528,2.1906453522794553,2.6814683244523385,1.9828300769686205,0.4280639431616341,774.7844878626406,6.169923031379515,11.77442273534636,1.4014209591474245,0.6844286560094731,0.7169923031379515,0.48134991119005327,0.5109532267613973
350,1558.7758913412563,-0.9784295415959254,3.0475382003395586,2.395585738539898,1.5076400679117148,0.5441426146010186,772.0297113752122,7.164685908319185,13.29881154499151,1.297962648556876,0.6061120543293718,0.6918505942275043,0.5432937181663837,0.45161290322580644
351,1503.5990476190477,0.10032380952380945,3.255238095238095,2.4504761904761905,1.2914285714285714,0.699047619047619,738.1390476190476,7.9,14.60952380952381,1.4780952380952381,0.6780952380952381,0.8,0.5571428571428572,0.42095238095238097
352,1581.8778220451527,0.6691434262948207,2.346613545816733,2.700531208499336,1.9369189907038513,0.44687915006640105,785.2211155378486,6.6195219123505975,12.49136786188579,1.203187250996016,0.6148738379814077,0.5883134130146083,0.5312084993359893,0.45219123505976094
353,1483.0635673624288,-1.4211764705882353,3.1499051233396584,2.2419354838709675,1.435483870967742,0.5768500948766604,763.9819734345351,8.214421252371917,15.334914611005692,1.2001897533206831,0.5683111954459203,0.6318785578747628,0.6480075901328273,0.34819734345351044
354,1527.8342412451361,2.88052140077821,3.1198443579766537,2.7159533073929962,1.3735408560311284,0.6202334630350195,771.3455252918288,7.160311284046693,13.468482490272374,1.4373540856031128,0.6980544747081712,0.7392996108949417,0.5206225680933853,0.4264591439688716
355,1539.1275546159268,0.32109231853417897,2.5059901338971105,2.835799859055673,1.587737843551797,0.46723044397463004,766.69274136716,7.136715997181113,13.498238195912615,1.08738548273432,0.551092318534179,0.536293164200141,0.5278365045806906,0.46018322762508806
356,1597.9386666666667,-1.1105777777777779,3.2595555555555555,2.2942222222222224,1.3475555555555556,0.5422222222222223,761.6346666666667,6.624888888888889,12.533333333333333,1.1964444444444444,0.568,0.6284444444444445,0.4826666666666667,0.5128888888888888
357,1509.361475409836,3.2453360655737704,3.031967213114754,2.59672131147541,1.4762295081967214,0.6401639344262295,757.6467213114754,7.169672131147541,13.541803278688525,0.7770491803278688,0.3442622950819672,0.43278688524590164,0.5409836065573771,0.4131147540983607
358,1670.049180327869,0.3939139344262296,2.247950819672131,2.5525956284153004,1.953551912568306,0.491120218579235,799.8681693989071,5.691939890710382,10.758196721311476,1.3271857923497268,0.7226775956284153,0.6045081967213115,0.45150273224043713,0.5355191256830601
359,1631.2921265636498,-0.35328918322295805,2.7292126563649743,2.2619573215599704,1.6526857983811627,0.46946284032376745,785.1479028697572,6.606328182487123,12.248712288447388,1.59308314937454,0.7270051508462104,0.8660779985283297,0.5136129506990434,0.4797645327446652
360,1525.2953410981697,2.869059900166389,2.9143094841930117,2.6164725457570714,1.3735440931780365,0.6747088186356073,746.9916805324459,7.367720465890183,13.928452579034941,1.3960066555740434,0.6281198003327787,0.7678868552412645,0.5449251247920133,0.40765391014975044
361,1658.9482155353394,-0.743960811756473,2.531140657802659,2.6571028691392584,1.6745976207137858,0.4464660601819454,785.0181945416375,6.1364590622813155,11.47445766270119,1.5017494751574527,0.7025892232330301,0.7991602519244226,0.4737578726382085,0.5213435969209237
362,1538.0264279624894,-1.089829497016198,3.0042625745950553,2.130434782608696,1.7084398976982098,0.5652173913043478,778.5174765558397,7.539641943734015,14.101449275362318,1.7382779198635976,0.7510656436487638,0.9872122762148338,0.5822676896845694,0.4134697357203751
363,1476.9489885664027,1.4728935795954265,3.0914687774846086,2.400175901495163,1.405452946350044,0.6314863676341249,752.4749340369393,7.549692172383465,14.627088830255056,0.9683377308707124,0.47405452946350046,0.49428320140721194,0.5787159190853123,0.3913808267370273
364,1649.786440677966,-1.3587661016949153,2.3905084745762712,2.7735593220338983,1.8928813559322033,0.3945762711864407,792.8901694915254,5.908474576271186,11.050169491525423,1.12,0.559322033898305,0.560677966101695,0.4901694915254237,0.5084745762711864
365,1568.7158671586717,-1.2837730627306272,3.2583025830258303,2.654059040590406,1.2380073800738007,0.5894833948339483,748.8274907749078,7.285977859778598,13.664206642066421,1.4760147601476015,0.7158671586715867,0.7601476014760148,0.5765682656826568,0.42066420664206644
366,1521.337552742616,2.5650464135021096,3.3333333333333335,2.5780590717299576,1.3518987341772153,0.639662447257384,737.6101265822784,7.159493670886076,13.69957805907173,1.09957805907173,0.5071729957805907,0.5924050632911393,0.5594936708860759,0.39662447257383965
367,1651.3800904977375,-0.924382676147382,2.3264382676147384,2.6716224951519068,1.9469941822883,0.4188752424046542,806.0458952811894,5.940530058177117,10.993535875888817,0.8500323206205559,0.4557207498383969,0.394311570782159,0.486748545572075,0.5093729799612152
368,1600.5648648648648,-1.5784324324324324,3.127027027027027,2.184684684684685,1.4927927927927929,0.5801801801801801,772.527927927928,7.012612612612613,13.186486486486487,1.781981981981982,0.7585585585585586,1.0234234234234234,0.5369369369369369,0.46126126126126127
369,1529.168324407039,3.3202295332823257,2.9778117827084927,2.521805661820964,1.4896710022953328,0.576893649579189,737.4850803366488,7.212700841622035,13.572302983932671,1.7467482785003825,0.7987758224942617,0.9479724560061209,0.5087987758224942,0.4468247895944912
370,1635.6171617161717,-0.25402640264026405,2.2402640264026403,2.7993399339933993,1.867986798679868,0.47194719471947194,771.0983498349835,6.18019801980198,11.8013201320132,1.4495049504950495,0.7234323432343235,0.7260726072607261,0.4976897689768977,0.4924092409240924
371,1528.6394686907022,-1.6488804554079697,3.3377609108159394,2.413662239089184,1.277988614800759,0.5768500948766604,741.4554079696395,7.861480075901328,14.669829222011385,2.20303605313093,1.0654648956356736,1.137571157495256,0.5939278937381404,0.4060721062618596
372,1505.5166795965865,3.8382079131109386,2.934833204034135,2.574864235841738,1.4422032583397983,0.6167571761055082,745.8525989138867,7.2676493405740885,13.69899146625291,1.2979053529868114,0.6190845616757176,0.6788207913110939,0.5368502715283165,0.41117145073700545
373,1609.0912280701755,-0.7896912280701754,2.3150877192982455,2.35859649122807,1.976842105263158,0.4343859649122807,763.0491228070175,6.306666666666667,11.907368421052631,0.832280701754386,0.44280701754385965,0.3894736842105263,0.4687719298245614,0.5263157894736842
374,1548.2141119221412,-1.3711273317112733,3.180859691808597,2.480940794809408,1.37875101378751,0.519059205190592,751.7226277372263,7.692619626926196,14.234387672343876,1.645579886455799,0.781021897810219,0.8645579886455799,0.5620437956204379,0.43390105433901055
375,1483.6134529147982,2.1690044843049328,3.408071748878924,2.652017937219731,1.1668161434977578,0.6672645739910313,721.9461883408072,7.988340807174888,14.96591928251121,1.4457399103139013,0.7228699551569506,0.7228699551569506,0.5955156950672645,0.36233183856502243
376,1597.2145804676754,-0.12285419532324622,2.6953232462173315,2.750343878954608,1.7902338376891334,0.47248968363136173,784.3727647867951,6.506189821182944,12.297111416781293,1.2297111416781292,0.6657496561210454,0.5639614855570839,0.5055020632737276,0.48074277854195324
377,1565.9742310889444,-0.6408146300914381,2.9916874480465503,2.251039068994181,1.5511221945137157,0.5486284289276808,753.7780548628429,7.095594347464671,13.080631753948461,1.2435577722360764,0.5976724854530341,0.6458852867830424,0.5935162094763092,0.39900249376558605
378,1546.0904347826088,3.8167304347826083,3.159130434782609,2.4,1.4443478260869564,0.6730434782608695,742.0730434782608,7.073913043478261,13.292173913043479,2.34,1.0426086956521738,1.297391304347826,0.5217391304347826,0.42
379,1612.4968513853905,-0.5449055415617129,2.304785894206549,2.786523929471033,2.0352644836272042,0.42128463476070527,780.9892947103275,6.4515113350125946,12.2588161209068,2.0673803526448364,0.9521410579345088,1.1152392947103276,0.5050377833753149,0.48866498740554154
380,1533.9948051948052,-1.6242164502164502,3.1116883116883116,2.406926406926407,1.3748917748917748,0.522077922077922,757.1402597402597,7.838095238095238,14.548051948051947,3.1307359307359306,1.49004329004329,1.6406926406926408,0.5688311688311688,0.4303030303030303
381,1482.7969451931715,1.6056693620844564,3.280323450134771,2.4106019766397124,1.2929020664869721,0.683737646001797,728.3342318059299,8.018867924528301,15.035938903863432,1.8158131176999102,0.8598382749326146,0.9559748427672956,0.5678346810422282,0.3998203054806828
382,1589.176923076923,0.4700128205128205,2.3615384615384616,2.6256410256410256,1.955128205128205,0.46282051282051284,764.3038461538462,6.75,12.262820512820513,1.2993589743589744,0.6410256410256411,0.6583333333333333,0.49935897435897436,0.4807692307692308
383,1526.913567839196,-1.4900703517587939,3.5316582914572865,2.0663316582914573,1.4120603015075377,0.6412060301507537,759.4613065326633,7.761809045226131,14.087437185929648,1.3497487437185929,0.5557788944723618,0.7939698492462312,0.5728643216080402,0.42412060301507537
384,1517.6509274873524,2.2706239460370994,3.2259696458684655,2.639123102866779,1.4249578414839799,0.6711635750421585,731.362563237774,7.503372681281619,13.947723440134908,1.4797639123102866,0.6947723440134908,0.784991568296796,0.5421585160202361,0.418212478920742
385,1587.2303815694745,-0.5007127429805616,2.535637149028078,2.8250539956803458,1.6702663786897047,0.468682505399568,754.8675305975522,6.52267818574514,12.624910007199425,1.5601151907847373,0.7868970482361412,0.7732181425485961,0.5241180705543557,0.4701223902087833
386,1506.323076923077,-0.5330045248868779,3.31131221719457,2.334841628959276,1.3493212669683259,0.5909502262443439,729.785520361991,7.788235294117647,14.427149321266969,1.6289592760180995,0.7167420814479638,0.9122171945701357,0.56289592760181,0.4271493212669683
387,1534.8522448979593,1.7342612244897957,3.1975510204081634,2.5975510204081633,1.497142857142857,0.6506122448979592,757.4114285714286,6.918367346938775,13.181224489795918,1.2277551020408164,0.5616326530612245,0.6661224489795918,0.5248979591836734,0.4383673469387755
388,1573.3646643109541,-1.2810388692579506,2.308833922261484,2.608480565371025,2.009893992932862,0.4826855123674912,770.1950530035335,6.906713780918728,13.161837455830389,1.4120141342756183,0.7448763250883392,0.6671378091872792,0.519434628975265,0.4791519434628975
389,1598.3581860107608,-0.031660261337432785,2.813220599538816,2.385088393543428,1.6110684089162184,0.5234435049961568,741.5634127594159,6.879323597232898,12.767102229054574,2.0230591852421216,0.96771714066103,1.0553420445810915,0.5065334358186011,0.4811683320522675
390,1511.3990066225165,2.4282781456953644,2.9875827814569536,2.6241721854304636,1.3195364238410596,0.6506622516556292,737.4254966887418,7.3509933774834435,13.93046357615894,2.0637417218543046,0.9875827814569537,1.076158940397351,0.5422185430463576,0.41721854304635764
391,1599.8977841315225,-0.7815296640457471,2.5639742673338097,2.71265189421015,1.703359542530379,0.4388849177984274,748.7969978556112,6.581844174410293,12.365260900643317,1.8456040028591851,0.9249463902787706,0.9206576125804146,0.501072194424589,0.49392423159399573
392,1570.2915622389307,-1.3183458646616542,2.9615705931495406,2.1796157059314956,1.7117794486215538,0.5380116959064327,778.7593984962406,7.055973266499582,13.189640768588138,2.078529657477026,0.9665831244778613,1.1119465329991647,0.5622389306599833,0.43609022556390975
393,1469.8947368421052,1.306592328278323,3.1150758251561106,2.3800178412132027,1.350579839429081,0.6859946476360392,732.592328278323,7.7805530776092775,14.76271186440678,1.0338983050847457,0.46922390722569135,0.5646743978590544,0.5816235504014273,0.3862622658340767
394,1608.9693042291951,-0.34791268758526606,2.4822646657571625,2.873806275579809,1.8826739427012278,0.4406548431105048,783.7585266030013,6.195770804911323,11.637107776261937,1.484993178717599,0.7189631650750341,0.7660300136425648,0.4924965893587995,0.49931787175989084
395,1524.4531531531532,-0.32251351351351354,3.1738738738738737,2.599099099099099,1.2054054054054053,0.5864864864864865,756.0855855855856,7.649549549549549,14.311711711711713,2.027927927927928,0.9081081081081082,1.11981981981982,0.5945945945945946,0.3963963963963964
396,1495.887630662021,3.093719512195122,3.4041811846689893,2.484320557491289,1.3562717770034842,0.6611498257839721,732.6672473867595,7.314459930313589,13.91637630662021,2.3066202090592336,1.0357142857142858,1.2709059233449478,0.5679442508710801,0.3893728222996516
397,1575.8032894736841,-1.1508157894736841,2.3046052631578946,2.705921052631579,1.9651315789473685,0.4118421052631579,787.2486842105263,6.8197368421052635,12.601315789473684,1.3888157894736841,0.7171052631578947,0.6717105263157894,0.525,0.4730263157894737
398,1469.3583556747096,-1.1407953529937445,3.0741733690795354,2.2689901697944594,1.516532618409294,0.5764075067024129,737.8364611260054,8.334226988382484,15.884718498659517,1.7033065236818588,0.7274352100089365,0.9758713136729222,0.613047363717605,0.38427167113494193
399,1422.3579858379228,2.356900078678206,2.9787568843430368,2.4830841856805663,1.5106215578284816,0.5995279307631786,742.498819826908,8.583792289535799,15.915814319433517,1.2132179386309991,0.6129032258064516,0.6003147128245476,0.6089693154996066,0.35011801730920533
400,1545.6059405940593,-0.7346270627062707,2.2442244224422443,2.792079207920792,1.8884488448844885,0.4646864686468647,780.6653465346535,7.246204620462046,13.506930693069307,1.5557755775577558,0.7960396039603961,0.7597359735973598,0.5405940594059406,0.4528052805280528
401,1488.0227057710501,-1.6899621570482497,3.3859981078524126,2.466414380321665,1.21759697256386,0.5875118259224219,761.0056764427626,7.8429517502365185,14.844843897824031,1.6177861873226111,0.7682119205298014,0.8495742667928098,0.6045411542100284,0.3954588457899716
402,1528.0132192846033,3.6086314152410575,3.0038880248833593,2.6524105754276825,1.5326594090202177,0.6376360808709176,745.2255054432349,7.1469673405909795,13.248833592534993,1.568429237947123,0.6920684292379471,0.8763608087091758,0.5451010886469674,0.4020217729393468
403,1585.3383512544804,-1.0311254480286738,2.425806451612903,2.4480286738351253,1.9992831541218639,0.47168458781362005,790.5541218637993,6.3146953405017925,11.99068100358423,1.049462365591398,0.5627240143369175,0.4867383512544803,0.5211469534050179,0.4759856630824373
404,1489.4884910485935,-1.3653452685421994,3.2736572890025575,2.6027280477408357,1.3725490196078431,0.5498721227621484,760.4288150042626,7.639386189258312,14.485933503836318,1.8098891730605287,0.8618925831202046,0.947996589940324,0.5694799658994032,0.4279624893435635
405,1480.9321585903083,3.221418502202643,3.3788546255506606,2.6731277533039646,1.1400881057268721,0.6881057268722467,735.0740088105726,7.583259911894273,14.094273127753304,1.6731277533039648,0.7788546255506608,0.8942731277533039,0.5515418502202644,0.3876651982378855
406,1580.3647625602202,-0.36189951823812805,2.5402615278733656,2.69993117687543,1.7694425326909842,0.45836200963523743,783.6455609084652,6.521679284239505,12.20027529249828,1.1961459050240881,0.6118375774260152,0.5843083275980729,0.5251204404679972,0.46937370956641433
407,1549.5432409739715,-1.5934005037783376,3.0361041141897567,2.2762384550797647,1.561712846347607,0.5256087321578505,783.8782535684298,6.942065491183879,13.052896725440807,1.6952141057934509,0.8295549958018472,0.8656591099916037,0.5717884130982368,0.4282115869017632
408,1541.6858864027538,3.9401549053356284,3.121342512908778,2.400172117039587,1.4406196213425129,0.685025817555938,794.1299483648882,6.716006884681583,12.41566265060241,1.842512908777969,0.8752151462994836,0.9672977624784854,0.5223752151462995,0.40619621342512907
409,1636.2121951219513,0.8691280487804878,2.227439024390244,2.6353658536585365,2.025,0.4189024390243902,809.8823170731707,5.8774390243902435,10.879878048780487,1.3310975609756097,0.6573170731707317,0.6737804878048781,0.46402439024390246,0.5201219512195122
410,1558.592839300583,-1.2690757701915072,3.138218151540383,2.340549542048293,1.4912572855953372,0.5278934221482098,783.263114071607,7.1865112406328056,13.383846794338051,1.7177352206494587,0.7785179017485429,0.9392173189009159,0.5187343880099917,0.4787676935886761
411,1597.654954954955,1.264081081081081,3.40990990990991,2.4135135135135135,1.2333333333333334,0.6873873873873874,786.4972972972973,6.297297297297297,11.762162162162163,1.590990990990991,0.7441441441441441,0.8468468468468469,0.4990990990990991,0.47297297297297297
412,1623.9228758169934,0.14984313725490195,2.3758169934640523,2.664705882352941,1.9405228758169935,0.4418300653594771,829.8555555555556,5.898039215686275,10.984313725490196,1.2660130718954248,0.5973856209150327,0.6686274509803921,0.47058823529411764,0.5176470588235295
413,1555.0185185185185,-1.2124444444444444,3.3444444444444446,2.1148148148148147,1.4203703703703703,0.6074074074074074,795.8435185185185,7.3277777777777775,13.662962962962963,1.6990740740740742,0.7777777777777778,0.9212962962962963,0.5324074074074074,0.4638888888888889
414,1580.5205599300089,3.550472440944882,3.298337707786527,2.5546806649168854,1.4033245844269466,0.6290463692038495,782.68416447944,6.4934383202099735,11.90113735783027,1.6902887139107612,0.8066491688538933,0.8836395450568679,0.48556430446194226,0.4636920384951881
415,1608.4159836065573,-0.844801912568306,2.508879781420765,2.653688524590164,1.635928961748634,0.4583333333333333,772.8265027322404,6.810109289617486,12.217896174863387,1.651639344262295,0.8107923497267759,0.8408469945355191,0.45969945355191255,0.532103825136612
416,1599.163387510693,-0.7737382378100941,3.223267750213858,2.3045337895637297,1.3267750213857998,0.5560307955517536,781.2908468776732,6.810094097519247,12.585970915312233,2.0530367835757057,1.003421727972626,1.0496150556030797,0.5303678357570573,0.4627887082976903
417,1610.018927444795,3.100268138801262,3.2310725552050474,2.493690851735016,1.4298107255520505,0.6025236593059937,781.121451104101,6.644321766561514,12.138801261829652,1.8753943217665616,0.8927444794952681,0.9826498422712934,0.5047318611987381,0.4471608832807571
418,1652.8795669824087,-0.7740933694181327,2.172530446549391,2.5433017591339646,1.909336941813261,0.43234100135318,793.0710419485791,5.844384303112314,10.930311231393775,2.242895805142084,1.1102841677943167,1.1326116373477673,0.476319350473613,0.520297699594046
419,1566.0059835452505,-0.5268885564697083,2.7509349289454,2.2857142857142856,1.618548990276739,0.48990276738967836,781.1593118922962,6.982049364248317,13.094240837696335,1.87509349289454,0.9274495138369484,0.9476439790575916,0.5332834704562454,0.4599850411368736
420,1576.9028436018957,2.6922037914691943,3.0624012638230647,2.61216429699842,1.3420221169036335,0.6184834123222749,784.7109004739336,6.699052132701421,12.469984202211691,1.654818325434439,0.8056872037914692,0.84913112164297,0.5244865718799369,0.4304897314375987
421,1657.2469314079422,-1.4274151624548737,2.540072202166065,2.7494584837545126,1.7234657039711192,0.4353790613718412,819.4014440433212,6.072924187725632,11.210108303249097,1.6527075812274368,0.787725631768953,0.8649819494584837,0.4888086642599278,0.5111913357400723
422,1635.9948892674618,-1.0093867120954003,3.0264054514480407,2.1098807495741054,1.5826235093696763,0.5519591141396933,802.9361158432708,6.6601362862010225,12.132879045996592,2.4250425894378194,1.1507666098807496,1.27427597955707,0.5136286201022147,0.479557069846678
423,1528.987146529563,2.949357326478149,3.2339331619537277,2.418166238217652,1.365038560411311,0.676949443016281,775.3838903170523,7.230505569837189,13.335904027420737,1.4875749785775492,0.6298200514138818,0.8577549271636675,0.5372750642673522,0.4138817480719794
424,1620.9986754966887,0.19642384105960267,2.3788079470198675,2.7589403973509934,1.8801324503311259,0.4370860927152318,811.2072847682119,6.209933774834437,11.460264900662251,0.9642384105960264,0.46688741721854304,0.49735099337748345,0.5046357615894039,0.48410596026490066
425,1595.0627724498693,-0.2998779424585877,3.151700087183958,2.5579773321708807,1.2955536181342633,0.5701830863121186,766.7628596338274,7.247602441150828,13.462946817785527,1.6364428945074105,0.8221447253705318,0.8142981691368788,0.5257192676547515,0.46207497820401044
426,1603.668363019508,1.7096522476675147,3.366412213740458,2.4308736217133164,1.3299406276505512,0.6089906700593724,768.8507209499576,6.43765903307888,12.239185750636132,1.5190839694656488,0.7387616624257846,0.7803223070398643,0.5029686174724343,0.45971162001696353
427,1665.389527458493,-1.2373946360153256,2.1966794380587484,2.640485312899106,1.8908045977011494,0.39846743295019155,807.6245210727969,5.800127713920817,10.96360153256705,1.4776500638569605,0.7298850574712644,0.7477650063856961,0.48020434227330777,0.5191570881226054
428,1621.8174672489083,-1.6274759825327512,3.058515283842795,2.211353711790393,1.473362445414847,0.5711790393013101,809.1938864628821,7.206986899563319,13.06113537117904,2.8585152838427947,1.3292576419213973,1.5292576419213975,0.5362445414847161,0.4637554585152838
429,1576.880281690141,2.3111580594679184,3.0657276995305165,2.5336463223787167,1.521909233176839,0.5993740219092332,786.6064162754303,6.778560250391236,12.413145539906104,1.5758998435054774,0.7723004694835681,0.8035993740219093,0.5101721439749609,0.4428794992175274
430,1598.3627386438445,-0.5834233048057933,2.206056616194865,2.780776826859776,1.8610928242264648,0.41342988808426595,798.8940092165899,6.5687952600395,12.443712969058591,1.6780776826859776,0.879526003949967,0.7985516787360105,0.4858459512837393,0.5082290980908493
431,1598.1107142857143,-1.5403660714285714,3.3098214285714285,2.4517857142857142,1.2330357142857142,0.5616071428571429,820.8267857142857,6.891964285714286,12.66875,1.449107142857143,0.7116071428571429,0.7375,0.5375,0.4616071428571429
432,1580.4544776119403,2.7872164179104475,2.9746268656716417,2.529850746268657,1.412686567164179,0.5873134328358209,778.7022388059702,6.5873134328358205,11.925373134328359,1.483582089552239,0.7179104477611941,0.7656716417910447,0.4992537313432836,0.45223880597014926
433,1654.7160766961651,-1.42179203539823,2.448377581120944,2.5073746312684366,2.0110619469026547,0.44616519174041297,837.2647492625368,5.95575221238938,10.932890855457227,0.9041297935103245,0.4314159292035398,0.47271386430678464,0.48451327433628316,0.5154867256637168
434,1594.8886097152429,-1.0104941373534337,3.1959798994974875,2.5494137353433834,1.35678391959799,0.5418760469011725,825.7546063651591,6.902010050251256,12.812395309882747,1.83249581239531,0.8408710217755444,0.9916247906197655,0.5494137353433836,0.4463986599664992
435,1587.535472972973,3.216554054054054,3.605574324324324,2.6883445945945947,1.1342905405405406,0.6672297297297297,776.4864864864865,6.610641891891892,12.070945945945946,1.4231418918918919,0.7027027027027027,0.7204391891891891,0.4831081081081081,0.46030405405405406
436,1653.1611405835545,-0.8465053050397878,2.473474801061008,2.6021220159151195,1.7122015915119364,0.4290450928381963,807.8388594164456,5.958222811671088,11.114058355437665,1.1803713527851458,0.629973474801061,0.5503978779840849,0.46684350132625996,0.5298408488063661
437,1625.4368258859784,-0.5401463790446841,2.9930662557781202,2.317411402157165,1.608628659476117,0.49229583975346686,814.5323574730354,6.496918335901387,11.717257318952234,1.2896764252696455,0.6471494607087828,0.6425269645608629,0.47380585516178736,0.5208012326656395
438,1623.6352941176472,3.7688325791855206,3.2941176470588234,2.4570135746606336,1.472398190045249,0.6841628959276018,811.1538461538462,6.196380090497738,11.333936651583711,1.9493212669683257,0.9067873303167421,1.0425339366515838,0.4515837104072398,0.497737556561086
439,1671.1840048105832,-0.053650030066145535,2.2044497895369815,2.6452194828622972,1.9783523752254961,0.4076969332531569,804.0643415514131,5.625977149729405,10.41250751653638,1.3896572459410703,0.6897173782321107,0.6999398677089597,0.42453397474443777,0.5682501503307276
440,1678.4222776392353,-0.2892435577722361,3.1296758104738154,2.4364089775561095,1.4713216957605986,0.543640897755611,825.3150457190358,5.689941812136325,10.816292601828762,1.4921030756442228,0.713216957605985,0.7788861180382377,0.4546965918536991,0.5394846217788861
441,1665.195184866724,1.186414445399828,3.411865864144454,2.3834909716251076,1.231298366294067,0.6706792777300086,796.8847807394669,6.105760963026655,11.140154772141015,1.2132416165090283,0.5717970765262252,0.641444539982803,0.46087704213241615,0.5098882201203784
442,1693.774375,0.008368749999999956,2.260625,2.56625,1.84,0.430625,822.4925,5.39,9.88375,1.164375,0.5775,0.586875,0.421875,0.56625
443,1576.377932232841,-1.0062033014769767,3.2832319721980885,2.2258905299739355,1.5256298870547351,0.5525629887054735,818.9131190269331,6.854039965247611,13.02432667245873,1.1946133796698524,0.5690703735881842,0.6255430060816681,0.5456125108601216,0.45091225021720244
444,1597.6873406966865,3.897400169923534,3.3602378929481733,2.601529311809686,1.4001699235344096,0.6576040781648258,824.8334749362787,6.194562446898895,11.427357689039932,1.0552251486830926,0.530161427357689,0.5250637213254036,0.45964316057774,0.4766355140186916
445,1664.7587388622344,-0.17302947224126114,2.481151473612063,2.710760795065113,1.6250856751199452,0.44893762851267993,818.3570938999314,5.7710760795065115,10.616175462645648,1.1007539410555174,0.568882796435915,0.5318711446196025,0.433173406442769,0.5572309801233721
446,1644.8225806451612,-1.4779456706281833,3.1893039049235994,2.2232597623089982,1.3887945670628183,0.5500848896434635,821.4940577249575,6.0432937181663835,11.66893039049236,1.5466893039049237,0.7572156196943973,0.7894736842105263,0.4872665534804754,0.5127334465195246
447,1663.7223926380368,3.152078220858896,3.1763803680981595,2.486963190184049,1.4723926380368098,0.6372699386503068,821.2170245398773,5.762269938650307,10.758435582822086,1.6058282208588956,0.7392638036809815,0.8665644171779141,0.45015337423312884,0.4892638036809816
448,1700.110263522885,-1.3681276005547849,2.159500693481276,2.593619972260749,1.992371705963939,0.42718446601941745,826.6782246879334,5.05755894590846,10.20249653259362,1.3571428571428572,0.687239944521498,0.6699029126213593,0.4431345353675451,0.5561719833564494
449,1647.2679640718563,-0.8384805389221557,2.779191616766467,2.269461077844311,1.5853293413173652,0.4708083832335329,789.8480538922156,5.834580838323354,11.630988023952096,1.846556886227545,0.8450598802395209,1.001497005988024,0.5037425149700598,0.4902694610778443
450,1596.760465116279,1.7268992248062014,2.996124031007752,2.5434108527131785,1.3875968992248062,0.6356589147286822,817.9542635658914,6.485271317829457,12.22015503875969,1.9542635658914729,0.92015503875969,1.034108527131783,0.4968992248062015,0.46511627906976744
451,1651.831608005521,-0.8881849551414769,2.4499654934437545,2.6300897170462387,1.688750862663906,0.41545893719806765,835.3636991028295,5.77639751552795,11.139406487232574,1.3236714975845412,0.6576949620427881,0.665976535541753,0.47135955831608006,0.5244996549344375
452,1546.1887713588283,-1.0537021969080553,2.907241659886086,2.146460537021969,1.5516680227827502,0.5288852725793328,798.8722538649308,7.064279902359642,13.759967453213996,1.4385679414157853,0.6712774613506917,0.7672904800650936,0.5378356387306753,0.45565500406834825
453,1554.5727902946273,2.8659618717504336,3.214038128249567,2.4618717504332754,1.3145580589254766,0.6776429809358753,788.7980935875216,6.8422876949740035,13.024263431542462,1.5077989601386481,0.7114384748700173,0.7963604852686309,0.5086655112651647,0.4436741767764298
454,1646.9279576999338,-0.24239259748843361,2.417713152676801,2.76867151354924,1.8625247851949769,0.4137475214805023,827.9193654990086,5.915399867812294,10.923992068737608,1.124256444150694,0.541969596827495,0.5822868473231989,0.44150693985459355,0.5512227362855254
455,1620.598404255319,0.08757978723404253,3.0842198581560285,2.5443262411347516,1.2092198581560283,0.5576241134751773,812.4485815602837,6.38209219858156,12.352836879432624,1.875,0.8537234042553191,1.0212765957446808,0.48315602836879434,0.5062056737588653
456,1619.5167224080267,3.4126755852842807,3.4581939799331103,2.512541806020067,1.2734113712374582,0.6321070234113713,798.8419732441472,6.104515050167224,11.612040133779264,1.7065217391304348,0.7667224080267558,0.939799331103679,0.4331103678929766,0.5108695652173914
457,1685.30358265242,0.21719044626021372,2.221244500314268,2.656191074795726,1.8918918918918919,0.4116907605279698,803.9824010056568,5.551854179761157,10.30232558139535,1.4663733500942804,0.7554996857322439,0.7108736643620365,0.4085480829666876,0.5807668133249528
458,1703.6563039723662,-0.8694559585492228,3.0449050086355784,2.16839378238342,1.4343696027633852,0.5328151986183074,816.5949913644214,5.671848013816926,10.726252158894646,1.9853195164075994,0.9550949913644214,1.0302245250431779,0.42487046632124353,0.5708117443868739
459,1634.6017191977078,4.822385386819485,3.116045845272206,2.530085959885387,1.4806590257879657,0.576647564469914,797.4319484240688,5.934097421203439,11.189111747851003,1.58810888252149,0.7650429799426934,0.8230659025787965,0.4577363896848137,0.46346704871060174
460,1687.939413265306,0.05135841836734692,2.27359693877551,2.7614795918367347,1.840561224489796,0.44834183673469385,826.3214285714286,5.310586734693878,9.991071428571429,1.5376275510204083,0.7697704081632653,0.7678571428571429,0.4049744897959184,0.5829081632653061
461,1623.66157989228,-1.018061041292639,3.284560143626571,2.2648114901256733,1.3043087971274685,0.5727109515260324,800.834829443447,6.51346499102334,12.019748653500898,1.552064631956912,0.6714542190305206,0.8806104129263914,0.47666068222621183,0.5197486535008977
462,1617.9426605504586,2.060718654434251,2.9013761467889907,2.5313455657492354,1.4181957186544343,0.6055045871559633,798.7370030581039,6.340978593272172,11.399082568807339,1.4273700305810397,0.6750764525993884,0.7522935779816514,0.44724770642201833,0.5076452599388379
463,1680.11266620014,0.062337298810356885,2.377186843946816,2.4520643806857945,1.9629111266620014,0.46046186144156753,811.5521343596921,5.414975507347796,10.03778866340098,1.1833449965010496,0.5780265920223933,0.6053184044786564,0.4296710986703989,0.5584324702589223
464,1579.1543859649123,-1.0058070175438596,3.2754385964912283,2.6210526315789475,1.2771929824561403,0.5596491228070175,801.4701754385965,6.76140350877193,13.028947368421052,1.342982456140351,0.6473684210526316,0.6956140350877194,0.4921052631578947,0.5026315789473684
465,1637.1321695760598,2.3606483790523694,3.369908561928512,2.631753948462178,1.1521197007481296,0.6533665835411472,820.8869492934331,5.817955112219451,10.944305901911887,1.286783042394015,0.5968412302576891,0.6899418121363259,0.45220282626766417,0.49625935162094764
466,1703.8522571819426,0.33348153214774284,2.5136798905608755,2.6901504787961694,1.811217510259918,0.48221614227086185,818.4295485636115,5.155266757865937,9.708618331053351,1.4076607387140903,0.7209302325581395,0.6867305061559508,0.3960328317373461,0.591655266757866
467,1676.7671665351224,0.5946724546172061,3.016574585635359,2.2407261247040253,1.4814522494080504,0.5090765588003157,811.4830307813734,5.712707182320442,10.645619573796369,1.5753749013417522,0.744277821625888,0.8310970797158642,0.4293606945540647,0.5548539857932123
468,1633.7090163934427,3.923598360655738,3.1688524590163936,2.328688524590164,1.4278688524590164,0.6385245901639345,788.2598360655737,5.79672131147541,11.055737704918032,2.1475409836065573,1.087704918032787,1.0598360655737704,0.4245901639344262,0.510655737704918
469,1725.5199523525907,-0.40570577724836215,2.153662894580107,2.6188207266229897,1.9755807027992853,0.4061941631923764,821.0041691483026,5.010720667063729,9.544967242406194,1.8904109589041096,0.9440142942227516,0.946396664681358,0.4050029779630733,0.5872543180464562
470,1640.4963913392141,-0.24180433039294308,3.0376904570970327,2.3464314354450684,1.4578989574979953,0.5188452285485164,822.3841218925421,6.060946271050521,11.61186848436247,1.8131515637530071,0.8227746591820368,0.9903769045709703,0.4723336006415397,0.520449077786688
471,1669.2038834951456,2.8864254192409535,3.3795233892321273,2.3998234774933804,1.3627537511032657,0.6902030008826125,807.0962047661077,5.176522506619594,10.411297440423654,2.025595763459841,0.9541041482789056,1.0714916151809355,0.3936451897616946,0.5622241835834069
472,1751.9125401929261,0.38831511254019296,2.365273311897106,2.677170418006431,1.9215434083601286,0.43922829581993567,821.3832797427652,4.44951768488746,8.497749196141479,1.3414790996784567,0.6289389067524116,0.712540192926045,0.3498392282958199,0.6392282958199357
473,1696.4599659284497,-0.725885860306644,3.1899488926746167,2.0596252129471893,1.489778534923339,0.5374787052810903,791.4173764906303,5.582623509369676,10.695911413969336,2.6286201022146507,1.2061328790459966,1.4224872231686543,0.3986371379897785,0.5971039182282794
474,1634.3524844720496,4.645333850931677,3.360248447204969,2.5419254658385095,1.3633540372670807,0.6358695652173914,791.4611801242236,5.524844720496894,10.870341614906833,2.1164596273291925,1.0683229813664596,1.0481366459627328,0.4409937888198758,0.4906832298136646
475,1712.9514031485285,1.4083093771389459,2.56331279945243,2.779603011635866,1.621492128678987,0.48186173853524983,813.4216290212183,4.8405201916495555,9.457221081451062,1.4510609171800137,0.7529089664613279,0.6981519507186859,0.38329911019849416,0.5845311430527036
476,1698.355406538139,-0.8303855825649623,3.175188600167645,2.2388935456831516,1.3788767812238056,0.5322715842414082,820.2866722548198,5.14501257334451,9.994132439228835,1.2967309304274937,0.5708298407376362,0.7259010896898574,0.41994970662196146,0.5766974015088013
477,1702.1980347694634,5.160219198790627,3.1413454270597128,2.566893424036281,1.4625850340136055,0.6024187452758881,818.6439909297052,4.766439909297052,9.195767195767196,1.7037037037037037,0.81859410430839,0.8851095993953136,0.3741496598639456,0.546485260770975
478,1740.624431448993,0.1672254710851202,2.151397011046134,2.4782326185834957,1.917478882391163,0.4457439896036387,802.6900584795321,4.491228070175438,8.908382066276802,2.0227420402859,1.0116959064327486,1.0110461338531513,0.3677712800519818,0.621832358674464
479,1715.1571753986332,1.9687243735763098,2.85041761579347,2.2999240698557326,1.5732725892179196,0.5170842824601367,793.334092634776,4.943811693242218,9.580865603644646,1.7881548974943053,0.8549734244495064,0.9331814730447988,0.4039483675018983,0.5763097949886105
480,1621.98125,4.58503125,2.9296875,2.521875,1.40859375,0.6125,783.01484375,6.0421875,11.68984375,1.6953125,0.8140625,0.88125,0.43359375,0.5015625
481,1741.5289957567186,-1.0742574257425743,2.4794908062234793,2.717114568599717,1.7404526166902405,0.4243281471004243,819.2786421499293,5.094766619519095,9.772984441301274,1.7135785007072135,0.9130127298444131,0.8005657708628006,0.3854314002828854,0.6131541725601132
482,1669.2313851080864,0.178550840672538,2.7742193755004005,2.1128903122498,1.6196957566052843,0.5212169735788631,779.1649319455564,6.132105684547638,11.687750200160128,1.8406725380304243,0.9551641313050441,0.8855084067253803,0.43955164131305047,0.5508406725380304
483,1662.473136915078,5.4257452339688035,3.1724436741767765,2.4558058925476605,1.4445407279029463,0.6767764298093587,761.7183708838821,5.511265164644714,10.425476603119584,1.24263431542461,0.587521663778163,0.6551126516464472,0.4090121317157712,0.5199306759098787
484,1709.4580934101089,0.9234996801023672,2.3717210492642353,2.7415227127319257,1.8291746641074855,0.44337811900191937,806.1535508637236,4.759436980166347,9.394113883557262,1.344849648112604,0.654510556621881,0.6903390914907229,0.3877159309021113,0.5937300063979527
485,1646.9432558139536,-0.3615441860465116,3.1386046511627907,2.492093023255814,1.177674418604651,0.5897674418604651,778.3367441860465,6.269767441860465,11.814883720930233,2.607441860465116,1.2734883720930232,1.333953488372093,0.4613953488372093,0.5274418604651163
486,1662.5599647266315,2.4206790123456794,3.3977072310405645,2.5202821869488536,1.347442680776014,0.6657848324514991,806.0396825396825,5.5511463844797175,10.66225749559083,1.7865961199294533,0.9135802469135802,0.873015873015873,0.4329805996472663,0.5220458553791887
487,1721.554905782976,0.6640415854450942,2.3209876543209877,2.747238466536712,1.9512670565302144,0.4522417153996101,830.1975308641976,4.8654970760233915,9.311890838206628,1.4983755685510072,0.7823261858349577,0.7160493827160493,0.4048083170890188,0.5795971410006497
488,1627.672990063234,-0.5173080397470642,3.111111111111111,2.19873532068654,1.4914182475158084,0.5727190605239386,791.219512195122,6.423667570009034,12.285456187895212,1.5456187895212286,0.7018970189701897,0.8437217705510388,0.48870822041553746,0.5031616982836495
489,1623.5236363636363,4.348916363636364,3.1163636363636362,2.5047272727272727,1.5076363636363637,0.6007272727272728,802.1476363636364,6.170181818181818,11.517818181818182,1.5629090909090908,0.8050909090909091,0.7578181818181818,0.43127272727272725,0.504
490,1714.5659016393442,0.04959344262295078,2.1914754098360656,2.80327868852459,1.8721311475409836,0.43475409836065576,820.8249180327869,5.247868852459017,9.75344262295082,1.3272131147540984,0.6780327868852459,0.6491803278688525,0.4183606557377049,0.5724590163934427
491,1638.2042440318303,-0.07077807250221049,3.2847038019451813,2.3377541998231655,1.2873563218390804,0.5702917771883289,809.8832891246684,6.318302387267905,11.758620689655173,1.5225464190981433,0.7214854111405835,0.8010610079575596,0.4792219274977896,0.51105216622458
492,1606.4378257632168,4.5754951600893525,3.014892032762472,2.550260610573343,1.4028294862248698,0.6247207743857036,797.7937453462398,6.241250930752048,11.850335070737156,1.806403574087863,0.8361876396128072,0.9702159344750558,0.46686522710349965,0.46686522710349965
493,1623.0172642762284,-0.9087583001328021,2.3193891102257638,2.363213811420983,1.8837981407702524,0.4588313413014608,831.277556440903,6.086321381142098,11.605577689243027,1.252324037184595,0.5909694555112882,0.6613545816733067,0.4628154050464807,0.5332005312084993
494,1579.783464566929,0.02164566929133859,3.0188976377952756,2.4456692913385827,1.3992125984251969,0.511023622047244,819.6858267716535,6.518897637795275,12.737007874015749,1.5622047244094488,0.6976377952755906,0.8645669291338582,0.49133858267716535,0.5007874015748032
495,1580.3298520452568,2.328450826805918,3.362924281984334,2.574412532637076,1.2193211488250653,0.6431679721496953,798.4656222802437,6.518711923411662,12.32550043516101,1.855526544821584,0.918189730200174,0.9373368146214099,0.4595300261096606,0.4865100087032202
496,1634.5006613756614,1.5375462962962962,2.558201058201058,2.6395502645502646,1.7678571428571428,0.44775132275132273,817.3075396825396,5.60978835978836,10.895502645502646,1.1435185185185186,0.5608465608465608,0.5826719576719577,0.42658730158730157,0.5509259259259259
497,1618.9594370860927,1.179271523178808,3.1705298013245033,2.312913907284768,1.4809602649006623,0.543046357615894,830.3427152317881,6.041390728476821,11.475165562913908,1.4486754966887416,0.6324503311258278,0.8162251655629139,0.47102649006622516,0.5132450331125827
498,1604.4256535947713,2.658937908496732,3.2965686274509802,2.3594771241830066,1.4321895424836601,0.6568627450980392,831.1895424836601,6.0776143790849675,12.017156862745098,2.363562091503268,1.0972222222222223,1.2663398692810457,0.4738562091503268,0.4665032679738562
499,1619.7931435212085,1.9514177803602555,2.191167925624637,2.5665310865775712,1.9633933759442186,0.40034863451481695,807.9564206856479,5.94712376525276,11.307379430563627,1.791400348634515,0.8913422428820453,0.9000581057524695,0.4601975595583963,0.515979081929111
500,1583.916149068323,-0.17290372670807458,2.9611801242236027,2.315993788819876,1.5023291925465838,0.4891304347826087,800.6459627329192,6.65139751552795,12.874223602484472,1.3975155279503106,0.6195652173913043,0.7779503105590062,0.5108695652173914,0.4829192546583851
501,1576.2569631626236,0.8116352201257861,3.3692722371967654,2.398921832884097,1.3423180592991915,0.660377358490566,786.8867924528302,6.664869721473495,12.879604672057502,1.9389038634321654,0.8697214734950584,1.069182389937107,0.4914645103324349,0.48517520215633425
502,1606.1666666666667,-0.20259675405742825,2.3102372034956304,2.539325842696629,1.853932584269663,0.4332084893882647,791.7471910112359,6.192883895131086,11.97378277153558,0.9419475655430711,0.4812734082397004,0.4606741573033708,0.4712858926342072,0.5187265917602997
503,1614.355515041021,-1.3981494986326344,3.3144940747493163,2.1859617137648133,1.553327256153145,0.5679124886052871,826.0273473108477,6.497721057429353,12.297174111212398,1.4329990884229717,0.6918869644484958,0.7411121239744758,0.512306289881495,0.48678213309024615
504,1552.2620578778135,2.1710610932475887,3.260450160771704,2.5683279742765275,1.4115755627009647,0.6270096463022508,815.1840836012861,6.803858520900322,12.786173633440514,1.2290996784565917,0.5618971061093248,0.6672025723472669,0.5104501607717041,0.44694533762057875
505,1596.895057549086,1.424691943127962,2.4563303994583614,2.7257955314827353,1.6086662153012863,0.4245091401489506,797.5985104942451,6.5010155721056195,12.111035883547732,1.4983073798239674,0.7481381178063643,0.7501692620176033,0.46716316858496953,0.5132024373730535
506,1596.448006932409,-0.6882235701906413,3.2383015597920277,2.2824956672443673,1.3665511265164645,0.5450606585788561,793.0641247833622,6.791161178509532,12.807625649913344,1.9410745233968805,0.949740034662045,0.9913344887348353,0.5173310225303293,0.47746967071057195
507,1583.6669207317073,4.265533536585366,3.238567073170732,2.4908536585365852,1.40625,0.600609756097561,789.8490853658536,6.328506097560975,12.309451219512194,1.919969512195122,0.9085365853658537,1.0114329268292683,0.4847560975609756,0.45426829268292684
508,1694.74219269103,-0.1714617940199336,2.1740863787375417,2.516279069767442,1.958139534883721,0.46179401993355484,819.0750830564784,5.443189368770764,10.340863787375415,2.1461794019933556,1.0651162790697675,1.081063122923588,0.4299003322259136,0.5614617940199336
509,1669.2780748663101,-0.39591291061879297,2.7998472116119175,2.229946524064171,1.6058059587471352,0.4774637127578304,803.8342245989305,5.779220779220779,11.19633307868602,1.5324675324675325,0.7288006111535523,0.8036669213139801,0.4851031321619557,0.5095492742551566
510,1657.3662835249042,3.731770114942529,2.954022988505747,2.5517241379310347,1.4383141762452107,0.571647509578544,812.4298850574712,5.90191570881226,10.979310344827587,1.9624521072796934,0.9478927203065134,1.0145593869731802,0.4436781609195402,0.496551724137931
511,1744.3598862019915,-0.9407396870554766,2.5056899004267423,2.7496443812233284,1.7027027027027026,0.4850640113798009,828.1458036984353,4.9950213371266,9.377667140825036,1.8570412517780939,0.871977240398293,0.9850640113798008,0.39971550497866287,0.596728307254623
512,1700.0195439739414,0.1402198697068404,2.8452768729641695,2.1221498371335503,1.5773615635179152,0.504071661237785,836.621335504886,5.759771986970684,10.715798045602606,1.6783387622149837,0.8118892508143323,0.8664495114006515,0.4169381107491857,0.5732899022801303
513,1621.442070665571,2.637789646672145,3.2530813475760065,2.3179950698438785,1.4083812654067378,0.6318816762530813,828.4428923582581,6.197206244864421,11.528348397699261,2.262941659819228,1.0402629416598193,1.2226787181594083,0.46425636811832377,0.4930156121610518
514,1697.120025673941,1.0279460847240052,2.405648267008986,2.701540436456996,1.8453145057766367,0.4197689345314506,851.6155327342747,5.175224646983312,9.832477535301669,1.4557124518613607,0.7676508344030809,0.6880616174582799,0.41078305519897307,0.573170731707317
515,1720.7443868739206,-0.8723316062176165,3.0682210708117443,2.604490500863558,1.3860103626943006,0.5474956822107081,833.6692573402418,5.853195164075993,10.662348877374784,2.2694300518134716,1.0595854922279793,1.2098445595854923,0.4378238341968912,0.5569948186528497
516,1685.098919368246,5.315577722360765,3.541147132169576,2.458021612635079,1.342477140482128,0.6350789692435578,812.8146300914381,5.651704073150457,10.70906068162926,2.0631753948462177,1.0390689941812137,1.0241064006650042,0.42809642560266004,0.49542809642560265
517,1761.7005174644244,0.9557956015523932,2.355756791720569,2.700517464424321,1.9514877102199224,0.4307891332470893,837.0821474773609,4.818240620957309,9.14424320827943,1.908796895213454,0.9928848641655886,0.9159120310478654,0.4126778783958603,0.5692108667529108
518,1656.037985136251,-1.1742113955408753,2.9933938893476464,2.161849710982659,1.5995045417010736,0.5392237819983484,825.0908340214698,6.514450867052023,12.291494632535095,2.6606110652353427,1.2254335260115607,1.435177539223782,0.48224607762180016,0.5152766308835673
519,1604.889298892989,4.675143911439114,3.047970479704797,2.4531365313653137,1.52619926199262,0.5771217712177121,806.9653136531365,6.425092250922509,12.03690036900369,2.4981549815498156,1.16309963099631,1.3350553505535054,0.47232472324723246,0.45904059040590406
520,1662.1571152607855,0.5632195750160979,2.1944623309723115,2.7115260785576303,1.8518995492594978,0.4301352221506761,818.1487443657437,5.87958789439794,11.012878300064392,1.4661944623309724,0.7611075338055376,0.7050869285254346,0.4320669671603348,0.5544108177720541
521,1668.6394148020654,-1.3886660929432015,3.2719449225473323,2.242685025817556,1.3967297762478486,0.5481927710843374,859.6204819277109,6.182444061962134,11.184165232358003,1.8537005163511187,0.8201376936316696,1.0335628227194493,0.45266781411359724,0.5456110154905336
522,1633.6586826347304,3.542544910179641,2.9887724550898205,2.4947604790419162,1.4917664670658684,0.624251497005988,837.5778443113772,5.9655688622754495,11.163922155688622,1.3637724550898203,0.6497005988023952,0.7140718562874252,0.4214071856287425,0.5172155688622755
523,1675.7317406143345,-0.16925597269624576,2.359726962457338,2.3959044368600684,1.952901023890785,0.44641638225255975,831.3713310580205,5.477133105802047,10.345392491467576,1.1563139931740614,0.5262798634812287,0.6300341296928328,0.42389078498293514,0.5658703071672355
524,1655.0227827502033,0.7232302685109845,3.16273393002441,2.550854353132628,1.3425549227013833,0.516680227827502,847.246541903987,5.938974776240846,11.615947925142391,2.145646867371847,0.9690805532953621,1.176566314076485,0.43938161106590723,0.5435313262815297
525,1658.4446227929375,4.924133226324238,3.4390048154093096,2.5401284109149276,1.1629213483146068,0.6396468699839486,834.1324237560193,5.603531300160514,10.617977528089888,1.7126805778491172,0.8354735152487961,0.877207062600321,0.4317817014446228,0.485553772070626
526,1674.4136763710223,0.1255044008124577,2.5883547731888963,2.6499661475964795,1.7914691943127963,0.4651320243737305,858.673662830061,5.506431956668924,10.475287745429926,1.5531482735274205,0.7339201083276913,0.8192281651997292,0.4766418415707515,0.5125253893026405
527,1662.5949263502455,-0.03059738134206218,3.0842880523731586,2.2258592471358427,1.527823240589198,0.5,859.5499181669394,5.927986906710311,11.03518821603928,1.5171849427168576,0.648936170212766,0.8682487725040916,0.4705400981996727,0.5220949263502455
528,1601.540383014155,5.413705245628642,3.2689425478767693,2.333888426311407,1.4546211490424645,0.6544546211490425,825.5903413821815,6.178184845961699,11.836802664446294,2.0149875104079933,0.9592006661115737,1.0557868442964196,0.462947543713572,0.4562864279766861
529,1711.9164648910412,0.2385169491525423,2.2451573849878934,2.6749394673123486,1.9679176755447942,0.39527845036319614,844.4630750605327,5.210653753026635,9.87953995157385,1.7548426150121066,0.8686440677966102,0.8861985472154964,0.4213075060532688,0.5665859564164649
530,1685.158295281583,-0.6754946727549468,2.933028919330289,2.2884322678843225,1.535007610350076,0.487062404870624,851.8318112633181,5.7465753424657535,10.773211567732115,1.817351598173516,0.8645357686453576,0.9528158295281582,0.4459665144596651,0.547945205479452
531,1607.9028871391076,3.759300087489064,3.4234470691163605,2.4208223972003498,1.3062117235345583,0.6456692913385826,826.2685914260718,6.123359580052494,11.937007874015748,1.2283464566929134,0.605424321959755,0.6229221347331584,0.47244094488188976,0.4715660542432196
532,1664.126631853786,-0.061847258485639725,2.376631853785901,2.6716710182767622,1.921018276762402,0.4406005221932115,837.7278067885118,5.565926892950392,10.680156657963446,0.8466057441253264,0.4151436031331593,0.4314621409921671,0.4412532637075718,0.5489556135770235
533,1612.112749349523,-0.973824804856895,3.209019947961839,2.0832610581092803,1.4934952298352124,0.5359930615784909,823.8542931483088,6.464006938421509,12.541196877710322,2.007805724197745,0.9592367736339983,1.0485689505637468,0.5021682567215958,0.4934952298352125
534,1643.569706103994,3.652042200452148,3.310474755086662,2.555388093443858,1.4513941220798794,0.584777694046722,836.7852298417483,5.672192916352675,10.758100979653353,1.6827430293896006,0.7581009796533534,0.9246420497362472,0.4250188394875659,0.517709118311982
535,1654.5695770804912,1.4598362892223737,2.5518417462482947,2.7339699863574354,1.6391541609822646,0.451568894952251,812.4358799454297,5.845156889495225,11.196452933151432,1.1957708049113234,0.6391541609822646,0.5566166439290586,0.44542974079126874,0.5334242837653479
536,1675.8055555555557,-1.0502777777777779,3.207070707070707,2.2154882154882154,1.378787878787879,0.5277777777777778,822.7760942760942,5.647306397306397,11.04040404040404,1.7828282828282829,0.7853535353535354,0.9974747474747475,0.4739057239057239,0.5227272727272727
537,1648.5726109857035,4.780744920993228,3.2949586155003763,2.45522949586155,1.5011286681715577,0.6102332580887886,792.2874341610233,5.778028592927013,11.067720090293454,1.9330323551542514,0.8818660647103085,1.0511662904439427,0.4507148231753198,0.4778028592927013
538,1700.063202247191,-1.306952247191011,2.154494382022472,2.533707865168539,2.030196629213483,0.4143258426966292,813.1924157303371,5.64185393258427,10.736657303370787,1.3813202247191012,0.6741573033707865,0.7071629213483146,0.42837078651685395,0.5716292134831461
539,1650.7490961677513,-0.17395516992046278,2.769342010122921,2.2653651482284887,1.5871294287780189,0.4642082429501085,805.2212581344902,5.9117859725235,11.510484454085322,1.4070860448300795,0.7274041937816341,0.6796818510484454,0.48734634851771513,0.5061460592913956
540,1586.126524390244,4.126356707317073,3.0838414634146343,2.5236280487804876,1.4580792682926829,0.5929878048780488,796.0762195121952,6.6676829268292686,12.734756097560975,2.114329268292683,0.9695121951219512,1.1448170731707317,0.4695121951219512,0.47103658536585363
541,1655.2726648351647,-0.3383173076923077,2.5027472527472527,2.695741758241758,1.70260989010989,0.44024725274725274,832.4361263736264,5.850961538461538,11.087912087912088,1.592032967032967,0.7870879120879121,0.804945054945055,0.4581043956043956,0.5350274725274725
542,1658.658615136876,-1.4473590982286635,2.86634460547504,2.177133655394525,1.6368760064412238,0.5136876006441223,835.4235104669888,6.264895330112721,11.884057971014492,1.7302737520128824,0.7801932367149759,0.9500805152979066,0.4887278582930757,0.5096618357487923
543,1576.6884057971015,0.7559581320450887,3.399355877616747,2.3518518518518516,1.3679549114331724,0.6360708534621579,819.4991948470209,6.55475040257649,12.730273752012883,1.2922705314009661,0.6111111111111112,0.6811594202898551,0.48148148148148145,0.4863123993558776
544,1662.1986666666667,1.2738399999999999,2.5,2.844,1.8833333333333333,0.45066666666666666,862.5073333333333,5.45,10.452666666666667,1.5333333333333334,0.796,0.7373333333333333,0.43533333333333335,0.5486666666666666
545,1560.2239382239381,-0.9990250965250965,3.3204633204633205,2.58011583011583,1.19980694980695,0.5801158301158301,785.9749034749035,6.992277992277992,13.503861003861005,1.274131274131274,0.6081081081081081,0.666023166023166,0.4942084942084942,0.500965250965251
546,1604.5971337579617,2.9145541401273882,3.5764331210191083,2.463375796178344,1.3622611464968153,0.6114649681528662,802.5175159235669,6.106687898089172,11.839968152866241,1.1719745222929936,0.552547770700637,0.6194267515923567,0.46894904458598724,0.4856687898089172
547,1622.2313527180784,1.3238305941845765,2.3394437420986094,2.672566371681416,1.9178255372945638,0.42983565107458915,813.0790139064476,5.893805309734513,11.654235145385588,1.1953223767383059,0.6061946902654868,0.5891276864728192,0.48482932996207334,0.49810366624525915
548,1612.5591216216217,0.3981756756756757,3.0050675675675675,2.1342905405405403,1.4510135135135136,0.543918918918919,797.4408783783783,6.57347972972973,12.363175675675675,1.2652027027027026,0.5734797297297297,0.691722972972973,0.4983108108108108,0.49239864864864863
549,1578.709010339734,4.378796159527327,3.119645494830133,2.53397341211226,1.5546528803545052,0.5827178729689808,805.2666174298375,6.596011816838995,12.412112259970458,1.2858197932053175,0.6211225997045791,0.6646971935007385,0.4896602658788774,0.43943870014771047
550,1679.9987055016181,-0.08820064724919092,2.2498381877022653,2.794822006472492,1.9307443365695793,0.4355987055016181,842.3508090614887,5.6906148867313915,10.781229773462783,1.3255663430420712,0.686084142394822,0.6394822006472491,0.4459546925566343,0.5423948220064725
551,1647.1348017621146,-1.548193832599119,3.294273127753304,2.444052863436123,1.3665198237885463,0.5550660792951542,839.6599118942731,6.445814977973568,11.835242290748898,1.2484581497797358,0.560352422907489,0.6881057268722467,0.47841409691629955,0.5215859030837005
552,1625.2133922001472,4.156710816777042,2.9286239882266374,2.506990434142752,1.4422369389256806,0.5864606328182487,801.3465783664459,6.083885209713024,11.170713760117733,0.9852832965415746,0.44665194996320823,0.5386313465783664,0.4311994113318617,0.5033112582781457
553,1691.2470506592645,-0.06595419847328246,2.3601665510062455,2.414295628036086,1.9430950728660652,0.4482997918112422,830.5954198473282,5.455933379597502,10.140180430256766,1.0104094378903539,0.49410131852879946,0.5163081193615545,0.4219292158223456,0.5704371963913949
554,1665.5314861460956,0.36694374475230895,3.2443324937027707,2.5188916876574305,1.417296389588581,0.5062972292191436,848.4928631402183,6.19647355163728,11.318219983207388,1.5549958018471872,0.7481108312342569,0.8068849706129303,0.47019311502938704,0.5172124265323258
555,1598.6879861711323,2.038608470181504,3.6283491789109767,2.5453759723422644,1.1443388072601555,0.6629213483146067,819.6015557476231,6.518582541054451,12.188418323249785,0.9611063094209161,0.4762316335350043,0.4848746758859118,0.49178910976663787,0.4701815038893691
556,1678.1560616208976,-0.2792431346282653,2.598124581379772,2.6202277294038847,1.768251841929002,0.4413931681178835,839.9752176825184,5.585398526456799,10.425318151373075,1.0770261219022104,0.5150703281982585,0.5619557937039518,0.4420629604822505,0.5438713998660415
557,1589.3116279069768,0.0035426356589146795,2.9232558139534883,2.2085271317829456,1.655813953488372,0.47054263565891474,810.2387596899225,6.888372093023256,12.949612403100776,1.134108527131783,0.4906976744186046,0.6434108527131783,0.49612403100775193,0.49534883720930234
558,1605.7138413685848,2.3335769828926907,3.2783825816485224,2.23950233281493,1.4564541213063764,0.6205287713841369,801.961897356143,6.271384136858476,11.880248833592535,1.4696734059097978,0.6399688958009331,0.8297045101088647,0.45178849144634525,0.5023328149300156
559,1679.4340626848018,1.4535718509757538,2.2755765819041986,2.6434062684801893,1.966883500887049,0.413364872856298,829.9692489651094,5.452986398580721,10.226493199290362,1.335304553518628,0.6434062684801892,0.6918982850384388,0.4216439976345358,0.5570668243642815
560,1613.033511043412,-0.23727341964965729,2.8834729626808833,2.329017517136329,1.4166031987814165,0.492003046458492,827.8728103579589,6.549124143183549,12.3990860624524,1.5635948210205637,0.7044935262757045,0.8591012947448591,0.4691546077684692,0.5247524752475248
561,1598.5623293903548,0.8236578707916287,3.5313921747042767,2.440400363967243,1.2820746132848044,0.7006369426751592,812.8680618744313,6.805277525022748,12.662420382165605,1.4877161055505004,0.6569608735213831,0.8307552320291174,0.5031847133757962,0.4695177434030937
562,1640.2684478371502,0.26494910941475824,2.3606870229007635,2.6520356234096694,1.9192111959287532,0.44529262086513993,810.2958015267176,6.012086513994911,11.23473282442748,0.982824427480916,0.4446564885496183,0.5381679389312977,0.4675572519083969,0.5190839694656488
563,1612.487978628673,-1.3936153161175422,3.265360641139804,2.073018699910953,1.4995547640249332,0.5761353517364203,846.0017809439003,6.885129118432769,12.777382012466607,1.5369545859305431,0.686553873552983,0.8504007123775601,0.5191451469278717,0.4781834372217275
564,1608.3695817490495,5.226380228136882,3.2988593155893535,2.5368821292775667,1.3984790874524715,0.5847908745247148,816.6068441064639,6.393916349809886,11.81977186311787,1.6121673003802282,0.7391634980988593,0.8730038022813689,0.47224334600760454,0.4494296577946768
565,1670.120189061445,0.5151991897366645,2.5178933153274814,2.7076299797434165,1.6326806212018907,0.4395678595543552,799.8068872383525,5.6333558406482105,10.828494260634706,1.2484807562457798,0.6482106684672518,0.600270087778528,0.4510465901417961,0.5307224848075625
566,1624.4681778552747,-0.4779250217959896,3.343504795117698,2.2693984306887534,1.3391455972101134,0.5510026155187445,810.7933740191804,6.316477768090671,12.1333914559721,0.8910200523103748,0.4010462074978204,0.4899738448125545,0.5187445510026155,0.47253705318221445
567,1657.7483917083632,3.482516082916369,3.2780557541100785,2.4145818441744105,1.4696211579699785,0.5746962115796997,821.710507505361,5.79842744817727,10.889206576125805,1.2051465332380271,0.6104360257326662,0.5947105075053609,0.46962115796997855,0.4660471765546819
568,1670.8285532186105,0.4193244104525175,2.1567877629063097,2.4448693435309115,1.8680688336520077,0.44104525175270876,798.4404079031231,5.874442319949012,11.11281070745698,1.3078393881453154,0.6679413639260675,0.6398980242192479,0.43722115997450606,0.550031867431485
569,1619.0620094191522,-1.2074018838304552,2.856357927786499,2.26138147566719,1.467817896389325,0.4921507064364207,795.6177394034537,6.82182103610675,12.819466248037676,1.5392464678178963,0.7637362637362637,0.7755102040816326,0.48822605965463106,0.5094191522762951
570,1667.5812101910828,3.77140923566879,3.03343949044586,2.5445859872611467,1.3869426751592357,0.6281847133757962,803.3710191082803,5.988853503184713,11.069267515923567,1.2571656050955413,0.5613057324840764,0.695859872611465,0.4570063694267516,0.49442675159235666
571,1671.2215320910973,-1.3695031055900622,2.5134575569358177,2.7156659765355418,1.679089026915114,0.45479641131815046,838.3706004140787,5.938578329882677,11.176673567977916,1.2912353347135956,0.6418219461697723,0.6494133885438234,0.4409937888198758,0.5583160800552105
572,1637.1642276422765,-0.3565447154471545,2.9414634146341463,2.1991869918699187,1.51869918699187,0.524390243902439,811.6170731707317,6.546341463414634,12.003252032520326,1.465040650406504,0.6845528455284553,0.7804878048780488,0.4943089430894309,0.4983739837398374
573,1570.5729774812344,0.9531109257714762,3.386155129274395,2.3261050875729774,1.3336113427856546,0.6488740617180984,790.2335279399499,6.979149291075896,13.101751459549625,0.9724770642201835,0.4553794829024187,0.5170975813177648,0.5254378648874062,0.44120100083402836
574,1673.8279569892472,-0.7092674731182795,2.514784946236559,2.858198924731183,1.8723118279569892,0.4442204301075269,857.4408602150538,5.985887096774194,10.901881720430108,1.073252688172043,0.5248655913978495,0.5483870967741935,0.42943548387096775,0.5645161290322581
575,1684.659875996457,-1.0198405668733392,3.178919397697077,2.5642161204605847,1.2134632418069087,0.5403011514614703,809.0531443755536,6.279007971656333,11.739592559787422,1.4092116917626218,0.7590788308237378,0.650132860938884,0.49689991142604073,0.49867139061116034
576,1566.6686440677965,2.8145677966101696,3.557627118644068,2.4533898305084745,1.2949152542372881,0.6093220338983051,792.3525423728813,6.564406779661017,12.838983050847459,0.9101694915254237,0.4822033898305085,0.4279661016949153,0.49745762711864405,0.46271186440677964
577,1688.088772845953,-0.06961488250652742,2.3342036553524803,2.697780678851175,1.977154046997389,0.41449086161879894,825.8805483028721,5.697127937336814,10.47780678851175,0.7989556135770235,0.4347258485639687,0.3642297650130548,0.45887728459530025,0.5313315926892951
578,1653.761217948718,-0.8165304487179487,2.9455128205128207,2.234775641025641,1.4711538461538463,0.47836538461538464,822.0320512820513,6.330128205128205,12.213141025641026,1.2572115384615385,0.625,0.6322115384615384,0.4807692307692308,0.5168269230769231
579,1666.6984016678248,3.5229951355107714,3.098679638637943,2.449617790132036,1.5003474635163307,0.5621959694232106,827.5441278665741,5.909659485753996,10.947880472550382,1.733148019457957,0.8422515635858235,0.8908964558721334,0.4461431549687283,0.4927032661570535
580,1703.851592356688,0.5075668789808916,2.2840764331210193,2.762420382165605,1.8687898089171975,0.43821656050955415,830.3828025477707,5.609554140127389,10.436942675159235,1.1490445859872611,0.589171974522293,0.5598726114649681,0.4439490445859873,0.5414012738853503
581,1643.6364513018323,-1.4107907425265187,3.44069431051109,2.419479267116683,1.2690453230472516,0.579556412729026,824.1099324975892,6.6123432979749275,12.610414657666345,1.2246865959498554,0.5978784956605593,0.626808100289296,0.485053037608486,0.5120540019286403
582,1608.6641957005188,4.467790956263899,3.0719051148999257,2.587101556708673,1.4032616753150482,0.5967383246849518,813.896219421794,6.147516679021497,11.470719051148999,1.0548554484803558,0.5033358042994811,0.5515196441808747,0.4744255003706449,0.45663454410674575
583,1693.1934623082054,1.6893995997331552,2.4116077384923282,2.380920613742495,1.9259506337558372,0.4609739826551034,842.7378252168112,5.416277518345564,9.797865243495664,0.9786524349566378,0.46230820547031354,0.5163442294863242,0.39426284189459637,0.5770513675783856
584,1646.6754807692307,-0.7047195512820513,3.1474358974358974,2.500801282051282,1.3894230769230769,0.5216346153846154,867.8766025641025,6.327724358974359,11.649038461538462,0.9975961538461539,0.4623397435897436,0.5352564102564102,0.46794871794871795,0.5264423076923077
585,1586.7398680490103,1.8119886899151743,3.529688972667295,2.6380772855796417,1.2516493873704053,0.6616399622997172,805.0292177191329,7.011310084825636,12.785108388312912,1.0075400565504242,0.43732327992459946,0.5702167766258247,0.470311027332705,0.4882186616399623
586,1737.8210668467252,-0.5866441593517894,2.5091154625253207,2.648885887913572,1.7508440243079,0.4172856178257934,847.8257933828494,5.1012829169480085,9.309250506414585,1.0681971640783254,0.525320729237002,0.5428764348413234,0.4071573261309926,0.5854152599594868
587,1689.3986486486488,-1.0601276276276277,2.895645645645646,2.2635135135135136,1.602852852852853,0.48123123123123124,824.5292792792793,5.474474474474475,10.39114114114114,0.8693693693693694,0.40615615615615613,0.46321321321321324,0.44594594594594594,0.5503003003003003
588,1627.4498381877022,3.8742071197411008,3.371359223300971,2.3228155339805827,1.4571197411003236,0.6488673139158576,809.3422330097087,6.130258899676376,11.689320388349515,1.1836569579288025,0.593042071197411,0.5906148867313916,0.4538834951456311,0.48058252427184467
589,1724.6487628243815,0.23525648762824378,2.219674109837055,2.6294508147254074,1.991550995775498,0.4115872057936029,818.7489438744719,5.193120096560048,9.865419432709716,1.1496680748340373,0.5624622812311406,0.5872057936028968,0.41822570911285456,0.5709112854556427
590,1676.3367834394905,-1.4582085987261146,2.9920382165605095,2.336783439490446,1.5374203821656052,0.51671974522293,839.2866242038217,6.039012738853503,11.637738853503185,1.0971337579617835,0.5382165605095541,0.5589171974522293,0.4570063694267516,0.5429936305732485
591,1631.0253275109171,1.8250131004366812,3.507423580786026,2.405240174672489,1.3013100436681222,0.6672489082969433,834.3772925764192,6.550218340611353,12.099563318777292,1.045414847161572,0.46899563318777293,0.5764192139737991,0.4724890829694323,0.4794759825327511
592,1672.597293814433,3.3809471649484535,2.4742268041237114,2.6469072164948453,1.9703608247422681,0.46585051546391754,829.3704896907217,5.404639175257732,10.1159793814433,0.898840206185567,0.47744845360824745,0.4213917525773196,0.39304123711340205,0.5760309278350515
593,1664.6722830665544,-0.6880623420387532,3.2047177759056447,2.2106149957877,1.459983150800337,0.5282224094355518,848.6082561078349,5.971356360572873,10.968828980623421,0.8213984835720304,0.3892165122156698,0.43218197135636055,0.45577085088458297,0.5374894692502106
594,1608.3798677443056,4.552909625275533,3.304188096987509,2.5540044085231446,1.3681116825863335,0.588537839823659,836.9074210139603,6.338721528288024,11.663482733284349,0.9617927994121969,0.4548126377663483,0.5069801616458487,0.458486407053637,0.4650991917707568
595,1728.6492074431426,0.808407994486561,2.618194348725017,2.8063404548587183,1.70434183321847,0.4479669193659545,850.4038594073053,5.230186078566506,9.686423156443832,1.1757408683666437,0.6209510682288077,0.554789800137836,0.4079944865609924,0.5782219159200551
596,1710.0145051194538,-0.9616296928327644,3.2534129692832763,2.2781569965870307,1.4812286689419796,0.5520477815699659,895.2627986348123,5.716723549488054,10.33617747440273,1.2482935153583619,0.5870307167235495,0.6612627986348123,0.4667235494880546,0.5307167235494881
597,1679.5985691573926,4.084642289348172,3.3298887122416536,2.583465818759936,1.4721780604133545,0.6343402225755167,843.0461049284579,5.536565977742448,10.18441971383148,1.0063593004769475,0.44038155802861684,0.5659777424483307,0.4260731319554849,0.5103338632750397
598,1751.0478374836173,1.8320576671035385,2.288335517693316,2.539318479685452,1.95478374836173,0.44036697247706424,847.8984272608126,4.783748361730013,8.950196592398427,1.3224115334207078,0.6369593709043251,0.6854521625163827,0.38663171690694625,0.5910878112712975
599,1701.042600896861,-0.8786995515695067,2.8303437967115097,2.3550074738415545,1.594170403587444,0.5082212257100149,852.9925261584455,6.221973094170403,11.296711509715994,1.5896860986547086,0.7705530642750373,0.8191330343796711,0.47085201793721976,0.5254110612855007
600,1671.4934765924788,4.658334612432847,3.0253261703760552,2.5226400613967765,1.4236377590176517,0.5993860322333078,804.4136607828088,5.787413660782809,10.739063699155794,1.293937068303914,0.6584804297774367,0.6354566385264774,0.4297774366845741,0.5003837298541827
601,1750.7770961145195,-0.3405794137695978,2.4846625766871164,2.63667348329925,1.6993865030674846,0.4001363326516701,870.0327198364008,4.970688479890934,9.01704158145876,1.1022494887525562,0.5712338104976141,0.5310156782549421,0.4130879345603272,0.5814587593728698
602,1708.9816513761468,0.4699770642201835,2.80045871559633,2.140672782874618,1.680428134556575,0.47629969418960244,861.8860856269113,5.730886850152905,10.464831804281346,1.2561162079510704,0.5657492354740061,0.6903669724770642,0.44648318042813456,0.5420489296636085
603,1615.2941673710905,2.0862806424344886,3.357565511411665,2.3998309382924767,1.3736263736263736,0.6821639898562976,805.9535080304311,6.485207100591716,11.816568047337277,0.871513102282333,0.40490278951817416,0.46661031276415893,0.4919695688926458,0.46661031276415893
604,1706.7666891436277,0.02587322993931217,2.5178691840863117,2.8165879973027645,1.8813216453135535,0.42953472690492245,860.4268374915712,5.219824679703304,9.739042481456506,1.0074173971679028,0.5488873904248146,0.45853000674308836,0.44302090357383683,0.5482130815913688
605,1642.9536363636364,-0.9764818181818182,3.2363636363636363,2.5145454545454546,1.290909090909091,0.5336363636363637,781.5372727272727,6.8090909090909095,12.943636363636363,1.7145454545454546,0.7572727272727273,0.9572727272727273,0.5218181818181818,0.47363636363636363
606,1644.366585563666,3.646958637469586,3.6415247364152474,2.4144363341443635,1.308191403081914,0.624493106244931,798.2238442822385,5.9034874290348744,11.308191403081914,1.3017031630170317,0.5855636658556367,0.716139497161395,0.47850770478507704,0.46553122465531227
607,1744.9595704358812,-0.11631080227416302,2.330385344283007,2.6708780795957043,1.9368288060644345,0.40303221730890715,824.1421351863551,5.0290587492103604,9.229943145925459,0.9191408717624763,0.48768161718256475,0.4314592545799116,0.3897662665824384,0.6001263423878711
608,1684.036605657238,-0.4061564059900167,3.007487520798669,2.242096505823627,1.4875207986688852,0.5241264559068219,808.6381031613977,6.2146422628951745,11.380199667221298,1.478369384359401,0.6788685524126455,0.7995008319467554,0.4858569051580699,0.5049916805324459
609,1638.436177972283,3.5058351568198396,3.208606856309263,2.413566739606127,1.5280816921954778,0.5835156819839533,799.2582056892779,6.078045222465354,11.273522975929978,1.24945295404814,0.5995623632385121,0.649890590809628,0.46316557257476293,0.4799416484318016
610,1729.7693761814744,1.031650913673598,2.2312539382482672,2.753623188405797,1.8872085696282295,0.4240705734089477,812.645872715816,5.095148078134845,9.568998109640832,1.158790170132325,0.569628229363579,0.5891619407687461,0.40327662255828606,0.5784499054820416
611,1679.3003533568904,-1.1902473498233215,3.272968197879859,2.4302120141342756,1.3242049469964665,0.5424028268551236,845.1793286219081,6.168727915194347,11.484982332155477,1.1651943462897527,0.5468197879858657,0.6183745583038869,0.45229681978798586,0.5424028268551236
612,1654.5635658914728,5.4034806201550385,3.0131782945736436,2.5007751937984497,1.4348837209302325,0.6193798449612403,796.9713178294573,5.845736434108527,10.616279069767442,1.1503875968992248,0.5201550387596899,0.6302325581395349,0.4356589147286822,0.48914728682170544
613,1683.6761968085107,1.6848936170212765,2.4381648936170213,2.362367021276596,1.9042553191489362,0.4375,820.7666223404256,5.148936170212766,9.658909574468085,0.913563829787234,0.4940159574468085,0.4195478723404255,0.43816489361702127,0.5418882978723404
614,1681.1547231270358,-0.0631270358306189,3.185667752442997,2.553745928338762,1.4047231270358307,0.5276872964169381,842.8355048859935,6.086319218241043,11.003257328990228,1.1742671009771988,0.5928338762214984,0.5814332247557004,0.4568403908794788,0.5309446254071661
615,1627.823829787234,2.7802042553191493,3.628085106382979,2.5336170212765956,1.2297872340425533,0.6161702127659574,796.3165957446809,6.167659574468085,11.312340425531914,1.0910638297872342,0.5319148936170213,0.5591489361702128,0.4323404255319149,0.52
616,1702.5449804432856,0.5879335071707952,2.5723598435462844,2.6127770534550194,1.7327249022164277,0.4491525423728814,830.6329856584094,5.235984354628423,9.903520208604954,1.0964797913950457,0.5514993481095176,0.5449804432855281,0.44198174706649285,0.5475880052151239
617,1685.2665036674816,-1.3782233088834555,3.0945395273023637,2.3186634066829668,1.5468622656886715,0.5232273838630807,857.2722086389568,5.946210268948655,10.725346373268133,1.32599837000815,0.5737571312143439,0.752241238793806,0.4832925835370823,0.515077424612877
618,1666.3953858393,3.7329753381066033,3.4407319013524265,2.319013524264121,1.5139220365950676,0.624502784407319,841.7852028639618,5.858392999204455,10.650755767700876,1.498011137629276,0.7366746221161495,0.7613365155131265,0.43595863166268894,0.4964200477326969
619,1766.0855962219598,2.0621664698937425,2.218417945690673,2.6097992916174735,1.9775678866587958,0.3724911452184179,852.4273907910272,4.625737898465172,8.566115702479339,1.3240850059031877,0.6475796930342385,0.6765053128689492,0.3825265643447462,0.5962219598583235
620,1722.7427222659323,-0.17196695515342253,3.000786782061369,2.2840283241542094,1.5059008654602675,0.5059008654602675,857.0865460267506,5.793076317859953,10.328088119590873,1.5082612116443745,0.7663257277734068,0.7419354838709677,0.4169944925255704,0.5751376868607396
621,1695.6345991561182,2.0679662447257385,3.4860759493670885,2.3746835443037977,1.2953586497890295,0.6784810126582278,849.7308016877637,5.582278481012659,10.234599156118144,1.4945147679324895,0.7527426160337553,0.7417721518987341,0.4481012658227848,0.5122362869198313
622,1706.9248856956237,2.6541084258654473,2.5140431090790334,2.698236446766819,1.9333768778576095,0.45329849771391245,832.5800130633572,5.203788373612018,9.305029392553886,0.7713912475506205,0.39712606139777923,0.37426518615284127,0.387328543435663,0.5898105813193991
623,1716.107266435986,-0.8064013840830451,3.2742214532871974,2.128892733564014,1.4385813148788926,0.5449826989619377,875.1306228373702,5.629757785467128,10.04152249134948,1.2569204152249136,0.6098615916955017,0.6470588235294118,0.4541522491349481,0.5415224913494809
624,1641.6233766233765,3.9067838044308627,3.3964858670741025,2.585179526355997,1.3926661573720398,0.6096256684491979,841.8991596638656,5.7967914438502675,10.724216959511077,1.4774637127578305,0.6898395721925134,0.787624140565317,0.46829640947288004,0.466768525592055
625,1703.2658569500675,1.0193522267206476,2.5870445344129553,2.7112010796221324,1.6423751686909582,0.4507422402159244,829.5438596491229,5.483805668016195,9.913630229419702,1.6538461538461537,0.8238866396761133,0.8299595141700404,0.3967611336032389,0.5863697705802969
626,1697.7592137592137,-0.7305896805896805,3.19000819000819,2.2596232596232597,1.3865683865683867,0.5282555282555282,836.2309582309582,5.64946764946765,10.381654381654382,1.5945945945945945,0.769041769041769,0.8255528255528255,0.4381654381654382,0.5577395577395577
627,1716.084476534296,2.940765342960289,3.2815884476534296,2.4050541516245487,1.4714801444043322,0.6108303249097473,861.2303249097473,5.44043321299639,9.48086642599278,1.792057761732852,0.8527075812274368,0.9393501805054152,0.4014440433212996,0.5364620938628158
628,1747.790020790021,-0.675883575883576,2.32016632016632,2.587664587664588,1.981981981981982,0.4643104643104643,852.0755370755371,5.078309078309078,9.18156618156618,1.3291753291753292,0.656964656964657,0.6722106722106722,0.39015939015939016,0.6029106029106029
629,1721.4030501089326,0.6482861292665215,2.777051561365287,2.3485838779956425,1.626724763979666,0.485838779956427,842.3899782135077,5.513435003631082,10.0159767610748,1.8148148148148149,0.8496732026143791,0.9651416122004357,0.42556281771968046,0.5599128540305011
630,1685.5998509687033,2.7123099850968706,3.1236959761549925,2.5230998509687033,1.4172876304023845,0.5901639344262295,832.0439642324889,5.7533532041728765,10.312220566318928,1.3561847988077496,0.6415797317436661,0.7146050670640834,0.4157973174366617,0.5342771982116244
631,1730.2430167597765,-1.0132960893854748,2.5069832402234637,2.727653631284916,1.7206703910614525,0.41620111731843573,855.2304469273743,5.1445530726256985,9.366620111731844,1.2136871508379887,0.5879888268156425,0.6256983240223464,0.3959497206703911,0.6005586592178771
632,1700.9500756429652,-1.1472995461422089,2.773071104387292,2.2829046898638428,1.661875945537065,0.4742813918305598,859.7715582450832,5.596822995461422,10.314674735249621,1.4046898638426626,0.6187594553706506,0.7859304084720121,0.4198184568835098,0.5779122541603631
633,1676.0,2.1797447795823666,3.34338747099768,2.2884764114462492,1.4013921113689096,0.6117556071152359,848.7710750193348,5.870069605568445,10.500386697602474,1.6017014694508893,0.7447795823665894,0.8569218870843001,0.41531322505800466,0.5406032482598608
634,1716.6579124579125,0.023683501683501675,2.5205387205387204,2.8518518518518516,1.9272727272727272,0.44915824915824915,871.2787878787879,5.0821548821548825,9.274074074074074,0.9744107744107744,0.47744107744107744,0.49696969696969695,0.37575757575757573,0.6127946127946128
635,1699.7316857899382,-1.4513062665489849,3.107678729037952,2.5225066195939982,1.2859664607237422,0.5445719329214475,850.7519858781994,5.964695498676082,10.96910856134157,1.323918799646955,0.6072374227714034,0.7166813768755517,0.45366284201235657,0.5463371579876434
636,1647.8769470404984,4.716323987538941,3.621495327102804,2.4369158878504673,1.3255451713395638,0.6043613707165109,817.0584112149533,5.794392523364486,10.551401869158878,1.1736760124610592,0.5607476635514018,0.6129283489096573,0.42445482866043616,0.5101246105919003
637,1763.1003886010362,0.26998056994818653,2.3788860103626943,2.70660621761658,1.9805699481865284,0.4112694300518135,872.494170984456,4.830310880829016,8.74158031088083,0.9533678756476683,0.49352331606217614,0.45984455958549225,0.39378238341968913,0.5939119170984456
638,1645.1749598715892,-0.35318619582664523,2.9863563402889244,2.236757624398074,1.5296950240770466,0.5160513643659711,840.6573033707865,6.40529695024077,12.041733547351525,1.5489566613162118,0.7070626003210273,0.8418940609951846,0.4887640449438202,0.5016051364365971
639,1668.5432624113475,2.9959929078014187,3.094326241134752,2.4028368794326243,1.4787234042553192,0.5567375886524822,829.3737588652482,6.089361702127659,10.840425531914894,1.2411347517730495,0.6035460992907802,0.6375886524822695,0.4602836879432624,0.48652482269503544
640,1701.368587713743,2.9221469284357187,2.317922735908803,2.727042431918936,1.8727042431918937,0.44775174160861303,840.5015832805573,5.172260924635846,9.409119696010134,1.0164661177960734,0.5155161494616846,0.5009499683343889,0.40025332488917037,0.5718809373020899
641,1691.6698943661972,-1.085625,3.256161971830986,2.398767605633803,1.2869718309859155,0.5484154929577465,837.643485915493,5.967429577464789,10.779049295774648,1.2059859154929577,0.5757042253521126,0.6302816901408451,0.4454225352112676,0.5519366197183099
642,1637.9858945805493,3.640089086859688,3.0415738678544915,2.5619896065330363,1.4662212323682258,0.5716406829992576,819.2895322939867,5.6184112843355605,10.523385300668151,1.1737193763919822,0.6005939123979213,0.5731254639940608,0.4521158129175947,0.4766146993318486
643,1674.0143934201508,0.5202878684030157,2.4544208361891706,2.3906785469499656,1.9650445510623715,0.45236463331048665,849.6415352981494,5.66826593557231,10.174777244688142,0.6100068540095956,0.3015764222069911,0.30843043180260454,0.4249485949280329,0.5606579849211789
644,1642.450885668277,-0.5329951690821256,3.181159420289855,2.5072463768115942,1.43317230273752,0.5249597423510467,833.6038647342995,6.466183574879227,11.933977455716587,1.1690821256038648,0.5603864734299517,0.6086956521739131,0.5,0.4895330112721417
645,1606.6360655737706,2.236811475409836,3.6098360655737705,2.4598360655737705,1.1975409836065574,0.648360655737705,813.6795081967213,6.321311475409836,11.780327868852458,1.2573770491803278,0.5959016393442623,0.6614754098360656,0.4713114754098361,0.47622950819672133
646,1706.1738849385908,0.6176147382029734,2.578539107950873,2.594053005817712,1.7142857142857142,0.449256625727214,834.6231415643181,5.376212023270847,9.8409825468649,0.9812540400775694,0.48222365869424694,0.49903038138332256,0.4259857789269554,0.5559146735617324
647,1658.6744548286604,-0.09508566978193153,3.027258566978193,2.278816199376947,1.5552959501557633,0.4992211838006231,845.8769470404984,6.0514018691588785,11.19158878504673,1.029595015576324,0.48364485981308414,0.5459501557632399,0.4742990654205608,0.5155763239875389
648,1601.0435446906035,2.5168449197860965,3.430863254392666,2.357524828113063,1.3957219251336899,0.6149732620320856,829.0977845683728,6.682964094728801,12.136745607333843,1.2360580595874713,0.5653170359052712,0.6707410236822001,0.47058823529411764,0.47517188693659285
649,1683.5217903415783,2.1594994110718493,2.3333333333333335,2.6024734982332154,1.9846878680800941,0.40223792697290933,829.5559481743227,5.322143698468786,10.0188457008245,0.9558303886925795,0.4711425206124853,0.48468786808009423,0.4034157832744405,0.5730270906949352
650,1700.0,-0.6525625473843821,2.9673995451099318,2.301743745261562,1.4594389689158453,0.47536012130401817,832.4844579226686,5.978013646702047,10.913570887035632,1.309325246398787,0.6186504927975739,0.690674753601213,0.4048521607278241,0.5890826383623957
651,1628.0747581354442,1.3791468777484608,3.532981530343008,2.496042216358839,1.3139841688654355,0.6675461741424802,814.2682497801231,6.392260334212841,12.172383465259454,1.1556728232189974,0.5171503957783641,0.6385224274406333,0.4573438874230431,0.5118733509234829
652,1729.6802949061662,0.7206434316353888,2.4369973190348526,2.6729222520107236,1.982573726541555,0.4155495978552279,841.3739946380697,5.196380697050938,9.470509383378015,0.8605898123324397,0.38806970509383376,0.4725201072386059,0.37667560321715815,0.6079088471849866
653,1714.091068301226,-0.22163747810858145,3.2828371278458843,2.134851138353765,1.5323992994746058,0.5595446584938704,850.7872154115587,5.937828371278459,10.868651488616463,1.0928196147110332,0.5183887915936952,0.574430823117338,0.4448336252189142,0.5490367775831874
654,1636.7652975691533,2.4440402347024306,3.4585079631181896,2.7476948868398994,1.3981559094719196,0.6487845766974015,834.8642078792959,6.186923721709975,11.30092204526404,1.051969823973177,0.5163453478625314,0.5356244761106455,0.44677284157585917,0.5113160100586757
655,1676.1869863013699,-0.39734931506849314,2.5205479452054793,2.743835616438356,1.667123287671233,0.47054794520547943,821.2979452054794,5.901369863013699,10.977397260273973,1.4404109589041096,0.7253424657534246,0.7150684931506849,0.4363013698630137,0.552054794520548
656,1709.5003984063744,-0.6933545816733069,3.09402390438247,2.308366533864542,1.450199203187251,0.5051792828685259,854.201593625498,5.60398406374502,10.200796812749005,1.0414342629482072,0.4860557768924303,0.5553784860557769,0.43187250996015936,0.5617529880478087
657,1666.5297101449275,5.037782608695652,3.2333333333333334,2.46231884057971,1.5181159420289856,0.5898550724637681,829.6543478260869,5.716666666666667,10.629710144927536,1.4492753623188406,0.6702898550724637,0.7789855072463768,0.42536231884057973,0.5014492753623189
658,1723.089134677944,2.3859986987638253,2.2960312296681846,2.498373454782043,1.9277813923227065,0.44111906310995447,838.8724788549122,5.127521145087833,9.407286922576448,1.4085881587508133,0.745608327911516,0.6629798308392973,0.38126219908913467,0.5927130774235524
659,1720.8716461203771,-0.2429369108049311,2.815808556925308,2.228426395939086,1.612037708484409,0.4706308919506889,832.2661348803481,5.4082668600435095,10.0319071791153,1.4474256707759245,0.6671501087744742,0.7802755620014503,0.4213197969543147,0.5699782451051486
660,1654.7473512632437,2.71279543602282,3.0334148329258355,2.6079869600651997,1.43520782396088,0.6193969030154849,815.6837815810921,6.068459657701712,11.394458027709861,1.52159739201304,0.7465362673186634,0.7750611246943765,0.47269763651181745,0.48573757131214346
661,1746.5695592286502,-0.3749931129476584,2.553719008264463,2.7024793388429753,1.7231404958677685,0.44834710743801653,849.9814049586777,5.1570247933884295,9.476584022038567,1.1267217630853994,0.5647382920110193,0.5619834710743802,0.39669421487603307,0.59366391184573
662,1680.1386454183266,-0.2502151394422311,2.8884462151394423,2.1808764940239045,1.7338645418326692,0.5163346613545817,854.184860557769,6.151394422310757,11.079681274900398,1.201593625498008,0.5673306772908366,0.6342629482071713,0.45577689243027886,0.5354581673306773
663,1629.8911960132891,2.2258056478405313,3.388704318936877,2.4061461794019934,1.3430232558139534,0.6536544850498339,821.0215946843854,6.132890365448505,11.20265780730897,1.1885382059800664,0.5564784053156147,0.6320598006644518,0.4717607973421927,0.4850498338870432
664,1705.1514950166113,0.770810631229236,2.568106312292359,2.816611295681063,1.9129568106312291,0.43654485049833885,843.7076411960132,5.547508305647841,10.146179401993356,1.1242524916943522,0.5488372093023256,0.5754152823920266,0.4378737541528239,0.5428571428571428
665,1658.7064056939503,-0.6895195729537367,3.122775800711744,2.5943060498220643,1.25711743772242,0.5320284697508897,807.079181494662,6.155693950177936,11.438612099644129,1.4706405693950177,0.7019572953736655,0.7686832740213523,0.48487544483985767,0.5115658362989324
666,1621.858585858586,2.980547138047138,3.547979797979798,2.499158249158249,1.2651515151515151,0.6220538720538721,813.8047138047139,6.462962962962963,11.533670033670033,1.1910774410774412,0.6077441077441077,0.5833333333333334,0.4452861952861953,0.4957912457912458
667,1707.6322784810127,1.525348101265823,2.4164556962025316,2.7012658227848103,1.981012658227848,0.4462025316455696,840.1911392405063,5.324050632911392,9.582911392405064,0.8113924050632911,0.4170886075949367,0.3943037974683544,0.40632911392405063,0.5727848101265823
668,1688.136186770428,-0.8506770428015563,2.870817120622568,2.186770428015564,1.4996108949416342,0.4964980544747082,810.3548638132296,6.254474708171206,11.258365758754865,1.4700389105058367,0.6544747081712062,0.8155642023346303,0.4785992217898833,0.5159533073929962
669,1607.7762879322513,3.281806633733239,3.07621736062103,2.457304163726182,1.5187014820042344,0.5518701482004235,797.7014820042343,6.955539872971066,12.55892731122089,1.4530698659139025,0.6923076923076923,0.7607621736062103,0.4544812985179958,0.48623853211009177
670,1696.4092105263157,-0.16617105263157897,2.254605263157895,2.8539473684210526,1.938157894736842,0.45526315789473687,818.6868421052632,5.633552631578947,10.261184210526316,1.1407894736842106,0.5717105263157894,0.569078947368421,0.4236842105263158,0.5677631578947369
671,1598.021602160216,-1.5457965796579658,3.3654365436543654,2.550855085508551,1.296129612961296,0.5508550855085509,832.9855985598559,7.198919891989199,12.965796579657965,1.1845184518451846,0.594059405940594,0.5904590459045904,0.5247524752475248,0.47434743474347435
672,1622.234539969834,3.7239441930618398,3.024132730015083,2.5339366515837103,1.435897435897436,0.5995475113122172,797.711915535445,6.108597285067873,10.863499245852188,0.973604826546003,0.49547511312217196,0.4781297134238311,0.43891402714932126,0.48868778280542985
673,1651.025069637883,-0.7554108635097493,2.385793871866295,2.4206128133704734,1.958217270194986,0.4338440111420613,786.8823119777159,5.629526462395543,10.917130919220055,0.6768802228412256,0.34331476323119775,0.33356545961002787,0.4254874651810585,0.5696378830083565
674,1603.3273469387755,-0.5416081632653061,3.1085714285714285,2.5551020408163265,1.390204081632653,0.5330612244897959,781.315918367347,6.650612244897959,12.60734693877551,1.0612244897959184,0.5093877551020408,0.5518367346938775,0.49714285714285716,0.49551020408163265
675,1574.2376237623762,3.632970297029703,3.344059405940594,2.6666666666666665,1.1534653465346534,0.6320132013201321,760.2087458745874,6.698844884488449,12.422442244224422,1.363036303630363,0.608085808580858,0.754950495049505,0.49834983498349833,0.4414191419141914
676,1677.025198938992,0.0858023872679045,2.589522546419098,2.618037135278515,1.7446949602122015,0.45689655172413796,815.3660477453581,5.723474801061008,10.426392572944296,0.8355437665782494,0.4330238726790451,0.40251989389920423,0.4330238726790451,0.5550397877984085
677,1621.566450567261,-1.3215316045380876,3.0842787682333874,2.286061588330632,1.5980551053484602,0.5048622366288493,815.564829821718,6.355753646677472,11.820097244732578,0.9789303079416531,0.4700162074554295,0.5089141004862237,0.47811993517017826,0.5194489465153971
678,1536.991356957649,2.482627484874676,3.0717372515125323,2.334485738980121,1.4407951598962836,0.6395851339671564,769.0138288677615,7.21866897147796,13.312013828867762,1.006914433880726,0.4641313742437338,0.5427830596369922,0.5203111495246326,0.44511668107173724
679,1674.3643916913948,0.5296557863501483,2.207715133531157,2.624925816023739,1.942433234421365,0.3839762611275964,805.2023738872404,5.789317507418398,10.629080118694363,1.119287833827893,0.5922848664688427,0.5270029673590505,0.42433234421364985,0.5626112759643916
680,1627.7174578866768,-1.3837748851454825,2.9165390505359876,2.2894333843797856,1.5260336906584993,0.48162327718223585,787.2304747320061,6.892802450229709,12.616385911179172,1.2274119448698315,0.6003062787136294,0.6271056661562021,0.49770290964777947,0.5007656967840735
681,1606.420464316423,1.9182975064488392,3.345657781599312,2.405846947549441,1.3172828890799657,0.6431642304385211,772.9140154772141,6.60189165950129,12.300945829750646,1.405846947549441,0.6165090283748925,0.7893379191745485,0.4522785898538263,0.5116079105760963
682,1644.8935905413814,2.1436589919103923,2.375233354075918,2.6023646546359678,1.8873677660236465,0.4579962663347853,784.6415681393902,5.72744243932794,10.504044803982577,0.8817672682016179,0.44990665836963284,0.43186060983198504,0.40634723086496577,0.566894835096453
683,1601.7474048442907,-1.2025865051903115,3.125432525951557,2.17560553633218,1.4316608996539792,0.5458477508650519,806.5147058823529,7.098615916955017,12.786332179930795,1.0484429065743945,0.5493079584775087,0.4991349480968858,0.5034602076124568,0.4930795847750865
684,1590.6051537822111,2.628171238570241,3.4447215295095592,2.657522859517872,1.372402327514547,0.6392352452202826,789.7697423108895,6.401496259351621,11.763923524522028,0.9010806317539485,0.4630091438071488,0.4380714879467997,0.47215295095594345,0.485453034081463
685,1673.3105084745762,-0.6724881355932204,2.4657627118644068,2.6854237288135594,1.6305084745762712,0.44610169491525425,789.7905084745763,5.8210169491525425,10.643389830508475,1.2508474576271187,0.5688135593220339,0.6820338983050848,0.42915254237288136,0.5620338983050848
686,1616.4877222692633,-1.1503386960203217,3.27688399661304,2.256562235393734,1.428450465707028,0.54614733276884,817.6426756985605,6.6867061812023705,12.256562235393734,1.1981371718882303,0.5783234546994073,0.619813717188823,0.4944961896697714,0.5004233700254022
687,1635.5573033707865,4.239318352059925,3.262172284644195,2.4202247191011237,1.5161048689138577,0.598501872659176,786.4284644194756,5.850936329588015,10.847940074906367,1.10187265917603,0.5071161048689139,0.5947565543071162,0.43670411985018726,0.4966292134831461
688,1680.0952059419312,-0.2112424037812289,2.2072923700202565,2.534773801485483,1.972991222147198,0.4490209318028359,790.9432815665091,5.62052667116813,10.465901417960838,1.226873733963538,0.6103983794733289,0.6164753544902093,0.424713031735314,0.5658338960162053
689,1669.0472560975609,0.15356707317073173,2.9161585365853657,2.285060975609756,1.580030487804878,0.49390243902439024,795.3048780487804,6.0998475609756095,11.36890243902439,1.2393292682926829,0.6699695121951219,0.569359756097561,0.48628048780487804,0.5030487804878049
690,1618.985342019544,3.6501791530944625,3.1197068403908794,2.564332247557003,1.4218241042345277,0.6449511400651465,764.7614006514658,6.29885993485342,11.830618892508143,1.258957654723127,0.6221498371335505,0.6368078175895765,0.44218241042345274,0.507328990228013
691,1704.9937759336099,-1.2967081604426003,2.527662517289073,2.673582295988935,1.706085753803596,0.4467496542185339,795.8630705394191,5.5850622406639,10.195020746887966,1.1099585062240664,0.5601659751037344,0.549792531120332,0.44951590594744123,0.5477178423236515
692,1657.098755186722,-1.0030373443983402,2.8979253112033194,2.2066390041493777,1.646473029045643,0.5261410788381743,797.9767634854771,6.2605809128630705,11.550207468879668,1.1609958506224067,0.5568464730290457,0.604149377593361,0.45726141078838173,0.5385892116182572
693,1607.4534786253143,3.027250628667226,3.2581726739312655,2.393964794635373,1.3780385582564962,0.6714165968147527,792.5364626990779,6.546521374685667,11.997485331098073,0.9295892707460185,0.46186085498742663,0.4677284157585918,0.4861693210393965,0.4677284157585918
694,1701.076872100729,0.8150430748840293,2.489065606361829,2.868124585818423,1.9025844930417495,0.4572564612326044,835.7097415506959,5.375082836315441,9.85089463220676,0.8946322067594433,0.464546056991385,0.4300861497680583,0.4234592445328032,0.5606361829025845
695,1678.0137812230835,-0.741024978466839,3.062015503875969,2.4978466838931954,1.2911283376399656,0.5314384151593454,778.3118001722653,6.4005167958656335,11.997416020671835,1.6675279931093885,0.7708871662360034,0.896640826873385,0.4900947459086994,0.5047372954349698
696,1578.9771380186282,0.8379847586790856,3.54614733276884,2.5283657917019475,1.3124470787468248,0.6486028789161727,805.0795935647756,6.927180355630822,12.799322607959356,1.1430990685859441,0.5859441151566469,0.5571549534292972,0.5097375105842507,0.46062658763759523
697,1690.944266495836,-0.10638693145419606,2.344010249839846,2.6848174247277385,1.8987828315182576,0.4119154388212684,835.3651505445227,5.704676489429852,10.333760409993594,0.934657270980141,0.4484304932735426,0.48622677770659833,0.44650864830237025,0.5438821268417681
698,1659.1352345906164,-1.0870193192272308,3.1793928242870284,2.3173873045078195,1.5179392824287028,0.5896964121435143,811.5068997240111,6.4875804967801285,11.761729530818767,1.5896964121435142,0.7092916283348666,0.8804047838086476,0.5068997240110396,0.48850045998160074
699,1609.1816208393632,3.68972503617945,3.1164978292329955,2.52821997105644,1.5535455861070913,0.557163531114327,810.472503617945,6.488422575976845,11.97684515195369,1.2872648335745296,0.6027496382054993,0.6845151953690304,0.4609261939218524,0.47756874095513746
700,1668.404874746107,-1.2571496276235612,2.3046716316858498,2.85104942450914,1.958700067704807,0.41909275558564657,818.4624238320921,5.877454299255247,10.992552471225457,1.3168584969532837,0.6100203114421124,0.7068381855111713,0.4597156398104265,0.5389302640487474
701,1609.2118721461188,-1.1947762557077626,3.445662100456621,2.4255707762557077,1.2200913242009133,0.5680365296803653,808.8630136986301,6.905022831050228,12.517808219178082,1.0429223744292238,0.5095890410958904,0.5333333333333333,0.4867579908675799,0.5095890410958904
702,1596.1872146118722,3.0084931506849313,3.015220700152207,2.5563165905631657,1.4680365296803652,0.6210045662100456,783.9794520547945,6.420091324200913,11.990106544901066,1.0898021308980212,0.5365296803652968,0.5532724505327246,0.471841704718417,0.4756468797564688
703,1675.0126671358198,-0.8942927515833919,2.4152005629838142,2.475017593244194,1.9943701618578467,0.4370161857846587,820.560872624912,5.635467980295567,10.402533427163968,0.7987332864180154,0.3969035890218156,0.40182969739619984,0.4236453201970443,0.5721323011963406
704,1624.1356073211314,-0.5864392678868552,3.1930116472545755,2.488352745424293,1.3510815307820299,0.5074875207986689,799.9101497504159,6.97171381031614,12.912645590682196,1.197171381031614,0.5532445923460898,0.6439267886855241,0.4966722129783694,0.4983361064891847
705,1575.765561843169,1.7187388843977365,3.5181891673403394,2.573969280517381,1.2158447857720291,0.6531932093775262,776.6790622473727,6.7542441390460795,12.679062247372675,1.3540824575586095,0.6766370250606305,0.677445432497979,0.5117219078415521,0.44381568310428454
706,1697.0767634854772,-0.08908713692946062,2.552558782849239,2.7295988934993085,1.8208852005532503,0.46196403872752423,829.1784232365145,5.549792531120332,10.099585062240664,1.0885200553250345,0.5366528354080221,0.5518672199170125,0.41217150760719223,0.578838174273859
707,1612.76091954023,-0.3402298850574713,2.9264367816091954,2.3272030651341,1.5616858237547893,0.49808429118773945,814.1800766283525,6.569348659003832,12.171647509578545,1.0,0.4574712643678161,0.542528735632184,0.5095785440613027,0.4835249042145594
708,1583.575,3.03526724137931,3.3224137931034483,2.4629310344827586,1.4517241379310344,0.6818965517241379,790.2568965517241,6.635344827586207,12.499137931034483,1.1215517241379311,0.4956896551724138,0.6258620689655172,0.5051724137931034,0.44310344827586207
709,1658.669315403423,0.5004767726161369,2.28239608801956,2.750611246943765,2.034841075794621,0.41442542787286063,801.2854523227384,5.873471882640587,10.823349633251834,1.017114914425428,0.4883863080684597,0.5287286063569682,0.4394865525672372,0.5488997555012225
710,1619.7440570522979,-0.8462916006339144,2.969096671949287,2.3938193343898573,1.497622820919176,0.5134706814580031,823.8335974643423,6.411251980982567,12.118858954041205,1.2725832012678289,0.615689381933439,0.6568938193343898,0.46513470681458,0.5301109350237718
711,1587.8295652173913,1.0801391304347827,3.4356521739130437,2.433913043478261,1.317391304347826,0.6660869565217391,805.7895652173913,6.570434782608696,12.28,0.9026086956521739,0.4043478260869565,0.49826086956521737,0.5034782608695653,0.46869565217391307
712,1666.4667981591058,0.6052465483234714,2.3550295857988166,2.700854700854701,1.9342537804076265,0.43261012491781725,817.0729783037475,5.69888231426693,10.604207758053912,0.8606180144641683,0.4280078895463511,0.43261012491781725,0.4148586456278764,0.571992110453649
713,1592.1136571952338,-1.0342713107241064,3.238313473877177,2.07974335472044,1.4243813015582034,0.5600366636113657,784.7461044912924,7.169569202566453,13.103574702108158,1.231897341888176,0.5215398716773603,0.7103574702108157,0.48395967002749773,0.5123739688359303
714,1560.8064516129032,3.228623131392604,3.3115656963021243,2.6160503540519278,1.3682140047206923,0.6357199055861527,797.3147128245477,6.535011801730921,12.500393391030684,0.8552321007081038,0.4358772619984264,0.41935483870967744,0.4893784421715185,0.45239968528717545
715,1639.9522136331693,-0.7397470133520729,2.498945888966971,2.7519325368938863,1.6669009135628954,0.44553759662684467,821.9922698524244,6.326071679550246,11.768095572733662,1.1096275474349966,0.583977512297962,0.5256500351370345,0.48559381588193956,0.5094869992972593
716,1624.1480865224626,-1.1861231281198004,3.093178036605657,2.2753743760399336,1.391846921797005,0.5224625623960066,825.1930116472546,6.434276206322795,12.044925124792014,1.2895174708818635,0.5931780366056573,0.6963394342762064,0.4750415973377704,0.521630615640599
717,1577.4125188536952,3.5813348416289594,3.0754147812971344,2.4969834087481146,1.4984917043740573,0.5920060331825038,795.2579185520362,6.308446455505279,12.091251885369532,1.081447963800905,0.5120663650075414,0.5693815987933635,0.497737556561086,0.45324283559577677
718,1668.2581072137657,-0.6342422236929186,2.1257445400397086,2.4904037061548645,1.9331568497683653,0.44076770350761085,810.223692918597,5.837193911317009,10.932495036399736,1.400397088021178,0.7365982792852416,0.6637988087359364,0.4301786896095301,0.5658504301786896
719,1625.9817799579537,-1.2044569025928522,2.68114926419061,2.314646110721794,1.7112824106517168,0.43728100911002105,806.5227750525578,6.104414856341976,11.81779957953749,1.107217939733707,0.5515066573230554,0.5557112824106517,0.45690259285213736,0.5416958654519972
720,1641.0132501948558,2.3085502727981293,2.885424785658613,2.480904130943102,1.441932969602494,0.6134060795011691,818.6469212782541,5.521434138737335,10.676539360872955,1.4442712392829307,0.7342166796570537,0.7100545596258768,0.455962587685113,0.49259547934528447
721,1730.054073033708,-0.74311797752809,2.517556179775281,2.7338483146067416,1.7092696629213484,0.44241573033707865,860.4782303370787,4.767556179775281,9.021067415730338,1.2759831460674158,0.6657303370786517,0.610252808988764,0.40308988764044945,0.5926966292134831
722,1613.1813917122752,-0.4633463643471463,2.803752931978108,2.199374511336982,1.6810007818608288,0.4988272087568413,836.5965598123533,6.220484753713839,11.724003127443314,1.4534792806880374,0.6653635652853792,0.7881157154026583,0.46755277560594216,0.5269741985926505
723,1603.329479768786,1.1081502890173411,3.393889347646573,2.4616019818331956,1.440132122213047,0.6581337737407101,833.3575557390586,6.295623451692816,11.938067712634187,1.1924029727497936,0.5590421139554087,0.6333608587943848,0.4888521882741536,0.48224607762180016
724,1692.6171617161717,1.332046204620462,2.4455445544554455,2.8501650165016503,1.8653465346534654,0.43234323432343236,831.6871287128713,4.651485148514851,9.176897689768976,0.9221122112211221,0.44356435643564357,0.47854785478547857,0.38415841584158417,0.6
725,1660.113309352518,-1.006861510791367,3.133992805755396,2.591726618705036,1.264388489208633,0.5278776978417267,836.7122302158274,5.884892086330935,11.100719424460431,1.6303956834532374,0.7742805755395683,0.8561151079136691,0.4748201438848921,0.5215827338129496
726,1705.300892133009,3.864176804541768,3.497972424979724,2.5287915652879156,1.3341443633414436,0.6512570965125709,848.021897810219,4.942416869424169,9.248986212489863,1.3763179237631793,0.6309813463098135,0.7453365774533658,0.39416058394160586,0.5425790754257908
727,1724.8185985592665,-0.9045645055664702,2.2534381139489192,2.7157825802226587,1.9273084479371316,0.4079895219384414,842.215455140799,5.024230517354289,9.182056319580878,0.7590045841519318,0.41912246234446626,0.33988212180746563,0.398166339227243,0.5998690242305174
728,1664.4168039538715,-0.2765568369028007,3.00329489291598,2.169686985172982,1.4892915980230643,0.515650741350906,828.7512355848435,6.031301482701812,11.469522240527183,1.8690280065897857,0.8896210873146623,0.9794069192751236,0.49341021416803954,0.49917627677100496
729,1667.6372480889506,3.047324530924253,3.1063238359972205,2.425295343988881,1.4968728283530228,0.5628908964558721,829.9485753995831,5.580958999305073,10.501737317581654,1.3391243919388465,0.6817234190410006,0.6574009728978457,0.4100069492703266,0.5295343988881167
730,1662.6494178525227,0.2645536869340233,2.272962483829237,2.8033635187580854,1.906856403622251,0.45278137128072443,838.4411384217335,5.445019404915912,10.51293661060802,1.0310478654592496,0.5245795601552393,0.5064683053040103,0.407503234152652,0.5763260025873221
731,1670.6201620162017,-1.3093699369936993,3.314131413141314,2.4806480648064806,1.3222322232223223,0.5661566156615662,834.8739873987399,5.595859585958596,10.589558955895589,1.2376237623762376,0.5751575157515751,0.6624662466246625,0.4608460846084608,0.5373537353735374
732,1643.4746376811595,3.34204347826087,2.847826086956522,2.5391304347826087,1.4746376811594204,0.5811594202898551,822.158695652174,5.389855072463768,10.15,1.3456521739130434,0.6485507246376812,0.6971014492753623,0.4152173913043478,0.5217391304347826
733,1713.8207088255733,-0.24293259207783185,2.4100069492703264,2.387074357192495,1.9833217512161223,0.4461431549687283,836.4426685198055,4.870048644892286,9.3363446838082,0.9395413481584434,0.4954829742876998,0.4440583738707436,0.38498957609451007,0.6059763724808895
734,1620.6429163214582,0.3016984258492129,3.127589063794532,2.531068765534383,1.435791217895609,0.5509527754763878,843.917149958575,6.102734051367026,11.56420878210439,1.0629660314830158,0.48218724109362054,0.5807787903893952,0.48053024026512015,0.5095277547638773
735,1629.0558751027115,3.2924486442070666,3.4790468364831555,2.6244864420706655,1.199671322925226,0.6499589153656532,782.4322103533278,5.657354149548069,10.95152013147083,1.3155299917830732,0.686113393590797,0.6294165981922761,0.45439605587510273,0.48808545603944126
736,1691.136147038802,0.03707283866575901,2.4982981620149762,2.6766507828454733,1.7916950306330837,0.4397549353301566,812.7508509189925,5.280462899931926,9.739959155888359,0.8441116405718175,0.42818243703199454,0.415929203539823,0.4002722940776038,0.5895166780122533
737,1619.3185247275776,-1.1794803017602684,3.043587594300084,2.2665549036043586,1.575859178541492,0.5347862531433362,824.6035205364627,6.302598491198659,11.701592623637888,0.9203688181056161,0.4543168482816429,0.4660519698239732,0.4786253143336127,0.5188600167644594
738,1598.934335443038,3.1016297468354432,3.284018987341772,2.3140822784810124,1.485759493670886,0.629746835443038,810.4121835443038,6.239715189873418,11.462816455696203,0.992879746835443,0.5087025316455697,0.48417721518987344,0.4485759493670886,0.4833860759493671
739,1714.5923682616597,0.4869594185342217,2.2440944881889764,2.704421562689279,2.006662628709873,0.39188370684433677,823.0,4.7662023016353725,9.00969109630527,0.8267716535433071,0.39188370684433677,0.4348879466989703,0.3670502725620836,0.6190187764990914
740,1648.7684458398744,-1.3895996860282573,2.9474097331240188,2.328100470957614,1.5777080062794349,0.4827315541601256,822.5580847723705,5.80690737833595,11.012558869701726,1.2237048665620094,0.5588697017268446,0.6648351648351648,0.46153846153846156,0.5376766091051806
741,1582.919182083739,0.14046738072054527,3.424537487828627,2.486854917234664,1.3885102239532618,0.6582278481012658,777.0749756572542,6.4888023369036025,12.253164556962025,0.9152872444011685,0.42745861733203505,0.4878286270691334,0.47517039922103216,0.5063291139240507
742,1684.26267281106,-0.29711652402896643,2.3647136273864384,2.652402896642528,1.957208689927584,0.4397630019749835,808.1705069124424,5.180381830151416,9.524687294272548,0.9058591178406846,0.3956550362080316,0.5102040816326531,0.3857801184990125,0.6050032916392364
743,1634.6726457399104,-1.4246995515695067,3.192825112107623,2.0573991031390135,1.463677130044843,0.579372197309417,831.0690582959642,6.0367713004484305,11.446636771300449,1.589237668161435,0.6968609865470852,0.8923766816143498,0.47533632286995514,0.5237668161434977
744,1642.8829701372074,1.787231638418079,3.334140435835351,2.754640839386602,1.400322841000807,0.6359967715899919,820.6698950766747,5.596448748991122,10.506053268765132,1.0920096852300243,0.5343018563357547,0.5577078288942696,0.44713478611783697,0.5125100887812752
745,1737.305890702626,-0.691973030518098,2.4669978708303764,2.7565649396735274,1.7033356990773598,0.42654364797728883,832.2512420156139,4.709013484740951,8.904897090134847,1.0681334279630943,0.5500354861603974,0.518097941802697,0.35486160397445,0.6422995031937544
746,1662.8773168578994,-0.9018181818181819,3.3150926743159754,2.1412180052956753,1.4368932038834952,0.5507502206531333,832.8137687555163,5.832303618711386,11.112091791703442,2.020300088261253,0.9338040600176523,1.0864960282436011,0.46072374227714036,0.5357458075904677
747,1640.4436564223797,2.2204964539007093,3.2624113475177303,2.566587864460205,1.5137903861308117,0.6154452324665091,815.7990543735225,5.696611505122143,10.702915681639086,1.090622537431048,0.5555555555555556,0.5350669818754925,0.4144996059889677,0.5460992907801419
748,1740.5077860528097,-0.44916723087339205,2.18957345971564,2.5429925524712256,1.970886932972241,0.44549763033175355,820.4400812457684,4.538253215978335,8.526743398781313,1.1679079214624237,0.6052809749492214,0.5626269465132024,0.35477318889641163,0.6398104265402843
749,1665.6733931240658,-1.2250822122571001,2.8318385650224216,2.2600896860986546,1.704035874439462,0.47384155455904337,824.9043348281017,5.6158445440956655,10.504484304932735,1.1203288490284007,0.577727952167414,0.5426008968609866,0.44170403587443946,0.5575485799701047
750,1647.7373493975904,2.825349397590361,3.0096385542168673,2.56144578313253,1.4393574297188756,0.6473895582329318,807.5004016064257,5.553413654618474,10.579919678714859,2.0538152610441767,0.9269076305220884,1.1269076305220884,0.4562248995983936,0.4955823293172691
751,1712.8362989323844,-1.3196725978647688,2.44270462633452,2.7302491103202846,1.7580071174377223,0.4170818505338078,846.0156583629894,4.888256227758007,9.464056939501779,1.3580071174377224,0.6832740213523132,0.6747330960854092,0.4078291814946619,0.592170818505338
752,1727.1279620853081,-0.45368088467614537,2.8862559241706163,2.1500789889415484,1.6208530805687205,0.5244865718799369,827.5568720379147,5.338862559241706,9.658767772511847,1.8586097946287519,0.906003159557662,0.95260663507109,0.36492890995260663,0.6311216429699842
753,1669.318449873631,3.15586352148273,3.5214827295703452,2.4212299915754003,1.4060657118786857,0.6748104465037911,841.8677337826454,5.2299915754001685,9.721145745577084,1.5585509688289807,0.7388374052232519,0.8197135636057288,0.392586352148273,0.5518112889637742
754,1713.0950226244345,1.9870265029088559,2.457659987071752,2.7478991596638656,1.7692307692307692,0.4479638009049774,831.365869424693,4.819650937297996,8.895281189398837,1.1040723981900453,0.5520361990950227,0.5520361990950227,0.35294117647058826,0.6250808015513898
755,1675.2436131386862,-1.3077919708029195,3.177919708029197,2.6395985401459856,1.2253649635036497,0.5620437956204379,850.7436131386861,5.856751824817518,10.867700729927007,2.0757299270072993,0.9571167883211679,1.1186131386861313,0.4333941605839416,0.5656934306569343
756,1707.0853355426677,1.5863960231980117,3.6072908036454017,2.523612261806131,1.3620546810273406,0.6445733222866611,835.7075393537697,4.973487986743994,9.207953603976803,1.315658657829329,0.6810273405136703,0.6346313173156587,0.36951118475559236,0.5907207953603977
757,1762.4130998702983,-0.2731193255512322,2.314526588845655,2.7172503242542154,1.9169909208819715,0.41180285343709466,847.6880674448768,4.2587548638132295,7.933852140077821,1.069390402075227,0.5110246433203631,0.5583657587548638,0.33073929961089493,0.6640726329442282
758,1675.8388663967612,-0.8075546558704454,2.912550607287449,2.2153846153846155,1.5805668016194332,0.49959514170040487,833.6064777327936,5.62995951417004,10.834008097165992,1.6842105263157894,0.8032388663967611,0.8809716599190284,0.45991902834008097,0.5360323886639676
759,1702.1787016776075,3.2613420860685634,3.097738876732312,2.522246535375638,1.5951859956236323,0.5689277899343544,815.0072939460248,5.084609773887673,9.566739606126914,1.899343544857768,0.8760029175784099,1.0233406272793582,0.3676148796498906,0.5667396061269147
760,1727.527018012008,0.444596397598399,2.3869246164109406,2.8312208138759174,1.933288859239493,0.43028685790527016,864.0493662441628,4.895930620413609,9.020013342228152,1.3388925950633757,0.6217478318879253,0.7171447631754503,0.37958639092728486,0.6104069379586391
761,1680.5337533753375,-1.156138613861386,3.36003600360036,2.4131413141314133,1.3267326732673268,0.5427542754275427,857.1917191719172,5.75967596759676,10.585958595859585,1.5571557155715572,0.7182718271827183,0.8388838883888389,0.43114311431143115,0.5670567056705671
762,1669.8543096872615,2.9921662852784134,2.880244088482075,2.5804729214340196,1.5087719298245614,0.589626239511823,823.418001525553,5.234935163996949,9.864988558352403,1.5347063310450038,0.8657513348588863,0.6689549961861174,0.3890160183066362,0.5606407322654462
763,1731.0896739130435,-0.2197146739130435,2.373641304347826,2.355298913043478,1.935461956521739,0.4470108695652174,839.1032608695652,4.664402173913044,8.898777173913043,1.2914402173913044,0.6127717391304348,0.6786684782608695,0.36345108695652173,0.623641304347826
764,1741.733118971061,0.0617926045016077,3.097266881028939,2.4413183279742765,1.4903536977491962,0.5120578778135049,863.6318327974277,4.97427652733119,9.42684887459807,1.892282958199357,0.8319935691318328,1.060289389067524,0.3834405144694534,0.6061093247588425
765,1656.1603305785125,4.397652892561983,3.4289256198347107,2.634710743801653,1.2198347107438017,0.6330578512396694,831.2727272727273,5.643801652892562,10.679338842975207,2.0008264462809917,0.9570247933884297,1.043801652892562,0.43471074380165287,0.5024793388429752
766,1747.515894039735,0.03024503311258279,2.4529801324503313,2.611258278145695,1.7483443708609272,0.4417218543046358,858.428476821192,4.643046357615894,8.92317880794702,1.6079470198675496,0.8298013245033112,0.7781456953642384,0.371523178807947,0.6178807947019868
767,1719.020766773163,-1.0234345047923321,2.997603833865815,2.428115015974441,1.5982428115015974,0.49201277955271566,866.785143769968,5.3370607028754,9.922523961661343,1.1988817891373802,0.5407348242811502,0.65814696485623,0.40654952076677314,0.5910543130990416
768,1622.304426377597,3.3075700090334235,3.084010840108401,2.4552845528455283,1.5085817524841916,0.6757000903342367,807.6458897922313,5.964769647696477,11.158084914182474,1.7940379403794038,0.8735320686540199,0.9205058717253839,0.4408310749774164,0.5067750677506775
769,1740.258588382261,0.7118613366645846,2.2923173016864458,2.759525296689569,2.048719550281074,0.4178638351030606,856.8619612742036,4.853841349156777,8.86258588382261,1.2198625858838226,0.6083697688944409,0.6114928169893816,0.35165521549031853,0.6358525921299188
770,1727.8513289036546,-1.3423089700996678,3.1370431893687707,2.4327242524916945,1.4667774086378738,0.5282392026578073,871.906146179402,5.144518272425249,9.493355481727574,1.5299003322259137,0.7200996677740864,0.8098006644518272,0.40365448504983387,0.5963455149501661
771,1735.2061403508771,2.011859649122807,3.324561403508772,2.5026315789473683,1.3657894736842104,0.6596491228070176,850.8175438596492,5.162280701754386,9.074561403508772,1.7359649122807017,0.7526315789473684,0.9833333333333333,0.387719298245614,0.5710526315789474
772,1699.7037037037037,0.90875,2.416005291005291,2.7605820105820107,1.9722222222222223,0.498015873015873,842.5753968253969,5.036375661375661,9.576058201058201,1.33994708994709,0.6223544973544973,0.7175925925925926,0.35648148148148145,0.6197089947089947
773,1706.2333948339483,-1.1176937269372693,3.256457564575646,2.142066420664207,1.4750922509225093,0.5922509225092251,849.7536900369004,5.636531365313653,10.34870848708487,1.6789667896678966,0.772140221402214,0.9068265682656826,0.41697416974169743,0.5802583025830258
774,1634.2557755775576,3.1874752475247528,3.122112211221122,2.737623762376238,1.3523102310231023,0.5957095709570958,816.0280528052805,5.935643564356436,10.912541254125413,1.4059405940594059,0.7013201320132013,0.7046204620462047,0.43316831683168316,0.5165016501650165
775,1724.6383275261323,-0.3155191637630662,2.448780487804878,2.7463414634146344,1.69198606271777,0.43414634146341463,852.9372822299651,5.121951219512195,9.542857142857143,1.8766550522648084,0.9240418118466899,0.9526132404181185,0.37073170731707317,0.6222996515679442
776,1639.213780918728,-0.9576678445229682,3.3507067137809186,2.193462897526502,1.4946996466431095,0.5671378091872792,859.2128975265018,6.078621908127208,11.619257950530036,1.7659010600706713,0.8454063604240283,0.9204946996466431,0.4496466431095406,0.5459363957597173
777,1646.4752402069475,5.108713968957871,3.058388765705839,2.5343680709534366,1.4974131559497412,0.597930524759793,834.0458240946045,5.5676274944567625,10.390983000739098,1.483370288248337,0.6829268292682927,0.8004434589800443,0.3968957871396896,0.5351071692535108
778,1689.2037395228886,0.20223726627981947,2.216634429400387,2.4925854287556417,1.880722114764668,0.4300451321727917,833.4700193423598,5.724693745970342,10.82849774339136,1.673758865248227,0.8517085751128304,0.8220502901353965,0.41005802707930367,0.5796260477111541
779,1676.722927557879,0.1988424197162061,2.7953696788648243,2.2964899178491414,1.6041822255414488,0.5041075429424944,840.6743838685586,5.746825989544436,10.85362210604929,1.6161314413741599,0.7475728155339806,0.8685586258401793,0.4413741598207618,0.5481702763256161
780,1673.2643029814665,2.6450926672038677,2.975020145044319,2.626913779210314,1.4713940370668817,0.6091861402095085,840.143432715552,5.692989524576954,10.72522159548751,1.660757453666398,0.8501208702659145,0.8106365834004835,0.40854149879129736,0.5503626107977437
781,1734.9706908583391,-0.4868108862526169,2.5275645498953243,2.6824842986741104,1.7027215631542219,0.4466154919748779,843.8297278436846,5.0788555478018145,9.406140963014655,1.4542916957431962,0.7648290300069783,0.6894626657362177,0.3782274947662247,0.6175854849965108
782,1649.5515297906602,-0.16362318840579712,2.8832528180354267,2.1280193236714977,1.7375201288244766,0.5056360708534622,854.3446054750402,6.053140096618358,11.266505636070853,1.537037037037037,0.679549114331723,0.857487922705314,0.4420289855072464,0.5499194847020934
783,1653.6482112436115,4.016533219761499,3.2180579216354346,2.368824531516184,1.415672913117547,0.631175468483816,826.3739352640545,5.615843270868824,10.407155025553664,1.706984667802385,0.82793867120954,0.879045996592845,0.40034071550255534,0.5477001703577513
784,1696.5624577987846,-1.107305874409183,2.4415935178933155,2.798109385550304,1.8771100607697502,0.41053342336259285,869.6016205266711,5.161377447670493,9.791357191087103,0.9412559081701553,0.475354490209318,0.4659014179608373,0.37677245104659013,0.6218771100607697
785,1714.5437293729374,-0.7736798679867987,3.0115511551155114,2.556105610561056,1.273927392739274,0.5198019801980198,852.4092409240924,5.73019801980198,10.884488448844884,1.9067656765676568,0.9191419141914191,0.9876237623762376,0.41336633663366334,0.5816831683168316
786,1666.8927392739274,2.3865181518151815,3.3696369636963697,2.5156765676567656,1.396864686468647,0.6155115511551155,830.8333333333334,5.377887788778878,10.227722772277227,1.3234323432343233,0.6617161716171617,0.6617161716171617,0.3952145214521452,0.5684818481848185
787,1716.6697551290536,0.15886829913964262,2.317670416942422,2.769027134348114,1.970218398411648,0.400397088021178,848.3719391131701,4.7888815354070156,9.228325612177366,1.013236267372601,0.4990072799470549,0.514228987425546,0.35804103242885504,0.6333553937789543
788,1666.536170212766,-0.1518382978723404,2.9438297872340424,2.178723404255319,1.6119148936170213,0.5182978723404256,845.5540425531915,6.231489361702128,11.523404255319148,2.022127659574468,0.9846808510638297,1.0374468085106383,0.4195744680851064,0.5702127659574469
789,1667.7849854227404,4.445145772594752,2.9737609329446064,2.543731778425656,1.5138483965014577,0.5641399416909622,860.0758017492711,5.150145772594752,9.78862973760933,1.6005830903790088,0.7616618075801749,0.8389212827988338,0.40889212827988336,0.5204081632653061
790,1752.4521172638435,1.634312703583062,2.3485342019543975,2.801954397394137,1.9413680781758957,0.4671009771986971,874.3433224755701,4.688599348534202,8.813029315960913,1.4416938110749187,0.6905537459283387,0.7511400651465798,0.34527687296416937,0.6286644951140065
791,1687.823956442831,-0.8955535390199637,3.3484573502722323,2.395644283121597,1.2949183303085299,0.5535390199637024,862.7259528130671,5.668784029038113,11.052631578947368,1.5689655172413792,0.7921960072595281,0.7767695099818511,0.42558983666061706,0.5707803992740472
792,1674.3277566539923,4.551216730038023,2.8106463878326995,2.590874524714829,1.5049429657794677,0.596958174904943,841.8752851711026,5.149809885931559,9.707984790874525,1.1307984790874526,0.538403041825095,0.5923954372623574,0.3596958174904943,0.5847908745247148
793,1731.7623896809232,-0.5586354378818738,2.2729124236252547,2.342837746096402,1.9137813985064493,0.41615750169721655,825.4154786150713,5.051595383570944,9.38153428377461,1.1758316361167684,0.5899524779361847,0.5858791581805839,0.35234215885947046,0.6435845213849287
794,1677.339419087137,-0.19512863070539418,3.116182572614108,2.5020746887966805,1.4979253112033195,0.5286307053941909,850.2539419087137,5.617427385892116,10.842323651452283,2.0107883817427386,1.0149377593360995,0.995850622406639,0.4199170124481328,0.5734439834024896
795,1657.5008389261745,3.510327181208054,3.405201342281879,2.6426174496644297,1.2307046979865772,0.6552013422818792,819.5419463087248,5.873322147651007,10.988255033557047,1.6971476510067114,0.7986577181208053,0.8984899328859061,0.4278523489932886,0.5125838926174496
796,1742.6082191780822,0.33791095890410955,2.580821917808219,2.6965753424657533,1.7904109589041095,0.4349315068493151,863.5219178082192,4.75958904109589,8.949315068493151,1.2164383561643837,0.6671232876712329,0.5493150684931507,0.34383561643835614,0.6424657534246575
797,1653.735833998404,0.015139664804469273,2.90023942537909,2.3056664006384677,1.6209098164405427,0.4764565043894653,859.4221867517957,5.758180367118914,11.031923383878691,1.315243415802075,0.627294493216281,0.6879489225857941,0.41899441340782123,0.5690343176376695
798,1614.231187669991,4.636618313689937,3.2039891205802356,2.4487760652765185,1.5176790571169538,0.6518585675430644,826.1804170444243,6.00453309156845,11.558476881233,2.0018132366273798,0.971894832275612,1.029918404351768,0.41160471441523117,0.5176790571169537
799,1760.224844720497,0.0027950310559006035,2.320496894409938,2.753416149068323,2.0024844720496895,0.40372670807453415,888.6521739130435,4.641614906832298,8.803726708074533,1.4509316770186336,0.7341614906832298,0.7167701863354037,0.3416149068322981,0.6440993788819875
800,1705.0605564648117,-0.4929541734860884,3.1317512274959083,2.355155482815057,1.5589198036006546,0.5,868.2495908346972,5.633387888707038,10.308510638297872,1.6129296235679214,0.7782324058919804,0.8346972176759411,0.3829787234042553,0.6104746317512275
801,1661.6315789473683,3.295597326649958,3.264828738512949,2.3408521303258145,1.3015873015873016,0.6541353383458647,843.6750208855472,5.969089390142022,10.731829573934837,2.152046783625731,1.0,1.152046783625731,0.38345864661654133,0.5580618212197159
802,1722.338804990151,0.10829284307288244,2.3525935653315826,2.642153644123441,1.937623112278398,0.4221930400525279,823.6769533814839,4.942875902823375,9.141825344714379,1.1247537754432042,0.6001313197636244,0.5246224556795798,0.3552199606040709,0.6349310571240971
803,1691.6369485294117,-1.1702573529411764,3.3630514705882355,2.1498161764705883,1.5422794117647058,0.5753676470588235,861.0101102941177,5.845588235294118,10.598345588235293,1.838235294117647,0.8832720588235294,0.9549632352941176,0.41268382352941174,0.5863970588235294
804,1660.1421647819063,4.472342487883684,3.3279483037156705,2.5904684975767367,1.4054927302100162,0.6268174474959612,838.3610662358643,5.508885298869144,10.274636510500807,1.4523424878836833,0.7019386106623586,0.7504038772213247,0.3925686591276252,0.5484652665589661
805,1724.3217450579414,0.7824130879345603,2.5521472392638036,2.6843899113837764,1.6687116564417177,0.46353101567825494,855.6196319018405,5.256987048398091,9.428084526244035,1.7314246762099523,0.8929788684389911,0.8384458077709611,0.35719154737559644,0.621676891615542
806,1698.3316790736146,-1.144582299421009,3.1381306865177834,2.259718775847808,1.467328370554177,0.5128205128205128,823.682382133995,6.186931348221671,11.066997518610421,2.2886683209263854,1.0893300248138957,1.1993382961124897,0.4110835401157982,0.587262200165426
807,1692.4883195177092,4.841273549359458,3.1431801055011306,2.525244913338357,1.4815373021853806,0.5930670685757348,837.1514694800302,5.524491333835719,10.05199698568199,1.6541070082893745,0.7920120572720422,0.8620949510173324,0.3911077618688772,0.544837980406933
808,1743.7848016139878,0.05856758574310687,2.2468056489576327,2.5131136516476125,1.9757901815736383,0.44317417619367855,846.1533288500336,4.935440484196368,9.363819771351714,1.7646267652992602,0.9071956960322798,0.8574310692669805,0.3725622057834566,0.6166778749159382
809,1691.3266871165645,-0.3808052147239264,2.8773006134969323,2.303680981595092,1.677914110429448,0.49309815950920244,846.9156441717791,5.858128834355829,10.739263803680982,1.8044478527607362,0.9003067484662577,0.9041411042944786,0.42024539877300615,0.5736196319018405
810,1684.048115477145,1.2123336006415397,3.1082598235765837,2.640737770649559,1.404971932638332,0.623897353648757,828.9045709703288,5.777866880513232,10.641539695268644,2.3319967923015237,1.037690457097033,1.2943063352044908,0.404971932638332,0.5573376102646351
811,1720.6543121881682,-0.7876265146115466,2.579472558802566,2.7576621525302922,1.7455452601568069,0.46044191019244474,850.3820384889523,5.327156094084105,9.756236635780471,2.1974340698503205,1.1147540983606556,1.082679971489665,0.4262295081967213,0.5687811831789024
812,1672.5805946791863,-0.4907981220657277,2.8129890453834117,2.0555555555555554,1.7104851330203443,0.48982785602503914,839.0007824726134,6.150234741784038,11.033646322378717,1.9248826291079812,0.8818466353677621,1.0430359937402192,0.46087636932707354,0.5305164319248826
813,1626.2917685411574,1.9533333333333331,3.359413202933985,2.4254278728606358,1.4425427872860637,0.6308068459657702,807.6552567237164,6.170334148329259,11.24205378973105,1.6951915240423798,0.797881010594947,0.8973105134474327,0.43683781581092096,0.5232273838630807
814,1694.5615227736234,-0.17702243371855877,2.472467709041468,2.8905506458191708,1.8878314072059823,0.41468388851121685,852.6165873555404,5.229775662814412,9.642420122365738,1.0482664853840924,0.5343303874915024,0.5139360978925901,0.38001359619306596,0.6145479265805575
815,1652.8297297297297,-0.7364234234234235,3.175675675675676,2.5081081081081082,1.2504504504504506,0.5468468468468468,843.1063063063064,6.1954954954954955,11.41081081081081,1.7306306306306307,0.8279279279279279,0.9027027027027027,0.4369369369369369,0.554954954954955
816,1688.3338497288923,3.286034082106894,3.5050348567002323,2.5081332300542214,1.3679318357862122,0.6018590240123934,852.0697134004647,5.205267234701782,9.846630518977538,2.048024786986832,0.9775367931835787,1.0704879938032532,0.3756777691711851,0.5677769171185127
817,1751.5747126436781,-0.6072481406355645,2.346179851250845,2.7734956051386073,2.0121703853955375,0.3975659229208925,872.3820148749155,4.573360378634212,8.493576741041243,1.158891142663962,0.5821501014198783,0.5767410412440839,0.3509127789046653,0.6463826910074375
818,1697.7004405286343,-1.1524140969162995,3.0555066079295155,2.226431718061674,1.53568281938326,0.5295154185022026,837.5083700440529,5.913656387665198,10.877533039647577,2.488105726872247,1.1436123348017622,1.3444933920704847,0.439647577092511,0.5577092511013216
819,1630.3886494252874,2.4988505747126437,3.0208333333333335,2.485632183908046,1.5854885057471264,0.5675287356321839,824.0165229885057,6.145833333333333,11.45617816091954,2.0625,0.9964080459770115,1.0660919540229885,0.4540229885057471,0.4978448275862069
820,1697.3978919631093,0.687266139657444,2.27733860342556,2.839262187088274,1.9308300395256917,0.44598155467720685,854.3860342555995,5.416337285902503,9.900527009222662,1.6765480895915679,0.8741765480895916,0.8023715415019763,0.38801054018445325,0.5955204216073782
821,1621.207768744354,-1.3535591689250226,3.2691960252935863,2.3649503161698284,1.3071364046973803,0.5519421860885275,837.4841915085817,6.547425474254743,12.107497741644083,1.8735320686540198,0.8915989159891599,0.98193315266486,0.4561878952122855,0.5411020776874436
822,1642.6850998463901,3.2525576036866357,2.8433179723502304,2.6267281105990783,1.5307219662058371,0.6013824884792627,824.8640552995391,5.875576036866359,10.719662058371735,1.467741935483871,0.6858678955453149,0.7818740399385561,0.42626728110599077,0.5153609831029186
823,1699.962304409673,0.177724039829303,2.4715504978662874,2.5064011379800855,1.9815078236130867,0.45376955903271693,836.8079658605974,5.3108108108108105,9.7375533428165,1.2069701280227596,0.6137980085348507,0.5931721194879089,0.38051209103840683,0.6031294452347084
824,1685.2483333333332,0.17016666666666666,3.195,2.5925,1.3966666666666667,0.5166666666666667,835.5725,5.815833333333333,10.871666666666666,1.3191666666666666,0.595,0.7241666666666666,0.42083333333333334,0.5708333333333333
825,1633.870883882149,4.01578856152513,3.3743500866551126,2.714038128249567,1.2772963604852687,0.6256499133448874,795.5381282495667,6.200173310225304,11.714038128249566,1.684575389948007,0.82842287694974,0.8561525129982669,0.464471403812825,0.47400346620450606
826,1731.661570535094,-0.20717164697706741,2.5788742182070883,2.694232105628909,1.852675469075747,0.443363446838082,827.0979847116052,5.182070882557332,9.507991660875607,1.437109103544128,0.6914523974982627,0.7456567060458652,0.37387074357192496,0.6150104239054899
827,1663.521028037383,-0.24820872274143302,2.9828660436137073,2.4766355140186915,1.5996884735202492,0.49065420560747663,821.1985981308411,6.11993769470405,10.940809968847352,1.3668224299065421,0.6861370716510904,0.6806853582554517,0.4322429906542056,0.5615264797507789
828,1656.496835443038,3.3603401898734178,3.136867088607595,2.300632911392405,1.4897151898734178,0.6305379746835443,800.5087025316456,6.007120253164557,10.863132911392405,1.9390822784810127,0.9865506329113924,0.9525316455696202,0.3971518987341772,0.5498417721518988
829,1690.0368289637952,0.11136704119850187,2.3158551810237205,2.747191011235955,2.0917602996254683,0.40012484394506864,816.4644194756554,5.436953807740324,10.071785268414482,1.1604244694132335,0.6004993757802747,0.5599250936329588,0.38764044943820225,0.6023720349563046
830,1688.381443298969,-0.053806502775575006,3.0388580491673274,2.3338620142743856,1.4480570975416336,0.48770816812053924,808.7335448057097,5.812053925455987,10.964314036478985,1.660586835844568,0.7946074544012688,0.865979381443299,0.4417129262490087,0.5503568596352102
831,1609.5866780529461,3.971596925704526,3.2485055508112723,2.4415029888983772,1.2570452604611444,0.6609735269000854,803.5687446626815,6.812980358667805,12.505550811272416,2.0273270708795903,0.9675491033304867,1.0597779675491033,0.4824935952177626,0.46029035012809566
832,1657.4645873944119,2.4466861598440546,2.373619233268356,2.657569850552307,1.939571150097466,0.45159194282001297,822.0396361273554,5.757634827810266,10.455490578297596,1.0981156595191683,0.571150097465887,0.5269655620532814,0.39571150097465885,0.5769980506822612
833,1661.395929694727,-0.21029602220166516,3.3274745605920444,2.1822386679000925,1.5346901017576318,0.5707678075855689,827.1221091581868,6.158186864014801,11.304347826086957,1.614246068455134,0.7243293246993524,0.8899167437557817,0.4431082331174838,0.5504162812210915
834,1636.6972972972974,3.885127413127413,3.33976833976834,2.6432432432432433,1.3783783783783783,0.5976833976833977,812.8525096525096,5.95057915057915,11.178378378378378,1.5922779922779924,0.7714285714285715,0.8208494208494208,0.41621621621621624,0.5258687258687259
835,1659.6942266571632,0.5698645759087669,2.6115466856735567,2.8610121168923737,1.7476835352815396,0.4647184604419102,835.0684248039914,6.029223093371347,11.021382751247327,1.435495367070563,0.6970776906628653,0.7384176764076978,0.44476122594440487,0.5431218816821097
836,1662.5035971223022,-0.11759392486011191,3.1183053557154277,2.319744204636291,1.4452438049560352,0.5107913669064749,807.5307753796963,6.399680255795364,11.591526778577139,1.3701039168665068,0.6131095123900879,0.7569944044764189,0.44844124700239807,0.5419664268585132
837,1667.1888888888889,4.134134920634921,3.197619047619048,2.570634920634921,1.496031746031746,0.596031746031746,805.4769841269841,5.747619047619048,10.615079365079366,1.515079365079365,0.7515873015873016,0.7634920634920634,0.43174603174603177,0.5079365079365079
838,1708.2986486486486,-0.08685135135135139,2.1864864864864866,2.547972972972973,2.0283783783783784,0.43648648648648647,797.6716216216216,5.59054054054054,10.427027027027027,1.3743243243243244,0.6601351351351351,0.7141891891891892,0.4,0.5905405405405405
839,1667.7770789657582,-0.5347938504542279,2.6589797344514325,2.350104821802935,1.7106918238993711,0.4339622641509434,803.491963661775,6.029350104821803,11.279524807826695,1.2962962962962963,0.6023759608665269,0.6939203354297694,0.4109014675052411,0.583508036338225
840,1670.3791469194314,2.3202843601895733,2.9747235387045814,2.6011058451816744,1.466824644549763,0.5908372827804107,809.1611374407582,5.983412322274882,11.07740916271722,1.5868878357030016,0.7187993680884676,0.868088467614534,0.46129541864139023,0.48657187993680884
841,1690.8147882268486,-0.3257573582196698,2.522613065326633,2.7681263460157934,1.7351040918880114,0.44651830581478824,800.8571428571429,5.587221823402728,10.665470208183777,1.6848528356066044,0.8391959798994975,0.8456568557071069,0.40344580043072503,0.589375448671931
842,1665.7158154859967,0.8076523887973641,2.9217462932454694,2.2339373970345964,1.5469522240527183,0.49341021416803954,817.5840197693575,5.8904448105436575,10.920098846787479,2.07331136738056,0.9588138385502472,1.114497528830313,0.4332784184514003,0.5535420098846787
843,1597.216723549488,3.833523890784983,3.195392491467577,2.4419795221843,1.4129692832764504,0.6305460750853242,788.9368600682594,6.618600682593857,12.231228668941979,1.9820819112627985,0.9684300341296929,1.0136518771331058,0.46331058020477817,0.48378839590443684
844,1662.9386378961565,0.20743762643290628,2.471341874578557,2.8388401888064734,1.904248145650708,0.4133513149022252,834.8361429534727,5.736345246122724,10.496965610249495,1.026298044504383,0.5448415374241402,0.48145650708024273,0.4052596089008766,0.5832771409305462
845,1690.8221830985915,-0.03158450704225352,3.091549295774648,2.5757042253521125,1.2825704225352113,0.5387323943661971,804.4322183098592,6.234154929577465,11.60475352112676,2.125880281690141,1.0598591549295775,1.0660211267605635,0.44190140845070425,0.5466549295774648
846,1664.9203899268887,1.905004061738424,3.454914703493095,2.470349309504468,1.3574329813160033,0.6141348497156783,778.3257514216084,5.868399675060926,11.247766043866775,1.661251015434606,0.7944760357432982,0.8667749796913079,0.4232331437855402,0.5353371242891958
847,1728.0411046885035,0.5512074502247912,2.3448940269749516,2.739884393063584,1.968529222864483,0.43224149004495827,810.6127167630058,4.96660244059088,9.254335260115607,1.4482980089916506,0.7257546563904945,0.7225433526011561,0.3673731535003211,0.6178548490687219
848,1705.329489291598,0.06039538714991762,2.9060955518945635,2.169686985172982,1.528006589785832,0.5205930807248764,808.0411861614498,5.990939044481054,10.961285008237232,2.238879736408567,1.0683690280065898,1.170510708401977,0.41680395387149916,0.57166392092257
849,1684.4458509142053,2.7943881856540083,2.9838255977496484,2.5436005625879043,1.5168776371308017,0.5710267229254571,782.5604781997187,5.831926863572433,10.932489451476794,1.9451476793248945,0.9177215189873418,1.0274261603375527,0.41561181434599154,0.5267229254571026
850,1731.6223369916074,1.0764880568108457,2.20916720464816,2.7947062621045835,1.9528728211749515,0.4183344092963202,812.879922530665,4.974176888315042,9.263395739186572,1.3072950290510006,0.6623628147191737,0.644932214331827,0.3660426081342802,0.6120077469335055
851,1682.7064721969007,-1.1289243391066546,3.366453965360073,2.5660893345487694,1.2862351868732909,0.5533272561531449,838.2269826800365,6.0291704649042845,11.358249772105744,1.7702825888787603,0.8659981768459435,0.9042844120328167,0.4512306289881495,0.544211485870556
852,1614.3503875968993,3.536813953488372,2.874418604651163,2.6550387596899223,1.4782945736434108,0.5806201550387597,785.9325581395349,6.4728682170542635,11.576744186046511,1.8310077519379846,0.9333333333333333,0.8976744186046511,0.4255813953488372,0.5286821705426357
853,1715.099512874043,0.05782185107863603,2.3646485734168405,2.4446764091858038,1.92901878914405,0.42379958246346555,821.964509394572,5.287404314544189,9.640918580375782,1.416840640222686,0.7418232428670842,0.675017397355602,0.3945720250521921,0.5970772442588727
854,1671.8104524180967,-0.10864274570982842,3.074102964118565,2.5429017160686427,1.4017160686427457,0.48517940717628705,831.3127925117004,6.0600624024961,11.053822152886115,1.4469578783151327,0.7355694227769111,0.7113884555382215,0.4329173166926677,0.5585023400936038
855,1597.179328621908,3.8142137809187275,3.345406360424028,2.5927561837455833,1.2464664310954063,0.6351590106007067,779.7932862190813,6.304770318021202,12.030035335689046,1.308303886925795,0.583922261484099,0.7243816254416962,0.42314487632508835,0.5203180212014135
856,1709.6516339869281,0.815045751633987,2.4830065359477125,2.6013071895424837,1.7457516339869281,0.4261437908496732,792.937908496732,5.35359477124183,9.961437908496732,1.969281045751634,1.0790849673202614,0.8901960784313725,0.3941176470588235,0.5934640522875817
857,1673.4801297648014,-0.11137875101378752,3.032441200324412,2.502027575020276,1.519059205190592,0.5004055150040552,808.9870235198703,6.078669910786699,11.276561232765612,1.9424168694241688,0.9172749391727494,1.0251419302514193,0.4468775344687753,0.5417680454176804
858,1653.150641025641,4.267083333333333,3.1786858974358974,2.4599358974358974,1.4439102564102564,0.6266025641025641,809.7604166666666,6.03125,10.857371794871796,1.765224358974359,0.8637820512820513,0.9014423076923077,0.4286858974358974,0.5
859,1770.0333131435493,-0.026941247728649316,2.1568746214415504,2.6644457904300425,1.9963658388855239,0.3646274984857662,801.5850999394306,4.765596608116293,8.887341005451242,1.5063597819503332,0.7704421562689279,0.7359176256814052,0.3367655966081163,0.6565717746820109
860,1694.016393442623,-0.6204918032786886,2.936768149882904,2.330210772833724,1.4621389539422327,0.48009367681498827,819.239656518345,5.719750195160032,10.688524590163935,1.5573770491803278,0.7330210772833724,0.8243559718969555,0.40437158469945356,0.5909445745511319
861,1658.1147811725846,2.5170437654830717,3.35177539223782,2.389760528488852,1.3501238645747315,0.6308835672997523,801.0346820809249,5.953757225433526,11.159372419488026,2.126341866226259,1.028075970272502,1.0982658959537572,0.43022295623451695,0.5227085053674649
862,1701.2488479262672,-0.6868005266622779,2.32587228439763,2.676761026991442,1.912442396313364,0.41145490454246214,806.5766951942068,5.41540487162607,10.016458196181699,1.0585911784068467,0.49177090190915074,0.5668202764976958,0.3818301514154049,0.6115865701119158
863,1659.0560578661843,-0.863254972875226,3.2043399638336347,2.2305605786618443,1.4620253164556962,0.5641952983725136,815.9683544303797,6.3779385171790235,11.691681735985533,1.5804701627486437,0.7459312839059674,0.8345388788426763,0.42857142857142855,0.5678119349005425
864,1691.8430188679245,4.487984905660377,3.3909433962264153,2.6664150943396225,1.3818867924528302,0.609811320754717,815.3343396226416,5.110943396226415,9.529811320754717,2.0664150943396224,0.9947169811320755,1.0716981132075472,0.37660377358490565,0.5547169811320755
865,1768.5825105782792,-0.41301128349788435,2.4767277856135403,2.728490832157969,1.6988716502115655,0.44781382228490835,819.3434414668548,4.78490832157969,8.764456981664315,1.995768688293371,0.9816643159379408,1.0141043723554302,0.36459802538787023,0.6283497884344147
866,1700.598807495741,-0.1021039182282794,3.27427597955707,2.348381601362862,1.350085178875639,0.5221465076660988,829.2402044293016,5.7010221465076665,10.707836456558773,2.5868824531516186,1.2308347529812607,1.3560477001703577,0.4148211243611584,0.5724020442930153
867,1714.0974025974026,4.636565656565656,3.1154401154401152,2.4776334776334776,1.5007215007215007,0.5974025974025974,820.3340548340549,5.17027417027417,9.458152958152958,1.8383838383838385,0.8383838383838383,1.0,0.37157287157287155,0.5533910533910534
868,1746.9011667810569,0.4393960192175704,2.236101578586136,2.6595744680851063,2.0054907343857242,0.425531914893617,827.2031571722717,4.901166781056967,9.061770761839396,1.4358270418668497,0.730267673301304,0.7055593685655457,0.3369938229238161,0.6485929993136582
869,1754.2635658914728,-0.8770894996476392,2.693446088794926,2.306553911205074,1.6553911205073997,0.45172656800563776,835.1670190274841,5.131782945736434,9.599718111346018,2.2586328400281888,1.0274841437632136,1.2311486962649754,0.38054968287526425,0.6152219873150105
870,1728.1614664586584,4.285577223088923,3.0514820592823715,2.65600624024961,1.5226209048361934,0.6326053042121685,837.408736349454,5.0522620904836195,9.45241809672387,1.9040561622464898,0.921996879875195,0.9820592823712948,0.3783151326053042,0.5624024960998439
871,1738.5035063113605,-0.00026647966339414606,2.4873772791023843,2.73562412342216,1.744039270687237,0.42917251051893407,822.4060308555399,5.08625525946704,9.457223001402525,2.3260869565217392,1.1816269284712482,1.1444600280504909,0.3751753155680224,0.6164095371669004
872,1712.8515081206497,-0.6505955143078113,2.7973704563031707,2.166279969064192,1.740139211136891,0.48569218870843,853.1314771848414,5.40061871616396,10.012374323279195,2.0201082753286927,0.9783449342614076,1.0417633410672853,0.3580819798917247,0.637277648878577
873,1626.010761589404,1.9251241721854306,3.1903973509933774,2.4652317880794703,1.3841059602649006,0.625,808.1895695364238,6.118377483443709,11.611754966887418,1.5943708609271523,0.7442052980132451,0.8501655629139073,0.4279801324503311,0.5314569536423841
874,1720.7046496398166,0.5850229207596594,2.39554682383759,2.8009168303863787,1.8644400785854618,0.41453831041257366,813.7871643745907,5.015717092337917,9.250163719711853,1.1761624099541585,0.6136214800261951,0.5625409299279633,0.3516699410609037,0.6371971185330714
875,1640.5326086956522,-0.8214673913043479,3.1050724637681157,2.5208333333333335,1.2789855072463767,0.552536231884058,839.0108695652174,6.58786231884058,12.102355072463768,2.2817028985507246,1.022644927536232,1.2590579710144927,0.4882246376811594,0.5081521739130435
876,1667.9435421500386,3.2913302397525133,3.4601701469450887,2.4145398298530547,1.3727764887857696,0.5947409126063419,810.9257540603248,5.853828306264501,10.791956689868522,1.8878576952822892,0.8623356535189481,1.025522041763341,0.44160866202629545,0.49729311678267596
877,1699.6782945736434,-0.013210594315245471,2.296511627906977,2.742894056847545,1.9870801033591732,0.39082687338501293,826.1395348837209,5.31266149870801,9.917958656330748,1.2390180878552972,0.6298449612403101,0.6091731266149871,0.3850129198966408,0.603359173126615
878,1679.378679395386,0.22502784407319015,2.805887032617343,2.1352426412092282,1.5544948289578362,0.5059665871121718,836.42322991249,5.5823389021479715,10.58472553699284,1.3953858392999205,0.6961018297533811,0.6992840095465394,0.41686555290373906,0.5712012728719172
879,1668.9339272457312,4.09467706013363,3.0742390497401635,2.6102449888641424,1.5367483296213809,0.5961395694135115,828.4209354120268,5.651076466221232,10.602078693392725,1.5671863400148478,0.7201187824795843,0.8470675575352635,0.42538975501113585,0.5070527097253155
880,1726.9789137380192,0.30061341853035145,2.182747603833866,2.8191693290734823,1.9194888178913738,0.412779552715655,843.1476038338658,5.125878594249201,9.598722044728435,1.4690095846645368,0.7175718849840256,0.7514376996805112,0.3782747603833866,0.6019169329073483
881,1716.0726643598616,-1.3179152249134949,3.134083044982699,2.4057093425605536,1.3538062283737025,0.5181660899653979,850.7993079584775,5.6842560553633215,10.503460207612457,2.153114186851211,0.9818339100346021,1.171280276816609,0.42214532871972316,0.5769896193771626
882,1680.0280442804428,4.8805018450184505,2.847970479704797,2.4907749077490773,1.4929889298892989,0.5594095940959409,795.7653136531366,5.210332103321033,9.828044280442805,1.596309963099631,0.7675276752767528,0.8287822878228782,0.396309963099631,0.5350553505535055
883,1778.4101838755305,-1.077114568599717,2.3168316831683167,2.434936350777935,1.961103253182461,0.4214992927864215,801.8274398868458,4.3408769448373405,8.222772277227723,1.504950495049505,0.7517680339462518,0.7531824611032532,0.35855728429985856,0.64002828854314
884,1693.4987674609697,-0.4924157764995891,3.115036976170912,2.5727198027937552,1.3878389482333606,0.5119145439605588,846.2136400986032,5.695152013147083,10.448644207066557,1.6064092029580936,0.7674609695973705,0.8389482333607231,0.41248972884141333,0.581758422350041
885,1682.6380016380017,1.783865683865684,3.547092547092547,2.6437346437346436,1.2432432432432432,0.6224406224406225,822.8730548730549,5.3734643734643734,10.276003276003276,1.9492219492219491,0.9402129402129402,1.009009009009009,0.4168714168714169,0.5405405405405406
886,1771.4089993284083,-0.1882202820685024,2.5124244459368703,2.6427132303559437,1.7877770315648085,0.41907320349227667,852.9267965077233,4.451981195433176,8.249160510409672,1.435191403626595,0.7461383478844862,0.6890530557421088,0.34721289456010745,0.6447280053727333
887,1697.1696,-0.9561440000000001,2.98,2.2552,1.5416,0.5056,855.9,5.4632,10.128,1.2728,0.5984,0.6744,0.4264,0.5704
888,1652.3173948887056,5.303594394064303,3.24237427864798,2.444352844187964,1.4460016488046166,0.6397361912613355,815.0931574608409,5.416323165704864,10.181368507831822,1.5457543281121187,0.7732893652102226,0.7724649629018961,0.3973619126133553,0.52679307502061
889,1725.5323058684055,1.8143509187907527,2.228808535862478,2.6899822169531715,1.998221695317131,0.4036751630112626,846.2904564315353,4.867219917012448,9.055127445168939,1.3005334914048607,0.6633076467101363,0.6372258446947243,0.36751630112625966,0.6081802015411973
890,1707.8695652173913,-0.5482608695652175,2.9707509881422927,2.3225296442687746,1.500395256916996,0.5098814229249012,822.2766798418972,5.6347826086956525,10.47114624505929,1.808695652173913,0.892490118577075,0.916205533596838,0.43715415019762843,0.5573122529644269
891,1644.3188277087033,2.261865008880995,3.238898756660746,2.4014209591474245,1.3490230905861456,0.6536412078152753,817.8747779751333,5.906749555950267,11.208703374777976,1.5976909413854352,0.7646536412078153,0.8330373001776199,0.4325044404973357,0.5204262877442274
892,1717.1512226512227,1.5218339768339768,2.3539253539253537,2.7258687258687258,1.927927927927928,0.44594594594594594,840.8970398970399,4.859073359073359,9.117760617760618,1.2271557271557272,0.6274131274131274,0.5997425997425997,0.3803088803088803,0.5997425997425997
893,1595.9861623616237,-1.1487453874538744,3.2038745387453873,2.1411439114391144,1.5488929889298892,0.577490774907749,804.0728782287823,6.6337638376383765,12.698339483394834,1.1992619926199262,0.5728782287822878,0.6263837638376384,0.4870848708487085,0.5101476014760148
894,1632.1157024793388,3.664719008264463,3.1454545454545455,2.695867768595041,1.4272727272727272,0.6041322314049586,813.9157024793388,5.650413223140496,10.842148760330579,1.2272727272727273,0.5066115702479339,0.7206611570247934,0.4190082644628099,0.5198347107438016
895,1710.6902959394356,0.6040880935994494,2.431520991052994,2.724707501720578,1.693737095664143,0.42945629731589813,799.849277357192,5.018582243633861,10.059187887130076,1.6813489332415692,0.805230557467309,0.8761183757742601,0.4225739848589126,0.5629731589814178
896,1651.8839826839826,-0.9804242424242425,3.2372294372294372,2.308225108225108,1.3887445887445888,0.529004329004329,816.8225108225108,5.752380952380952,11.25021645021645,1.632034632034632,0.787012987012987,0.845021645021645,0.4614718614718615,0.5341991341991342
897,1662.1257575757577,3.9691060606060606,3.106818181818182,2.496969696969697,1.5075757575757576,0.5848484848484848,801.8810606060606,5.503787878787879,10.409090909090908,1.8651515151515152,0.8477272727272728,1.0174242424242423,0.4287878787878788,0.5098484848484849
898,1771.230563002681,0.4670040214477212,2.170911528150134,2.567024128686327,1.9336461126005362,0.4202412868632708,809.4993297587131,4.471849865951743,8.080428954423592,1.628686327077748,0.7848525469168901,0.8438337801608579,0.35723860589812334,0.6293565683646113
899,1678.756134969325,-0.8475920245398773,2.89340490797546,2.28680981595092,1.5789877300613497,0.4785276073619632,796.286809815951,5.633435582822086,10.779907975460123,1.9486196319018405,0.8650306748466258,1.0835889570552146,0.44401840490797545,0.5513803680981595
900,1700.6300309597523,3.328986068111455,2.9527863777089784,2.5487616099071206,1.4690402476780187,0.5843653250773994,800.4953560371517,5.048761609907121,9.73452012383901,2.4628482972136223,1.0913312693498451,1.3715170278637772,0.4001547987616099,0.5410216718266254
901,1741.0735400144197,-0.7526459985580389,2.5349675558759914,2.802451333813987,1.7541456380677722,0.4383561643835616,779.9084354722422,4.7036770007209805,9.090122566690699,1.9387166546503245,0.9812545061283345,0.9574621485219899,0.39221341023792355,0.6041816870944484
902,1696.251134644478,-0.6057715582450831,2.6717095310136156,2.1754916792738275,1.6444780635400909,0.46671709531013617,808.2776096822995,5.235249621785174,9.992435703479577,1.7223903177004538,0.7889561270801816,0.9334341906202723,0.43645990922844174,0.556732223903177
903,1633.72131147541,3.3296639344262298,3.2581967213114753,2.3836065573770493,1.4360655737704917,0.6303278688524591,789.9885245901639,5.844262295081967,11.077868852459016,1.7024590163934425,0.7508196721311475,0.9516393442622951,0.430327868852459,0.510655737704918
904,1703.332075471698,1.6486415094339624,2.3044025157232704,2.720754716981132,1.8157232704402515,0.3987421383647799,808.3805031446541,5.0553459119496855,9.554716981132076,1.4251572327044024,0.6849056603773584,0.740251572327044,0.38238993710691827,0.5993710691823899
905,1678.6313446126446,0.17902048085485303,3.211041852181656,2.6251113089937665,1.2528940338379342,0.5378450578806767,821.3926981300089,5.821905609973286,10.848619768477294,2.3437221727515585,1.0445235975066784,1.2991985752448798,0.44434550311665183,0.5467497773820125
906,1703.508866615266,3.6474942174248266,3.430994602929838,2.3862760215882806,1.389360061680802,0.6013878180416345,828.4387047031612,5.321511179645335,9.794140323824209,1.8172706245181187,0.9036237471087124,0.9136468774094063,0.4124903623747109,0.5273708558211256
907,1757.3515424164525,0.5929884318766067,2.2718508997429305,2.6863753213367607,1.986503856041131,0.39781491002570696,844.262853470437,4.575192802056555,8.550771208226221,1.4884318766066837,0.7532133676092545,0.7352185089974294,0.3643958868894602,0.6253213367609255
908,1712.7768456375838,-0.7402936241610738,2.9672818791946307,2.1543624161073827,1.5679530201342282,0.5092281879194631,849.1736577181208,5.7114093959731544,10.484060402684564,1.99496644295302,0.9807046979865772,1.014261744966443,0.40687919463087246,0.5906040268456376
909,1662.4180505415163,3.8907942238267146,3.0851985559566786,2.5545126353790613,1.4815884476534296,0.5956678700361011,804.7501805054152,5.781227436823105,10.740794223826715,1.8404332129963898,0.8628158844765343,0.9776173285198556,0.43971119133574005,0.49458483754512633
910,1719.3231357552581,0.1731102613129382,2.2052262587635436,2.7539834289356278,1.88591459528362,0.4212874442319949,811.4206500956022,5.247291268323773,9.7119184193754,1.622689611217336,0.7807520713830465,0.8419375398342893,0.40854047163798596,0.5793499043977055
911,1659.8147086914996,-0.6734001910219676,3.541547277936963,2.518624641833811,1.2846227316141356,0.5682903533906399,825.8481375358166,6.197707736389685,11.720152817574021,2.194842406876791,1.1002865329512894,1.0945558739255015,0.48519579751671443,0.5071633237822349
912,1622.6471893491125,3.7928476331360947,2.9585798816568047,2.56508875739645,1.4940828402366864,0.5865384615384616,793.1486686390532,6.025147928994083,10.959319526627219,1.3742603550295858,0.6849112426035503,0.6893491124260355,0.4326923076923077,0.5081360946745562
913,1698.1856946354883,0.09775790921595598,2.339752407152682,2.392709766162311,1.9298486932599725,0.422283356258597,811.4277854195324,5.305364511691884,9.751031636863823,1.0392022008253095,0.5440165061898212,0.4951856946354883,0.39752407152682256,0.5949105914718019
914,1662.2569610182975,0.4330946698488464,3.148766905330151,2.605409705648369,1.3778838504375497,0.5091487669053302,832.6857597454256,5.844868735083533,10.79156722354813,1.6722354813046938,0.8050914876690533,0.8671439936356404,0.46857597454256167,0.5210819411296739
915,1651.1629570747218,3.9273370429252785,3.537360890302067,2.5906200317965022,1.1327503974562798,0.6033386327503975,776.2011128775835,6.001589825119237,10.981717011128776,1.926073131955485,0.8990461049284578,1.027027027027027,0.4364069952305246,0.49761526232114467
916,1714.4821312540612,0.37831059129304745,2.47498375568551,2.5659519168291096,1.755685510071475,0.43664717348927873,809.1448992852502,5.1721897335932425,9.60688758934373,1.4899285250162444,0.7673814165042235,0.7225471085120208,0.39766081871345027,0.5919428200129955
917,1679.954905063291,-0.8581329113924051,3.026898734177215,2.3338607594936707,1.4849683544303798,0.5,835.4746835443038,5.742879746835443,10.894778481012658,1.2365506329113924,0.5506329113924051,0.6859177215189873,0.45569620253164556,0.5371835443037974
918,1672.4325798908808,3.9490724863600932,3.195635229929852,2.334372564302416,1.4536243180046766,0.5970381917381138,822.3850350740452,5.939204988308652,10.636788776305535,2.142634450506625,1.0436477007014808,1.0989867498051442,0.3959469992205768,0.5354637568199533
919,1722.302570093458,0.9124883177570092,2.248247663551402,2.6536214953271027,1.9853971962616823,0.3901869158878505,824.9760514018692,4.974299065420561,9.326518691588785,1.6179906542056075,0.8002336448598131,0.8177570093457944,0.36740654205607476,0.6144859813084113
920,1672.6413373860182,-0.19822188449848024,2.925531914893617,2.3191489361702127,1.4886018237082066,0.46656534954407297,811.0949848024316,6.144376899696049,11.148936170212766,1.7044072948328268,0.8457446808510638,0.8586626139817629,0.4506079027355623,0.541033434650456
921,1683.6445837063563,2.742945389435989,3.5783348254252463,2.4565801253357207,1.3249776186213071,0.6598030438675022,817.490599820949,5.649955237242614,10.470008952551478,1.7179946284691137,0.7752909579230081,0.9427036705461056,0.41897940913160253,0.5362578334825425
922,1711.6927631578947,0.04651315789473683,2.386842105263158,2.7,1.9684210526315788,0.4407894736842105,814.7447368421052,5.300657894736842,9.604605263157895,0.9546052631578947,0.4473684210526316,0.5072368421052632,0.39276315789473687,0.5947368421052631
923,1633.8187855787476,-0.8003415559772297,3.3178368121442126,2.1299810246679316,1.3785578747628084,0.5635673624288425,801.420303605313,6.531309297912713,12.090132827324478,1.3500948766603416,0.6290322580645161,0.7210626185958254,0.45540796963946867,0.540796963946869
924,1612.1937984496124,4.218930232558139,3.3232558139534882,2.5968992248062017,1.3868217054263565,0.6139534883720931,807.3201550387597,6.108527131782946,11.448062015503876,1.2720930232558139,0.6333333333333333,0.6387596899224807,0.44263565891472867,0.4945736434108527
925,1720.9166666666667,0.6360907859078591,2.4762872628726287,2.7181571815718155,1.6524390243902438,0.43157181571815717,803.2567750677507,5.336720867208672,9.914634146341463,1.5494579945799458,0.8353658536585366,0.7140921409214093,0.38279132791327913,0.6016260162601627
926,1711.9066115702478,-0.858206611570248,3.156198347107438,2.177685950413223,1.4049586776859504,0.5016528925619834,825.8512396694215,5.737190082644628,10.611570247933884,1.8495867768595042,0.8330578512396695,1.0165289256198347,0.41487603305785126,0.5818181818181818
927,1668.594180704441,3.883920367534456,3.285604900459418,2.532924961715161,1.4992343032159265,0.6049004594180705,810.021439509954,5.860643185298621,10.623277182235835,1.5,0.7679938744257274,0.7320061255742726,0.43644716692189894,0.5
928,1742.7269670477472,-0.7367720242098184,2.1654337592468056,2.50773369199731,1.9253530598520512,0.4317417619367855,795.5373234700739,5.134498991257566,9.499663752521856,1.917955615332885,0.9657027572293208,0.9522528581035642,0.39677202420981844,0.5991930060524546
929,1739.9806728704366,-1.116148890479599,2.7365783822476737,2.27630637079456,1.6513958482462419,0.44667143879742305,842.4996420901932,5.601288475304223,10.13027916964925,1.721546170365068,0.8081603435934145,0.9133858267716536,0.4037222619899785,0.5934144595561919
930,1650.4537107880642,3.005263963274675,2.9089517980107114,2.54858454475899,1.4452945677123183,0.6029074215761285,812.6579954093344,6.026778882938026,11.283091048201989,1.655700076511094,0.7345065034429993,0.9211935730680949,0.4177505738332058,0.5302218821729151
931,1693.2338545207342,-0.6444527532290959,2.4928619986403806,2.66281441196465,1.7192386131883073,0.44255608429639703,835.6390210740992,5.8708361658735555,10.816451393609789,1.565601631543168,0.7579877634262406,0.8076138681169273,0.42420122365737595,0.5703602991162474
932,1663.8329238329238,-0.5924488124488124,2.8853398853398855,2.067977067977068,1.6945126945126945,0.5012285012285013,820.3521703521703,6.0712530712530715,11.253071253071253,1.2153972153972155,0.6044226044226044,0.6109746109746109,0.43407043407043405,0.5593775593775594
933,1606.611528822055,2.721453634085213,3.3233082706766917,2.357560568086884,1.3391812865497077,0.633249791144528,812.2715121136174,6.487886382623225,12.240601503759398,1.0451127819548873,0.46950710108604843,0.5756056808688388,0.4578111946532999,0.49456975772765244
934,1725.069034852547,-0.3990281501340483,2.5093833780160857,2.8693029490616624,1.8954423592493297,0.4457104557640751,827.2030831099196,5.0462466487935655,9.548257372654156,1.3264075067024128,0.6890080428954424,0.6373994638069705,0.39276139410187666,0.599195710455764
935,1692.735269000854,-0.5111357813834331,3.028181041844577,2.561058923996584,1.2715627668659266,0.5516652433817251,816.537147736977,6.15798462852263,11.234842015371477,1.8633646456020496,0.9701110162254484,0.8932536293766012,0.4466268146883006,0.5456874466268147
936,1633.431906614786,2.24284046692607,3.5245136186770427,2.4147859922178987,1.353307392996109,0.5875486381322957,798.7089494163424,6.447470817120623,11.729961089494163,1.353307392996109,0.6287937743190661,0.7245136186770428,0.4466926070038911,0.5105058365758754
937,1666.5240775484679,0.6078799249530957,2.3327079424640402,2.608505315822389,1.8936835522201376,0.4377736085053158,821.0187617260788,5.528455284552845,10.440275171982488,0.8899312070043778,0.4509068167604753,0.43902439024390244,0.4208880550343965,0.5672295184490307
938,1685.6095551894564,0.10572487644151563,2.9621087314662273,2.239703459637562,1.4761120263591434,0.5230642504118617,827.1144975288303,6.121911037891269,11.36985172981878,1.7364085667215816,0.8542009884678748,0.8822075782537068,0.41762767710049425,0.5724876441515651
939,1663.1505226480836,4.4007456445993025,3.059233449477352,2.456445993031359,1.551219512195122,0.562369337979094,817.5560975609756,5.575609756097561,10.67595818815331,1.4445993031358886,0.7449477351916376,0.6996515679442509,0.4,0.5261324041811847
940,1735.4938351719663,0.6704672290720312,2.371836469824789,2.835171966255678,1.8948734587929916,0.43413367942894227,818.6651524983777,5.213497728747567,9.520441271901364,1.4633354964308891,0.754055807916937,0.709279688513952,0.3835171966255678,0.6009085009733939
941,1660.446037099494,0.00528667790893759,3.1888701517706575,2.399662731871838,1.245362563237774,0.5286677908937606,817.8473861720067,6.460370994940978,11.913996627318719,1.705733558178752,0.8035413153456998,0.9021922428330523,0.4620573355817875,0.5278246205733558
942,1655.490364025696,3.952155603140614,2.903640256959315,2.6074232690935046,1.4810849393290506,0.5688793718772306,812.2619557458958,5.801570306923626,10.71948608137045,1.198429693076374,0.6031406138472519,0.5952890792291221,0.4147037830121342,0.5210563882940756
943,1709.8676569885213,0.4059284267386901,2.4179608372721133,2.4490209318028358,1.9412559081701553,0.4510465901417961,845.0,5.451721809588116,9.948008102633356,1.2916948008102633,0.6455097906819717,0.6461850101282917,0.41458474004051316,0.5712356515867657
944,1640.67421875,0.32026562499999994,3.11328125,2.465625,1.48671875,0.503125,841.34453125,6.5609375,11.83046875,1.7484375,0.85625,0.8921875,0.4734375,0.5171875
945,1623.6577629382305,2.9396994991652754,3.5125208681135227,2.621035058430718,1.1619365609348915,0.6477462437395659,808.491652754591,6.489148580968281,12.161936560934892,1.9549248747913188,0.9540901502504173,1.0008347245409015,0.4791318864774624,0.4657762938230384
946,1663.6316480630335,0.16647406434668416,2.5082074852265266,2.563361785948785,1.7334208798424162,0.4294156270518713,807.8877216021011,5.864740643466842,10.97833223900197,1.2541037426132633,0.6303348653972423,0.623768877216021,0.42284963887065,0.5659881812212738
947,1683.34375,-0.24666920731707317,2.932926829268293,2.336890243902439,1.6044207317073171,0.48551829268292684,838.0045731707318,5.730945121951219,10.682164634146341,1.7942073170731707,0.850609756097561,0.9435975609756098,0.41310975609756095,0.5807926829268293
948,1618.8523023457863,3.5238053866203303,3.055603822762815,2.3822762814943528,1.4839270199826238,0.6429192006950478,790.8801042571677,6.485664639443962,11.987836663770635,1.6880973066898348,0.8088618592528236,0.8792354474370113,0.475238922675934,0.48132059079061684
949,1703.6553571428572,1.0205119047619047,2.1892857142857145,2.6660714285714286,1.9839285714285715,0.38452380952380955,803.9607142857143,5.533333333333333,10.084523809523809,1.4946428571428572,0.775,0.7196428571428571,0.3672619047619048,0.6148809523809524
950,1726.782208588957,-1.2010812883435582,2.9056748466257667,2.2177914110429446,1.5038343558282208,0.48236196319018404,820.1894171779142,5.769171779141105,10.833588957055214,2.209355828220859,1.1365030674846626,1.0728527607361964,0.4378834355828221,0.5590490797546013
951,1623.6812227074236,1.4558253275109172,3.3021834061135373,2.383406113537118,1.2541484716157205,0.6480349344978166,798.4847161572052,6.667248908296943,12.204366812227073,1.7100436681222708,0.8611353711790393,0.8489082969432314,0.4462882096069869,0.5231441048034935
952,1662.189785624212,1.2670491803278687,2.298234552332913,2.670239596469105,1.882093316519546,0.44388398486759145,801.5718789407314,5.703026481715006,10.523959646910466,1.223203026481715,0.6261034047919294,0.5970996216897856,0.42370744010088274,0.5510718789407314
953,1618.2587800369686,-0.8144731977818854,3.2356746765249538,2.146950092421442,1.4584103512014788,0.5767097966728281,817.8585951940851,7.055452865064695,12.658040665434381,1.33271719038817,0.6617375231053605,0.6709796672828097,0.5,0.49353049907578556
954,1626.2884615384614,3.7787,3.2715384615384617,2.6538461538461537,1.363846153846154,0.6007692307692307,819.0592307692308,6.046923076923077,11.323846153846153,1.5515384615384615,0.7669230769230769,0.7846153846153846,0.4453846153846154,0.49538461538461537
955,1716.0328441649197,-0.6720475192173305,2.5213137665967853,2.748427672955975,1.7204751921733055,0.44025157232704404,825.1502445842068,5.338923829489867,9.985324947589099,1.7113906359189377,0.8525506638714185,0.8588399720475192,0.4227812718378756,0.5716282320055905
956,1667.6326013513512,-0.7463597972972973,3.175675675675676,2.2432432432432434,1.4298986486486487,0.5329391891891891,837.8859797297297,5.989864864864865,11.005912162162161,1.6748310810810811,0.762668918918919,0.9121621621621622,0.48057432432432434,0.5143581081081081
957,1654.983244478294,4.29971820258949,3.118811881188119,2.4257425742574257,1.4645849200304646,0.6115765422696116,814.1675552170601,5.754760091393755,10.322162985529323,1.4805788271134805,0.7265803503427266,0.753998476770754,0.4219345011424219,0.5156130997715156
958,1705.4194200944032,0.915104517869184,2.2258934592043156,2.5697909642616317,1.9932569116655428,0.445043830074174,804.3728927848955,5.304787592717465,9.958192852326366,1.8988536749831422,0.9035738368172623,0.99527983816588,0.4120026972353338,0.5745111260957518
959,1667.6706629055006,-0.2436459802538787,2.6671368124118477,2.2651622002820875,1.630465444287729,0.4590973201692525,836.8554301833568,5.992947813822285,11.008462623413259,1.8956276445698166,0.8617771509167842,1.0338504936530324,0.4386459802538787,0.5528913963328632
960,1634.9907904834997,3.9269455103607065,2.9363008442056793,2.5195702225633156,1.4190330007674596,0.5993860322333078,802.0721412125863,6.3207981580967,11.633921719109747,2.141212586339217,1.0084420567920185,1.1327705295471988,0.45203376822716806,0.4911742133537989
961,1728.8,-0.807993031358885,2.5365853658536586,2.7630662020905925,1.6898954703832754,0.45505226480836236,826.2891986062717,5.466898954703833,9.83205574912892,1.5958188153310104,0.8020905923344948,0.7937282229965157,0.4013937282229965,0.5944250871080139
962,1626.1161538461538,-0.25885384615384616,2.7846153846153845,2.183076923076923,1.63,0.49923076923076926,811.7415384615384,6.46076923076923,11.981538461538461,1.3784615384615384,0.6907692307692308,0.6876923076923077,0.4753846153846154,0.5115384615384615
963,1608.7928452579035,1.939708818635607,3.3369384359401,2.4217970049916806,1.399334442595674,0.668053244592346,836.5723793677205,6.732113144758736,12.242096505823627,1.543261231281198,0.7113144758735441,0.831946755407654,0.4550748752079867,0.5058236272878536
964,1695.6948924731182,-0.5282862903225807,2.4388440860215055,2.8548387096774195,1.8870967741935485,0.4307795698924731,858.7809139784946,5.706989247311828,10.346774193548388,1.3151881720430108,0.6048387096774194,0.7103494623655914,0.4314516129032258,0.5625
965,1671.4471830985915,-0.06065140845070421,3.096830985915493,2.5818661971830985,1.267605633802817,0.5369718309859155,828.7588028169014,6.125,11.357394366197184,1.6980633802816902,0.8397887323943662,0.858274647887324,0.49119718309859156,0.5017605633802817
966,1647.9307010475422,2.173440773569702,3.486704270749396,2.4875100725221597,1.3835616438356164,0.6236905721192587,800.9290894439968,6.120870265914585,11.021756647864626,1.8122481869460112,0.8984689766317486,0.9137792103142627,0.4375503626107977,0.5165189363416599
967,1691.122730118973,1.0948403256105197,2.242955541640576,2.6324358171571696,1.942391984971822,0.4045084533500313,829.3675641828428,5.597996242955541,9.939887288666249,1.17407639323732,0.6236693800876644,0.5504070131496556,0.41014402003757044,0.5735754539762054
968,1655.3230125523012,-0.6007364016736402,2.9707112970711296,2.1832635983263597,1.5288702928870292,0.5121338912133891,807.6384937238494,6.573221757322176,11.835146443514644,1.903765690376569,0.9054393305439331,0.998326359832636,0.46276150627615065,0.5313807531380753
969,1644.2278654770075,2.705792724776939,3.006863417982155,2.484557309540151,1.5181880576527111,0.5380919698009609,814.1159917638985,5.867536032944407,10.771448181194234,1.5909402882635553,0.7536032944406315,0.8373369938229238,0.42278654770075497,0.5264241592312972
970,1705.4090019569471,0.21598825831702545,2.244618395303327,2.829093281148076,1.883235485975212,0.43118069145466403,811.7364644487932,5.500978473581213,9.960208741030659,1.375081539465101,0.6973255055446836,0.6777560339204175,0.410958904109589,0.5727332028701891
971,1622.1982608695653,-1.363017391304348,3.2113043478260868,2.2817391304347825,1.3191304347826087,0.5243478260869565,826.1591304347826,6.616521739130435,12.30695652173913,1.3921739130434783,0.6678260869565218,0.7243478260869565,0.49217391304347824,0.5060869565217392
972,1601.8923192771085,2.9066265060240966,2.9254518072289155,2.539909638554217,1.4585843373493976,0.5647590361445783,804.031626506024,6.470632530120482,11.954819277108435,1.480421686746988,0.6746987951807228,0.8057228915662651,0.44728915662650603,0.5
973,1688.9310344827586,-0.2722515212981745,2.340770791075051,2.396889790398918,1.933739012846518,0.42866801893171064,820.7417173766058,5.501014198782961,9.899932386747803,1.052738336713996,0.537525354969574,0.5152129817444219,0.41446923597025015,0.5767410412440839
974,1680.9063829787235,-0.5333191489361703,3.174468085106383,2.403404255319149,1.4195744680851063,0.5404255319148936,840.0740425531915,6.094468085106383,11.133617021276596,1.701276595744681,0.8229787234042554,0.8782978723404256,0.43829787234042555,0.5540425531914893
975,1619.946910356832,3.2900957354221063,3.5900783289817233,2.660574412532637,1.2332463011314185,0.68059181897302,797.9103568320279,6.4255874673629245,11.900783289817232,1.7014795474325501,0.865970409051349,0.835509138381201,0.4586597040905135,0.4865100087032202
976,1701.3572841133816,-0.6010547132498352,2.4555042847725774,2.5833882663150955,1.7554383651944627,0.4416611733684904,811.8846407382993,5.5833882663150955,10.205669083717865,1.028345418589321,0.5464733025708636,0.4818721160184575,0.4080421885299934,0.5866842452208306
977,1663.4228971962616,-0.20657320872274149,2.9742990654205608,2.309968847352025,1.5560747663551402,0.48753894080996885,847.4439252336449,6.052959501557632,10.949376947040498,1.2390965732087227,0.5848909657320872,0.6542056074766355,0.4517133956386293,0.5381619937694704
978,1628.672874493927,3.716331983805668,3.2064777327935223,2.2939271255060727,1.4728744939271254,0.6210526315789474,801.0955465587044,6.464777327935223,11.791902834008097,1.5562753036437247,0.7473684210526316,0.8089068825910931,0.4493927125506073,0.4931174089068826
979,1683.5457209847598,1.2875556858147712,2.2063305978898007,2.6582649472450175,1.988862837045721,0.3851113716295428,805.048651817116,5.56506447831184,10.189917936694021,1.2637749120750292,0.6465416178194607,0.6172332942555686,0.3950762016412661,0.5855803048065651
980,1635.9693548387097,-0.8721774193548387,2.9548387096774196,2.2983870967741935,1.4733870967741935,0.5241935483870968,786.4008064516129,6.622580645161291,12.65,1.695967741935484,0.807258064516129,0.8887096774193548,0.49516129032258066,0.4975806451612903
981,1593.9609895337774,0.7574976213130352,3.2892483349191246,2.369172216936251,1.2987630827783063,0.6308277830637488,793.6812559467174,6.850618458610847,12.730732635585158,1.582302568981922,0.736441484300666,0.845861084681256,0.48430066603235017,0.4966698382492864
982,1678.1438802083333,1.2820768229166666,2.3131510416666665,2.6145833333333335,1.9615885416666667,0.4407552083333333,803.482421875,5.580078125,10.065104166666666,1.1139322916666667,0.5514322916666666,0.5625,0.3951822916666667,0.5891927083333334
983,1656.336860670194,-1.278888888888889,3.210758377425044,2.04673721340388,1.4753086419753085,0.5502645502645502,833.2028218694885,6.7407407407407405,11.925044091710758,1.6507936507936507,0.7901234567901234,0.8606701940035273,0.47971781305114636,0.517636684303351
984,1655.833721833722,5.288842268842268,3.341103341103341,2.5734265734265733,1.4382284382284383,0.6013986013986014,835.4895104895105,5.963480963480963,10.779331779331779,1.574980574980575,0.7513597513597513,0.8236208236208237,0.43123543123543123,0.4933954933954934
985,1700.6854783207157,-0.23580178940123886,2.4583620096352377,2.721266345492085,1.6703372333103923,0.4390915347556779,798.3833448038541,6.06194081211287,10.838953888506538,1.6297315898141775,0.82381280110117,0.8059187887130076,0.42876806607019957,0.559532002752925
986,1667.0290598290599,-1.2195213675213674,3.299145299145299,2.1726495726495725,1.4034188034188033,0.5264957264957265,817.5034188034188,6.541880341880342,11.65128205128205,1.5153846153846153,0.7521367521367521,0.7632478632478632,0.46923076923076923,0.5290598290598291
987,1644.7755406413125,5.439463087248322,3.01193139448173,2.5316927665920956,1.471290082028337,0.5831469052945563,801.5376584638329,5.98806860551827,10.972408650260999,1.308724832214765,0.6413124533929903,0.6674123788217748,0.4601043997017151,0.465324384787472
988,1734.4728734092432,-0.7132953784326859,2.1319490957803082,2.4976557267247155,1.9470864032150033,0.43871399866041527,806.95244474213,5.602143335565975,10.363697253851306,1.4701942397856664,0.7736101808439384,0.696584058941728,0.4293369055592766,0.5666443402545212
989,1660.8286764705883,-0.2428161764705882,2.7654411764705884,2.2308823529411765,1.6051470588235295,0.4610294117647059,794.2713235294118,6.3125,11.632352941176471,1.286029411764706,0.6102941176470589,0.6757352941176471,0.4647058823529412,0.5272058823529412
990,1620.569918699187,1.9519268292682925,2.9739837398373985,2.573170731707317,1.4414634146341463,0.6398373983739838,789.8487804878049,6.876422764227642,12.352845528455285,1.4528455284552846,0.7024390243902439,0.7504065040650406,0.4739837398373984,0.483739837398374
991,1697.0236389684815,-1.4253223495702005,2.5250716332378222,2.757163323782235,1.7184813753581663,0.41189111747851004,816.8932664756447,5.776504297994269,10.466332378223496,1.237106017191977,0.6461318051575932,0.5909742120343839,0.45415472779369626,0.5458452722063037
992,1616.7582594681708,0.05290894439967765,2.8815471394037067,2.145044319097502,1.5995165189363416,0.5366639806607575,797.6220789685738,6.796132151490733,12.278001611603546,1.6406124093473005,0.7929089443996776,0.8477034649476228,0.48589846897663175,0.5052377115229654
993,1592.5012552301255,3.288619246861925,3.1581589958158998,2.396652719665272,1.3556485355648535,0.6610878661087866,805.8234309623431,6.898744769874477,12.244351464435146,1.3682008368200838,0.6426778242677824,0.7255230125523012,0.4694560669456067,0.47447698744769873
994,1659.9698524695318,1.5845413726747917,2.3842206542655546,2.81783194355356,1.8210391276459268,0.43617703656189866,822.6433611289287,5.845413726747915,10.742783835792174,1.224502886465683,0.618986529826812,0.605516356638871,0.4400256574727389,0.5381654906991661
995,1571.5040797824115,-0.7931731640979148,3.14052583862194,2.57298277425204,1.2819582955575703,0.5557570262919311,784.1124206708976,7.179510426110608,13.640979147778785,1.7198549410698096,0.8340888485947416,0.885766092475068,0.5539437896645513,0.44152311876699907
996,1570.1467345207802,3.4991263782866837,3.472434266327396,2.5521628498727735,1.3740458015267176,0.6335877862595419,763.1026293469041,6.6836301950805765,12.629346904156064,1.3367260390161153,0.6157760814249363,0.720949957591179,0.5004240882103478,0.4410517387616624
997,1662.4873294346978,0.7389213775178687,2.387914230019493,2.723846653671215,1.999350227420403,0.43534762833008445,807.7647823261858,5.590643274853801,10.45224171539961,0.9213775178687459,0.45159194282001297,0.4697855750487329,0.4548408057179987,0.5269655620532814
998,1641.5262697022767,-0.3089754816112084,3.075306479859895,2.277583187390543,1.5455341506129596,0.5385288966725044,757.6742556917688,6.915061295971979,12.621716287215412,1.8590192644483363,0.9448336252189142,0.9141856392294221,0.4947460595446585,0.4947460595446585
999,1629.9345661450925,4.310576102418207,2.867709815078236,2.4253200568990043,1.534850640113798,0.5455192034139402,776.9580369843528,6.091749644381223,11.263869132290186,1.3833570412517782,0.6685633001422475,0.7147937411095305,0.4445234708392603,0.48577524893314367
1000,1671.4546044098574,0.5189040207522697,2.221141374837873,2.8138780804150456,1.913099870298314,0.43125810635538264,784.0064850843061,5.852140077821011,10.978599221789883,1.6057068741893645,0.8073929961089494,0.7983138780804151,0.43125810635538264,0.5499351491569391
