generation,lifetime,energy_at_death,food_low,food_medium,food_prestige,food_default,cells_visited,predator_touches,drained_ticks,cave_entries,cave_entries_day,cave_entries_night,frac_death_drained,frac_death_starved
1,2096.304347826087,-1.1418840579710143,4.594202898550725,0.5507246376811594,0.014492753623188406,1.7536231884057971,553.1811594202899,0.0,0.0,0.0,0.0,0.0,0.0,1.0
2,1986.171875,-1.01859375,4.484375,0.375,0.015625,1.265625,521.1015625,0.0,0.0,0.3125,0.1015625,0.2109375,0.0,1.0
3,2017.2357723577236,-1.0977235772357725,3.951219512195122,0.3089430894308943,0.008130081300813009,1.6097560975609757,532.2682926829268,0.0,0.0,0.04878048780487805,0.04878048780487805,0.0,0.0,1.0
4,2086.25,-0.9813636363636363,4.284090909090909,1.3295454545454546,0.19886363636363635,1.8636363636363635,613.5454545454545,0.0,0.0,0.045454545454545456,0.03977272727272727,0.005681818181818182,0.0,1.0
5,1986.3709677419354,-0.9927419354838709,3.1370967741935485,0.4112903225806452,0.06451612903225806,1.1290322580645162,571.3306451612904,0.0,0.0,0.3870967741935484,0.1935483870967742,0.1935483870967742,0.0,1.0
6,2022.6751592356688,-0.978343949044586,3.171974522292994,1.1401273885350318,0.1464968152866242,1.5286624203821657,607.7324840764331,0.0,0.0,0.3375796178343949,0.1464968152866242,0.1910828025477707,0.0,1.0
7,2075.7364864864867,-0.8347635135135135,4.648648648648648,1.9425675675675675,0.6317567567567568,1.320945945945946,687.1858108108108,0.0,0.0,0.44594594594594594,0.22635135135135134,0.2195945945945946,0.0,0.9966216216216216
8,2006.508875739645,-0.915621301775148,3.757396449704142,1.0650887573964498,0.30177514792899407,1.0414201183431953,683.3727810650887,0.0,0.0,0.621301775147929,0.24260355029585798,0.378698224852071,0.0,1.0
9,2031.0880829015543,-0.939481865284974,3.2176165803108807,1.150259067357513,0.5595854922279793,1.1295336787564767,705.2072538860103,0.0,0.0,0.22797927461139897,0.11917098445595854,0.10880829015544041,0.0,1.0
10,2072.3768545994067,-0.6579228486646884,3.4451038575667656,1.7210682492581602,1.0949554896142433,1.1216617210682494,719.2937685459941,0.0,0.0,0.4658753709198813,0.2818991097922849,0.18397626112759644,0.0,0.9970326409495549
11,2011.5228426395938,-0.8684263959390862,3.5431472081218276,1.1522842639593909,0.4467005076142132,0.9746192893401016,692.0203045685279,0.0,0.0,0.2436548223350254,0.1116751269035533,0.1319796954314721,0.0,1.0
12,2035.3389830508474,-0.9182203389830508,3.2457627118644066,1.3220338983050848,0.7711864406779662,0.9745762711864406,720.1652542372881,0.0,0.0,0.3516949152542373,0.1864406779661017,0.1652542372881356,0.0,1.0
13,2070.5050505050503,-0.8857239057239057,3.5353535353535355,2.138047138047138,0.6868686868686869,0.98989898989899,725.2356902356902,0.0,0.0,0.39730639730639733,0.24242424242424243,0.15488215488215487,0.0,1.0
14,2004.5360824742268,-0.792319587628866,3.211340206185567,1.2731958762886597,0.3556701030927835,0.9226804123711341,698.5515463917526,0.0,0.0,0.25773195876288657,0.16494845360824742,0.09278350515463918,0.0,1.0
15,2039.6534653465346,-0.928118811881188,2.386138613861386,1.4405940594059405,0.5693069306930693,1.2475247524752475,707.6732673267327,0.0,0.0,0.8415841584158416,0.44554455445544555,0.39603960396039606,0.0,1.0
16,2068.246376811594,-0.5800579710144927,2.9304347826086956,2.2869565217391306,0.8927536231884058,0.9797101449275363,746.527536231884,0.0,0.0,0.6811594202898551,0.3739130434782609,0.3072463768115942,0.0,0.9971014492753624
17,2014.8258706467661,-0.8430348258706467,4.9054726368159205,1.0149253731343284,0.35323383084577115,0.7711442786069652,744.7860696517413,0.0,0.0,0.44776119402985076,0.20398009950248755,0.24378109452736318,0.0,1.0
18,2027.26,-0.018549999999999997,2.52,1.22,0.56,1.145,749.615,0.0,0.0,0.335,0.165,0.17,0.0,0.985
19,2062.90625,-0.83278125,2.959375,1.703125,0.928125,0.940625,749.390625,0.0,0.0,0.134375,0.0625,0.071875,0.0,1.0
20,2015.9903381642512,-0.8211111111111111,3.792270531400966,1.285024154589372,0.5217391304347826,0.7391304347826086,708.4782608695652,0.0,0.0,0.30917874396135264,0.11594202898550725,0.1932367149758454,0.0,1.0
21,2031.8775510204082,-0.9408979591836735,2.8979591836734695,1.5755102040816327,0.5877551020408164,1.0122448979591836,741.2244897959183,0.0,0.0,0.2571428571428571,0.09795918367346938,0.15918367346938775,0.0,1.0
22,2064.566929133858,-0.8594488188976378,2.9133858267716537,1.8293963254593175,1.031496062992126,0.931758530183727,742.5511811023622,0.0,0.0,0.2440944881889764,0.15485564304461943,0.08923884514435695,0.0,1.0
23,2017.5,-0.7976442307692307,4.105769230769231,0.9471153846153846,0.5625,0.5240384615384616,731.3365384615385,0.0,0.0,0.7403846153846154,0.3557692307692308,0.38461538461538464,0.0,1.0
24,2030.8612440191387,-0.29057416267942576,3.22488038277512,1.7894736842105263,0.507177033492823,1.0861244019138756,769.8851674641148,0.0,0.0,0.2535885167464115,0.15789473684210525,0.09569377990430622,0.0,0.9904306220095693
25,2066.736147757256,-0.7477044854881266,3.451187335092348,1.949868073878628,1.1055408970976253,0.9551451187335093,773.311345646438,0.0,0.0,0.48812664907651715,0.23482849604221637,0.2532981530343008,0.0,0.9973614775725593
26,2024.892703862661,-0.7353218884120172,3.8798283261802573,1.8025751072961373,0.48068669527896996,0.7167381974248928,749.7639484978541,0.0,0.0,0.9828326180257511,0.51931330472103,0.463519313304721,0.0,1.0
27,2042.9243421052631,-0.7317763157894737,4.305921052631579,1.6842105263157894,0.6151315789473685,1.0,745.358552631579,0.0,0.0,0.45394736842105265,0.19407894736842105,0.2598684210526316,0.0,0.9967105263157895
28,2065.2665094339623,-0.8115330188679245,3.297169811320755,2.3679245283018866,0.9316037735849056,0.9221698113207547,773.6650943396227,0.0,0.0,0.4669811320754717,0.2783018867924528,0.18867924528301888,0.0,0.9952830188679245
29,2027.370909090909,-0.5770909090909091,4.374545454545455,1.5127272727272727,0.6363636363636364,1.018181818181818,769.829090909091,0.0,0.0,0.4690909090909091,0.1890909090909091,0.28,0.0,0.9963636363636363
30,2045.1254019292605,-0.8814790996784565,4.016077170418006,1.652733118971061,0.7845659163987139,1.0803858520900322,777.273311897106,0.0,0.0,0.45016077170418006,0.2057877813504823,0.24437299035369775,0.0,0.9967845659163987
31,2066.4780701754385,-0.6532675438596491,3.2719298245614037,1.9320175438596492,1.263157894736842,0.9013157894736842,787.5,0.0,0.0,0.5526315789473685,0.2807017543859649,0.2719298245614035,0.0,0.9978070175438597
32,2025.3357400722023,-0.5734657039711191,4.631768953068592,1.0433212996389891,0.7653429602888087,0.9566787003610109,736.4945848375452,0.0,0.0,0.5740072202166066,0.259927797833935,0.3140794223826715,0.0,0.9927797833935018
33,2044.8837209302326,-0.8579734219269103,4.149501661129568,1.5980066445182723,0.6312292358803987,1.079734219269103,760.9235880398671,0.0,0.0,0.3588039867109635,0.15282392026578073,0.2059800664451827,0.0,1.0
34,2063.396226415094,-0.8044444444444444,3.951781970649895,2.3668763102725365,0.9748427672955975,1.0020964360587001,776.4758909853249,0.0,0.0,0.5932914046121593,0.3312368972746331,0.2620545073375262,0.0,1.0
35,2028.7323943661972,-0.8196830985915493,4.352112676056338,1.5035211267605635,0.6619718309859155,1.130281690140845,772.2816901408451,0.0,0.0,0.823943661971831,0.3204225352112676,0.5035211267605634,0.0,1.0
36,2043.4570552147238,-0.5651533742331288,3.423312883435583,1.9110429447852761,0.8558282208588958,1.1533742331288344,796.9417177914111,0.0,0.0,0.6073619631901841,0.254601226993865,0.35276073619631904,0.0,0.99079754601227
37,2062.5358361774743,-0.6596757679180887,3.8378839590443685,2.2098976109215016,1.2781569965870307,0.841296928327645,803.3430034129693,0.0,0.0,0.49146757679180886,0.27986348122866894,0.21160409556313994,0.0,0.9982935153583617
38,2028.139534883721,-0.8691472868217055,4.375968992248062,1.8837209302325582,0.437984496124031,0.875968992248062,776.9108527131783,0.0,0.0,0.3488372093023256,0.17054263565891473,0.17829457364341086,0.0,1.0
39,2037.9138381201044,0.4864751958224543,3.587467362924282,1.9216710182767625,0.8381201044386423,1.1279373368146215,822.7154046997389,0.0,0.0,0.7493472584856397,0.34986945169712796,0.39947780678851175,0.0,0.9817232375979112
40,2062.512,-0.7046133333333334,2.844,2.041333333333333,1.6146666666666667,0.672,854.1453333333334,0.0,0.0,0.768,0.38266666666666665,0.38533333333333336,0.0,0.9986666666666667
41,2036.608040201005,-0.8050251256281407,3.5954773869346734,1.7964824120603016,0.8693467336683417,0.7788944723618091,798.7788944723618,0.0,0.0,0.7211055276381909,0.3391959798994975,0.38190954773869346,0.0,1.0
42,2012.0481927710844,4.171325301204819,3.756626506024096,1.783132530120482,1.0240963855421688,1.108433734939759,813.0698795180723,0.0,0.0,0.3614457831325301,0.14457831325301204,0.21686746987951808,0.0,0.9421686746987952
43,2061.02752293578,-0.5752140672782875,3.3134556574923546,2.270642201834862,1.224770642201835,0.8119266055045872,849.0045871559633,0.0,0.0,0.7584097859327217,0.40672782874617736,0.3516819571865443,0.0,0.9954128440366973
44,2032.8313253012047,-0.8297891566265061,4.141566265060241,1.8524096385542168,0.7108433734939759,0.9066265060240963,806.7259036144578,0.0,0.0,0.6114457831325302,0.27710843373493976,0.33433734939759036,0.0,1.0
45,2025.6712962962963,1.7374537037037039,3.372685185185185,1.9282407407407407,0.9421296296296297,0.9444444444444444,821.2546296296297,0.0,0.0,0.9398148148148148,0.5046296296296297,0.4351851851851852,0.0,0.9722222222222222
46,2054.337528604119,0.8553432494279175,2.7185354691075516,2.4839816933638446,1.437070938215103,0.6372997711670481,847.225400457666,0.0,0.0,0.8558352402745996,0.39588100686498856,0.459954233409611,0.0,0.9851258581235698
47,2032.6906318082788,1.0493681917211328,4.644880174291939,1.7254901960784315,0.9869281045751634,1.0152505446623095,843.0566448801743,0.0,0.0,1.0043572984749456,0.49673202614379086,0.5076252723311547,0.0,0.9825708061002179
48,2034.7168316831683,1.3934257425742573,3.6534653465346536,2.0792079207920793,1.0891089108910892,1.0257425742574258,859.4019801980198,0.0,0.0,0.7386138613861386,0.32673267326732675,0.41188118811881186,0.0,0.9643564356435643
49,2058.3168316831684,-0.5786138613861386,3.1893564356435644,2.2042079207920793,1.495049504950495,0.7400990099009901,870.565594059406,0.0,0.0,0.6633663366336634,0.34034653465346537,0.32301980198019803,0.0,0.9900990099009901
50,2045.128846153846,-0.737,4.046153846153846,1.898076923076923,1.0557692307692308,0.9153846153846154,870.6653846153846,0.0,0.0,1.0096153846153846,0.47307692307692306,0.5365384615384615,0.0,0.9980769230769231
51,2041.3633217993079,1.995743944636678,3.131487889273356,2.2854671280276815,1.0795847750865053,0.9584775086505191,871.0311418685121,0.0,0.0,1.9048442906574394,0.9377162629757786,0.967128027681661,0.0,0.9619377162629758
52,2059.408988764045,-0.12605617977528089,2.9191011235955058,2.1640449438202247,1.5247191011235954,0.6528089887640449,899.1,0.0,0.0,0.9337078651685393,0.4752808988764045,0.4584269662921348,0.0,0.9876404494382023
53,2049.9333333333334,-0.76025,3.7733333333333334,1.9683333333333333,1.1566666666666667,0.8083333333333333,889.4533333333334,0.0,0.0,1.425,0.7283333333333334,0.6966666666666667,0.0,1.0
54,2026.5741379310346,2.410051724137931,3.4362068965517243,2.0827586206896553,1.0775862068965518,0.9189655172413793,870.998275862069,0.0,0.0,0.7793103448275862,0.42586206896551726,0.35344827586206895,0.0,0.9620689655172414
55,2060.88120950324,0.20511879049676027,2.5572354211663066,2.4211663066954645,1.6576673866090712,0.6414686825053996,906.145788336933,0.0,0.0,1.0053995680345573,0.5302375809935205,0.47516198704103674,0.0,0.9870410367170627
56,2051.3391915641478,0.04724077328646747,3.4253075571177503,2.1511423550087874,1.0720562390158173,0.7697715289982425,865.2231985940246,0.0,0.0,1.3637961335676625,0.7152899824253075,0.648506151142355,0.0,0.9876977152899824
57,2024.6838235294117,3.782602941176471,3.260294117647059,2.1808823529411763,1.3073529411764706,0.8338235294117647,886.5029411764706,0.0,0.0,1.3647058823529412,0.7058823529411765,0.6588235294117647,0.0,0.9352941176470588
58,2059.4242424242425,0.31207233626588465,2.5610948191593352,2.4281524926686218,1.704789833822092,0.6109481915933529,929.9716520039101,0.0,0.0,0.9178885630498533,0.4731182795698925,0.4447702834799609,0.0,0.9824046920821115
59,2055.0676328502414,-0.7755555555555556,3.896940418679549,2.0499194847020936,1.21256038647343,0.8663446054750402,894.6988727858293,0.0,0.0,1.0434782608695652,0.5394524959742351,0.5040257648953301,0.0,0.998389694041868
60,2039.5199004975125,2.110771144278607,3.208955223880597,2.283582089552239,1.3134328358208955,0.753731343283582,915.3980099502487,0.0,0.0,0.9900497512437811,0.4539800995024876,0.5360696517412935,0.0,0.9689054726368159
61,2066.67535971223,-0.28837230215827336,2.3408273381294964,2.2535971223021583,1.7886690647482015,0.5242805755395683,930.1861510791367,0.0,0.0,1.4343525179856116,0.6960431654676259,0.7383093525179856,0.0,0.9937050359712231
62,2039.3903903903904,1.1535735735735735,3.924924924924925,1.7642642642642643,1.2522522522522523,0.7927927927927928,893.53003003003,0.0,0.0,1.03003003003003,0.5465465465465466,0.48348348348348347,0.0,0.9774774774774775
63,2047.1144492131616,0.952832618025751,3.563662374821173,2.044349070100143,1.2989985693848354,0.7911301859799714,907.4034334763949,0.0,0.0,1.497854077253219,0.7467811158798283,0.7510729613733905,0.0,0.9728183118741058
64,2066.9578313253014,-0.1557329317269076,2.6285140562248994,2.4508032128514055,1.5622489959839359,0.5913654618473896,919.824297188755,0.0,0.0,1.0622489959839359,0.5220883534136547,0.5401606425702812,0.0,0.9919678714859438
65,2049.442774566474,-0.02378034682080924,2.9791907514450866,2.1641618497109825,1.413872832369942,0.6855491329479769,913.5491329479769,0.0,0.0,1.3745664739884393,0.6289017341040463,0.7456647398843931,0.0,0.9907514450867052
66,2024.8730904817862,4.461410105757932,3.2972972972972974,2.2573443008225618,1.3560517038777908,0.900117508813161,903.0376028202115,0.0,0.0,1.4441833137485312,0.6874265569917744,0.7567567567567568,0.0,0.9224441833137486
67,2066.4586466165415,0.06968253968253968,2.7736006683375103,2.20718462823726,1.882205513784461,0.5355054302422724,926.4294068504595,0.0,0.0,1.2589807852965749,0.6432748538011696,0.6157059314954052,0.0,0.9891395154553049
68,2052.514211886305,0.20369509043927647,3.2816537467700257,2.363049095607235,1.2416020671834624,0.7312661498708011,911.93669250646,0.0,0.0,1.0387596899224807,0.5,0.5387596899224806,0.0,0.9857881136950905
69,2015.995321637427,5.484409356725147,3.415204678362573,2.1450292397660817,1.4456140350877194,0.8385964912280702,938.4888888888889,0.0,0.0,1.2269005847953216,0.6514619883040935,0.5754385964912281,0.0,0.9111111111111111
70,2063.0485362095533,0.30813559322033895,2.467642526964561,2.241140215716487,2.0531587057010787,0.49768875192604006,926.9684129429892,0.0,0.0,1.0531587057010785,0.5269645608628659,0.5261941448382126,0.0,0.987673343605547
71,2053.4657113613102,1.039324462640737,3.3357215967246674,2.0348004094165812,1.4032753326509724,0.6059365404298874,955.2824974411463,0.0,0.0,1.4820880245649948,0.6786079836233367,0.8034800409416581,0.0,0.9836233367451381
72,2019.4036996735583,4.286942328618063,3.3286180631120783,2.1381936887921653,1.2959738846572362,0.7834602829162133,895.6724700761697,0.0,0.0,0.9608269858541894,0.4809575625680087,0.47986942328618065,0.0,0.9357997823721437
73,2056.6003197442046,0.8617905675459632,2.586730615507594,2.5731414868105515,1.7961630695443644,0.4876099120703437,937.5955235811351,0.0,0.0,0.8569144684252598,0.37889688249400477,0.478017585931255,0.0,0.9792166266986411
74,2044.5430463576158,0.29854304635761586,3.2704194260485653,2.034216335540839,1.336644591611479,0.6600441501103753,937.4602649006622,0.0,0.0,0.7549668874172185,0.40397350993377484,0.3509933774834437,0.0,0.9889624724061811
75,2024.7027281279397,4.320018814675447,3.1269990592662276,2.363123236124177,1.3433678269049858,0.6754468485418627,941.2793979303857,0.0,0.0,0.9943555973659455,0.4412041392285983,0.5531514581373471,0.0,0.9200376293508937
76,2047.320781032078,2.3774198047419803,2.321478382147838,2.4748953974895396,1.896792189679219,0.4686192468619247,949.1450488145049,0.0,0.0,1.0174337517433751,0.49232914923291493,0.5251046025104602,0.0,0.9609483960948396
77,2046.403242147923,1.814174265450861,3.348530901722391,1.9159067882472138,1.618034447821682,0.6170212765957447,935.1347517730496,0.0,0.0,1.6433637284701115,0.8470111448834853,0.7963525835866262,0.0,0.9716312056737588
78,2003.0045745654163,8.07284537968893,2.978956999085087,2.3595608417200364,1.5032021957914,0.6971637694419031,928.384263494968,0.0,0.0,1.1564501372369624,0.5315645013723697,0.6248856358645929,0.0,0.8865507776761208
79,2051.812598425197,1.3250551181102361,2.5984251968503935,2.351181102362205,2.0559055118110234,0.537007874015748,935.4889763779528,0.0,0.0,0.6464566929133858,0.37480314960629924,0.27165354330708663,0.0,0.9803149606299213
80,2054.8960155490768,0.6221088435374149,3.0340136054421767,2.063168124392614,1.7298347910592808,0.597667638483965,909.0233236151604,0.0,0.0,1.119533527696793,0.5131195335276968,0.6064139941690962,0.0,0.9834791059280855
81,2025.4482431149097,4.710759734093068,3.0788224121557457,2.4358974358974357,1.3228869895536561,0.7056030389363722,923.8689458689458,0.0,0.0,1.241215574548908,0.5641025641025641,0.6771130104463438,0.0,0.9192782526115859
82,2047.850531107739,2.157875569044006,2.4218512898330804,2.415022761760243,1.8034901365705616,0.5371775417298937,910.7162367223066,0.0,0.0,1.075113808801214,0.5280728376327769,0.547040971168437,0.0,0.9544764795144158
83,2058.875626880642,-0.06873620862587763,3.160481444332999,2.428284854563691,1.4272818455366099,0.5987963891675026,909.7713139418255,0.0,0.0,1.5576730190571715,0.691073219658977,0.8665997993981945,0.0,0.9879638916750251
84,2017.2944062806673,5.233366045142296,3.2522080471050048,2.4170755642787047,1.3287536800785082,0.7654563297350343,908.1678115799804,0.0,0.0,0.8999018645731109,0.46123650637880276,0.43866535819430813,0.0,0.9234543670264965
85,2051.945266272189,1.2507470414201183,2.375,2.6804733727810652,1.8868343195266273,0.48150887573964496,913.3357988165681,0.0,0.0,0.7152366863905325,0.3838757396449704,0.33136094674556216,0.0,0.9829881656804734
86,2067.3974706413733,0.15116531165311653,3.1038843721770553,2.3857271906052393,1.4498644986449865,0.5727190605239386,920.5447154471544,0.0,0.0,1.7046070460704608,0.8084914182475158,0.8961156278229448,0.0,0.989159891598916
87,2020.0938104448742,5.8094390715667314,3.3897485493230173,2.4216634429400385,1.506769825918762,0.7214700193423598,917.2765957446809,0.0,0.0,1.0174081237911026,0.4632495164410058,0.5541586073500967,0.0,0.9110251450676983
88,2042.6682791983415,2.5753559087767797,2.3213545266067728,2.5425017277125086,2.024879060124395,0.4865238424326192,937.7201105736006,0.0,0.0,0.7899101589495507,0.4160331720801659,0.3738769868693849,0.0,0.9612992398064962
89,2055.443243243243,1.670990990990991,3.2621621621621624,2.1315315315315315,1.5288288288288288,0.5675675675675675,966.5261261261261,0.0,0.0,1.672972972972973,0.8405405405405405,0.8324324324324325,0.0,0.9765765765765766
90,2032.4,3.866699588477366,2.9851851851851854,2.416460905349794,1.5308641975308641,0.6205761316872428,897.4395061728395,0.0,0.0,0.9925925925925926,0.49547325102880657,0.497119341563786,0.0,0.9349794238683128
91,2059.669565217391,1.0808333333333333,2.246376811594203,2.4521739130434783,1.9333333333333333,0.4746376811594203,913.5804347826087,0.0,0.0,1.4652173913043478,0.7630434782608696,0.7021739130434783,0.0,0.9782608695652174
92,2054.920430107527,0.5670645161290323,3.5172043010752687,2.074193548387097,1.39247311827957,0.6311827956989248,913.4494623655914,0.0,0.0,0.9731182795698925,0.4698924731182796,0.5032258064516129,0.0,0.9827956989247312
93,2039.4688398849473,2.8867305848513904,3.2780441035474595,2.3930968360498563,1.3806327900287632,0.7056567593480345,908.9127516778524,0.0,0.0,1.3374880153403643,0.6529242569511026,0.6845637583892618,0.0,0.9357622243528284
94,2067.75,-0.175,2.4521604938271606,2.800925925925926,1.751543209876543,0.4783950617283951,895.5486111111111,0.0,0.0,1.183641975308642,0.5925925925925926,0.5910493827160493,0.0,0.9922839506172839
95,2062.2747252747254,0.5966666666666666,2.9633699633699635,2.4267399267399266,1.434981684981685,0.6007326007326007,908.7793040293041,0.0,0.0,1.8782051282051282,0.8690476190476191,1.0091575091575091,0.0,0.9862637362637363
96,2045.1260296540363,6.054481054365733,2.929159802306425,2.4975288303130148,1.4291598023064251,0.6705107084019769,897.6062602965403,0.0,0.0,2.209225700164745,1.07331136738056,1.1359143327841845,0.0,0.9093904448105437
97,2052.50219941349,1.6295234604105573,2.6832844574780057,2.564516129032258,1.971407624633431,0.48900293255131966,908.7236070381232,0.0,0.0,1.0439882697947214,0.5520527859237536,0.49193548387096775,0.0,0.9750733137829912
98,2060.778877887789,1.015569306930693,2.7186468646864688,2.424092409240924,1.632013201320132,0.5255775577557755,935.8671617161716,0.0,0.0,1.2136963696369636,0.5965346534653465,0.6171617161716172,0.0,0.9785478547854786
99,2035.2730263157894,6.661875,3.299342105263158,2.5065789473684212,1.4605263157894737,0.6447368421052632,918.8577302631579,0.0,0.0,2.051809210526316,0.9407894736842105,1.1110197368421053,0.0,0.8955592105263158
100,2070.778008298755,0.2372475795297372,2.387966804979253,2.3893499308437067,2.195020746887967,0.4536652835408022,916.1922544951591,0.0,0.0,1.3457814661134164,0.686030428769018,0.6597510373443983,0.0,0.9868603042876902
101,2070.4890310786104,0.2160694698354662,3.170018281535649,2.2010968921389398,1.5676416819012797,0.583180987202925,950.2084095063985,0.0,0.0,1.870201096892139,0.9131627056672761,0.9570383912248629,0.0,0.9872029250457038
102,2021.5004359197908,5.629380993897122,3.4891020052310373,2.3034001743679164,1.4533565823888404,0.6887532693984307,921.3731473408893,0.0,0.0,1.3740191804707933,0.6486486486486487,0.7253705318221447,0.0,0.9058413251961639
103,2056.623663578047,1.9631717747683535,2.6885245901639343,2.5645046329294368,1.7990021382751247,0.5224518888096935,942.392017106201,0.0,0.0,1.2230933713471133,0.5958660014255167,0.6272273699215966,0.0,0.9657875980042766
104,2051.8498168498168,1.4283974358974358,3.1913919413919416,2.108974358974359,1.5485347985347986,0.5778388278388278,933.2014652014652,0.0,0.0,1.4175824175824177,0.6135531135531136,0.8040293040293041,0.0,0.978021978021978
105,2028.9479251423923,5.31327095199349,3.2156224572823433,2.498779495524817,1.3962571196094387,0.6517493897477624,930.1692432872254,0.0,0.0,1.3515052888527257,0.6183889340927583,0.7331163547599675,0.0,0.903173311635476
106,2047.4993662864385,3.351653992395437,2.3542458808618503,2.700253485424588,1.8827629911280102,0.4695817490494297,931.5139416983524,0.0,0.0,1.3878326996197718,0.6514575411913816,0.7363751584283904,0.0,0.9512040557667935
107,2065.634631317316,0.6463794531897267,3.35956917978459,2.0066280033140016,1.6147473073736538,0.5534382767191384,929.0936205468103,0.0,0.0,2.035625517812759,0.9710024855012428,1.0646230323115162,0.0,0.9751449875724938
108,2022.5716573258608,5.662810248198559,2.9847878302642115,2.3923138510808646,1.5740592473979182,0.6285028022417934,928.8943154523619,0.0,0.0,1.33386709367494,0.6469175340272217,0.6869495596477182,0.0,0.8919135308246597
109,2058.300709219858,1.966177304964539,2.597872340425532,2.5361702127659576,1.9702127659574469,0.4829787234042553,915.9539007092199,0.0,0.0,1.4829787234042553,0.7780141843971631,0.7049645390070922,0.0,0.9687943262411347
110,2073.422314049587,-0.29188429752066114,3.0603305785123966,2.234710743801653,1.7066115702479339,0.5223140495867769,913.201652892562,0.0,0.0,1.9694214876033058,0.8702479338842976,1.0991735537190082,0.0,0.9884297520661157
111,2038.3876357560569,5.096173767752715,3.33500417710944,2.4461152882205512,1.3358395989974938,0.6783625730994152,899.7009189640769,0.0,0.0,2.467000835421888,1.1971595655806182,1.2698412698412698,0.0,0.9081035923141186
112,2046.473133286811,3.6456734124214933,2.3893928820655965,2.5436147941381715,1.895324494068388,0.5059316120027914,920.8995115143057,0.0,0.0,1.5875785066294488,0.735519888346127,0.8520586182833217,0.0,0.9539427773900907
113,2073.9826539462274,0.37299219427580227,3.16652211621856,2.499566348655681,1.4509973980919342,0.5689505637467476,981.2515177797051,0.0,0.0,2.365134431916739,1.1274934952298352,1.2376409366869037,0.0,0.9852558542931483
114,2041.8197969543148,4.16844331641286,3.2622673434856178,2.5549915397631136,1.377326565143824,0.6852791878172588,933.4331641285956,0.0,0.0,1.5676818950930627,0.7284263959390863,0.8392554991539763,0.0,0.9204737732656514
115,2054.069925322471,2.6985675492192804,2.415478615071283,2.737949762389681,1.8879837067209777,0.4745417515274949,940.6367956551256,0.0,0.0,1.1975560081466394,0.6008146639511202,0.5967413441955194,0.0,0.9585879158180584
116,2091.5549407114627,0.5251620553359684,2.9391304347826086,2.5209486166007906,1.641106719367589,0.500395256916996,954.7778656126483,0.0,0.0,2.0980237154150196,0.9707509881422924,1.1272727272727272,0.0,0.9826086956521739
117,2033.868992248062,7.181263565891473,3.337984496124031,2.437984496124031,1.5170542635658915,0.6069767441860465,930.8426356589147,0.0,0.0,2.1728682170542637,0.9829457364341085,1.189922480620155,0.0,0.8829457364341086
118,2054.8461021505377,1.6811021505376345,2.3434139784946235,2.723790322580645,2.0873655913978495,0.46908602150537637,943.6034946236559,0.0,0.0,0.9314516129032258,0.45161290322580644,0.4798387096774194,0.0,0.9724462365591398
119,2066.137629276054,1.446420047732697,3.0270485282418456,2.083532219570406,1.6857597454256166,0.5290373906125696,958.8711217183771,0.0,0.0,1.8202068416865553,0.8973747016706444,0.9228321400159109,0.0,0.979315831344471
120,2051.672360248447,4.1234549689441,3.1055900621118013,2.5854037267080745,1.56055900621118,0.6218944099378882,932.6009316770186,0.0,0.0,1.8695652173913044,0.8361801242236024,1.0333850931677018,0.0,0.9114906832298136
121,2078.551912568306,1.00474043715847,2.246584699453552,2.5437158469945356,1.9651639344262295,0.43989071038251365,919.8524590163935,0.0,0.0,1.5778688524590163,0.8073770491803278,0.7704918032786885,0.0,0.9795081967213115
122,2079.6139028475714,2.719170854271357,3.231993299832496,2.215242881072027,1.501675041876047,0.518425460636516,924.8366834170854,0.0,0.0,2.217755443886097,1.0460636515912898,1.1716917922948074,0.0,0.964824120603015
123,2058.7247474747473,5.121969696969697,3.5286195286195285,2.6818181818181817,1.3257575757575757,0.664983164983165,924.7390572390573,0.0,0.0,2.643097643097643,1.1919191919191918,1.4511784511784511,0.0,0.9040404040404041
124,2081.5059316120028,1.3333217027215631,2.424284717376134,2.8653175157013258,1.7983251919050942,0.4640614096301465,901.8562456385206,0.0,0.0,1.865317515701326,0.9539427773900907,0.9113747383112352,0.0,0.9741800418702024
125,2080.5597826086955,1.423361801242236,2.720496894409938,2.4037267080745344,1.5520186335403727,0.48835403726708076,867.7515527950311,0.0,0.0,2.1700310559006213,1.031832298136646,1.1381987577639752,0.0,0.9829192546583851
126,2072.983371126228,6.507974300831443,3.0279667422524565,2.6825396825396823,1.4134542705971278,0.6084656084656085,888.724111866969,0.0,0.0,3.0476190476190474,1.4051398337112624,1.6424792139077853,0.0,0.9002267573696145
127,2074.442126514132,2.0901345895020187,2.671601615074024,2.5450874831763124,1.9737550471063257,0.4670255720053836,908.7886944818304,0.0,0.0,1.9071332436069988,0.9515477792732167,0.955585464333782,0.0,0.9609690444145357
128,2056.995279307632,3.5255625491738787,2.8048780487804876,2.4720692368214006,1.6577498033044846,0.5106215578284815,937.9472856018883,0.0,0.0,1.6852871754523997,0.8127458693941778,0.8725413060582219,0.0,0.964594807238395
129,2041.5757085020243,6.787506072874494,3.414574898785425,2.454251012145749,1.4809716599190283,0.6534412955465587,875.9522267206478,0.0,0.0,2.039676113360324,0.9781376518218623,1.0615384615384615,0.0,0.8825910931174089
130,2063.4627892432773,2.8801125703564727,2.3633520950594122,2.527829893683552,2.0888055034396498,0.4252657911194497,904.010631644778,0.0,0.0,1.6929330831769855,0.9374609130706691,0.7554721701063164,0.0,0.9649781113195748
131,2091.3683800623053,0.3146573208722741,2.9182242990654204,2.2313084112149535,1.6137071651090342,0.5077881619937694,912.5389408099688,0.0,0.0,2.682242990654206,1.2024922118380061,1.4797507788161994,0.0,0.9883177570093458
132,2073.995301487862,6.245967110415036,3.4173844949099452,2.3359436178543462,1.4604541895066563,0.6342991386061081,910.9874706342991,0.0,0.0,3.9122944400939703,1.8379013312451058,2.0743931088488647,0.0,0.8966327329678935
133,2079.899933730948,1.81247183565275,2.54208084824387,2.724983432736912,1.807819748177601,0.46520874751491054,912.6209410205435,0.0,0.0,3.011928429423459,1.5473823724320743,1.464546056991385,0.0,0.9628893306825712
134,2103.4610927152316,0.13586920529801325,3.0413907284768213,2.3832781456953644,1.4958609271523178,0.5074503311258278,900.9163907284768,0.0,0.0,1.9619205298013245,0.9205298013245033,1.0413907284768211,0.0,0.9875827814569537
135,2064.7521235521235,5.181953667953668,3.0625482625482627,2.5305019305019303,1.4602316602316603,0.5891891891891892,898.011583011583,0.0,0.0,2.6185328185328185,1.2571428571428571,1.3613899613899614,0.0,0.9142857142857143
136,2064.6903103229893,4.595991133628879,2.3837872070930968,2.7555414819506017,1.9290690310322989,0.44775174160861303,911.7441418619379,0.0,0.0,2.469284357188094,1.2742241925269158,1.195060164661178,0.0,0.948068397720076
137,2076.451082897685,2.0237341299477225,3.173263629574309,2.165795369678865,1.6982823002240477,0.4690067214339059,943.041075429425,0.0,0.0,2.149365197908887,1.023898431665422,1.1254667662434652,0.0,0.9768483943241225
138,2051.9704769114305,8.158062074186223,3.029523088569266,2.5510976532929597,1.5049205147615443,0.5904617713853142,913.4140802422407,0.0,0.0,2.2808478425435275,1.0461771385314156,1.234670704012112,0.0,0.8849356548069645
139,2069.376597175521,3.608957632817754,2.5036987222595832,2.624075319435104,1.9717552118359112,0.47209145931405516,904.7424344317418,0.0,0.0,2.0316072629455277,1.0141223940820443,1.0174848688634834,0.0,0.9549428379287155
140,2095.804163454125,0.19093292212798765,2.8882035466461065,2.3122590593677717,1.7147262914417887,0.5119506553585197,898.3060909791827,0.0,0.0,2.2960678488820356,1.1210485736314573,1.1750192752505784,0.0,0.9876638396299152
141,2068.137459807074,5.98459807073955,3.3810289389067525,2.6768488745980705,1.302250803858521,0.6302250803858521,902.5892282958199,0.0,0.0,3.5032154340836015,1.6937299035369775,1.8094855305466238,0.0,0.9043408360128617
142,2096.4752475247524,3.1248444130127297,2.4405940594059405,2.678925035360679,1.9681753889674682,0.4971711456859972,888.6598302687412,0.0,0.0,2.504950495049505,1.231966053748232,1.272984441301273,0.0,0.9575671852899575
143,2098.2719435736676,0.8130799373040752,2.945141065830721,2.554075235109718,1.505485893416928,0.5086206896551724,932.5525078369906,0.0,0.0,2.644984326018809,1.293103448275862,1.3518808777429467,0.0,0.9827586206896551
144,2061.5180433039295,6.861299117882918,3.2093023255813953,2.5637530072173216,1.3704891740176424,0.644747393744988,894.0176423416199,0.0,0.0,2.2758620689655173,1.0922213311948676,1.1836407377706495,0.0,0.9061748195669607
145,2077.7973770491803,3.6352065573770496,2.360655737704918,2.7331147540983607,1.900327868852459,0.43868852459016394,882.4045901639345,0.0,0.0,2.7311475409836063,1.4367213114754098,1.2944262295081967,0.0,0.9547540983606557
146,2122.862121212121,0.7029924242424243,2.921969696969697,2.565151515151515,1.6242424242424243,0.48863636363636365,895.5598484848484,0.0,0.0,3.021212121212121,1.4310606060606061,1.590151515151515,0.0,0.9825757575757575
147,2067.1337432744044,7.953551114527286,3.367409684857802,2.5326671790930053,1.5196003074558033,0.6202920830130668,910.228285933897,0.0,0.0,3.2106072252113758,1.5503458877786318,1.660261337432744,0.0,0.8731744811683321
148,2065.526902887139,3.8991207349081365,2.267716535433071,2.756561679790026,2.106955380577428,0.4763779527559055,920.9704724409448,0.0,0.0,1.7014435695538057,0.8700787401574803,0.8313648293963255,0.0,0.9566929133858267
149,2117.5803981623276,1.3260719754977028,3.0068912710566615,2.2419601837672283,1.6960183767228179,0.48621745788667686,914.6539050535988,0.0,0.0,2.480091883614089,1.1248085758039816,1.3552833078101072,0.0,0.9823889739663093
150,2084.5490936555893,5.771714501510574,3.328549848942598,2.5528700906344413,1.4886706948640482,0.6231117824773413,919.5105740181269,0.0,0.0,3.038519637462236,1.3889728096676737,1.649546827794562,0.0,0.9191842900302115
151,2088.749001331558,2.758069241011984,2.3908122503328895,2.569241011984021,1.933422103861518,0.474034620505992,922.4673768308921,0.0,0.0,2.3761651131824233,1.2090545938748336,1.16711051930759,0.0,0.9660452729693741
152,2145.2237288135593,1.4263050847457628,3.378813559322034,2.3008474576271185,1.4796610169491526,0.5542372881355933,937.0008474576272,0.0,0.0,3.6576271186440676,1.8033898305084746,1.8542372881355933,0.0,0.9788135593220338
153,2099.2233307751344,5.775287797390637,3.355333844973139,2.5671527244819647,1.3445894090560246,0.6293169608595549,885.5195702225633,0.0,0.0,3.016884113584037,1.4512663085188027,1.565617805065234,0.0,0.9117421335379893
154,2088.885521885522,4.188781144781145,2.491582491582492,2.795286195286195,1.7643097643097643,0.49427609427609426,883.416835016835,0.0,0.0,2.608754208754209,1.323905723905724,1.284848484848485,0.0,0.9569023569023569
155,2110.1652173913044,0.5947351778656127,2.8869565217391306,2.609486166007905,1.5114624505928853,0.5011857707509881,886.5541501976285,0.0,0.0,2.9462450592885374,1.4355731225296442,1.5106719367588932,0.0,0.9826086956521739
156,2093.154076290202,7.775617053103964,3.225130890052356,2.741211667913239,1.3934181002243828,0.5983545250560958,910.2086761406133,0.0,0.0,3.3335826477187736,1.5818997756170532,1.7516828721017204,0.0,0.8840688107703815
157,2084.1228295819938,4.1425723472668805,2.694533762057878,2.5614147909967846,1.9594855305466239,0.49517684887459806,901.2771704180064,0.0,0.0,2.9536977491961416,1.4945337620578778,1.4591639871382636,0.0,0.9421221864951769
158,2115.839600920952,0.8533231005372219,2.782041442824252,2.5049884881043747,1.5909439754412893,0.4896392939370683,944.3814274750575,0.0,0.0,2.133537989255564,0.9915579432079816,1.1419800460475824,0.0,0.9808135072908672
159,2100.1213063763607,6.220466562986004,3.4766718506998444,2.517107309486781,1.421461897356143,0.6236391912908242,879.7807153965786,0.0,0.0,3.5147744945567654,1.7620528771384136,1.7527216174183515,0.0,0.9020217729393468
160,2104.4936793080506,0.5454491017964073,2.407850964737192,2.665335994677312,2.22022621423819,0.4863606121091151,913.0898203592815,0.0,0.0,3.135063206919494,1.6493679308050566,1.4856952761144377,0.0,0.9793745841650033
161,2111.283292978208,1.4819047619047618,3.020984665052462,2.218724778046812,1.5948345439870864,0.5310734463276836,926.8095238095239,0.0,0.0,2.8829701372074252,1.4317998385794997,1.4511702986279258,0.0,0.9757869249394673
162,2075.2153465346537,7.198044554455446,3.612211221122112,2.485148514851485,1.5206270627062706,0.6625412541254125,901.4381188118812,0.0,0.0,3.222772277227723,1.5503300330033003,1.6724422442244224,0.0,0.8861386138613861
163,2101.36984448952,3.7926369168356993,2.6490872210953347,2.8248816768086544,1.8471940500338067,0.4942528735632184,886.6490872210953,0.0,0.0,2.4563894523326573,1.1967545638945234,1.2596348884381339,0.0,0.9459093982420554
164,2122.1136186770427,0.8297587548638132,2.9385214007782103,2.3782101167315175,1.4863813229571985,0.4856031128404669,873.3891050583658,0.0,0.0,2.975875486381323,1.404669260700389,1.5712062256809338,0.0,0.982101167315175
165,2091.5696784073507,5.772205206738132,3.1875957120980094,2.560490045941807,1.3705972434915774,0.6125574272588055,861.1577335375191,0.0,0.0,3.8047473200612556,1.8415007656967841,1.9632465543644717,0.0,0.9027565084226646
166,2083.7878976918278,2.996500311915159,2.3381160324391765,2.7280099812850906,1.882719900187149,0.4610106051154086,876.6026200873363,0.0,0.0,2.163443543356207,1.0786026200873362,1.084840923268871,0.0,0.9600748596381784
167,2150.323932312651,2.021337630942788,3.3843674456083805,2.2570507655116843,1.6325543916196616,0.5221595487510072,899.5753424657535,0.0,0.0,4.335213537469782,2.0386784850926674,2.296535052377115,0.0,0.9717969379532635
168,2061.7824175824176,7.74923076923077,3.013186813186813,2.506227106227106,1.476923076923077,0.6007326007326007,868.3721611721612,0.0,0.0,2.520879120879121,1.2021978021978021,1.3186813186813187,0.0,0.8827838827838828
169,2072.6218323586745,4.812469135802469,2.441845354126056,2.586744639376218,1.9246263807667316,0.4801819363222872,892.2482131254061,0.0,0.0,2.9350227420402857,1.5380116959064327,1.3970110461338532,0.0,0.9480181936322287
170,2094.7836611195157,1.0998335854765506,2.7980332829046897,2.333585476550681,1.7216338880484114,0.49016641452344933,895.5779122541603,0.0,0.0,2.571860816944024,1.192889561270802,1.3789712556732223,0.0,0.981089258698941
171,2094.7530674846626,5.023305214723926,3.267638036809816,2.6349693251533743,1.3427914110429449,0.6050613496932515,882.9478527607362,0.0,0.0,3.348159509202454,1.594325153374233,1.7538343558282208,0.0,0.911042944785276
172,2090.6368491321764,3.658918558077437,2.3724966622162884,2.5640854472630172,1.8658210947930574,0.4712950600801068,883.4345794392524,0.0,0.0,2.642857142857143,1.2636849132176236,1.3791722296395195,0.0,0.9465954606141522
173,2148.8172468354433,0.6859177215189873,2.8599683544303796,2.607594936708861,1.5363924050632911,0.5142405063291139,933.943829113924,0.0,0.0,3.6044303797468356,1.7650316455696202,1.8393987341772151,0.0,0.9833860759493671
174,2088.924019607843,6.461274509803922,3.355392156862745,2.627450980392157,1.3831699346405228,0.6617647058823529,901.7026143790849,0.0,0.0,3.0130718954248366,1.4387254901960784,1.5743464052287581,0.0,0.9142156862745098
175,2052.491182233834,4.878830829523188,2.4689745264532985,2.7877204441541474,1.883736120182887,0.4892227302416721,923.6028739386022,0.0,0.0,1.8778576094056172,0.9490529065969955,0.9288047028086218,0.0,0.9444807315480078
176,2100.587613293051,0.8354984894259819,2.8935045317220545,2.5498489425981874,1.5264350453172206,0.5060422960725075,937.833081570997,0.0,0.0,2.6850453172205437,1.2885196374622356,1.396525679758308,0.0,0.9818731117824774
177,2065.4755555555557,8.252955555555555,3.4896296296296296,2.391111111111111,1.5037037037037038,0.5918518518518519,900.8088888888889,0.0,0.0,3.4814814814814814,1.6503703703703703,1.8311111111111111,0.0,0.882962962962963
178,2062.227476038339,4.2159233226837065,2.336741214057508,2.7060702875399363,2.104153354632588,0.4741214057507987,932.626198083067,0.0,0.0,1.6140575079872204,0.7833865814696486,0.8306709265175719,0.0,0.9501597444089457
179,2119.311688311688,1.818262987012987,3.2150974025974026,2.293831168831169,1.7045454545454546,0.5357142857142857,925.452922077922,0.0,0.0,3.4935064935064934,1.6712662337662338,1.8222402597402598,0.0,0.976461038961039
180,2083.428244274809,5.705839694656488,3.348854961832061,2.520610687022901,1.5595419847328245,0.6221374045801527,889.5618320610687,0.0,0.0,2.7076335877862596,1.2587786259541984,1.448854961832061,0.0,0.898473282442748
181,2110.636726546906,1.9924550898203592,2.332002661343979,2.5848303393213574,1.966067864271457,0.4763805721889554,918.2920825016633,0.0,0.0,3.035928143712575,1.5881570192947438,1.447771124417831,0.0,0.9660678642714571
182,2128.4498714652955,0.8307797772065124,3.4121679520137103,2.335904027420737,1.4858611825192802,0.5586975149957155,900.6023993144815,0.0,0.0,3.251071122536418,1.5389888603256212,1.712082262210797,0.0,0.9845758354755784
183,2092.4897959183672,4.056326530612245,3.441421012849584,2.601662887377173,1.3786848072562359,0.6061980347694633,886.1284958427816,0.0,0.0,3.125472411186697,1.5056689342403629,1.619803476946334,0.0,0.9236583522297808
184,2089.9322625698323,2.308959497206704,2.581703910614525,2.8889664804469275,1.7695530726256983,0.48393854748603354,882.6892458100559,0.0,0.0,2.391759776536313,1.1543296089385475,1.2374301675977655,0.0,0.9678770949720671
185,2118.069465648855,-0.000748091603053449,2.7503816793893128,2.480916030534351,1.583969465648855,0.49770992366412214,885.169465648855,0.0,0.0,2.5793893129770993,1.2801526717557252,1.299236641221374,0.0,0.9893129770992366
186,2114.468148148148,6.255088888888889,3.1259259259259258,2.7777777777777777,1.4155555555555555,0.62,890.8133333333334,0.0,0.0,3.3777777777777778,1.6096296296296295,1.7681481481481482,0.0,0.9044444444444445
187,2085.75604970569,4.941321124918247,2.6998037933289734,2.583387835186396,1.9921517331589274,0.4761281883584042,896.2400261608894,0.0,0.0,2.5709614126880314,1.3211249182472204,1.249836494440811,0.0,0.9424460431654677
188,2105.573757763975,0.9608229813664596,2.812111801242236,2.481366459627329,1.6141304347826086,0.5077639751552795,906.401397515528,0.0,0.0,2.093167701863354,0.9572981366459627,1.1358695652173914,0.0,0.9805900621118012
189,2103.763137254902,7.647482352941177,3.4745098039215687,2.5176470588235293,1.4423529411764706,0.6698039215686274,872.2117647058824,0.0,0.0,3.2933333333333334,1.5850980392156864,1.708235294117647,0.0,0.8894117647058823
190,2105.324555628703,1.8701184990125082,2.474654377880184,2.716260697827518,2.1777485187623435,0.47465437788018433,910.3535220539828,0.0,0.0,1.9684002633311388,0.9789335088874259,0.989466754443713,0.0,0.9664252797893351
191,2129.071604938272,1.7138930041152265,3.119341563786008,2.236213991769547,1.5744855967078188,0.5251028806584362,895.5094650205762,0.0,0.0,2.588477366255144,1.277366255144033,1.3111111111111111,0.0,0.9769547325102881
192,2101.0386697602476,7.039249806651199,3.4416086620262956,2.3155452436194897,1.508894044856922,0.5993812838360402,876.2938901778809,0.0,0.0,3.674400618716164,1.7834493426140758,1.8909512761020881,0.0,0.8909512761020881
193,2086.350710900474,3.0621665538253215,2.6154366960054163,2.8327691266079893,1.8517264725795533,0.4955991875423155,906.1665538253216,0.0,0.0,2.1387948544346647,1.093432633716994,1.045362220717671,0.0,0.960054163845633
194,2102.8430420711975,1.5088673139158577,3.0606796116504853,2.4352750809061487,1.483009708737864,0.5226537216828478,879.0194174757281,0.0,0.0,3.1302588996763756,1.4919093851132685,1.6383495145631068,0.0,0.9773462783171522
195,2069.077513430545,6.6369455103607065,3.261703760552571,2.6431312356101304,1.4274750575594781,0.6093630084420568,876.8296239447429,0.0,0.0,2.286262471220261,1.0836531082118188,1.202609363008442,0.0,0.9017651573292402
196,2090.268002504696,2.710500939261115,2.4020037570444583,2.793988728866625,1.9292423293675642,0.480275516593613,913.9154664996869,0.0,0.0,2.010644959298685,1.013149655604258,0.9974953036944271,0.0,0.947401377582968
197,2116.164909638554,1.9345180722891566,3.1573795180722892,2.1362951807228914,1.7018072289156627,0.4924698795180723,909.625,0.0,0.0,2.4909638554216866,1.240210843373494,1.2507530120481927,0.0,0.9721385542168675
198,2068.360872954014,6.84825409197194,3.109119251753702,2.6196414653156666,1.5954793452844895,0.6087295401402962,889.9984411535464,0.0,0.0,2.259547934528449,1.0374123148869836,1.2221356196414652,0.0,0.882307092751364
199,2079.1954248366014,5.078777777777778,2.4758169934640524,2.5620915032679736,1.949673202614379,0.492156862745098,879.3803921568627,0.0,0.0,2.249673202614379,1.130718954248366,1.118954248366013,0.0,0.9405228758169935
200,2113.0865384615386,0.4180917159763314,2.7544378698224854,2.366863905325444,1.6752958579881656,0.4630177514792899,878.167899408284,0.0,0.0,2.33801775147929,1.1826923076923077,1.1553254437869822,0.0,0.9859467455621301
201,2102.4198717948716,5.287107371794872,3.5,2.686698717948718,1.3036858974358974,0.6658653846153846,891.2371794871794,0.0,0.0,4.446314102564102,2.2403846153846154,2.2059294871794872,0.0,0.90625
202,2073.635302197802,4.3986263736263735,2.508241758241758,2.6119505494505493,1.941620879120879,0.5082417582417582,872.6078296703297,0.0,0.0,1.7520604395604396,0.8743131868131868,0.8777472527472527,0.0,0.9409340659340659
203,2130.2814685314684,0.5454458041958042,3.1512237762237763,2.6494755244755246,1.5541958041958042,0.5673076923076923,896.2902097902098,0.0,0.0,3.575174825174825,1.7727272727272727,1.8024475524475525,0.0,0.9842657342657343
204,2056.0726072607263,6.298391089108911,3.4414191419141913,2.6146864686468647,1.3927392739273927,0.6724422442244224,880.8160066006601,0.0,0.0,2.522277227722772,1.1641914191419143,1.358085808580858,0.0,0.9100660066006601
205,2086.9669811320755,1.3740835579514823,2.3665768194070083,2.8827493261455523,1.9218328840970351,0.4811320754716981,900.3436657681941,0.0,0.0,1.9036388140161724,0.9393530997304582,0.9642857142857143,0.0,0.9690026954177897
206,2095.929875821768,0.9001241782322863,2.8444119795471146,2.6318480642804967,1.5200876552227904,0.4579985390796202,911.8845872899927,0.0,0.0,2.3681519357195033,1.1066471877282689,1.2615047479912345,0.0,0.9831994156318481
207,2051.464476699771,6.8430557677616495,3.53170359052712,2.6065699006875476,1.5301757066462949,0.6157372039724981,914.720397249809,0.0,0.0,3.118411000763942,1.482811306340718,1.6355996944232238,0.0,0.8762414056531703
208,2055.8714568226765,3.505359261700725,2.3394858272907055,2.7587343441001977,2.134475939353988,0.47000659195781147,925.6558998022413,0.0,0.0,1.6954515491100857,0.8101516150296638,0.8852999340804218,0.0,0.955833882663151
209,2102.002444987775,0.6964547677261614,3.113284433577832,2.280358598207009,1.726161369193154,0.5338223308883455,914.7644661776691,0.0,0.0,2.962510187449063,1.3398533007334963,1.6226568867155664,0.0,0.9812550937245313
210,2068.4964761158967,5.048872357086922,3.3101018010963195,2.7282693813625687,1.5567736883320282,0.6194205168363351,871.9295223179327,0.0,0.0,2.5998433829287393,1.1981205951448708,1.4017227877838685,0.0,0.9232576350822239
211,2074.4109406270845,4.392394929953302,2.333555703802535,2.5590393595730485,1.9559706470980653,0.48032021347565046,880.7371581054036,0.0,0.0,2.1020680453635756,1.0620413609072714,1.0400266844563042,0.0,0.9586390927284857
212,2097.845896147404,1.8330485762144053,3.2428810720268006,2.397822445561139,1.466499162479062,0.5577889447236181,893.3375209380234,0.0,0.0,2.4522613065326633,1.2035175879396984,1.2487437185929648,0.0,0.9723618090452262
213,2065.739984289081,5.032065985860172,3.3456402199528674,2.6543597800471326,1.4383346425765908,0.6535742340926944,888.381775333857,0.0,0.0,2.96229379418696,1.373134328358209,1.589159465828751,0.0,0.9159465828750982
214,2081.3436376707405,1.2571675053918046,2.5046728971962615,2.99352983465133,1.8138030194104962,0.4831056793673616,893.9884974838246,0.0,0.0,2.3608914450035945,1.2070452911574407,1.1538461538461537,0.0,0.9791516894320632
215,2076.201515151515,-0.08347727272727272,2.7113636363636364,2.5787878787878786,1.662121212121212,0.478030303030303,912.8098484848484,0.0,0.0,1.9287878787878787,0.9113636363636364,1.0174242424242423,0.0,0.9886363636363636
216,2066.691056910569,3.4077531411677757,3.1670362158167036,2.770140428677014,1.4390243902439024,0.6053215077605322,919.3510716925351,0.0,0.0,2.549889135254989,1.2091648189209165,1.3407243163340725,0.0,0.9157427937915743
217,2056.4121532364597,4.884630118890357,2.7575957727873184,2.7186261558784675,2.0521796565389696,0.5171730515191546,911.7496697490093,0.0,0.0,2.4319682959048876,1.2054161162483488,1.226552179656539,0.0,0.9339498018494056
218,2067.083203732504,1.640746500777605,2.798600311041991,2.5777604976671853,1.6166407465007777,0.505443234836703,913.4813374805599,0.0,0.0,1.7853810264385692,0.7768273716951789,1.0085536547433904,0.0,0.9758942457231726
219,2066.3363844393593,3.6689168573607933,3.3554538520213577,2.472921434019832,1.4530892448512587,0.6445461479786423,926.4065598779557,0.0,0.0,2.967200610221205,1.3707093821510297,1.5964912280701755,0.0,0.9122807017543859
220,2069.070652173913,2.017065217391304,2.5129076086956523,2.7167119565217392,2.2724184782608696,0.5176630434782609,915.1521739130435,0.0,0.0,1.5978260869565217,0.7860054347826086,0.8118206521739131,0.0,0.9680706521739131
221,2094.392455858748,1.475601926163724,3.030497592295345,2.3491171749598716,1.5979133226324238,0.5296950240770465,914.3667736757625,0.0,0.0,4.022471910112359,1.9221508828250402,2.1003210272873196,0.0,0.9759229534510433
222,2055.8670382165606,3.8695700636942676,3.554140127388535,2.450636942675159,1.481687898089172,0.6512738853503185,922.0740445859873,0.0,0.0,3.503980891719745,1.6377388535031847,1.8662420382165605,0.0,0.8980891719745223
223,2056.030303030303,3.222582644628099,2.6418732782369148,2.8849862258953167,1.8574380165289257,0.4951790633608815,906.2561983471074,0.0,0.0,1.794077134986226,0.8787878787878788,0.9152892561983471,0.0,0.9579889807162535
224,2078.4817880794703,1.2977152317880793,3.152317880794702,2.4950331125827816,1.4701986754966887,0.5496688741721855,905.8493377483444,0.0,0.0,2.9428807947019866,1.3899006622516556,1.5529801324503312,0.0,0.9817880794701986
225,2050.8590806330067,4.495749811605124,3.230595327807084,2.6247174076865107,1.4046721929163526,0.6299924642049737,917.577995478523,0.0,0.0,2.581009796533534,1.2087415222305953,1.3722682743029389,0.0,0.9027882441597589
226,2046.2150403977626,4.926942200124301,2.434431323803605,2.80733374766936,1.90863890615289,0.49409571162212557,904.2287134866376,0.0,0.0,1.4145431945307645,0.6768178993163455,0.7377252952144189,0.0,0.9359850839030454
227,2093.5483146067418,2.1652434456928837,3.202996254681648,2.143071161048689,1.698876404494382,0.4943820224719101,883.898127340824,0.0,0.0,3.08689138576779,1.4883895131086142,1.598501872659176,0.0,0.9700374531835206
228,2060.0888252148998,4.5072421203438395,3.054441260744986,2.63323782234957,1.5759312320916905,0.580945558739255,913.8030085959886,0.0,0.0,2.031518624641834,0.8803724928366762,1.1511461318051577,0.0,0.9054441260744985
229,2066.420013166557,4.184456879526004,2.5957867017774854,2.6352863726135616,1.965766951942067,0.5062541145490455,911.9131007241606,0.0,0.0,2.4595128373930217,1.2857142857142858,1.173798551678736,0.0,0.9473337722185649
230,2070.0264150943394,0.9838415094339622,2.8679245283018866,2.500377358490566,1.790188679245283,0.49735849056603776,921.2067924528302,0.0,0.0,1.6166037735849057,0.7252830188679246,0.8913207547169811,0.0,0.9849056603773585
231,2076.055081458495,3.694786656322731,3.425135764158262,2.730799069045772,1.3235065942591155,0.6268425135764158,937.1272304111715,0.0,0.0,4.333591931730023,2.007757951900698,2.325833979829325,0.0,0.9107835531419706
232,2047.0142180094788,4.8618415707515235,2.4610697359512526,2.5958023019634395,1.918077183480027,0.5037237643872715,906.1828029790115,0.0,0.0,2.2342586323628977,1.08801624915369,1.146242383209208,0.0,0.942450914014895
233,2093.1805225653206,1.6114014251781472,2.9968329374505145,2.6144101346001585,1.5455265241488518,0.5304829770387965,944.221694378464,0.0,0.0,2.7513855898654,1.3127474267616785,1.4386381631037213,0.0,0.9762470308788599
234,2050.74696847211,4.619458367016977,3.5359741309620047,2.6345998383185125,1.3751010509296686,0.6685529506871464,909.3371059013743,0.0,0.0,2.4114793856103476,1.064672594987874,1.3468067906224737,0.0,0.9183508488278093
235,2057.506976744186,3.0666378737541526,2.4983388704318936,2.8425249169435216,1.910299003322259,0.48438538205980064,897.8405315614618,0.0,0.0,1.8916943521594685,0.906312292358804,0.9853820598006644,0.0,0.9548172757475083
236,2068.114967462039,2.3008966015907446,2.885755603759942,2.7237888647866955,1.613882863340564,0.48011569052783803,927.0932754880694,0.0,0.0,2.0657989877078813,1.007230657989877,1.0585683297180044,0.0,0.9768618944323934
237,2066.0776119402985,4.998462686567164,3.512686567164179,2.4977611940298505,1.5649253731343284,0.6298507462686567,890.7149253731343,0.0,0.0,3.1194029850746268,1.5044776119402985,1.6149253731343283,0.0,0.8880597014925373
238,2053.7784275503573,2.9205198180636778,2.3619233268356075,2.821312540610786,2.0799220272904484,0.4665367121507472,908.2703053931124,0.0,0.0,1.2222222222222223,0.621832358674464,0.6003898635477583,0.0,0.9636127355425601
239,2095.4478764478763,1.035945945945946,2.9853281853281852,2.436293436293436,1.7513513513513514,0.5057915057915058,910.188416988417,0.0,0.0,2.6355212355212356,1.2694980694980695,1.366023166023166,0.0,0.9837837837837838
240,2060.604929051531,4.206699029126214,3.2733383121732635,2.743091859596714,1.5743091859596714,0.6176250933532487,907.3637042569081,0.0,0.0,2.244958924570575,1.0104555638536221,1.2345033607169529,0.0,0.912621359223301
241,2053.198428290766,4.348572364112639,2.377865094957433,2.6031434184675835,1.9148657498362802,0.5088408644400786,900.2023575638507,0.0,0.0,1.8441388343156515,0.9325474787164375,0.9115913555992141,0.0,0.954158480681074
242,2088.8216258879243,1.1212707182320443,3.153906866614049,2.3756906077348066,1.5438042620363062,0.5248618784530387,921.7537490134175,0.0,0.0,2.5082872928176796,1.149171270718232,1.3591160220994476,0.0,0.9802683504340963
243,2057.239436619718,3.9277386541471047,3.5344287949921753,2.692488262910798,1.408450704225352,0.6377151799687011,932.0516431924883,0.0,0.0,2.5289514866979657,1.1838810641627544,1.3450704225352113,0.0,0.9272300469483568
244,2054.663272233537,4.028689748811948,2.663272233536999,2.953835709436524,1.7807196198234896,0.526816021724372,920.7440597420231,0.0,0.0,1.8778004073319756,0.9361846571622539,0.9416157501697217,0.0,0.955193482688391
245,2057.4904507257447,1.3688311688311687,2.760122230710466,2.517188693659282,1.5889992360580596,0.48128342245989303,926.563025210084,0.0,0.0,1.917494270435447,0.8938120702826585,1.0236822001527883,0.0,0.9770817417876242
246,2061.936484490399,3.1427991137370754,3.2644017725258494,2.8168389955686854,1.4128508124076808,0.6166912850812407,957.2127031019203,0.0,0.0,3.158788774002954,1.5081240768094535,1.6506646971935008,0.0,0.9158050221565731
247,2036.9942565411613,7.107370772176132,2.8162093171665603,2.6509253350350988,1.9783024888321634,0.49457562220804085,920.3784301212507,0.0,0.0,2.1474154435226547,1.0759412890874283,1.0714741544352266,0.0,0.9183152520740268
248,2068.089086859688,1.4857980697847069,2.7475872308834446,2.615441722345954,1.5560504825538233,0.5100222717149221,939.1024498886414,0.0,0.0,1.811432813659985,0.8225686711210096,0.9888641425389755,0.0,0.9732739420935412
249,2058.8296783625733,5.360519005847953,3.442982456140351,2.4780701754385963,1.3874269005847952,0.5986842105263158,902.1191520467836,0.0,0.0,2.847953216374269,1.3135964912280702,1.534356725146199,0.0,0.9057017543859649
250,2049.021126760563,4.280083226632522,2.499359795134443,2.7170294494238156,2.134443021766965,0.4795134443021767,913.7586427656851,0.0,0.0,1.4340588988476313,0.7323943661971831,0.7016645326504481,0.0,0.9519846350832266
251,2082.242097147263,1.5181033153430994,3.02467232074017,2.4595219737856593,1.6044718581341557,0.49961449498843485,917.2313030069391,0.0,0.0,2.222821896684657,1.0578257517347724,1.1649961449498842,0.0,0.9784117193523516
252,2059.112540192926,4.891350482315112,3.6085209003215435,2.446945337620579,1.4871382636655948,0.6704180064308681,923.2106109324759,0.0,0.0,2.590032154340836,1.2491961414790997,1.3408360128617363,0.0,0.9027331189710611
253,2062.5013495276653,3.789912280701754,2.7112010796221324,2.8846153846153846,1.8070175438596492,0.5161943319838057,907.2820512820513,0.0,0.0,2.1794871794871793,1.0533063427800269,1.1261808367071524,0.0,0.9480431848852902
254,2069.4387917329095,1.8188871224165342,3.083465818759936,2.5421303656597773,1.4705882352941178,0.5294117647058824,924.3696343402225,0.0,0.0,2.340222575516693,1.0643879173290938,1.2758346581875994,0.0,0.9777424483306836
255,2060.1541411042945,4.368213190184049,3.299079754601227,2.723159509202454,1.4401840490797546,0.625,909.4171779141104,0.0,0.0,2.291411042944785,1.0383435582822085,1.2530674846625767,0.0,0.9164110429447853
256,2062.4915356711003,4.849588875453446,2.4552599758162033,2.73639661426844,1.8627569528415961,0.4667472793228537,904.9232164449819,0.0,0.0,2.022974607013301,0.9746070133010882,1.0483675937122128,0.0,0.9365175332527207
257,2093.9177777777777,1.813422222222222,3.2333333333333334,2.2222222222222223,1.6948148148148148,0.49037037037037035,924.4644444444444,0.0,0.0,3.4407407407407407,1.6288888888888888,1.8118518518518518,0.0,0.9748148148148148
258,2048.3058470764618,5.166274362818591,3.0622188905547225,2.6199400299850075,1.623688155922039,0.6229385307346327,915.3553223388305,0.0,0.0,2.1416791604197902,1.0037481259370316,1.1379310344827587,0.0,0.8995502248875562
259,2065.3370273794003,5.060684485006519,2.63754889178618,2.6258148631029985,1.9745762711864407,0.5273794002607562,896.6427640156454,0.0,0.0,2.0052151238591915,0.970013037809648,1.0352020860495437,0.0,0.9380704041720991
260,2073.112998522895,1.9189586410635155,2.824963072378139,2.4379615952732645,1.7001477104874445,0.5,901.9047267355983,0.0,0.0,1.603397341211226,0.7769571639586411,0.8264401772525849,0.0,0.9741506646971935
261,2071.838785046729,3.593995327102804,3.5763239875389408,2.763239875389408,1.310747663551402,0.676791277258567,927.4563862928348,0.0,0.0,2.4649532710280373,1.104361370716511,1.3605919003115265,0.0,0.9221183800623053
262,2043.3940648723258,4.794120082815735,2.466528640441684,2.7135955831608007,1.922015182884748,0.5300207039337475,922.447895100069,0.0,0.0,1.9986197377501724,1.0317460317460319,0.9668737060041408,0.0,0.9406487232574189
263,2109.16640625,0.9774218749999999,2.96640625,2.584375,1.5015625,0.515625,926.17734375,0.0,0.0,2.54140625,1.15390625,1.3875,0.0,0.9796875
264,2051.968093385214,5.386264591439689,3.3618677042801557,2.6070038910505837,1.340077821011673,0.6498054474708171,886.3120622568093,0.0,0.0,1.6941634241245136,0.8031128404669261,0.8910505836575876,0.0,0.91284046692607
265,2055.7233902759526,3.561208935611038,2.4776609724047307,2.824572930354796,1.850197109067017,0.5032851511169514,877.0381077529566,0.0,0.0,1.2555847568988174,0.6392904073587385,0.6162943495400789,0.0,0.9533508541392904
266,2088.016643550624,2.155887656033287,2.753120665742025,2.6005547850208046,1.5547850208044383,0.470873786407767,906.1047156726769,0.0,0.0,2.348127600554785,1.1206657420249653,1.2274618585298196,0.0,0.9778085991678225
267,2058.4298642533936,6.124238310708899,3.5271493212669682,2.5822021116138765,1.5120663650075414,0.6214177978883861,899.0286576168929,0.0,0.0,2.7812971342383106,1.3529411764705883,1.4283559577677225,0.0,0.8755656108597285
268,2039.548448385054,4.72778340721976,2.350221659278024,2.741608613046232,2.0740975300823306,0.4857504749841672,883.2634578847371,0.0,0.0,1.012032932235592,0.5015832805573147,0.5104496516782774,0.0,0.9385687143761875
269,2082.003095975232,1.293513931888545,3.078173374613003,2.3126934984520124,1.6896284829721362,0.5201238390092879,918.7585139318885,0.0,0.0,1.3993808049535603,0.6687306501547987,0.7306501547987616,0.0,0.9829721362229102
270,2047.25,5.339398148148148,3.378086419753086,2.696759259259259,1.5270061728395061,0.6064814814814815,892.261574074074,0.0,0.0,1.4915123456790123,0.6820987654320988,0.8094135802469136,0.0,0.9135802469135802
271,2051.9697554697555,5.172722007722007,2.4266409266409266,2.5836550836550836,1.9176319176319176,0.509009009009009,874.7535392535392,0.0,0.0,1.7155727155727156,0.8764478764478765,0.8391248391248392,0.0,0.9388674388674388
272,2085.201433121019,3.0596656050955415,3.2436305732484074,2.395700636942675,1.497611464968153,0.552547770700637,903.5843949044586,0.0,0.0,1.7985668789808917,0.8089171974522293,0.9896496815286624,0.0,0.964171974522293
273,2078.9496062992125,5.617858267716536,3.440157480314961,2.691338582677165,1.4062992125984253,0.6440944881889764,860.823622047244,0.0,0.0,2.3188976377952755,1.0708661417322836,1.2480314960629921,0.0,0.9125984251968504
274,2064.250506414585,4.074024307900068,2.528021607022282,2.885212694125591,1.7569209993247805,0.5151924375422012,879.6975016880486,0.0,0.0,1.1715057393652937,0.5705604321404456,0.6009453072248481,0.0,0.9540850776502363
275,2069.6432973805854,1.2449999999999999,2.830508474576271,2.5824345146379044,1.546995377503852,0.5400616332819723,896.5192604006163,0.0,0.0,1.5947611710323575,0.7989214175654854,0.7958397534668721,0.0,0.9815100154083205
276,2083.0779411764706,4.468602941176471,3.2308823529411765,2.7683823529411766,1.4294117647058824,0.6102941176470589,900.3970588235294,0.0,0.0,2.25,1.0602941176470588,1.1897058823529412,0.0,0.9117647058823529
277,2039.173501577287,9.153432176656151,2.784858044164038,2.637223974763407,1.9728706624605679,0.5167192429022082,863.3722397476341,0.0,0.0,1.8649842271293375,0.9817034700315458,0.8832807570977917,0.0,0.897160883280757
278,2074.4865067466267,2.3476386806596703,2.7466266866566715,2.6379310344827585,1.5967016491754122,0.5059970014992504,903.4265367316342,0.0,0.0,1.457271364317841,0.7076461769115442,0.7496251874062968,0.0,0.9752623688155923
279,2075.221625766871,6.624516871165644,3.607361963190184,2.6549079754601226,1.437883435582822,0.6418711656441718,876.9746932515337,0.0,0.0,1.7246932515337423,0.8420245398773006,0.8826687116564417,0.0,0.9049079754601227
280,2061.7935606060605,3.714400252525252,2.4217171717171717,2.6464646464646466,2.1180555555555554,0.48042929292929293,873.3213383838383,0.0,0.0,1.3232323232323233,0.6875,0.6357323232323232,0.0,0.9545454545454546
281,2126.152895752896,0.49352895752895753,3.0046332046332047,2.3783783783783785,1.569111969111969,0.5111969111969112,909.3328185328186,0.0,0.0,2.847876447876448,1.396911196911197,1.4509652509652509,0.0,0.9853281853281853
282,2066.906557377049,6.715081967213115,3.6950819672131145,2.490983606557377,1.4352459016393442,0.6885245901639344,894.5049180327869,0.0,0.0,2.2254098360655736,1.0163934426229508,1.209016393442623,0.0,0.8918032786885246
283,2055.513457556936,5.085355417529331,2.8115942028985508,2.9530710835058662,1.8274672187715666,0.5300207039337475,889.6300897170462,0.0,0.0,1.5790200138026225,0.8122843340234644,0.766735679779158,0.0,0.9337474120082816
284,2094.5003971405877,1.70340746624305,3.0484511517077046,2.5361397934868943,1.471803018268467,0.5234312946783162,886.482922954726,0.0,0.0,2.2597299444003176,1.1334392374900715,1.1262907069102461,0.0,0.9793486894360603
285,2071.1639344262294,4.886564828614009,3.2168405365126675,2.69150521609538,1.4374068554396424,0.6162444113263785,890.4210134128167,0.0,0.0,2.290611028315946,1.052160953800298,1.2384500745156484,0.0,0.9083457526080477
286,2064.2591019417478,3.552220873786408,2.429611650485437,2.7682038834951457,1.875,0.4890776699029126,907.7135922330098,0.0,0.0,1.8270631067961165,0.9502427184466019,0.8768203883495146,0.0,0.9411407766990292
287,2100.062921348315,3.307610486891386,3.2172284644194757,2.1400749063670412,1.646441947565543,0.5363295880149813,881.5677902621723,0.0,0.0,2.495131086142322,1.2367041198501874,1.2584269662921348,0.0,0.9655430711610486
288,2071.1265822784812,6.333231571109457,3.1854058078927774,2.6701414743112433,1.5569620253164558,0.6351451973194341,883.0967982129561,0.0,0.0,2.02680565897245,0.9292628443782577,1.0975428145941921,0.0,0.8845867460908414
289,2056.4306282722514,5.518226439790576,2.602094240837696,2.586387434554974,1.9836387434554974,0.5137434554973822,886.8259162303665,0.0,0.0,2.0399214659685865,1.0530104712041886,0.9869109947643979,0.0,0.9410994764397905
290,2087.764705882353,0.7598039215686274,2.8868778280542986,2.4200603318250375,1.7300150829562595,0.49019607843137253,886.8227752639517,0.0,0.0,1.3695324283559578,0.6613876319758673,0.7081447963800905,0.0,0.9819004524886877
291,2083.610248447205,3.6437810559006207,3.472049689440994,2.75388198757764,1.3330745341614907,0.6358695652173914,912.3322981366459,0.0,0.0,2.3260869565217392,1.0830745341614907,1.2430124223602483,0.0,0.9138198757763976
292,2042.4120026972353,7.053283884018881,2.6001348617666893,2.6183412002697235,1.9366149696561026,0.5407956844234659,887.7491571139582,0.0,0.0,1.581254214430209,0.7896156439649359,0.7916385704652731,0.0,0.9177343223196224
293,2110.36186770428,1.2920933852140077,2.945525291828794,2.673929961089494,1.4972762645914397,0.532295719844358,913.6754863813229,0.0,0.0,1.9603112840466925,0.9665369649805448,0.9937743190661479,0.0,0.9828793774319066
294,2054.1128246753246,5.743433441558442,3.5040584415584415,2.580357142857143,1.390422077922078,0.6826298701298701,882.8108766233767,0.0,0.0,1.6079545454545454,0.7686688311688312,0.8392857142857143,0.0,0.9050324675324676
295,2050.286928104575,4.64513725490196,2.507843137254902,2.8379084967320263,1.881045751633987,0.49411764705882355,874.3575163398693,0.0,0.0,1.3986928104575163,0.7339869281045751,0.6647058823529411,0.0,0.9424836601307189
296,2107.9311334289814,1.0544404591104735,2.807747489239598,2.5796269727403156,1.5638450502152081,0.49426111908177905,906.4275466284074,0.0,0.0,1.7962697274031565,0.8385939741750359,0.9576757532281205,0.0,0.9799139167862266
297,2048.922480620155,6.6385038759689925,3.6906976744186046,2.5434108527131785,1.5224806201550387,0.6333333333333333,899.6038759689923,0.0,0.0,2.4178294573643413,1.1108527131782946,1.3069767441860465,0.0,0.8798449612403101
298,2040.9761755485893,4.954658307210032,2.35423197492163,2.684639498432602,2.0357366771159873,0.45015673981191223,891.8382445141066,0.0,0.0,0.6420062695924765,0.3573667711598746,0.2846394984326019,0.0,0.9498432601880877
299,2086.468679245283,2.464309433962264,3.0543396226415096,2.29811320754717,1.6747169811320755,0.5064150943396226,889.6475471698113,0.0,0.0,1.5683018867924527,0.7245283018867924,0.8437735849056603,0.0,0.9743396226415094
300,2057.701083032491,5.807292418772564,3.264981949458484,2.5740072202166067,1.4743682310469315,0.5848375451263538,863.470036101083,0.0,0.0,1.3458483754512636,0.6252707581227437,0.7205776173285199,0.0,0.903971119133574
301,2081.4694010416665,3.573528645833333,2.4049479166666665,2.5807291666666665,1.9674479166666667,0.5169270833333334,880.798828125,0.0,0.0,1.650390625,0.87109375,0.779296875,0.0,0.9505208333333334
302,2101.204081632653,2.0800897959183673,3.256326530612245,2.3346938775510204,1.4914285714285713,0.5395918367346939,899.6220408163265,0.0,0.0,1.8008163265306123,0.8457142857142858,0.9551020408163265,0.0,0.9730612244897959
303,2092.15612489992,5.652810248198558,3.575660528422738,2.721377101681345,1.3979183346677342,0.6693354683746997,906.3883106485188,0.0,0.0,2.522818254603683,1.232986389111289,1.289831865492394,0.0,0.911929543634908
304,2086.0473498233214,3.3148551236749113,2.602826855123675,2.9420494699646644,1.8318021201413428,0.496113074204947,913.5123674911661,0.0,0.0,1.332155477031802,0.6742049469964664,0.6579505300353357,0.0,0.9632508833922262
305,2093.5778781038375,0.7423476297968397,2.8126410835214446,2.5869074492099324,1.6155003762227238,0.49510910458991725,904.0895410082769,0.0,0.0,2.0135440180586905,1.0233258088788564,0.9902182091798345,0.0,0.9834462001504891
306,2085.8824383164006,5.758156748911466,3.218432510885341,2.7685050798258346,1.3831640058055152,0.5979680696661829,884.4862119013062,0.0,0.0,2.6545718432510887,1.2264150943396226,1.428156748911466,0.0,0.9013062409288825
307,2069.3115802943057,5.74676903390915,2.7581573896353166,2.6589891234804863,1.9769673704414588,0.4926423544465771,901.6397952655151,0.0,0.0,2.158029430582214,1.0991682661548305,1.0588611644273833,0.0,0.9321817018554063
308,2111.2624166048927,1.3364936990363232,2.742031134173462,2.6664195700518905,1.6174944403261675,0.4766493699036323,894.7435137138622,0.0,0.0,1.832468495181616,0.9073387694588584,0.9251297257227576,0.0,0.9785025945144552
309,2089.477362986497,7.313987291501191,3.6759332803812548,2.6409849086576647,1.4678316123907864,0.6600476568705321,884.0071485305798,0.0,0.0,2.1850675138999205,1.061953931691819,1.1231135822081018,0.0,0.8903891977760127
310,2071.9578274760383,4.523731629392971,2.4575079872204473,2.6830670926517572,2.171884984025559,0.4881789137380192,881.44089456869,0.0,0.0,1.6357827476038338,0.8856230031948882,0.7501597444089457,0.0,0.9514376996805112
311,2108.1238601823707,1.7477583586626142,2.933890577507599,2.3328267477203646,1.627659574468085,0.49772036474164133,913.6481762917933,0.0,0.0,2.5714285714285716,1.262158054711246,1.3092705167173253,0.0,0.9756838905775076
312,2080.8977812995245,4.91095087163233,3.541204437400951,2.4199683042789224,1.4904912836767037,0.6434231378763867,913.9952456418383,0.0,0.0,2.0388272583201266,0.9397781299524565,1.0990491283676704,0.0,0.9009508716323297
313,2091.4095238095238,3.661,2.735374149659864,2.9095238095238094,1.835374149659864,0.48775510204081635,902.6149659863945,0.0,0.0,2.1340136054421768,1.070748299319728,1.063265306122449,0.0,0.9469387755102041
314,2116.293311845286,1.2850926672038678,3.0829975825946816,2.460112812248187,1.5060435132957293,0.547945205479452,925.1619661563255,0.0,0.0,1.8533440773569703,0.8968573730862208,0.9564867042707494,0.0,0.9806607574536664
315,2098.1278640059127,8.196733185513674,3.367331855136733,2.6178861788617884,1.3569844789356984,0.6045824094604583,928.6060606060606,0.0,0.0,3.073909830007391,1.3651145602365116,1.7087952697708795,0.0,0.8920916481892092
316,2081.545893719807,5.389136473429952,2.3967391304347827,2.765096618357488,1.8870772946859904,0.4776570048309179,895.2192028985507,0.0,0.0,1.951086956521739,1.0138888888888888,0.9371980676328503,0.0,0.928743961352657
317,2124.0692541856924,2.111841704718417,3.2549467275494672,2.243531202435312,1.687214611872146,0.4916286149162861,927.4779299847793,0.0,0.0,2.506088280060883,1.1757990867579908,1.330289193302892,0.0,0.9756468797564688
318,2074.481208548268,7.459565217391304,3.165070007369197,2.6308032424465733,1.5217391304347827,0.5991156963890936,906.1650700073692,0.0,0.0,2.1798084008843035,1.0081061164333087,1.1717022844509948,0.0,0.8843036109064112
319,2071.1274768824305,5.8656406869220605,2.5667107001321003,2.6136063408190227,1.9557463672391018,0.5006605019815059,902.7483487450462,0.0,0.0,1.4676354029062086,0.8110964332892999,0.6565389696169088,0.0,0.9451783355350066
320,2121.1166158536585,1.6065015243902439,2.8963414634146343,2.451219512195122,1.705030487804878,0.5129573170731707,917.7522865853658,0.0,0.0,1.7263719512195121,0.8254573170731707,0.9009146341463414,0.0,0.975609756097561
321,2082.8141732283466,5.524921259842519,3.5755905511811026,2.6976377952755906,1.316535433070866,0.6417322834645669,925.7110236220473,0.0,0.0,2.2748031496062993,1.084251968503937,1.1905511811023621,0.0,0.9078740157480315
322,2068.1536406145624,5.968082832331329,2.532398129592518,2.559118236472946,1.927187708750835,0.5156980627922512,927.1649966599866,0.0,0.0,1.7869071476285905,0.9078156312625251,0.8790915163660654,0.0,0.9338677354709419
323,2118.0314417177915,0.6365644171779141,2.898006134969325,2.6157975460122698,1.6365030674846626,0.504601226993865,941.8926380368098,0.0,0.0,1.5138036809815951,0.7024539877300614,0.8113496932515337,0.0,0.9815950920245399
324,2065.5439024390244,7.688300813008131,3.5991869918699186,2.616260162601626,1.338211382113821,0.6593495934959349,893.8739837398374,0.0,0.0,1.9056910569105692,0.9650406504065041,0.9406504065040651,0.0,0.8967479674796748
325,2077.5438365194464,4.484818721160185,2.5194462755438365,2.8622280817402768,1.8872775214238628,0.4924192485168095,917.0125247198418,0.0,0.0,1.7956493078444298,0.8754119973632168,0.9202373104812129,0.0,0.9499011206328279
326,2126.7239353891337,0.6094493392070484,2.843612334801762,2.6534508076358296,1.4933920704845816,0.48237885462555063,934.0866372980911,0.0,0.0,2.023494860499266,0.869309838472834,1.1541850220264318,0.0,0.9809104258443465
327,2081.716417910448,7.8348582089552234,3.367910447761194,2.515671641791045,1.4850746268656716,0.6126865671641791,925.6970149253731,0.0,0.0,2.298507462686567,1.0619402985074626,1.2365671641791045,0.0,0.8768656716417911
328,2050.4936467598477,5.138983481575604,2.318297331639136,2.770012706480305,2.046378653113088,0.46124523506988563,928.0559085133418,0.0,0.0,0.7064803049555273,0.3767471410419314,0.3297331639135959,0.0,0.9529860228716646
329,2089.1552888222054,2.630127531882971,2.967741935483871,2.323330832708177,1.6669167291822955,0.5221305326331583,911.9414853713429,0.0,0.0,1.4508627156789198,0.735933983495874,0.7149287321830458,0.0,0.9759939984996249
330,2088.3752808988766,5.18238202247191,3.3872659176029964,2.6711610486891386,1.5108614232209738,0.6352059925093633,908.4756554307116,0.0,0.0,2.292134831460674,1.0614232209737828,1.2307116104868914,0.0,0.9101123595505618
331,2076.3462295081968,5.212767213114755,2.4891803278688522,2.5888524590163935,1.959344262295082,0.4898360655737705,920.0465573770492,0.0,0.0,2.279344262295082,1.1750819672131148,1.1042622950819672,0.0,0.9429508196721311
332,2131.9529320987654,0.8569675925925927,3.183641975308642,2.3348765432098766,1.533179012345679,0.5115740740740741,919.0632716049382,0.0,0.0,2.118827160493827,1.0185185185185186,1.1003086419753085,0.0,0.9822530864197531
333,2083.4240362811793,4.7030839002267575,3.5903250188964475,2.6674225245653815,1.3673469387755102,0.618291761148904,934.8291761148904,0.0,0.0,1.6787603930461072,0.7528344671201814,0.9259259259259259,0.0,0.9160997732426304
334,2075.5138794854433,4.392538930264049,2.5815842924847665,2.8997968855788763,1.7758970886932972,0.4928909952606635,910.1956668923493,0.0,0.0,1.6831415030467163,0.8571428571428571,0.8259986459038592,0.0,0.9553148273527421
335,2099.155416012559,0.9849764521193094,2.82967032967033,2.5934065934065935,1.608320251177394,0.49921507064364207,928.2598116169545,0.0,0.0,1.7747252747252746,0.8492935635792779,0.9254317111459969,0.0,0.9843014128728415
336,2115.864161849711,5.258634393063583,3.245664739884393,2.7752890173410405,1.3778901734104045,0.5744219653179191,925.3150289017341,0.0,0.0,2.2066473988439306,1.0888728323699421,1.1177745664739884,0.0,0.9053468208092486
337,2081.546504169339,6.512193713919179,2.822963438101347,2.676074406670943,1.9929441949967928,0.5137908915971777,917.8139833226427,0.0,0.0,2.04554201411161,1.0012828736369468,1.0442591404746633,0.0,0.9108402822322001
338,2126.99416909621,1.672478134110787,2.692419825072886,2.555393586005831,1.6749271137026238,0.4839650145772595,932.280612244898,0.0,0.0,1.760204081632653,0.8644314868804664,0.8957725947521866,0.0,0.9752186588921283
339,2097.1874039938557,5.678164362519201,3.5153609831029184,2.5606758832565286,1.4185867895545314,0.6505376344086021,889.3072196620584,0.0,0.0,1.8202764976958525,0.9124423963133641,0.9078341013824884,0.0,0.901689708141321
340,2073.855453350854,1.7084691195795005,2.331143232588699,2.6708278580814717,2.1537450722733245,0.4132720105124836,924.454664914586,0.0,0.0,1.3147174770039423,0.6931668856767411,0.621550591327201,0.0,0.9816031537450722
341,2140.828616352201,1.5640801886792453,2.993710691823899,2.37185534591195,1.578616352201258,0.5117924528301887,892.5,0.0,0.0,2.5117924528301887,1.190251572327044,1.3215408805031446,0.0,0.9772012578616353
342,2093.0479674796748,6.871747967479675,3.55609756097561,2.4723577235772356,1.4821138211382114,0.6707317073170732,919.9211382113821,0.0,0.0,2.905691056910569,1.4390243902439024,1.4666666666666666,0.0,0.8861788617886179
343,2073.001974983542,4.363699802501646,2.714944042132982,2.8090849242922977,1.7853851217906518,0.4911125740618828,934.2975641869651,0.0,0.0,1.4200131665569453,0.7399605003291639,0.6800526662277815,0.0,0.9407504937458855
344,2116.475369458128,0.7176190476190477,3.165024630541872,2.548440065681445,1.5320197044334976,0.5385878489326765,907.252052545156,0.0,0.0,1.9129720853858785,0.9819376026272578,0.9310344827586207,0.0,0.9852216748768473
345,2086.3666410453498,5.27608762490392,3.355880092236741,2.7340507302075325,1.4873174481168332,0.6295157571099155,926.2044581091468,0.0,0.0,2.112221368178324,0.9884704073789393,1.1237509607993852,0.0,0.9077632590315142
346,2065.2748324192567,5.842614259597806,2.4546008531383303,2.786106032906764,1.8695917123705057,0.47105423522242534,915.4290067032298,0.0,0.0,1.578915295551493,0.8232784887263863,0.7556368068251066,0.0,0.9274832419256551
347,2142.864367816092,3.135065134099617,3.357088122605364,2.2452107279693485,1.6406130268199233,0.518007662835249,944.7716475095785,0.0,0.0,2.7455938697318008,1.3724137931034484,1.3731800766283524,0.0,0.963984674329502
348,2068.0043352601156,7.5600000000000005,2.994219653179191,2.6134393063583814,1.5426300578034682,0.5809248554913294,923.0404624277456,0.0,0.0,2.104768786127168,0.9667630057803468,1.1380057803468209,0.0,0.8851156069364162
349,2087.868820039552,5.72564930784443,2.6697429136453525,2.595912986156889,1.961107448912327,0.5148319050758076,909.5622940013184,0.0,0.0,1.6117336849044166,0.8872775214238628,0.7244561634805537,0.0,0.9400131839156229
350,2097.613021214338,2.5224140453547914,2.825896122896854,2.4081931236283833,1.7556693489392832,0.4857351865398683,930.8851499634236,0.0,0.0,1.582297000731529,0.7293343087051939,0.852962692026335,0.0,0.9707388441843453
351,2115.335691823899,5.7975,3.577830188679245,2.731918238993711,1.3121069182389937,0.6226415094339622,904.6407232704403,0.0,0.0,2.261006289308176,1.1147798742138364,1.1462264150943395,0.0,0.9072327044025157
352,2076.414844267727,6.9555400927766735,2.5606361829025843,2.581842279655401,1.9131875414181576,0.5241882041086813,900.1716368455931,0.0,0.0,1.7448641484426772,0.8780649436713055,0.8667992047713717,0.0,0.9271040424121935
353,2119.9006309148267,1.4950946372239748,3.0,2.6884858044164037,1.5047318611987381,0.5347003154574133,935.9716088328075,0.0,0.0,2.045741324921136,0.9810725552050473,1.0646687697160884,0.0,0.9818611987381703
354,2082.0,6.564828393135726,3.3822152886115444,2.549921996879875,1.3650546021840875,0.6326053042121685,904.503120124805,0.0,0.0,1.8424336973478939,0.8416536661466458,1.000780031201248,0.0,0.8993759750390016
355,2080.106789716546,4.2587211601845745,2.5286750164798946,2.8464073829927488,1.8872775214238628,0.4930784442979565,894.2979564930785,0.0,0.0,1.6835860250494397,0.8543177323665129,0.8292682926829268,0.0,0.9459459459459459
356,2120.4930402930404,1.5825128205128205,2.942857142857143,2.6344322344322344,1.4805860805860807,0.4857142857142857,921.9333333333333,0.0,0.0,2.447619047619048,1.158974358974359,1.2886446886446887,0.0,0.9765567765567765
357,2079.962015503876,7.920728682170543,3.562015503875969,2.5945736434108526,1.5162790697674418,0.6387596899224807,917.3837209302326,0.0,0.0,2.1953488372093024,1.0209302325581395,1.1744186046511629,0.0,0.8767441860465116
358,2049.3087414755114,5.938815871047737,2.4159950402975823,2.735895846249225,2.027278363298202,0.4841909485430874,911.5598264104153,0.0,0.0,1.1859888406695598,0.5964042157470552,0.5895846249225046,0.0,0.9361438313701178
359,2109.4054462934946,2.823139183055976,2.9841149773071103,2.4213313161875947,1.7034795763993948,0.5060514372163388,940.4183055975794,0.0,0.0,2.16036308623298,1.0347957639939485,1.1255673222390317,0.0,0.970499243570348
360,2093.3815689261232,6.721766945925362,3.4158415841584158,2.61995430312262,1.5613099771515613,0.623000761614623,913.996191926885,0.0,0.0,2.0495049504950495,0.9870525514089871,1.0624523990860624,0.0,0.9032749428789033
361,2118.229974160207,4.042493540051679,2.4224806201550386,2.5671834625322996,1.9328165374677002,0.5025839793281653,871.3617571059432,0.0,0.0,2.7338501291989665,1.3630490956072352,1.3708010335917313,0.0,0.9476744186046512
362,2114.1116389548692,1.5153998416468726,3.171021377672209,2.3190815518606493,1.4576405384006335,0.5106888361045131,909.317498020586,0.0,0.0,2.168646080760095,1.0340459224069676,1.1346001583531276,0.0,0.9802058590657166
363,2081.606015037594,6.508398496240601,3.56390977443609,2.6203007518796992,1.3639097744360902,0.6142857142857143,912.0248120300752,0.0,0.0,1.913533834586466,0.8947368421052632,1.018796992481203,0.0,0.9037593984962407
364,2090.1982348947727,3.613530210454854,2.5723014256619146,2.8703326544467074,1.7820773930753564,0.4908350305498982,905.1866938221317,0.0,0.0,1.4887983706720977,0.7868295994568907,0.7019687712152071,0.0,0.9531568228105907
365,2108.832083958021,1.459865067466267,2.8260869565217392,2.527736131934033,1.5337331334332833,0.48425787106446777,924.9505247376312,0.0,0.0,2.0104947526236883,1.0449775112443778,0.9655172413793104,0.0,0.9790104947526237
366,2090.0530705079605,4.810394238059136,3.2896133434420016,2.775587566338135,1.310841546626232,0.6376042456406369,910.6535253980288,0.0,0.0,2.2426080363912053,1.0515542077331312,1.1910538286580743,0.0,0.8923426838514026
367,2061.7310167310166,6.362168597168597,2.722007722007722,2.5978120978120978,1.9787644787644787,0.5025740025740025,914.4658944658945,0.0,0.0,1.5797940797940797,0.7619047619047619,0.8178893178893178,0.0,0.9330759330759331
368,2110.2591463414633,1.2454268292682926,2.8041158536585367,2.580030487804878,1.5929878048780488,0.4954268292682927,917.8513719512196,0.0,0.0,1.2461890243902438,0.6272865853658537,0.6189024390243902,0.0,0.9771341463414634
369,2081.7482837528605,5.874462242562929,3.537757437070938,2.5034324942791764,1.3966437833714722,0.6422578184591915,888.9633867276888,0.0,0.0,1.5331807780320366,0.7841342486651411,0.7490465293668955,0.0,0.9000762776506483
370,2085.6647619047617,2.055936507936508,2.358730158730159,2.5726984126984127,2.113650793650794,0.41904761904761906,867.8552380952381,0.0,0.0,1.4774603174603174,0.7612698412698413,0.7161904761904762,0.0,0.9746031746031746
371,2137.096470588235,0.8305568627450981,3.0533333333333332,2.396078431372549,1.5670588235294118,0.5066666666666667,900.5066666666667,0.0,0.0,1.6784313725490196,0.8509803921568627,0.8274509803921568,0.0,0.9803921568627451
372,2076.2246153846154,5.8963230769230774,3.5784615384615384,2.3638461538461537,1.4523076923076923,0.6323076923076923,888.343076923077,0.0,0.0,1.9946153846153847,0.9015384615384615,1.093076923076923,0.0,0.8884615384615384
373,2068.6832884097034,5.237762803234501,2.700134770889488,2.887466307277628,1.8382749326145553,0.4946091644204852,915.7971698113207,0.0,0.0,1.669811320754717,0.8544474393530997,0.8153638814016172,0.0,0.9407008086253369
374,2114.0706655710765,0.8328841413311422,3.114215283483977,2.409202958093673,1.4272801972062448,0.5439605587510271,911.5398520953164,0.0,0.0,1.3599013968775677,0.6622843056696796,0.6976170912078883,0.0,0.9852095316351684
375,2091.050156739812,6.7984247648902825,3.4741379310344827,2.7358934169278997,1.3628526645768024,0.6496865203761756,870.1998432601881,0.0,0.0,2.4012539184952977,1.1700626959247649,1.2311912225705328,0.0,0.8926332288401254
376,2068.4317207593385,5.389516227801592,2.374157991426822,2.749540722596448,1.886099203919167,0.46417636252296385,890.3998775260258,0.0,0.0,1.3551745254133496,0.7072872014696877,0.647887323943662,0.0,0.939987752602572
377,2101.384090909091,2.3915984848484846,3.246969696969697,2.235606060606061,1.6462121212121212,0.5234848484848484,898.4833333333333,0.0,0.0,1.9106060606060606,0.9136363636363637,0.996969696969697,0.0,0.9681818181818181
378,2077.940819423369,7.763452200303489,3.1927162367223065,2.7132018209408195,1.5918057663125948,0.6244309559939302,879.6487101669196,0.0,0.0,1.505311077389985,0.7663125948406677,0.7389984825493171,0.0,0.8877086494688923
379,2071.8439119170985,5.570563471502592,2.5038860103626943,2.5809585492227978,1.9598445595854923,0.5148963730569949,878.7616580310881,0.0,0.0,1.0913212435233162,0.5835492227979274,0.5077720207253886,0.0,0.9384715025906736
380,2115.216030534351,1.2295114503816795,2.899236641221374,2.4755725190839692,1.7671755725190839,0.5083969465648855,900.3801526717557,0.0,0.0,1.4015267175572519,0.6396946564885496,0.7618320610687023,0.0,0.981679389312977
381,2114.1921598770177,6.396979246733282,3.5049961568024597,2.625672559569562,1.3059185242121445,0.6510376633358954,910.1214450422751,0.0,0.0,1.73097617217525,0.8209069946195234,0.9100691775557264,0.0,0.8985395849346657
382,2077.9396151293963,5.76347710683477,2.5454545454545454,2.6031851360318514,1.880557398805574,0.5016589250165893,909.872594558726,0.0,0.0,1.6516257465162574,0.8560053085600531,0.7956204379562044,0.0,0.9323158593231586
383,2114.9689681923974,0.9154538401861908,2.878975950349108,2.4926299456943366,1.539177657098526,0.5058184639255237,915.3568657874321,0.0,0.0,1.6679596586501164,0.8091543832428238,0.8588052754072925,0.0,0.9829325058184639
384,2077.6800327332244,5.38575286415712,3.448445171849427,2.644844517184943,1.4271685761047463,0.6865793780687398,885.3657937806875,0.0,0.0,1.414075286415712,0.7029459901800328,0.7111292962356792,0.0,0.911620294599018
385,2073.4576051779936,4.401967637540453,2.4148867313915856,2.7954692556634306,1.879611650485437,0.4880258899676375,899.6278317152104,0.0,0.0,1.6634304207119741,0.8343042071197411,0.829126213592233,0.0,0.9501618122977347
386,2125.6593886462883,1.956397379912664,2.8901018922852986,2.571324599708879,1.527656477438137,0.4796215429403202,910.67903930131,0.0,0.0,1.8100436681222707,0.9366812227074236,0.8733624454148472,0.0,0.9774381368267832
387,2072.8695003728562,8.366055182699478,3.463832960477256,2.4280387770320657,1.511558538404176,0.6249067859806114,894.1215510812826,0.0,0.0,2.295302013422819,1.0782997762863535,1.2170022371364653,0.0,0.8672632363907532
388,2044.231545741325,6.055993690851735,2.35205047318612,2.7413249211356465,2.095268138801262,0.4889589905362776,901.9362776025237,0.0,0.0,0.9205047318611987,0.45615141955835964,0.4643533123028391,0.0,0.9356466876971609
389,2123.405674846626,1.2494555214723926,3.000766871165644,2.432515337423313,1.6748466257668713,0.5207055214723927,907.319018404908,0.0,0.0,1.6625766871165644,0.7983128834355828,0.8642638036809815,0.0,0.9769938650306749
390,2099.6659209545114,5.895070842654735,3.245339299030574,2.639821029082774,1.5078299776286352,0.6181953765846383,886.8441461595824,0.0,0.0,2.0894854586129754,0.9694258016405667,1.1200596569724086,0.0,0.9075316927665921
391,2110.256444150694,4.7380304031725045,2.475875743555849,2.6325181758096496,1.9557171183079973,0.5049570389953735,890.0323859881031,0.0,0.0,2.120290812954395,1.0383344348975545,1.0819563780568406,0.0,0.9497686715135493
392,2120.2673879443587,1.5040417310664607,3.14451313755796,2.3160741885625966,1.492272024729521,0.5200927357032458,923.3346213292117,0.0,0.0,2.025502318392581,1.0332302936630602,0.9922720247295209,0.0,0.9760432766615147
393,2097.1022222222223,5.9146074074074075,3.545925925925926,2.636296296296296,1.3511111111111112,0.6088888888888889,918.3777777777777,0.0,0.0,1.9177777777777778,0.902962962962963,1.0148148148148148,0.0,0.9051851851851852
394,2068.4722792607804,4.91829568788501,2.5900068446269677,2.9452429842573578,1.842573579739904,0.5222450376454483,903.9917864476386,0.0,0.0,1.2203969883641341,0.5852156057494866,0.6351813826146475,0.0,0.9425051334702259
395,2123.4531132783195,1.424246061515379,2.744186046511628,2.525131282820705,1.595648912228057,0.4891222805701425,914.9504876219055,0.0,0.0,1.7959489872468117,0.8334583645911477,0.9624906226556639,0.0,0.9819954988747187
396,2120.506382978723,5.725737588652482,3.251063829787234,2.6914893617021276,1.3907801418439716,0.5879432624113475,919.9148936170212,0.0,0.0,2.5326241134751775,1.224822695035461,1.3078014184397162,0.0,0.9070921985815603
397,2099.5405580791694,6.159831278390655,2.7508111615833872,2.6781310837118752,2.016872160934458,0.5061648280337443,909.2985074626865,0.0,0.0,2.36275146009085,1.2225827384815056,1.1401687216093446,0.0,0.9253731343283582
398,2111.5387453874537,1.735719557195572,2.7431734317343173,2.63690036900369,1.6287822878228781,0.47232472324723246,916.9394833948339,0.0,0.0,1.9756457564575647,0.9099630996309963,1.0656826568265683,0.0,0.9734317343173432
399,2096.562162162162,7.773830115830116,3.5312741312741314,2.576061776061776,1.4030888030888031,0.6648648648648648,879.4061776061776,0.0,0.0,2.0138996138996137,0.9436293436293436,1.0702702702702702,0.0,0.8926640926640926
400,2086.5903307888043,3.535,2.4987277353689565,2.676208651399491,2.14058524173028,0.44656488549618323,907.4872773536896,0.0,0.0,1.4694656488549618,0.7646310432569975,0.7048346055979644,0.0,0.9586513994910941
401,2136.4554608830363,0.9799380325329201,3.035631293570875,2.349341595662277,1.5995352439969017,0.5112316034082107,913.7451587916344,0.0,0.0,2.507358636715724,1.1959721146398141,1.3113865220759102,0.0,0.9806351665375678
402,2075.1834415584417,5.636298701298701,3.528409090909091,2.4537337662337664,1.521103896103896,0.6834415584415584,916.7069805194806,0.0,0.0,2.1290584415584415,0.9650974025974026,1.1639610389610389,0.0,0.8961038961038961
403,2066.99609375,3.7441080729166667,2.5846354166666665,2.7734375,1.75,0.4524739583333333,901.1536458333334,0.0,0.0,1.552734375,0.7819010416666666,0.7708333333333334,0.0,0.9505208333333334
404,2101.8028404344195,0.9453467000835422,3.172932330827068,2.534670008354219,1.4853801169590644,0.5497076023391813,904.0685045948204,0.0,0.0,2.0050125313283207,0.9983291562238931,1.0066833751044277,0.0,0.9816207184628237
405,2075.888802488336,8.052566096423018,3.4393468118195956,2.688180404354588,1.370139968895801,0.6298600311041991,880.9486780715397,0.0,0.0,2.3421461897356144,1.124416796267496,1.2177293934681181,0.0,0.8895800933125972
406,2066.7602409638553,5.190710843373494,2.3987951807228916,2.741566265060241,1.855421686746988,0.4566265060240964,896.6602409638555,0.0,0.0,1.3156626506024096,0.6325301204819277,0.6831325301204819,0.0,0.9349397590361446
407,2122.930441286462,2.3262154076290202,3.242333582647719,2.2662677636499624,1.6970830216903516,0.4973821989528796,908.7142857142857,0.0,0.0,2.6656694091249067,1.3231114435302918,1.3425579655946147,0.0,0.9708302169035153
408,2073.952557449963,6.820467012601927,3.1764269829503338,2.672349888806523,1.5389177168272794,0.6160118606375092,879.3595255744997,0.0,0.0,1.8628613787991104,0.832468495181616,1.0303928836174945,0.0,0.8873239436619719
409,2087.303838646714,7.2813207547169805,2.6044242029928433,2.666883539362394,1.966167859466493,0.5133376707872479,878.2407286922577,0.0,0.0,1.619388418998048,0.815224463240078,0.8041639557579701,0.0,0.9264801561483409
410,2128.2726618705037,1.2676906474820144,2.803597122302158,2.3597122302158273,1.710791366906475,0.4741007194244604,894.3964028776978,0.0,0.0,1.9870503597122302,0.8805755395683453,1.106474820143885,0.0,0.9798561151079137
411,2115.5438596491226,6.911228070175439,3.4988558352402745,2.704042715484363,1.3142639206712434,0.6193745232646835,919.329519450801,0.0,0.0,2.3394355453852023,1.0556826849733028,1.2837528604118993,0.0,0.8985507246376812
412,2073.4841323430114,6.7307427413909515,2.5975692099932477,2.5935178933153273,1.9196488858879135,0.5219446320054018,904.0999324780554,0.0,0.0,1.9534098582039163,1.0074274139095205,0.9459824442943957,0.0,0.9237002025658338
413,2130.2814371257487,0.9409356287425149,2.8600299401197606,2.588323353293413,1.5793413173652695,0.49326347305389223,925.1444610778443,0.0,0.0,2.2020958083832336,1.0553892215568863,1.1467065868263473,0.0,0.9820359281437125
414,2106.2364066193854,4.88080378250591,3.504334121355398,2.6587864460204886,1.3617021276595744,0.6493301812450749,923.3924349881796,0.0,0.0,1.954294720252167,0.9196217494089834,1.0346729708431837,0.0,0.9164696611505122
415,2082.1410512308717,5.498043912175649,2.5615435795076515,2.9347970725216235,1.9095143047238856,0.5029940119760479,884.9174983366601,0.0,0.0,2.1676646706586826,1.0731869594145043,1.0944777112441784,0.0,0.936127744510978
416,2117.3293954134815,1.378443363446838,2.7699791521890202,2.678248783877693,1.5837387074357192,0.4572619874913134,893.4530924252954,0.0,0.0,2.546907574704656,1.2154273801250868,1.3314801945795691,0.0,0.9812369701181376
417,2087.557910673732,8.795117335352007,3.6729750189250567,2.6260408781226343,1.558667676003028,0.6320968962906889,900.4360333080999,0.0,0.0,2.850113550340651,1.3989401968205906,1.4511733535200606,0.0,0.874337623012869
418,2043.676799007444,7.795552109181141,2.4311414392059554,2.7158808933002483,2.029776674937965,0.49193548387096775,905.5359801488834,0.0,0.0,1.401985111662531,0.7320099255583127,0.6699751861042184,0.0,0.9168734491315137
419,2124.716573258607,2.506124899919936,3.1569255404323457,2.400320256204964,1.7045636509207367,0.5324259407526021,909.4371497197758,0.0,0.0,1.600480384307446,0.7445956765412329,0.855884707766213,0.0,0.9735788630904724
420,2077.5018615040954,4.5448548026805655,3.4199553239017124,2.68801191362621,1.520476545048399,0.6135517498138496,882.915115413254,0.0,0.0,2.1116902457185405,0.9865971705137752,1.1250930752047654,0.0,0.909903201787044
421,2072.9564329475834,4.75575221238938,2.456092579986385,2.734513274336283,1.9945541184479239,0.4901293396868618,876.7304288631723,0.0,0.0,1.834581347855684,0.8339006126616746,1.0006807351940095,0.0,0.9530292716133424
422,2114.541800643087,3.099557877813505,3.35048231511254,2.39951768488746,1.5080385852090032,0.5506430868167203,877.5144694533763,0.0,0.0,1.6688102893890675,0.864951768488746,0.8038585209003215,0.0,0.9670418006430869
423,2097.400746268657,4.553567164179104,3.5992537313432837,2.7455223880597015,1.4156716417910449,0.6179104477611941,891.1805970149254,0.0,0.0,2.4328358208955225,1.1455223880597014,1.287313432835821,0.0,0.9119402985074627
424,2080.805517241379,3.766765517241379,2.6751724137931037,2.9475862068965517,1.8289655172413792,0.5041379310344828,906.4510344827586,0.0,0.0,1.2310344827586206,0.6006896551724138,0.6303448275862069,0.0,0.9537931034482758
425,2117.6795539033455,1.655747211895911,2.7680297397769515,2.6066914498141265,1.5821561338289962,0.4817843866171004,893.4594795539033,0.0,0.0,1.8468401486988848,0.8743494423791821,0.9724907063197026,0.0,0.979182156133829
426,2123.242553191489,5.238085106382979,3.1666666666666665,2.7312056737588652,1.420567375886525,0.5815602836879432,878.1283687943262,0.0,0.0,2.917730496453901,1.45177304964539,1.4659574468085106,0.0,0.9106382978723404
427,2067.613563659629,7.30725527831094,2.724888035828535,2.617402431222009,1.9699296225207934,0.4952015355086372,900.0499040307102,0.0,0.0,2.199616122840691,1.1593090211132437,1.0403071017274472,0.0,0.9225847728726807
428,2127.6119298245612,1.620561403508772,2.6449122807017544,2.534736842105263,1.6526315789473685,0.47719298245614034,915.0,0.0,0.0,1.5171929824561403,0.7340350877192983,0.783157894736842,0.0,0.9733333333333334
429,2100.6365705614567,6.906449165402125,3.6441578148710168,2.5477996965098635,1.5091047040971168,0.622154779969651,897.4764795144158,0.0,0.0,1.8148710166919575,0.8808801213960546,0.9339908952959028,0.0,0.8960546282245827
430,2087.7708845208845,4.767518427518428,2.4692874692874693,2.5626535626535625,2.0853808353808354,0.4619164619164619,905.4072481572482,0.0,0.0,1.3937346437346438,0.7481572481572482,0.6455773955773956,0.0,0.9484029484029484
431,2154.2544141252006,0.4288523274478331,3.091492776886035,2.388443017656501,1.5545746388443018,0.5096308186195827,904.7447833065811,0.0,0.0,1.7969502407704654,0.8828250401284109,0.9141252006420546,0.0,0.9871589085072231
432,2100.733974358974,6.0887980769230765,3.6225961538461537,2.4783653846153846,1.5,0.6666666666666666,892.8541666666666,0.0,0.0,2.329326923076923,1.1290064102564104,1.2003205128205128,0.0,0.8790064102564102
433,2085.62987012987,4.353207792207792,2.696753246753247,2.7785714285714285,1.7707792207792208,0.4831168831168831,895.2623376623377,0.0,0.0,1.3915584415584417,0.7272727272727273,0.6642857142857143,0.0,0.9383116883116883
434,2120.461904761905,3.1431825396825395,3.096031746031746,2.4904761904761905,1.4793650793650794,0.5484126984126985,874.6301587301588,0.0,0.0,1.4984126984126984,0.7706349206349207,0.7277777777777777,0.0,0.9666666666666667
435,2124.971277399849,9.277059712773998,3.4625850340136055,2.6296296296296298,1.4149659863945578,0.6084656084656085,871.3189720332578,0.0,0.0,2.288737717309146,1.0393046107331823,1.2494331065759636,0.0,0.889644746787604
436,2096.9470480827754,5.465842970176506,2.472915398660986,2.7973219720024347,1.8539257455873401,0.4796104686548996,883.7772367620207,0.0,0.0,1.5362142422398053,0.7766281192939745,0.7595861229458308,0.0,0.9275715155203895
437,2176.924369747899,2.392307104660046,3.3231474407944996,2.339190221543163,1.6592818945760122,0.4988540870893812,888.7020626432391,0.0,0.0,2.1634835752482813,1.0702826585179526,1.0932009167303285,0.0,0.9694423223834988
438,2089.484626647145,8.056046852122986,3.1866764275256223,2.650805270863836,1.5234260614934114,0.5900439238653001,867.7188872620791,0.0,0.0,1.3169838945827232,0.6185944363103953,0.698389458272328,0.0,0.883601756954612
439,2084.7701223438507,5.960321957501611,2.6220218931101096,2.60592401802962,1.957501609787508,0.4752092723760464,880.0573084352866,0.0,0.0,1.2260141661300707,0.6587250482936252,0.5672891178364456,0.0,0.9349645846748229
440,2140.436993367723,0.5995946941783346,2.8356669123065585,2.333087693441415,1.7472365512159174,0.4900515843773029,881.457627118644,0.0,0.0,1.7921886514369934,0.815033161385409,0.9771554900515844,0.0,0.9823139277818718
441,2123.5154019534184,6.147129977460556,3.456799398948159,2.6093163035311795,1.2997746055597295,0.6258452291510143,884.832456799399,0.0,0.0,2.229151014274981,1.0706235912847484,1.158527422990233,0.0,0.8978211870773855
442,2077.692711753119,6.1115167432698625,2.4753775443204202,2.5751805646749837,1.8956007879185817,0.5147734734077478,884.7570584372949,0.0,0.0,1.6940249507550886,0.8824688115561392,0.8115561391989494,0.0,0.9290873276428102
443,2150.798766383963,1.3481495759444873,2.9406322282189667,2.648419429452583,1.502698535080956,0.505011565150347,909.9298380878952,0.0,0.0,1.8535080956052428,0.9043947571318427,0.9491133384734002,0.0,0.9799537393986122
444,2091.913995308835,6.803924941360437,3.385457388584832,2.5168100078186084,1.3385457388584832,0.6426896012509773,876.9632525410477,0.0,0.0,1.3784206411258797,0.7130570758405004,0.6653635652853792,0.0,0.9038311180609852
445,2124.759138381201,3.614725848563969,2.449738903394256,2.8400783289817233,1.83355091383812,0.47389033942558745,859.726501305483,0.0,0.0,2.387728459530026,1.266971279373368,1.120757180156658,0.0,0.9588772845953003
446,2169.912087912088,1.2538608058608058,2.923076923076923,2.5772893772893775,1.5194139194139193,0.4776556776556777,890.9318681318681,0.0,0.0,2.192673992673993,1.057875457875458,1.1347985347985348,0.0,0.9831501831501831
447,2114.1918008784774,9.364443631039531,3.5190336749633966,2.4699853587115665,1.4985358711566619,0.609809663250366,865.7510980966325,0.0,0.0,2.5871156661786237,1.2964860907759883,1.2906295754026353,0.0,0.8784773060029283
448,2077.1578616352203,4.61991823899371,2.3163522012578617,2.740251572327044,2.0276729559748428,0.4509433962264151,904.4119496855346,0.0,0.0,1.1081761006289308,0.5930817610062893,0.5150943396226415,0.0,0.9566037735849057
449,2170.892284186402,1.6152253628724216,2.962566844919786,2.326967150496562,1.570664629488159,0.48357524828113063,905.6906035141329,0.0,0.0,1.676088617265088,0.760122230710466,0.9159663865546218,0.0,0.9763177998472116
450,2108.119380987472,6.727722918201916,3.309506263817244,2.6425939572586588,1.4893146647015476,0.5910095799557848,865.141488577745,0.0,0.0,2.509211495946942,1.1591746499631541,1.3500368459837877,0.0,0.9049373618275608
451,2099.174139051332,5.0962962962962965,2.359974009096816,2.5919428200129953,1.9239766081871346,0.4678362573099415,883.3235867446393,0.0,0.0,1.7290448343079923,0.8804418453541261,0.8486029889538661,0.0,0.9460688758934372
452,2151.4409836065574,2.2426803278688525,3.2991803278688523,2.4090163934426227,1.4721311475409835,0.5385245901639344,876.6491803278689,0.0,0.0,2.0672131147540984,0.9475409836065574,1.119672131147541,0.0,0.9704918032786886
453,2098.120406567631,6.666864738076622,3.5840500390930417,2.526192337763878,1.400312744331509,0.619233776387803,862.6645817044566,0.0,0.0,1.929632525410477,0.8663017982799062,1.0633307271305708,0.0,0.9022673964034402
454,2093.629117259552,4.91298418972332,2.536231884057971,2.7911725955204214,1.7707509881422925,0.4552042160737813,869.0803689064559,0.0,0.0,1.5487483530961792,0.7938076416337286,0.7549407114624506,0.0,0.9512516469038208
455,2160.4875283446713,1.6380574452003025,2.836734693877551,2.568405139833711,1.5170068027210883,0.5026455026455027,889.9969765684051,0.0,0.0,2.569160997732426,1.2834467120181405,1.2857142857142858,0.0,0.9758125472411187
456,2118.7856603773585,7.29571320754717,3.3064150943396227,2.7645283018867923,1.4173584905660377,0.6279245283018868,883.8007547169811,0.0,0.0,2.898867924528302,1.3554716981132076,1.5433962264150944,0.0,0.8950943396226415
457,2080.815822002472,9.191254635352287,2.7348578491965387,2.5710754017305315,1.9443757725587145,0.49134734239802225,862.8603213844252,0.0,0.0,2.2793572311495676,1.1199011124845488,1.1594561186650185,0.0,0.9066749072929543
458,2125.6349442379183,2.083472118959108,2.7933085501858734,2.5397769516728625,1.6743494423791823,0.5033457249070632,918.6438661710038,0.0,0.0,1.6319702602230484,0.7702602230483271,0.8617100371747212,0.0,0.9739776951672863
459,2121.368263473054,7.495471556886228,3.56811377245509,2.4738023952095807,1.4610778443113772,0.6324850299401198,864.3390718562874,0.0,0.0,2.124251497005988,1.0366766467065869,1.0875748502994012,0.0,0.8929640718562875
460,2095.743842364532,3.9364100985221673,2.4008620689655173,2.5381773399014778,2.0751231527093594,0.44519704433497537,879.0104679802955,0.0,0.0,2.1767241379310347,1.1403940886699508,1.0363300492610839,0.0,0.9532019704433498
461,2115.2772657450078,1.2267281105990784,3.009984639016897,2.355606758832565,1.5844854070660521,0.5145929339477726,913.0168970814132,0.0,0.0,2.0299539170506913,1.0299539170506913,1.0,0.0,0.9831029185867896
462,2107.0532786885246,5.883508196721311,3.6204918032786884,2.5163934426229506,1.5344262295081967,0.6868852459016394,908.5295081967213,0.0,0.0,3.054098360655738,1.4754098360655739,1.5786885245901638,0.0,0.8942622950819672
463,2088.6544502617803,3.3516819371727746,2.668848167539267,2.845549738219895,1.786649214659686,0.48232984293193715,890.5157068062828,0.0,0.0,2.1904450261780104,1.1675392670157068,1.0229057591623036,0.0,0.9417539267015707
464,2108.8384798099764,2.2677197149643704,3.0791765637371338,2.4410134600158355,1.4972288202692003,0.5249406175771971,917.8004750593824,0.0,0.0,2.0760095011876483,1.0015835312747428,1.0744259699129057,0.0,0.9778305621536025
465,2121.3258164852255,5.326842923794712,3.418351477449456,2.662519440124417,1.4300155520995335,0.6469673405909798,896.7325038880249,0.0,0.0,3.5007776049766717,1.510886469673406,1.989891135303266,0.0,0.9020217729393468
466,2064.9065533980583,4.282663834951456,2.3816747572815533,2.700242718446602,1.8756067961165048,0.44478155339805825,895.3082524271845,0.0,0.0,1.6401699029126213,0.8173543689320388,0.8228155339805825,0.0,0.9453883495145631
467,2135.128398791541,2.0317824773413897,3.277190332326284,2.2288519637462234,1.5702416918429003,0.49697885196374625,884.9962235649547,0.0,0.0,2.754531722054381,1.3836858006042296,1.3708459214501512,0.0,0.9712990936555891
468,2078.0474732006123,7.800267993874425,3.1454823889739663,2.5972434915773355,1.5168453292496171,0.6240428790199081,880.865237366003,0.0,0.0,2.0206738131699846,0.9203675344563553,1.1003062787136293,0.0,0.8828483920367535
469,2098.0227420402857,4.743365821962313,2.590643274853801,2.6341780376868096,1.99090318388564,0.4899285250162443,881.6380766731644,0.0,0.0,1.8278102664067577,0.9545159194282001,0.8732943469785575,0.0,0.9363222871994802
470,2126.8804751299185,1.555872308834447,2.8389012620638456,2.4320712694877504,1.6867112100965107,0.5018559762435041,897.950259836674,0.0,0.0,1.659985152190052,0.7817371937639198,0.8782479584261321,0.0,0.9747587230883444
471,2102.1620405101276,6.436991747936984,3.385596399099775,2.6159039759939984,1.3158289572393098,0.6009002250562641,913.7434358589647,0.0,0.0,2.5221305326331582,1.2378094523630907,1.2843210802700675,0.0,0.8957239309827457
472,2102.9291553133517,2.3774863760217984,2.4931880108991824,2.6519073569482288,1.9250681198910082,0.48705722070844687,905.3562670299727,0.0,0.0,2.1348773841961854,1.0544959128065394,1.0803814713896458,0.0,0.9536784741144414
473,2126.5030674846626,1.1774539877300614,2.9478527607361964,2.5996932515337425,1.4762269938650308,0.49079754601226994,940.2753067484663,0.0,0.0,2.0644171779141103,0.9670245398773006,1.0973926380368098,0.0,0.9785276073619632
474,2098.218020917136,5.089967819790829,3.5406275140788415,2.6122284794851165,1.414320193081255,0.670152855993564,900.8889782783588,0.0,0.0,1.9066773934030572,0.915526950925181,0.9911504424778761,0.0,0.914722445695897
475,2110.857421875,3.946796875,2.48828125,2.8548177083333335,1.8834635416666667,0.4739583333333333,931.544921875,0.0,0.0,3.267578125,1.7369791666666667,1.5305989583333333,0.0,0.947265625
476,2153.1641274238227,1.0330263157894737,2.75207756232687,2.5574792243767313,1.5235457063711912,0.4632963988919668,926.6121883656509,0.0,0.0,2.285318559556787,1.1717451523545706,1.113573407202216,0.0,0.9833795013850416
477,2098.708823529412,7.524227941176471,3.526470588235294,2.490441176470588,1.5661764705882353,0.5845588235294118,897.6742647058824,0.0,0.0,2.6801470588235294,1.263235294117647,1.4169117647058824,0.0,0.8786764705882353
478,2059.3887204366283,5.813693147362038,2.2935112189205578,2.619769557307459,2.0066707095209217,0.47180109157064887,902.8641600970285,0.0,0.0,1.1273499090357793,0.6027895694360218,0.5245603395997575,0.0,0.9357186173438448
479,2121.126025354213,1.9241088739746457,2.9403430275913496,2.381804623415362,1.6823266219239374,0.5018642803877703,937.0014914243102,0.0,0.0,1.9455630126771066,0.9231916480238628,1.0223713646532437,0.0,0.9776286353467561
480,2082.154578754579,6.137567765567766,3.336996336996337,2.668131868131868,1.528205128205128,0.6065934065934065,881.359706959707,0.0,0.0,1.6637362637362638,0.8212454212454212,0.8424908424908425,0.0,0.9032967032967033
481,2094.314436387607,4.7718127883981545,2.4475939353988134,2.6071193144363876,1.9545154911008569,0.4838497033618985,921.5945945945946,0.0,0.0,1.909690177982861,0.9393539881344759,0.970336189848385,0.0,0.9479235332893869
482,2131.8143564356437,1.9228052805280529,3.33003300330033,2.4067656765676566,1.5016501650165017,0.5313531353135313,953.0709570957096,0.0,0.0,2.116336633663366,1.028052805280528,1.0882838283828382,0.0,0.9760726072607261
483,2094.2684014869888,5.4507137546468405,3.3977695167286246,2.652788104089219,1.3650557620817845,0.6104089219330855,920.3241635687732,0.0,0.0,2.2631970260223047,1.0713754646840148,1.1918215613382899,0.0,0.9026022304832714
484,2089.3294600136705,3.018407382091593,2.504442925495557,2.827067669172932,1.797676008202324,0.47368421052631576,973.1004784688995,0.0,0.0,1.9460013670539986,0.9446343130553657,1.001367053998633,0.0,0.9678742310321258
485,2114.798766383963,0.4085659213569776,2.7887432536622976,2.6700077101002315,1.5990747879722436,0.49421742482652276,977.064764841943,0.0,0.0,2.7085582112567463,1.3107170393215113,1.397841171935235,0.0,0.9868928296067849
486,2084.3321247280637,4.759100797679478,3.1914430746918057,2.7411167512690353,1.3894126178390138,0.6018854242204495,917.8941261783901,0.0,0.0,2.7802755620014503,1.3284989122552575,1.4517766497461928,0.0,0.9064539521392313
487,2083.078380143697,6.046975832789027,2.8569562377531024,2.704114957544089,2.016982364467668,0.5173089483997387,938.0751143043763,0.0,0.0,2.32527759634226,1.1574134552580013,1.1678641410842587,0.0,0.9314173742651861
488,2095.543668122271,1.6053056768558953,2.6593886462882095,2.510917030567686,1.6353711790393013,0.4868995633187773,933.197962154294,0.0,0.0,1.9112081513828238,0.9148471615720524,0.9963609898107715,0.0,0.9730713245997089
489,2084.65468164794,7.764674157303371,3.540823970037453,2.5205992509363297,1.405243445692884,0.6247191011235955,907.1460674157304,0.0,0.0,2.715355805243446,1.2801498127340825,1.4352059925093632,0.0,0.8801498127340824
490,2072.43391521197,4.394576059850374,2.3385286783042396,2.5829177057356607,2.1296758104738154,0.4613466334164589,911.8310473815461,0.0,0.0,1.7724438902743143,0.8584788029925187,0.9139650872817955,0.0,0.9513715710723192
491,2117.042442293373,1.0141772151898734,2.8808637379002233,2.3745346239761727,1.646314221891288,0.4869694713328369,969.2866716306776,0.0,0.0,2.454951600893522,1.2002978406552494,1.2546537602382726,0.0,0.9851079672375279
492,2089.0234009360374,4.525234009360375,3.5429017160686427,2.4102964118564745,1.4633385335413416,0.6513260530421217,966.575663026521,0.0,0.0,2.5959438377535102,1.2012480499219969,1.3946957878315132,0.0,0.9032761310452418
493,2061.394996708361,4.696451612903226,2.748518762343647,2.806451612903226,1.804476629361422,0.4878209348255431,939.9605003291639,0.0,0.0,1.575378538512179,0.7551020408163265,0.8202764976958525,0.0,0.9400921658986175
494,2109.3705118411,0.7578915202444614,2.889992360580596,2.385790679908327,1.5324675324675325,0.5026737967914439,936.8823529411765,0.0,0.0,2.064935064935065,1.0420168067226891,1.022918258212376,0.0,0.983957219251337
495,2110.0561184723306,6.67385814497272,3.4785658612626658,2.7022603273577555,1.446609508963367,0.6282151208106002,947.7731878409977,0.0,0.0,4.551831644583008,2.0662509742790336,2.485580670303975,0.0,0.9088074824629774
496,2083.386292834891,3.9072710280373832,2.4174454828660434,2.7526479750778816,1.8959501557632399,0.44672897196261685,924.186292834891,0.0,0.0,1.6018691588785046,0.8355140186915888,0.7663551401869159,0.0,0.9520249221183801
497,2112.0711143695016,1.5816568914956013,3.19941348973607,2.2382697947214076,1.747067448680352,0.46774193548387094,946.58357771261,0.0,0.0,1.9721407624633431,0.9816715542521994,0.9904692082111437,0.0,0.9750733137829912
498,2077.7163958641063,7.3457976366322,3.0590841949778436,2.531019202363368,1.5406203840472674,0.6063515509601182,913.5878877400295,0.0,0.0,2.087149187592319,0.9852289512555391,1.10192023633678,0.0,0.8840472673559823
499,2090.9278350515465,4.354162371134021,2.4774484536082473,2.6153350515463916,1.9490979381443299,0.46134020618556704,920.9432989690722,0.0,0.0,1.625,0.8337628865979382,0.7912371134020618,0.0,0.9568298969072165
500,2110.4632516703787,1.3607423904974016,2.8396436525612474,2.36822568671121,1.716406829992576,0.4766146993318486,942.6770601336303,0.0,0.0,2.025983667409057,0.9190794357832219,1.1069042316258353,0.0,0.9762435040831478
501,2109.5887480190177,4.757646592709984,3.600633914421553,2.731378763866878,1.3177496038034866,0.6458003169572107,940.8684627575277,0.0,0.0,2.7480190174326466,1.312202852614897,1.4358161648177497,0.0,0.9064976228209192
502,2073.8080614203454,4.589750479846449,2.3710812539987205,2.506078055022393,1.8413307741522713,0.49776071657069737,925.9046705054383,0.0,0.0,1.838131797824696,0.8682021753039028,0.9699296225207934,0.0,0.9379398592450416
503,2105.769290123457,1.5277314814814815,2.9189814814814814,2.559413580246914,1.5162037037037037,0.49691358024691357,957.8996913580247,0.0,0.0,1.9907407407407407,0.9359567901234568,1.054783950617284,0.0,0.9814814814814815
504,2060.711129296236,5.873764320785598,3.3477905073649756,2.509819967266776,1.3870703764320786,0.67430441898527,927.1612111292962,0.0,0.0,1.4991816693944353,0.6783960720130933,0.820785597381342,0.0,0.9018003273322422
505,2086.7755102040815,2.241619486504279,2.338380513495721,2.8545095457537855,1.848584595128374,0.4621461487820935,934.0078999341672,0.0,0.0,2.6142198815009876,1.4107965766951942,1.2034233048057932,0.0,0.9670836076366031
506,2099.3785664578986,1.159993041057759,2.791231732776618,2.556019485038274,1.4850382741823243,0.44606819763395966,929.1426583159359,0.0,0.0,1.6938065414057064,0.7863604732080723,0.907446068197634,0.0,0.9819067501739736
507,2048.541788856305,6.832932551319649,3.4853372434017595,2.4501466275659824,1.5095307917888563,0.5953079178885631,932.1781524926686,0.0,0.0,2.3233137829912023,1.064516129032258,1.2587976539589443,0.0,0.8819648093841642
508,2053.0444015444014,3.776531531531531,2.361003861003861,2.772200772200772,2.0624195624195623,0.46525096525096526,958.4105534105535,0.0,0.0,1.077863577863578,0.564993564993565,0.5128700128700129,0.0,0.9543114543114544
509,2088.613839285714,2.040840773809524,2.959077380952381,2.2998511904761907,1.671875,0.47544642857142855,996.5416666666666,0.0,0.0,1.8742559523809523,0.9181547619047619,0.9561011904761905,0.0,0.9754464285714286
510,2068.1161616161617,4.973225108225108,3.238816738816739,2.486291486291486,1.4913419913419914,0.6053391053391053,914.6017316017316,0.0,0.0,1.823953823953824,0.8304473304473304,0.9935064935064936,0.0,0.9126984126984127
511,2076.5662572721394,4.331170006464124,2.32579185520362,2.6069812540400776,1.9082094376212024,0.4731738849385908,931.6851971557854,0.0,0.0,1.8345184227537168,0.8946347769877182,0.9398836457659987,0.0,0.9528118939883645
512,2084.342635658915,2.0218914728682167,3.189922480620155,2.298449612403101,1.4782945736434108,0.5224806201550387,949.7038759689923,0.0,0.0,2.0813953488372094,1.0007751937984497,1.0806201550387597,0.0,0.9736434108527132
513,2066.573292402149,3.9737605525709903,3.5940138142747506,2.634689178818112,1.387567152724482,0.6377590176515733,937.6270145817344,0.0,0.0,1.86415963161934,0.9332310053722179,0.930928626247122,0.0,0.9201841903300076
514,2069.1971640783254,4.291796083727211,2.5941931127616473,2.823092505064146,1.7940580688723835,0.48278190411883865,943.7238352464551,0.0,0.0,1.4220121539500337,0.6650911546252533,0.7569209993247805,0.0,0.9567859554355166
515,2104.3918215613385,0.8234349442379182,2.762825278810409,2.5263940520446098,1.5605947955390334,0.48475836431226765,965.6237918215613,0.0,0.0,2.2646840148698884,1.0557620817843867,1.2089219330855019,0.0,0.9828996282527881
516,2087.0318282753515,5.283153219837158,3.3227239082161364,2.7372316802368615,1.4226498889711325,0.5951147298297558,939.8223538119911,0.0,0.0,2.3486306439674314,1.1102886750555145,1.238341968911917,0.0,0.9082161361954109
517,2066.367973856209,5.475986928104575,2.730718954248366,2.588235294117647,1.9562091503267973,0.4745098039215686,930.9215686274509,0.0,0.0,1.9745098039215687,1.0026143790849673,0.9718954248366013,0.0,0.9444444444444444
518,2103.2926829268295,1.400294117647059,2.639167862266858,2.5408895265423244,1.5724533715925395,0.46700143472022954,959.4275466284074,0.0,0.0,1.9433285509325682,0.8873744619799139,1.0559540889526542,0.0,0.9770444763271162
519,2084.441307578009,5.135096582466567,3.574294205052006,2.447994056463596,1.401188707280832,0.6196136701337296,921.627043090639,0.0,0.0,2.6857355126300146,1.3410104011887072,1.3447251114413077,0.0,0.9041604754829123
520,2073.9214195183777,3.3664195183776933,2.453738910012674,2.596958174904943,2.1337135614702154,0.45690747782002533,920.5811153358682,0.0,0.0,1.538656527249683,0.8060836501901141,0.7325728770595691,0.0,0.9607097591888466
521,2103.974117647059,0.6766980392156863,2.9858823529411764,2.352156862745098,1.580392156862745,0.49333333333333335,939.9898039215686,0.0,0.0,2.296470588235294,1.1090196078431374,1.187450980392157,0.0,0.9803921568627451
522,2069.1017915309444,4.999657980456026,3.5366449511400653,2.4226384364820848,1.517100977198697,0.6579804560260586,942.9837133550488,0.0,0.0,1.9413680781758957,0.9682410423452769,0.9731270358306189,0.0,0.8916938110749185
523,2074.2222950819673,2.9919344262295082,2.657704918032787,2.7750819672131146,1.79672131147541,0.4721311475409836,954.0229508196721,0.0,0.0,1.620327868852459,0.8472131147540983,0.7731147540983606,0.0,0.9514754098360656
524,2100.414205905826,2.1224181963288107,3.071029529130088,2.366320830007981,1.4804469273743017,0.509976057462091,952.586592178771,0.0,0.0,2.5953711093375897,1.2960893854748603,1.2992817238627294,0.0,0.9784517158818835
525,2106.1795454545454,6.667515151515152,3.334848484848485,2.6234848484848485,1.425,0.6151515151515151,935.4090909090909,0.0,0.0,3.746212121212121,1.7242424242424241,2.021969696969697,0.0,0.9075757575757576
526,2074.02699460108,5.787432513497301,2.373125374925015,2.681463707258548,1.8770245950809838,0.4589082183563287,949.5962807438513,0.0,0.0,2.0893821235752847,0.9784043191361728,1.110977804439112,0.0,0.9388122375524895
527,2108.6658805031448,2.5220125786163523,3.3419811320754715,2.214622641509434,1.6674528301886793,0.5110062893081762,993.6745283018868,0.0,0.0,3.040880503144654,1.4111635220125787,1.6297169811320755,0.0,0.970125786163522
528,2064.6125925925926,9.834081481481482,3.097777777777778,2.6074074074074076,1.5251851851851852,0.5933333333333334,924.2162962962963,0.0,0.0,2.2925925925925927,1.068148148148148,1.2244444444444444,0.0,0.8718518518518519
529,2073.8944300518133,6.365537564766839,2.566062176165803,2.55699481865285,1.9624352331606219,0.4786269430051813,923.9993523316062,0.0,0.0,2.128238341968912,1.057642487046632,1.0705958549222798,0.0,0.939119170984456
530,2095.0321375186845,1.397997010463378,2.8624813153961135,2.401345291479821,1.7436472346786247,0.4872944693572496,937.2384155455904,0.0,0.0,2.017189835575486,0.953662182361734,1.0635276532137519,0.0,0.9820627802690582
531,2099.4597083653107,3.844412893323101,3.541059094397544,2.6477359938603224,1.2908672294704528,0.634689178818112,936.8119723714505,0.0,0.0,2.584804297774367,1.1841903300076746,1.4006139677666922,0.0,0.9148119723714505
532,2078.435676392573,4.871206896551724,2.5125994694960214,2.5716180371352784,1.8852785145888593,0.4827586206896552,944.303050397878,0.0,0.0,2.050397877984085,1.0218832891246685,1.0285145888594165,0.0,0.9383289124668435
533,2123.1365369946607,0.5492295957284515,2.8810068649885583,2.654462242562929,1.5003813882532417,0.4988558352402746,952.4622425629291,0.0,0.0,2.881769641495042,1.3905415713196034,1.4912280701754386,0.0,0.9855072463768116
534,2071.7747603833864,6.75805910543131,3.4936102236421727,2.6549520766773163,1.3722044728434504,0.6461661341853036,921.7651757188498,0.0,0.0,1.845846645367412,0.854632587859425,0.9912140575079872,0.0,0.9065495207667732
535,2066.3198198198197,4.774298584298585,2.4375804375804377,2.8024453024453027,1.83011583011583,0.4671814671814672,920.0990990990991,0.0,0.0,1.9832689832689834,0.9974259974259975,0.9858429858429858,0.0,0.9472329472329473
536,2135.90560875513,1.055971272229822,2.743502051983584,2.549247606019152,1.5129958960328318,0.43296853625171,945.2989056087551,0.0,0.0,2.8406292749658,1.3508891928864568,1.4897400820793434,0.0,0.9835841313269493
537,2076.593272171254,7.383119266055046,3.541284403669725,2.4503058103975537,1.5214067278287462,0.6207951070336392,930.2607033639143,0.0,0.0,4.006880733944954,1.857033639143731,2.149847094801223,0.0,0.8746177370030581
538,2052.0651221039448,4.694552285535378,2.2968065122103947,2.7219787100814026,2.0194113963681906,0.45084533500313084,916.8134001252348,0.0,0.0,1.1966186599874766,0.6161552911709455,0.580463368816531,0.0,0.9536631183469004
539,2110.4407547169812,2.488090566037736,2.9660377358490564,2.298867924528302,1.6943396226415095,0.5071698113207547,940.7479245283018,0.0,0.0,2.228679245283019,1.0513207547169812,1.1773584905660377,0.0,0.969811320754717
540,2078.642037302726,4.8976972740315645,3.2769010043041606,2.5459110473457676,1.4167862266857962,0.6018651362984218,893.2360114777618,0.0,0.0,2.8780487804878048,1.3529411764705883,1.5251076040172167,0.0,0.9103299856527977
541,2069.6532309660906,4.115470249520153,2.4107485604606524,2.5335892514395395,1.8982725527831095,0.47856685860524634,926.6327575175943,0.0,0.0,2.049904030710173,0.9731285988483686,1.0767754318618041,0.0,0.9526551503518874
542,2111.6114333057167,1.1611764705882353,3.3222866611433304,2.350455675227838,1.4739022369511185,0.5418392709196355,949.6702568351284,0.0,0.0,2.220381110190555,1.0969345484672743,1.123446561723281,0.0,0.9743164871582436
543,2075.8878856282918,6.525914221218962,3.4642588412340105,2.5936794582392775,1.400300978179082,0.5974416854778029,914.594431903687,0.0,0.0,2.437170805116629,1.1670428893905191,1.2701279157261098,0.0,0.90744920993228
544,2071.65718067505,2.7556121773659825,2.499669093315685,2.7829252150893447,1.756452680344143,0.4784910655195235,932.8477829252151,0.0,0.0,1.4090006618133686,0.7319655857048313,0.6770350761085374,0.0,0.9636002647253474
545,2078.044576523031,1.9550668647845468,2.774145616641902,2.4078751857355125,1.576523031203566,0.48439821693907875,959.295690936107,0.0,0.0,1.7043090638930163,0.8298662704309064,0.87444279346211,0.0,0.9777117384843982
546,2083.4684620836288,4.490141743444366,3.1856839121190643,2.7207654145995748,1.3897944720056696,0.5733522324592487,951.0836286321758,0.0,0.0,2.0219702338766834,0.9546420978029766,1.0673281360737066,0.0,0.9163713678242381
547,2056.2958115183246,5.593763089005236,2.7277486910994764,2.5962041884816753,1.9744764397905759,0.4757853403141361,915.2722513089005,0.0,0.0,1.6171465968586387,0.8265706806282722,0.7905759162303665,0.0,0.9391361256544503
548,2081.289655172414,1.3567816091954021,2.803065134099617,2.593103448275862,1.5593869731800767,0.5057471264367817,946.2521072796935,0.0,0.0,1.9348659003831417,0.918007662835249,1.0168582375478927,0.0,0.9839080459770115
549,2052.736961451247,5.460400604686319,3.5162509448223735,2.509448223733938,1.3877551020408163,0.6130007558578987,915.4225245653818,0.0,0.0,2.0975056689342404,1.0068027210884354,1.090702947845805,0.0,0.8994708994708994
550,2051.00875547217,5.041669793621013,2.4358974358974357,2.610381488430269,2.0950594121325827,0.4459036898061288,919.6848030018762,0.0,0.0,1.3839899937460913,0.6885553470919324,0.6954346466541589,0.0,0.9568480300187617
551,2083.734802431611,2.614338905775076,3.0022796352583585,2.3335866261398177,1.5151975683890577,0.5296352583586627,927.862462006079,0.0,0.0,2.433890577507599,1.155775075987842,1.278115501519757,0.0,0.9741641337386018
552,2071.971405877681,3.7436378077839554,3.5806195393169182,2.430500397140588,1.4805401111993646,0.6544876886417792,925.3598093725178,0.0,0.0,2.2867355043685467,1.0714853057982525,1.215250198570294,0.0,0.9038919777601271
553,2060.929605263158,4.988190789473684,2.6980263157894737,2.825657894736842,1.7855263157894736,0.4967105263157895,928.9888157894737,0.0,0.0,1.624342105263158,0.8039473684210526,0.8203947368421053,0.0,0.9401315789473684
554,2086.8931364031278,0.7002953953084275,3.3475238922675934,2.4404865334491745,1.4300608166811468,0.5682015638575152,926.6594265855778,0.0,0.0,1.9635099913119027,0.9643788010425717,0.9991311902693311,0.0,0.9782797567332754
555,2100.9565217391305,4.931739130434782,3.404047976011994,2.598950524737631,1.421289355322339,0.6326836581709145,920.1349325337331,0.0,0.0,2.3470764617691153,1.1581709145427286,1.1889055472263867,0.0,0.9100449775112444
556,2057.79452887538,6.573975683890578,2.398176291793313,2.741033434650456,1.852887537993921,0.4674772036474164,903.161094224924,0.0,0.0,1.6012158054711245,0.8012158054711246,0.8,0.0,0.9337386018237082
557,2088.2421455938697,2.802137931034483,3.2850574712643676,2.2712643678160918,1.6206896551724137,0.481992337164751,939.7233716475096,0.0,0.0,2.0689655172413794,0.963984674329502,1.1049808429118775,0.0,0.9716475095785441
558,2071.3552923760176,6.038897113249445,3.0977054034048854,2.5906735751295336,1.5566247224278313,0.5958549222797928,902.7105847520355,0.0,0.0,1.6350851221317542,0.772020725388601,0.8630643967431533,0.0,0.8800888230940045
559,2061.357328145266,5.026828793774319,2.59727626459144,2.571335927367056,1.9591439688715953,0.5103761348897535,880.3767833981842,0.0,0.0,1.4961089494163424,0.7042801556420234,0.791828793774319,0.0,0.9345006485084306
560,2098.4737631184407,0.42017241379310344,2.874062968515742,2.44527736131934,1.6814092953523239,0.48800599700149927,960.5952023988006,0.0,0.0,1.5104947526236883,0.7368815592203898,0.7736131934032984,0.0,0.9895052473763118
561,2091.276679841897,5.598434782608696,3.5383399209486166,2.7217391304347824,1.275889328063241,0.6339920948616601,924.1517786561265,0.0,0.0,2.289328063241107,1.1122529644268775,1.1770750988142293,0.0,0.9090909090909091
562,2067.1461279461278,4.146356902356902,2.496969696969697,2.5548821548821548,1.876094276094276,0.49427609427609426,923.8094276094276,0.0,0.0,2.0397306397306396,1.035016835016835,1.0047138047138047,0.0,0.9454545454545454
563,2098.5536,1.6109120000000001,2.9904,2.5944,1.5576,0.5312,959.2168,0.0,0.0,2.112,0.9536,1.1584,0.0,0.98
564,2064.6313725490195,3.430227450980392,3.5019607843137255,2.592941176470588,1.3764705882352941,0.6305882352941177,920.4580392156863,0.0,0.0,1.9090196078431372,0.9325490196078431,0.9764705882352941,0.0,0.912156862745098
565,2081.1565690946222,2.438767869298843,2.4935330156569093,2.9012933968686183,1.9251191286589517,0.47991831177671884,939.1286589516678,0.0,0.0,2.0673927842069433,1.0408441116405718,1.0265486725663717,0.0,0.9646017699115044
566,2115.906020558003,0.5147723935389134,2.961086637298091,2.661527165932452,1.4889867841409692,0.48604992657856094,964.3237885462555,0.0,0.0,2.182819383259912,1.079295154185022,1.10352422907489,0.0,0.9801762114537445
567,2065.9469753547423,5.191306945481703,3.5250186706497386,2.5571321882001494,1.5332337565347274,0.6094100074682599,965.1030619865571,0.0,0.0,2.678117998506348,1.3009708737864079,1.3771471247199403,0.0,0.8946975354742345
568,2053.85687732342,5.3478438661710035,2.345724907063197,2.7304832713754648,2.0458488228004956,0.459727385377943,932.995043370508,0.0,0.0,1.476456009913259,0.781908302354399,0.69454770755886,0.0,0.9454770755885997
569,2090.2083333333335,2.4623899371069182,3.12814465408805,2.373427672955975,1.650943396226415,0.5235849056603774,957.6470125786163,0.0,0.0,2.065251572327044,0.9732704402515723,1.0919811320754718,0.0,0.9748427672955975
570,2069.7939262472887,4.480028922631959,3.232104121475054,2.5654374548083876,1.5444685466377441,0.5697758496023138,921.9855386840203,0.0,0.0,1.9342010122921185,0.9436008676789588,0.9906001446131598,0.0,0.9190166305133767
571,2061.6876623376625,3.982941558441558,2.3376623376623376,2.581818181818182,1.933116883116883,0.5019480519480519,933.8701298701299,0.0,0.0,1.8246753246753247,0.9149350649350649,0.9097402597402597,0.0,0.9558441558441558
572,2090.1013460015834,1.9093982581155975,3.241488519398258,2.3547110055423595,1.5091053048297705,0.5201900237529691,934.3475851148061,0.0,0.0,2.446555819477435,1.1528107680126682,1.2937450514647664,0.0,0.9754552652414885
573,2069.6600306278715,4.162802450229709,3.616385911179173,2.6761102603369067,1.4226646248085757,0.6217457886676876,974.2243491577335,0.0,0.0,2.5260336906584993,1.270290964777948,1.2557427258805514,0.0,0.9173047473200613
574,2065.76350877193,3.4628842105263153,2.6912280701754385,2.9656140350877194,1.84,0.49894736842105264,959.9880701754386,0.0,0.0,1.4849122807017543,0.7192982456140351,0.7656140350877193,0.0,0.9564912280701754
575,2097.82962962963,1.105525925925926,2.77037037037037,2.506666666666667,1.5733333333333333,0.4785185185185185,969.7888888888889,0.0,0.0,1.9733333333333334,0.9288888888888889,1.0444444444444445,0.0,0.9777777777777777
576,2078.4856115107914,4.065453237410072,3.2618705035971223,2.789928057553957,1.3884892086330936,0.5741007194244604,960.8769784172662,0.0,0.0,2.5532374100719424,1.2467625899280577,1.306474820143885,0.0,0.9136690647482014
577,2063.6560880829015,6.174566062176166,2.8892487046632125,2.6955958549222796,2.0038860103626943,0.5200777202072538,959.1522020725389,0.0,0.0,2.2040155440414506,1.116580310880829,1.0874352331606219,0.0,0.9177461139896373
578,2078.6312640239344,3.656724008975318,2.786088257292446,2.5026178010471205,1.724756918474196,0.48915482423335827,957.5362752430815,0.0,0.0,1.3044128646222888,0.6222887060583395,0.6821241585639491,0.0,0.9655946148092744
579,2065.904552129222,5.3958516886930985,3.543318649045521,2.555066079295154,1.4295154185022025,0.5983847283406755,933.9823788546255,0.0,0.0,2.4640234948604993,1.093245227606461,1.3707782672540383,0.0,0.906754772393539
580,2058.447088290545,3.689762053850971,2.419536631183469,2.639323731997495,2.0826549780839074,0.47276142767689416,938.9229805886037,0.0,0.0,1.3844708829054477,0.7169693174702567,0.667501565435191,0.0,0.9555416405760802
581,2091.2082324455205,2.494769975786925,3.1501210653753025,2.384180790960452,1.6351896690879741,0.5262308313155771,942.6941081517352,0.0,0.0,2.8845843422114608,1.341404358353511,1.5431799838579499,0.0,0.9741727199354318
582,2056.6012658227846,5.264746835443038,3.554588607594937,2.4794303797468356,1.485759493670886,0.6439873417721519,946.4287974683544,0.0,0.0,2.268987341772152,1.0537974683544304,1.2151898734177216,0.0,0.9018987341772152
583,2049.8400537634407,4.065047043010753,2.776209677419355,2.9260752688172045,1.8454301075268817,0.4899193548387097,960.989247311828,0.0,0.0,1.394489247311828,0.7244623655913979,0.6700268817204301,0.0,0.9469086021505376
584,2075.7636068237207,2.852152721364744,3.149471974004874,2.4589764419171405,1.4679122664500406,0.5280259951259139,914.5109666937449,0.0,0.0,1.974817221770918,0.9382615759545085,1.0365556458164094,0.0,0.9699431356620634
585,2068.079795021962,4.564641288433382,3.355783308931186,2.6002928257686677,1.3945827232796486,0.6076134699853587,944.7972181551977,0.0,0.0,2.3111273792093705,1.0856515373352855,1.225475841874085,0.0,0.9187408491947291
586,2063.3304401735895,4.109287042777433,2.4804711717296963,2.806571605703658,1.9225046497210168,0.4823310601363918,924.3620582765034,0.0,0.0,1.6193428394296343,0.782393056416615,0.8369497830130193,0.0,0.9435833849969002
587,2073.3118518518518,2.1942962962962964,3.1866666666666665,2.2422222222222223,1.6681481481481482,0.4666666666666667,962.1777777777778,0.0,0.0,2.3014814814814817,1.0466666666666666,1.2548148148148148,0.0,0.9740740740740741
588,2059.1721611721614,3.7889450549450547,3.056410256410256,2.6615384615384614,1.5494505494505495,0.5794871794871795,958.5809523809523,0.0,0.0,1.6527472527472526,0.8051282051282052,0.8476190476190476,0.0,0.9025641025641026
589,2047.6452459016393,5.688977049180328,2.6504918032786886,2.605245901639344,1.9836065573770492,0.5042622950819672,935.3645901639344,0.0,0.0,1.598032786885246,0.7704918032786885,0.8275409836065574,0.0,0.9324590163934426
590,2068.978181818182,1.7808218181818183,2.7883636363636364,2.351272727272727,1.7854545454545454,0.48218181818181816,934.7469090909091,0.0,0.0,1.5781818181818181,0.736,0.8421818181818181,0.0,0.976
591,2051.838337182448,5.536589684372594,3.573518090839107,2.70977675134719,1.2948421862971518,0.6181678214010777,920.9045419553503,0.0,0.0,2.793687451886066,1.1924557351809084,1.6012317167051577,0.0,0.9045419553502695
592,2044.9444444444443,5.972482853223593,2.635116598079561,2.6790123456790123,1.9259259259259258,0.5404663923182441,963.0816186556928,0.0,0.0,1.5884773662551441,0.8189300411522634,0.7695473251028807,0.0,0.9224965706447188
593,2081.7585681645087,1.3833511043412035,2.907844630616908,2.5925361766945927,1.6169078446306169,0.48286367098248284,964.020563594821,0.0,0.0,1.9817212490479816,0.9428789032749428,1.038842345773039,0.0,0.9824828636709825
594,2048.594573024741,4.7725379090183555,3.5371109337589783,2.652833200319234,1.4062250598563448,0.6376695929768555,942.2226656025539,0.0,0.0,1.7573822825219474,0.8467677573822825,0.9106145251396648,0.0,0.9074221867517956
595,2049.5201072386058,4.853746648793566,2.5536193029490617,2.8793565683646114,1.9369973190348526,0.5221179624664879,930.9631367292225,0.0,0.0,1.638739946380697,0.8471849865951743,0.7915549597855228,0.0,0.9436997319034852
596,2105.543710021322,1.7285714285714284,2.837953091684435,2.6666666666666665,1.5600568585643213,0.4690831556503198,950.047619047619,0.0,0.0,2.3773987206823026,1.1272210376687988,1.2501776830135038,0.0,0.9793887704335466
597,2067.763043478261,5.2522101449275365,3.5594202898550726,2.479710144927536,1.522463768115942,0.5833333333333334,962.1115942028986,0.0,0.0,3.0253623188405796,1.4297101449275362,1.5956521739130434,0.0,0.8891304347826087
598,2041.743879472693,5.138719397363465,2.2843691148775895,2.7062146892655368,2.0602636534839927,0.46955430006277465,928.7614563716259,0.0,0.0,1.1324544883866918,0.6302573760200879,0.5021971123666039,0.0,0.9485247959824231
599,2082.530361260569,2.051329746348962,3.0837817063797077,2.3305149884704073,1.760184473481937,0.5211375864719446,935.358186010761,0.0,0.0,1.7317448116833205,0.8693312836279785,0.862413528055342,0.0,0.9761721752498078
600,2077.350735294118,4.519536764705882,3.3286764705882352,2.638235294117647,1.5580882352941177,0.5933823529411765,934.6963235294118,0.0,0.0,2.047794117647059,1.0080882352941176,1.0397058823529413,0.0,0.9191176470588235
601,2058.7984395318595,5.075357607282184,2.3985695708712615,2.6163849154746424,1.9440832249674902,0.4811443433029909,908.9603381014305,0.0,0.0,2.228218465539662,1.100780234070221,1.1274382314694409,0.0,0.9453836150845254
602,2110.9136468774095,1.4355358519660757,3.189668465690054,2.340786430223593,1.5505011565150346,0.4926754047802621,952.0069390902082,0.0,0.0,2.7316885119506553,1.3014649190439476,1.4302235929067078,0.0,0.9814957594448728
603,2075.858108108108,4.378063063063063,3.535285285285285,2.7117117117117115,1.4421921921921923,0.6066066066066066,945.5795795795796,0.0,0.0,1.942942942942943,0.9039039039039038,1.039039039039039,0.0,0.9234234234234234
604,2054.342723004695,5.110147551978538,2.6391683433936954,2.869885982562039,1.7920858484238766,0.5184439973172368,941.7149564050973,0.0,0.0,1.647887323943662,0.8685446009389671,0.7793427230046949,0.0,0.937625754527163
605,2084.9834087481145,1.2689215686274509,2.788838612368024,2.5452488687782804,1.6327300150829562,0.49698340874811464,968.1025641025641,0.0,0.0,2.110105580693816,1.0354449472096532,1.0746606334841629,0.0,0.9811463046757164
606,2083.9747474747473,4.878564213564213,3.233044733044733,2.792929292929293,1.4314574314574315,0.5909090909090909,956.3095238095239,0.0,0.0,2.6724386724386724,1.240981240981241,1.4314574314574315,0.0,0.9076479076479076
607,2064.3017676767677,6.498257575757576,2.7922979797979797,2.6363636363636362,1.961489898989899,0.48863636363636365,935.1287878787879,0.0,0.0,1.8465909090909092,0.9204545454545454,0.9261363636363636,0.0,0.9217171717171717
608,2071.0777460770328,2.785064194008559,2.7004279600570613,2.557061340941512,1.7546362339514978,0.47503566333808844,963.2524964336662,0.0,0.0,1.659058487874465,0.8202567760342369,0.8388017118402282,0.0,0.9714693295292439
609,2079.1432880844645,4.3893740573152344,3.6485671191553544,2.553544494720965,1.504524886877828,0.6266968325791855,944.9064856711916,0.0,0.0,2.739819004524887,1.2300150829562595,1.5098039215686274,0.0,0.9049773755656109
610,2073.8458149779735,4.449855254877281,2.4839521711768406,2.645059786028949,2.173694147262429,0.460667086217747,924.7444933920705,0.0,0.0,1.6746381371932033,0.8414096916299559,0.8332284455632474,0.0,0.947136563876652
611,2105.945226917058,0.34224569640062596,2.995305164319249,2.3466353677621283,1.7183098591549295,0.5,925.498435054773,0.0,0.0,2.378716744913928,1.1071987480438186,1.2715179968701096,0.0,0.9890453834115805
612,2066.1136,5.78368,3.6168,2.4896,1.4928,0.648,919.7912,0.0,0.0,2.0792,1.0088,1.0704,0.0,0.8952
613,2047.63015551048,4.830419202163624,2.7944557133198105,2.9093982420554427,1.837052062204192,0.519945909398242,916.9323867478025,0.0,0.0,1.6592292089249492,0.8512508451656524,0.8079783637592968,0.0,0.9364435429344151
614,2080.854825628548,1.939772911597729,3.119221411192214,2.5182481751824817,1.4882400648824006,0.5466342254663422,934.0129764801297,0.0,0.0,1.6342254663422546,0.805352798053528,0.8288726682887266,0.0,0.9764801297648013
615,2063.085401459854,5.084430656934306,3.3306569343065693,2.5722627737226276,1.378832116788321,0.5963503649635037,894.4,0.0,0.0,2.8277372262773723,1.3394160583941606,1.4883211678832118,0.0,0.9051094890510949
616,2052.907418761496,4.524800735744941,2.4904966278356837,2.758430410790926,1.8786020846106684,0.4874310239117106,911.2697731453096,0.0,0.0,1.2053954629061925,0.6443899448191294,0.5610055180870631,0.0,0.9325567136725935
617,2090.0395136778116,2.076162613981763,3.342705167173252,2.2864741641337387,1.7074468085106382,0.5113981762917933,965.3449848024316,0.0,0.0,1.8472644376899696,0.8806990881458967,0.9665653495440729,0.0,0.9718844984802432
618,2081.0858765081616,3.951788502484031,3.0759403832505323,2.5301632363378284,1.5379701916252662,0.5727466288147622,919.555003548616,0.0,0.0,1.6827537260468417,0.7771469127040455,0.9056068133427964,0.0,0.9063165365507452
619,2048.8004032258063,6.7903024193548385,2.7466397849462365,2.6498655913978495,2.0658602150537635,0.5020161290322581,936.9905913978495,0.0,0.0,1.3198924731182795,0.6633064516129032,0.6565860215053764,0.0,0.9254032258064516
620,2089.856625633599,0.9893482983345402,2.7501810282404056,2.3548153511947865,1.8602461984069514,0.4554670528602462,939.074583635047,0.0,0.0,1.8493845039826213,0.8899348298334541,0.9594496741491673,0.0,0.9804489500362057
621,2065.1595911949685,4.286627358490566,3.52751572327044,2.74685534591195,1.3443396226415094,0.6360062893081762,942.559748427673,0.0,0.0,1.8294025157232705,0.8726415094339622,0.9567610062893082,0.0,0.9095911949685535
622,2058.4016449623027,6.559821795750515,2.6291980808773134,2.684715558601782,1.934201507882111,0.5332419465387251,957.0788211103495,0.0,0.0,2.13776559287183,1.0891021247429746,1.0486634681288554,0.0,0.9239204934886909
623,2120.234587670136,0.17368294635708567,3.0944755804643713,2.66613290632506,1.567654123298639,0.5148118494795837,965.1160928742994,0.0,0.0,2.0288230584467573,0.978382706164932,1.0504403522818255,0.0,0.9855884707766213
624,2067.235342019544,5.551620521172639,3.5912052117263844,2.6425081433224755,1.3900651465798046,0.6832247557003257,952.2695439739414,0.0,0.0,1.8982084690553747,0.9120521172638436,0.9861563517915309,0.0,0.9063517915309446
625,2070.0622972096044,6.450830629461389,2.63595068137573,2.8144062297209604,1.8987670343932512,0.5016223231667748,925.340038935756,0.0,0.0,1.8137573004542504,0.8838416612589228,0.9299156391953277,0.0,0.9247242050616483
626,2113.7920289855074,2.4622971014492756,2.9210144927536232,2.6601449275362317,1.576086956521739,0.4688405797101449,924.9130434782609,0.0,0.0,3.0833333333333335,1.4202898550724639,1.6630434782608696,0.0,0.9768115942028985
627,2079.8192771084337,6.8395707831325305,3.569277108433735,2.5474397590361444,1.5519578313253013,0.598644578313253,950.9984939759037,0.0,0.0,3.2078313253012047,1.5670180722891567,1.6408132530120483,0.0,0.8810240963855421
628,2045.5428219346888,5.801454097350585,2.4239063462723354,2.6950092421441774,2.046826863832409,0.47812692544670365,917.9956869993839,0.0,0.0,1.1115218730745533,0.5643869377695625,0.5471349353049908,0.0,0.9254467036352434
629,2102.8457278481014,1.7034493670886075,3.1305379746835444,2.4066455696202533,1.7523734177215189,0.5268987341772152,956.246835443038,0.0,0.0,1.6329113924050633,0.7341772151898734,0.8987341772151899,0.0,0.9794303797468354
630,2081.9375,4.197783430232558,3.309593023255814,2.6242732558139537,1.5159883720930232,0.592296511627907,929.8989825581396,0.0,0.0,1.8531976744186047,0.8343023255813954,1.0188953488372092,0.0,0.9215116279069767
631,2075.584534731324,4.749731323722149,2.518348623853211,2.627129750982962,1.9560943643512452,0.49737876802096986,919.7463958060289,0.0,0.0,2.5465268676277852,1.3014416775884665,1.2450851900393185,0.0,0.9423328964613368
632,2086.8837025316457,3.30065664556962,3.2175632911392404,2.3227848101265822,1.5079113924050633,0.5166139240506329,934.1914556962025,0.0,0.0,2.6637658227848102,1.2136075949367089,1.4501582278481013,0.0,0.9715189873417721
633,2068.309375,4.435328125,3.6234375,2.7265625,1.42578125,0.6421875,936.59296875,0.0,0.0,2.4328125,1.1125,1.3203125,0.0,0.91015625
634,2066.7118175535593,4.598783690393918,2.663441603317208,2.9329647546648236,1.8486523842432618,0.5141672425708362,917.7712508638563,0.0,0.0,1.4547339322736696,0.7574291637871459,0.6973047684865239,0.0,0.9481686247408431
635,2084.400293255132,2.557565982404692,2.769794721407625,2.4860703812316713,1.6055718475073313,0.4780058651026393,933.3804985337243,0.0,0.0,2.9552785923753664,1.3958944281524928,1.5593841642228738,0.0,0.9750733137829912
636,2083.3311403508774,4.226593567251462,3.3026315789473686,2.753654970760234,1.4305555555555556,0.5833333333333334,934.9130116959064,0.0,0.0,3.0752923976608186,1.4239766081871346,1.6513157894736843,0.0,0.9122807017543859
637,2070.926749509483,7.864061478090255,2.8744277305428385,2.711576193590582,2.0078482668410724,0.5003270111183781,915.4296926095487,0.0,0.0,2.7992151733158925,1.4362328319162851,1.3629823413996076,0.0,0.9149771092217135
638,2071.780320366133,2.371731502669718,2.843630816170862,2.480549199084668,1.723112128146453,0.4836003051106026,936.1617086193745,0.0,0.0,1.707856598016781,0.8138825324180016,0.8939740655987796,0.0,0.9725400457665904
639,2056.2779479326186,6.567304747320061,3.5413476263399692,2.5084226646248085,1.4571209800918836,0.6431852986217458,939.571975497703,0.0,0.0,2.522970903522205,1.143185298621746,1.3797856049004593,0.0,0.8989280245022971
640,2071.772239747634,3.5661135646687696,2.497160883280757,2.635331230283912,2.129968454258675,0.45993690851735014,914.6826498422713,0.0,0.0,1.6485804416403786,0.8018927444794953,0.8466876971608833,0.0,0.9564668769716088
641,2086.99707815924,2.044872169466764,2.8765522279035793,2.3703433162892624,1.674945215485756,0.46968590211833455,896.4032140248356,0.0,0.0,2.745799853907962,1.3316289262235208,1.4141709276844412,0.0,0.9766252739225713
642,2061.3557765876053,5.062540168324407,3.557000765110941,2.465187452180566,1.4774292272379494,0.630451415455241,950.7819433817904,0.0,0.0,2.30451415455241,1.0971690895179802,1.20734506503443,0.0,0.9043611323641928
643,2043.8979057591623,5.760523560209424,2.799738219895288,2.8174083769633507,1.780104712041885,0.5287958115183246,927.0700261780105,0.0,0.0,1.8134816753926701,0.9535340314136126,0.8599476439790575,0.0,0.930628272251309
644,2088.4957463263727,1.2261562258313998,3.0077339520494975,2.3805104408352666,1.517401392111369,0.5351894818252126,938.5916473317866,0.0,0.0,1.883217324052591,0.9242072699149265,0.9590100541376644,0.0,0.9806651198762568
645,2069.9242540168325,4.241897475133895,3.3909716908951797,2.6564651874521807,1.4491201224177506,0.6243305279265493,914.9877582249426,0.0,0.0,3.1568477429227237,1.4452945677123183,1.7115531752104056,0.0,0.9127773527161438
646,2059.59915356711,4.463222490931076,2.4334945586457075,2.729746070133011,1.8941958887545345,0.46372430471584036,932.5677146311971,0.0,0.0,2.562273276904474,1.2515114873035067,1.3107617896009673,0.0,0.9425634824667473
647,2119.567489114659,2.2567271407837444,3.2119013062409287,2.2010159651669086,1.7060957910014514,0.49129172714078373,917.9854862119013,0.0,0.0,2.943396226415094,1.4564586357039186,1.4869375907111757,0.0,0.9680696661828737
648,2084.1219336219337,4.773759018759019,3.0714285714285716,2.5707070707070705,1.5786435786435786,0.5721500721500722,914.3239538239538,0.0,0.0,1.9379509379509379,0.8881673881673882,1.0497835497835497,0.0,0.9025974025974026
649,2066.5884691848905,4.414884029158383,2.6381709741550696,2.570576540755467,2.0225314777998675,0.5009940357852882,903.3671305500332,0.0,0.0,1.6070245195493704,0.80649436713055,0.8005301524188204,0.0,0.9463220675944334
650,2102.988670694864,0.6156646525679759,2.870845921450151,2.36178247734139,1.7847432024169185,0.5015105740181269,914.8074018126888,0.0,0.0,1.7212990936555892,0.7658610271903323,0.9554380664652568,0.0,0.9848942598187311
651,2085.387556221889,4.230982008995502,3.530734632683658,2.6184407796101947,1.300599700149925,0.6094452773613194,946.3275862068965,0.0,0.0,2.5719640179910046,1.2533733133433282,1.3185907046476761,0.0,0.9130434782608695
652,2064.7995951417006,5.838515519568151,2.5964912280701755,2.620782726045884,1.927800269905533,0.5182186234817814,915.2820512820513,0.0,0.0,1.975033738191633,0.9925775978407557,0.9824561403508771,0.0,0.9338731443994602
653,2128.2057272042202,1.077829691032404,2.894498869630746,2.555388093443858,1.5779954785229842,0.5109269027882442,932.6541070082894,0.0,0.0,2.06405425772419,0.9570459683496609,1.107008289374529,0.0,0.9811605124340618
654,2072.5923261390885,5.61048760991207,3.586730615507594,2.6115107913669067,1.363709032773781,0.657074340527578,918.8273381294964,0.0,0.0,1.9976019184652278,0.9360511590727418,1.061550759392486,0.0,0.9048760991207034
655,2072.2529644268775,3.851844532279315,2.5434782608695654,2.857707509881423,1.9084321475625823,0.5006587615283268,886.802371541502,0.0,0.0,2.0553359683794468,1.0296442687747036,1.0256916996047432,0.0,0.9525691699604744
656,2095.706008583691,1.296151645207439,2.813304721030043,2.611587982832618,1.5028612303290414,0.4663805436337625,933.293991416309,0.0,0.0,2.0836909871244633,0.9914163090128756,1.092274678111588,0.0,0.98068669527897
657,2067.2284644194756,6.236119850187265,3.5161048689138577,2.587265917602996,1.5887640449438203,0.6157303370786517,930.7640449438202,0.0,0.0,2.6696629213483147,1.3086142322097378,1.3610486891385767,0.0,0.8913857677902621
658,2050.9235372340427,5.369128989361702,2.4268617021276597,2.845744680851064,2.160904255319149,0.4767287234042553,911.1176861702128,0.0,0.0,1.3158244680851063,0.6655585106382979,0.6502659574468085,0.0,0.9454787234042553
659,2087.3891437308866,1.5831880733944954,3.040519877675841,2.24388379204893,1.694189602446483,0.48241590214067276,934.0275229357799,0.0,0.0,1.6628440366972477,0.768348623853211,0.8944954128440367,0.0,0.9770642201834863
660,2079.0772626931566,5.284775570272259,3.356880058866814,2.662251655629139,1.5629139072847682,0.5894039735099338,880.6048565121413,0.0,0.0,1.8763796909492274,0.8565121412803532,1.0198675496688743,0.0,0.9146431199411332
661,2088.6310432569976,4.384484732824427,2.426844783715013,2.5973282442748094,1.8924936386768447,0.5031806615776081,907.0483460559797,0.0,0.0,2.403944020356234,1.2131043256997456,1.1908396946564885,0.0,0.9421119592875318
662,2117.5398089171977,1.8878105095541402,3.2205414012738856,2.3869426751592355,1.5812101910828025,0.5246815286624203,892.109872611465,0.0,0.0,2.9729299363057327,1.3797770700636942,1.5931528662420382,0.0,0.9737261146496815
663,2087.2338530066813,5.465463994060876,3.495174461766889,2.6896807720861173,1.388270230141054,0.5924276169265034,877.4350408314774,0.0,0.0,2.363028953229399,1.1098737936154417,1.253155159613957,0.0,0.9086859688195991
664,2057.145106091718,5.869726214921287,2.6707734428473646,2.919233401779603,1.809719370294319,0.5249828884325805,893.1718001368926,0.0,0.0,1.3935660506502396,0.731690622861054,0.6618754277891855,0.0,0.9418206707734429
665,2124.3350943396226,2.220067924528302,2.8347169811320754,2.516981132075472,1.6633962264150943,0.49735849056603776,920.537358490566,0.0,0.0,2.8354716981132078,1.4060377358490566,1.429433962264151,0.0,0.9773584905660377
666,2127.1941605839415,4.827525547445256,3.3554744525547444,2.762043795620438,1.4182481751824818,0.5992700729927007,945.9277372262774,0.0,0.0,2.591970802919708,1.2029197080291971,1.389051094890511,0.0,0.908029197080292
667,2068.499354005168,7.942680878552972,2.854651162790698,2.641472868217054,1.9967700258397933,0.501937984496124,895.8359173126615,0.0,0.0,2.3352713178294575,1.1459948320413436,1.1892764857881137,0.0,0.9166666666666666
668,2090.941133186166,2.8940250183958796,2.7380426784400296,2.534216335540839,1.6350257542310522,0.4768211920529801,901.2465047829286,0.0,0.0,1.8042678440029434,0.8300220750551877,0.9742457689477557,0.0,0.9668874172185431
669,2083.5781487101667,5.940538694992413,3.554628224582701,2.571320182094082,1.494688922610015,0.6168437025796661,929.4522003034901,0.0,0.0,2.2663125948406675,1.0515933232169954,1.2147192716236723,0.0,0.8983308042488619
670,2091.972904851922,3.810245746691871,2.488972904851922,2.7151858853182103,2.1342155009451798,0.4952741020793951,920.1487082545684,0.0,0.0,2.049149338374291,1.0126023944549465,1.0365469439193447,0.0,0.9521109010712036
671,2121.446587537092,1.5451186943620179,2.8813056379821957,2.3234421364985165,1.709940652818991,0.5059347181008902,917.7626112759644,0.0,0.0,2.666172106824926,1.2544510385756678,1.4117210682492582,0.0,0.9792284866468842
672,2091.579321231255,4.652943962115232,3.55327545382794,2.494869771112865,1.5414364640883977,0.6535122336227308,938.5864246250986,0.0,0.0,3.1247040252565115,1.4001578531965273,1.7245461720599842,0.0,0.9068666140489345
673,2059.935676392573,5.429297082228117,2.7805039787798407,2.8779840848806364,1.823607427055703,0.5225464190981433,915.551724137931,0.0,0.0,1.7221485411140585,0.8249336870026526,0.8972148541114059,0.0,0.9370026525198939
674,2096.3789636504252,1.6579737045630318,2.9899458623356536,2.480278422273782,1.5204949729311679,0.522815158546017,905.9474091260635,0.0,0.0,2.2180974477958237,1.0959010054137663,1.1221964423820572,0.0,0.9760247486465584
675,2084.8951554591467,5.5417859725235,3.307302964569776,2.6124367317425885,1.3947939262472886,0.5994215473608099,917.0737527114967,0.0,0.0,3.1077368040491686,1.4497469269703542,1.6579898770788142,0.0,0.9038322487346349
676,2065.373413897281,6.487764350453173,2.520845921450151,2.764954682779456,1.9141993957703927,0.4984894259818731,918.1679758308157,0.0,0.0,2.3347432024169184,1.2042296072507552,1.1305135951661631,0.0,0.9196374622356496
677,2109.0045489006825,2.0266262319939345,3.256254738438211,2.2630780894617133,1.8150113722517058,0.5018953752843063,939.8893100833965,0.0,0.0,2.3146322971948448,1.0538286580742988,1.260803639120546,0.0,0.978013646702047
678,2067.5245901639346,5.84961997019374,3.165424739195231,2.712369597615499,1.6050670640834575,0.6102831594634873,927.3092399403874,0.0,0.0,2.3852459016393444,1.0909090909090908,1.2943368107302533,0.0,0.8956780923994039
679,2051.3505089058526,5.344446564885496,2.6202290076335877,2.5279898218829517,1.9185750636132315,0.5069974554707379,903.4732824427481,0.0,0.0,1.6119592875318065,0.811704834605598,0.8002544529262087,0.0,0.9274809160305344
680,2091.2297496318115,1.9476435935198821,2.8195876288659796,2.429307805596465,1.6774668630338734,0.47128129602356406,941.3733431516937,0.0,0.0,2.036818851251841,1.008100147275405,1.0287187039764358,0.0,0.979381443298969
681,2088.583908045977,3.302091954022988,3.567816091954023,2.649808429118774,1.3272030651340996,0.6306513409961686,930.4835249042145,0.0,0.0,3.196168582375479,1.485823754789272,1.710344827586207,0.0,0.9210727969348659
682,2046.2681110358835,6.093872714962762,2.5572105619498986,2.6425186188219363,1.953283683141503,0.5517941773865944,935.0115098171971,0.0,0.0,2.332430602572783,1.2064996614759649,1.125930941096818,0.0,0.9255247122545701
683,2084.268562401264,3.1750315955766193,3.007898894154818,2.625592417061611,1.617693522906793,0.5205371248025277,921.2156398104265,0.0,0.0,2.036334913112164,0.943127962085308,1.0932069510268563,0.0,0.9755134281200631
684,2065.413904607922,4.421341956345998,3.5505254648342763,2.6790622473726757,1.3904607922392886,0.6628940986257074,930.2554567502021,0.0,0.0,1.6135812449474536,0.7534357316087308,0.8601455133387227,0.0,0.9110751818916734
685,2062.1480026195154,3.9689914865749834,2.4571054354944337,2.853307138179437,1.9037328094302555,0.5009823182711198,928.8467583497053,0.0,0.0,1.6679764243614932,0.8605108055009824,0.8074656188605108,0.0,0.9462999345121152
686,2105.259749303621,1.2218523676880222,2.7799442896935935,2.6114206128133706,1.6142061281337048,0.4582172701949861,919.2228412256268,0.0,0.0,2.2555710306406684,1.1323119777158774,1.123259052924791,0.0,0.9818941504178273
687,2052.484621155289,6.09701425356339,3.587396849212303,2.5986496624156037,1.5993998499624906,0.6241560390097525,952.2213053263316,0.0,0.0,2.770442610652663,1.3615903975994,1.4088522130532632,0.0,0.8837209302325582
688,2046.820139328689,5.134110196326789,2.3926535782140594,2.7561747941735275,2.0873970867637746,0.4914502849905003,928.4021532615579,0.0,0.0,0.9721342621912603,0.4851171627612413,0.487017099430019,0.0,0.9423685877137429
689,2099.551673944687,1.465924308588064,2.920669577874818,2.3209606986899565,1.7590975254730714,0.4861717612809316,925.9410480349345,0.0,0.0,1.7285298398835516,0.8071324599708879,0.9213973799126638,0.0,0.9788937409024745
690,2069.166793025019,4.539909021986354,3.3798332069749812,2.7073540561031084,1.5913570887035633,0.6171341925701289,911.9332827899924,0.0,0.0,1.532221379833207,0.7232752084912812,0.8089461713419257,0.0,0.9158453373768006
691,2066.2787757817696,3.7440785096473723,2.443779108449767,2.6473719228210246,1.9900199600798403,0.52228875582169,930.0671989354624,0.0,0.0,1.7092481703260147,0.8243512974051896,0.884896872920825,0.0,0.9500998003992016
692,2083.277821625888,1.3947040252565113,3.269928966061563,2.451460142067877,1.5161799526440412,0.5201262825572218,942.1854775059195,0.0,0.0,2.6195737963693766,1.2367797947908445,1.382794001578532,0.0,0.9771112865035517
693,2044.754290171607,4.3695475819032765,3.624804992199688,2.629485179407176,1.4563182527301093,0.6443057722308893,925.6536661466458,0.0,0.0,1.3525741029641185,0.6825273010920437,0.6700468018720749,0.0,0.9173166926677067
694,2047.0963210702341,3.4791170568561873,2.6053511705685617,2.8086956521739133,1.7652173913043478,0.5204013377926422,893.4642140468227,0.0,0.0,0.7799331103678929,0.3986622073578595,0.38127090301003347,0.0,0.9518394648829431
695,2079.5695718654433,0.5520183486238531,2.8111620795107033,2.585626911314985,1.6154434250764527,0.5,928.1376146788991,0.0,0.0,1.6185015290519877,0.8379204892966361,0.7805810397553516,0.0,0.9877675840978594
696,2075.144117647059,4.983338235294117,3.361764705882353,2.8117647058823527,1.4279411764705883,0.6132352941176471,914.1,0.0,0.0,3.1176470588235294,1.4529411764705882,1.6647058823529413,0.0,0.9073529411764706
697,2029.793388429752,7.078130959949141,2.77177368086459,2.6465352828989195,1.965034965034965,0.5022250476795931,944.1277813095995,0.0,0.0,1.7285441830896375,0.8874761602034329,0.8410680228862047,0.0,0.9300699300699301
698,2062.5636094674555,1.9831656804733726,2.69896449704142,2.602810650887574,1.632396449704142,0.4985207100591716,961.8136094674556,0.0,0.0,1.2366863905325445,0.5850591715976331,0.6516272189349113,0.0,0.9755917159763313
699,2054.5235521235522,3.7576911196911196,3.545945945945946,2.5953667953667954,1.457142857142857,0.633976833976834,950.0525096525097,0.0,0.0,1.5861003861003862,0.8077220077220078,0.7783783783783784,0.0,0.9065637065637066
700,2049.349551856594,4.716600512163892,2.4558258642765685,2.7221510883482716,2.1626120358514727,0.469270166453265,932.7605633802817,0.0,0.0,1.235595390524968,0.6702944942381562,0.5653008962868118,0.0,0.9558258642765685
701,2098.44427480916,0.3991374045801527,2.9167938931297708,2.379389312977099,1.66793893129771,0.4862595419847328,974.1,0.0,0.0,1.7541984732824427,0.8679389312977099,0.8862595419847328,0.0,0.9862595419847329
702,2056.8348694316437,4.940245775729647,3.4623655913978495,2.5,1.466205837173579,0.6298003072196621,951.7219662058371,0.0,0.0,1.6067588325652842,0.7703533026113671,0.836405529953917,0.0,0.8978494623655914
703,2052.6611515552613,4.52300463269358,2.7882197220383853,2.8385175380542687,1.8325612177365982,0.513567174056916,932.8054268696228,0.0,0.0,1.3831899404367969,0.7524818001323627,0.6307081403044341,0.0,0.9338186631369954
704,2057.305711987128,2.9487691069991957,3.1383748994368466,2.4674175382139985,1.4448913917940467,0.5486725663716814,925.9879324215607,0.0,0.0,1.3829444891391793,0.6814159292035398,0.7015285599356396,0.0,0.9702333065164923
705,2052.6550680786686,5.2572390317700455,3.32375189107413,2.7042360060514374,1.434947049924357,0.6104387291981845,907.6875945537065,0.0,0.0,2.4546142208774584,1.2004538577912254,1.254160363086233,0.0,0.903177004538578
706,2045.5012077294687,4.804704106280194,2.5090579710144927,2.777173913043478,1.8864734299516908,0.4885265700483092,895.5531400966183,0.0,0.0,1.2868357487922706,0.6479468599033816,0.6388888888888888,0.0,0.9311594202898551
707,2068.0304414003044,2.9012404870624047,3.2640791476407913,2.284627092846271,1.6796042617960427,0.5121765601217656,946.3066971080669,0.0,0.0,1.7800608828006088,0.9254185692541856,0.8546423135464232,0.0,0.9680365296803652
708,2058.2274011299437,4.446906779661017,3.13771186440678,2.5706214689265536,1.5685028248587571,0.5875706214689266,921.103813559322,0.0,0.0,1.5225988700564972,0.7252824858757062,0.797316384180791,0.0,0.905367231638418
709,2039.1856209150326,6.157934640522876,2.6287581699346405,2.623529411764706,1.99281045751634,0.4993464052287582,909.3751633986928,0.0,0.0,1.1444444444444444,0.5437908496732026,0.6006535947712418,0.0,0.9359477124183007
710,2085.8955539872973,1.238136908962597,2.652081863091037,2.363443895553987,1.786167960479887,0.4544812985179958,915.9654199011998,0.0,0.0,1.3697953422724065,0.5786873676781934,0.7911079745942131,0.0,0.9788285109386027
711,2066.5072231139648,3.9052247191011236,3.625200642054575,2.808186195826645,1.3314606741573034,0.6749598715890851,925.5593900481541,0.0,0.0,1.7704654895666132,0.8282504012841091,0.942215088282504,0.0,0.913322632423756
712,2040.7800407331977,4.875281737949762,2.478615071283096,2.636795655125594,1.9008825526137134,0.5288526816021725,918.7494908350305,0.0,0.0,1.3428377460964018,0.6788866259334692,0.6639511201629328,0.0,0.9409368635437881
713,2083.114088820827,0.515061255742726,2.923430321592649,2.634762633996937,1.6003062787136293,0.5107197549770292,917.8392036753446,0.0,0.0,1.3376722817764166,0.6163859111791731,0.7212863705972435,0.0,0.9839203675344563
714,2049.381685575365,3.5070421393841165,3.532414910858995,2.6329011345218802,1.4019448946515398,0.6636952998379254,891.2455429497569,0.0,0.0,1.3233387358184765,0.5891410048622366,0.7341977309562399,0.0,0.906807131280389
715,2047.6111859838275,5.223867924528302,2.5828840970350404,2.9231805929919137,1.9305929919137466,0.5202156334231806,878.8463611859838,0.0,0.0,1.5619946091644206,0.8039083557951483,0.7580862533692723,0.0,0.9353099730458221
716,2079.7585959885387,1.9378438395415474,2.8760744985673354,2.6060171919770774,1.6117478510028653,0.4820916905444126,899.823782234957,0.0,0.0,1.8495702005730659,0.916189111747851,0.9333810888252149,0.0,0.9770773638968482
717,2046.0457317073171,7.888810975609757,3.629573170731707,2.4900914634146343,1.5198170731707317,0.6189024390243902,919.0594512195122,0.0,0.0,2.2278963414634148,1.0708841463414633,1.1570121951219512,0.0,0.8666158536585366
718,2026.079375,7.039924999999999,2.3925,2.699375,2.0625,0.4925,897.480625,0.0,0.0,0.619375,0.34375,0.275625,0.0,0.92625
719,2066.318112633181,2.263812785388128,3.041095890410959,2.2983257229832574,1.6628614916286149,0.5060882800608828,908.1027397260274,0.0,0.0,1.6796042617960427,0.7579908675799086,0.921613394216134,0.0,0.971841704718417
720,2068.646412884334,4.453726207906295,3.3931185944363103,2.699121522693997,1.527818448023426,0.6068814055636896,873.5175695461201,0.0,0.0,2.0651537335285504,0.8982430453879942,1.1669106881405564,0.0,0.9128843338213762
721,2065.208443271768,4.388562005277045,2.5079155672823217,2.694591029023747,1.9670184696569921,0.5316622691292876,909.7117414248021,0.0,0.0,1.9544854881266491,1.0105540897097625,0.9439313984168866,0.0,0.9393139841688655
722,2079.6584766584765,2.562833742833743,3.3472563472563475,2.384111384111384,1.4905814905814905,0.5503685503685504,907.7567567567568,0.0,0.0,1.895986895986896,0.9213759213759214,0.9746109746109746,0.0,0.9696969696969697
723,2063.79921875,3.7141015625000002,3.62109375,2.85703125,1.45078125,0.66796875,911.64921875,0.0,0.0,2.45078125,1.20859375,1.2421875,0.0,0.91640625
724,2045.615438108484,3.762705146036161,2.6620305980528514,2.9394993045897078,1.8178025034770515,0.5403337969401947,900.7906815020863,0.0,0.0,1.366481223922114,0.7232267037552156,0.6432545201668984,0.0,0.9506258692628651
725,2073.9969395562357,2.204353481254782,2.8898240244835502,2.615149196633512,1.6549349655700076,0.5042081101759756,907.6419280795716,0.0,0.0,1.9257842387146136,0.9387911247130833,0.9869931140015302,0.0,0.9747513389441469
726,2073.5402877697843,5.318215827338129,3.3093525179856114,2.762589928057554,1.4525179856115107,0.5985611510791367,916.7676258992806,0.0,0.0,2.2661870503597124,1.0884892086330935,1.1776978417266186,0.0,0.9064748201438849
727,2048.298234552333,6.495416141235813,2.82156368221942,2.621689785624212,1.9741488020176545,0.5189155107187894,880.8196721311475,0.0,0.0,1.7931904161412358,0.8991172761664565,0.8940731399747793,0.0,0.9230769230769231
728,2071.794310722101,3.130430342815463,2.714806710430343,2.5630926331145147,1.6455142231947484,0.4974471188913202,888.1568198395332,0.0,0.0,1.7075127644055434,0.7906637490882568,0.9168490153172867,0.0,0.9693654266958425
729,2071.313664596273,5.0560093167701865,3.630434782608696,2.562111801242236,1.4883540372670807,0.6319875776397516,927.1048136645962,0.0,0.0,1.9332298136645962,0.907608695652174,1.0256211180124224,0.0,0.9029503105590062
730,2065.8592736705577,3.532347600518807,2.4993514915693904,2.7367055771725033,2.1900129701686124,0.5110246433203631,908.6057068741893,0.0,0.0,1.7632944228274967,0.8488975356679637,0.914396887159533,0.0,0.9526588845654993
731,2089.13046875,1.01659375,2.92578125,2.34609375,1.684375,0.5265625,906.09375,0.0,0.0,2.26953125,1.1640625,1.10546875,0.0,0.98203125
732,2055.2183622828784,5.095384615384615,3.6244830438378823,2.5905707196029777,1.5020678246484698,0.6881720430107527,922.8221670802316,0.0,0.0,2.2770885028949546,1.119106699751861,1.1579818031430935,0.0,0.891645988420182
733,2055.397870924817,5.054544244843646,2.8223552894211577,2.8982035928143715,1.7884231536926147,0.530938123752495,917.2827677977378,0.0,0.0,1.9001996007984032,0.9800399201596807,0.9201596806387226,0.0,0.9281437125748503
734,2082.131264916468,2.49260938743039,3.0859188544152745,2.5242641209228323,1.5290373906125696,0.5338106603023071,911.2633253778838,0.0,0.0,1.9395385839299921,0.9562450278440732,0.9832935560859188,0.0,0.9777247414478918
735,2071.17093373494,5.708034638554217,3.2801204819277108,2.7063253012048194,1.466867469879518,0.6227409638554217,890.2748493975904,0.0,0.0,3.3478915662650603,1.5082831325301205,1.8396084337349397,0.0,0.8983433734939759
736,2061.4825901038485,4.619841172877215,2.4147831398900426,2.7874160048869885,1.9401343921808185,0.49969456322541234,903.8100183262064,0.0,0.0,1.643860720830788,0.8497251069028711,0.7941356139279169,0.0,0.9419670128283445
737,2099.577211394303,2.9764692653673164,3.2308845577211396,2.2413793103448274,1.592953523238381,0.4955022488755622,912.1251874062968,0.0,0.0,2.0974512743628186,1.0247376311844079,1.0727136431784108,0.0,0.9692653673163418
738,2070.554814814815,5.226074074074074,3.1259259259259258,2.6548148148148147,1.5548148148148149,0.6074074074074074,897.957037037037,0.0,0.0,1.7192592592592593,0.7992592592592592,0.92,0.0,0.8925925925925926
739,2049.4281067013662,6.4362394274560835,2.6434612882238127,2.6226415094339623,1.9856864020819778,0.5204944697462589,887.1099544567339,0.0,0.0,1.6590761223162005,0.8275862068965517,0.8314899154196487,0.0,0.929733246584255
740,2105.1793754538853,1.2016630355846043,2.7872185911401597,2.3761801016702977,1.7697893972403775,0.485838779956427,900.9520697167756,0.0,0.0,1.7886710239651415,0.8046477850399419,0.9840232389251997,0.0,0.9789397240377633
741,2091.0172672672675,4.9773573573573575,3.4466966966966965,2.7117117117117115,1.328078078078078,0.6261261261261262,918.7117117117117,0.0,0.0,2.695945945945946,1.3813813813813813,1.3145645645645645,0.0,0.9106606606606606
742,2059.0801919122687,6.518197395476353,2.564770390678547,2.658670322138451,1.9307745030843044,0.5517477724468814,883.0644276901987,0.0,0.0,1.991775188485264,0.9924605894448252,0.9993145990404386,0.0,0.9287183002056203
743,2114.049573973664,1.7603485670023238,2.975987606506584,2.6158017041053445,1.5716498838109991,0.512006196746708,946.437645236251,0.0,0.0,2.492641363284276,1.2300542215336947,1.262587141750581,0.0,0.9783113865220759
744,2077.530775379696,4.853013589128697,3.469224620303757,2.6203037569944043,1.3876898481215028,0.6490807354116707,913.4228617106315,0.0,0.0,1.8217426059152677,0.9072741806554756,0.9144684252597922,0.0,0.9096722621902478
745,2055.606417812705,6.879849377865096,2.5690897184020955,2.848068107400131,1.8873608382449247,0.5258677144728225,929.9142108709889,0.0,0.0,2.0072036673215456,1.003274394237066,1.0039292730844793,0.0,0.9332023575638507
746,2112.861870503597,1.9544244604316547,2.8776978417266186,2.676978417266187,1.59568345323741,0.4784172661870504,940.4517985611511,0.0,0.0,2.3431654676258993,1.146043165467626,1.1971223021582733,0.0,0.9769784172661871
747,2086.7762863534676,4.957002237136465,3.588366890380313,2.606263982102908,1.5503355704697988,0.6219239373601789,928.2744220730798,0.0,0.0,3.1961222967934377,1.477255779269202,1.7188665175242357,0.0,0.8956002982848621
748,2048.971776779987,5.932924951892239,2.432969852469532,2.8300192431045543,2.121231558691469,0.5086593970493907,932.9852469531751,0.0,0.0,1.2450288646568313,0.605516356638871,0.6395125080179602,0.0,0.9384220654265555
749,2103.8572555205046,2.8337223974763406,3.1017350157728707,2.3793375394321767,1.7074132492113565,0.5252365930599369,909.7917981072555,0.0,0.0,2.0906940063091484,0.9850157728706624,1.1056782334384858,0.0,0.9708201892744479
750,2090.492851768247,4.867343867569601,3.472535741158766,2.7848006019563583,1.5846501128668171,0.617005267118134,904.8472535741158,0.0,0.0,2.2340105342362677,1.0692249811888639,1.164785553047404,0.0,0.9232505643340858
751,2088.357096565133,5.117278029812055,2.5171743357096563,2.6027219701879454,1.9358392741412833,0.5158781594296824,932.5191186001297,0.0,0.0,2.189889825016202,1.101749837977965,1.088139987038237,0.0,0.9384316267012314
752,2101.817073170732,3.20069918699187,3.3317073170731706,2.31869918699187,1.5105691056910568,0.5577235772357724,930.9357723577235,0.0,0.0,2.7065040650406504,1.2772357723577237,1.4292682926829268,0.0,0.9634146341463414
753,2090.274255156608,5.375385790679909,3.6501145912910617,2.761650114591291,1.361344537815126,0.640183346065699,944.9144385026738,0.0,0.0,2.7708174178762413,1.3399541634835752,1.4308632543926663,0.0,0.9106187929717342
754,2056.9341275402944,5.835774351786966,2.718990889978977,2.997196916608269,1.8304134548002804,0.5360896986685354,930.8163980378416,0.0,0.0,1.7967764540995095,0.885073580939033,0.9117028731604765,0.0,0.9481429572529783
755,2115.4027252081755,1.841218773656321,2.8364875094625286,2.583648750946253,1.737320211960636,0.5109765329295988,935.9841029523088,0.0,0.0,2.267978803936412,1.0696442089326268,1.198334595003785,0.0,0.9742619227857684
756,2124.437722419929,4.648583629893238,3.211387900355872,2.7480427046263345,1.4725978647686833,0.5879003558718862,924.6633451957296,0.0,0.0,3.0327402135231316,1.511032028469751,1.5217081850533807,0.0,0.9160142348754449
757,2055.9515915119364,8.750344827586208,2.910477453580902,2.699602122015915,2.0848806366047747,0.5318302387267905,912.145225464191,0.0,0.0,2.6306366047745358,1.3594164456233422,1.2712201591511936,0.0,0.916445623342175
758,2109.2906227630638,2.5643092340730136,2.6750178954903365,2.559055118110236,1.6621331424481032,0.4896206156048676,913.2032927702219,0.0,0.0,1.8732999284180387,0.8811739441660702,0.9921259842519685,0.0,0.9706513958482462
759,2077.8067226890757,6.523246753246753,3.4996180290297936,2.557677616501146,1.4919786096256684,0.6440030557677616,896.8731856378915,0.0,0.0,1.9396485867074102,0.9343009931245225,1.0053475935828877,0.0,0.8922841864018335
760,2090.818064516129,3.8487612903225807,2.514838709677419,2.7225806451612904,2.1716129032258062,0.4890322580645161,879.6529032258064,0.0,0.0,1.8290322580645162,0.9864516129032258,0.8425806451612903,0.0,0.9503225806451613
761,2140.0120210368145,1.1140270473328324,2.9060856498873027,2.347107438016529,1.64763335837716,0.5086401202103682,933.5867768595041,0.0,0.0,2.512396694214876,1.25244177310293,1.2599549211119458,0.0,0.9827197595792637
762,2075.4988085782365,7.470436854646546,3.5011914217633042,2.483717235901509,1.500397140587768,0.6576648133439238,912.9166004765688,0.0,0.0,2.836378077839555,1.2660841938046068,1.5702938840349483,0.0,0.8840349483717236
763,2076.2704863424383,5.1136109260493,2.8307794803464357,2.861425716189207,1.8227848101265822,0.5349766822118588,933.6222518321119,0.0,0.0,1.8101265822784811,0.8974017321785477,0.9127248500999334,0.0,0.9360426382411725
764,2104.415625,1.6591484375,3.015625,2.48671875,1.5625,0.52421875,917.30390625,0.0,0.0,2.184375,1.08984375,1.09453125,0.0,0.97578125
765,2081.783964365256,4.270051967334818,3.3251670378619154,2.6102449888641424,1.4684484038604306,0.6132145508537491,917.521158129176,0.0,0.0,2.526354862657758,1.1603563474387528,1.3659985152190053,0.0,0.9138827023014106
766,2066.229946524064,6.859281045751634,2.4551396316102196,2.7332144979203803,1.887106357694593,0.48544266191325014,886.6803327391563,0.0,0.0,1.8223410576351753,0.9358288770053476,0.8865121806298277,0.0,0.9203802733214498
767,2119.304281345566,3.315917431192661,3.3279816513761467,2.31651376146789,1.768348623853211,0.5137614678899083,917.8241590214067,0.0,0.0,3.0466360856269112,1.4235474006116209,1.6230886850152906,0.0,0.9655963302752294
768,2094.1281864530224,6.228674435542607,3.068463219227968,2.675892206846322,1.552804078659869,0.616897305171158,909.6147123088128,0.0,0.0,2.1303714493809176,1.042243262927895,1.0881281864530226,0.0,0.8980335032774945
769,2060.285351934052,6.108700063411541,2.5954343690551682,2.5745085605580216,1.9657577679137603,0.5022194039315155,910.7222574508561,0.0,0.0,1.5206087507926442,0.7761572606214331,0.7444514901712111,0.0,0.9315155358275206
770,2128.7620764239364,1.1885291997116079,2.7541456380677722,2.385724585436193,1.811103100216294,0.467916366258111,911.2855082912762,0.0,0.0,2.3403028118240807,1.1225666906993512,1.2177361211247297,0.0,0.9783705839942322
771,2130.069510268562,4.478199052132701,3.546603475513428,2.788309636650869,1.3183254344391786,0.6635071090047393,919.6374407582938,0.0,0.0,2.6627172195892577,1.2669826224328593,1.3957345971563981,0.0,0.9044233807266983
772,2058.944892473118,6.022896505376344,2.560483870967742,2.685483870967742,1.9240591397849462,0.5423387096774194,930.9368279569892,0.0,0.0,1.9986559139784945,0.978494623655914,1.0201612903225807,0.0,0.9274193548387096
773,2125.1097372488407,0.5294281298299844,2.971406491499227,2.632921174652241,1.571097372488408,0.508500772797527,945.919629057187,0.0,0.0,2.3531684698608966,1.1707882534775889,1.1823802163833075,0.0,0.9860896445131375
774,2091.0940310711367,6.9137448896157,3.5690923957481604,2.6639411283728536,1.375306623058054,0.6549468520032706,888.233033524121,0.0,0.0,2.6385936222403923,1.230580539656582,1.4080130825838102,0.0,0.8937040065412919
775,2070.50421257291,5.335281918340894,2.6072585871678546,2.8379779650032404,1.9125081011017497,0.508101101749838,928.2838626053143,0.0,0.0,2.250162022034997,1.1626701231367467,1.0874918988982503,0.0,0.931302657161374
776,2139.3528990694344,1.9679813886900501,2.832498210450966,2.600572655690766,1.5382963493199713,0.4846098783106657,932.9262705798138,0.0,0.0,2.1009305654974946,1.0207587687902648,1.0801717967072297,0.0,0.9770937723693629
777,2094.7441520467837,6.4722514619883045,3.5445906432748537,2.513888888888889,1.577485380116959,0.6242690058479532,930.5752923976609,0.0,0.0,2.857456140350877,1.3538011695906433,1.503654970760234,0.0,0.8793859649122807
778,2046.266416510319,7.646679174484053,2.417135709818637,2.7617260787992497,2.023764853033146,0.4715447154471545,916.3889931207004,0.0,0.0,1.4884302689180737,0.7304565353345841,0.7579737335834896,0.0,0.9324577861163227
779,2149.8271704180065,0.9614630225080385,3.195337620578778,2.418006430868167,1.6318327974276527,0.5273311897106109,920.4847266881029,0.0,0.0,2.504823151125402,1.1945337620578778,1.310289389067524,0.0,0.9823151125401929
780,2111.75191424196,5.715275650842266,3.462480857580398,2.718989280245023,1.555895865237366,0.6240428790199081,923.6692189892802,0.0,0.0,2.5359877488514546,1.1952526799387442,1.3407350689127107,0.0,0.9065849923430321
781,2097.326845637584,5.3567785234899326,2.523489932885906,2.67248322147651,1.9778523489932887,0.5100671140939598,939.9946308724832,0.0,0.0,2.1536912751677852,1.0677852348993289,1.0859060402684564,0.0,0.9436241610738255
782,2092.073047858942,2.7329974811083124,3.438287153652393,2.4130982367758187,1.492863140218304,0.5457598656591099,929.5583543240974,0.0,0.0,2.130142737195634,0.9680940386230059,1.162048698572628,0.0,0.9672544080604534
783,2101.322204968944,5.534262422360248,3.548136645962733,2.6630434782608696,1.3936335403726707,0.6312111801242236,908.6979813664597,0.0,0.0,2.1645962732919255,1.0986024844720497,1.0659937888198758,0.0,0.9107142857142857
784,2067.860369609856,4.801827515400411,2.6652977412731005,2.8966461327857633,1.8220396988364134,0.5112936344969199,907.2162902121835,0.0,0.0,1.4914442162902122,0.7645448323066393,0.7268993839835729,0.0,0.9493497604380561
785,2111.1179564237414,1.069023290758828,2.7753568745304285,2.5522163786626595,1.6446280991735538,0.5161532682193839,902.427498121713,0.0,0.0,2.1074380165289255,1.033809166040571,1.0736288504883547,0.0,0.9849737039819685
786,2096.4529791816226,5.378894472361809,3.2368987796123476,2.7968413496051685,1.4113424264178034,0.5958363244795406,900.7652548456568,0.0,0.0,2.53194544149318,1.167264895908112,1.3646805455850681,0.0,0.9016511127063891
787,2075.3803526448364,6.181146095717884,2.668765743073048,2.575566750629723,1.955919395465995,0.482367758186398,907.8872795969774,0.0,0.0,2.3784634760705288,1.192065491183879,1.18639798488665,0.0,0.9231738035264484
788,2081.137326515705,2.350116873630387,2.7238860482103724,2.5617238860482106,1.710737764791819,0.4974433893352812,906.6062819576333,0.0,0.0,1.4981738495252008,0.6888239590942293,0.8093498904309715,0.0,0.9715120525931337
789,2086.9486196319017,5.025444785276074,3.5567484662576687,2.611963190184049,1.4746932515337423,0.6273006134969326,917.2561349693251,0.0,0.0,2.5306748466257667,1.2216257668711656,1.3090490797546013,0.0,0.9026073619631901
790,2086.6607843137253,2.9702875816993464,2.4633986928104576,2.688888888888889,2.2294117647058824,0.46013071895424834,893.1124183006536,0.0,0.0,1.9869281045751634,1.0156862745098039,0.9712418300653595,0.0,0.9601307189542484
791,2133.160594795539,0.6278959107806691,2.8862453531598513,2.300371747211896,1.6743494423791823,0.48475836431226765,940.2810408921933,0.0,0.0,2.8118959107806694,1.345724907063197,1.4661710037174722,0.0,0.9843866171003718
792,2076.810483870968,5.956024193548387,3.550806451612903,2.4951612903225806,1.5685483870967742,0.6427419354838709,903.9443548387097,0.0,0.0,2.1548387096774193,1.0411290322580644,1.113709677419355,0.0,0.8887096774193548
793,2074.5178335535006,4.914260237780713,2.7793923381770145,2.890356671070013,1.797225891677675,0.5409511228533685,921.1301188903567,0.0,0.0,2.155878467635403,1.0402906208718625,1.1155878467635403,0.0,0.9379128137384413
794,2097.9734375,1.274,3.0171875,2.45234375,1.490625,0.525,901.290625,0.0,0.0,2.4484375,1.1828125,1.265625,0.0,0.9828125
795,2063.443591711435,4.616093630084421,3.397544128933231,2.699155794320798,1.5072908672294705,0.634689178818112,920.6039907904835,0.0,0.0,2.081350729086723,0.967766692248657,1.113584036838066,0.0,0.9071373752877974
796,2067.526119402985,4.83639303482587,2.4266169154228856,2.78544776119403,1.9322139303482586,0.4925373134328358,910.7599502487562,0.0,0.0,2.04228855721393,1.019278606965174,1.0230099502487562,0.0,0.9409203980099502
797,2102.7467382962395,2.1873138910207213,3.303914044512663,2.2425172678434384,1.7068303914044514,0.5042210283960092,911.4551036070607,0.0,0.0,2.6500383729854184,1.3115886415963163,1.3384497313891022,0.0,0.9723714504988488
798,2080.1952277657265,5.972617498192335,3.0281995661605206,2.5357917570498913,1.5307302964569776,0.5878524945770065,884.6869125090383,0.0,0.0,2.03470715835141,0.9884309472161966,1.0462762111352133,0.0,0.8929862617498192
799,2068.1363040629094,4.966009174311926,2.6336828309305376,2.595019659239843,1.9862385321100917,0.5,879.4121887287025,0.0,0.0,2.0078636959370906,0.9764089121887287,1.0314547837483616,0.0,0.9423328964613368
800,2116.554125662377,2.2596139288417865,2.9167297501892504,2.4632853898561695,1.769871309613929,0.4882664647993944,875.2732778198334,0.0,0.0,2.5087055261165783,1.2263436790310371,1.2823618470855414,0.0,0.9765329295987888
801,2106.31884057971,4.533790999237223,3.5217391304347827,2.69488939740656,1.3546910755148742,0.6331045003813882,888.2494279176201,0.0,0.0,2.324942791762014,1.1617086193745232,1.1632341723874904,0.0,0.9168573607932876
802,2062.483056478405,5.656717607973422,2.6411960132890364,2.603322259136213,1.930232558139535,0.5222591362126245,881.0764119601329,0.0,0.0,1.521594684385382,0.7421926910299004,0.7794019933554818,0.0,0.9308970099667774
803,2115.763931888545,1.3015712074303407,2.9628482972136223,2.6447368421052633,1.5874613003095974,0.5131578947368421,878.5270897832818,0.0,0.0,2.1656346749226008,1.0270897832817338,1.138544891640867,0.0,0.9814241486068112
804,2080.243415802075,5.793743016759777,3.4341580207501994,2.587390263367917,1.4014365522745411,0.6432561851556265,852.9688747007183,0.0,0.0,2.0822027134876295,1.0319233838786912,1.0502793296089385,0.0,0.9090183559457302
805,2061.938164893617,5.250704787234042,2.555186170212766,2.8976063829787235,1.9188829787234043,0.5026595744680851,889.7652925531914,0.0,0.0,1.846409574468085,0.9002659574468085,0.9461436170212766,0.0,0.9355053191489362
806,2115.6485507246375,2.111644927536232,2.8920289855072463,2.627536231884058,1.558695652173913,0.47608695652173916,931.8456521739131,0.0,0.0,2.466666666666667,1.1630434782608696,1.3036231884057972,0.0,0.9782608695652174
807,2089.088455772114,6.747106446776611,3.610944527736132,2.585457271364318,1.5824587706146926,0.6101949025487257,919.723388305847,0.0,0.0,2.3245877061469264,1.1476761619190405,1.1769115442278861,0.0,0.8785607196401799
808,2052.3632398753894,6.030915887850466,2.36386292834891,2.709657320872274,2.0386292834890964,0.4747663551401869,911.016199376947,0.0,0.0,1.264797507788162,0.6249221183800623,0.6398753894080997,0.0,0.9370716510903426
809,2118.952270977675,2.13284064665127,3.07621247113164,2.304849884526559,1.716705157813703,0.5050038491147036,907.9337952270978,0.0,0.0,2.014626635873749,0.9499615088529638,1.0646651270207852,0.0,0.976905311778291
810,2111.1019382627424,3.584924623115578,3.3460157932519743,2.6403445800430725,1.5470208183776022,0.5958363244795406,877.8722182340273,0.0,0.0,2.3840631730078967,1.1586503948312994,1.2254127781765973,0.0,0.927494615936827
811,2069.9405155320555,5.095750165234633,2.4547257105089226,2.639788499669531,1.9748843357567747,0.520158625247852,905.5717118307997,0.0,0.0,1.6794448116325182,0.8783873099801719,0.8010575016523463,0.0,0.9444811632518176
812,2120.2235494880547,2.3964163822525597,3.431740614334471,2.362627986348123,1.5401023890784984,0.5631399317406144,893.7909556313994,0.0,0.0,2.0853242320819114,0.984641638225256,1.1006825938566553,0.0,0.9735494880546075
813,2092.09349289454,4.3921166791323865,3.4360508601346296,2.6896035901271502,1.4008975317875842,0.6178010471204188,876.1174270755423,0.0,0.0,1.6028421839940163,0.7584143605086013,0.8444278234854151,0.0,0.9207180254300673
814,2061.5845737483087,4.4991474966170495,2.581190798376184,2.92489851150203,1.7963464140730718,0.489851150202977,870.2577807848444,0.0,0.0,1.3146143437077131,0.6265223274695535,0.6880920162381596,0.0,0.9519621109607578
815,2097.789636504254,1.7750116009280743,2.9164733178654294,2.582366589327146,1.5792730085073472,0.5096674400618716,910.8267594740912,0.0,0.0,1.9010054137664347,0.8808971384377416,1.020108275328693,0.0,0.9783449342614076
816,2085.0260014054816,4.929592410400563,3.164441321152495,2.6444132115249475,1.3738580463808854,0.583977512297962,896.9761068165847,0.0,0.0,2.2164441321152495,1.1061138439915672,1.1103302881236823,0.0,0.9016163035839775
817,2042.3396946564885,7.332213740458015,2.739821882951654,2.630407124681934,1.9885496183206106,0.49236641221374045,893.9834605597964,0.0,0.0,1.8110687022900764,0.8670483460559797,0.9440203562340967,0.0,0.9243002544529262
818,2075.9236526946106,2.5195883233532936,2.7986526946107784,2.495508982035928,1.651946107784431,0.49925149700598803,884.5838323353294,0.0,0.0,1.1766467065868262,0.5351796407185628,0.6414670658682635,0.0,0.9700598802395209
819,2052.972049689441,6.387585403726709,3.619565217391304,2.611801242236025,1.4673913043478262,0.6374223602484472,892.054347826087,0.0,0.0,2.3392857142857144,1.1141304347826086,1.2251552795031055,0.0,0.889751552795031
820,2072.191919191919,5.346401515151515,2.4684343434343434,2.6672979797979797,2.1761363636363638,0.4861111111111111,901.7607323232323,0.0,0.0,1.6313131313131313,0.8061868686868687,0.8251262626262627,0.0,0.9419191919191919
821,2111.7596599690883,0.6115610510046368,2.964451313755796,2.428902627511592,1.6398763523956723,0.49149922720247297,916.532457496136,0.0,0.0,1.9080370942812983,0.910355486862442,0.9976816074188563,0.0,0.9868624420401855
822,2060.412609736632,4.495235434956105,3.718276137270551,2.507581803671189,1.4892258579409416,0.6408619313647247,904.440542697526,0.0,0.0,1.6512370311252993,0.7861133280127693,0.86512370311253,0.0,0.9034317637669593
823,2062.4481382978724,3.678936170212766,2.793218085106383,2.827792553191489,1.8045212765957446,0.5066489361702128,882.5578457446809,0.0,0.0,1.384308510638298,0.6795212765957447,0.7047872340425532,0.0,0.9468085106382979
824,2083.988524590164,2.3044262295081968,3.189344262295082,2.5434426229508196,1.5368852459016393,0.5655737704918032,878.5377049180328,0.0,0.0,1.5032786885245901,0.7163934426229508,0.7868852459016393,0.0,0.9721311475409836
825,2058.999251497006,4.933203592814372,3.3914670658682633,2.684131736526946,1.436377245508982,0.6182634730538922,906.751497005988,0.0,0.0,1.717814371257485,0.7410179640718563,0.9767964071856288,0.0,0.9026946107784432
826,2049.267749699158,6.952749699157641,2.496389891696751,2.7870036101083033,1.8832731648616126,0.4795427196149218,896.7093862815884,0.0,0.0,1.3682310469314078,0.677496991576414,0.690734055354994,0.0,0.9265944645006017
827,2095.938215102975,1.908825324180015,3.282990083905416,2.280701754385965,1.7131960335621663,0.4935163996948894,946.0816170861938,0.0,0.0,1.7726926010678872,0.8619374523264683,0.9107551487414187,0.0,0.9710144927536232
828,2073.09565857248,4.602847682119205,3.18027961736571,2.6681383370125094,1.6048565121412803,0.6085356880058866,921.2884473877851,0.0,0.0,1.855776306107432,0.8469462840323767,1.0088300220750552,0.0,0.9028697571743929
829,2063.2486979166665,5.524811197916667,2.5944010416666665,2.6223958333333335,1.9720052083333333,0.4954427083333333,904.3346354166666,0.0,0.0,1.6334635416666667,0.8671875,0.7662760416666666,0.0,0.9368489583333334
830,2110.5040650406504,1.6269031781226901,2.8011825572801183,2.393939393939394,1.7147080561714707,0.4582409460458241,872.250554323725,0.0,0.0,2.3806356245380638,1.107169253510717,1.2734663710273466,0.0,0.9822616407982262
831,2097.5205585725366,4.433979829325058,3.6136539953452287,2.752521334367727,1.3079906904577192,0.6516679596586501,930.7501939487976,0.0,0.0,2.6501163692785106,1.2591155934833205,1.39100077579519,0.0,0.9084561675717611
832,2056.7856209150327,7.214366013071895,2.5712418300653597,2.6437908496732025,1.9019607843137254,0.5215686274509804,912.1307189542483,0.0,0.0,1.669281045751634,0.8150326797385621,0.8542483660130719,0.0,0.9117647058823529
833,2110.9386973180076,2.3472950191570883,2.9739463601532568,2.6743295019157087,1.6053639846743295,0.5149425287356322,911.2375478927203,0.0,0.0,2.525670498084291,1.2306513409961686,1.2950191570881227,0.0,0.9770114942528736
834,2077.5705128205127,4.617163461538461,3.6025641025641026,2.7211538461538463,1.3838141025641026,0.6586538461538461,869.8205128205128,0.0,0.0,2.153044871794872,1.0496794871794872,1.1033653846153846,0.0,0.9142628205128205
835,2068.084525357607,4.0620676202860855,2.509752925877763,2.832249674902471,1.8602080624187256,0.4850455136540962,894.6768530559168,0.0,0.0,2.1586475942782837,1.0968790637191157,1.0617685305591678,0.0,0.9453836150845254
836,2114.564967695621,3.2602010050251256,2.923905240488155,2.589375448671931,1.5276381909547738,0.4996410624551328,917.5556353194544,0.0,0.0,2.1550610193826274,1.0581478822684853,1.096913137114142,0.0,0.968413496051687
837,2076.3546511627906,6.149832848837209,3.4622093023255816,2.5486918604651163,1.502906976744186,0.59375,906.6751453488372,0.0,0.0,2.244186046511628,0.9956395348837209,1.248546511627907,0.0,0.8815406976744186
838,2040.3830594184576,7.050107458912769,2.357142857142857,2.774336283185841,2.097977243994943,0.4911504424778761,918.9557522123894,0.0,0.0,1.3027812895069533,0.6706700379266751,0.6321112515802781,0.0,0.9241466498103666
839,2106.208178438662,1.259635687732342,2.9717472118959107,2.3739776951672864,1.6676579925650559,0.4988847583643123,937.7509293680297,0.0,0.0,2.3613382899628252,1.137546468401487,1.2237918215613384,0.0,0.9814126394052045
840,2075.3040057224607,5.52648068669528,3.3547925608011444,2.642346208869814,1.4985693848354793,0.5736766809728183,888.758226037196,0.0,0.0,2.3261802575107295,1.086552217453505,1.2396280400572246,0.0,0.9170243204577968
841,2068.9986781229345,4.494540647719762,2.4732319894249835,2.615994712491738,1.9662921348314606,0.47851949768671515,910.2590879048248,0.0,0.0,1.927957699933906,0.9662921348314607,0.9616655651024455,0.0,0.9510905485789821
842,2101.7406199021207,2.324600326264274,3.372756933115824,2.3866231647634586,1.504078303425775,0.5269168026101142,910.8621533442088,0.0,0.0,2.335236541598695,1.0889070146818924,1.2463295269168027,0.0,0.9722675367047309
843,2088.6005747126437,5.559216954022989,3.4698275862068964,2.593390804597701,1.3757183908045978,0.6056034482758621,892.8563218390805,0.0,0.0,2.2600574712643677,1.0905172413793103,1.1695402298850575,0.0,0.9137931034482759
844,2062.542662116041,4.978027303754266,2.5890784982935156,2.9180887372013653,1.8020477815699658,0.49897610921501706,880.0191126279864,0.0,0.0,1.5324232081911262,0.7610921501706485,0.7713310580204779,0.0,0.9522184300341296
845,2107.412307692308,1.1165076923076924,2.876923076923077,2.5553846153846154,1.5438461538461539,0.4969230769230769,923.376923076923,0.0,0.0,2.1584615384615384,1.0076923076923077,1.1507692307692308,0.0,0.9861538461538462
846,2107.8549673676575,5.224452501812908,3.28788977519942,2.8187092095721535,1.408992023205221,0.6178390137781,900.3604060913706,0.0,0.0,2.8397389412617837,1.3821609862219,1.457577955039884,0.0,0.9028281363306744
847,2052.521568627451,6.61924183006536,2.8862745098039215,2.652941176470588,2.0209150326797385,0.48627450980392156,904.4084967320262,0.0,0.0,2.7627450980392156,1.362091503267974,1.4006535947712417,0.0,0.9313725490196079
848,2091.1140625,3.088234375,2.92421875,2.57734375,1.65390625,0.503125,926.1234375,0.0,0.0,2.184375,1.04296875,1.14140625,0.0,0.96875
849,2071.1193225558122,6.685735180908392,3.6127790608160124,2.5596612779060814,1.4372594303310238,0.636643571978445,901.6451116243264,0.0,0.0,2.7952270977675133,1.2886836027713626,1.506543494996151,0.0,0.8914549653579676
850,2079.057558507274,4.326008855154965,2.4946236559139785,2.6698292220113853,2.1391524351676154,0.4693232131562302,883.5015812776724,0.0,0.0,1.6710942441492727,0.877292852624921,0.7938013915243517,0.0,0.9531941808981658
851,2114.7076461769116,0.7462743628185907,2.929535232383808,2.28335832083958,1.6326836581709145,0.48950524737631185,922.3583208395802,0.0,0.0,2.8328335832083957,1.3875562218890554,1.4452773613193404,0.0,0.9850074962518741
852,2062.3467614533965,5.845813586097947,3.561611374407583,2.4818325434439177,1.529225908372828,0.655608214849921,909.4028436018957,0.0,0.0,2.4233807266982623,1.1334913112164298,1.2898894154818326,0.0,0.8925750394944708
853,2069.072703238599,4.348790482485129,2.8248512888301387,2.8460013218770652,1.8155981493721083,0.5102445472571051,912.9306014540648,0.0,0.0,1.8136153337739591,0.9385327164573695,0.8750826173165895,0.0,0.9332452081956378
854,2106.4570527974784,1.8161623325453113,3.0795902285263987,2.504334121355398,1.4743892828999212,0.52876280535855,917.973207249803,0.0,0.0,2.657210401891253,1.2505910165484633,1.4066193853427895,0.0,0.9802994483845547
855,2065.0405709992488,5.995747558226897,3.477084898572502,2.7265214124718256,1.419984973703982,0.6265965439519159,925.2607062359128,0.0,0.0,2.322314049586777,1.0991735537190082,1.2231404958677685,0.0,0.8993238166791886
856,2048.547503045067,6.561778319123021,2.5060901339829478,2.7825822168087697,1.912911084043849,0.4835566382460414,921.4920828258222,0.0,0.0,1.5682095006090133,0.7490864799025578,0.8191230207064556,0.0,0.9323995127892813
857,2116.2457057505603,1.6118670649738611,3.2442120985810305,2.2143390589992533,1.6669156086631816,0.4697535474234503,925.7849141150112,0.0,0.0,2.8297236743838687,1.3808812546676625,1.4488424197162062,0.0,0.9790888722927558
858,2078.145494830133,4.80056129985229,3.1491875923190547,2.7134416543574593,1.5871491875923192,0.5878877400295421,915.692023633678,0.0,0.0,1.8382570162481535,0.810192023633678,1.0280649926144756,0.0,0.8988183161004432
859,2046.5723231058234,6.344226675015654,2.58609893550407,2.5109580463368815,1.9492798998121479,0.48403256105197245,892.3944896681278,0.0,0.0,1.820288040075141,0.902316844082655,0.9179711959924859,0.0,0.9292423293675642
860,2094.2916666666665,2.2652380952380953,2.886904761904762,2.400297619047619,1.7142857142857142,0.48214285714285715,875.9799107142857,0.0,0.0,2.2589285714285716,1.0133928571428572,1.2455357142857142,0.0,0.9769345238095238
861,2090.9723289777094,4.856817832436588,3.6318216756341277,2.72021521906226,1.3589546502690237,0.6318216756341276,940.8870099923136,0.0,0.0,2.6387394312067642,1.2513451191391238,1.3873943120676402,0.0,0.9162182936202921
862,2046.3636972538513,6.368747488278634,2.6463496316141994,2.639651707970529,1.928332217012726,0.5385130609511052,890.2069658405894,0.0,0.0,1.9953114534494307,0.9845947756195579,1.0107166778298728,0.0,0.9236436704621568
863,2099.0138461538463,1.1773,2.9553846153846153,2.6584615384615384,1.4830769230769232,0.49923076923076926,889.5807692307692,0.0,0.0,3.0484615384615386,1.4253846153846155,1.623076923076923,0.0,0.9792307692307692
864,2065.777777777778,5.870903277378098,3.6203037569944043,2.5995203836930454,1.4276578737010392,0.6394884092725819,881.7322142286171,0.0,0.0,2.151878497202238,1.026378896882494,1.1254996003197442,0.0,0.9072741806554756
865,2063.303641092328,4.750689206762028,2.6274382314694407,2.815344603381014,1.878413524057217,0.5240572171651495,871.7906371911573,0.0,0.0,2.262028608582575,1.1677503250975292,1.0942782834850455,0.0,0.9395318595578673
866,2118.909090909091,1.6218667591950036,2.7765440666204024,2.5579458709229703,1.6065232477446219,0.4587092297015961,896.4559333795975,0.0,0.0,3.142262317834837,1.4358084663428174,1.7064538514920193,0.0,0.9791811242192922
867,2067.7643072289156,8.509201807228916,3.51355421686747,2.4826807228915664,1.5082831325301205,0.6189759036144579,899.6920180722891,0.0,0.0,3.615210843373494,1.6701807228915662,1.9450301204819278,0.0,0.8772590361445783
868,2052.5835459183672,6.937385204081632,2.4885204081632653,2.829719387755102,2.097576530612245,0.4987244897959184,897.2838010204082,0.0,0.0,1.9859693877551021,1.0299744897959184,0.9559948979591837,0.0,0.9221938775510204
869,2107.1157088122604,2.7059540229885055,3.081226053639847,2.425287356321839,1.724904214559387,0.5187739463601533,913.2842911877394,0.0,0.0,3.6804597701149424,1.7555555555555555,1.9249042145593869,0.0,0.9731800766283525
870,2094.016332590943,4.082397921306607,3.459539717891611,2.714922048997773,1.5441722345953972,0.593170007423905,883.1855976243504,0.0,0.0,3.2739420935412027,1.5456570155902005,1.7282850779510022,0.0,0.9205642167780252
871,2087.538562953197,5.192992748846407,2.5365853658536586,2.68358602504944,1.948582729070534,0.5121951219512195,934.7501647989453,0.0,0.0,3.015161502966381,1.4396835860250494,1.5754779169413315,0.0,0.934739617666447
872,2112.935612082671,3.804165341812401,3.305246422893482,2.2694753577106517,1.4491255961844196,0.5278219395866455,915.5643879173291,0.0,0.0,2.492845786963434,1.2074721780604134,1.2853736089030208,0.0,0.9650238473767886
873,2094.8328125,5.283421875,3.69765625,2.73671875,1.41015625,0.646875,900.78125,0.0,0.0,2.82734375,1.375,1.45234375,0.0,0.91015625
874,2057.057083906465,5.620887207702889,2.7104539202200826,2.953920220082531,1.8163686382393398,0.5,886.3837689133425,0.0,0.0,1.4931224209078404,0.7386519944979367,0.7544704264099037,0.0,0.9422283356258597
875,2099.7778597785978,1.2232472324723247,2.7911439114391143,2.5498154981549814,1.7025830258302583,0.4797047970479705,907.8361623616236,0.0,0.0,2.2642066420664206,1.099630996309963,1.1645756457564576,0.0,0.9822878228782288
876,2105.4199134199134,6.2356926406926405,3.2676767676767677,2.782106782106782,1.4336219336219336,0.5894660894660895,896.4891774891775,0.0,0.0,2.2215007215007216,1.0252525252525253,1.1962481962481963,0.0,0.9011544011544012
877,2076.0260078023407,7.097802340702211,2.887516254876463,2.685305591677503,2.0195058517555267,0.5149544863459038,894.8979193758128,0.0,0.0,2.2145643693107933,1.121586475942783,1.0929778933680103,0.0,0.9187256176853056
878,2096.747252747253,2.1963736263736267,2.7743589743589743,2.627838827838828,1.6783882783882784,0.47985347985347987,888.8901098901099,0.0,0.0,1.7194139194139195,0.8373626373626374,0.882051282051282,0.0,0.9743589743589743
879,2077.8039215686276,6.489449472096531,3.6244343891402715,2.539969834087481,1.453996983408748,0.6040723981900452,903.5588235294117,0.0,0.0,1.849924585218703,0.944947209653092,0.9049773755656109,0.0,0.8929110105580694
880,2064.0503267973854,6.944196078431372,2.645098039215686,2.7366013071895425,2.179738562091503,0.465359477124183,873.9320261437908,0.0,0.0,1.7241830065359478,0.8496732026143791,0.8745098039215686,0.0,0.9424836601307189
881,2153.0165289256197,0.4193087903831706,2.9278737791134484,2.3636363636363638,1.7648384673178061,0.49586776859504134,950.6273478587528,0.0,0.0,2.186326070623591,1.0826446280991735,1.1036814425244177,0.0,0.9887302779864763
882,2079.2090761750405,6.699376012965965,3.6288492706645057,2.4854132901134522,1.546191247974068,0.6507293354943274,897.2123176661264,0.0,0.0,1.7098865478119936,0.7836304700162074,0.9262560777957861,0.0,0.8897893030794165
883,2070.1419009370816,5.022690763052209,2.9812583668005357,2.9156626506024095,1.8319946452476572,0.5287817938420348,909.8808567603749,0.0,0.0,1.3520749665327978,0.7108433734939759,0.6412315930388219,0.0,0.9250334672021419
884,2114.6650563607086,2.3421256038647345,3.0925925925925926,2.4549114331723025,1.5080515297906603,0.5169082125603864,916.5185185185185,0.0,0.0,1.6231884057971016,0.8132045088566827,0.8099838969404187,0.0,0.9798711755233495
885,2079.730624529722,6.332738901429646,3.4687735139202407,2.639578630549285,1.4823175319789315,0.617757712565839,932.6914973664409,0.0,0.0,2.290443942814146,1.0835214446952597,1.2069224981188864,0.0,0.8969149736644093
886,2066.6103117505995,7.047955635491607,2.513189448441247,2.7793764988009593,1.8633093525179856,0.4790167865707434,879.318345323741,0.0,0.0,1.3093525179856116,0.7044364508393285,0.604916067146283,0.0,0.9238609112709832
887,2131.030827067669,3.598488721804511,3.319548872180451,2.210526315789474,1.7353383458646616,0.48796992481203005,901.406015037594,0.0,0.0,2.6751879699248122,1.3097744360902255,1.3654135338345865,0.0,0.9654135338345865
888,2092.4238410596026,6.452111846946284,3.2097130242825607,2.7152317880794703,1.5989698307579103,0.6195732155997057,912.6659308314937,0.0,0.0,1.8933038999264165,0.9065489330389993,0.9867549668874173,0.0,0.8962472406181016
889,2051.6769130150424,6.3270830608240685,2.7436232831916287,2.644211903204709,1.9934597776324394,0.4977109221713538,890.6036625245258,0.0,0.0,1.2733812949640289,0.6559843034663179,0.6173969914977109,0.0,0.9280575539568345
890,2098.504672897196,1.606175413371675,2.7426312005751257,2.3587347232207043,1.7850467289719627,0.4809489575844716,883.1207764198418,0.0,0.0,1.3314162473040978,0.6283249460819554,0.7030913012221424,0.0,0.9798705966930266
891,2103.2071865443427,4.40237003058104,3.5902140672782874,2.7331804281345566,1.334862385321101,0.6345565749235474,921.2522935779816,0.0,0.0,2.0986238532110093,0.9915902140672783,1.107033639143731,0.0,0.9128440366972477
892,2055.514910536779,6.266938369781312,2.6600397614314115,2.59377070907886,1.8846918489065607,0.5175612988734261,920.5758780649437,0.0,0.0,1.5016567263088139,0.6898608349900597,0.8117958913187542,0.0,0.9184890656063618
893,2122.2942583732056,0.5418740031897926,3.0813397129186604,2.7647527910685805,1.5901116427432216,0.5191387559808612,933.7448165869218,0.0,0.0,1.4657097288676235,0.6658692185007975,0.7998405103668261,0.0,0.9824561403508771
894,2073.3325203252034,4.4485528455284555,3.508130081300813,2.6691056910569104,1.4357723577235773,0.6682926829268293,904.0048780487805,0.0,0.0,1.5934959349593496,0.732520325203252,0.8609756097560975,0.0,0.9113821138211382
895,2049.6902065289805,6.9036109260493,2.6429047301798803,2.8900732844770154,1.9640239840106595,0.5209860093271153,897.3357761492339,0.0,0.0,1.7055296469020653,0.8687541638907396,0.8367754830113258,0.0,0.9267155229846769
896,2105.487346348518,0.2598915401301518,2.8517715112075197,2.6211135213304413,1.671005061460593,0.46493130874909616,913.1070137382502,0.0,0.0,1.3926247288503253,0.7042660882140275,0.6883586406362979,0.0,0.9862617498192335
897,2075.0586872586873,6.405876447876448,3.546718146718147,2.619305019305019,1.606949806949807,0.6262548262548262,908.7583011583012,0.0,0.0,2.1953667953667955,1.057915057915058,1.1374517374517374,0.0,0.8833976833976834
898,2043.0746941403734,5.73454603992273,2.471345782356729,2.792015453960077,2.112041210560206,0.4990341274951706,896.6175144880875,0.0,0.0,0.8905344494526722,0.45009658725048296,0.44043786220218933,0.0,0.9330328396651641
899,2087.5114503816794,2.0516030534351146,3.0564885496183205,2.312213740458015,1.751145038167939,0.5038167938931297,917.814503816794,0.0,0.0,1.665648854961832,0.7954198473282442,0.8702290076335878,0.0,0.9770992366412213
900,2073.168359941945,4.427206095791002,3.385341074020319,2.6516690856313496,1.5399129172714079,0.5943396226415094,873.8867924528302,0.0,0.0,1.6944847605224964,0.851233671988389,0.8432510885341074,0.0,0.920899854862119
901,2071.950986632718,4.783182686187142,2.4614894971355823,2.5970719287078294,1.893698281349459,0.501591343093571,892.9993634627625,0.0,0.0,1.3360916613621896,0.6639083386378103,0.6721833227243794,0.0,0.9382558879694463
902,2082.4816360601003,2.856669449081803,3.3939899833055094,2.293823038397329,1.5292153589315527,0.5250417362270451,897.1711185308848,0.0,0.0,1.4207011686143574,0.7028380634390651,0.7178631051752922,0.0,0.9707846410684474
903,2086.6366389099167,4.518198334595004,3.595003785011355,2.6411809235427706,1.392127176381529,0.6086298258894777,882.0507191521575,0.0,0.0,1.8425435276305828,0.9099167297501892,0.9326267978803936,0.0,0.9091597274791824
904,2058.6918806384456,4.252727272727273,2.764052741151978,2.972241498959056,1.8709229701596113,0.5329632199861207,932.4656488549618,0.0,0.0,1.164469118667592,0.5843164469118668,0.5801526717557252,0.0,0.9430950728660652
905,2091.392558845862,0.8406226271829916,2.8162490508731968,2.5170842824601367,1.6028853454821563,0.5011389521640092,941.5550493545937,0.0,0.0,1.4965831435079726,0.7099468488990129,0.7866362946089598,0.0,0.982536066818527
906,2083.7571022727275,5.602279829545455,3.2301136363636362,2.784090909090909,1.4602272727272727,0.5688920454545454,929.6313920454545,0.0,0.0,2.1583806818181817,1.0681818181818181,1.0901988636363635,0.0,0.9098011363636364
907,2053.943189154293,6.858147191736604,2.8140735958683023,2.657198192382182,1.9903163331181408,0.5016139444803098,911.8999354422208,0.0,0.0,1.5061329890251776,0.749515816655907,0.7566171723692705,0.0,0.9244673983214977
908,2075.025697503671,3.889265785609398,2.746696035242291,2.5491923641703376,1.6475770925110131,0.49045521292217326,926.1578560939795,0.0,0.0,1.146108663729809,0.5139500734214391,0.6321585903083701,0.0,0.9691629955947136
909,2065.265601217656,6.603949771689498,3.708523592085236,2.5951293759512937,1.4368340943683409,0.6156773211567732,916.7884322678843,0.0,0.0,1.7899543378995433,0.8538812785388128,0.9360730593607306,0.0,0.8926940639269406
910,2065.9967170059094,3.511641497045305,2.4963887065003285,2.6933683519369667,2.1838476690741957,0.4747209455022981,894.5935653315825,0.0,0.0,1.381483913328956,0.7426132632961261,0.63887065003283,0.0,0.9658568614576494
911,2107.694824961948,1.3110045662100458,3.0045662100456623,2.3957382039573822,1.6225266362252664,0.5068493150684932,910.5053272450533,0.0,0.0,1.430745814307458,0.6598173515981736,0.7709284627092846,0.0,0.9771689497716894
912,2053.75301689461,5.012075623491553,3.580048270313757,2.498793242156074,1.5245374094931616,0.6444086886564763,913.0378117457764,0.0,0.0,1.662912308930008,0.7433628318584071,0.919549477071601,0.0,0.8978278358809332
913,2056.088888888889,3.2490763888888887,2.80625,2.946527777777778,1.8743055555555554,0.4979166666666667,903.1305555555556,0.0,0.0,1.4791666666666667,0.7618055555555555,0.7173611111111111,0.0,0.9520833333333333
914,2089.598667776853,1.806369691923397,3.20233139050791,2.379683597002498,1.511240632805995,0.537052456286428,931.8850957535387,0.0,0.0,1.250624479600333,0.5811823480432973,0.6694421315570358,0.0,0.980849292256453
915,2065.8850226928894,5.236074130105901,3.4689863842662634,2.6709531013615733,1.4614220877458397,0.6119515885022693,928.9062027231467,0.0,0.0,1.899394856278366,0.8683812405446294,1.0310136157337368,0.0,0.903177004538578
916,2053.2585278276483,5.128485936564932,2.5786953919808497,2.7821663674446437,1.9102333931777378,0.4907241172950329,900.883303411131,0.0,0.0,1.3925792938360264,0.6935966487133453,0.698982645122681,0.0,0.9204069419509275
917,2070.3855140186915,3.2302258566978193,3.366043613707165,2.297507788161994,1.6985981308411215,0.514797507788162,900.9244548286605,0.0,0.0,1.9096573208722742,0.9493769470404985,0.9602803738317757,0.0,0.9657320872274143
918,2066.7985559566787,5.182505415162455,3.147292418772563,2.6541516245487364,1.6072202166064982,0.5971119133574008,943.7682310469314,0.0,0.0,1.2859205776173286,0.5509025270758122,0.7350180505415163,0.0,0.8945848375451263
919,2024.2900461437048,6.219301252471984,2.8226763348714567,2.6249176005273567,2.029004614370468,0.5062623599208965,888.8529993408042,0.0,0.0,1.0692155570204351,0.5299934080421885,0.5392221489782465,0.0,0.9202373104812129
920,2071.3995502248877,2.000824587706147,2.8538230884557723,2.413793103448276,1.7946026986506747,0.4947526236881559,894.8875562218891,0.0,0.0,1.7916041979010495,0.8125937031484258,0.9790104947526237,0.0,0.9805097451274363
921,2063.748043818466,3.839170579029734,3.581377151799687,2.6768388106416277,1.390453834115806,0.622848200312989,956.8920187793427,0.0,0.0,1.988262910798122,0.931924882629108,1.056338028169014,0.0,0.9123630672926447
922,2027.811671087533,6.588998673740052,2.5576923076923075,2.589522546419098,1.903183023872679,0.5112732095490716,911.1359416445623,0.0,0.0,1.3726790450928381,0.7062334217506632,0.666445623342175,0.0,0.9270557029177718
923,2072.8271507498025,0.5397395422257301,3.094711917916338,2.6448303078137334,1.5445935280189425,0.5011838989739542,902.5635359116022,0.0,0.0,1.6195737963693764,0.7624309392265194,0.8571428571428571,0.0,0.9810576164167324
924,2043.9266129032258,4.060274193548387,3.4008064516129033,2.6693548387096775,1.4112903225806452,0.6645161290322581,896.3516129032258,0.0,0.0,1.6080645161290323,0.7741935483870968,0.8338709677419355,0.0,0.910483870967742
925,2040.701141705843,5.957588985896575,2.6346541302887845,2.893216924110141,1.9308260577568839,0.49361987911349897,906.431161853593,0.0,0.0,1.564808596373405,0.7871054398925453,0.7777031564808596,0.0,0.9341840161182001
926,2080.0918220946915,3.33696556671449,2.8866571018651364,2.629842180774749,1.6219512195121952,0.48278335724533716,916.335724533716,0.0,0.0,1.7037302725968435,0.8005738880918221,0.9031563845050216,0.0,0.9677187948350072
927,2058.923426838514,5.281023502653525,3.66262319939348,2.5799848369977254,1.5784685367702804,0.6194086429112965,898.5337376800607,0.0,0.0,2.3146322971948448,1.0462471569370735,1.268385140257771,0.0,0.8915845337376801
928,2032.392429022082,6.5764794952681385,2.4870662460567825,2.7413249211356465,2.054889589905363,0.48706624605678234,923.2712933753943,0.0,0.0,0.9009463722397476,0.4769716088328076,0.42397476340694007,0.0,0.931230283911672
929,2079.942367601246,1.6140342679127726,3.0841121495327104,2.344236760124611,1.661993769470405,0.5,921.8862928348909,0.0,0.0,1.4275700934579438,0.6627725856697819,0.764797507788162,0.0,0.9750778816199377
930,2075.7317629179333,3.781686930091185,3.5174772036474162,2.7249240121580547,1.5623100303951367,0.6231003039513677,925.8579027355623,0.0,0.0,2.309270516717325,1.0737082066869301,1.2355623100303952,0.0,0.918693009118541
931,2058.5057162071284,5.026684599865502,2.624075319435104,2.7202420981842637,1.9562878278412912,0.5164761264290518,909.5796906523201,0.0,0.0,2.0484196368527234,0.9710827168796234,1.0773369199731002,0.0,0.9388029589778076
932,2075.5969428801286,3.1581255028157686,3.2920353982300883,2.3990345937248594,1.5301689460981496,0.5269509251810137,932.8817377312953,0.0,0.0,2.4569589702333063,1.1391794046661303,1.3177795655671762,0.0,0.9678197908286403
933,2086.0302795031057,3.89805900621118,3.654503105590062,2.8299689440993787,1.454192546583851,0.6366459627329193,921.8889751552795,0.0,0.0,2.4107142857142856,1.2422360248447204,1.1684782608695652,0.0,0.9254658385093167
934,2058.305685618729,4.586903010033445,2.736454849498328,2.8615384615384616,1.8093645484949832,0.5297658862876254,924.828762541806,0.0,0.0,1.5103678929765887,0.7545150501672241,0.7558528428093646,0.0,0.9391304347826087
935,2080.3993902439024,2.1503963414634146,2.877286585365854,2.5716463414634148,1.642530487804878,0.5198170731707317,897.9420731707318,0.0,0.0,2.277439024390244,1.048780487804878,1.228658536585366,0.0,0.9786585365853658
936,2075.9707769066285,4.343749109052031,3.1461154668567355,2.7726300784034215,1.4454739843193158,0.5901639344262295,932.9893086243763,0.0,0.0,2.630791161796151,1.2765502494654313,1.35424091233072,0.0,0.9059158945117605
937,2049.7243172951885,7.1958517555266575,2.843302990897269,2.6996098829648894,2.0078023407022108,0.5019505851755527,924.533810143043,0.0,0.0,1.975292587776333,0.9330299089726918,1.042262678803641,0.0,0.9135240572171651
938,2074.9787077826727,2.461776798825257,2.7936857562408224,2.5102790014684286,1.6622613803230544,0.47283406754772395,946.3039647577092,0.0,0.0,1.6431718061674008,0.7393538913362702,0.9038179148311307,0.0,0.9720998531571219
939,2060.671161048689,5.0319550561797755,3.6052434456928837,2.5445692883895132,1.4584269662921348,0.6112359550561798,952.1947565543071,0.0,0.0,2.597003745318352,1.2606741573033708,1.3363295880149813,0.0,0.8913857677902621
940,2060.2428662016487,4.2761255548509824,2.516169942929613,2.651870640456563,2.1477488902980344,0.4724159797083069,914.0285351934052,0.0,0.0,1.9353202282815472,0.9467343056436271,0.9885859226379201,0.0,0.948002536461636
941,2098.9268656716417,0.9366940298507463,2.9470149253731344,2.3865671641791044,1.6701492537313434,0.49776119402985075,929.439552238806,0.0,0.0,2.4298507462686567,1.1738805970149253,1.2559701492537314,0.0,0.9813432835820896
942,2066.197891321979,4.7469018653690185,3.6350364963503647,2.588807785888078,1.5482562854825628,0.643146796431468,931.1257096512571,0.0,0.0,2.94647201946472,1.3568532035685321,1.5896188158961881,0.0,0.9083536090835361
943,2057.4,3.868020408163265,2.8551020408163263,2.886394557823129,1.8421768707482993,0.5095238095238095,927.6775510204081,0.0,0.0,2.113605442176871,1.0816326530612246,1.0319727891156463,0.0,0.9414965986394558
944,2079.921584478577,1.7386742118027485,3.122069523039612,2.556992724333064,1.5012126111560227,0.5448666127728375,949.2409054163298,0.0,0.0,2.6806790622473726,1.1915925626515764,1.4890864995957962,0.0,0.9773645917542442
945,2053.3067164179106,5.539649253731343,3.3417910447761194,2.669402985074627,1.412686567164179,0.6067164179104477,918.315671641791,0.0,0.0,3.801492537313433,1.7149253731343284,2.0865671641791046,0.0,0.9074626865671642
946,2057.808368708308,4.851097634930261,2.5245603395997573,2.7986658580958155,1.9066100667070953,0.48271679805942996,935.3826561552456,0.0,0.0,2.646452395391146,1.2898726500909643,1.356579745300182,0.0,0.9211643420254699
947,2066.411309062742,2.9814794732765297,3.3872966692486446,2.2773044151820296,1.6103795507358636,0.5104570100697134,935.8342370255616,0.0,0.0,3.4895429899302868,1.6173508907823393,1.8721920991479473,0.0,0.9635941130906274
948,2062.740905716407,5.944832962138085,3.261321455085375,2.705270972531552,1.5916852264291017,0.6080178173719376,930.5159613956941,0.0,0.0,3.0089086859688194,1.3132887899034893,1.6956198960653304,0.0,0.894580549368968
949,2043.4627450980392,5.690614379084967,2.7437908496732026,2.64640522875817,1.9862745098039216,0.4993464052287582,901.8398692810457,0.0,0.0,1.930718954248366,0.9895424836601308,0.9411764705882353,0.0,0.934640522875817
950,2072.9555393586006,2.3451822157434403,2.848396501457726,2.3746355685131197,1.7733236151603498,0.4803206997084548,904.6180758017492,0.0,0.0,2.1508746355685133,1.030612244897959,1.120262390670554,0.0,0.9730320699708455
951,2063.7344720496894,4.6300232919254665,3.6110248447204967,2.6661490683229814,1.3555900621118013,0.6187888198757764,913.1040372670808,0.0,0.0,2.5411490683229814,1.1917701863354038,1.3493788819875776,0.0,0.9177018633540373
952,2026.966573816156,7.829888579387186,2.6385793871866294,2.706824512534819,1.91016713091922,0.5027855153203342,894.6427576601671,0.0,0.0,2.0584958217270195,1.0027855153203342,1.0557103064066853,0.0,0.9310584958217271
953,2083.5443234836703,0.6139813374805598,2.9968895800933124,2.5396578538102643,1.5762052877138413,0.5116640746500778,910.2387247278383,0.0,0.0,1.9688958009331259,0.8755832037325039,1.0933125972006221,0.0,0.9852255054432348
954,2053.2360300250207,3.4521267723102587,3.701417848206839,2.7756463719766473,1.4428690575479566,0.6755629691409508,909.6180150125105,0.0,0.0,1.6930775646371976,0.79232693911593,0.9007506255212677,0.0,0.926605504587156
955,2049.4522875816992,4.636143790849673,2.5973856209150328,2.8052287581699344,1.8908496732026143,0.477124183006536,904.6901960784314,0.0,0.0,1.6163398692810458,0.7777777777777778,0.838562091503268,0.0,0.9431372549019608
956,2079.6091370558374,1.871145757795504,2.9651921682378535,2.5699782451051485,1.5678027556200145,0.4938361131254532,913.8245105148659,0.0,0.0,2.314720812182741,1.1399564902102972,1.1747643219724437,0.0,0.971718636693256
957,2054.56404494382,4.81178277153558,3.635205992509363,2.5632958801498127,1.5288389513108613,0.6164794007490637,918.740074906367,0.0,0.0,2.6307116104868915,1.2164794007490636,1.4142322097378277,0.0,0.8891385767790262
958,2043.9257555847569,5.158896189224705,2.442181340341656,2.8035479632063076,2.1038107752956634,0.48226018396846254,908.5611038107753,0.0,0.0,1.3968462549277267,0.6655716162943496,0.7312746386333772,0.0,0.9474375821287779
959,2072.7985948477753,1.857111631537861,3.0936768149882905,2.3138173302107727,1.6963309914129587,0.5042935206869633,938.3583138173302,0.0,0.0,2.1826697892271665,0.9149102263856362,1.2677595628415301,0.0,0.9734582357533177
960,2063.1861969805896,3.677289719626168,3.317038102084831,2.6046010064701655,1.5212077641984183,0.5830337886412653,913.0143781452192,0.0,0.0,2.398274622573688,1.1531272465851905,1.2451473759884975,0.0,0.9230769230769231
961,2045.7720779220779,4.199493506493507,2.527922077922078,2.5675324675324673,1.9006493506493507,0.5012987012987012,935.2233766233767,0.0,0.0,1.6850649350649352,0.8175324675324676,0.8675324675324675,0.0,0.9448051948051948
962,2064.330122591944,1.7808056042031521,3.542907180385289,2.331873905429072,1.5166374781085814,0.5849387040280211,927.0,0.0,0.0,1.7679509632224168,0.8467600700525394,0.9211908931698775,0.0,0.9754816112084063
963,2052.4718146718146,3.5015366795366796,3.599227799227799,2.741312741312741,1.4957528957528958,0.616988416988417,900.3915057915058,0.0,0.0,1.8208494208494208,0.850965250965251,0.9698841698841699,0.0,0.9312741312741313
964,2043.6894626657363,3.917438939288207,2.634333565945569,2.9134682484298673,1.8136775994417307,0.5017445917655269,918.0383810188416,0.0,0.0,1.5129099790648988,0.771109560362875,0.7418004187020237,0.0,0.9560362875087229
965,2065.5439688715956,1.307284046692607,2.8801556420233463,2.435019455252918,1.6428015564202334,0.49494163424124515,879.3011673151751,0.0,0.0,2.258365758754864,1.0622568093385214,1.1961089494163424,0.0,0.9828793774319066
966,2057.4477401129943,2.9651341807909604,3.0769774011299433,2.7980225988700567,1.4456214689265536,0.5741525423728814,919.0896892655368,0.0,0.0,2.727401129943503,1.301553672316384,1.4258474576271187,0.0,0.9166666666666666
967,2046.5404699738904,5.0236227154047,2.799608355091384,2.6742819843342036,1.9928198433420365,0.5019582245430809,920.1462140992168,0.0,0.0,3.2278067885117494,1.6409921671018277,1.5868146214099217,0.0,0.9340731070496083
968,2054.71953125,2.2347734375000003,2.83125,2.521875,1.68125,0.50859375,895.00390625,0.0,0.0,1.70390625,0.71953125,0.984375,0.0,0.96640625
969,2064.2562929061787,4.343432494279176,3.559115179252479,2.570556826849733,1.4736842105263157,0.6285278413424866,921.2799389778795,0.0,0.0,3.044241037376049,1.4073226544622426,1.6369183829138063,0.0,0.9107551487414187
970,2050.7731893265563,4.1574396442185515,2.5038119440914866,2.653748411689962,2.161372299872935,0.4644218551461245,914.361499364676,0.0,0.0,1.923125794155019,1.0044472681067345,0.9186785260482846,0.0,0.9485387547649301
971,2096.672452830189,1.0967169811320756,2.9169811320754717,2.207547169811321,1.6739622641509433,0.5018867924528302,919.28,0.0,0.0,2.6241509433962262,1.2513207547169811,1.3728301886792453,0.0,0.9833962264150944
972,2051.771958098308,4.7074053182917,3.3682514101531025,2.4794520547945207,1.5342465753424657,0.6357775987107172,907.4375503626108,0.0,0.0,2.3513295729250605,1.11361804995971,1.2377115229653506,0.0,0.8863819500402901
973,2048.2018408941485,5.961413543721235,2.7435897435897436,2.8349769888231426,1.782380013149244,0.5134779750164365,902.380013149244,0.0,0.0,2.5042735042735043,1.2682445759368837,1.2360289283366206,0.0,0.9329388560157791
974,2081.3833736884585,1.2432203389830507,3.0137207425343018,2.324455205811138,1.5359160613397902,0.5125100887812752,900.226795803067,0.0,0.0,2.073446327683616,1.062953995157385,1.010492332526231,0.0,0.9806295399515739
975,2058.953616352201,5.250935534591195,3.407232704402516,2.6682389937106916,1.4323899371069182,0.6438679245283019,875.2657232704403,0.0,0.0,2.6627358490566038,1.259433962264151,1.403301886792453,0.0,0.9056603773584906
976,2056.4093919325705,6.1246538229981935,2.5213726670680314,2.77844671884407,1.9289584587597832,0.48464780252859724,883.0042143287177,0.0,0.0,2.358819987959061,1.1842263696568331,1.1745936183022276,0.0,0.9187236604455148
977,2075.1771771771773,3.0298873873873875,3.250750750750751,2.2394894894894897,1.6839339339339339,0.5112612612612613,892.8791291291292,0.0,0.0,2.84009009009009,1.3663663663663663,1.4737237237237237,0.0,0.9692192192192193
978,2054.8027357811375,4.934895608351332,3.0518358531317493,2.6421886249100073,1.580273578113751,0.5809935205183585,900.4722822174226,0.0,0.0,2.23398128149748,1.1497480201583874,1.0842332613390928,0.0,0.9035277177825773
979,2031.8309677419354,6.5606322580645156,2.6793548387096773,2.561935483870968,1.9458064516129032,0.48258064516129034,893.6890322580646,0.0,0.0,1.7335483870967743,0.9077419354838709,0.8258064516129032,0.0,0.932258064516129
980,2077.0353383458646,1.139345864661654,2.906766917293233,2.2902255639097744,1.7609022556390976,0.47593984962406016,874.4263157894737,0.0,0.0,1.9300751879699247,0.9142857142857143,1.0157894736842106,0.0,0.9789473684210527
981,2054.6786570743407,4.862166266986411,3.4972022382094323,2.776978417266187,1.4012789768185452,0.645083932853717,884.8553157474021,0.0,0.0,2.085531574740208,1.0007993605115908,1.084732214228617,0.0,0.9088729016786571
982,2030.520986009327,7.669846768820786,2.5949367088607596,2.5816122584943373,1.8634243837441706,0.5289806795469687,888.1645569620254,0.0,0.0,2.0146568954030646,1.045303131245836,0.9693537641572285,0.0,0.9147235176548968
983,2117.3835068054445,0.138630904723779,3.0504403522818255,2.713370696557246,1.566853482786229,0.4923939151321057,874.3122497998398,0.0,0.0,3.411529223378703,1.534027221777422,1.8775020016012811,0.0,0.9871897518014412
984,2066.127694859038,4.4814427860696515,3.543117744610282,2.6616915422885574,1.449419568822554,0.6733001658374793,881.4651741293533,0.0,0.0,1.8996683250414594,0.8781094527363185,1.021558872305141,0.0,0.9129353233830846
985,2052.480614973262,5.212025401069519,2.639705882352941,2.8843582887700534,1.911096256684492,0.5140374331550802,866.8088235294117,0.0,0.0,2.307486631016043,1.197192513368984,1.1102941176470589,0.0,0.9351604278074866
986,2093.2083936324166,0.5004196816208394,2.9088277858176554,2.65123010130246,1.5665701881331404,0.4761215629522431,891.4204052098409,0.0,0.0,2.633140376266281,1.2879884225759768,1.3451519536903038,0.0,0.984081041968162
987,2062.0098113207546,5.724143396226415,3.442264150943396,2.4769811320754718,1.560754716981132,0.6030188679245283,876.0603773584905,0.0,0.0,2.946415094339623,1.3441509433962264,1.6022641509433961,0.0,0.8822641509433963
988,2048.8377525252527,4.766319444444445,2.374368686868687,2.7297979797979797,2.0599747474747474,0.4640151515151515,885.0410353535353,0.0,0.0,1.485479797979798,0.7708333333333334,0.7146464646464646,0.0,0.9450757575757576
989,2100.3187066974597,3.179199384141647,3.096227867590454,2.306389530408006,1.697459584295612,0.5219399538106235,908.4618937644342,0.0,0.0,2.8060046189376444,1.308698999230177,1.4973056197074672,0.0,0.9692070823710547
990,2073.146412884334,5.508111273792093,3.285505124450952,2.588579795021962,1.5673499267935578,0.5915080527086384,872.9055636896047,0.0,0.0,2.5175695461200585,1.2152269399707174,1.302342606149341,0.0,0.9070278184480234
991,2049.150314465409,4.760075471698113,2.4861635220125784,2.5540880503144656,1.8654088050314466,0.5044025157232704,907.9283018867925,0.0,0.0,1.6345911949685534,0.8389937106918239,0.7955974842767296,0.0,0.9333333333333333
992,2081.081517352704,1.924963680387409,3.25181598062954,2.401129943502825,1.4656981436642453,0.5270379338175948,874.7029862792575,0.0,0.0,2.112187247780468,0.9402744148506861,1.171912832929782,0.0,0.9733656174334141
993,2078.4605873261207,3.2095285935085007,3.5765069551777433,2.69629057187017,1.4173106646058733,0.6282843894899537,880.4234930448223,0.0,0.0,2.9598145285935087,1.3987635239567233,1.5610510046367851,0.0,0.9273570324574961
994,2047.9290144727775,5.419662301860786,2.777394900068918,2.9696760854583046,1.844934527911785,0.5465196416264645,907.8855961405927,0.0,0.0,1.4693314955203307,0.7215713301171606,0.7477601654031703,0.0,0.9372846312887664
995,2083.361977186312,0.5171787072243347,2.79467680608365,2.5604562737642587,1.7041825095057035,0.5011406844106464,905.4403041825095,0.0,0.0,1.8167300380228137,0.9110266159695818,0.905703422053232,0.0,0.9878326996197718
996,2075.6360946745563,5.401605029585799,3.1642011834319526,2.8735207100591715,1.5022189349112427,0.5894970414201184,907.8505917159763,0.0,0.0,2.5281065088757395,1.267751479289941,1.2603550295857988,0.0,0.9001479289940828
997,2040.0067385444745,8.505,2.91644204851752,2.8221024258760106,2.0640161725067387,0.5,902.0067385444744,0.0,0.0,1.9218328840970351,0.9845013477088949,0.9373315363881402,0.0,0.9184636118598383
998,2087.579971181556,2.1561095100864556,2.6685878962536025,2.5353025936599423,1.706772334293948,0.4812680115273775,916.7038904899135,0.0,0.0,1.692363112391931,0.7038904899135446,0.9884726224783862,0.0,0.9769452449567724
999,2069.502358490566,5.532429245283019,3.542452830188679,2.610062893081761,1.494496855345912,0.6485849056603774,875.7861635220125,0.0,0.0,1.8781446540880504,0.8844339622641509,0.9937106918238994,0.0,0.8946540880503144
1000,2072.099486521181,3.895513478818999,2.4762516046213094,2.6989730423620024,2.1527599486521183,0.46277278562259305,862.8735558408216,0.0,0.0,1.9056482670089858,0.9929396662387676,0.9127086007702182,0.0,0.9576379974326059
