generation,lifetime,energy_at_death,food_low,food_medium,food_prestige,food_default,cells_visited,predator_touches,drained_ticks,cave_entries,cave_entries_day,cave_entries_night,frac_death_drained,frac_death_starved
1,2096.417910447761,-1.1784328358208955,4.335820895522388,0.6716417910447762,0.007462686567164179,1.9328358208955223,557.6940298507462,0.0,0.0,0.029850746268656716,0.007462686567164179,0.022388059701492536,0.0,1.0
2,1973.7606837606838,-1.093846153846154,3.5641025641025643,0.24786324786324787,0.0,1.2991452991452992,518.965811965812,0.0,0.0,0.0,0.0,0.0,0.0,1.0
3,2019.2307692307693,-1.1326153846153846,2.8692307692307693,0.6,0.023076923076923078,1.7384615384615385,542.5846153846154,0.0,0.0,0.1,0.046153846153846156,0.05384615384615385,0.0,1.0
4,2084.655172413793,-1.0240229885057472,4.241379310344827,1.3793103448275863,0.1724137931034483,1.6206896551724137,611.0574712643678,0.0,0.0,0.22413793103448276,0.14942528735632185,0.07471264367816093,0.0,1.0
5,1993.611111111111,-1.01625,4.027777777777778,0.7013888888888888,0.18055555555555555,1.1527777777777777,594.0208333333334,0.0,0.0,0.041666666666666664,0.006944444444444444,0.034722222222222224,0.0,1.0
6,2026.4052287581699,-0.8778431372549019,2.915032679738562,1.065359477124183,0.3464052287581699,1.1045751633986929,643.3725490196078,0.0,0.0,0.45098039215686275,0.28104575163398693,0.16993464052287582,0.0,1.0
7,2078.4814814814813,-0.8712592592592593,2.8444444444444446,1.762962962962963,0.8814814814814815,1.0222222222222221,711.5148148148148,0.0,0.0,0.4740740740740741,0.24074074074074073,0.23333333333333334,0.0,1.0
8,2012.3076923076924,-0.8883333333333334,2.3461538461538463,1.1666666666666667,0.46153846153846156,0.9102564102564102,688.2115384615385,0.0,0.0,0.8397435897435898,0.28205128205128205,0.5576923076923077,0.0,1.0
9,2021.4806629834254,0.8676795580110498,2.2099447513812156,1.2209944751381216,0.5469613259668509,1.132596685082873,709.3701657458563,0.0,0.0,0.3314917127071823,0.17679558011049723,0.15469613259668508,0.0,0.9834254143646409
10,2074.3382352941176,-0.9321323529411765,2.0808823529411766,1.6654411764705883,1.0220588235294117,0.9044117647058824,726.875,0.0,0.0,0.3639705882352941,0.1875,0.17647058823529413,0.0,1.0
11,1994.5578231292518,-0.886734693877551,3.503401360544218,0.9047619047619048,0.19727891156462585,0.782312925170068,712.6122448979592,0.0,0.0,0.40816326530612246,0.16326530612244897,0.24489795918367346,0.0,1.0
12,2044.6875,-0.9623125,2.43125,1.11875,0.6625,0.95625,729.2875,0.0,0.0,0.60625,0.26875,0.3375,0.0,1.0
13,2071.2406015037595,-0.7967293233082707,2.2669172932330826,1.9887218045112782,0.8421052631578947,0.9661654135338346,734.0075187969925,0.0,0.0,0.5037593984962406,0.2932330827067669,0.21052631578947367,0.0,1.0
14,1997.5,-0.8221951219512196,2.8658536585365852,1.0853658536585367,0.2926829268292683,0.7073170731707317,707.7682926829268,0.0,0.0,0.15853658536585366,0.08536585365853659,0.07317073170731707,0.0,1.0
15,2038.2010582010582,-0.9091534391534393,2.6825396825396823,1.1322751322751323,0.6666666666666666,0.8835978835978836,720.1428571428571,0.0,0.0,0.24867724867724866,0.12169312169312169,0.12698412698412698,0.0,1.0
16,2076.0377358490564,-0.7990566037735849,2.6490566037735848,1.4566037735849056,0.9962264150943396,0.8490566037735849,741.3056603773584,0.0,0.0,0.7056603773584905,0.4075471698113208,0.2981132075471698,0.0,1.0
17,2007.5263157894738,-0.7595263157894737,3.331578947368421,1.5052631578947369,0.45789473684210524,0.6263157894736842,714.1368421052632,0.0,0.0,0.7368421052631579,0.3894736842105263,0.3473684210526316,0.0,1.0
18,2034.4155844155844,-0.963051948051948,2.5194805194805197,1.2662337662337662,0.4155844155844156,1.0974025974025974,718.5909090909091,0.0,0.0,0.34415584415584416,0.16883116883116883,0.17532467532467533,0.0,1.0
19,2060.1312335958005,-0.7990813648293963,2.5695538057742784,2.1942257217847767,0.89501312335958,0.800524934383202,742.9343832020998,0.0,0.0,0.3674540682414698,0.2073490813648294,0.16010498687664043,0.0,1.0
20,2011.953488372093,-0.8348837209302326,2.6372093023255814,1.0046511627906978,0.7953488372093023,0.9302325581395349,732.5953488372093,0.0,0.0,0.6139534883720931,0.3627906976744186,0.25116279069767444,0.0,1.0
21,2030.5847953216373,-0.9477192982456141,3.111111111111111,1.1169590643274854,0.3333333333333333,1.1345029239766082,711.1637426900585,0.0,0.0,0.45614035087719296,0.26900584795321636,0.1871345029239766,0.0,1.0
22,2074.814814814815,-0.8639730639730641,3.0875420875420874,1.8451178451178452,0.936026936026936,0.9764309764309764,744.1851851851852,0.0,0.0,0.6565656565656566,0.35353535353535354,0.30303030303030304,0.0,1.0
23,2017.8341013824884,-0.7801382488479263,3.7557603686635943,1.5391705069124424,0.5483870967741935,1.0184331797235022,739.8571428571429,0.0,0.0,0.45622119815668205,0.1382488479262673,0.31797235023041476,0.0,1.0
24,2039.9151785714287,-0.30580357142857145,3.0892857142857144,1.7276785714285714,0.6071428571428571,1.1160714285714286,769.6116071428571,0.0,0.0,0.42857142857142855,0.14732142857142858,0.28125,0.0,0.9910714285714286
25,2078.2697201017813,-0.7719847328244275,2.954198473282443,2.2595419847328246,1.1272264631043256,0.7913486005089059,782.4885496183206,0.0,0.0,0.539440203562341,0.26717557251908397,0.272264631043257,0.0,1.0
26,2025.121951219512,-0.7493658536585366,3.3365853658536584,1.1853658536585365,0.6439024390243903,0.6731707317073171,773.3707317073171,0.0,0.0,1.175609756097561,0.6195121951219512,0.5560975609756098,0.0,1.0
27,2040.4056224899598,-0.533574297188755,3.104417670682731,1.4216867469879517,0.7710843373493976,1.0602409638554218,771.5220883534137,0.0,0.0,0.8192771084337349,0.41767068273092367,0.40160642570281124,0.0,0.9959839357429718
28,2066.0045662100456,-0.8021917808219179,2.5707762557077625,2.317351598173516,1.178082191780822,0.8310502283105022,773.675799086758,0.0,0.0,0.6232876712328768,0.3447488584474886,0.2785388127853881,0.0,1.0
29,2019.623430962343,-0.7940585774058577,3.4728033472803346,1.9121338912133892,0.4225941422594142,0.9288702928870293,739.6861924686192,0.0,0.0,0.7740585774058577,0.33472803347280333,0.4393305439330544,0.0,1.0
30,2036.888429752066,-0.7785123966942149,3.5,1.2479338842975207,0.6570247933884298,1.28099173553719,757.6239669421487,0.0,0.0,0.8966942148760331,0.4628099173553719,0.43388429752066116,0.0,0.9958677685950413
31,2067.9669811320755,-0.7391037735849056,3.1957547169811322,2.3537735849056602,0.9080188679245284,0.9716981132075472,787.1768867924528,0.0,0.0,0.6533018867924528,0.31839622641509435,0.33490566037735847,0.0,0.9952830188679245
32,2026.3799283154121,-0.7812903225806451,3.6881720430107525,1.5053763440860215,0.6666666666666666,0.9032258064516129,766.910394265233,0.0,0.0,0.8494623655913979,0.46236559139784944,0.3870967741935484,0.0,1.0
33,2038.4285714285713,0.6462040816326531,3.057142857142857,1.9061224489795918,0.7020408163265306,1.1510204081632653,787.4530612244898,0.0,0.0,0.9387755102040817,0.4857142857142857,0.4530612244897959,0.0,0.9836734693877551
34,2058.045569620253,0.4670886075949367,3.1443037974683543,1.9316455696202532,1.0886075949367089,0.8860759493670886,789.9696202531645,0.0,0.0,0.7670886075949367,0.43291139240506327,0.3341772151898734,0.0,0.9898734177215189
35,2027.992700729927,-0.7297810218978102,3.627737226277372,1.9416058394160585,0.6204379562043796,0.7445255474452555,759.051094890511,0.0,0.0,0.8759124087591241,0.30656934306569344,0.5693430656934306,0.0,1.0
36,2047.9891696750904,-0.8482310469314079,3.267148014440433,1.6570397111913358,0.7653429602888087,0.9169675090252708,790.0649819494585,0.0,0.0,1.6317689530685922,0.8736462093862816,0.7581227436823105,0.0,0.9927797833935018
37,2070.902807775378,-0.7419438444924406,2.874730021598272,2.384449244060475,1.08207343412527,0.8596112311015118,783.6781857451404,0.0,0.0,1.0475161987041037,0.5161987041036717,0.531317494600432,0.0,0.9978401727861771
38,2022.9450549450548,-0.23549450549450546,3.230769230769231,2.304029304029304,0.4835164835164835,0.9926739926739927,757.8095238095239,0.0,0.0,1.1904761904761905,0.5934065934065934,0.5970695970695971,0.0,0.989010989010989
39,2039.7490347490348,-0.22270270270270268,3.2548262548262548,1.7142857142857142,0.694980694980695,1.0888030888030888,758.9382239382239,0.0,0.0,1.0193050193050193,0.5019305019305019,0.5173745173745173,0.0,0.9884169884169884
40,2068.18401937046,-0.8114285714285714,2.6440677966101696,2.2929782082324457,1.0799031476997578,0.9394673123486683,767.7675544794189,0.0,0.0,0.9564164648910412,0.45036319612590797,0.5060532687651331,0.0,1.0
41,2016.915254237288,0.2566101694915253,4.033898305084746,1.9152542372881356,0.5186440677966102,0.9152542372881356,725.522033898305,0.0,0.0,0.7830508474576271,0.34915254237288135,0.43389830508474575,0.0,0.9932203389830508
42,2055.8725761772853,-0.8203324099722992,3.085872576177285,1.9085872576177285,0.9418282548476454,1.0692520775623269,784.4626038781164,0.0,0.0,1.2770083102493075,0.46814404432132967,0.8088642659279779,0.0,1.0
43,2066.4323483670296,-0.7047744945567652,2.7993779160186625,2.4976671850699845,1.2737169517884914,0.7511664074650077,799.8786936236392,0.0,0.0,0.926905132192846,0.47433903576982894,0.4525660964230171,0.0,0.9984447900466563
44,2026.7264150943397,-0.07534591194968548,4.062893081761007,1.5377358490566038,0.7735849056603774,0.9559748427672956,742.5534591194969,0.0,0.0,0.6666666666666666,0.33962264150943394,0.3270440251572327,0.0,0.9937106918238994
45,2045.3493670886076,-0.6892405063291139,3.1569620253164556,2.116455696202532,0.979746835443038,0.8227848101265823,780.9113924050633,0.0,0.0,0.7772151898734178,0.39746835443037976,0.379746835443038,0.0,0.9974683544303797
46,2059.095238095238,0.8270238095238095,3.0972222222222223,2.3531746031746033,1.0178571428571428,0.8571428571428571,768.8630952380952,0.0,0.0,1.2876984126984128,0.7103174603174603,0.5773809523809523,0.0,0.9900793650793651
47,2039.578804347826,-0.44864130434782606,3.8777173913043477,2.1847826086956523,0.5842391304347826,0.9239130434782609,751.4510869565217,0.0,0.0,1.3233695652173914,0.6331521739130435,0.6902173913043478,0.0,0.9972826086956522
48,2051.062801932367,-0.8422946859903381,2.577294685990338,2.5845410628019323,0.9154589371980676,0.9154589371980676,796.171497584541,0.0,0.0,1.2004830917874396,0.6666666666666666,0.533816425120773,0.0,1.0
49,2059.9985358711565,-0.7337774524158126,2.6354319180087846,2.505124450951684,1.3411420204978037,0.7071742313323572,791.882869692533,0.0,0.0,0.5124450951683748,0.24743777452415813,0.26500732064421667,0.0,0.9985358711566618
50,2039.1062670299727,-0.8146049046321525,3.637602179836512,1.9237057220708447,0.8637602179836512,0.9645776566757494,766.3514986376022,0.0,0.0,1.5040871934604905,0.7983651226158038,0.7057220708446866,0.0,0.997275204359673
51,2046.537757437071,-0.1749885583524027,3.267734553775744,2.0297482837528604,0.931350114416476,1.036613272311213,801.8970251716247,0.0,0.0,0.9221967963386728,0.4233409610983982,0.4988558352402746,0.0,0.988558352402746
52,2065.701871657754,-0.5517914438502673,2.751336898395722,2.1697860962566846,1.4799465240641712,0.7032085561497327,827.6377005347593,0.0,0.0,1.2647058823529411,0.6577540106951871,0.606951871657754,0.0,0.9946524064171123
53,2028.6376021798364,-0.1891553133514986,3.9400544959128063,2.008174386920981,0.6975476839237057,0.9754768392370572,772.7302452316077,0.0,0.0,0.9536784741144414,0.49318801089918257,0.4604904632152589,0.0,0.997275204359673
54,2026.8114558472553,2.693961813842482,3.60381861575179,1.9403341288782816,0.9498806682577565,1.1384248210023866,800.3508353221957,0.0,0.0,1.0644391408114557,0.5751789976133651,0.4892601431980907,0.0,0.9498806682577565
55,2060.248447204969,-0.7331428571428571,2.813664596273292,2.5118012422360247,1.3565217391304347,0.6608695652173913,830.8770186335404,0.0,0.0,0.8248447204968944,0.42111801242236024,0.40372670807453415,0.0,0.9987577639751553
56,2041.7227272727273,0.15370454545454545,3.772727272727273,1.893181818181818,0.8545454545454545,0.825,807.8704545454545,0.0,0.0,1.2340909090909091,0.7045454545454546,0.5295454545454545,0.0,0.9931818181818182
57,2053.1975560081464,-0.8114460285132383,3.590631364562118,1.9572301425661915,1.0692464358452138,0.8309572301425662,833.6171079429736,0.0,0.0,1.0509164969450102,0.5458248472505092,0.505091649694501,0.0,1.0
58,2058.667433831991,0.04690448791714615,2.182968929804373,2.372842347525892,1.6317606444188724,0.6052934407364787,855.884925201381,0.0,0.0,1.2232451093210588,0.6432681242807825,0.5799769850402762,0.0,0.9873417721518988
59,2032.7365853658537,-0.4746829268292683,3.5634146341463415,2.1341463414634148,0.9024390243902439,0.9463414634146341,840.719512195122,0.0,0.0,0.7951219512195122,0.44390243902439025,0.35121951219512193,0.0,0.9902439024390244
60,2042.7704347826086,0.991304347826087,2.747826086956522,2.3773913043478263,1.1147826086956523,0.8695652173913043,817.7582608695652,0.0,0.0,1.1756521739130434,0.5895652173913043,0.5860869565217391,0.0,0.9634782608695652
61,2064.8965034965036,0.032909090909090874,2.839160839160839,2.1916083916083915,1.3986013986013985,0.7734265734265734,807.6265734265734,0.0,0.0,1.2027972027972027,0.5468531468531469,0.6559440559440559,0.0,0.9916083916083916
62,2037.092885375494,0.5835573122529645,3.7964426877470356,1.8221343873517786,1.0355731225296443,0.9446640316205533,797.9505928853755,0.0,0.0,1.4960474308300395,0.6976284584980237,0.7984189723320159,0.0,0.9822134387351779
63,2056.029106029106,-0.16503118503118502,2.9771309771309773,2.2827442827442828,1.0353430353430353,0.9604989604989606,833.4345114345115,0.0,0.0,1.155925155925156,0.5467775467775468,0.6091476091476091,0.0,0.9875259875259875
64,2060.802646085998,-0.32362734288864387,2.5821389195148843,2.0771775082690187,1.7574421168687981,0.6030871003307607,869.670341786108,0.0,0.0,1.1102535832414553,0.5082690187431091,0.6019845644983461,0.0,0.9900771775082691
65,2039.7807807807808,0.8076276276276276,3.0825825825825826,2.0135135135135136,1.2267267267267268,0.8078078078078078,835.6336336336336,0.0,0.0,1.472972972972973,0.7312312312312312,0.7417417417417418,0.0,0.9834834834834835
66,2020.7709677419355,3.358709677419355,3.2887096774193547,2.3983870967741936,1.0096774193548388,0.9516129032258065,838.9887096774194,0.0,0.0,0.9564516129032258,0.47580645161290325,0.4806451612903226,0.0,0.9483870967741935
67,2063.13325608343,-0.05539976825028968,2.777520278099652,2.514484356894554,1.4298957126303593,0.6593279258400927,889.577056778679,0.0,0.0,0.9073001158748552,0.41251448435689453,0.4947856315179606,0.0,0.9895712630359212
68,2045.957928802589,0.19179611650485437,2.901294498381877,2.0841423948220066,1.2637540453074434,0.813915857605178,816.8559870550162,0.0,0.0,0.9320388349514563,0.4110032362459547,0.5210355987055016,0.0,0.988673139158576
69,2034.5896551724138,1.9079482758620687,2.8465517241379312,2.3741379310344826,1.1896551724137931,0.8810344827586207,846.1896551724138,0.0,0.0,1.0775862068965518,0.506896551724138,0.5706896551724138,0.0,0.9689655172413794
70,2073.015200868621,-0.00403908794788275,2.511400651465798,2.48642779587405,1.6959826275787189,0.6275787187839305,870.2953311617807,0.0,0.0,1.8469055374592833,0.8642779587404995,0.9826275787187839,0.0,0.991313789359392
71,2043.825925925926,0.2122592592592593,3.448148148148148,2.066666666666667,1.1611111111111112,0.8555555555555555,831.3444444444444,0.0,0.0,1.5351851851851852,0.7444444444444445,0.7907407407407407,0.0,0.987037037037037
72,2045.709003215434,0.5840514469453376,3.2041800643086815,2.2588424437299035,1.1382636655948553,0.7684887459807074,827.483922829582,0.0,0.0,1.4758842443729903,0.7315112540192926,0.7443729903536977,0.0,0.9839228295819936
73,2062.5621890547263,-0.3904179104477612,2.388059701492537,2.417910447761194,1.6855721393034826,0.5601990049751244,899.8199004975124,0.0,0.0,0.9761194029850746,0.4975124378109453,0.4786069651741294,0.0,0.9960199004975124
74,2053.1157742402315,-0.46733719247467437,3.780028943560058,1.7366136034732271,1.2821997105643994,0.7337192474674384,894.6628075253257,0.0,0.0,1.0130246020260492,0.4963820549927641,0.516642547033285,0.0,0.9913169319826338
75,2027.4005641748943,3.2890409026798304,3.291960507757405,2.167842031029619,1.303244005641749,0.8363892806770099,870.6488011283498,0.0,0.0,1.3215796897038081,0.6516220028208745,0.6699576868829337,0.0,0.9506346967559943
76,2068.5627906976742,-0.5149767441860466,2.601860465116279,2.349767441860465,1.5832558139534885,0.5488372093023256,910.9720930232559,0.0,0.0,1.6772093023255814,0.8911627906976745,0.786046511627907,0.0,0.9944186046511628
77,2053.8725099601593,-0.2291500664010624,3.3253652058432936,2.088977423638778,1.3120849933598937,0.7237715803452855,887.2908366533865,0.0,0.0,1.5112881806108898,0.7423638778220452,0.7689243027888446,0.0,0.9880478087649402
78,2023.8131370328426,4.066806342015855,2.5322763306908267,2.622876557191393,1.3714609286523216,0.7916194790486977,905.9026047565119,0.0,0.0,0.9139297848244621,0.44620611551528877,0.46772366930917325,0.0,0.9297848244620611
79,2052.576402321083,0.9742359767891683,2.3500967117988396,2.748549323017408,1.5251450676982592,0.6150870406189555,884.2446808510638,0.0,0.0,1.1044487427466152,0.5560928433268859,0.5483558994197292,0.0,0.9748549323017408
80,2043.4814814814815,0.5518007662835248,3.0651340996168583,1.9808429118773947,1.4240102171136655,0.7739463601532567,894.8607918263091,0.0,0.0,1.5747126436781609,0.7049808429118773,0.8697318007662835,0.0,0.9885057471264368
81,2011.7259507829979,6.901633109619687,2.8232662192393736,2.237136465324385,1.3568232662192394,0.7897091722595079,899.7371364653244,0.0,0.0,1.686800894854586,0.8736017897091722,0.8131991051454138,0.0,0.8959731543624161
82,2058.1685303514378,0.3715814696485623,2.3522364217252396,2.3394568690095845,1.766773162939297,0.536741214057508,903.6126198083067,0.0,0.0,1.1325878594249201,0.597444089456869,0.5351437699680511,0.0,0.9856230031948882
83,2064.8140350877193,0.23619883040935677,2.858479532163743,2.1099415204678365,1.5403508771929824,0.695906432748538,894.140350877193,0.0,0.0,2.0678362573099416,0.9625730994152046,1.105263157894737,0.0,0.9847953216374269
84,2016.7802083333333,6.5313125,3.073958333333333,2.048958333333333,1.43125,0.7875,880.0572916666666,0.0,0.0,1.709375,0.8333333333333334,0.8760416666666667,0.0,0.909375
85,2062.0435435435434,1.310548048048048,2.3145645645645647,2.5022522522522523,1.8408408408408408,0.5367867867867868,885.9557057057057,0.0,0.0,1.3033033033033032,0.6403903903903904,0.6629129129129129,0.0,0.9774774774774775
86,2053.670238095238,1.0099404761904762,3.4535714285714287,1.9690476190476192,1.394047619047619,0.6964285714285714,887.8,0.0,0.0,1.9619047619047618,0.9833333333333333,0.9785714285714285,0.0,0.9797619047619047
87,2032.0168918918919,5.347950450450451,3.355855855855856,2.2815315315315314,1.347972972972973,0.786036036036036,840.2691441441441,0.0,0.0,2.7927927927927927,1.4110360360360361,1.3817567567567568,0.0,0.9358108108108109
88,2052.528517110266,1.5276501901140684,2.049429657794677,2.5482889733840306,1.9376425855513308,0.5596958174904944,901.1095057034221,0.0,0.0,1.111787072243346,0.5832699619771863,0.5285171102661597,0.0,0.9673003802281369
89,2069.1452380952383,0.5690000000000001,3.1,2.092857142857143,1.3226190476190476,0.7095238095238096,893.7619047619048,0.0,0.0,2.211904761904762,1.0857142857142856,1.1261904761904762,0.0,0.9857142857142858
90,2043.3685863874346,4.077664921465969,2.6408376963350784,2.4774869109947644,1.455497382198953,0.7507853403141361,880.7979057591623,0.0,0.0,1.5832460732984293,0.7308900523560209,0.8523560209424084,0.0,0.9424083769633508
91,2053.8926905132193,1.729082426127527,2.213063763608087,2.482892690513219,1.771384136858476,0.5132192846034215,886.0863141524105,0.0,0.0,1.489891135303266,0.8087091757387247,0.6811819595645412,0.0,0.9696734059097978
92,2066.3949494949493,0.628949494949495,3.019191919191919,1.9090909090909092,1.5747474747474748,0.6222222222222222,930.9222222222222,0.0,0.0,2.021212121212121,1.0484848484848486,0.9727272727272728,0.0,0.9868686868686869
93,2033.8927444794954,7.1194952681388015,3.0126182965299684,2.6771819137749735,1.327024185068349,0.750788643533123,902.2849631966351,0.0,0.0,2.697160883280757,1.2712933753943219,1.4258675078864353,0.0,0.9085173501577287
94,2064.507342143906,0.868531571218796,2.3223201174743027,2.154185022026432,2.077826725403818,0.47283406754772395,920.9735682819384,0.0,0.0,1.4970631424375918,0.8083700440528634,0.6886930983847284,0.0,0.9831130690161527
95,2074.863409770688,0.5362711864406778,2.996011964107677,2.1166500498504486,1.498504486540379,0.6360917248255235,936.0528414755732,0.0,0.0,2.9082751744765702,1.3619142572283152,1.5463609172482553,0.0,0.9810568295114656
96,2034.48033126294,6.804151138716357,3.3633540372670807,2.351966873706004,1.3229813664596273,0.7567287784679089,929.8664596273292,0.0,0.0,2.531055900621118,1.1469979296066253,1.3840579710144927,0.0,0.9006211180124224
97,2067.29061784897,0.7902212051868802,2.3943554538520213,2.513348588863463,1.8939740655987796,0.494279176201373,924.6376811594203,0.0,0.0,1.3119755911517925,0.6613272311212814,0.6506483600305111,0.0,0.984744469870328
98,2070.765917602996,0.35051498127340824,2.769662921348315,2.099250936329588,1.696629213483146,0.5945692883895131,944.7368913857678,0.0,0.0,1.701310861423221,0.8651685393258427,0.8361423220973783,0.0,0.9840823970037453
99,2029.5527589545015,6.23053242981607,3.067763794772507,2.418199419167473,1.4114230396902228,0.739593417231365,928.8151016456922,0.0,0.0,2.121974830590513,0.9980638915779284,1.1239109390125848,0.0,0.8993223620522749
100,2074.878010878011,-0.03981351981351984,2.334887334887335,2.7140637140637143,1.9961149961149962,0.4864024864024864,946.4382284382284,0.0,0.0,1.6161616161616161,0.7801087801087802,0.8360528360528361,0.0,0.9945609945609946
101,2076.552879581152,0.5681256544502619,3.067015706806283,2.054450261780105,1.4481675392670157,0.6345549738219896,930.9361256544503,0.0,0.0,1.8523560209424084,0.9235602094240838,0.9287958115183246,0.0,0.9790575916230366
102,2035.8351648351647,4.367655677655677,3.14010989010989,2.217948717948718,1.533882783882784,0.7307692307692307,951.3351648351648,0.0,0.0,1.6227106227106227,0.7335164835164835,0.8891941391941391,0.0,0.9184981684981685
103,2065.127691165553,1.581291759465479,2.1633259094283592,2.6399406087602078,1.9435783221974758,0.5196733481811433,923.9569413511507,0.0,0.0,1.752783964365256,0.9072011878247959,0.8455827765404603,0.0,0.9688195991091314
104,2066.365535248042,1.649355961705831,2.950391644908616,1.9129677980852915,1.6205395996518712,0.5317667536988686,943.1906005221932,0.0,0.0,2.0078328981723237,0.9686684073107049,1.0391644908616189,0.0,0.97911227154047
105,2047.8245462402765,4.583483146067416,2.8271391529818497,2.3820224719101124,1.5859982713915297,0.6560069144338807,902.5548833189283,0.0,0.0,2.2480553154710456,1.1235955056179776,1.1244598098530683,0.0,0.9144338807260155
106,2085.47932618683,0.4239509954058193,2.3889739663093414,2.578866768759571,1.784073506891271,0.5114854517611026,912.08269525268,0.0,0.0,2.065084226646248,1.060490045941807,1.004594180704441,0.0,0.9831546707503829
107,2092.1270566727603,0.26036563071297986,2.8711151736745886,2.335466179159049,1.512797074954296,0.5795246800731262,928.7733089579525,0.0,0.0,3.0594149908592323,1.4917733089579526,1.5676416819012797,0.0,0.9835466179159049
108,2050.480818414322,4.143810741687979,2.5387894288150044,2.526854219948849,1.5038363171355498,0.6555839727195226,920.4731457800511,0.0,0.0,2.4569479965899403,1.1585677749360614,1.298380221653879,0.0,0.9198635976129582
109,2073.431784107946,3.183223388305847,2.0877061469265366,2.842578710644678,1.778110944527736,0.5187406296851574,915.4107946026986,0.0,0.0,1.9400299850074962,0.9602698650674663,0.97976011994003,0.0,0.9632683658170914
110,2092.9589285714287,-0.14515178571428575,2.7482142857142855,2.0839285714285714,1.6383928571428572,0.5741071428571428,928.9482142857142,0.0,0.0,3.2607142857142857,1.6330357142857144,1.6276785714285715,0.0,0.9919642857142857
111,2047.187962962963,6.654194444444444,2.77037037037037,2.4833333333333334,1.4222222222222223,0.6972222222222222,930.8935185185185,0.0,0.0,1.9787037037037036,0.8712962962962963,1.1074074074074074,0.0,0.9046296296296297
112,2077.5592972181553,0.5664787701317715,2.2840409956076133,2.411420204978038,2.0732064421669105,0.4985358711566618,962.0395314787702,0.0,0.0,1.6120058565153734,0.8338213762811127,0.7781844802342606,0.0,0.9831625183016105
113,2093.2058570198105,1.212489233419466,2.5968992248062017,2.3359173126614987,1.6253229974160206,0.5340223944875108,943.4633936261844,0.0,0.0,2.0938845822566754,1.0775193798449612,1.016365202411714,0.0,0.9801894918173988
114,2031.726296958855,6.601601073345259,3.1475849731663685,2.261180679785331,1.5509838998211092,0.723613595706619,945.2003577817532,0.0,0.0,1.9293381037567083,0.9373881932021467,0.9919499105545617,0.0,0.9007155635062611
115,2078.079834824501,1.5348382656572608,2.3097040605643495,2.6345492085340676,1.9883000688231245,0.49002064693737096,922.410874053682,0.0,0.0,1.8651066758430832,0.905712319339298,0.9593943565037852,0.0,0.9717825189263593
116,2073.181992337165,0.998639846743295,3.2672413793103448,2.0296934865900385,1.5019157088122606,0.5823754789272031,941.4645593869732,0.0,0.0,2.1408045977011496,1.0124521072796935,1.128352490421456,0.0,0.9837164750957854
117,2047.180035650624,6.818475935828877,3.287878787878788,2.4376114081996434,1.4598930481283423,0.6978609625668449,952.1399286987522,0.0,0.0,2.0267379679144386,0.9679144385026738,1.0588235294117647,0.0,0.8966131907308378
118,2056.5160409556315,2.6644641638225255,1.978839590443686,2.68259385665529,2.0109215017064845,0.4737201365187713,928.3331058020477,0.0,0.0,0.868259385665529,0.43208191126279866,0.43617747440273036,0.0,0.9665529010238908
119,2098.705461056401,0.42677708146821847,2.7958818263205014,2.5013428827215756,1.5013428827215756,0.5559534467323187,897.8773500447628,0.0,0.0,2.1307072515666965,1.0922112802148611,1.0384959713518354,0.0,0.9829901521933752
120,2078.780762564991,4.7777469670710575,2.7452339688041594,2.7244367417677644,1.5069324090121317,0.6516464471403813,913.4653379549393,0.0,0.0,2.234835355285962,1.0511265164644714,1.1837088388214905,0.0,0.9211438474870017
121,2076.955024595924,2.8070063246661983,2.225579761068166,2.5846802529866477,1.9634574841883345,0.48278285312719604,927.6809557273366,0.0,0.0,2.2480674631061137,1.1166549543218551,1.1314125087842586,0.0,0.9585382993675334
122,2083.649703138253,0.9815860899067006,2.7311280746395252,2.2154368108566582,1.7082273112807465,0.5335029686174725,946.1993214588634,0.0,0.0,2.2900763358778624,1.1526717557251909,1.1374045801526718,0.0,0.9821882951653944
123,2064.3242574257424,5.780429042904291,2.737623762376238,2.7475247524752477,1.4876237623762376,0.6501650165016502,928.536303630363,0.0,0.0,2.4232673267326734,1.141089108910891,1.2821782178217822,0.0,0.9166666666666666
124,2061.649477351916,3.281184668989547,2.3365853658536584,2.4390243902439024,2.1526132404181184,0.4878048780487805,923.4891986062718,0.0,0.0,1.5867595818815332,0.8599303135888502,0.7268292682926829,0.0,0.9644599303135889
125,2097.7846283783783,1.3849493243243243,2.7423986486486487,2.239864864864865,1.6418918918918919,0.5304054054054054,910.9653716216217,0.0,0.0,2.3217905405405403,1.1748310810810811,1.1469594594594594,0.0,0.981418918918919
126,2056.996524761077,6.614144222415291,3.308427454387489,2.483927019982624,1.2901824500434405,0.684622067767159,943.3814074717637,0.0,0.0,2.6003475238922675,1.1911381407471764,1.4092093831450911,0.0,0.9070373588184187
127,2062.936141304348,3.854619565217391,2.425951086956522,2.6331521739130435,1.8389945652173914,0.5095108695652174,918.3838315217391,0.0,0.0,1.4585597826086956,0.7730978260869565,0.6854619565217391,0.0,0.9585597826086957
128,2071.4629780309197,0.9300813669650122,2.6419853539462976,2.3336045565500405,1.6729048006509357,0.5345809601301872,948.4947111472742,0.0,0.0,1.6810414971521561,0.7835638730675346,0.8974776240846216,0.0,0.9812855980471928
129,2056.8318890814558,7.102010398613517,2.953206239168111,2.538994800693241,1.3795493934142113,0.6689774696707106,918.9350086655113,0.0,0.0,2.753899480069324,1.2079722703639515,1.5459272097053727,0.0,0.8847487001733102
130,2073.170503597122,2.944798561151079,2.414388489208633,2.933812949640288,1.9719424460431654,0.5230215827338129,955.3489208633093,0.0,0.0,1.8697841726618705,0.9489208633093525,0.920863309352518,0.0,0.9676258992805755
131,2072.6083550913836,2.0829852045256745,2.9190600522193213,2.318537859007833,1.4516971279373367,0.5526544821583986,932.0043516100957,0.0,0.0,1.887728459530026,0.9260226283724978,0.9617058311575283,0.0,0.9721496953872933
132,2046.3300248138958,5.8091480562448305,3.1455748552522746,2.4160463192721258,1.5186104218362282,0.6418527708850289,945.1339950372209,0.0,0.0,2.1836228287841193,0.9768403639371381,1.206782464846981,0.0,0.9040529363110008
133,2067.256822953114,3.4382645206438065,2.165850244926522,2.933519944016795,1.9468159552134359,0.47445766270118966,926.5976207137859,0.0,0.0,1.562631210636809,0.7340797760671799,0.8285514345696291,0.0,0.960811756473058
134,2101.661211129296,0.8555810147299509,2.8821603927986907,2.090016366612111,1.6898527004909984,0.5335515548281505,944.3829787234042,0.0,0.0,2.413256955810147,1.1980360065466449,1.2152209492635024,0.0,0.9819967266775778
135,2046.5278015397776,5.744875962360992,3.053892215568862,2.5192472198460223,1.5440547476475621,0.6638152266894782,900.9897348160821,0.0,0.0,2.121471343028229,1.0325064157399486,1.0889649272882806,0.0,0.8990590248075278
136,2074.134307585247,2.331565762004175,2.3082811412665274,2.6819763395963814,1.7383437717466945,0.48434237995824636,907.8879610299234,0.0,0.0,1.5859429366736255,0.8169798190675017,0.7689631176061239,0.0,0.9686847599164927
137,2079.7259574468085,1.883668085106383,2.8476595744680853,2.381276595744681,1.4859574468085106,0.5370212765957447,914.1217021276595,0.0,0.0,2.108085106382979,0.9846808510638297,1.123404255319149,0.0,0.9795744680851064
138,2056.971405877681,4.844050833995234,2.737887212073074,2.56791104050834,1.552025416997617,0.6481334392374901,907.0611596505163,0.0,0.0,1.9356632247815726,0.9451945988880064,0.9904686258935663,0.0,0.9245432883240667
139,2061.526098901099,3.223921703296703,2.0384615384615383,2.8722527472527473,1.7884615384615385,0.48282967032967034,901.1620879120879,0.0,0.0,1.4855769230769231,0.757554945054945,0.728021978021978,0.0,0.9608516483516484
140,2081.8169717138103,0.4366555740432612,2.636439267886855,2.212978369384359,1.7420965058236273,0.5291181364392679,925.855241264559,0.0,0.0,2.0174708818635607,0.9650582362728786,1.0524126455906821,0.0,0.9841930116472546
141,2036.704177323103,6.460170502983802,2.8508098891730604,2.556692242114237,1.4458653026427963,0.6632566069906224,891.0716112531969,0.0,0.0,2.3981244671781754,1.1832907075873829,1.2148337595907928,0.0,0.8942881500426257
142,2051.886454183267,4.024980079681275,2.2250996015936253,2.452855245683931,2.0146082337317397,0.47277556440903057,920.8512616201859,0.0,0.0,1.294156706507304,0.6261620185922975,0.6679946879150066,0.0,0.954183266932271
143,2101.593206296603,0.06703396851698427,2.660314830157415,2.551781275890638,1.6014913007456504,0.5310687655343828,934.076222038111,0.0,0.0,2.1292460646230325,1.0231980115990058,1.1060480530240264,0.0,0.9834299917149959
144,2056.727343144849,6.167621998450813,3.101471727343145,2.1866769945778466,1.541440743609605,0.6506584043377227,918.0162664601085,0.0,0.0,1.9938032532920218,1.0100697134004648,0.983733539891557,0.0,0.9031758326878389
145,2066.128222075347,4.103648380700594,2.307997356245869,2.663582286847323,1.9933906146728355,0.4507600793126239,906.3833443489756,0.0,0.0,1.4871116986120292,0.7270323859881032,0.760079312623926,0.0,0.9610046265697291
146,2089.655737704918,0.7765482695810565,3.268670309653916,2.086520947176685,1.465391621129326,0.5601092896174863,921.5318761384335,0.0,0.0,2.23224043715847,1.115664845173042,1.116575591985428,0.0,0.9799635701275046
147,2071.8462157809986,5.89170692431562,3.348631239935588,2.495169082125604,1.390499194847021,0.644122383252818,930.3663446054751,0.0,0.0,2.4524959742351045,1.214975845410628,1.2375201288244766,0.0,0.9057971014492754
148,2065.562834224599,3.383449197860962,2.124331550802139,2.8001336898395723,2.0026737967914436,0.5106951871657754,915.1711229946524,0.0,0.0,1.6864973262032086,0.8636363636363636,0.8228609625668449,0.0,0.9478609625668449
149,2074.838736492103,1.6764422277639235,2.7539484621778887,2.569409808811305,1.4779717373233583,0.5203657522859518,917.3615960099751,0.0,0.0,2.6674979218620116,1.2668329177057356,1.400665004156276,0.0,0.9742310889443059
150,2055.302931596091,6.32928338762215,2.951954397394137,2.689739413680782,1.49185667752443,0.6400651465798045,911.1767100977198,0.0,0.0,2.485342019543974,1.1653094462540716,1.3200325732899023,0.0,0.9144951140065146
151,2055.283646888567,3.692206946454414,2.362518089725036,2.874095513748191,1.9486251808972503,0.515918958031838,913.0622286541245,0.0,0.0,1.422575976845152,0.7727930535455861,0.6497829232995659,0.0,0.9565846599131693
152,2068.3759811616956,1.7890188383045527,2.6357927786499213,2.305337519623234,1.639717425431711,0.48744113029827313,939.1946624803768,0.0,0.0,1.6562009419152277,0.814756671899529,0.8414442700156985,0.0,0.9772370486656201
153,2056.1930379746836,5.766708860759493,2.8900316455696204,2.8022151898734178,1.3995253164556962,0.6028481012658228,961.5878164556962,0.0,0.0,2.483386075949367,1.1139240506329113,1.3694620253164558,0.0,0.9058544303797469
154,2055.980662983425,4.263812154696133,2.4772099447513813,2.5386740331491713,2.1180939226519335,0.5179558011049724,956.5649171270718,0.0,0.0,1.6864640883977902,0.8715469613259669,0.8149171270718232,0.0,0.9488950276243094
155,2069.0974076983503,1.439819324430479,2.677926158680283,2.249018067556952,1.6708562450903377,0.5019638648860958,953.2333071484682,0.0,0.0,1.9238020424194815,0.992930086410055,0.9308719560094265,0.0,0.9803613511390417
156,2041.5521008403362,6.353243697478991,3.4411764705882355,2.5865546218487396,1.3521008403361345,0.6605042016806723,929.6966386554622,0.0,0.0,2.708403361344538,1.2352941176470589,1.473109243697479,0.0,0.8983193277310925
157,2060.424915824916,2.5395420875420878,2.3824915824915824,2.6747474747474747,1.8491582491582492,0.4861952861952862,912.8350168350169,0.0,0.0,1.3979797979797979,0.7077441077441078,0.6902356902356902,0.0,0.9643097643097643
158,2064.1976744186045,0.23555038759689922,2.524806201550388,2.4589147286821706,1.7751937984496124,0.4930232558139535,963.9364341085271,0.0,0.0,1.341860465116279,0.6767441860465117,0.6651162790697674,0.0,0.9883720930232558
159,2027.28,6.677251063829788,2.951489361702128,2.7225531914893617,1.468936170212766,0.6612765957446809,929.5259574468085,0.0,0.0,1.265531914893617,0.6195744680851064,0.6459574468085106,0.0,0.8825531914893617
160,2062.818754373688,2.411210636808957,2.3554933519944017,2.986004198740378,1.920923722883135,0.4632610216934919,937.8390482855143,0.0,0.0,1.356892932120364,0.6710986703988804,0.6857942617214835,0.0,0.9685094471658502
161,2073.8143497757846,0.5818385650224215,2.9641255605381165,2.3506726457399103,1.6,0.5605381165919282,937.6529147982063,0.0,0.0,1.3390134529147981,0.6529147982062781,0.6860986547085202,0.0,0.9820627802690582
162,2046.88698630137,4.174263698630137,3.066780821917808,2.3655821917808217,1.5830479452054795,0.6455479452054794,958.2508561643835,0.0,0.0,1.5873287671232876,0.740582191780822,0.8467465753424658,0.0,0.9152397260273972
163,2045.7600554785022,2.521359223300971,2.2094313453536754,2.86754507628294,1.9445214979195562,0.47156726768377255,930.1456310679612,0.0,0.0,0.6934812760055479,0.37586685159500693,0.31761442441054094,0.0,0.9611650485436893
164,2067.1530612244896,0.4263520408163265,3.054421768707483,2.1700680272108843,1.6496598639455782,0.5433673469387755,989.5603741496599,0.0,0.0,1.4974489795918366,0.7448979591836735,0.7525510204081632,0.0,0.9821428571428571
165,2044.5492957746478,4.945899843505477,3.075117370892019,2.4827856025039123,1.57981220657277,0.6150234741784038,951.0892018779343,0.0,0.0,1.8082942097026604,0.8411580594679187,0.9671361502347418,0.0,0.9006259780907668
166,2043.3479776847978,5.048967921896792,2.592747559274756,2.792887029288703,1.7705718270571826,0.5034867503486751,947.3479776847978,0.0,0.0,1.2350069735006974,0.601813110181311,0.6331938633193863,0.0,0.9476987447698745
167,2065.9733441033927,1.3665589660743134,2.8182552504038774,2.4676898222940227,1.5121163166397416,0.5088852988691438,969.4927302100161,0.0,0.0,1.5290791599353797,0.7536348949919225,0.7754442649434572,0.0,0.9781906300484653
168,2041.1650641025642,5.188581730769231,2.7267628205128207,2.753205128205128,1.5288461538461537,0.6290064102564102,965.3838141025641,0.0,0.0,1.345352564102564,0.6097756410256411,0.7355769230769231,0.0,0.9046474358974359
169,2053.456324248777,2.2811670160726765,2.076170510132774,2.939203354297694,1.795946890286513,0.47868623340321453,945.7253668763103,0.0,0.0,0.8399720475192173,0.3969252271139064,0.44304682040531096,0.0,0.9685534591194969
170,2066.009478672986,1.4777962085308056,2.669036334913112,2.2385466034755135,1.7590837282780412,0.504739336492891,988.2243285939968,0.0,0.0,1.8617693522906793,0.8996840442338072,0.9620853080568721,0.0,0.981042654028436
171,2027.400328137818,5.5222313371616085,2.9983593109105824,2.4610336341263332,1.4306808859721083,0.6644790812141099,975.3470057424119,0.0,0.0,1.1714520098441346,0.5520918785890074,0.6193601312551271,0.0,0.8859721082854799
172,2055.1091030789826,2.619136546184739,2.2918340026773762,2.5100401606425704,2.0843373493975905,0.4678714859437751,977.813922356091,0.0,0.0,0.8654618473895582,0.4504685408299866,0.4149933065595716,0.0,0.9698795180722891
173,2055.9794952681386,0.5711198738170347,2.533123028391167,2.5094637223974763,1.6861198738170347,0.48738170347003157,963.1261829652997,0.0,0.0,0.8194006309148265,0.44637223974763407,0.37302839116719244,0.0,0.9834384858044164
174,2039.3288216560509,4.3558359872611465,3.2085987261146496,2.2085987261146496,1.6218152866242037,0.6313694267515924,973.0613057324841,0.0,0.0,1.2388535031847134,0.5764331210191083,0.6624203821656051,0.0,0.9092356687898089
175,2050.2759051186017,4.507253433208489,2.293383270911361,2.6585518102372037,1.883270911360799,0.4756554307116105,949.3589263420724,0.0,0.0,1.1760299625468165,0.602996254681648,0.5730337078651685,0.0,0.9500624219725343
176,2065.0642605633802,1.3399647887323944,3.119718309859155,2.2411971830985915,1.590669014084507,0.545774647887324,957.5035211267606,0.0,0.0,1.1725352112676057,0.5528169014084507,0.6197183098591549,0.0,0.977112676056338
177,2041.883012820513,4.743477564102564,3.3301282051282053,2.5256410256410255,1.5032051282051282,0.6298076923076923,940.943108974359,0.0,0.0,1.2387820512820513,0.6017628205128205,0.6370192307692307,0.0,0.9198717948717948
178,2055.96853625171,2.392469220246238,2.0786593707250343,2.883720930232558,2.1094391244870043,0.49863201094391246,956.8508891928865,0.0,0.0,0.761969904240766,0.40287277701778385,0.3590971272229822,0.0,0.9610123119015048
179,2061.409322033898,2.066127118644068,2.7127118644067796,2.489830508474576,1.5466101694915255,0.5533898305084746,948.3847457627119,0.0,0.0,1.2779661016949153,0.6127118644067797,0.6652542372881356,0.0,0.9745762711864406
180,2047.2071486596262,3.958748984565394,2.7627944760357432,2.700243704305443,1.5434606011372867,0.6271324126726239,943.264012997563,0.0,0.0,1.4224207961007311,0.6815597075548334,0.7408610885458976,0.0,0.9236393176279447
181,2043.1457905544148,4.77476386036961,2.2573579739904175,2.7104722792607805,1.949349760438056,0.47433264887063653,937.9897330595483,0.0,0.0,0.9897330595482546,0.5133470225872689,0.47638603696098564,0.0,0.94798083504449
182,2062.739600665557,1.6953161397670549,2.734608985024958,2.3410981697171382,1.673044925124792,0.521630615640599,993.3885191347754,0.0,0.0,1.3061564059900166,0.6039933444259568,0.7021630615640599,0.0,0.9816971713810316
183,2051.4689034369885,5.333903436988543,2.9157119476268414,2.7986906710310966,1.4779050736497545,0.61620294599018,948.7315875613748,0.0,0.0,1.0867430441898527,0.46481178396072015,0.6219312602291326,0.0,0.911620294599018
184,2045.854181064271,4.1011748445058736,2.5114029025570144,2.499654457498272,2.186592950932965,0.5114029025570145,960.0628887353145,0.0,0.0,0.9606081548030407,0.5238424326192122,0.4367657221838286,0.0,0.9454042847270214
185,2085.5621399176953,1.1546995884773663,2.837037037037037,2.180246913580247,1.7876543209876543,0.5316872427983539,931.3423868312757,0.0,0.0,1.31440329218107,0.6592592592592592,0.6551440329218107,0.0,0.9810699588477366
186,2053.151411462789,6.944011976047904,3.5885372112917024,2.4798973481608213,1.3284858853721129,0.688622754491018,926.9666381522669,0.0,0.0,1.9546621043627033,0.9272882805816938,1.0273738237810095,0.0,0.9033361847733106
187,2047.1876288659794,4.823890034364261,2.481786941580756,2.7505154639175258,1.8769759450171821,0.49896907216494846,977.2996563573884,0.0,0.0,1.159450171821306,0.5951890034364261,0.5642611683848797,0.0,0.9560137457044674
188,2074.0616113744077,1.2468878357030015,2.609794628751975,2.4210110584518167,1.764612954186414,0.5181674565560821,959.9794628751974,0.0,0.0,1.2511848341232228,0.5687203791469194,0.6824644549763034,0.0,0.9818325434439179
189,2038.7448,6.273528,3.12,2.5176,1.5056,0.6328,973.78,0.0,0.0,1.1992,0.56,0.6392,0.0,0.884
190,2073.813500347947,2.7200974251913705,2.4836464857341682,3.002087682672234,1.9923451635351426,0.5066109951287404,966.80375782881,0.0,0.0,1.2470424495476689,0.6200417536534447,0.627000695894224,0.0,0.9631176061238692
191,2076.374584717608,0.997998338870432,2.8529900332225915,2.3421926910299002,1.696013289036545,0.5058139534883721,931.1935215946844,0.0,0.0,1.1503322259136213,0.6137873754152824,0.5365448504983389,0.0,0.9808970099667774
192,2057.4783319705643,4.995077677841374,3.3704006541291904,2.3156173344235484,1.5960752248569092,0.6524938675388389,957.2649223221587,0.0,0.0,1.4570727718724448,0.6533115290269829,0.803761242845462,0.0,0.9116925592804579
193,2048.0564349621473,4.14899518238128,2.3482450103234687,3.0268410185822434,1.9883000688231245,0.5154852030282174,928.7487955953201,0.0,0.0,1.1768754301445286,0.6297315898141775,0.547143840330351,0.0,0.9470061940812113
194,2082.1729857819905,1.1086887835703,2.941548183254344,2.2227488151658767,1.7156398104265402,0.5213270142180095,957.9636650868879,0.0,0.0,1.3815165876777251,0.6011058451816745,0.7804107424960506,0.0,0.981042654028436
195,2037.7585403726707,4.234285714285715,3.2383540372670807,2.4309006211180124,1.6040372670807452,0.6413043478260869,927.7787267080745,0.0,0.0,1.391304347826087,0.6638198757763976,0.7274844720496895,0.0,0.9122670807453416
196,2056.403318903319,2.5918542568542566,2.4956709956709955,2.9004329004329006,1.826839826839827,0.49134199134199136,918.7344877344877,0.0,0.0,1.5873015873015872,0.7777777777777778,0.8095238095238095,0.0,0.9682539682539683
197,2079.409233176839,0.9302895148669795,2.715962441314554,2.4209702660406887,1.5,0.5015649452269171,920.3497652582159,0.0,0.0,1.9107981220657277,0.9225352112676056,0.9882629107981221,0.0,0.9820031298904538
198,2057.1611410948344,3.408897455666924,2.822667694680031,2.753276792598304,1.6052428681572861,0.6044718581341557,941.5250578257518,0.0,0.0,1.263685427910563,0.5805705474171164,0.6831148804934464,0.0,0.9167309175019275
199,2045.1167235494881,4.3314402730375425,2.1003412969283275,2.945392491467577,1.8068259385665528,0.48191126279863483,923.0293515358362,0.0,0.0,1.0320819112627986,0.5269624573378839,0.5051194539249146,0.0,0.9583617747440273
200,2073.5004009623094,1.3531836407377706,2.77626303127506,2.2437850842020852,1.6647955092221332,0.5148356054530874,925.7321571772253,0.0,0.0,1.8604651162790697,0.9061748195669607,0.9542902967121091,0.0,0.9775461106655974
201,2049.6490658001626,5.750243704305443,3.1608448415922012,2.5507717303005686,1.4662875710804224,0.6539398862713242,930.6271324126726,0.0,0.0,1.974817221770918,0.9715678310316815,1.0032493907392364,0.0,0.8903330625507717
202,2068.09906291834,2.276967871485944,2.2329317269076303,2.574966532797858,2.109772423025435,0.4544846050870147,957.3875502008032,0.0,0.0,1.3500669344042837,0.6840696117804551,0.6659973226238286,0.0,0.9685408299866132
203,2077.251145038168,0.7362137404580154,2.5145038167938933,2.552671755725191,1.668702290076336,0.4916030534351145,950.1931297709924,0.0,0.0,2.299236641221374,1.066412213740458,1.2328244274809161,0.0,0.9801526717557252
204,2042.0461783439491,5.538407643312102,3.246019108280255,2.2961783439490446,1.5756369426751593,0.6162420382165605,947.2993630573249,0.0,0.0,1.9578025477707006,0.9777070063694268,0.9800955414012739,0.0,0.8988853503184714
205,2037.3341661461586,5.449212991880075,2.310430980637102,2.636477201748907,1.9469081823860088,0.4803247970018738,912.3322923173017,0.0,0.0,1.2560899437851343,0.6264834478450968,0.6296064959400375,0.0,0.9344159900062461
206,2057.970890410959,1.600847602739726,3.1669520547945207,2.2448630136986303,1.4400684931506849,0.538527397260274,925.5291095890411,0.0,0.0,1.6018835616438356,0.8261986301369864,0.7756849315068494,0.0,0.9803082191780822
207,2051.8985849056603,3.9711163522012582,3.3702830188679247,2.501572327044025,1.4221698113207548,0.610062893081761,931.1572327044025,0.0,0.0,2.0400943396226414,0.9905660377358491,1.0495283018867925,0.0,0.9056603773584906
208,2053.395582329317,2.219036144578313,2.109772423025435,2.855421686746988,2.0595716198125835,0.48460508701472554,922.781124497992,0.0,0.0,1.251673360107095,0.6693440428380187,0.5823293172690763,0.0,0.9658634538152611
209,2063.1441590720797,2.115567522783761,2.729080364540182,2.647887323943662,1.5178127589063795,0.5376967688483845,920.4821872410936,0.0,0.0,1.9204639602319802,0.9171499585749793,1.0033140016570008,0.0,0.9743164871582436
210,2060.5846273291927,3.6442080745341614,2.919254658385093,2.671583850931677,1.610248447204969,0.6009316770186336,895.4743788819876,0.0,0.0,1.9192546583850931,0.9309006211180124,0.9883540372670807,0.0,0.9254658385093167
211,2048.2697768762678,4.946700473292766,2.3252197430696415,2.730899256254226,1.9574036511156188,0.5185936443542934,894.7734956051386,0.0,0.0,1.2075726842461123,0.6511156186612576,0.5564570655848546,0.0,0.9391480730223124
212,2064.680096696213,1.8253182917002415,2.724415793714746,2.3529411764705883,1.6623690572119258,0.5414987912973409,930.2780016116036,0.0,0.0,1.153102336825141,0.5688960515713135,0.5842062852538276,0.0,0.9790491539081386
213,2044.8484126984126,5.096103174603175,2.9523809523809526,2.857936507936508,1.4484126984126984,0.6420634920634921,937.5626984126984,0.0,0.0,1.3126984126984127,0.6571428571428571,0.6555555555555556,0.0,0.9111111111111111
214,2045.1496598639455,4.61991156462585,2.4938775510204083,2.5238095238095237,2.202721088435374,0.49455782312925173,947.9462585034014,0.0,0.0,1.7360544217687075,0.9047619047619048,0.8312925170068027,0.0,0.9469387755102041
215,2056.0637181409297,3.1442428785607195,2.572713643178411,2.2413793103448274,1.775112443778111,0.48125937031484256,911.2961019490255,0.0,0.0,1.3388305847076463,0.6446776611694153,0.6941529235382309,0.0,0.9700149925037481
216,2064.5542949756887,4.9893517017828195,3.4538087520259317,2.587520259319287,1.4432739059967585,0.6369529983792545,958.9732576985414,0.0,0.0,2.8719611021069693,1.3638573743922204,1.5081037277147489,0.0,0.9011345218800648
217,2061.524967148489,3.560052562417871,2.4323258869908018,2.6498028909329827,1.8337713534822602,0.48620236530880423,927.6392904073588,0.0,0.0,1.3226018396846255,0.6885676741130092,0.6340341655716163,0.0,0.9513797634691196
218,2072.806896551724,1.828015325670498,2.5762452107279694,2.418390804597701,1.7808429118773947,0.5026819923371647,942.2888888888889,0.0,0.0,1.9808429118773947,0.8911877394636015,1.089655172413793,0.0,0.9816091954022989
219,2051.961038961039,7.108904220779221,2.9342532467532467,2.6574675324675323,1.4650974025974026,0.622564935064935,933.4918831168832,0.0,0.0,1.9715909090909092,0.8831168831168831,1.088474025974026,0.0,0.887987012987013
220,2065.6448787061995,3.541590296495957,2.3376010781671157,2.963611859838275,1.9615902964959568,0.4865229110512129,912.3618598382749,0.0,0.0,2.173854447439353,1.0808625336927224,1.0929919137466306,0.0,0.9568733153638814
221,2081.7924217462933,1.107364085667216,2.754530477759473,2.3813838550247115,1.740527182866557,0.5222405271828665,904.0444810543657,0.0,0.0,1.1894563426688634,0.514827018121911,0.6746293245469522,0.0,0.9752883031301482
222,2056.3691950464395,5.426911764705882,3.153250773993808,2.403250773993808,1.5503095975232197,0.5859133126934984,945.6168730650155,0.0,0.0,1.8722910216718267,0.8947368421052632,0.9775541795665634,0.0,0.9078947368421053
223,2043.598535286285,5.829414114513982,2.2916111850865515,2.96271637816245,1.9380825565912116,0.5179760319573902,918.6205059920106,0.0,0.0,1.4067909454061251,0.7123834886817576,0.6944074567243675,0.0,0.9340878828229028
224,2091.5958466453676,1.6074121405750799,2.998402555910543,2.238817891373802,1.7164536741214058,0.5175718849840255,912.3546325878594,0.0,0.0,2.0359424920127798,0.9281150159744409,1.1078274760383386,0.0,0.9776357827476039
225,2074.4980574980573,5.656239316239316,3.2097902097902096,2.4545454545454546,1.5874125874125875,0.6278166278166278,918.1103341103341,0.0,0.0,2.111111111111111,1.0,1.1111111111111112,0.0,0.9005439005439005
226,2076.799283154122,3.9808100358422935,2.560573476702509,2.9053763440860214,1.8551971326164876,0.5182795698924731,920.6114695340502,0.0,0.0,1.8688172043010753,0.9706093189964158,0.8982078853046594,0.0,0.956989247311828
227,2101.14068745004,1.0097122302158275,2.8577138289368507,2.5035971223021583,1.545963229416467,0.5315747402078337,914.6107114308553,0.0,0.0,2.160671462829736,1.0567545963229417,1.1039168665067947,0.0,0.9784172661870504
228,2068.8007782101167,4.851416342412451,2.801556420233463,2.7735408560311283,1.578988326848249,0.6280155642023346,950.9642023346304,0.0,0.0,2.214785992217899,1.0622568093385214,1.1525291828793773,0.0,0.909727626459144
229,2059.9215173315893,4.983714846304775,2.1563113145846957,2.879659908436887,1.8181818181818181,0.4970568999345978,904.6958796599084,0.0,0.0,1.6795291039895357,0.8149117069980379,0.8646173969914978,0.0,0.9332897318508829
230,2097.6876996805113,0.5940814696485622,2.6381789137380194,2.3242811501597442,1.8138977635782747,0.5023961661341853,910.4864217252397,0.0,0.0,2.7148562300319488,1.2875399361022364,1.4273162939297124,0.0,0.9856230031948882
231,2046.2139917695474,6.616279835390946,3.1868312757201647,2.594238683127572,1.4255144032921812,0.6403292181069958,902.7769547325103,0.0,0.0,2.065843621399177,0.9333333333333333,1.1325102880658435,0.0,0.8847736625514403
232,2066.935275080906,3.66411003236246,2.233656957928803,2.510032362459547,2.0919093851132686,0.4886731391585761,903.2608414239482,0.0,0.0,1.6239482200647248,0.7928802588996764,0.8310679611650486,0.0,0.9521035598705502
233,2097.2040341349884,1.1347478665632273,2.552366175329713,2.5795190069821565,1.630721489526765,0.5190069821567106,939.0543056633048,0.0,0.0,2.2932505818463924,1.1202482544608223,1.1730023273855703,0.0,0.9844840961986036
234,2071.0296236989593,6.443082465972778,3.153722978382706,2.3410728582866294,1.6629303442754204,0.633306645316253,900.2161729383507,0.0,0.0,1.9063250600480384,0.9183346677341874,0.9879903923138511,0.0,0.9031224979983987
235,2078.6877346683355,4.144680851063829,2.423654568210263,2.6889862327909886,1.9662077596996246,0.4818523153942428,915.244055068836,0.0,0.0,1.6289111389236546,0.7715894868585732,0.8573216520650814,0.0,0.932415519399249
236,2105.17823479006,0.783573264781491,3.203084832904884,2.2999143101970865,1.4824335904027421,0.5509854327335048,913.5261353898886,0.0,0.0,1.911739502999143,0.9682947729220223,0.9434447300771208,0.0,0.9768637532133676
237,2079.734872611465,5.533765923566879,3.3877388535031847,2.5835987261146496,1.5063694267515924,0.6297770700636943,950.1106687898089,0.0,0.0,2.517515923566879,1.1894904458598725,1.3280254777070064,0.0,0.9060509554140127
238,2072.904697986577,3.0819463087248327,2.187248322147651,2.895302013422819,2.0496644295302016,0.5100671140939598,950.679865771812,0.0,0.0,1.9630872483221478,1.0402684563758389,0.9228187919463087,0.0,0.9523489932885906
239,2106.372611464968,1.9503662420382164,2.667197452229299,2.6544585987261144,1.555732484076433,0.5302547770700637,947.4904458598726,0.0,0.0,2.2213375796178343,1.0796178343949046,1.14171974522293,0.0,0.9729299363057324
240,2086.800901577761,4.463478587528175,2.9135987978963187,2.622839969947408,1.5101427498121713,0.5927873779113448,960.5214124718257,0.0,0.0,2.9939894815927874,1.5221637866265965,1.4718256949661908,0.0,0.9113448534936138
241,2049.680584551148,5.887599164926931,2.3389004871259567,2.8580375782881,1.9798190675017397,0.5553235908141962,941.2338204592902,0.0,0.0,1.4091858037578289,0.7125956854558108,0.6965901183020181,0.0,0.9345859429366736
242,2094.5495638382235,1.2894131641554323,2.739888977002379,2.4115781126090403,1.7010309278350515,0.5114988104678826,990.3600317208565,0.0,0.0,1.908009516256939,0.9389373513084853,0.9690721649484536,0.0,0.9809674861221253
243,2070.5813598166537,4.853399541634836,2.93659281894576,2.871657754010695,1.4805194805194806,0.6187929717341482,940.2841864018335,0.0,0.0,2.2826585179526355,1.0756302521008403,1.2070282658517952,0.0,0.9167303284950343
244,2040.8934147997284,5.4819348268839105,2.4025797691785473,2.542430414120842,2.1710794297352343,0.5016972165648337,922.591310251188,0.0,0.0,1.3441955193482689,0.6863543788187373,0.6578411405295316,0.0,0.9402579769178547
245,2084.0352490421456,1.5627126436781609,2.631417624521073,2.4275862068965517,1.7747126436781608,0.48582375478927203,939.3065134099617,0.0,0.0,1.9134099616858238,0.9708812260536398,0.9425287356321839,0.0,0.9800766283524904
246,2069.547231270358,5.77764657980456,3.3452768729641695,2.686482084690554,1.3338762214983713,0.6473941368078175,939.9511400651465,0.0,0.0,2.5724755700325734,1.1913680781758957,1.3811074918566775,0.0,0.8957654723127035
247,2056.5003295978904,4.527732366512854,2.4522083058668422,2.792353328938695,1.8108108108108107,0.4990112063282795,922.7897165458141,0.0,0.0,1.5814106789716547,0.7930125247198417,0.7883981542518128,0.0,0.942649967040211
248,2079.0282874617737,0.7925229357798165,2.503058103975535,2.5122324159021407,1.7935779816513762,0.5061162079510704,899.0030581039755,0.0,0.0,1.3394495412844036,0.6414373088685015,0.6980122324159022,0.0,0.9831804281345565
249,2061.202692003167,6.375407759303246,3.0150435471100554,2.7759303246239115,1.5075217735550277,0.6444972288202692,936.0728424386382,0.0,0.0,2.5795724465558196,1.1179730799683294,1.46159936658749,0.0,0.8931116389548693
250,2086.9609952925352,3.702858103564223,2.4821788836583725,2.9791526563550774,1.960322797579018,0.5144586415601883,927.8675184936113,0.0,0.0,2.5406859448554138,1.2326832548755884,1.3080026899798252,0.0,0.9468728984532616
251,2090.917591125198,1.3763312202852613,2.804278922345483,2.436608557844691,1.5736925515055467,0.5095087163232963,935.8779714738511,0.0,0.0,2.4183835182250397,1.1038034865293185,1.314580031695721,0.0,0.9770206022187005
252,2065.9825811559776,5.473745051464767,3.2430720506730006,2.467933491686461,1.571654790182106,0.6603325415676959,982.3784639746635,0.0,0.0,2.504354711005542,1.2676167854315123,1.23673792557403,0.0,0.8986539984164688
253,2050.550471063257,4.831635262449528,2.2934051144010765,3.030955585464334,1.9407806191117092,0.5255720053835801,964.6197846567968,0.0,0.0,1.7288021534320324,0.8519515477792732,0.8768506056527591,0.0,0.9401076716016151
254,2086.120218579235,1.826463700234192,2.946135831381733,2.2498048399687742,1.7572209211553473,0.5230288836846214,969.7213114754098,0.0,0.0,2.223263075722092,1.0382513661202186,1.1850117096018735,0.0,0.9789227166276346
255,2072.652923538231,5.042863568215893,3.154422788605697,2.5059970014992503,1.5637181409295353,0.6131934032983508,952.4070464767616,0.0,0.0,2.5569715142428784,1.2451274362818592,1.3118440779610194,0.0,0.9010494752623688
256,2083.5242718446602,3.558876560332871,2.473647711511789,2.8044382801664356,1.8072122052704578,0.5131761442441054,939.372399445215,0.0,0.0,2.395977808599168,1.2302357836338418,1.1657420249653259,0.0,0.957004160887656
257,2104.9773279352225,2.2497327935222673,2.8728744939271254,2.6898785425101215,1.5190283400809717,0.5198380566801619,958.2242914979757,0.0,0.0,3.1449392712550606,1.4242914979757084,1.7206477732793521,0.0,0.974089068825911
258,2064.138972809668,4.626110271903324,2.8625377643504533,2.705438066465257,1.533987915407855,0.601963746223565,948.4471299093656,0.0,0.0,2.084592145015106,1.0143504531722054,1.0702416918429003,0.0,0.9108761329305136
259,2048.838185511171,4.903953960731212,2.117129316181449,3.035206499661476,1.8408937034529451,0.5172647257955315,927.365605958023,0.0,0.0,1.6364251861882193,0.8077183480027081,0.8287068381855112,0.0,0.9383886255924171
260,2089.1873536299768,1.228391881342701,2.690085870413739,2.379391100702576,1.721311475409836,0.5128805620608899,975.8384074941451,0.0,0.0,3.277127244340359,1.5378610460577673,1.7392661982825917,0.0,0.9781420765027322
261,2043.3786008230452,5.832139917695473,3.1654320987654323,2.688888888888889,1.4938271604938271,0.6625514403292181,942.119341563786,0.0,0.0,2.005761316872428,0.9695473251028807,1.0362139917695474,0.0,0.9012345679012346
262,2056.1815823605707,5.194539559014267,2.3041504539559012,2.5642023346303504,2.051232166018158,0.48508430609597925,927.3294422827497,0.0,0.0,1.9526588845654993,0.9883268482490273,0.9643320363164721,0.0,0.9455252918287937
263,2092.312971342383,-0.2448340874811463,2.425339366515837,2.521870286576169,1.6704374057315234,0.47888386123680243,947.9841628959276,0.0,0.0,2.235294117647059,1.0316742081447965,1.2036199095022624,0.0,0.9924585218702866
264,2054.972222222222,4.327801587301587,3.326984126984127,2.3777777777777778,1.5714285714285714,0.6373015873015873,970.2888888888889,0.0,0.0,2.3976190476190475,1.126984126984127,1.2706349206349206,0.0,0.9047619047619048
265,2044.468948035488,6.087243346007605,2.340937896070976,2.700887198986058,2.0069708491761724,0.48605830164765523,911.8593155893536,0.0,0.0,1.7870722433460076,0.8865652724968315,0.9005069708491762,0.0,0.9397972116603295
266,2085.487158243579,1.152758906379453,3.075393537696769,2.3985086992543496,1.5028997514498756,0.5285832642916322,907.3421706710853,0.0,0.0,2.3231151615575807,1.1673570836785419,1.1557580778790388,0.0,0.9768019884009942
267,2052.5835889570553,6.041633435582822,3.2561349693251533,2.5306748466257667,1.4271472392638036,0.6357361963190185,943.8604294478528,0.0,0.0,2.4930981595092025,1.2108895705521472,1.2822085889570551,0.0,0.8926380368098159
268,2044.6620553359685,4.260092226613965,2.2108036890645586,2.9393939393939394,2.0144927536231885,0.5151515151515151,944.8339920948616,0.0,0.0,1.251646903820817,0.6541501976284585,0.5974967061923584,0.0,0.9459815546772069
269,2063.0736245954695,2.8287783171521035,2.697411003236246,2.646440129449838,1.552588996763754,0.5153721682847896,948.0177993527508,0.0,0.0,1.7572815533980584,0.8810679611650486,0.8762135922330098,0.0,0.9644012944983819
270,2063.9600307455803,4.85695618754804,2.919292851652575,2.76325903151422,1.574173712528824,0.6072252113758647,951.9461952344351,0.0,0.0,2.5833973866256725,1.2052267486548809,1.3781706379707916,0.0,0.9146810146041506
271,2036.5955132562883,5.8509177430319514,2.2460910944935417,2.805574439157036,2.0013596193065943,0.5234534330387491,922.7994561522773,0.0,0.0,1.4649898028552006,0.6947654656696125,0.770224337185588,0.0,0.9374575118966689
272,2065.1331699346406,0.6781290849673203,2.81781045751634,2.3962418300653594,1.7058823529411764,0.5334967320261438,935.4812091503268,0.0,0.0,1.9264705882352942,0.8823529411764706,1.0441176470588236,0.0,0.9836601307189542
273,2047.0724863600935,3.723125487139517,2.9353078721745907,2.8885424785658613,1.3928293063133281,0.6056118472330475,917.3850350740452,0.0,0.0,2.0701480904130944,0.9516757599376462,1.1184723304754483,0.0,0.9150428682774747
274,2043.9136597938145,4.5668621134020615,2.4626288659793816,2.4336340206185567,2.068943298969072,0.5006443298969072,913.2113402061856,0.0,0.0,1.7815721649484537,0.9175257731958762,0.8640463917525774,0.0,0.9387886597938144
275,2079.3136954858455,1.1632746748278502,2.6732976281560825,2.3909716908951797,1.693955623565417,0.48967100229533284,901.5730680948737,0.0,0.0,2.2570772762050497,1.098699311400153,1.1583779648048966,0.0,0.9831675592960979
276,2066.837000814996,5.219511002444988,3.444987775061125,2.5558272208638955,1.3667481662591687,0.6389568052159739,909.5957620211899,0.0,0.0,3.7530562347188265,1.6438467807660961,2.1092094539527304,0.0,0.8899755501222494
277,2059.183673469388,4.735187623436471,2.4700460829493087,2.7445687952600397,1.8459512837393022,0.5102040816326531,893.8940092165899,0.0,0.0,2.676761026991442,1.3344305464121133,1.3423304805793286,0.0,0.9433838051349572
278,2085.336322869955,0.8388789237668162,2.515695067264574,2.4887892376681613,1.7384155455904335,0.4798206278026906,912.6158445440957,0.0,0.0,2.606128550074738,1.1315396113602392,1.4745889387144993,0.0,0.9798206278026906
279,2049.9440447641887,6.2147561950439645,3.0639488409272584,2.7018385291766585,1.515587529976019,0.6522781774580336,911.0407673860911,0.0,0.0,3.3357314148681056,1.4596322941646682,1.8760991207034372,0.0,0.894484412470024
280,2061.735234215886,4.131683638832315,2.3686354378818737,2.9558723693143243,2.0224032586558045,0.5071283095723014,904.1554650373388,0.0,0.0,3.2158859470468433,1.548540393754243,1.6673455532926,0.0,0.9545145960624576
281,2079.5003996802557,3.0991127098321343,2.7761790567545965,2.4124700239808154,1.6266986410871302,0.518784972022382,919.9544364508394,0.0,0.0,3.1486810551558753,1.4380495603517187,1.7106314948041568,0.0,0.973621103117506
282,2046.8255813953488,6.440139534883722,3.2038759689922482,2.415503875968992,1.5705426356589147,0.641860465116279,922.8015503875969,0.0,0.0,2.255813953488372,1.013953488372093,1.241860465116279,0.0,0.8984496124031007
283,2045.3799454297407,5.146957708049113,2.3376534788540244,3.0757162346521145,1.9727148703956343,0.5416098226466576,914.6616643929059,0.0,0.0,2.0409276944065486,1.1077762619372442,0.9331514324693042,0.0,0.9433833560709414
284,2078.64258841234,2.1536719337848007,2.8344620015048907,2.1580135440180586,1.762979683972912,0.5063957863054929,903.0436418359669,0.0,0.0,2.343867569601204,1.052671181339353,1.2911963882618511,0.0,0.9774266365688488
285,2053.4950794852384,4.686919000757002,3.1877365632096897,2.5117335352006056,1.583648750946253,0.5995457986373959,911.6237698713096,0.0,0.0,3.073429220287661,1.4700984102952308,1.60333080999243,0.0,0.9046177138531416
286,2056.496281271129,4.383759296822177,2.4530087897227855,2.753211629479378,1.7667342799188641,0.5125084516565247,914.1784989858012,0.0,0.0,2.37052062204192,1.2008113590263692,1.169709263015551,0.0,0.9486139283299526
287,2085.252100840336,2.479809014514897,2.7662337662337664,2.6004583651642474,1.5286478227654698,0.5019098548510313,906.6921313980138,0.0,0.0,3.410236822001528,1.5126050420168067,1.897631779984721,0.0,0.9747899159663865
288,2066.698113207547,2.7800786163522013,2.8962264150943398,2.819182389937107,1.5738993710691824,0.64937106918239,920.0283018867924,0.0,0.0,2.290880503144654,1.0959119496855345,1.1949685534591195,0.0,0.9245283018867925
289,2041.7569023569024,5.203178451178451,2.0505050505050506,2.9589225589225587,1.7986531986531986,0.4861952861952862,899.1124579124579,0.0,0.0,2.002693602693603,1.0154882154882154,0.9872053872053872,0.0,0.9501683501683502
290,2092.81015625,0.6584609374999999,2.70078125,2.31953125,1.69140625,0.49453125,896.7296875,0.0,0.0,3.04140625,1.45390625,1.5875,0.0,0.984375
291,2057.310286677909,5.3723018549747055,3.279089376053963,2.6618887015177064,1.4502529510961215,0.678752107925801,915.2192242833053,0.0,0.0,3.087689713322091,1.4536256323777403,1.6340640809443507,0.0,0.8988195615514334
292,2055.926582278481,4.13893670886076,2.2810126582278483,2.498101265822785,2.0259493670886077,0.4759493670886076,904.6892405063292,0.0,0.0,1.7481012658227848,0.9056962025316456,0.8424050632911393,0.0,0.9487341772151898
293,2085.7597597597596,1.410105105105105,2.4954954954954953,2.581081081081081,1.6921921921921923,0.46996996996997,927.4234234234234,0.0,0.0,2.090840840840841,0.9542042042042042,1.1366366366366367,0.0,0.9842342342342343
294,2060.5605590062114,5.607934782608695,3.327639751552795,2.3229813664596275,1.6032608695652173,0.6226708074534162,933.0186335403727,0.0,0.0,3.4805900621118013,1.6475155279503106,1.8330745341614907,0.0,0.9037267080745341
295,2061.809827696235,5.005220165922144,2.383535417996171,2.7300574345883852,1.9795788130185068,0.4901084875558392,938.7121888959796,0.0,0.0,1.9993618379068283,0.9189534141671984,1.0804084237396299,0.0,0.9412890874282067
296,2080.789731051345,3.0797718011409945,3.128769356153219,2.273838630806846,1.5639771801140994,0.5199674001629991,922.7677261613692,0.0,0.0,3.441727791361043,1.6251018744906276,1.8166259168704157,0.0,0.967400162999185
297,2065.491603053435,5.346885496183206,3.3763358778625956,2.552671755725191,1.4702290076335878,0.6045801526717557,918.2923664122137,0.0,0.0,3.096946564885496,1.5267175572519085,1.5702290076335879,0.0,0.9053435114503817
298,2046.4311926605506,4.840956749672346,2.1513761467889907,2.871559633027523,2.028178243774574,0.5111402359108781,897.646133682831,0.0,0.0,1.7817824377457405,0.9456094364351245,0.836173001310616,0.0,0.936435124508519
299,2090.3197056418644,1.5590188062142272,2.6819296811120195,2.738348323793949,1.5568274734260017,0.5461978740801309,931.7718724448079,0.0,0.0,2.4513491414554376,1.2338511856091579,1.2174979558462797,0.0,0.9746524938675388
300,2076.7300850734728,3.95631090487239,2.845320959010054,2.7061098221191027,1.614075792730085,0.6194895591647331,929.754060324826,0.0,0.0,3.2296983758700697,1.5320959010054138,1.6976024748646559,0.0,0.9242072699149265
301,2062.964705882353,4.394660130718954,2.2888888888888888,2.684313725490196,1.899346405228758,0.5117647058823529,917.5921568627451,0.0,0.0,1.7856209150326798,0.8588235294117647,0.9267973856209151,0.0,0.9313725490196079
302,2071.276785714286,2.3436755952380954,2.5751488095238093,2.3504464285714284,1.6845238095238095,0.47619047619047616,907.1495535714286,0.0,0.0,2.0543154761904763,0.9494047619047619,1.1049107142857142,0.0,0.9791666666666666
303,2049.567526555387,5.788884673748103,2.8163884673748103,2.8566009104704095,1.4286798179059181,0.5880121396054628,911.6608497723824,0.0,0.0,2.5675265553869497,1.2056145675265555,1.3619119878603945,0.0,0.9028831562974203
304,2045.227599738391,5.261615434924788,2.4545454545454546,2.4885546108567693,2.121648136036625,0.49117069980379335,931.4610856769131,0.0,0.0,1.7939829954218443,0.907782864617397,0.8862001308044474,0.0,0.9398299542184434
305,2080.5960665658095,0.8619137670196672,2.638426626323752,2.3502269288956126,1.7844175491679273,0.48789712556732223,920.5816944024206,0.0,0.0,1.8479576399394857,0.8940998487140696,0.953857791225416,0.0,0.9803328290468987
306,2059.9952681388013,6.904069400630915,3.436119873817035,2.524447949526814,1.3801261829652998,0.6198738170347003,911.9227129337539,0.0,0.0,4.691640378548896,2.1443217665615144,2.547318611987382,0.0,0.8911671924290221
307,2061.4864864864867,3.5510217534607778,2.4818721160184576,2.7818061964403427,1.8200395517468688,0.4878048780487805,894.4601186552406,0.0,0.0,1.9742913645352669,1.01977587343441,0.954515491100857,0.0,0.948582729070534
308,2085.957943925234,0.4668535825545172,2.5623052959501558,2.513239875389408,1.7881619937694704,0.5015576323987538,942.8660436137071,0.0,0.0,2.5514018691588785,1.1713395638629283,1.3800623052959502,0.0,0.9867601246105919
309,2051.0133228840127,5.5952507836990595,2.876959247648903,2.739811912225705,1.500783699059561,0.6300940438871473,912.2249216300941,0.0,0.0,1.9929467084639498,0.9075235109717869,1.085423197492163,0.0,0.8910658307210031
310,2055.8786279683377,4.24971635883905,2.3060686015831133,2.8970976253298155,1.9525065963060686,0.49934036939313986,923.778364116095,0.0,0.0,2.0098944591029024,1.0217678100263852,0.9881266490765171,0.0,0.9551451187335093
311,2072.596153846154,1.8878044871794872,2.8020833333333335,2.46875,1.657852564102564,0.5192307692307693,941.3317307692307,0.0,0.0,1.7403846153846154,0.8277243589743589,0.9126602564102564,0.0,0.9727564102564102
312,2054.268214571657,5.647357886309047,3.3058446757405924,2.543634907926341,1.5700560448358687,0.644515612489992,946.0816653322659,0.0,0.0,2.100080064051241,1.0024019215372297,1.0976781425140112,0.0,0.8983186549239391
313,2050.4055482166445,4.889154557463673,2.3150594451783357,2.9821664464993396,1.9557463672391018,0.5072655217965654,943.4603698811096,0.0,0.0,1.5330250990752972,0.7681638044914135,0.7648612945838837,0.0,0.9372523117569352
314,2070.2820121951218,3.0057164634146343,2.8582317073170733,2.2560975609756095,1.794969512195122,0.4954268292682927,908.0083841463414,0.0,0.0,2.517530487804878,1.173780487804878,1.34375,0.0,0.9725609756097561
315,2071.803041825095,4.5665931558935355,3.1984790874524713,2.570342205323194,1.6038022813688213,0.6136882129277567,915.7908745247148,0.0,0.0,3.1703422053231938,1.4631178707224335,1.7072243346007605,0.0,0.9110266159695818
316,2064.6864710093055,3.44605583392985,2.5855404438081604,2.9677881173944165,1.8482462419470294,0.5110952040085899,922.159627773801,0.0,0.0,2.39226914817466,1.2598425196850394,1.1324266284896207,0.0,0.9591982820329277
317,2076.612341772152,3.163196202531646,2.7681962025316458,2.7167721518987342,1.4873417721518987,0.5363924050632911,926.0585443037975,0.0,0.0,2.293512658227848,1.1566455696202531,1.1368670886075949,0.0,0.9707278481012658
318,2067.81220657277,3.786338028169014,2.880281690140845,2.8615023474178405,1.6087636932707354,0.6604068857589984,956.8427230046948,0.0,0.0,2.1486697965571206,1.0524256651017214,1.096244131455399,0.0,0.9233176838810642
319,2049.023855577047,6.024700193423597,2.0818826563507415,2.8800773694390718,1.809800128949065,0.5035460992907801,903.8826563507415,0.0,0.0,1.8684719535783365,0.9458413926499033,0.9226305609284333,0.0,0.9232753062540296
320,2092.946483180428,0.5168348623853211,2.6567278287461775,2.3876146788990824,1.753058103975535,0.4984709480122324,910.6276758409786,0.0,0.0,2.1016819571865444,0.9380733944954128,1.1636085626911314,0.0,0.985474006116208
321,2051.1730300568643,6.166076360682371,3.2242079610073113,2.767668562144598,1.4224207961007311,0.6450040617384241,938.2818846466288,0.0,0.0,2.7571080422420797,1.231519090170593,1.5255889520714867,0.0,0.892770105605199
322,2041.9993359893758,6.509482071713148,2.3738379814077026,2.6274900398406373,2.1168658698539176,0.5166002656042497,936.8386454183267,0.0,0.0,1.8134130146082337,0.8837981407702523,0.9296148738379814,0.0,0.9382470119521913
323,2076.510172143975,1.242926447574335,2.541471048513302,2.6588419405320813,1.621283255086072,0.5054773082942097,929.0798122065728,0.0,0.0,1.9107981220657277,0.9507042253521126,0.960093896713615,0.0,0.986697965571205
324,2065.7100078802205,3.9949487785657998,3.2616233254531126,2.3947990543735225,1.6296296296296295,0.6375098502758078,933.0811662726557,0.0,0.0,2.474389282899921,1.1843971631205674,1.2899921197793538,0.0,0.9085894405043341
325,2051.924635845472,5.069056364787841,2.3806206459784676,2.692843571880937,1.9841671944268524,0.47751741608613046,930.3039898670045,0.0,0.0,1.8359721342621913,0.8663711209626346,0.9696010132995567,0.0,0.9392020265991133
326,2102.663132137031,1.2942495921696575,3.2006525285481238,2.427406199021207,1.5203915171288744,0.5505709624796085,923.4274061990212,0.0,0.0,2.9135399673735725,1.3523654159869494,1.561174551386623,0.0,0.9787928221859706
327,2074.367396593674,6.0077615571776155,3.4395782643957826,2.6545012165450124,1.4939172749391727,0.6545012165450121,928.2692619626927,0.0,0.0,3.069748580697486,1.4468775344687754,1.6228710462287104,0.0,0.8986212489862125
328,2058.859033752482,3.5497683653209795,2.1045665122435473,2.9073461283917936,2.0655195234943746,0.5095962938451357,929.9172733289213,0.0,0.0,1.6326935804103242,0.8616810059563204,0.771012574454004,0.0,0.9444076770350761
329,2070.004074979625,3.0073268133659328,2.73920130399348,2.719641401792991,1.580277098614507,0.5289323553382234,927.8141809290953,0.0,0.0,2.1206193969030154,1.023634881825591,1.0969845150774247,0.0,0.9731051344743277
330,2065.5311077389983,4.679362670713202,2.8960546282245825,2.74051593323217,1.60546282245827,0.5993930197268589,923.0857359635812,0.0,0.0,2.1176024279210925,0.9635811836115327,1.1540212443095599,0.0,0.9127465857359636
331,2043.627106741573,4.83876404494382,2.3623595505617976,2.832865168539326,2.015449438202247,0.5196629213483146,908.5070224719101,0.0,0.0,1.425561797752809,0.7268258426966292,0.6987359550561798,0.0,0.9459269662921348
332,2065.2090981644055,2.008850758180367,2.794094173982442,2.5083798882681565,1.7549880287310455,0.5259377494014366,937.2920989624901,0.0,0.0,2.043096568236233,0.9217877094972067,1.1213088587390263,0.0,0.9776536312849162
333,2054.696483180428,4.7477675840978595,2.8922018348623855,2.9159021406727827,1.503058103975535,0.6559633027522935,920.4915902140673,0.0,0.0,1.944954128440367,0.9136085626911316,1.0313455657492354,0.0,0.9059633027522935
334,2052.889961389961,3.9845045045045047,2.3635778635778637,2.3976833976833976,2.0862290862290864,0.4774774774774775,928.0740025740025,0.0,0.0,1.7046332046332047,0.8597168597168597,0.8449163449163449,0.0,0.9491634491634492
335,2100.694966190834,1.2637114951164539,2.6934635612321562,2.431254695717506,1.731029301277235,0.4883546205860255,918.9564237415477,0.0,0.0,2.206611570247934,1.039068369646882,1.1675432006010518,0.0,0.9797145003756574
336,2093.481054365733,6.048517298187809,3.569192751235585,2.64332784184514,1.385502471169687,0.6919275123558485,943.1425041186161,0.0,0.0,3.738879736408567,1.6457990115321253,2.0930807248764416,0.0,0.8887973640856672
337,2073.3436426116837,3.201553264604811,2.4962199312714777,2.8268041237113404,1.90446735395189,0.49896907216494846,940.8,0.0,0.0,2.09553264604811,1.0467353951890035,1.0487972508591066,0.0,0.961512027491409
338,2104.2476489028213,1.177680250783699,2.6206896551724137,2.5289968652037618,1.7523510971786833,0.5266457680250783,952.737460815047,0.0,0.0,2.384012539184953,1.1120689655172413,1.2719435736677116,0.0,0.9835423197492164
339,2070.5707584050037,7.044792806880376,3.050820953870211,2.763096168881939,1.5074276778733386,0.6481626270523847,952.6168881939014,0.0,0.0,2.9507427677873337,1.3127443315089915,1.6379984362783424,0.0,0.8866301798279906
340,2071.8704481792715,5.386533613445378,2.51890756302521,3.0553221288515404,2.0511204481792715,0.523109243697479,956.8382352941177,0.0,0.0,2.969887955182073,1.4019607843137254,1.5679271708683473,0.0,0.9502801120448179
341,2076.343698854337,0.6777332242225859,2.776595744680851,2.4672667757774143,1.5613747954173487,0.5474631751227496,942.4901800327332,0.0,0.0,1.5237315875613748,0.6407528641571195,0.8829787234042553,0.0,0.9803600654664485
342,2057.812933025404,6.353772132409545,3.191685912240185,2.3918398768283295,1.5665896843725944,0.6581986143187067,958.4434180138568,0.0,0.0,2.0554272517321017,0.9846035411855273,1.0708237105465743,0.0,0.8945342571208622
343,2047.0574555403557,5.240191518467852,2.244186046511628,3.102599179206566,1.9651162790697674,0.5239398084815321,913.0478796169631,0.0,0.0,1.5389876880984952,0.7578659370725034,0.7811217510259918,0.0,0.9432284541723667
344,2087.065687789799,1.3365069551777435,2.921174652241113,2.2256568778979906,1.6746522411128284,0.49768160741885625,912.7843894899536,0.0,0.0,2.1738794435857804,0.9845440494590417,1.1893353941267388,0.0,0.982225656877898
345,2066.6394302848576,4.691634182908546,3.1956521739130435,2.5082458770614693,1.6251874062968517,0.6101949025487257,931.955772113943,0.0,0.0,2.3305847076461768,1.090704647676162,1.239880059970015,0.0,0.9062968515742129
346,2064.7119944211995,3.719225941422594,2.420502092050209,2.8396094839609485,1.804741980474198,0.4790794979079498,919.9246861924686,0.0,0.0,1.9260808926080892,0.9888423988842399,0.9372384937238494,0.0,0.9595536959553695
347,2089.1442748091604,1.6812137404580152,2.735114503816794,2.599236641221374,1.5229007633587786,0.5259541984732824,961.5824427480916,0.0,0.0,2.3770992366412216,1.119083969465649,1.2580152671755724,0.0,0.9778625954198473
348,2078.061823802164,4.504783616692427,2.8778979907264297,2.8887171561051006,1.562596599690881,0.6329211746522411,940.8415765069552,0.0,0.0,2.2063369397217927,1.0494590417310665,1.1568778979907264,0.0,0.9142194744976816
349,2049.202262142382,5.918103792415169,2.13373253493014,3.0099800399201597,1.8942115768463075,0.4930139720558882,921.4231536926147,0.0,0.0,1.5548902195608783,0.7618097139055223,0.7930805056553559,0.0,0.9254823685961411
350,2089.7871362940277,2.2712633996937215,2.725114854517611,2.362940275650842,1.7488514548238898,0.5183767228177641,927.3675344563553,0.0,0.0,1.8453292496171516,0.8790199081163859,0.9663093415007658,0.0,0.9762633996937213
351,2053.3208,6.445448,3.1688,2.6488,1.38,0.6648,929.8624,0.0,0.0,2.1664,1.0544,1.112,0.0,0.884
352,2052.864148442677,4.779198144466534,2.489065606361829,2.6925115970841618,2.1153081510934393,0.5175612988734261,960.6951623591783,0.0,0.0,1.4691848906560636,0.7601060304837641,0.7090788601722995,0.0,0.9370444002650762
353,2082.666149068323,2.1852018633540373,2.549689440993789,2.717391304347826,1.7321428571428572,0.5077639751552795,951.6933229813665,0.0,0.0,2.415372670807453,1.0908385093167703,1.3245341614906831,0.0,0.9782608695652174
354,2054.293417922284,6.14868358445678,3.345757335448057,2.4329896907216493,1.6003172085646313,0.6336241078509119,938.1895321173672,0.0,0.0,2.4662965900079303,1.1839809674861221,1.2823156225218082,0.0,0.8953211736716892
355,2068.2263914946843,5.345090681676047,2.314571607254534,2.6823014383989996,1.975609756097561,0.45653533458411505,899.7404627892432,0.0,0.0,1.9593495934959348,0.9568480300187617,1.0025015634771732,0.0,0.9380863039399625
356,2109.315495207668,1.653370607028754,3.067891373801917,2.292332268370607,1.571884984025559,0.5207667731629393,892.0718849840256,0.0,0.0,3.0031948881789137,1.3562300319488818,1.6469648562300319,0.0,0.9768370607028753
357,2065.5156847742924,6.0002677888293805,3.4139250191277735,2.5355776587605203,1.4123947972456006,0.6388676358071921,922.2823259372609,0.0,0.0,2.23106350420811,1.1086457536342769,1.1224177505738333,0.0,0.8905891354246366
358,2049.319289005925,4.056701777485188,2.132323897300856,2.924950625411455,2.074391046741277,0.5023041474654378,936.3094140882159,0.0,0.0,1.2876892692560895,0.6477946017116524,0.6398946675444371,0.0,0.9440421329822252
359,2089.2700490998363,2.251800327332242,2.747954173486088,2.6505728314238954,1.5736497545008183,0.5482815057283142,919.013093289689,0.0,0.0,2.0531914893617023,1.0703764320785598,0.9828150572831423,0.0,0.9746317512274959
360,2068.5140405616226,4.318042121684867,2.870514820592824,2.7441497659906395,1.5904836193447738,0.6029641185647426,945.5148205928238,0.0,0.0,2.4617784711388455,1.1201248049921997,1.3416536661466458,0.0,0.9204368174726989
361,2053.004827586207,6.116117241379311,2.3351724137931034,2.8082758620689656,2.0013793103448276,0.5082758620689655,923.048275862069,0.0,0.0,1.2503448275862068,0.6337931034482759,0.616551724137931,0.0,0.9372413793103448
362,2084.247058823529,1.9626352941176473,2.7419607843137257,2.3411764705882354,1.8047058823529412,0.4988235294117647,942.3811764705882,0.0,0.0,1.8549019607843138,0.9098039215686274,0.9450980392156862,0.0,0.9733333333333334
363,2060.39391634981,4.940349809885932,2.888973384030418,2.963498098859316,1.4357414448669201,0.6129277566539924,926.4555133079848,0.0,0.0,2.5604562737642587,1.1787072243346008,1.3817490494296578,0.0,0.9003802281368821
364,2043.0528375733854,6.299425962165689,2.471624266144814,2.4331376386170906,2.141552511415525,0.49054142204827134,933.8434442270059,0.0,0.0,1.5016307893020222,0.7775603392041748,0.7240704500978473,0.0,0.9334637964774951
365,2109.8687916975537,1.5334173461823573,2.6315789473684212,2.4240177909562637,1.7383246849518161,0.4877687175685693,939.4825796886582,0.0,0.0,1.8517420311341735,0.9036323202372127,0.9481097108969607,0.0,0.9785025945144552
366,2077.706451612903,6.489572580645161,3.5806451612903225,2.542741935483871,1.3991935483870968,0.6508064516129032,952.5967741935484,0.0,0.0,2.361290322580645,1.0830645161290322,1.278225806451613,0.0,0.8943548387096775
367,2061.0795684423465,3.7749561699258263,2.509777478084963,2.7923128792987186,1.8739042481456507,0.48954821308159135,940.8927848954821,0.0,0.0,1.2191503708698583,0.6635198921105866,0.5556304787592717,0.0,0.9561699258260283
368,2087.531655225019,0.9314950419527079,2.5713196033562165,2.532418001525553,1.717772692601068,0.5102974828375286,945.5835240274599,0.0,0.0,1.6453089244851258,0.7894736842105263,0.8558352402745996,0.0,0.9824561403508771
369,2055.1354166666665,7.922035256410257,3.047275641025641,2.6474358974358974,1.4879807692307692,0.657051282051282,903.0921474358975,0.0,0.0,2.344551282051282,1.0889423076923077,1.2556089743589745,0.0,0.8677884615384616
370,2078.607962213225,3.7268353576248314,2.443994601889339,2.8960863697705803,2.0330634278002697,0.48380566801619435,953.1005398110661,0.0,0.0,1.852901484480432,0.9014844804318488,0.951417004048583,0.0,0.9520917678812416
371,2085.346511627907,2.357937984496124,2.7503875968992246,2.3627906976744186,1.65968992248062,0.5224806201550387,916.8356589147287,0.0,0.0,1.8550387596899225,0.8480620155038759,1.0069767441860464,0.0,0.9775193798449613
372,2073.29444009397,5.265724353954581,3.167580266249021,2.4009397024275647,1.59592795614722,0.6131558339859045,933.981989036805,0.0,0.0,1.879404855129209,0.8598277212216131,1.0195771339075959,0.0,0.9083790133124511
373,2052.113975576662,5.845807327001356,2.3331071913161465,3.0020352781546813,1.9402985074626866,0.4898236092265943,925.4369063772049,0.0,0.0,2.3670284938941655,1.2469470827679783,1.1200814111261872,0.0,0.9382632293080054
374,2109.953174603175,2.2304444444444447,2.93968253968254,2.138888888888889,1.703968253968254,0.5047619047619047,946.618253968254,0.0,0.0,1.8531746031746033,0.8531746031746031,1.0,0.0,0.9746031746031746
375,2078.9963099630995,4.068597785977859,3.2132841328413284,2.4952029520295205,1.5387453874538746,0.5867158671586716,908.1173431734318,0.0,0.0,1.3232472324723248,0.6760147601476014,0.6472324723247233,0.0,0.9173431734317343
376,2076.9158553546595,4.714610570236439,2.523643949930459,2.8595271210013906,1.7955493741307371,0.4944367176634214,904.0250347705146,0.0,0.0,1.5271210013908205,0.7573018080667594,0.7698191933240612,0.0,0.9534075104311543
377,2117.868400918133,1.8233205814843152,2.7230298393267023,2.481254781943382,1.5730680948737568,0.5034429992348891,922.9349655700076,0.0,0.0,2.3496557000765113,1.105585309869931,1.24407039020658,0.0,0.9747513389441469
378,2078.1354642313545,4.01072298325723,2.8097412480974127,2.8013698630136985,1.6019786910197868,0.6156773211567732,959.5639269406392,0.0,0.0,1.8691019786910197,0.9200913242009132,0.9490106544901066,0.0,0.9185692541856926
379,2069.011154855643,7.0534514435695534,2.158792650918635,2.965223097112861,1.818241469816273,0.489501312335958,928.4757217847769,0.0,0.0,1.6561679790026247,0.8169291338582677,0.839238845144357,0.0,0.9219160104986877
380,2118.8658823529413,0.5979372549019608,2.7090196078431372,2.2839215686274508,1.8180392156862746,0.4996078431372549,968.4580392156863,0.0,0.0,2.5803921568627453,1.20078431372549,1.379607843137255,0.0,0.984313725490196
381,2076.96174863388,5.134629195940671,3.120218579234973,2.5534738485558157,1.375487900078064,0.6213895394223263,959.2060889929743,0.0,0.0,1.964871194379391,0.9375487900078064,1.0273224043715847,0.0,0.8946135831381733
382,2078.818065342729,3.4296156310057655,2.333119795003203,2.558616271620756,2.071748878923767,0.48878923766816146,954.5925688661115,0.0,0.0,1.4003843689942346,0.7238949391415759,0.6764894298526586,0.0,0.9500320307495196
383,2115.218579234973,1.6681889149102263,2.628415300546448,2.6651053864168617,1.5784543325526932,0.5035128805620609,965.8610460577673,0.0,0.0,1.5402029664324746,0.7283372365339579,0.8118657298985168,0.0,0.9812646370023419
384,2069.94592476489,5.533800940438872,3.3275862068965516,2.44435736677116,1.6026645768025078,0.6371473354231975,953.2774294670846,0.0,0.0,1.29858934169279,0.6442006269592476,0.6543887147335423,0.0,0.9075235109717869
385,2073.5491071428573,5.368080357142857,2.350765306122449,2.725127551020408,2.042091836734694,0.4559948979591837,945.8080357142857,0.0,0.0,1.3271683673469388,0.6543367346938775,0.6728316326530612,0.0,0.9419642857142857
386,2114.8114285714287,1.831330612244898,3.1151020408163266,2.3224489795918366,1.5330612244897959,0.5208163265306123,951.1575510204082,0.0,0.0,1.6179591836734695,0.7648979591836734,0.8530612244897959,0.0,0.9706122448979592
387,2110.900152439024,5.04703506097561,3.2827743902439024,2.59375,1.4329268292682926,0.6257621951219512,906.311737804878,0.0,0.0,2.192073170731707,1.0373475609756098,1.1547256097560976,0.0,0.9092987804878049
388,2080.086500655308,4.150176933158584,2.122542595019659,2.882699868938401,2.026867627785059,0.5026212319790302,930.5255570117955,0.0,0.0,1.2293577981651376,0.6369593709043251,0.5923984272608126,0.0,0.9370904325032765
389,2129.7884615384614,3.2405,2.5615384615384613,2.4846153846153847,1.52,0.5115384615384615,881.016923076923,0.0,0.0,1.9476923076923076,0.95,0.9976923076923077,0.0,0.9676923076923077
390,2103.126391096979,5.303966613672496,2.953100158982512,2.84181240063593,1.5715421303656598,0.6271860095389508,932.3529411764706,0.0,0.0,2.3100158982511925,1.1939586645468998,1.1160572337042924,0.0,0.9157392686804452
391,2079.7047747141896,5.172730329522529,2.26630800268998,2.784801613987895,1.9320780094149295,0.5279085406859448,893.1492938802959,0.0,0.0,1.183591123066577,0.6193678547410895,0.5642232683254875,0.0,0.9381304640215198
392,2102.8648036253776,2.571382175226586,2.620845921450151,2.3119335347432024,1.809667673716012,0.4916918429003021,941.8640483383685,0.0,0.0,1.4667673716012084,0.7590634441087614,0.7077039274924471,0.0,0.972809667673716
393,2094.394716981132,5.447041509433962,2.9049056603773584,2.860377358490566,1.5056603773584907,0.5909433962264151,939.9449056603773,0.0,0.0,2.0241509433962266,0.9222641509433962,1.1018867924528302,0.0,0.9132075471698113
394,2062.379487179487,6.395858974358975,2.4166666666666665,2.4339743589743588,2.107051282051282,0.48333333333333334,935.074358974359,0.0,0.0,1.166025641025641,0.5923076923076923,0.5737179487179487,0.0,0.933974358974359
395,2130.9389489953633,1.2199149922720247,2.7171561051004636,2.383307573415765,1.7704791344667696,0.5077279752704791,946.274343122102,0.0,0.0,1.9095826893353942,0.955177743431221,0.9544049459041731,0.0,0.9806800618238022
396,2091.225218080888,7.465662172878669,3.5019825535289453,2.6074544012688343,1.3647898493259318,0.6502775574940524,932.4139571768437,0.0,0.0,2.103885804916733,0.9873116574147502,1.1165741475019826,0.0,0.8865979381443299
397,2074.715389568577,5.24950418544752,2.4533161622665807,2.735994848679974,1.8222794591113973,0.4816484224082421,945.2659368963297,0.0,0.0,2.0856406954282036,1.0148100450740503,1.0708306503541531,0.0,0.9401159047005795
398,2107.1539027982326,1.051281296023564,2.528718703976436,2.5169366715758468,1.7341678939617085,0.4889543446244477,955.3961708394698,0.0,0.0,1.9101620029455082,0.9720176730486009,0.9381443298969072,0.0,0.9808541973490427
399,2080.8193901485533,7.551344800625489,3.0383111806098513,2.692728694292416,1.5027365129007038,0.6387802971071149,905.7138389366693,0.0,0.0,2.2689601250977325,1.0930414386239249,1.1759186864738076,0.0,0.8835027365129007
400,2061.7153141361255,4.992316753926702,2.4142670157068062,2.9096858638743455,1.9725130890052356,0.5078534031413613,965.5909685863875,0.0,0.0,1.6040575916230366,0.8102094240837696,0.793848167539267,0.0,0.9424083769633508
401,2081.581993569132,3.364019292604502,2.8456591639871385,2.4059485530546625,1.6382636655948553,0.5498392282958199,940.7620578778135,0.0,0.0,1.6784565916398715,0.7966237942122186,0.8818327974276527,0.0,0.9670418006430869
402,2070.3934049079753,5.154332822085889,3.0920245398773005,2.4263803680981595,1.5774539877300613,0.6326687116564417,936.1863496932515,0.0,0.0,1.7331288343558282,0.8220858895705522,0.911042944785276,0.0,0.9003067484662577
403,2039.1577574967405,6.3582333767926995,2.2359843546284224,2.9726205997392436,1.894393741851369,0.4908735332464146,932.8767926988266,0.0,0.0,1.2640156453715776,0.6531942633637549,0.6108213820078227,0.0,0.9315514993481095
404,2087.1741835147745,1.328118195956454,2.9090202177293936,2.228615863141524,1.7581648522550544,0.5023328149300156,946.0979782270607,0.0,0.0,1.692068429237947,0.8258164852255054,0.8662519440124417,0.0,0.97900466562986
405,2088.946536144578,6.105534638554216,3.2454819277108435,2.6069277108433737,1.5911144578313252,0.6137048192771084,907.3704819277109,0.0,0.0,1.7025602409638554,0.8396084337349398,0.8629518072289156,0.0,0.8990963855421686
406,2061.7943797121316,4.078958190541466,2.5119945167923237,2.8773132282385196,1.7758738862234407,0.5277587388622345,883.9814941740918,0.0,0.0,1.2748457847840986,0.6429061000685401,0.6319396847155586,0.0,0.9520219328307059
407,2088.019908116386,1.9412404287901992,2.694486983154671,2.596477794793262,1.5306278713629402,0.5176110260336907,902.54134762634,0.0,0.0,1.8621745788667687,0.8843797856049005,0.9777947932618682,0.0,0.9762633996937213
408,2077.409947249435,3.7415674453654866,2.86284853051997,2.7596081386586286,1.589299171062547,0.6450640542577242,933.9366993217784,0.0,0.0,1.7648831951770911,0.8643556895252449,0.9005275056518462,0.0,0.9223813112283346
409,2036.521298174442,7.743265720081136,2.133874239350913,3.0094658553076403,1.909398242055443,0.49290060851926976,893.1250845165653,0.0,0.0,1.4043272481406355,0.6964164976335362,0.7079107505070994,0.0,0.9188640973630832
410,2098.20390625,0.3549609375,2.6953125,2.2796875,1.7953125,0.49609375,931.00078125,0.0,0.0,2.0796875,0.98125,1.0984375,0.0,0.9875
411,2074.989898989899,5.3391919191919195,3.2946127946127945,2.7516835016835017,1.4326599326599327,0.67003367003367,923.543771043771,0.0,0.0,1.8594276094276094,0.8905723905723906,0.9688552188552189,0.0,0.8897306397306397
412,2056.58024691358,5.68896686159844,2.350227420402859,2.6439246263807665,2.1260558804418452,0.5081221572449642,923.7322936972059,0.0,0.0,1.6939571150097466,0.8421052631578947,0.8518518518518519,0.0,0.9376218323586745
413,2103.7301587301586,0.7342142857142857,2.6658730158730157,2.7666666666666666,1.6873015873015873,0.5246031746031746,926.0071428571429,0.0,0.0,2.0253968253968253,0.9055555555555556,1.1198412698412699,0.0,0.9809523809523809
414,2077.5619641465314,5.80091192517537,3.2369446609508965,2.431800467653936,1.6235385814497272,0.6289945440374123,902.3421667965705,0.0,0.0,2.0,0.9742790335151987,1.0257209664848013,0.0,0.897116134060795
415,2057.064617314931,6.100075282308658,2.424090338770389,2.7672521957340024,2.00564617314931,0.47176913425345046,903.1286072772898,0.0,0.0,1.197616060225847,0.6104140526976161,0.5872020075282308,0.0,0.9303638644918444
416,2119.8934911242604,1.5437362637362637,3.195266272189349,2.371090448013525,1.566356720202874,0.5274725274725275,871.3203719357565,0.0,0.0,2.2628909551986474,1.1242603550295858,1.1386306001690618,0.0,0.9729501267962807
417,2093.978277734678,7.975042668735454,3.3894491854150504,2.570209464701319,1.4375484871993793,0.6462373933281613,893.8712179984484,0.0,0.0,2.1155934833204033,1.020946470131885,1.0946470131885182,0.0,0.8844065166795966
418,2066.417852522639,4.268783958602846,2.0905562742561448,2.89391979301423,2.021345407503234,0.48771021992238034,873.9385510996119,0.0,0.0,1.4857697283311773,0.7807244501940491,0.705045278137128,0.0,0.9417852522639069
419,2107.228983186549,2.1392714171337066,2.6140912730184147,2.658126501200961,1.644515612489992,0.5164131305044035,883.4475580464372,0.0,0.0,2.22097678142514,1.067253803042434,1.153722978382706,0.0,0.9711769415532426
420,2083.6299275945294,4.574851166532582,2.893805309734513,2.8045052292839903,1.6001609010458568,0.6468222043443282,893.3049074818987,0.0,0.0,2.311343523732904,1.0941271118262268,1.2172164119066773,0.0,0.915526950925181
421,2048.287680660702,5.96655196145905,2.341362697866483,2.8430832759807294,1.9862353750860289,0.5092911218169305,903.7591190640055,0.0,0.0,1.0598761183757743,0.5361321403991741,0.5237439779766001,0.0,0.9394356503785272
422,2087.933484504913,2.3197808012093724,2.671957671957672,2.4278155706727134,1.743764172335601,0.4965986394557823,892.1436130007559,0.0,0.0,1.7739984882842026,0.8337112622826909,0.9402872260015117,0.0,0.9727891156462585
423,2079.196483180428,5.729495412844037,2.9128440366972477,2.8845565749235473,1.5061162079510704,0.6253822629969419,893.0680428134557,0.0,0.0,2.188073394495413,1.051223241590214,1.1368501529051989,0.0,0.9051987767584098
424,2055.7513623978202,4.923508174386921,2.517711171662125,2.5565395095367847,2.1580381471389645,0.5252043596730245,918.2942779291553,0.0,0.0,1.5320163487738419,0.7268392370572208,0.8051771117166212,0.0,0.944141689373297
425,2085.996908809892,1.5614219474497681,2.6816074188562595,2.438176197836167,1.8153013910355487,0.500772797527048,916.2673879443586,0.0,0.0,2.7179289026275115,1.241885625965997,1.4760432766615146,0.0,0.9791344667697064
426,2076.1783741120757,5.7587371744277815,3.515390686661405,2.57379636937648,1.3583267561168113,0.6566692975532754,911.6250986582478,0.0,0.0,2.983425414364641,1.3157063930544592,1.6677190213101816,0.0,0.8942383583267561
427,2053.568575233023,4.313488681757656,2.5053262316910785,2.7796271637816243,1.836884154460719,0.49001331557922767,906.6431424766978,0.0,0.0,1.3122503328894808,0.689081225033289,0.6231691078561917,0.0,0.9494007989347537
428,2075.32856066315,1.5318236623963828,2.566691785983421,2.5199698568198947,1.7543330821401657,0.5071590052750565,895.2984174830444,0.0,0.0,1.5900527505651847,0.7174076865109269,0.8726450640542577,0.0,0.9781461944235117
429,2047.84375,6.914375,3.076923076923077,2.7788461538461537,1.407852564102564,0.6522435897435898,894.5216346153846,0.0,0.0,1.720352564102564,0.78125,0.9391025641025641,0.0,0.8822115384615384
430,2053.256358768407,4.444879518072289,2.392904953145917,2.9437751004016066,1.9846050870147256,0.4785809906291834,932.0957161981258,0.0,0.0,1.5809906291834002,0.7938420348058902,0.7871485943775101,0.0,0.9511378848728246
431,2080.945902943516,2.3082657120127283,2.781225139220366,2.3914081145584727,1.6077963404932378,0.5163086714399363,907.2275258552108,0.0,0.0,1.364359586316627,0.6428003182179793,0.7215592680986476,0.0,0.9777247414478918
432,2048.522292993631,5.74234076433121,3.230095541401274,2.453025477707006,1.5565286624203822,0.6273885350318471,908.9386942675159,0.0,0.0,1.2531847133757963,0.5915605095541401,0.6616242038216561,0.0,0.8988853503184714
433,2054.3614617940198,4.012431893687707,2.3056478405315612,3.0219269102990034,1.9275747508305647,0.5122923588039867,907.0285714285715,0.0,0.0,1.2677740863787375,0.6976744186046512,0.5700996677740864,0.0,0.9388704318936877
434,2081.0108275328694,2.057246713070379,2.891724671307038,2.2242846094354216,1.7308584686774942,0.5042536736272235,888.3062645011601,0.0,0.0,1.25754060324826,0.5668986852281516,0.6906419180201083,0.0,0.9791183294663574
435,2068.1118827160494,7.042106481481481,3.1998456790123457,2.6018518518518516,1.5825617283950617,0.6226851851851852,880.1435185185185,0.0,0.0,1.9444444444444444,0.966820987654321,0.9776234567901234,0.0,0.8919753086419753
436,2056.2425295343987,4.40174426685198,2.462821403752606,2.8811674774148712,1.8172341904100069,0.49409312022237667,896.9728978457262,0.0,0.0,1.3683113273106324,0.7143849895760945,0.6539263377345379,0.0,0.9555246699096595
437,2076.0818330605566,2.1670703764320782,2.80278232405892,2.6522094926350244,1.5220949263502455,0.5450081833060556,898.5679214402619,0.0,0.0,1.5842880523731588,0.7675941080196399,0.8166939443535188,0.0,0.9787234042553191
438,2074.326452599388,2.866727828746177,2.8111620795107033,2.8111620795107033,1.573394495412844,0.6253822629969419,905.5711009174312,0.0,0.0,1.8157492354740061,0.8922018348623854,0.9235474006116208,0.0,0.922782874617737
439,2059.410904255319,6.155851063829787,2.0797872340425534,2.980718085106383,1.8058510638297873,0.4920212765957447,881.3590425531914,0.0,0.0,1.6023936170212767,0.7666223404255319,0.8357712765957447,0.0,0.9335106382978723
440,2104.5256704980843,0.8519157088122605,2.7295019157088123,2.357854406130268,1.6559386973180077,0.5172413793103449,907.3295019157088,0.0,0.0,1.7164750957854407,0.8237547892720306,0.89272030651341,0.0,0.98544061302682
441,2058.8674509803923,5.567592156862745,3.061176470588235,2.594509803921569,1.4070588235294117,0.6415686274509804,876.675294117647,0.0,0.0,1.4768627450980392,0.7215686274509804,0.7552941176470588,0.0,0.9027450980392157
442,2075.7313144329896,3.2554252577319587,2.3518041237113403,2.55090206185567,2.0521907216494846,0.47809278350515466,921.7615979381443,0.0,0.0,1.3775773195876289,0.6945876288659794,0.6829896907216495,0.0,0.958118556701031
443,2096.1266209000764,0.5690770404271548,2.522501906941266,2.721586575133486,1.6094584286803966,0.5003813882532419,922.438596491228,0.0,0.0,1.9374523264683448,0.9534706331045004,0.9839816933638444,0.0,0.9824561403508771
444,2068.2722222222224,6.674166666666667,3.3674603174603175,2.4126984126984126,1.6468253968253967,0.6309523809523809,879.5031746031746,0.0,0.0,2.011904761904762,0.95,1.061904761904762,0.0,0.9
445,2063.62421185372,5.7498045397225725,2.380201765447667,2.74968474148802,1.9564943253467844,0.4848675914249685,887.5189155107188,0.0,0.0,1.5762925598991173,0.757250945775536,0.8190416141235813,0.0,0.9350567465321563
446,2103.8985985160757,1.901368507831822,3.127782357790602,2.411376751854905,1.54080791426216,0.5243198680956307,884.3577906018137,0.0,0.0,2.107996702390767,1.0164880461665293,1.0915086562242373,0.0,0.9711459192085737
447,2101.945194598888,5.795583796664019,3.2684670373312152,2.613979348689436,1.4694201747418587,0.6465448768864178,874.6783161239078,0.0,0.0,3.0023828435266084,1.4320889594916602,1.5702938840349483,0.0,0.9007148530579825
448,2061.0025046963056,4.417858484658735,2.1120851596743897,2.7639323731997494,1.9668127739511585,0.48966812773951157,889.9580463368817,0.0,0.0,1.5942391984971822,0.8315591734502191,0.7626800250469631,0.0,0.939261114589856
449,2124.358974358974,2.958509615384615,2.637019230769231,2.715544871794872,1.5360576923076923,0.5384615384615384,887.8333333333334,0.0,0.0,2.94150641025641,1.422275641025641,1.5192307692307692,0.0,0.969551282051282
450,2092.641554321967,6.047795400475813,2.9896907216494846,2.8009516256938936,1.5455987311657415,0.6558287073750991,885.2252180808882,0.0,0.0,2.6026962727993657,1.2410785091197463,1.3616177636796194,0.0,0.9072164948453608
451,2051.974149659864,5.691319727891156,2.3183673469387753,2.827891156462585,1.9462585034013606,0.4925170068027211,913.0952380952381,0.0,0.0,1.398639455782313,0.7353741496598639,0.6632653061224489,0.0,0.9394557823129251
452,2077.707478005865,4.008313782991203,2.6019061583577714,2.371700879765396,1.8057184750733137,0.501466275659824,900.8907624633431,0.0,0.0,1.7280058651026393,0.8064516129032258,0.9215542521994134,0.0,0.967008797653959
453,2091.5299145299145,6.1578710178710185,2.9044289044289044,2.975912975912976,1.4871794871794872,0.6355866355866356,901.1328671328671,0.0,0.0,2.439005439005439,1.1592851592851592,1.2797202797202798,0.0,0.9044289044289044
454,2053.610859728507,6.016515837104072,2.528765352294764,2.4673561732385263,2.0982546864899807,0.48804137039431156,924.6289592760181,0.0,0.0,1.535229476405947,0.7866839043309631,0.7485455720749838,0.0,0.9237233354880414
455,2122.0446293494706,1.7909001512859306,2.698940998487141,2.4069591527987897,1.773071104387292,0.4969742813918306,908.5219364599093,0.0,0.0,1.5287443267776097,0.7337367624810892,0.7950075642965204,0.0,0.9742813918305597
456,2072.991129032258,7.029895161290322,3.529032258064516,2.608064516129032,1.3508064516129032,0.6508064516129032,884.8072580645161,0.0,0.0,1.6717741935483872,0.7879032258064517,0.8838709677419355,0.0,0.8782258064516129
457,2067.76131147541,6.6305508196721314,2.482622950819672,2.76,1.8157377049180328,0.4977049180327869,917.2150819672131,0.0,0.0,1.5036065573770492,0.7645901639344262,0.7390163934426229,0.0,0.939672131147541
458,2112.4584286803965,1.0442562929061785,2.6186117467581997,2.5453852021357743,1.8070175438596492,0.4973302822273074,928.1014492753624,0.0,0.0,1.7490465293668955,0.8070175438596491,0.9420289855072463,0.0,0.9824561403508771
459,2068.217908082409,7.190309033280507,2.8462757527733755,2.696513470681458,1.441362916006339,0.6473851030110935,915.4659270998416,0.0,0.0,2.0380348652931852,1.0071315372424723,1.0309033280507132,0.0,0.8827258320126783
460,2071.9058507061195,4.738607935440484,2.4357767316745123,2.9589778076664426,1.976462676529926,0.49159381304640215,926.8439811701412,0.0,0.0,2.04640215198386,1.039004707464694,1.007397444519166,0.0,0.9495628782784129
461,2082.665878644602,2.955957446808511,2.768321513002364,2.4152876280535853,1.5815602836879432,0.5208825847123719,913.4105594956659,0.0,0.0,2.0386130811662726,0.9204097714736013,1.1182033096926713,0.0,0.9700551615445232
462,2073.348228043143,5.793990755007704,3.1440677966101696,2.4607087827426812,1.561633281972265,0.6240369799691834,912.1394453004623,0.0,0.0,2.1687211093990757,1.0677966101694916,1.100924499229584,0.0,0.901386748844376
463,2067.8608521970705,3.611724367509987,2.2576564580559255,3.0226364846870837,1.9121171770972036,0.4866844207723036,913.3075898801598,0.0,0.0,1.8468708388814914,0.8921438082556591,0.9547270306258322,0.0,0.9454061251664447
464,2092.972972972973,3.4912400635930045,3.0325914149443562,2.357710651828299,1.6828298887122417,0.5151033386327504,924.0699523052464,0.0,0.0,2.2432432432432434,1.0922098569157392,1.151033386327504,0.0,0.9682034976152624
465,2070.911265432099,5.176782407407408,3.0972222222222223,2.607253086419753,1.5439814814814814,0.6257716049382716,872.2677469135803,0.0,0.0,1.9884259259259258,0.9691358024691358,1.0192901234567902,0.0,0.9027777777777778
466,2081.7865897620763,2.4254001441961064,2.409516943042538,2.950252343186734,1.8658976207642393,0.5068493150684932,898.5861571737563,0.0,0.0,1.7642393655371305,0.855803893294881,0.9084354722422494,0.0,0.9682768565248738
467,2114.187401574803,3.342976377952756,2.7921259842519683,2.6141732283464565,1.4929133858267716,0.5181102362204725,899.5173228346457,0.0,0.0,2.7291338582677165,1.3070866141732282,1.4220472440944882,0.0,0.9708661417322835
468,2072.652406417112,4.1812299465240645,2.828113063407181,2.7815126050420167,1.5790679908326968,0.6287242169595111,873.5859434682964,0.0,0.0,2.097784568372804,0.9793735676088617,1.1184110007639418,0.0,0.9197860962566845
469,2068.641610738255,6.361919463087249,2.1006711409395975,2.995973154362416,1.8261744966442952,0.487248322147651,881.0973154362416,0.0,0.0,2.0738255033557045,1.0657718120805368,1.0080536912751679,0.0,0.9335570469798657
470,2117.4131971720344,0.31534956794972513,2.727415553809898,2.3322859387274155,1.6747839748625295,0.5058915946582875,890.7674783974862,0.0,0.0,1.8609583660644147,0.9096622152395916,0.9512961508248232,0.0,0.98586017282011
471,2066.9552117263843,7.885602605863193,3.1083061889250816,2.6848534201954397,1.4283387622149837,0.6530944625407166,870.521986970684,0.0,0.0,2.50814332247557,1.2092833876221498,1.2988599348534202,0.0,0.8802931596091205
472,2094.841352405722,4.831970091027308,2.2652795838751625,2.605331599479844,2.102080624187256,0.49219765929778936,865.4031209362809,0.0,0.0,1.9967490247074122,1.0208062418725619,0.9759427828348505,0.0,0.9486345903771132
473,2116.647590361446,2.313953313253012,2.5022590361445785,2.6438253012048194,1.588855421686747,0.48418674698795183,891.0888554216867,0.0,0.0,2.4088855421686746,1.180722891566265,1.2281626506024097,0.0,0.9774096385542169
474,2082.4171122994653,6.979686783804431,3.2032085561497325,2.33231474407945,1.6195569136745607,0.6042780748663101,892.5920550038197,0.0,0.0,2.410236822001528,1.1245225362872422,1.2857142857142858,0.0,0.9022154316271963
475,2075.0334549878344,5.611058394160584,2.338807785888078,2.6648418491484187,1.948905109489051,0.49148418491484186,873.6094890510949,0.0,0.0,2.400851581508516,1.1277372262773722,1.2731143552311435,0.0,0.9245742092457421
476,2104.553316540722,2.7138790931989925,3.218303946263644,2.331654072208228,1.5096557514693534,0.5650713685978169,877.0419815281276,0.0,0.0,3.7262804366078925,1.748110831234257,1.9781696053736355,0.0,0.9697732997481109
477,2101.964588144727,4.882040030792918,3.2925327174749808,2.5981524249422634,1.4572748267898383,0.636643571978445,910.2663587374903,0.0,0.0,2.4695919938414166,1.2140107775211701,1.2555812163202464,0.0,0.9068514241724404
478,2065.3060428849903,4.0192072774528915,2.087719298245614,2.862248213125406,1.999350227420403,0.5237166991552956,883.069525666017,0.0,0.0,1.5100714749837556,0.7654320987654321,0.7446393762183235,0.0,0.9486679662118258
479,2127.018167456556,1.632954186413902,2.59478672985782,2.5932069510268563,1.5466034755134281,0.5387045813586098,871.2693522906793,0.0,0.0,2.8199052132701423,1.3230647709320695,1.4968404423380726,0.0,0.9747235387045814
480,2098.0138996138994,5.760432432432433,2.911969111969112,2.75984555984556,1.552895752895753,0.6378378378378379,898.6756756756756,0.0,0.0,3.0386100386100385,1.4501930501930502,1.5884169884169883,0.0,0.9104247104247104
481,2066.92012987013,4.7744805194805195,2.274025974025974,2.712987012987013,1.8902597402597403,0.5,884.1461038961039,0.0,0.0,1.6636363636363636,0.8467532467532467,0.8168831168831169,0.0,0.9396103896103896
482,2120.3616207951072,1.575993883792049,2.6299694189602447,2.3570336391437308,1.7255351681957187,0.4892966360856269,918.9831804281346,0.0,0.0,2.0351681957186543,0.9357798165137615,1.099388379204893,0.0,0.9808868501529052
483,2071.2952308856925,8.444466313398939,2.834216502649508,2.8591975775927327,1.4557153671461014,0.6161998485995458,889.2520817562453,0.0,0.0,1.9379258137774413,0.8955336866010598,1.0423921271763816,0.0,0.8879636638909917
484,2069.067237969677,3.8688925510876726,2.380355965721819,2.4733025708635465,2.127224785761371,0.5016479894528675,918.9835201054714,0.0,0.0,1.6308503625576796,0.8279499011206328,0.8029004614370469,0.0,0.956493078444298
485,2117.1797056545315,2.215398915569326,2.7242447714949654,2.412083656080558,1.6607281177381874,0.5096824167312161,901.7614252517428,0.0,0.0,1.972889233152595,1.007745933384973,0.965143299767622,0.0,0.9744384198295895
486,2096.127693535515,5.761835594573025,3.582601755786113,2.593774940143655,1.3511572226656026,0.644852354349561,912.8723064644853,0.0,0.0,2.5594573024740623,1.1364724660814047,1.4229848363926576,0.0,0.8866719872306464
487,2073.9858299595144,6.154804318488529,2.473684210526316,2.842780026990553,1.8758434547908232,0.5006747638326585,899.2935222672065,0.0,0.0,1.5742240215924426,0.8380566801619433,0.7361673414304993,0.0,0.9433198380566802
488,2124.709881422925,1.0538814229249012,2.6600790513833994,2.5549407114624505,1.658498023715415,0.5264822134387351,903.8830039525692,0.0,0.0,2.3715415019762847,1.1067193675889329,1.2648221343873518,0.0,0.9802371541501976
489,2105.708094848733,5.465257563368765,3.0482420278004905,2.7260834014717905,1.5036794766966477,0.6549468520032706,887.9632052330335,0.0,0.0,2.0466067048242027,0.9942763695829926,1.0523303352412101,0.0,0.8986099754701553
490,2097.840425531915,4.001695478723405,2.4202127659574466,2.9102393617021276,1.9787234042553192,0.5019946808510638,915.0219414893617,0.0,0.0,2.5059840425531914,1.2320478723404256,1.273936170212766,0.0,0.9488031914893617
491,2104.7274180655477,2.019320543565148,2.82414068745004,2.3940847322142287,1.645083932853717,0.5331734612310152,910.5331734612311,0.0,0.0,1.920863309352518,0.8928856914468425,1.0279776179056754,0.0,0.973621103117506
492,2091.4537750385207,5.491579352850539,3.243451463790447,2.522342064714946,1.6016949152542372,0.6217257318952234,907.1009244992296,0.0,0.0,2.3089368258859784,1.0608628659476118,1.2480739599383668,0.0,0.9098613251155624
493,2078.870094722598,5.358795669824087,2.284167794316644,3.087956698240866,1.9418132611637349,0.4939106901217862,923.1468200270637,0.0,0.0,1.969553450608931,1.0128552097428958,0.9566982408660352,0.0,0.942489851150203
494,2118.2904725019366,1.7207281177381875,2.921766072811774,2.2532920216886136,1.7753679318357862,0.5003872966692486,917.4965143299768,0.0,0.0,2.0472501936483347,0.9643687064291248,1.0828814872192098,0.0,0.9744384198295895
495,2089.336656441718,6.401104294478528,3.105828220858896,2.6725460122699385,1.6012269938650308,0.6165644171779141,903.8412576687117,0.0,0.0,1.5191717791411044,0.7078220858895705,0.8113496932515337,0.0,0.8980061349693251
496,2079.093622795115,5.344857530529172,2.5278154681139755,2.827001356852103,1.7890094979647218,0.4966078697421981,911.3677069199457,0.0,0.0,1.6153324287652646,0.8290366350067843,0.7862957937584804,0.0,0.9491180461329715
497,2112.206598586017,2.2984917517674783,2.809897879025923,2.605655930871956,1.408483896307934,0.5090337784760408,891.6724273369992,0.0,0.0,2.2576590730557737,1.1484681853888452,1.1091908876669285,0.0,0.9725058915946583
498,2083.72460496614,5.307163280662152,2.7389014296463507,2.8314522197140706,1.6162528216704288,0.618510158013544,905.7298720842739,0.0,0.0,1.6042136945071481,0.7629796839729119,0.8412340105342363,0.0,0.9172310007524455
499,2061.5390163934426,6.7465049180327865,2.146885245901639,2.936393442622951,1.860327868852459,0.48655737704918034,903.6354098360656,0.0,0.0,1.440655737704918,0.7363934426229508,0.7042622950819672,0.0,0.920655737704918
500,2109.277508090615,1.3664563106796117,2.81957928802589,2.440129449838188,1.7451456310679612,0.5210355987055016,906.5113268608415,0.0,0.0,2.133495145631068,0.9668284789644013,1.1666666666666667,0.0,0.9813915857605178
501,2071.5243506493507,7.057321428571429,3.2021103896103895,2.727272727272727,1.468344155844156,0.6590909090909091,874.2678571428571,0.0,0.0,1.8522727272727273,0.9025974025974026,0.9496753246753247,0.0,0.8912337662337663
502,2079.637908496732,5.303908496732026,2.3562091503267975,2.6601307189542482,2.1065359477124184,0.4888888888888889,922.5470588235294,0.0,0.0,1.8679738562091504,0.9856209150326798,0.8823529411764706,0.0,0.9398692810457516
503,2097.586956521739,3.5125310559006215,2.625,2.718167701863354,1.6374223602484472,0.515527950310559,946.069099378882,0.0,0.0,2.013198757763975,0.9976708074534162,1.015527950310559,0.0,0.9712732919254659
504,2080.8218527315917,5.712715756136183,3.3475851148060176,2.4085510688836105,1.6049089469517024,0.6460807600950119,919.5534441805225,0.0,0.0,1.791765637371338,0.8242280285035629,0.9675376088677752,0.0,0.9041963578780681
505,2075.119460500963,5.935356454720617,2.418754014129737,2.8182402055234426,2.076429030186256,0.4720616570327553,923.6422607578677,0.0,0.0,1.0642260757867694,0.5009633911368016,0.5632626846499679,0.0,0.9338471419396275
506,2112.0626587637594,1.9149534292972057,3.1735817104149024,2.4309906858594412,1.5774767146486028,0.5554614733276884,912.85266723116,0.0,0.0,1.6435224386113463,0.8348856900931414,0.8086367485182049,0.0,0.9737510584250635
507,2105.6802827965435,5.3947211311861745,3.386488609583661,2.6897093479968577,1.399057344854674,0.6268656716417911,908.5797329143755,0.0,0.0,2.1468970934799687,1.0078554595443834,1.1390416339355853,0.0,0.9080911233307148
508,2062.678712220762,4.359822601839684,2.1274638633377134,2.916557161629435,2.068988173455979,0.5026281208935611,914.2187910643889,0.0,0.0,1.2516425755584757,0.621550591327201,0.6300919842312747,0.0,0.9395532194480947
509,2109.041074249605,2.589210110584518,2.7243285939968405,2.6500789889415484,1.5600315955766193,0.5086887835703001,919.870458135861,0.0,0.0,1.8933649289099526,0.9225908372827805,0.9707740916271722,0.0,0.9691943127962085
510,2084.10760953113,5.657186779400461,2.891621829362029,2.7832436587240585,1.631053036126057,0.6149116064565718,919.783243658724,0.0,0.0,2.8101460415065334,1.2913143735588009,1.5188316679477325,0.0,0.9108378170637971
511,2061.9065860215055,4.124818548387096,2.317204301075269,2.8178763440860215,1.9455645161290323,0.519489247311828,910.2829301075269,0.0,0.0,1.467741935483871,0.7923387096774194,0.6754032258064516,0.0,0.9354838709677419
512,2098.5076810534015,1.2538112655449891,2.5098756400877833,2.4030724213606436,1.7761521580102415,0.4725676664228237,946.9114850036576,0.0,0.0,1.7168983174835406,0.852962692026335,0.8639356254572056,0.0,0.9831748354059985
513,2080.435483870968,4.423663594470046,2.945468509984639,2.893241167434716,1.4723502304147464,0.6228878648233487,926.8033794162826,0.0,0.0,1.6797235023041475,0.7741935483870968,0.9055299539170507,0.0,0.9109062980030722
514,2053.837403598972,4.839627249357327,2.4203084832904884,2.4325192802056557,2.122107969151671,0.4794344473007712,915.7422879177378,0.0,0.0,1.467866323907455,0.7712082262210797,0.6966580976863753,0.0,0.9338046272493573
515,2087.88939740656,2.6535850495804727,2.6872616323417238,2.4935163996948893,1.797864225781846,0.4843630816170862,930.7597254004577,0.0,0.0,1.6132723112128147,0.813119755911518,0.8001525553012967,0.0,0.977116704805492
516,2076.7045840407472,5.36751273344652,3.609507640067912,2.7283531409168083,1.4117147707979627,0.6731748726655348,921.1171477079796,0.0,0.0,2.7215619694397284,1.2589134125636672,1.4626485568760612,0.0,0.8955857385398981
517,2069.1148197596794,5.0613417890520696,2.557409879839786,2.833110814419226,1.8524699599465955,0.493324432576769,902.2817089452603,0.0,0.0,1.6281708945260347,0.8518024032042724,0.7763684913217623,0.0,0.9405874499332443
518,2089.0575321725964,0.31221801665404997,2.5389856169568508,2.4958364875094627,1.7993943981831946,0.48750946252838756,914.884935654807,0.0,0.0,1.4314912944738833,0.6169568508705526,0.8145344436033308,0.0,0.9863739591218774
519,2056.739448051948,5.3954545454545455,3.1217532467532467,2.768668831168831,1.4707792207792207,0.6655844155844156,916.7800324675325,0.0,0.0,1.9448051948051948,0.8693181818181818,1.0754870129870129,0.0,0.8952922077922078
520,2048.385742838108,5.503950699533644,2.369753497668221,2.875416389073951,1.9993337774816788,0.46169220519653564,918.217854763491,0.0,0.0,1.4670219853431046,0.6888740839440373,0.7781479013990673,0.0,0.9467021985343105
521,2084.834142394822,1.8361893203883497,2.813915857605178,2.4789644012944985,1.6124595469255663,0.5283171521035599,928.7508090614887,0.0,0.0,1.7249190938511327,0.8762135922330098,0.848705501618123,0.0,0.9716828478964401
522,2050.3212025316457,5.062523734177215,3.2705696202531644,2.4485759493670884,1.5680379746835442,0.6352848101265823,942.6455696202531,0.0,0.0,1.2816455696202531,0.5933544303797469,0.6882911392405063,0.0,0.9034810126582279
523,2041.7800393959292,5.7159947472094546,2.3591595535128036,3.0551543007222586,1.9166119500984897,0.5226526592252134,940.8831254103743,0.0,0.0,1.2738017071569272,0.6454366382140512,0.6283650689428759,0.0,0.9264609323703218
524,2078.1484375,3.1831640625,2.9171875,2.325,1.7265625,0.50390625,934.70859375,0.0,0.0,2.26484375,1.046875,1.21796875,0.0,0.9671875
525,2078.5651503469544,5.243107170393215,3.12875867386276,2.6368542791056284,1.6376252891287586,0.6407093292212799,932.4171164225135,0.0,0.0,1.8342328450269854,0.8473400154202004,0.9868928296067849,0.0,0.9036237471087124
526,2062.925642807505,6.120750521195275,2.516330785267547,2.85406532314107,1.8304378040305769,0.5045170257123002,907.6177901320361,0.0,0.0,1.7491313412091731,0.8839471855455178,0.8651841556636554,0.0,0.9478804725503822
527,2100.0694769711163,2.260007806401249,2.7439500390320064,2.7150663544106166,1.4543325526932085,0.5128805620608899,930.5612802498049,0.0,0.0,2.243559718969555,1.0405932864949259,1.2029664324746292,0.0,0.9765807962529274
528,2070.952887537994,4.351101823708206,2.8009118541033433,2.7507598784194527,1.5759878419452888,0.6117021276595744,917.2826747720364,0.0,0.0,1.8541033434650456,0.8768996960486323,0.9772036474164134,0.0,0.9217325227963525
529,2063.3762441937624,6.246104844061048,2.117451891174519,3.0,1.8334439283344393,0.48971466489714666,901.0683477106835,0.0,0.0,1.8579960185799602,0.9223623092236231,0.935633709356337,0.0,0.9349701393497014
530,2122.19498381877,0.7121278317152104,2.7758899676375406,2.3932038834951457,1.6804207119741101,0.5412621359223301,922.5631067961165,0.0,0.0,2.605177993527508,1.307443365695793,1.2977346278317152,0.0,0.9813915857605178
531,2067.309734513274,5.213708769107,3.107803700724055,2.680611423974256,1.4690265486725664,0.6548672566371682,903.3008849557522,0.0,0.0,2.847948511665326,1.3998390989541432,1.4481094127111827,0.0,0.8986323411102172
532,2057.34417696812,4.938666232921275,2.3493819128171762,2.564736499674691,2.0579050097592715,0.4703968770331815,934.9141184124919,0.0,0.0,1.5510735198438517,0.7260897852960312,0.8249837345478205,0.0,0.9401431359791802
533,2091.275646045419,1.2792560689115113,2.5841816758026623,2.64291307752545,1.6092404072043853,0.5176194205168363,919.087705559906,0.0,0.0,2.3249804228660924,1.1574001566170713,1.1675802662490211,0.0,0.9843382928739233
534,2070.817614964926,5.184380358534685,3.2431800467653935,2.4621979734996104,1.598597038191738,0.6282151208106002,904.2127825409198,0.0,0.0,2.3219017926734216,1.078721745908028,1.2431800467653935,0.0,0.9025720966484801
535,2048.4178255372944,6.516744627054361,2.420353982300885,2.760429835651075,2.02212389380531,0.5050568900126422,908.7699115044247,0.0,0.0,1.1662452591656132,0.5398230088495575,0.6264222503160556,0.0,0.9209860935524652
536,2095.2465078060804,1.0539359079704191,3.0542317173377156,2.456039441248973,1.5291700903861956,0.504519309778143,931.4231717337716,0.0,0.0,1.9580936729663105,0.990139687756779,0.9679539852095317,0.0,0.9819227608874281
537,2075.4353413654617,5.829726907630523,3.3686746987951808,2.6947791164658637,1.423293172690763,0.6433734939759036,936.4843373493976,0.0,0.0,1.4819277108433735,0.7269076305220884,0.7550200803212851,0.0,0.8931726907630522
538,2063.9040105193953,2.7424128862590402,1.982905982905983,2.9309664694280078,2.0433925049309667,0.4740302432610125,909.5062458908612,0.0,0.0,1.143984220907298,0.6028928336620645,0.5410913872452334,0.0,0.9526627218934911
539,2089.6411906677395,2.181769911504425,2.658889782783588,2.68543845534996,1.5728077232502011,0.5181013676588898,909.3475462590507,0.0,0.0,2.1327433628318584,1.010458567980692,1.1222847948511665,0.0,0.9734513274336283
540,2076.8053166536356,4.3769741985926505,2.9382329945269743,2.8162627052384677,1.5856137607505865,0.63721657544957,901.9319781078968,0.0,0.0,1.9945269741985927,1.0086004691164974,0.9859265050820953,0.0,0.9265050820953871
541,2037.1693917593198,5.49429038587312,2.236102027468934,2.7135382603008504,1.9025506867233486,0.4754741661216481,915.9058207979072,0.0,0.0,1.063440156965337,0.5441465009810333,0.5192936559843034,0.0,0.9306736429038587
542,2076.1944652206435,0.8859386686611818,2.537023186237846,2.3971578160059837,1.712789827973074,0.48616305160807777,959.2572924457742,0.0,0.0,1.4779356768885565,0.655946148092745,0.8219895287958116,0.0,0.9842931937172775
543,2056.4936138241924,4.537618332081141,2.8978211870773856,2.8873027798647635,1.4710743801652892,0.6063110443275732,927.8797896318557,0.0,0.0,1.6701728024042073,0.7791134485349361,0.8910593538692713,0.0,0.9173553719008265
544,2040.6754161331626,5.96371318822023,2.4590268886043534,2.478233034571063,2.066581306017926,0.5006402048655569,923.3130601792574,0.0,0.0,1.2285531370038412,0.6536491677336748,0.5749039692701664,0.0,0.9302176696542894
545,2090.081737849779,1.561421207658321,2.621502209131075,2.4366715758468334,1.7128129602356406,0.47201767304860087,937.5765832106039,0.0,0.0,1.4123711340206186,0.6686303387334315,0.7437407952871871,0.0,0.9771723122238586
546,2042.0328677074774,6.210591618734593,3.5875102711585867,2.752670501232539,1.3656532456861135,0.6811832374691865,920.2588331963846,0.0,0.0,1.5571076417419885,0.7534921939194741,0.8036154478225144,0.0,0.8775677896466721
547,2050.8814913448737,5.842689747003994,2.5246338215712383,2.8209054593874834,1.833555259653795,0.5139813581890812,901.0486018641811,0.0,0.0,1.3355525965379493,0.6897470039946738,0.6458055925432756,0.0,0.940745672436751
548,2077.5665914221217,1.2608653122648608,2.5522949586155006,2.545522949586155,1.693754702784048,0.5033860045146726,921.7787810383747,0.0,0.0,1.6689240030097818,0.8209179834462002,0.8480060195635817,0.0,0.9811888638073739
549,2046.5477145148357,5.700665597433841,3.038492381716119,2.801924619085806,1.4546912590216519,0.6599839615076183,920.6583801122695,0.0,0.0,1.2542101042502005,0.5597433841218925,0.6944667201283079,0.0,0.888532477947073
550,2069.3497409326424,3.3585103626943007,2.3115284974093266,2.8536269430051813,1.91580310880829,0.45595854922279794,923.8633419689119,0.0,0.0,1.7759067357512954,0.9067357512953368,0.8691709844559585,0.0,0.966321243523316
551,2074.551639344262,1.4593114754098362,2.8836065573770493,2.5073770491803278,1.6024590163934427,0.521311475409836,925.572131147541,0.0,0.0,1.3959016393442623,0.6827868852459016,0.7131147540983607,0.0,0.978688524590164
552,2048.748062015504,3.7443410852713175,3.2418604651162792,2.462015503875969,1.531782945736434,0.6356589147286822,940.6023255813953,0.0,0.0,1.0984496124031007,0.5263565891472868,0.5720930232558139,0.0,0.9124031007751938
553,2042.797796500324,4.958651976668826,2.276733635774465,2.913804277381724,1.8865845755022683,0.49902786779001945,918.0207388204796,0.0,0.0,0.9034348671419313,0.4847699287103046,0.4186649384316267,0.0,0.9351911860012961
554,2079.0,1.1264719626168223,2.9143302180685358,2.1970404984423677,1.7079439252336448,0.4976635514018692,943.3730529595016,0.0,0.0,1.1565420560747663,0.5475077881619937,0.6090342679127726,0.0,0.9789719626168224
555,2044.380694980695,4.789305019305019,3.216988416988417,2.5938223938223937,1.5382239382239382,0.6293436293436293,892.9938223938224,0.0,0.0,1.1436293436293437,0.5382239382239382,0.6054054054054054,0.0,0.9042471042471042
556,2039.028062970568,5.570294318959617,2.5037645448323067,2.8302532511978096,1.781656399726215,0.4928131416837782,913.7652292950035,0.0,0.0,0.9233401779603012,0.48254620123203285,0.4407939767282683,0.0,0.9390828199863107
557,2070.328525641026,2.722980769230769,2.8661858974358974,2.6770833333333335,1.486378205128205,0.5432692307692307,929.880608974359,0.0,0.0,1.5961538461538463,0.7219551282051282,0.874198717948718,0.0,0.969551282051282
558,2060.4318010550114,3.1193745290128105,2.7445365486058777,2.7822155237377544,1.5056518462697814,0.6337603617181613,910.8183873398643,0.0,0.0,1.1989449886963075,0.4981160512434062,0.7008289374529013,0.0,0.9321778447626224
559,2040.7634338138926,6.015511140235911,2.1166448230668413,2.9370904325032767,1.809305373525557,0.5026212319790302,893.0760157273919,0.0,0.0,1.0019659239842726,0.5288335517693316,0.47313237221494103,0.0,0.927916120576671
560,2095.244696969697,0.0722727272727273,2.6984848484848483,2.3545454545454545,1.6818181818181819,0.48484848484848486,910.8863636363636,0.0,0.0,1.9234848484848486,0.9318181818181818,0.9916666666666667,0.0,0.9901515151515151
561,2042.1272030651342,5.696513409961685,3.1846743295019158,2.6237547892720308,1.4084291187739464,0.6091954022988506,916.5440613026819,0.0,0.0,1.0521072796934865,0.5019157088122606,0.550191570881226,0.0,0.8942528735632184
562,2045.2061263560945,5.1920995532865355,2.3803446075303127,2.5775366943203575,2.0638162093171664,0.5118059987236758,912.0459476707084,0.0,0.0,1.0427568602425017,0.5775366943203574,0.4652201659221442,0.0,0.9342693044033185
563,2060.2486772486773,2.670914588057445,2.526077097505669,2.6636432350718064,1.6228269085411942,0.5003779289493575,954.2305366591081,0.0,0.0,1.0287226001511716,0.5026455026455027,0.5260770975056689,0.0,0.9765684051398337
564,2057.258687258687,5.463513513513513,3.3374517374517376,2.383783783783784,1.5405405405405406,0.637065637065637,950.8216216216216,0.0,0.0,1.715830115830116,0.7861003861003861,0.9297297297297298,0.0,0.9111969111969112
565,2042.4095711622126,5.537476693598508,2.3716594157862025,2.7302672467371036,1.9552517091361095,0.4847731510254817,935.1640770665009,0.0,0.0,0.8993163455562461,0.4331883157240522,0.4661280298321939,0.0,0.9229334990677439
566,2062.674230145867,3.44597244732577,3.201782820097245,2.3905996758508916,1.5429497568881685,0.553484602917342,968.9716369529983,0.0,0.0,1.659643435980551,0.7909238249594813,0.8687196110210696,0.0,0.9651539708265803
567,2050.8370313695486,4.314521805661821,3.3098699311400153,2.5776587605202756,1.4223412394797246,0.6182096403978576,966.4024483550115,0.0,0.0,1.4185156847742924,0.65876052027544,0.7597551644988524,0.0,0.9043611323641928
568,2041.9482976040354,3.652295081967213,2.121689785624212,2.848045397225725,1.969735182849937,0.5069356872635561,927.827238335435,0.0,0.0,0.742749054224464,0.37894073139974777,0.36380832282471626,0.0,0.9413619167717528
569,2054.003940110323,2.488912529550827,2.6304176516942475,2.7163120567375887,1.5460992907801419,0.5066981875492513,931.2765957446809,0.0,0.0,0.9267139479905437,0.4499605988967691,0.47675334909377465,0.0,0.9763593380614657
570,2054.8287461773702,4.333830275229357,2.9610091743119265,2.7308868501529053,1.569571865443425,0.6230886850152905,932.9166666666666,0.0,0.0,1.9281345565749235,0.9074923547400612,1.0206422018348624,0.0,0.9136085626911316
571,2031.4852564102564,5.20975,2.257051282051282,2.671153846153846,1.8634615384615385,0.49423076923076925,945.4282051282051,0.0,0.0,0.8102564102564103,0.4282051282051282,0.382051282051282,0.0,0.933974358974359
572,2071.62415603901,1.1454988747186796,2.59039759939985,2.4373593398349587,1.7104276069017255,0.4838709677419355,963.6054013503376,0.0,0.0,1.1357839459864967,0.5633908477119279,0.5723930982745686,0.0,0.9849962490622656
573,2044.876839659179,3.550364058869094,2.9829589465530595,2.9860573199070486,1.4523625096824166,0.6212238574748257,934.4694035631294,0.0,0.0,0.713400464756003,0.343144848954299,0.37025561580170413,0.0,0.9225406661502711
574,2030.9160702667534,5.6568835393623935,2.4853610930383865,2.469095640858816,2.081327260897853,0.49642160052049444,932.1047495120364,0.0,0.0,1.228366948601171,0.6284970722186076,0.5998698763825634,0.0,0.9362394274560832
575,2062.411320754717,2.845411320754717,2.720754716981132,2.4558490566037734,1.7720754716981133,0.5033962264150943,936.6890566037736,0.0,0.0,1.3026415094339623,0.6724528301886793,0.630188679245283,0.0,0.9743396226415094
576,2048.8218298555375,5.148154093097913,3.5080256821829856,2.651685393258427,1.3443017656500802,0.6500802568218299,942.0866773675763,0.0,0.0,1.667736757624398,0.797752808988764,0.869983948635634,0.0,0.9044943820224719
577,2034.881109643329,5.162655217965654,2.5250990752972258,2.8408190224570675,1.8467635402906208,0.512549537648613,948.607001321004,0.0,0.0,0.928005284015852,0.5,0.42800528401585203,0.0,0.9412153236459709
578,2070.620472440945,0.7631574803149607,2.704724409448819,2.6283464566929133,1.6598425196850393,0.5283464566929134,957.3291338582677,0.0,0.0,1.3062992125984252,0.6165354330708661,0.6897637795275591,0.0,0.9795275590551181
579,2046.044835868695,5.342393915132106,3.1297037630104083,2.8062449959967974,1.4835868694955965,0.6525220176140912,960.8999199359488,0.0,0.0,1.6188951160928744,0.7566052842273819,0.8622898318654924,0.0,0.8943154523618895
580,2051.2013157894735,4.811144736842105,2.4125,2.899342105263158,1.9625,0.48947368421052634,945.3315789473684,0.0,0.0,2.2401315789473686,1.1414473684210527,1.0986842105263157,0.0,0.9453947368421053
581,2044.5236567762631,3.35757016840417,2.8195669607056937,2.4105854049719326,1.6255012028869287,0.5525260625501203,948.4603047313552,0.0,0.0,1.1058540497193263,0.5148356054530874,0.591018444266239,0.0,0.9663191659983962
582,2041.2047184170472,5.4610958904109586,3.1423135464231353,2.426179604261796,1.5502283105022832,0.6377473363774734,955.7541856925419,0.0,0.0,1.5768645357686453,0.7557077625570776,0.8211567732115678,0.0,0.9033485540334856
583,2043.5668414154652,4.065439056356487,2.2346002621231977,2.9809960681520313,1.918086500655308,0.5150720838794234,952.0668414154653,0.0,0.0,0.9141546526867628,0.4672346002621232,0.44692005242463956,0.0,0.9390563564875491
584,2064.816187594554,2.078714069591528,2.893343419062027,2.2110438729198183,1.7004538577912254,0.4962178517397882,970.6195158850227,0.0,0.0,1.8350983358547655,0.848714069591528,0.9863842662632375,0.0,0.9773071104387292
585,2056.400300978179,3.3399699021820917,3.236267870579383,2.561324303987961,1.5402558314522197,0.6260346124905944,963.0609480812641,0.0,0.0,1.36418359668924,0.6598946576373212,0.7042889390519187,0.0,0.9104589917231001
586,2047.556228956229,5.327353535353535,2.4572390572390574,2.8067340067340067,1.7952861952861954,0.5131313131313131,940.3414141414141,0.0,0.0,1.6471380471380472,0.8175084175084175,0.8296296296296296,0.0,0.9420875420875421
587,2077.3176561295295,1.2966615265998458,2.7810331534309944,2.648419429452583,1.4803392444101773,0.48342328450269856,984.4687740940632,0.0,0.0,1.889745566692367,0.8758673862760216,1.0138781804163455,0.0,0.9830377794911334
588,2060.124143183549,3.142315308453922,2.844630616907845,2.8583396801218584,1.5095201827875095,0.6367098248286367,948.2513328255902,0.0,0.0,1.722010662604722,0.8202589489718203,0.9017517136329017,0.0,0.916984006092917
589,2032.0399227301996,6.264790727623954,2.039278815196394,2.9124275595621376,1.8042498390212491,0.4971023824855119,931.122987765615,0.0,0.0,1.4417256922086286,0.7385705086928526,0.7031551835157759,0.0,0.9304571796522859
590,2093.5252679938744,1.9424655436447167,2.6837672281776417,2.4127105666156203,1.7090352220520675,0.4869831546707504,961.1523736600307,0.0,0.0,2.8246554364471668,1.3591117917304747,1.4655436447166923,0.0,0.9754977029096478
591,2037.065625,5.730921875,3.09921875,2.64609375,1.4,0.63125,946.11484375,0.0,0.0,1.2359375,0.578125,0.6578125,0.0,0.8953125
592,2052.778833967047,4.421742712294043,2.26425855513308,2.568441064638783,2.046261089987326,0.5076045627376425,959.9074778200253,0.0,0.0,1.1166032953105196,0.5703422053231939,0.5462610899873257,0.0,0.94106463878327
593,2081.9483675018982,0.7532346241457859,2.4229309035687168,2.6742596810933943,1.5588458618071375,0.49430523917995445,981.8800303720577,0.0,0.0,1.6082004555808656,0.7911921032649962,0.8170083523158694,0.0,0.9832953682611997
594,2059.350492051476,5.0199394398183195,3.13777441332324,2.3618470855412568,1.5442846328538986,0.5934897804693414,953.8009084027252,0.0,0.0,2.0022710068130203,0.9613928841786525,1.040878122634368,0.0,0.9015897047691143
595,2047.0507201001878,5.805679398872886,2.340638697557921,2.7645585472761427,1.992485911083281,0.480275516593613,944.4063869755793,0.0,0.0,1.4765184721352536,0.7157169693174703,0.7608015028177834,0.0,0.9236067626800251
596,2078.701823949247,0.9504520222045995,2.9801744647105473,2.3988897700237906,1.5178429817605075,0.5170499603489295,962.9762093576527,0.0,0.0,1.3608247422680413,0.6209357652656622,0.7398889770023791,0.0,0.9777954004758128
597,2058.0069124423962,3.648364055299539,3.3317972350230414,2.6152073732718892,1.400921658986175,0.6274961597542242,948.947004608295,0.0,0.0,1.5483870967741935,0.6497695852534562,0.8986175115207373,0.0,0.9155145929339478
598,2046.2520325203252,3.6961413383364605,2.1006879299562224,2.7817385866166355,1.9912445278298936,0.47717323327079425,936.4671669793621,0.0,0.0,1.1532207629768605,0.5440900562851783,0.6091307066916823,0.0,0.9362101313320825
599,2070.0149371069183,2.4827122641509436,2.5715408805031448,2.7932389937106916,1.5738993710691824,0.5117924528301887,946.7303459119497,0.0,0.0,1.5408805031446542,0.7122641509433962,0.8286163522012578,0.0,0.9709119496855346
600,2074.1304347826085,4.95901976284585,3.027667984189723,2.8063241106719365,1.5454545454545454,0.6450592885375495,944.008695652174,0.0,0.0,2.1146245059288535,1.0213438735177867,1.093280632411067,0.0,0.9114624505928853
601,2029.278562259307,6.067124518613607,2.1399229781771503,2.6906290115532734,1.9345314505776636,0.4865211810012837,925.5436456996149,0.0,0.0,0.6097560975609756,0.32798459563543003,0.28177150192554556,0.0,0.9293966623876765
602,2064.866866118175,0.9779506357516828,2.5400149588631264,2.412116679132386,1.75018698578908,0.487658937920718,922.1922213911743,0.0,0.0,1.1712789827973074,0.5774121166791324,0.5938668661181751,0.0,0.9865370231862378
603,2057.0349013657055,4.616358118361153,2.9726858877086495,2.8649468892261,1.4590288315629742,0.6342943854324734,943.0227617602428,0.0,0.0,1.4696509863429439,0.7147192716236722,0.7549317147192717,0.0,0.9150227617602428
604,2046.2689832689832,4.831126126126126,2.3539253539253537,2.4453024453024454,2.0444015444015444,0.4871299871299871,959.2329472329473,0.0,0.0,0.9845559845559846,0.5038610038610039,0.4806949806949807,0.0,0.9453024453024453
605,2079.372023809524,0.6964285714285714,2.640625,2.4546130952380953,1.6882440476190477,0.4836309523809524,968.6346726190476,0.0,0.0,1.2016369047619047,0.5751488095238095,0.6264880952380952,0.0,0.9858630952380952
606,2041.1902356902358,7.560984848484849,3.595117845117845,2.723063973063973,1.3383838383838385,0.6691919191919192,963.5799663299663,0.0,0.0,1.914983164983165,0.8611111111111112,1.0538720538720538,0.0,0.8821548821548821
607,2047.557853910795,4.380775694893342,2.572721396250808,2.769230769230769,1.817065287653523,0.5210084033613446,966.4343891402715,0.0,0.0,0.8558500323206205,0.4440853264382676,0.4117647058823529,0.0,0.9353587588881707
608,2071.4284578696343,1.1208744038155802,2.6701112877583464,2.550079491255962,1.7003179650238474,0.5214626391096979,985.2225755166932,0.0,0.0,1.162162162162162,0.5461049284578696,0.6160572337042926,0.0,0.9809220985691574
609,2055.953174603175,5.2904285714285715,2.8968253968253967,2.697619047619048,1.4984126984126984,0.6301587301587301,973.8468253968254,0.0,0.0,1.5158730158730158,0.7063492063492064,0.8095238095238095,0.0,0.8944444444444445
610,2057.35328562134,4.818269355888094,2.372153545868575,2.885491216655823,1.9720234222511386,0.4996746909564086,955.1366297983084,0.0,0.0,1.9830839297332465,0.9713728041639558,1.0117111255692908,0.0,0.9433962264150944
611,2064.4975609756098,1.676243902439024,2.7869918699186993,2.5,1.5577235772357723,0.551219512195122,985.6113821138212,0.0,0.0,1.0138211382113822,0.5252032520325203,0.4886178861788618,0.0,0.9739837398373984
612,2039.9930981595091,4.969041411042945,3.138803680981595,2.456288343558282,1.5414110429447854,0.6234662576687117,997.3259202453987,0.0,0.0,1.0230061349693251,0.4723926380368098,0.5506134969325154,0.0,0.8995398773006135
613,2048.9742198100407,4.278405698778833,2.2578018995929443,3.0101763907734056,1.9633649932157395,0.5,987.5997286295794,0.0,0.0,0.991180461329715,0.48778833107191316,0.5033921302578019,0.0,0.9511533242876526
614,2076.7446646341464,1.3110746951219512,2.8971036585365852,2.269817073170732,1.78125,0.5053353658536586,987.9245426829268,0.0,0.0,1.1211890243902438,0.47789634146341464,0.6432926829268293,0.0,0.979420731707317
615,2066.129713423831,3.959079939668175,3.2254901960784315,2.614630467571644,1.5874811463046756,0.6214177978883861,1005.2805429864253,0.0,0.0,1.4592760180995474,0.6447963800904978,0.8144796380090498,0.0,0.9155354449472096
616,2038.7926235212249,5.734168406402227,2.5671537926235213,2.8914405010438413,1.800974251913709,0.5219206680584552,971.0104384133612,0.0,0.0,1.1308281141266527,0.5845511482254697,0.546276965901183,0.0,0.9436325678496869
617,2059.4586872586874,3.264926640926641,2.8563706563706566,2.6494208494208493,1.579150579150579,0.5081081081081081,984.3250965250966,0.0,0.0,1.2432432432432432,0.5899613899613899,0.6532818532818533,0.0,0.9706563706563707
618,2059.8540090771558,4.018804841149773,2.8373676248108928,2.905446293494705,1.5257186081694403,0.632375189107413,972.9152798789712,0.0,0.0,1.5786686838124055,0.7155824508320726,0.8630862329803328,0.0,0.9099848714069592
619,2062.6895657809464,7.702741412832145,2.1756318859364874,2.9630589760207386,1.797148412184057,0.507453013609851,948.0602721970188,0.0,0.0,1.507453013609851,0.7368762151652625,0.7705767984445885,0.0,0.9144523655217109
620,2095.1451612903224,0.44689708141321044,2.704301075268817,2.4070660522273424,1.7726574500768049,0.48847926267281105,981.231950844854,0.0,0.0,1.7596006144393241,0.8563748079877113,0.9032258064516129,0.0,0.9877112135176651
621,2052.9657915672237,5.156833731105808,3.194908512330947,2.616547334924423,1.441527446300716,0.6475735879077168,969.8607796340493,0.0,0.0,1.6650755767700876,0.7923627684964201,0.8727128082736675,0.0,0.8957836117740652
622,2043.4521072796936,5.159533844189016,2.4061302681992336,2.602809706257982,2.083652618135377,0.5,996.7107279693487,0.0,0.0,0.8735632183908046,0.429757343550447,0.4438058748403576,0.0,0.9316730523627076
623,2073.2126220886553,1.7445454545454546,2.5236664162283997,2.6821938392186326,1.6551465063861759,0.48760330578512395,996.534936138242,0.0,0.0,1.6175807663410968,0.786626596543952,0.830954169797145,0.0,0.9782118707738543
624,2051.0706605222736,4.8066589861751154,3.3502304147465436,2.3533026113671274,1.6067588325652842,0.6351766513056836,979.2764976958525,0.0,0.0,1.6213517665130568,0.7634408602150538,0.857910906298003,0.0,0.9101382488479263
625,2062.8647975077884,4.616161993769471,2.4585669781931463,2.698442367601246,1.9657320872274144,0.49470404984423677,959.37507788162,0.0,0.0,1.1682242990654206,0.5470404984423676,0.621183800623053,0.0,0.930841121495327
626,2077.3537300922044,1.0062279966471082,3.178541492036882,2.4392288348700752,1.4911986588432522,0.5389773679798826,997.2917015926237,0.0,0.0,1.6462699077954737,0.768650461022632,0.8776194467728415,0.0,0.980720871751886
627,2072.0629742033384,4.366889226100152,3.3861911987860394,2.584218512898331,1.4385432473444613,0.6115326251896813,970.1418816388467,0.0,0.0,1.24051593323217,0.56752655538695,0.6729893778452201,0.0,0.9142640364188164
628,2050.2721437740693,4.441463414634146,2.154043645699615,2.892811296534018,2.0186136071887035,0.5006418485237484,951.2939666238767,0.0,0.0,0.9152759948652118,0.45378690629011553,0.4614890885750963,0.0,0.938382541720154
629,2079.1549186676993,2.468017041053447,2.611154144074361,2.6940356312935707,1.525174283501162,0.5197521301316809,953.5282726568552,0.0,0.0,1.6855151045701007,0.8086754453911696,0.876839659178931,0.0,0.9713400464756003
630,2072.9503816793895,3.956091603053435,2.930534351145038,2.717557251908397,1.5946564885496184,0.6091603053435114,949.6679389312977,0.0,0.0,1.9351145038167938,0.933587786259542,1.001526717557252,0.0,0.9152671755725191
631,2047.1761517615175,4.485941734417344,2.2574525745257454,2.765582655826558,1.948509485094851,0.4911924119241192,959.8550135501355,0.0,0.0,0.6883468834688347,0.39295392953929537,0.2953929539295393,0.0,0.9464769647696477
632,2073.04475308642,3.262476851851852,2.7214506172839505,2.470679012345679,1.7916666666666667,0.5146604938271605,992.341049382716,0.0,0.0,1.2746913580246915,0.566358024691358,0.7083333333333334,0.0,0.970679012345679
633,2069.4444444444443,3.9379783950617284,2.994598765432099,2.966820987654321,1.4768518518518519,0.6265432098765432,1004.2716049382716,0.0,0.0,1.8425925925925926,0.8101851851851852,1.0324074074074074,0.0,0.9128086419753086
634,2053.318,5.3147866666666665,2.5326666666666666,2.542,2.167333333333333,0.512,977.5773333333333,0.0,0.0,1.4286666666666668,0.736,0.6926666666666667,0.0,0.932
635,2072.5072780203786,2.9967176128093156,2.625909752547307,2.420669577874818,1.7634643377001455,0.4723435225618632,978.0589519650655,0.0,0.0,1.526928675400291,0.7503639010189228,0.7765647743813683,0.0,0.9708879184861717
636,2069.358695652174,3.915,3.572742474916388,2.6764214046822743,1.4230769230769231,0.6555183946488294,992.1429765886288,0.0,0.0,1.714046822742475,0.7775919732441472,0.9364548494983278,0.0,0.9038461538461539
637,2050.2550335570468,4.590053691275168,2.510738255033557,2.8134228187919463,1.825503355704698,0.5154362416107383,962.4771812080537,0.0,0.0,1.0818791946308726,0.5845637583892618,0.49731543624161073,0.0,0.9503355704697987
638,2063.4218289085547,2.0918067846607666,2.533923303834808,2.497787610619469,1.868731563421829,0.4786135693215339,935.7964601769911,0.0,0.0,0.9417404129793511,0.45353982300884954,0.4882005899705015,0.0,0.9771386430678466
639,2054.2938311688313,6.056866883116883,3.185064935064935,2.832792207792208,1.4918831168831168,0.6542207792207793,967.9618506493506,0.0,0.0,1.6623376623376624,0.7922077922077922,0.8701298701298701,0.0,0.8887987012987013
640,2062.266934942991,5.041817572099262,2.48692152917505,2.999329309188464,2.0093896713615025,0.49295774647887325,974.7894030851777,0.0,0.0,2.3440643863179074,1.1723675385647216,1.1716968477531857,0.0,0.9416498993963782
641,2064.295269168026,1.5953915171288742,2.83931484502447,2.5,1.5946166394779773,0.5261011419249593,947.5415986949429,0.0,0.0,1.2267536704730833,0.5652528548123981,0.6615008156606852,0.0,0.9787928221859706
642,2044.8251533742332,4.23579754601227,3.2124233128834354,2.4095092024539877,1.5789877300613497,0.6119631901840491,958.5222392638037,0.0,0.0,1.0820552147239264,0.4578220858895706,0.6242331288343558,0.0,0.9141104294478528
643,2056.651911468813,5.529181757209926,2.3957075788061704,3.129443326626425,1.972501676727029,0.5372233400402414,967.8262910798122,0.0,0.0,1.3460764587525151,0.6438631790744467,0.7022132796780685,0.0,0.9289067739771966
644,2083.4390822784812,0.6646123417721519,2.988132911392405,2.305379746835443,1.8251582278481013,0.5197784810126582,976.7001582278481,0.0,0.0,1.5854430379746836,0.7484177215189873,0.8370253164556962,0.0,0.9810126582278481
645,2048.543898809524,5.348742559523809,3.0766369047619047,2.595982142857143,1.6272321428571428,0.6108630952380952,952.1428571428571,0.0,0.0,1.478422619047619,0.6904761904761905,0.7879464285714286,0.0,0.9069940476190477
646,2050.553206483439,4.450225510923185,2.595489781536293,2.9055673009161382,1.8231148696264976,0.5193798449612403,949.6328400281889,0.0,0.0,1.299506694855532,0.5898520084566596,0.7096546863988724,0.0,0.9541930937279774
647,2068.3890625,2.4376406250000002,2.79921875,2.6625,1.4953125,0.521875,950.38671875,0.0,0.0,1.4453125,0.653125,0.7921875,0.0,0.97265625
648,2049.3065250379364,3.2291881638846736,2.769347496206373,2.8490136570561457,1.5955993930197268,0.6122913505311077,941.4582701062216,0.0,0.0,1.1418816388467374,0.5174506828528073,0.6244309559939302,0.0,0.9241274658573596
649,2038.7187297472456,7.557738172391446,2.1937783538561244,2.9585223590408294,1.8165910563836682,0.524303305249514,941.5670771224886,0.0,0.0,1.1445236552171096,0.5443940375891121,0.6001296176279974,0.0,0.916396629941672
650,2066.08416988417,2.0483938223938223,2.694980694980695,2.334362934362934,1.715830115830116,0.5150579150579151,951.4084942084942,0.0,0.0,1.4509652509652509,0.7505791505791506,0.7003861003861004,0.0,0.9752895752895753
651,2029.9323248407643,5.975406050955414,3.1886942675159236,2.7436305732484074,1.428343949044586,0.6855095541401274,933.75,0.0,0.0,1.0047770700636942,0.4434713375796178,0.5613057324840764,0.0,0.8869426751592356
652,2042.8619791666667,5.33216796875,2.376953125,2.6256510416666665,2.13671875,0.501953125,958.06640625,0.0,0.0,1.1783854166666667,0.5989583333333334,0.5794270833333334,0.0,0.9388020833333334
653,2077.103527607362,1.443665644171779,2.562883435582822,2.6725460122699385,1.5820552147239264,0.5015337423312883,958.8174846625767,0.0,0.0,1.521472392638037,0.7361963190184049,0.7852760736196319,0.0,0.9792944785276073
654,2050.1279809220987,5.103744038155803,3.4364069952305245,2.4713831478537363,1.6216216216216217,0.636724960254372,995.8600953895071,0.0,0.0,1.9594594594594594,0.9062003179650239,1.0532591414944357,0.0,0.9109697933227345
655,2041.8549520766774,5.326178913738019,2.3635782747603833,2.7936102236421725,2.005111821086262,0.5092651757188499,951.4619808306709,0.0,0.0,1.118849840255591,0.5738019169329074,0.5450479233226837,0.0,0.936741214057508
656,2072.57806244996,2.3407045636509207,3.1465172137710167,2.397918334667734,1.5220176140912731,0.5236188951160928,940.3258606885508,0.0,0.0,1.700560448358687,0.7758206565252201,0.9247397918334668,0.0,0.9751801441152922
657,2065.3786482334867,3.2686328725038405,3.412442396313364,2.556835637480799,1.4516129032258065,0.6344086021505376,980.5675883256529,0.0,0.0,1.903225806451613,0.8417818740399385,1.0614439324116745,0.0,0.9208909370199693
658,2041.2190860215053,4.252782258064516,2.1458333333333335,3.008736559139785,2.1001344086021505,0.5134408602150538,940.7903225806451,0.0,0.0,1.1706989247311828,0.614247311827957,0.5564516129032258,0.0,0.9543010752688172
659,2065.291698400609,2.5084996191926883,2.633663366336634,2.7006854531607005,1.5034272658035035,0.5072353389185073,938.1667936024371,0.0,0.0,1.9375476009139376,0.8575780654988576,1.07996953541508,0.0,0.968012185833968
660,2085.2697466467957,2.552414307004471,2.944858420268256,2.6929955290611027,1.4985096870342771,0.6214605067064084,948.3554396423249,0.0,0.0,2.497764530551416,1.2466467958271237,1.251117734724292,0.0,0.9202682563338301
661,2031.0763707571803,6.0414490861618795,2.2513054830287205,2.699738903394256,1.9295039164490861,0.5221932114882507,952.5287206266319,0.0,0.0,0.8152741514360313,0.45300261096605743,0.3622715404699739,0.0,0.9281984334203656
662,2062.2079940784606,0.9856032568467803,2.555144337527757,2.382679496669134,1.7231680236861584,0.4848260547742413,948.3960029607698,0.0,0.0,1.0984455958549222,0.4840858623242043,0.6143597335307179,0.0,0.9881569207994079
663,2052.8063063063064,3.2852552552552554,2.8776276276276276,2.891141141141141,1.4662162162162162,0.6351351351351351,934.7762762762762,0.0,0.0,1.228978978978979,0.5683183183183184,0.6606606606606606,0.0,0.9204204204204204
664,2034.2889030612246,6.121122448979592,2.5306122448979593,2.4489795918367347,2.052295918367347,0.5051020408163265,942.3807397959183,0.0,0.0,1.184311224489796,0.6205357142857143,0.5637755102040817,0.0,0.9190051020408163
665,2061.0143575017946,2.187229002153625,2.6001435750179467,2.313711414213927,1.7243359655419956,0.48887293610911703,977.7114142139268,0.0,0.0,1.5218951902368987,0.7092605886575736,0.8126346015793252,0.0,0.9777458722182341
666,2037.8031301482702,5.77502471169687,3.7224052718286655,2.64332784184514,1.314662273476112,0.6902800658978583,967.1219110378913,0.0,0.0,1.6408566721581548,0.7808896210873146,0.8599670510708401,0.0,0.9060955518945635
667,2040.565637065637,4.949234234234234,2.5894465894465895,2.713642213642214,1.792149292149292,0.5218790218790219,944.4157014157014,0.0,0.0,0.9066924066924067,0.46653796653796653,0.44015444015444016,0.0,0.9317889317889317
668,2063.9024390243903,1.2915342250196695,2.660896931549961,2.5806451612903225,1.7159716758457908,0.5145554681353265,945.8859166011015,0.0,0.0,1.021243115656963,0.4492525570416995,0.5719905586152636,0.0,0.983477576711251
669,2036.4409578860445,6.240536746490504,3.0949628406275806,2.8637489677952104,1.4979355904211396,0.6845582163501238,953.1816680429397,0.0,0.0,1.7002477291494633,0.8414533443435177,0.8587943848059455,0.0,0.8835672997522709
670,2059.033921302578,2.693113975576662,2.4314789687924017,2.975576662143826,1.974898236092266,0.5189959294436907,984.8283582089553,0.0,0.0,1.3459972862957938,0.6933514246947082,0.6526458616010855,0.0,0.9633649932157394
671,2059.1194915254237,3.2620677966101694,2.9788135593220337,2.549152542372881,1.5135593220338983,0.5711864406779661,980.7618644067796,0.0,0.0,1.493220338983051,0.7313559322033898,0.761864406779661,0.0,0.9694915254237289
672,2041.8166144200627,3.924545454545455,3.2539184952978055,2.4623824451410656,1.5587774294670846,0.6833855799373041,975.3025078369906,0.0,0.0,1.0031347962382444,0.4890282131661442,0.5141065830721003,0.0,0.9090909090909091
673,2051.8861517976034,5.004527296937417,2.388814913448735,3.059254327563249,1.9500665778961386,0.5193075898801598,982.5632490013315,0.0,0.0,1.1211717709720372,0.5086551264980027,0.6125166444740346,0.0,0.9287616511318242
674,2069.7439393939394,2.1339318181818183,2.918181818181818,2.2954545454545454,1.6977272727272728,0.5143939393939394,977.9636363636364,0.0,0.0,0.996969696969697,0.4636363636363636,0.5333333333333333,0.0,0.9712121212121212
675,2043.578947368421,4.735425696594428,3.281733746130031,2.6044891640866874,1.6393188854489165,0.6323529411764706,987.6517027863777,0.0,0.0,1.1037151702786379,0.4984520123839009,0.6052631578947368,0.0,0.8970588235294118
676,2050.0061728395062,3.691056241426612,2.4458161865569275,2.842935528120713,1.7935528120713307,0.5185185185185185,946.480109739369,0.0,0.0,1.120713305898491,0.5672153635116598,0.5534979423868313,0.0,0.9602194787379973
677,2069.5202177293936,1.7698367029548991,2.812597200622084,2.597200622083981,1.536547433903577,0.5062208398133748,934.0466562986003,0.0,0.0,1.2325038880248833,0.5948678071539658,0.6376360808709176,0.0,0.9782270606531882
678,2056.960240060015,2.365401350337584,2.86721680420105,2.8072018004501125,1.5798949737434358,0.6061515378844711,951.3473368342086,0.0,0.0,0.9212303075768942,0.43135783945986494,0.4898724681170293,0.0,0.9317329332333083
679,2057.701072386059,5.503981233243969,2.1548257372654156,3.005361930294906,1.873994638069705,0.49865951742627346,956.7714477211796,0.0,0.0,1.8083109919571045,0.9249329758713136,0.8833780160857909,0.0,0.9296246648793566
680,2099.78390461997,2.1509538002980624,2.6527570789865873,2.312220566318927,1.7242921013412817,0.4903129657228018,971.9694485842027,0.0,0.0,1.7041728763040238,0.8211624441132638,0.88301043219076,0.0,0.9769001490312966
681,2050.5491606714627,4.362669864108713,3.2014388489208634,2.651478816946443,1.4452438049560352,0.6554756195043965,973.1294964028777,0.0,0.0,1.4116706634692247,0.7130295763389288,0.6986410871302957,0.0,0.9024780175859313
682,2059.4034852546915,4.104128686327077,2.3820375335120643,2.6441018766756033,2.1420911528150133,0.4932975871313673,962.1487935656836,0.0,0.0,1.1306970509383378,0.5817694369973191,0.5489276139410187,0.0,0.9564343163538874
683,2090.6193798449613,0.4157364341085271,2.635658914728682,2.6984496124031008,1.6395348837209303,0.4883720930232558,952.4108527131783,0.0,0.0,1.4286821705426356,0.7031007751937984,0.7255813953488373,0.0,0.986046511627907
684,2047.377535101404,4.818065522620905,3.4001560062402496,2.3954758190327614,1.6123244929797191,0.6443057722308893,977.5390015600624,0.0,0.0,1.3861154446177848,0.6645865834633385,0.7215288611544461,0.0,0.9040561622464899
685,2050.2479546884833,6.502334801762114,2.460037759597231,2.7747010698552548,2.0056639395846445,0.4852108244178729,985.9930774071743,0.0,0.0,1.3631214600377597,0.6551290119572057,0.7079924480805538,0.0,0.920075519194462
686,2092.8660130718954,0.9583741830065359,3.195261437908497,2.4926470588235294,1.4820261437908497,0.5351307189542484,999.906045751634,0.0,0.0,1.6985294117647058,0.8169934640522876,0.8815359477124183,0.0,0.9787581699346405
687,2059.776548672566,4.73617994100295,3.2684365781710913,2.523598820058997,1.413716814159292,0.6091445427728613,950.1165191740413,0.0,0.0,1.3370206489675516,0.6320058997050148,0.7050147492625368,0.0,0.9085545722713865
688,2061.3787096774195,3.8246387096774193,2.136774193548387,2.8625806451612905,2.0238709677419355,0.5283870967741936,947.7812903225806,0.0,0.0,1.2961290322580645,0.6116129032258064,0.6845161290322581,0.0,0.9412903225806452
689,2081.8072474942173,3.278781804163454,2.5813415574402465,2.700077101002313,1.6391673091750192,0.5073245952197378,942.8350038550501,0.0,0.0,1.9306090979182728,0.8943716268311488,1.036237471087124,0.0,0.9676175790285274
690,2075.1654901960783,3.9815529411764703,3.0031372549019606,2.7662745098039214,1.6258823529411766,0.6258823529411764,976.2964705882353,0.0,0.0,2.0462745098039217,0.9811764705882353,1.0650980392156864,0.0,0.9176470588235294
691,2033.8249180327869,6.738268852459017,2.281311475409836,2.755409836065574,1.9029508196721312,0.48262295081967216,974.9724590163935,0.0,0.0,0.7960655737704918,0.3777049180327869,0.4183606557377049,0.0,0.9350819672131148
692,2079.6394913986537,1.2501795063575167,2.6222887060583395,2.462228870605834,1.7359760658189978,0.48541510845175767,975.5998504113687,0.0,0.0,1.431563201196709,0.6716529543754675,0.7599102468212415,0.0,0.9805534779356769
693,2073.809961685824,4.245019157088122,2.95095785440613,2.9164750957854406,1.4697318007662836,0.632183908045977,962.1984674329502,0.0,0.0,1.2314176245210728,0.5793103448275863,0.6521072796934866,0.0,0.9118773946360154
694,2055.2567917205693,4.36362871927555,2.488357050452781,2.4909443725743854,2.0815006468305306,0.4961190168175938,971.25808538163,0.0,0.0,1.3382923673997413,0.6610608020698577,0.6772315653298836,0.0,0.9359637774902976
695,2090.670353982301,1.6873156342182891,2.6792035398230087,2.3997050147492627,1.7514749262536873,0.47935103244837757,981.2234513274336,0.0,0.0,1.2020648967551621,0.5752212389380531,0.6268436578171092,0.0,0.976401179941003
696,2079.2041969330103,6.44317998385795,3.5819209039548023,2.5673930589184826,1.3454398708635997,0.6537530266343826,967.4665052461662,0.0,0.0,2.25181598062954,1.0347054075867634,1.2171105730427765,0.0,0.8926553672316384
697,2050.6069326357097,5.866350555918901,2.5703073904512754,2.801831262262917,1.8162197514715501,0.5003270111183781,980.2786134728581,0.0,0.0,1.0444735120994113,0.5428384565075213,0.5016350555918901,0.0,0.935251798561151
698,2089.0622655663915,2.0540885221305327,2.627906976744186,2.5371342835708925,1.7539384846211552,0.4951237809452363,988.9302325581396,0.0,0.0,1.3525881470367591,0.6481620405101275,0.7044261065266316,0.0,0.9789947486871718
699,2078.315873015873,6.97152380952381,3.052380952380952,2.7373015873015873,1.5071428571428571,0.6444444444444445,981.4976190476191,0.0,0.0,2.4682539682539684,1.0960317460317461,1.3722222222222222,0.0,0.8801587301587301
700,2075.715692711753,4.487307944845699,2.4799737360472753,2.9047931713722916,1.9770190413657256,0.5036112934996717,990.4537097833224,0.0,0.0,1.5843729481286934,0.8286277084701248,0.7557452396585687,0.0,0.9389363099146422
701,2085.2772764561114,2.4260459392945037,2.9294503691550453,2.5324036095159967,1.6316652994257588,0.5619360131255127,983.4897456931911,0.0,0.0,1.265791632485644,0.6177194421657096,0.6480721903199343,0.0,0.9696472518457753
702,2057.9482071713146,6.036286852589641,3.3155378486055778,2.5258964143426295,1.6199203187250997,0.6406374501992032,985.3219123505976,0.0,0.0,1.7107569721115539,0.851792828685259,0.8589641434262948,0.0,0.8988047808764941
703,2058.9577557755774,5.776930693069306,2.34983498349835,3.0033003300330035,1.9115511551155115,0.5313531353135313,967.4396039603961,0.0,0.0,1.3016501650165015,0.6772277227722773,0.6244224422442244,0.0,0.9194719471947195
704,2086.8763693270735,1.6099295774647886,3.0093896713615025,2.332550860719875,1.785602503912363,0.5078247261345853,1001.2754303599374,0.0,0.0,1.338810641627543,0.607981220657277,0.730829420970266,0.0,0.9765258215962441
705,2077.6133720930234,5.808989825581396,3.129360465116279,2.458575581395349,1.561046511627907,0.59375,967.6053779069767,0.0,0.0,1.489825581395349,0.7042151162790697,0.7856104651162791,0.0,0.9004360465116279
706,2062.5994397759105,6.546099439775911,2.5245098039215685,2.92296918767507,1.8235294117647058,0.5133053221288515,958.5175070028012,0.0,0.0,1.6967787114845938,0.8641456582633054,0.8326330532212886,0.0,0.9439775910364145
707,2090.890160183066,2.3117086193745235,2.7719298245614037,2.6842105263157894,1.5827612509534705,0.5072463768115942,981.6903127383677,0.0,0.0,1.6140350877192982,0.7498093058733791,0.8642257818459191,0.0,0.9755911517925248
708,2077.6347760060744,3.184669703872437,2.912680334092635,2.861807137433561,1.633257403189066,0.6233864844343204,956.1966590736522,0.0,0.0,1.6476841305998482,0.8276385725132878,0.8200455580865603,0.0,0.9278663629460896
709,2044.3842139595565,6.722785388127854,2.194390084801044,2.964774951076321,1.8101761252446185,0.5238095238095238,942.9712981082844,0.0,0.0,1.6007827788649707,0.8395303326810176,0.761252446183953,0.0,0.9256360078277887
710,2105.5381097560976,0.9036585365853658,2.6875,2.3521341463414633,1.7705792682926829,0.5030487804878049,983.3635670731708,0.0,0.0,1.9352134146341464,0.9275914634146342,1.0076219512195121,0.0,0.9855182926829268
711,2046.6161776367962,4.813505154639175,3.171292624900872,2.7224425059476607,1.3909595559080095,0.6605868358445678,973.1038858049168,0.0,0.0,1.1546391752577319,0.5860428231562252,0.5685963521015067,0.0,0.8969072164948454
712,2048.696178343949,6.297101910828026,2.449044585987261,2.626114649681529,2.0547770700636945,0.5063694267515924,978.5286624203821,0.0,0.0,1.719108280254777,0.8687898089171975,0.8503184713375797,0.0,0.9235668789808917
713,2080.8263836239576,0.9806823351023503,2.5231235784685366,2.6285064442759665,1.7141774071266112,0.4943138741470811,1004.795299469295,0.0,0.0,1.579226686884003,0.7915087187263078,0.7877179681576952,0.0,0.9825625473843821
714,2054.335949764521,4.331836734693877,3.368131868131868,2.4191522762951334,1.5934065934065933,0.6483516483516484,1008.9827315541602,0.0,0.0,1.4599686028257457,0.673469387755102,0.7864992150706437,0.0,0.9034536891679749
715,2060.2478632478633,6.613308913308914,2.3492063492063493,2.683150183150183,1.9505494505494505,0.463980463980464,976.5445665445666,0.0,0.0,1.57997557997558,0.7997557997557998,0.7802197802197802,0.0,0.9255189255189256
716,2086.6421875,1.6511640625,3.0328125,2.4078125,1.53671875,0.50703125,1003.040625,0.0,0.0,1.56328125,0.728125,0.83515625,0.0,0.97890625
717,2061.2948517940717,4.455405616224649,3.37207488299532,2.62792511700468,1.4087363494539782,0.6497659906396256,994.2808112324493,0.0,0.0,1.750390015600624,0.8712948517940717,0.8790951638065523,0.0,0.905616224648986
718,2043.9738732854344,5.953135205747877,2.179621162638798,2.889614630960157,2.038536903984324,0.5062050947093403,977.1567602873938,0.0,0.0,1.4317439581972566,0.7106466361854997,0.721097322011757,0.0,0.9340300457217505
719,2098.3386967015285,1.8820836685438453,2.688656476267096,2.6025744167337086,1.5245374094931616,0.5172968624296058,999.2518101367659,0.0,0.0,2.0024135156878518,0.9557522123893806,1.0466613032984715,0.0,0.9782783588093322
720,2081.5418604651163,4.065124031007752,2.965891472868217,2.806201550387597,1.6131782945736435,0.6209302325581395,983.7589147286822,0.0,0.0,1.913953488372093,0.9682170542635659,0.9457364341085271,0.0,0.9224806201550387
721,2042.4464534075105,4.861015299026425,2.370653685674548,2.9130737134909594,1.9541029207232268,0.5312934631432545,975.7510431154382,0.0,0.0,0.9777468706536857,0.4902642559109875,0.4874826147426982,0.0,0.9401947148817803
722,2067.635063957863,3.1466741911211438,2.5921745673438674,2.342362678705794,1.8239277652370203,0.48382242287434163,979.1098570353649,0.0,0.0,1.4830699774266365,0.7276147479307751,0.7554552294958615,0.0,0.9729119638826185
723,2051.2249426166795,3.905118592195868,2.938026013771997,2.9433817903596022,1.4506503442999235,0.6113236419280795,1004.1713848508034,0.0,0.0,2.0558530986993113,1.0160673297628156,1.0397857689364958,0.0,0.9112471308339709
724,2050.280288146693,5.818212180746562,2.4597249508840866,2.492468893254748,2.117878192534381,0.48526522593320237,1000.0897184020956,0.0,0.0,1.4662737393582188,0.7550753110674525,0.7111984282907662,0.0,0.9377865094957433
725,2071.1029185867897,2.199761904761905,2.696620583717358,2.432411674347158,1.8402457757296466,0.5061443932411674,1023.6743471582181,0.0,0.0,1.3279569892473118,0.6820276497695853,0.6459293394777266,0.0,0.9746543778801844
726,2070.853322528363,4.7824392220421394,3.5834683954619124,2.652350081037277,1.347649918962723,0.6912479740680713,985.2698541329012,0.0,0.0,2.314424635332253,1.06807131280389,1.246353322528363,0.0,0.9084278768233387
727,2042.2028985507247,5.7532674571805,2.580368906455863,2.764163372859025,1.8484848484848484,0.5243741765480896,978.0289855072464,0.0,0.0,1.564558629776021,0.7911725955204216,0.7733860342555995,0.0,0.9235836627140975
728,2077.8818660647103,0.6557261098570353,2.5733634311512414,2.5944319036869827,1.8743416102332582,0.4860797592174567,1007.2746425884123,0.0,0.0,1.7215951843491346,0.8148984198645598,0.9066967644845748,0.0,0.9864559819413092
729,2057.8883455582722,5.647131214343928,3.180114099429503,2.886715566422168,1.4694376528117359,0.654441727791361,997.7367563162185,0.0,0.0,2.6886715566422166,1.2942135289323553,1.3944580277098615,0.0,0.8891605541972291
730,2061.4292582417584,4.217664835164835,2.493818681318681,3.068681318681319,2.041208791208791,0.5096153846153846,998.878434065934,0.0,0.0,1.7129120879120878,0.8736263736263736,0.8392857142857143,0.0,0.9539835164835165
731,2073.5884146341464,2.1948704268292683,2.6935975609756095,2.4519817073170733,1.7484756097560976,0.5083841463414634,958.1631097560976,0.0,0.0,1.6509146341463414,0.7644817073170732,0.8864329268292683,0.0,0.9710365853658537
732,2049.66429699842,4.986690363349131,3.2606635071090047,2.4739336492890995,1.5789889415481833,0.6437598736176935,991.8428120063191,0.0,0.0,2.0244865718799367,0.9202211690363349,1.1042654028436019,0.0,0.8996840442338072
733,2050.2913816689465,5.123242134062927,2.378248974008208,3.1388508891928866,1.9829001367989056,0.5253077975376197,997.8378932968536,0.0,0.0,1.6928864569083448,0.8905608755129959,0.8023255813953488,0.0,0.93296853625171
734,2086.7234530175706,2.109702062643239,2.884644766997708,2.2635599694423223,1.7983193277310925,0.5042016806722689,1004.1375095492742,0.0,0.0,2.387318563789152,1.0542398777692896,1.3330786860198625,0.0,0.9770817417876242
735,2059.551982049364,3.9464173522812263,3.1039640987284964,2.6110695587135377,1.5699326851159312,0.62528047868362,1002.7277486910995,0.0,0.0,2.880329094988781,1.3148840688107704,1.5654450261780104,0.0,0.9117427075542259
736,2069.3726884779517,3.8564722617354197,2.4359886201991463,2.9310099573257467,1.8086770981507823,0.47652916073968704,1000.045519203414,0.0,0.0,2.504267425320057,1.2660028449502134,1.2382645803698435,0.0,0.968705547652916
737,2068.6432973805854,2.719144838212635,2.778120184899846,2.6718027734976886,1.5,0.49691833590138673,995.6201848998459,0.0,0.0,2.782742681047766,1.2966101694915255,1.4861325115562403,0.0,0.9738058551617874
738,2069.8384905660378,3.0427849056603775,2.827924528301887,2.822641509433962,1.6264150943396227,0.6181132075471698,1012.0384905660377,0.0,0.0,3.0950943396226416,1.4943396226415093,1.600754716981132,0.0,0.9260377358490566
739,2035.1579986833442,7.471632653061224,2.1474654377880182,2.9730085582620145,1.838051349572087,0.4878209348255431,985.7965766951942,0.0,0.0,1.9282422646477946,1.0236998025016457,0.9045424621461488,0.0,0.924292297564187
740,2062.0135338345863,2.8584285714285715,2.610526315789474,2.32406015037594,1.7548872180451127,0.5045112781954887,987.5924812030075,0.0,0.0,2.0864661654135337,0.9631578947368421,1.1233082706766917,0.0,0.9759398496240601
741,2050.400159744409,4.456238019169329,3.123003194888179,2.6861022364217253,1.4728434504792332,0.6557507987220448,963.0543130990416,0.0,0.0,2.312300319488818,1.0822683706070289,1.2300319488817892,0.0,0.902555910543131
742,2052.2956852791876,5.182918781725888,2.36992385786802,2.588197969543147,2.0488578680203045,0.4936548223350254,999.5019035532995,0.0,0.0,1.615482233502538,0.7671319796954315,0.8483502538071066,0.0,0.9289340101522843
743,2074.115328467153,0.8118613138686132,2.421897810218978,2.624817518248175,1.6656934306569342,0.4562043795620438,973.8744525547445,0.0,0.0,1.7868613138686131,0.8671532846715329,0.9197080291970803,0.0,0.983941605839416
744,2058.529985007496,3.637293853073463,3.2818590704647677,2.3553223388305846,1.5412293853073464,0.610944527736132,993.6821589205397,0.0,0.0,1.9505247376311845,0.9602698650674663,0.9902548725637181,0.0,0.9062968515742129
745,2049.714285714286,6.561620284477427,2.406307977736549,2.7198515769944343,1.9418676561533705,0.47247990105132964,998.5807050092765,0.0,0.0,1.6437847866419295,0.7965367965367965,0.847247990105133,0.0,0.9276437847866419
746,2116.3935108153078,0.9607820299500831,3.170549084858569,2.519134775374376,1.5249584026622296,0.5291181364392679,993.5773710482529,0.0,0.0,2.5632279534109816,1.1797004991680533,1.3835274542429286,0.0,0.980865224625624
747,2074.8811023622047,4.710669291338583,3.378740157480315,2.735433070866142,1.3645669291338582,0.6338582677165354,999.584251968504,0.0,0.0,2.5614173228346457,1.2307086614173228,1.330708661417323,0.0,0.8976377952755905
748,2052.8591194968553,4.050748427672955,2.208805031446541,2.789308176100629,1.9962264150943396,0.48364779874213837,982.4006289308176,0.0,0.0,1.6081761006289308,0.8075471698113208,0.8006289308176101,0.0,0.9327044025157233
749,2088.5104247104246,1.0775521235521237,2.562162162162162,2.677220077220077,1.5613899613899613,0.4965250965250965,978.4061776061776,0.0,0.0,2.9034749034749034,1.3544401544401545,1.5490347490347491,0.0,0.9799227799227799
750,2074.52288072018,3.349324831207802,2.848462115528882,2.6991747936984245,1.566391597899475,0.6114028507126782,981.7936984246062,0.0,0.0,2.3000750187546886,1.0840210052513128,1.216054013503376,0.0,0.9249812453113279
751,2037.6681701030927,6.159909793814434,2.273840206185567,2.685567010309278,1.8472938144329898,0.4948453608247423,955.6913659793814,0.0,0.0,1.5373711340206186,0.8054123711340206,0.7319587628865979,0.0,0.9278350515463918
752,2064.0505494505496,2.7824835164835164,2.5633699633699636,2.358974358974359,1.7802197802197801,0.4827838827838828,977.0446886446887,0.0,0.0,1.6556776556776556,0.8446886446886447,0.810989010989011,0.0,0.9721611721611721
753,2073.7823712948516,3.82701248049922,3.014820592823713,3.0507020280811235,1.498439937597504,0.6029641185647426,1000.9297971918877,0.0,0.0,2.876755070202808,1.3634945397815912,1.5132605304212168,0.0,0.9204368174726989
754,2050.3149454778704,5.0561193072482356,2.4541372674791533,2.4406670942912125,2.073765234124439,0.4804361770365619,1001.3470173187941,0.0,0.0,1.5535599743425272,0.8223220012828736,0.7312379730596537,0.0,0.9364977549711353
755,2078.8756400877833,3.4183394294074616,2.634235552304316,2.348207754206291,1.7329919531821507,0.46598390636430137,993.1536210680322,0.0,0.0,2.0190197512801755,0.9685442574981712,1.0504754937820044,0.0,0.9707388441843453
756,2071.2879282218596,4.735978792822186,3.5375203915171287,2.5938009787928222,1.3450244698205547,0.6370309951060359,970.2675367047308,0.0,0.0,2.3442088091353996,1.0864600326264273,1.2577487765089723,0.0,0.9029363784665579
757,2052.2652929813266,5.051680618158403,2.5260785576303926,2.7450096587250483,1.810688989053445,0.4996780424983902,962.3213135866066,0.0,0.0,2.07598197037991,1.047005795235029,1.028976175144881,0.0,0.9407598197037991
758,2079.151583710407,1.2515158371040724,2.544494720965309,2.5475113122171944,1.762443438914027,0.49095022624434387,1016.5467571644042,0.0,0.0,2.266214177978884,1.0761689291101055,1.1900452488687783,0.0,0.9819004524886877
759,2070.9772191673214,6.63732914375491,2.988216810683425,2.730557737627651,1.4901806755695208,0.6535742340926944,983.5600942655145,0.0,0.0,3.3134328358208953,1.5805184603299294,1.7329143754909662,0.0,0.8884524744697565
760,2052.8209255533197,4.638866532528504,2.5016767270288396,2.9362843729040913,2.000670690811536,0.5063715627095908,1020.1643192488262,0.0,0.0,1.972501676727029,0.9872568745808182,0.9852448021462106,0.0,0.9476861167002012
761,2084.937019969278,2.572926267281106,2.7104454685099846,2.4370199692780337,1.6797235023041475,0.49539170506912444,996.1927803379416,0.0,0.0,1.8517665130568357,0.8648233486943164,0.9869431643625192,0.0,0.977726574500768
762,2061.219492219492,3.5639639639639644,3.2866502866502865,2.5945945945945947,1.561834561834562,0.6633906633906634,1009.029484029484,0.0,0.0,2.0491400491400493,1.00982800982801,1.0393120393120394,0.0,0.9115479115479116
763,2038.929940515532,5.748222075346993,2.341044282881692,3.072042300066094,1.946463978849967,0.5327164573694646,990.9074686054197,0.0,0.0,1.8103106411103767,0.9332452081956378,0.8770654329147389,0.0,0.9272967614011897
764,2083.8330792682927,1.3632088414634147,2.9344512195121952,2.28125,1.8170731707317074,0.49771341463414637,982.15625,0.0,0.0,1.9984756097560976,0.9458841463414634,1.052591463414634,0.0,0.979420731707317
765,2054.318557475582,5.737798647633358,3.1359879789631857,2.5860255447032308,1.6108189331329827,0.6018031555221638,988.1960931630354,0.0,0.0,2.039819684447784,1.0398196844477836,1.0,0.0,0.898572501878287
766,2058.7212205270457,5.156837725381415,2.5839112343966715,2.8640776699029127,1.8280166435506242,0.49653259361997226,989.7662968099861,0.0,0.0,2.384882108183079,1.2080443828016643,1.1768377253814146,0.0,0.9459084604715673
767,2095.298541826554,1.9422026093630085,2.6999232540291636,2.612432847275518,1.6277820414428243,0.513430544896393,1000.9048349961627,0.0,0.0,2.821949347659248,1.3737528779739063,1.4481964696853415,0.0,0.9800460475825019
768,2077.3743315508023,2.4448051948051948,2.907563025210084,2.906035141329259,1.596638655462185,0.6302521008403361,1007.4912146676853,0.0,0.0,2.2826585179526355,1.0626432391138274,1.2200152788388083,0.0,0.932009167303285
769,2057.679923027582,6.009281590763309,2.0731237973059655,2.9217447081462478,1.8139833226427198,0.47915330339961515,944.33611289288,0.0,0.0,1.9441949967928158,0.9871712636305324,0.9570237331622835,0.0,0.9300833867864016
770,2093.829596412556,0.859118086696562,2.6278026905829597,2.366965620328849,1.7548579970104634,0.4857997010463378,962.6995515695068,0.0,0.0,2.616591928251121,1.2690582959641257,1.3475336322869955,0.0,0.9828101644245142
771,2057.731647634584,5.321460032626427,3.2137030995106035,2.7308319738988582,1.4192495921696575,0.6615008156606852,978.8907014681893,0.0,0.0,2.2349102773246328,1.0448613376835236,1.1900489396411094,0.0,0.8972267536704731
772,2052.520287958115,5.142388743455498,2.3756544502617802,2.615183246073298,2.0818062827225132,0.4954188481675393,968.45222513089,0.0,0.0,1.518979057591623,0.7794502617801047,0.7395287958115183,0.0,0.9365183246073299
773,2094.128526645768,1.7148589341692788,2.6300940438871474,2.69435736677116,1.6614420062695925,0.4827586206896552,989.019592476489,0.0,0.0,1.853448275862069,0.8691222570532915,0.9843260188087775,0.0,0.9843260188087775
774,2063.5,3.647062883435583,3.2845092024539877,2.423312883435583,1.6273006134969326,0.63420245398773,1011.236963190184,0.0,0.0,2.521472392638037,1.200920245398773,1.3205521472392638,0.0,0.9133435582822086
775,2051.2075111394015,5.2080076384468486,2.4302991725015914,2.7606619987269254,2.0089115213239976,0.4952259707192871,1005.8472310630171,0.0,0.0,1.5346912794398473,0.7606619987269255,0.7740292807129217,0.0,0.9408020369191598
776,2090.0474604496253,1.0599666944213155,3.2248126561199,2.4462947543713573,1.52789342214821,0.5428809325562032,981.932556203164,0.0,0.0,2.3064113238967527,1.0890924229808492,1.2173189009159033,0.0,0.9816819317235637
777,2056.4546887312845,5.056280535855004,3.3703703703703702,2.6461780929866037,1.4357762017336486,0.624113475177305,944.3648542159181,0.0,0.0,2.152876280535855,1.024428684003152,1.128447596532703,0.0,0.8975571315996848
778,2061.1749680715197,3.211653895274585,2.17816091954023,2.897828863346105,2.028097062579821,0.5076628352490421,966.0977011494252,0.0,0.0,1.6206896551724137,0.8339719029374202,0.7867177522349936,0.0,0.9425287356321839
779,2090.2523291925468,1.0943167701863354,2.593167701863354,2.748447204968944,1.611024844720497,0.5031055900621118,929.2243788819876,0.0,0.0,2.328416149068323,1.124223602484472,1.204192546583851,0.0,0.9805900621118012
780,2068.728813559322,3.667241910631741,3.0184899845916795,2.7865947611710324,1.586286594761171,0.6224961479198767,950.4791987673343,0.0,0.0,2.201848998459168,1.031587057010786,1.1702619414483821,0.0,0.9206471494607088
781,2033.6658014276443,6.629915639195328,2.2582738481505515,2.7047371836469827,1.9065541855937702,0.49967553536664505,957.3588578844906,0.0,0.0,1.447112264763141,0.7332900713822194,0.7138221933809215,0.0,0.9201817001946788
782,2073.7161339421614,1.1847260273972602,2.671993911719939,2.4292237442922375,1.7617960426179604,0.4741248097412481,977.8287671232877,0.0,0.0,1.4634703196347032,0.682648401826484,0.7808219178082192,0.0,0.982496194824962
783,2061.9147592738755,3.9825098658247833,2.962904498816101,3.0,1.5011838989739543,0.6187845303867403,955.3030781373322,0.0,0.0,1.7221783741120757,0.797947908445146,0.9242304656669298,0.0,0.9179163378058406
784,2035.5797288573274,6.58786313750807,2.446739832149774,2.487411233053583,2.089089735313105,0.49063912201420273,980.120077469335,0.0,0.0,1.2253066494512588,0.6294383473208521,0.5958683021304068,0.0,0.9315687540348612
785,2084.0086830680175,2.2471707670043415,2.6150506512301015,2.4290882778581766,1.7221418234442836,0.4768451519536903,977.4421128798842,0.0,0.0,1.711287988422576,0.8060781476121563,0.9052098408104197,0.0,0.9732272069464544
786,2051.1067729083666,5.886215139442231,3.4661354581673307,2.5729083665338646,1.3768924302788845,0.6533864541832669,962.7458167330677,0.0,0.0,2.0780876494023905,0.9474103585657371,1.1306772908366534,0.0,0.8860557768924303
787,2053.5242261103635,4.980383580080754,2.5215343203230147,2.774562584118439,1.8660834454912516,0.4946164199192463,953.9125168236877,0.0,0.0,1.5800807537012114,0.7873485868102288,0.7927321668909825,0.0,0.9488559892328399
788,2073.884586746091,1.224445271779598,2.5688756515264335,2.475800446760983,1.787788533134773,0.4787788533134773,957.5048399106478,0.0,0.0,1.6031273268801192,0.6895011169024572,0.913626209977662,0.0,0.9821295606850335
789,2062.677091477717,6.096106333072713,3.0742767787333856,2.7146207974980454,1.4745895230648944,0.619233776387803,913.931196247068,0.0,0.0,2.0695856137607507,1.0054730258014073,1.0641125879593432,0.0,0.8960125097732604
790,2071.1590443686005,4.052163822525597,2.4696245733788396,3.0600682593856656,2.0245733788395905,0.5064846416382253,944.7419795221844,0.0,0.0,1.6627986348122867,0.8047781569965871,0.8580204778156997,0.0,0.9515358361774744
791,2070.6428009441383,1.2216286388670339,2.7844217151848936,2.4114870180959875,1.7128245476003148,0.48701809598741147,969.609756097561,0.0,0.0,1.1762391817466562,0.5546813532651456,0.6215578284815106,0.0,0.98426435877262
792,2048.849884526559,3.6990069284064666,3.2363356428021555,2.5119322555812165,1.5096227867590455,0.6166281755196305,955.9599692070824,0.0,0.0,1.2578906851424172,0.6404926866820632,0.6173979984603541,0.0,0.9114703618167821
793,2061.5470262793915,3.0990041493775933,2.3291839557399725,3.1466113416320884,1.9785615491009683,0.4951590594744122,969.0691562932227,0.0,0.0,1.103734439834025,0.5663900414937759,0.5373443983402489,0.0,0.9529737206085753
794,2066.447204968944,1.840520186335404,2.9767080745341614,2.202639751552795,1.7243788819875776,0.5116459627329193,942.485248447205,0.0,0.0,1.468167701863354,0.6529503105590062,0.8152173913043478,0.0,0.9751552795031055
795,2054.043243243243,5.094918918918919,3.207722007722008,2.606949806949807,1.5922779922779924,0.6115830115830115,950.8,0.0,0.0,1.7096525096525097,0.894980694980695,0.8146718146718147,0.0,0.9042471042471042
796,2053.826989619377,4.113058823529411,2.5453287197231833,2.873356401384083,1.8,0.5100346020761246,949.8096885813148,0.0,0.0,1.4802768166089966,0.7688581314878893,0.7114186851211073,0.0,0.9480968858131488
797,2081.0682170542636,0.6153488372093023,2.706201550387597,2.686046511627907,1.512403100775194,0.4883720930232558,965.1085271317829,0.0,0.0,1.5395348837209302,0.6968992248062016,0.8426356589147287,0.0,0.986046511627907
798,2057.583783783784,2.5945405405405406,2.884942084942085,2.8795366795366797,1.566023166023166,0.6123552123552124,953.6895752895753,0.0,0.0,1.1258687258687259,0.5590733590733591,0.5667953667953668,0.0,0.9258687258687258
799,2058.6519446275543,4.839901120632828,2.140408701384311,2.969017798286091,1.8187211601845747,0.5029663810151616,948.4205669083718,0.0,0.0,1.4825313117996044,0.7185234014502307,0.7640079103493738,0.0,0.9255108767303889
800,2076.0234848484847,1.0519545454545454,2.665909090909091,2.3401515151515153,1.778030303030303,0.46060606060606063,935.9606060606061,0.0,0.0,1.437121212121212,0.6704545454545454,0.7666666666666667,0.0,0.9848484848484849
801,2050.2868277474668,5.270491036632891,3.09742790335152,2.661730319563523,1.401402961808262,0.6266562743569758,939.1247077162899,0.0,0.0,1.289166017147311,0.6586126266562744,0.6305533904910366,0.0,0.9017926734216679
802,2068.6095846645367,3.8853099041533548,2.339936102236422,2.555271565495208,2.1022364217252396,0.47987220447284346,916.7731629392971,0.0,0.0,1.0747603833865815,0.5073482428115016,0.5674121405750798,0.0,0.9424920127795527
803,2071.3183925811436,1.0885085007727975,2.542503863987635,2.6924265842349304,1.6947449768160743,0.5046367851622875,975.7982998454405,0.0,0.0,1.1939721792890263,0.5525502318392581,0.6414219474497682,0.0,0.9799072642967542
804,2049.5806451612902,3.1681353265145553,3.292682926829268,2.4862313139260426,1.6058221872541305,0.6451612903225806,956.0047206923682,0.0,0.0,0.988985051140834,0.47915027537372146,0.5098347757671126,0.0,0.918174665617624
805,2046.0673015873017,4.993339682539682,2.353015873015873,2.7942857142857145,1.9853968253968255,0.4768253968253968,950.6355555555556,0.0,0.0,1.0387301587301587,0.5015873015873016,0.5371428571428571,0.0,0.9403174603174603
806,2053.0359712230215,3.473717026378897,3.139888089528377,2.382094324540368,1.5067945643485212,0.5291766586730615,960.4716227018386,0.0,0.0,1.398880895283773,0.657074340527578,0.7418065547561951,0.0,0.9664268585131894
807,2045.5594135802469,4.751180555555555,3.2924382716049383,2.6751543209876543,1.415895061728395,0.6195987654320988,959.704475308642,0.0,0.0,1.6257716049382716,0.7631172839506173,0.8626543209876543,0.0,0.9050925925925926
808,2049.5841584158416,3.4255643564356433,2.128052805280528,2.95973597359736,2.1056105610561056,0.5102310231023103,951.7108910891089,0.0,0.0,0.8963696369636963,0.46006600660066005,0.4363036303630363,0.0,0.9379537953795379
809,2057.2053354890863,2.733977364591754,2.6944219886822958,2.747776879547292,1.549717057396928,0.5198059822150364,960.8755052546484,0.0,0.0,0.8043654001616815,0.3936944219886823,0.4106709781729992,0.0,0.9757477768795473
810,2054.812781954887,3.3068120300751884,2.8210526315789473,2.681954887218045,1.5323308270676692,0.606015037593985,932.7248120300752,0.0,0.0,1.2541353383458647,0.5834586466165413,0.6706766917293233,0.0,0.9195488721804511
811,2045.1749329758713,5.32446380697051,2.308981233243968,2.7694369973190347,1.9684986595174263,0.5093833780160858,937.171581769437,0.0,0.0,1.2285522788203753,0.6487935656836461,0.5797587131367292,0.0,0.92828418230563
812,2054.374323279196,2.6216782675947408,2.622583139984532,2.4725444702242845,1.8298530549110597,0.4895591647331787,956.199535962877,0.0,0.0,1.013921113689095,0.4833720030935808,0.5305491105955144,0.0,0.9760247486465584
813,2053.9128728414444,3.677943485086342,2.8751962323390896,3.025117739403454,1.5172684458398744,0.6436420722135008,977.2386185243328,0.0,0.0,1.2786499215070644,0.5675039246467818,0.7111459968602826,0.0,0.9254317111459969
814,2032.4891375905202,6.403383805134957,2.54641211323239,2.56550362080316,2.1283739302172484,0.5095457537853851,972.648452929559,0.0,0.0,1.021724818959842,0.532587228439763,0.489137590520079,0.0,0.9282422646477946
815,2048.3297952994694,2.982949203942381,2.700530705079606,2.473085670962851,1.7323730098559516,0.4935557240333586,971.1341925701289,0.0,0.0,1.2335102350265352,0.620166793025019,0.6133434420015162,0.0,0.9734647460197119
816,2041.364297253635,6.077019386106624,3.5621970920840065,2.6688206785137316,1.3562197092084007,0.6744749596122779,938.1954765751211,0.0,0.0,1.3723747980613894,0.6211631663974152,0.7512116316639742,0.0,0.8933764135702746
817,2027.9496732026143,6.22981045751634,2.534640522875817,2.754248366013072,1.8183006535947712,0.4973856209150327,947.7875816993464,0.0,0.0,1.0183006535947712,0.5235294117647059,0.4947712418300654,0.0,0.934640522875817
818,2065.0085205267233,1.6422927962819518,2.654531371030209,2.587141750580945,1.7598760650658405,0.5189775367931836,958.5360185902401,0.0,0.0,1.1192873741285825,0.5391169635941131,0.5801704105344694,0.0,0.9845081332300543
819,2043.396875,4.9934921875,2.98671875,2.74140625,1.44140625,0.63828125,953.87265625,0.0,0.0,1.70703125,0.8265625,0.88046875,0.0,0.89765625
820,2053.3246143527836,4.116123407109323,2.487592219986586,2.999329309188464,1.9979879275653925,0.5124077800134138,965.6814218645204,0.0,0.0,1.0469483568075117,0.5278336686787392,0.5191146881287726,0.0,0.9443326626425218
821,2063.434114793856,2.653556992724333,2.879547291835085,2.450282942603072,1.6734033953112368,0.5214227970897333,957.3152789005659,0.0,0.0,1.1050929668552951,0.555375909458367,0.549717057396928,0.0,0.9692805173807599
822,2052.6355591311344,3.9034191472244566,3.267900241351569,2.4633950120675783,1.578439259855189,0.6395816572807723,955.61786001609,0.0,0.0,1.1440064360418343,0.5478680611423974,0.5961383748994369,0.0,0.917940466613033
823,2038.6942590120161,5.050253671562083,2.3731642189586113,3.0594125500667557,1.965287049399199,0.5193591455273698,957.6101468624834,0.0,0.0,0.9118825100133512,0.4499332443257677,0.46194926568758343,0.0,0.9259012016021362
824,2060.5132743362833,2.668841512469831,3.0265486725663715,2.262268704746581,1.7320997586484312,0.5124698310539019,995.4279967819791,0.0,0.0,0.9646017699115044,0.4328238133547868,0.5317779565567177,0.0,0.9726468222043443
825,2044.322652757079,4.482138599105812,3.157973174366617,2.544709388971684,1.5618479880774963,0.5983606557377049,942.3420268256334,0.0,0.0,0.912816691505216,0.4180327868852459,0.4947839046199702,0.0,0.9031296572280179
826,2042.3806896551723,4.680227586206897,2.536551724137931,2.7848275862068967,1.7882758620689656,0.5055172413793103,954.8586206896551,0.0,0.0,1.02,0.4703448275862069,0.5496551724137931,0.0,0.9517241379310345
827,2076.0911270983215,0.9868025579536371,2.8553157474020785,2.7553956834532376,1.5787370103916867,0.518784972022382,991.6578737010392,0.0,0.0,1.1998401278976818,0.5723421262989609,0.627498001598721,0.0,0.982414068745004
828,2052.6016755521705,3.562718964204113,2.878141660319878,2.84996191926885,1.6108149276466108,0.635948210205636,970.947448591013,0.0,0.0,0.9284082254379284,0.4143183549124143,0.5140898705255141,0.0,0.9192688499619193
829,2039.8567741935483,5.3586709677419355,2.1451612903225805,2.918064516129032,1.7838709677419355,0.48,960.9387096774194,0.0,0.0,1.343225806451613,0.6587096774193548,0.6845161290322581,0.0,0.9290322580645162
830,2082.7135093167703,-0.47160714285714284,2.659937888198758,2.3392857142857144,1.7305900621118013,0.5100931677018633,953.8586956521739,0.0,0.0,1.437111801242236,0.6009316770186336,0.8361801242236024,0.0,0.9922360248447205
831,2044.129213483146,4.494662921348315,3.1853932584269664,2.706260032102729,1.5,0.630016051364366,945.0200642054575,0.0,0.0,1.5224719101123596,0.7495987158908507,0.7728731942215088,0.0,0.8996789727126806
832,2057.724885095207,4.073519369665135,2.374917925147735,2.6355876559422193,2.139198949441891,0.49047931713722914,942.5351280367695,0.0,0.0,1.3801707156927117,0.716349310571241,0.6638214051214708,0.0,0.9415627051871307
833,2060.6520061728397,1.7307947530864198,2.513117283950617,2.7646604938271606,1.7785493827160495,0.5100308641975309,934.2916666666666,0.0,0.0,1.2191358024691359,0.5347222222222222,0.6844135802469136,0.0,0.9791666666666666
834,2048.744221879815,4.10037750385208,3.231124807395994,2.4453004622496146,1.6317411402157165,0.6386748844375963,949.1240369799692,0.0,0.0,1.362095531587057,0.5839753466872111,0.7781201848998459,0.0,0.9075500770416025
835,2032.7897106109324,6.895118971061093,2.4520900321543406,2.8012861736334407,2.0289389067524115,0.47652733118971063,928.1549839228296,0.0,0.0,1.2135048231511254,0.5987138263665595,0.614790996784566,0.0,0.929903536977492
836,2061.248019017433,1.8577337559429477,3.1014263074484942,2.414421553090333,1.5966719492868462,0.5118858954041204,956.756735340729,0.0,0.0,1.3328050713153725,0.6148969889064976,0.7179080824088748,0.0,0.9778129952456418
837,2049.9855513307984,3.630844106463878,3.2798479087452472,2.5893536121673004,1.5201520912547528,0.6129277566539924,965.1095057034221,0.0,0.0,1.4714828897338403,0.6996197718631179,0.7718631178707225,0.0,0.9110266159695818
838,2040.828552803129,3.6889048239895694,2.14993481095176,2.9237288135593222,2.030638852672751,0.5071707953063885,936.0149934810952,0.0,0.0,0.7672750977835724,0.394393741851369,0.3728813559322034,0.0,0.9478487614080835
839,2071.5377431906613,1.2655875486381323,2.617898832684825,2.646692607003891,1.5642023346303502,0.488715953307393,930.0715953307393,0.0,0.0,1.3937743190661478,0.6147859922178989,0.778988326848249,0.0,0.9813229571984435
840,2051.381097560976,3.70719512195122,2.9458841463414633,2.745426829268293,1.610518292682927,0.635670731707317,907.311737804878,0.0,0.0,1.830030487804878,0.8338414634146342,0.9961890243902439,0.0,0.9245426829268293
841,2021.2228997289974,6.8630758807588075,2.3265582655826558,2.796070460704607,1.9959349593495934,0.535230352303523,924.8990514905149,0.0,0.0,0.7560975609756098,0.42276422764227645,0.3333333333333333,0.0,0.9220867208672087
842,2068.3928571428573,1.003835403726708,2.733695652173913,2.3260869565217392,1.7927018633540373,0.5,941.9138198757764,0.0,0.0,0.8982919254658385,0.40372670807453415,0.4945652173913043,0.0,0.9813664596273292
843,2057.4735632183906,3.6912183908045977,2.842911877394636,2.9486590038314175,1.5417624521072797,0.6160919540229886,916.2659003831418,0.0,0.0,1.7417624521072796,0.8620689655172413,0.8796934865900383,0.0,0.918007662835249
844,2026.8915741345527,6.99379490529066,2.5284128020901373,2.4970607446113653,2.148269105160026,0.5225342913128674,950.013716525147,0.0,0.0,0.9092096668843893,0.49118223383409537,0.41802743305029394,0.0,0.9150881776616591
845,2063.047410649161,0.7680598103574033,2.638220277169949,2.325309992706054,1.811086797957695,0.474835886214442,937.782640408461,0.0,0.0,1.1823486506199854,0.5725747629467542,0.6097738876732313,0.0,0.9861415025528811
846,2036.0725346373267,5.577440912795437,3.5167074164629177,2.6145069274653627,1.3993480032599837,0.6536267318663407,921.3814180929095,0.0,0.0,1.423797881010595,0.6356968215158925,0.7881010594947025,0.0,0.8899755501222494
847,2037.9457671957673,4.696898148148148,2.4616402116402116,2.7414021164021163,1.8353174603174602,0.5099206349206349,940.1084656084656,0.0,0.0,1.3697089947089947,0.7175925925925926,0.6521164021164021,0.0,0.9451058201058201
848,2056.9737039819684,1.5017430503380915,2.5319308790383173,2.459053343350864,1.8602554470323065,0.512396694214876,961.8812922614576,0.0,0.0,1.3651389932381668,0.695717505634861,0.6694214876033058,0.0,0.9812171299774606
849,2045.905737704918,4.424360655737705,3.130327868852459,2.8475409836065575,1.5131147540983607,0.6737704918032786,935.9975409836065,0.0,0.0,1.8811475409836065,0.8598360655737705,1.021311475409836,0.0,0.9057377049180327
850,2045.9122928176796,4.383722375690608,2.4564917127071824,3.0400552486187844,2.0587016574585637,0.4924033149171271,946.9917127071823,0.0,0.0,1.0683701657458564,0.5552486187845304,0.513121546961326,0.0,0.955110497237569
851,2055.475080385852,3.204581993569132,2.811897106109325,2.417202572347267,1.6712218649517685,0.522508038585209,962.4348874598071,0.0,0.0,1.2918006430868167,0.6487138263665595,0.6430868167202572,0.0,0.9734726688102894
852,2056.9168665067946,3.6288169464428455,3.348521183053557,2.5187849720223823,1.5947242206235013,0.6514788169464428,926.1310951239009,0.0,0.0,1.3181454836131095,0.5979216626698641,0.7202238209432454,0.0,0.9160671462829736
853,2052.421232876712,4.164691780821918,2.372602739726027,3.1082191780821917,2.008904109589041,0.5102739726027398,935.5541095890411,0.0,0.0,1.0527397260273972,0.5958904109589042,0.45684931506849313,0.0,0.9335616438356165
854,2055.6446661550267,2.7683346124328474,2.8971603990790484,2.2409823484267077,1.9201841903300076,0.5095932463545664,965.7052954719877,0.0,0.0,1.0483499616270147,0.48810437452033767,0.5602455871066769,0.0,0.9731389102072141
855,2047.0130668716372,4.351137586471944,3.253651037663336,2.6587240584166025,1.660261337432744,0.6402767102229054,957.7647963105304,0.0,0.0,2.353574173712529,1.1429669485011529,1.2106072252113758,0.0,0.9077632590315142
856,2044.298245614035,4.52060350877193,2.5550877192982457,2.880701754385965,1.8168421052631578,0.5164912280701754,948.2540350877193,0.0,0.0,1.407017543859649,0.7326315789473684,0.6743859649122808,0.0,0.952280701754386
857,2064.6764264264266,1.9711636636636638,2.764264264264264,2.6096096096096097,1.572822822822823,0.4947447447447447,934.9962462462463,0.0,0.0,1.584834834834835,0.6794294294294294,0.9054054054054054,0.0,0.9767267267267268
858,2057.8821681068343,2.2318146111547525,2.9520816967792616,2.9010212097407697,1.6653574234092694,0.6362922230950511,928.0926944226237,0.0,0.0,1.4092694422623724,0.6622152395915161,0.7470542026708562,0.0,0.9308719560094265
859,2039.9643093192333,5.332623925974884,2.2029081295439523,2.9583608724388633,1.8565763384005287,0.5128883013879709,912.6305353602115,0.0,0.0,1.0528750826173165,0.5135492399206874,0.5393258426966292,0.0,0.923331130204891
860,2072.4956658786446,1.1517966903073287,2.7328605200945626,2.334909377462569,1.8108747044917257,0.5224586288416075,925.478329393223,0.0,0.0,1.880220646178093,0.847123719464145,1.033096926713948,0.0,0.9810874704491725
861,2045.983606557377,4.538469945355191,3.1342701014832164,2.66120218579235,1.4597970335675254,0.6463700234192038,953.1319281811085,0.0,0.0,1.5932864949258392,0.7892271662763466,0.8040593286494926,0.0,0.9000780640124902
862,2058.0830090791183,2.6771465629053175,2.4429312581063556,2.6186770428015564,2.0881971465629054,0.496757457846952,923.6640726329442,0.0,0.0,0.8625162127107653,0.4357976653696498,0.4267185473411154,0.0,0.9474708171206225
863,2077.7417168674697,1.0249548192771085,2.487198795180723,2.6197289156626504,1.6731927710843373,0.5,922.8471385542168,0.0,0.0,1.6506024096385543,0.7801204819277109,0.8704819277108434,0.0,0.9819277108433735
864,2047.9223454833598,4.643217115689382,3.4619651347068148,2.426307448494453,1.6172741679873217,0.652931854199683,954.7757527733756,0.0,0.0,1.2678288431061806,0.6014263074484945,0.6664025356576863,0.0,0.9072900158478605
865,2043.1748906933167,5.57630231105559,2.4684572142410994,2.7407870081199253,1.9887570268582135,0.47845096814490945,900.580886945659,0.0,0.0,1.3272954403497814,0.655840099937539,0.6714553404122423,0.0,0.9306683322923173
866,2069.2265886287623,2.251764214046823,3.1831103678929766,2.42809364548495,1.5133779264214047,0.552675585284281,937.6379598662207,0.0,0.0,1.8536789297658862,0.8795986622073578,0.9740802675585284,0.0,0.9774247491638796
867,2060.064935064935,3.966470588235294,3.419404125286478,2.6592818945760124,1.4163483575248281,0.6195569136745608,952.3880825057296,0.0,0.0,1.7547746371275783,0.8563789152024446,0.8983957219251337,0.0,0.906035141329259
868,2043.6361221779548,4.204468791500664,2.1759628154050463,2.907038512616202,2.043824701195219,0.49335989375830014,933.0823373173971,0.0,0.0,1.2569721115537849,0.6865869853917662,0.5703851261620186,0.0,0.9462151394422311
869,2065.7014106583074,2.12269592476489,2.6551724137931036,2.623824451410658,1.5815047021943573,0.5141065830721003,942.4827586206897,0.0,0.0,1.7429467084639498,0.8181818181818182,0.9247648902821317,0.0,0.9725705329153606
870,2048.231128404669,4.069813229571984,2.925291828793774,2.756420233463035,1.5898832684824902,0.6389105058365758,939.0062256809339,0.0,0.0,2.101945525291829,0.9945525291828794,1.1073929961089495,0.0,0.9151750972762646
871,2034.6068728522337,6.0665017182130585,2.3443298969072166,2.8096219931271476,1.99106529209622,0.49896907216494846,932.8756013745705,0.0,0.0,1.1374570446735395,0.5429553264604811,0.5945017182130584,0.0,0.9374570446735395
872,2072.269552012149,1.775299924069856,2.668944570994685,2.3470007593014426,1.7873955960516326,0.4988610478359909,932.2164009111617,0.0,0.0,1.7585421412300684,0.7790432801822323,0.979498861047836,0.0,0.9810174639331815
873,2057.2826603325416,5.572628661916072,2.959619952494062,3.0467141726049087,1.4806017418844022,0.6516231195566112,934.9461599366588,0.0,0.0,2.6642913697545527,1.2161520190023754,1.4481393507521774,0.0,0.9065716547901821
874,2049.6799177518847,3.9563742289239205,2.481151473612063,2.5812200137080192,2.225496915695682,0.5037697052775874,961.5764222069911,0.0,0.0,1.3660041124057574,0.7018505825908157,0.6641535298149417,0.0,0.9513365318711446
875,2059.734442836469,2.632793053545586,2.5918958031837915,2.4138929088277856,1.8755426917510853,0.4717800289435601,908.9363241678726,0.0,0.0,1.5918958031837915,0.7814761215629522,0.8104196816208393,0.0,0.9746743849493488
876,2055.4941956882253,5.085439469320066,3.625207296849088,2.658374792703151,1.4212271973466004,0.6666666666666666,948.6766169154229,0.0,0.0,2.3855721393034828,1.0837479270315091,1.3018242122719734,0.0,0.896351575456053
877,2037.3591595535129,5.423585029546947,2.6296782665791203,2.7334208798424164,1.8312541037426133,0.5003282994090611,941.0144451739986,0.0,0.0,1.5416940249507551,0.7905449770190414,0.7511490479317138,0.0,0.9349967170059094
878,2067.2995391705067,1.891804915514593,2.642857142857143,2.557603686635945,1.7442396313364055,0.5092165898617511,972.5921658986175,0.0,0.0,1.2403993855606759,0.5637480798771122,0.6766513056835638,0.0,0.977726574500768
879,2042.52104055088,4.802257077276205,3.070390206579954,2.58530986993114,1.3932670237184392,0.6159143075745983,967.9013006885998,0.0,0.0,1.9716908951798011,0.882938026013772,1.088752869166029,0.0,0.8936495791889824
880,2049.328609986505,4.17721322537112,2.491228070175439,2.9871794871794872,1.9878542510121457,0.5148448043184886,967.493927125506,0.0,0.0,1.7334682860998651,0.8670715249662618,0.8663967611336032,0.0,0.9520917678812416
881,2068.564417177914,1.726319018404908,2.736963190184049,2.3842024539877302,1.763036809815951,0.5076687116564417,956.226226993865,0.0,0.0,1.9355828220858895,0.9754601226993865,0.9601226993865031,0.0,0.9739263803680982
882,2048.8024,2.979064,3.2656,2.4312,1.5304,0.6264,968.0376,0.0,0.0,1.7984,0.9456,0.8528,0.0,0.92
883,2047.860909690178,4.591713909030982,2.2597231377719185,3.000659195781147,1.949901120632828,0.5029663810151616,945.3618984838497,0.0,0.0,1.3856295319709955,0.6558998022412657,0.7297297297297297,0.0,0.938694792353329
884,2065.0643451930355,1.4341559424678274,2.8796366389099166,2.2460257380772144,1.8591975775927327,0.49356548069644207,994.2604087812264,0.0,0.0,1.501892505677517,0.7153671461014383,0.7865253595760787,0.0,0.9788039364118092
885,2048.3308494783905,4.5299478390462005,3.226527570789866,2.5141579731743664,1.5469448584202683,0.6102831594634873,963.0692995529062,0.0,0.0,2.3792846497764533,1.15424739195231,1.225037257824143,0.0,0.9008941877794336
886,2059.869784172662,1.925143884892086,2.483453237410072,2.950359712230216,1.8633093525179856,0.5,940.5129496402877,0.0,0.0,1.258273381294964,0.662589928057554,0.5956834532374101,0.0,0.9762589928057553
887,2059.4416932907347,2.037579872204473,2.8746006389776357,2.6166134185303513,1.54073482428115,0.5231629392971247,972.2891373801917,0.0,0.0,2.019968051118211,0.9281150159744409,1.09185303514377,0.0,0.9728434504792333
888,2051.859253499222,2.669113530326594,2.9300155520995332,2.875583203732504,1.5979782270606533,0.6594090202177294,958.0365474339036,0.0,0.0,2.1174183514774496,1.0124416796267497,1.1049766718507,0.0,0.9245723172628305
889,2041.5414181577203,6.2041020543406225,2.170311464546057,3.01921802518224,1.828363154406892,0.4963552021206097,935.7693836978132,0.0,0.0,2.262425447316103,1.1424784625579854,1.119946984758118,0.0,0.9244532803180915
890,2071.1653786707884,0.8071870170015456,2.6893353941267386,2.2727975270479135,1.8632148377125193,0.5023183925811437,939.0278207109737,0.0,0.0,2.7457496136012365,1.2720247295208655,1.473724884080371,0.0,0.9837712519319938
891,2042.6933438985736,4.855142630744849,3.1885895404120443,2.6584786053882725,1.4492868462757529,0.6489698890649762,972.3129952456418,0.0,0.0,2.6561014263074485,1.2987321711568938,1.3573692551505547,0.0,0.9001584786053882
892,2044.1691607026676,4.522147039687703,2.3929733246584255,2.616785946649317,2.077423552374756,0.49056603773584906,920.1828236824983,0.0,0.0,1.5836044242029927,0.8132726089785296,0.7703318152244633,0.0,0.9401431359791802
893,2071.4325177584847,2.108855564325178,2.6290449881610103,2.648776637726914,1.7332280978689818,0.5067087608524072,974.8121546961326,0.0,0.0,2.117600631412786,1.0552486187845305,1.0623520126282557,0.0,0.9771112865035517
894,2050.831259720062,3.029315707620529,3.3771384136858478,2.349922239502333,1.598755832037325,0.6376360808709176,957.246500777605,0.0,0.0,1.5559875583203733,0.7581648522550545,0.7978227060653188,0.0,0.9245723172628305
895,2036.547545059043,5.613536357986327,2.341205717837166,2.7010565568676195,1.9900559353635798,0.47731510254816656,907.3505282784338,0.0,0.0,1.7582349285270353,0.8806712243629583,0.877563704164077,0.0,0.9322560596643878
896,2057.0714285714284,1.993068181818182,3.137987012987013,2.3530844155844157,1.5324675324675325,0.5243506493506493,960.5771103896104,0.0,0.0,1.9943181818181819,0.9123376623376623,1.0819805194805194,0.0,0.9732142857142857
897,2050.5987606506583,3.7943454686289697,3.436870642912471,2.59721146398141,1.4376452362509682,0.6196746707978311,923.440743609605,0.0,0.0,3.04570100697134,1.5701006971340046,1.4756003098373354,0.0,0.919442292796282
898,2055.8713333333335,2.5682933333333335,2.1466666666666665,2.95,2.0713333333333335,0.496,926.7473333333334,0.0,0.0,1.786,0.884,0.902,0.0,0.9553333333333334
899,2063.933125972006,1.7217029548989113,2.6073094867807156,2.5793157076205286,1.6049766718507,0.5139968895800933,900.8973561430793,0.0,0.0,2.834370139968896,1.3685847589424571,1.4657853810264385,0.0,0.9758942457231726
900,2050.7720644666156,3.9550268610897925,2.9033000767459707,2.713737528779739,1.6085955487336914,0.6062931696085956,890.6331542594014,0.0,0.0,1.7513430544896393,0.8227168073676132,0.9286262471220261,0.0,0.9171143514965464
901,2044.277739959156,3.9257862491490814,2.3791695030633084,2.781484002722941,1.969366916269571,0.5091899251191286,906.4942137508509,0.0,0.0,1.730428863172226,0.9203539823008849,0.810074880871341,0.0,0.9414567733151804
902,2059.385747482572,2.524748257164988,2.6692486444616574,2.3330751355538344,1.7807900852052672,0.49961270333075136,907.7800154918667,0.0,0.0,2.072037180480248,0.975987606506584,1.0960495739736638,0.0,0.9744384198295895
903,2048.4534064213,4.07512920908379,2.798747063429914,2.931871574001566,1.5168363351605325,0.6217697729052467,918.6617071260767,0.0,0.0,2.0281910728269383,1.0438527799530148,0.9843382928739233,0.0,0.9193422083007048
904,2037.0765206017004,4.527972531066056,2.409417920209287,2.495748855461086,2.066710268149117,0.4754741661216481,953.1595814257685,0.0,0.0,1.3106605624591237,0.7200784826684107,0.5905820797907129,0.0,0.9411379986919556
905,2053.8310665712243,2.129727988546886,2.5819613457408734,2.322834645669291,1.7909806728704367,0.4817465998568361,923.1453113815319,0.0,0.0,1.6170365068002863,0.7487473156764496,0.8682891911238368,0.0,0.9749463135289907
906,2043.5787401574803,4.30396062992126,3.4141732283464568,2.5488188976377955,1.4070866141732283,0.6322834645669292,956.1472440944882,0.0,0.0,2.0062992125984254,0.9503937007874016,1.0559055118110237,0.0,0.9031496062992126
907,2049.384923282188,3.1248032021347565,2.607738492328219,2.7765176784523016,1.846564376250834,0.5056704469646431,940.7084723148765,0.0,0.0,1.9372915276851235,0.9539693128752502,0.9833222148098733,0.0,0.9486324216144096
908,2068.295871559633,0.002148318042813479,2.6483180428134556,2.4503058103975537,1.8509174311926606,0.5206422018348624,925.3822629969419,0.0,0.0,2.021406727828746,0.9892966360856269,1.0321100917431192,0.0,0.9900611620795107
909,2040.556179775281,4.795216693418941,3.0136436597110756,2.6653290529695024,1.4735152487961476,0.6693418940609952,947.5826645264848,0.0,0.0,2.090690208667737,1.0256821829855538,1.065008025682183,0.0,0.8980738362760835
910,2055.7842323651453,1.5995919778699863,2.3900414937759336,3.033195020746888,2.024896265560166,0.4847856154910097,947.4792531120332,0.0,0.0,1.177731673582296,0.6313969571230982,0.5463347164591977,0.0,0.9695712309820194
911,2047.8790513833992,3.244450592885375,2.7865612648221343,2.4118577075098813,1.7636363636363637,0.5320158102766799,935.6640316205534,0.0,0.0,1.1241106719367588,0.532806324110672,0.591304347826087,0.0,0.9691699604743083
912,2040.3260869565217,3.7218599033816426,3.318035426731079,2.530595813204509,1.5966183574879227,0.6481481481481481,945.8703703703703,0.0,0.0,1.5418679549114331,0.7085346215780999,0.8333333333333334,0.0,0.9098228663446055
913,2031.6421404682274,5.677879598662208,2.2501672240802675,3.0274247491638797,1.9250836120401338,0.49698996655518396,935.0147157190636,0.0,0.0,1.1337792642140467,0.5558528428093645,0.5779264214046823,0.0,0.9357859531772575
914,2055.191821561338,1.5521561338289964,2.838661710037175,2.17546468401487,1.8654275092936803,0.4944237918215613,968.7940520446097,0.0,0.0,0.9434944237918216,0.4133828996282528,0.5301115241635688,0.0,0.979182156133829
915,2041.0686274509803,4.664562594268476,3.1825037707390647,2.5950226244343892,1.6153846153846154,0.6191553544494721,943.2835595776772,0.0,0.0,1.2752639517345399,0.6206636500754148,0.6546003016591252,0.0,0.9057315233785822
916,2052.0788409703505,3.172830188679245,2.4090296495956873,2.782345013477089,1.7540431266846361,0.47035040431266845,931.1111859838275,0.0,0.0,1.6017520215633423,0.8045822102425876,0.7971698113207547,0.0,0.9716981132075472
917,2060.79793977813,1.3746038034865293,2.8510301109350236,2.609350237717908,1.6061806656101427,0.53486529318542,937.5982567353408,0.0,0.0,1.4809825673534074,0.687797147385103,0.7931854199683043,0.0,0.9801901743264659
918,2045.3598455598456,2.552756756756757,2.9644787644787645,2.8131274131274133,1.6764478764478765,0.6424710424710425,938.5791505791506,0.0,0.0,1.1907335907335908,0.5397683397683398,0.6509652509652509,0.0,0.9281853281853282
919,2035.8568575233023,5.544074567243675,2.0845539280958723,2.96404793608522,1.8495339547270306,0.5126498002663116,938.0872170439415,0.0,0.0,1.4380825565912116,0.7190412782956058,0.7190412782956058,0.0,0.9394141145139814
920,2054.4439252336447,2.066596573208723,2.710280373831776,2.352803738317757,1.7951713395638629,0.5070093457943925,924.8520249221184,0.0,0.0,1.2188473520249221,0.572429906542056,0.6464174454828661,0.0,0.9766355140186916
921,2043.0648,3.5422559999999996,3.2016,2.6632,1.44,0.6256,941.2496,0.0,0.0,1.5672,0.7128,0.8544,0.0,0.9088
922,2034.9113756613756,5.793604497354497,2.3988095238095237,2.607804232804233,2.0734126984126986,0.4914021164021164,935.3022486772487,0.0,0.0,1.5853174603174602,0.7599206349206349,0.8253968253968254,0.0,0.9378306878306878
923,2054.8728103579588,2.0152018278750954,2.4866717440974866,2.648895658796649,1.7768469154607769,0.492003046458492,963.3191165270373,0.0,0.0,1.5217060167555216,0.6999238385376999,0.8217821782178217,0.0,0.9771515613099772
924,2033.9141531322505,4.286434648105182,3.1987625676720803,2.4068058778035577,1.6388244392884763,0.6465583913379737,965.8677494199536,0.0,0.0,1.2985305491105956,0.6225831399845321,0.6759474091260634,0.0,0.9071925754060325
925,2033.2784966112138,6.121996303142329,2.3567467652495377,2.6524953789279113,1.947011706715958,0.46210720887245843,935.5748613678373,0.0,0.0,1.4688847812692545,0.7572396796056685,0.711645101663586,0.0,0.9353049907578558
926,2074.9967663702505,2.0982134195634603,3.1059013742926433,2.282942603071948,1.5739692805173808,0.5246564268391269,947.21341956346,0.0,0.0,1.7873888439773646,0.8706548100242523,0.9167340339531124,0.0,0.9692805173807599
927,2052.996003197442,4.85943245403677,3.4644284572342126,2.7106314948041565,1.4620303756994404,0.6514788169464428,959.5051958433254,0.0,0.0,2.1270983213429258,1.0039968025579535,1.123101518784972,0.0,0.9048760991207034
928,2048.428282828283,3.4642962962962964,2.169023569023569,2.983164983164983,2.121212121212121,0.5373737373737374,919.8478114478114,0.0,0.0,1.144107744107744,0.602020202020202,0.5420875420875421,0.0,0.94006734006734
929,2071.2250409165304,1.4984124386252045,2.7258592471358427,2.662847790507365,1.5540098199672667,0.5368248772504092,936.7757774140753,0.0,0.0,1.6366612111292962,0.8346972176759411,0.8019639934533551,0.0,0.9828150572831423
930,2046.711093990755,3.8690523882896763,2.9322033898305087,2.748073959938367,1.5855161787365177,0.6186440677966102,901.351309707242,0.0,0.0,1.4098613251155625,0.6710323574730355,0.7388289676425269,0.0,0.9098613251155624
931,2046.8037508372404,3.8243268586738113,2.307434695244474,2.729403884795713,1.91158740790355,0.4835900870730074,912.6416610850637,0.0,0.0,0.9866041527126591,0.4695244474212994,0.5170797052913597,0.0,0.9524447421299397
932,2059.9343009931245,1.4056990068754773,2.654698242933537,2.336898395721925,1.8372803666921314,0.5011459129106188,927.9266615737204,0.0,0.0,1.5714285714285714,0.7058823529411765,0.865546218487395,0.0,0.9763177998472116
933,2049.8835616438355,2.8487062404870622,2.933028919330289,2.9642313546423136,1.4627092846270928,0.624048706240487,924.1986301369863,0.0,0.0,1.961187214611872,0.9467275494672754,1.0144596651445967,0.0,0.9254185692541856
934,2033.7930813581038,5.41052530429212,2.433055733504164,2.4541960281870594,2.0787956438180655,0.5016015374759769,919.0627802690583,0.0,0.0,1.2671364509929532,0.6995515695067265,0.5675848814862268,0.0,0.931454196028187
935,2065.0446428571427,2.739278273809524,2.6532738095238093,2.3861607142857144,1.837797619047619,0.49032738095238093,925.9129464285714,0.0,0.0,1.068452380952381,0.5238095238095238,0.5446428571428571,0.0,0.9717261904761905
936,2041.1438679245282,7.0172641509433955,3.436320754716981,2.5479559748427674,1.3569182389937107,0.6650943396226415,936.87893081761,0.0,0.0,1.7476415094339623,0.8089622641509434,0.9386792452830188,0.0,0.8820754716981132
937,2053.235371466141,4.297784352399737,2.4490466798159107,2.7422748191978963,1.8159105851413544,0.48849441157133466,929.284681130835,0.0,0.0,1.5871137409598948,0.7777777777777778,0.809335963182117,0.0,0.9552925706771861
938,2058.2581344902387,1.4220173535791758,2.4743311641359362,2.4540853217642806,1.8387563268257412,0.48083875632682577,934.1735357917571,0.0,0.0,1.4186550976138828,0.618944323933478,0.7997107736804049,0.0,0.9775849602313811
939,2035.8250197941409,4.564489311163896,3.0158353127474267,2.789390340459224,1.459224069675376,0.6690419635787807,910.5574030087095,0.0,0.0,1.8717339667458432,0.8725257323832145,0.9992082343626286,0.0,0.88756927949327
940,2049.1544269045985,3.3608991077556625,2.4207275223061084,2.9698009608785174,2.0288263555250516,0.5030885380919699,937.048043925875,0.0,0.0,1.7714481811942346,0.8071379547014413,0.9643102264927934,0.0,0.9615648592999314
941,2058.2155172413795,1.1493573667711598,2.802507836990596,2.4349529780564265,1.7539184952978057,0.5156739811912225,948.5783699059562,0.0,0.0,1.4890282131661443,0.7092476489028213,0.7797805642633229,0.0,0.9788401253918495
942,2044.482142857143,3.2313121118012424,3.2010869565217392,2.4767080745341614,1.59472049689441,0.6545031055900621,945.2406832298136,0.0,0.0,1.125776397515528,0.5015527950310559,0.6242236024844721,0.0,0.9130434782608695
943,2033.401388888889,5.282388888888889,2.317361111111111,3.1638888888888888,1.9826388888888888,0.49583333333333335,933.64375,0.0,0.0,0.8951388888888889,0.44166666666666665,0.4534722222222222,0.0,0.9388888888888889
944,2057.081664098613,2.054129429892142,2.967642526964561,2.2765793528505394,1.7719568567026194,0.48228043143297383,936.3204930662557,0.0,0.0,0.9953775038520801,0.45531587057010786,0.5400616332819723,0.0,0.9761171032357473
945,2037.6847253574115,3.749924755455229,3.2287434161023327,2.5229495861550038,1.6079759217456735,0.6132430398796087,929.8171557562076,0.0,0.0,1.3190368698269375,0.6869826937547028,0.6320541760722348,0.0,0.9104589917231001
946,2039.7609427609427,5.195400673400673,2.4875420875420877,2.7622895622895625,1.758922558922559,0.48282828282828283,903.9548821548822,0.0,0.0,1.1939393939393939,0.6215488215488215,0.5723905723905723,0.0,0.9461279461279462
947,2058.079510703364,1.948448012232416,2.7737003058103977,2.659021406727829,1.6154434250764527,0.5022935779816514,916.7217125382263,0.0,0.0,2.065749235474006,0.9541284403669725,1.1116207951070336,0.0,0.9808868501529052
948,2045.5341660543718,2.627134459955915,2.870683321087436,2.770022042615724,1.5547391623806024,0.5900073475385745,917.4224834680382,0.0,0.0,1.6869948567229978,0.7920646583394563,0.8949301983835415,0.0,0.9301983835415136
949,2034.0755700325733,6.231641693811075,2.144625407166124,2.928990228013029,1.834527687296417,0.49315960912052115,925.3537459283388,0.0,0.0,1.831270358306189,0.8944625407166124,0.9368078175895765,0.0,0.9198697068403909
950,2056.0895752895754,1.002216216216216,2.633976833976834,2.3482625482625483,1.8687258687258688,0.4918918918918919,934.1783783783784,0.0,0.0,1.3057915057915057,0.5366795366795367,0.7691119691119691,0.0,0.9853281853281853
951,2036.975,5.344140625,3.15078125,2.62265625,1.44765625,0.625,912.75078125,0.0,0.0,2.259375,1.06875,1.190625,0.0,0.89453125
952,2037.313237221494,5.332857142857143,2.4017038007863696,2.6592398427260813,2.1474442988204454,0.4875491480996068,927.5740498034075,0.0,0.0,1.2719528178243775,0.6107470511140236,0.6612057667103539,0.0,0.9331585845347313
953,2055.1788553259144,0.8311049284578697,2.6327503974562796,2.70906200317965,1.643879173290938,0.5190779014308426,931.8863275039746,0.0,0.0,1.1868044515103338,0.5945945945945946,0.5922098569157392,0.0,0.985691573926868
954,2039.174319066148,3.426007782101167,3.3782101167315175,2.368093385214008,1.6326848249027237,0.6163424124513619,923.4583657587549,0.0,0.0,1.4249027237354086,0.7073929961089495,0.7175097276264591,0.0,0.911284046692607
955,2027.6528721432983,6.491290920321186,2.415688696726374,2.717726991970352,1.9715873996294009,0.48795552810376774,925.4947498455837,0.0,0.0,1.0376775787523163,0.509573810994441,0.5281037677578753,0.0,0.9203211859172329
956,2049.097678142514,2.002842273819055,3.1032826261008806,2.366693354683747,1.5660528422738191,0.5244195356285029,949.7437950360288,0.0,0.0,1.5396317053642914,0.7590072057646117,0.7806244995996797,0.0,0.9759807846277022
957,2043.7793317793319,4.594506604506605,3.397047397047397,2.6270396270396272,1.4413364413364413,0.6317016317016317,941.8632478632478,0.0,0.0,1.947940947940948,0.9355089355089355,1.0124320124320125,0.0,0.9028749028749029
958,2045.1109625668448,3.419104278074866,2.197192513368984,2.967245989304813,2.106283422459893,0.5,942.091577540107,0.0,0.0,0.9231283422459893,0.4772727272727273,0.44585561497326204,0.0,0.945855614973262
959,2056.7446646341464,1.7436280487804876,2.5861280487804876,2.7217987804878048,1.5335365853658536,0.4679878048780488,931.0282012195122,0.0,0.0,1.521341463414634,0.7362804878048781,0.7850609756097561,0.0,0.979420731707317
960,2049.5288239815527,3.067901614142967,2.873943120676403,2.7348193697156034,1.538816295157571,0.6026133743274404,925.4142966948501,0.0,0.0,1.5495772482705612,0.7063797079169869,0.8431975403535742,0.0,0.9254419677171407
961,2029.9043062200958,5.544620642515379,2.382775119617225,2.75393028024607,1.9979494190020506,0.531784005468216,923.2542720437457,0.0,0.0,0.8585099111414901,0.40874914559125086,0.44976076555023925,0.0,0.9302802460697197
962,2058.590114068441,1.6448973384030419,2.647148288973384,2.4281368821292775,1.7475285171102661,0.4973384030418251,921.6410646387833,0.0,0.0,1.5885931558935362,0.7186311787072244,0.8699619771863117,0.0,0.9825095057034221
963,2046.629821958457,3.1360163204747775,2.9124629080118694,2.9970326409495547,1.4688427299703264,0.6194362017804155,941.3954005934718,0.0,0.0,1.324925816023739,0.5927299703264095,0.7321958456973294,0.0,0.9176557863501483
964,2039.1446416831031,4.618888888888889,2.401051939513478,2.5187376725838266,2.138724523339908,0.4819197896120973,951.602892833662,0.0,0.0,0.9730440499671269,0.5088757396449705,0.4641683103221565,0.0,0.9467455621301775
965,2058.1187077385425,1.5192486851990983,2.669421487603306,2.4477836213373405,1.9444027047332832,0.4973703981968445,944.2389181066867,0.0,0.0,1.183320811419985,0.5912847483095417,0.5920360631104433,0.0,0.980465815176559
966,2043.7590072057646,4.7493594875900715,3.4987990392313852,2.586068855084067,1.2954363490792633,0.6365092073658927,950.8767013610889,0.0,0.0,2.1849479583666933,1.054443554843875,1.1305044035228182,0.0,0.8967173738991193
967,2043.4022606382978,3.8184242021276593,2.5764627659574466,2.765292553191489,1.8371010638297873,0.49268617021276595,945.2087765957447,0.0,0.0,1.4082446808510638,0.7087765957446809,0.699468085106383,0.0,0.9428191489361702
968,2052.4619482496196,2.4339497716894978,2.6171993911719937,2.5654490106544903,1.743531202435312,0.510654490106545,936.6156773211568,0.0,0.0,1.1613394216133943,0.5532724505327246,0.6080669710806698,0.0,0.9764079147640792
969,2034.0802568218298,4.8107784911717495,3.110754414125201,2.833868378812199,1.4542536115569824,0.6605136436597111,942.6179775280899,0.0,0.0,1.036115569823435,0.49357945425361155,0.5425361155698234,0.0,0.9109149277688604
970,2046.16880486158,4.699648885887914,2.5097906819716407,2.952059419311276,2.014179608372721,0.5185685347738015,965.371370695476,0.0,0.0,1.62525320729237,0.787305874409183,0.837947332883187,0.0,0.9392302498311952
971,2062.8597609561753,1.4268286852589642,2.8302788844621514,2.451792828685259,1.6438247011952192,0.5314741035856574,976.8366533864541,0.0,0.0,1.0629482071713148,0.48366533864541833,0.5792828685258964,0.0,0.9752988047808765
972,2043.9589665653496,4.041246200607903,3.188449848024316,2.501519756838906,1.5509118541033435,0.6291793313069909,968.508358662614,0.0,0.0,1.6109422492401215,0.6952887537993921,0.9156534954407295,0.0,0.9148936170212766
973,2030.8228346456692,5.578720472440945,2.2460629921259843,3.009186351706037,1.9166666666666667,0.49015748031496065,968.2440944881889,0.0,0.0,0.881233595800525,0.47506561679790027,0.4061679790026247,0.0,0.9324146981627297
974,2069.7004716981132,1.0873977987421384,2.9803459119496853,2.300314465408805,1.8215408805031446,0.52437106918239,950.9551886792453,0.0,0.0,1.4677672955974843,0.6588050314465409,0.8089622641509434,0.0,0.9858490566037735
975,2049.142750929368,4.170907063197026,3.1561338289962824,2.532342007434944,1.546468401486989,0.6223048327137547,947.9657992565055,0.0,0.0,1.4936802973977694,0.6624535315985131,0.8312267657992565,0.0,0.9092936802973978
976,2052.5241477272725,3.442088068181818,2.516335227272727,2.9154829545454546,1.7961647727272727,0.4943181818181818,951.0923295454545,0.0,0.0,1.5049715909090908,0.7691761363636364,0.7357954545454546,0.0,0.9651988636363636
977,2071.3410138248846,1.7171735791090632,2.761904761904762,2.6451612903225805,1.6113671274961598,0.5192012288786483,932.0706605222734,0.0,0.0,1.9416282642089093,0.8771121351766513,1.064516129032258,0.0,0.977726574500768
978,2054.2691717791413,3.290429447852761,2.8673312883435584,2.853527607361963,1.6365030674846626,0.6303680981595092,943.7799079754601,0.0,0.0,1.562116564417178,0.745398773006135,0.816717791411043,0.0,0.9248466257668712
979,2029.8664429530202,6.178308724832215,2.206711409395973,3.0073825503355707,1.8778523489932886,0.5154362416107383,948.6087248322148,0.0,0.0,1.4463087248322148,0.7261744966442953,0.7201342281879195,0.0,0.9335570469798657
980,2070.849765258216,0.6353129890453835,2.711267605633803,2.3661971830985915,1.7237871674491392,0.5031298904538342,940.5406885758998,0.0,0.0,1.8325508607198748,0.8435054773082942,0.9890453834115805,0.0,0.9835680751173709
981,2044.6231647634584,4.290008156606851,3.2569331158238173,2.731647634584013,1.4094616639477977,0.6566068515497553,959.2463295269168,0.0,0.0,1.3238172920065252,0.6044045676998369,0.7194127243066885,0.0,0.8915171288743883
982,2055.9020248203788,3.973892880470281,2.3389941214892227,2.6316133246244284,2.067929457870673,0.4918354016982365,950.6583932070542,0.0,0.0,1.410842586544742,0.6962769431743958,0.7145656433703462,0.0,0.9497060744611365
983,2060.767925983038,1.8736468774094062,2.6037008481110253,2.6376252891287586,1.5890516576715497,0.5104086353122591,973.8380878951426,0.0,0.0,1.6430223592906708,0.8026214340786431,0.8404009252120278,0.0,0.9753276792598303
984,2047.6065065840435,4.2747095274980635,3.325329202168861,2.3927188226181255,1.6553059643687065,0.6312935708752905,957.2509682416731,0.0,0.0,1.3160340821068939,0.6305189775367932,0.6855151045701007,0.0,0.91711851278079
985,2039.0129032258064,5.50281935483871,2.327741935483871,2.8529032258064517,2.02258064516129,0.4754838709677419,937.8864516129032,0.0,0.0,1.4606451612903226,0.7354838709677419,0.7251612903225807,0.0,0.9374193548387096
986,2062.172523961661,1.4946405750798721,3.07667731629393,2.373801916932907,1.590255591054313,0.5023961661341853,943.064696485623,0.0,0.0,1.5806709265175718,0.7611821086261981,0.8194888178913738,0.0,0.9752396166134185
987,2045.7269200930955,4.112397207137316,3.3754848719937938,2.6012412723041116,1.5011636927851046,0.6501163692785105,969.3902249806051,0.0,0.0,2.0116369278510473,1.0496508921644685,0.9619860356865787,0.0,0.9169899146625291
988,2039.2184818481849,3.9751155115511554,2.133993399339934,2.9181518151815182,2.0673267326732674,0.5148514851485149,928.5419141914191,0.0,0.0,1.166996699669967,0.574917491749175,0.592079207920792,0.0,0.9412541254125413
989,2057.6562009419154,1.127857142857143,2.5832025117739406,2.682103610675039,1.6114599686028257,0.5015698587127159,948.9756671899529,0.0,0.0,2.1679748822605966,0.9795918367346939,1.1883830455259026,0.0,0.9803767660910518
990,2056.852760736196,3.7209125766871165,2.8911042944785277,2.730828220858896,1.5812883435582823,0.6188650306748467,950.4470858895705,0.0,0.0,1.6203987730061349,0.7852760736196319,0.8351226993865031,0.0,0.9248466257668712
991,2029.5128552097428,4.887266576454668,2.311231393775372,2.7557510148849795,1.9276048714479026,0.4993234100135318,923.0358592692828,0.0,0.0,0.7253044654939107,0.39783491204330174,0.3274695534506089,0.0,0.9377537212449256
992,2052.2075910147173,1.881115414407436,2.6630518977536792,2.3981409759876064,1.7730441518202944,0.5050348567002324,948.3787761425252,0.0,0.0,1.3400464756003099,0.6723470178156468,0.667699457784663,0.0,0.9798605731990705
993,2040.6599378881988,3.6003959627329194,2.767857142857143,2.909937888198758,1.4759316770186335,0.6063664596273292,935.5496894409938,0.0,0.0,1.0970496894409938,0.5271739130434783,0.5698757763975155,0.0,0.9153726708074534
994,2041.9276401564537,4.281792698826598,2.389830508474576,2.4498044328552804,2.0977835723598437,0.47392438070404175,957.4426336375489,0.0,0.0,0.9335071707953064,0.46479791395045633,0.46870925684485004,0.0,0.9432855280312907
995,2061.588631264024,1.9148466716529544,2.68735976065819,2.3537771129394165,1.7860882572924457,0.4973821989528796,951.7023186237845,0.0,0.0,1.406881077038145,0.7075542258788332,0.6993268511593119,0.0,0.9775617053103964
996,2035.604016064257,5.610570281124498,3.442570281124498,2.566265060240964,1.3582329317269077,0.655421686746988,938.9437751004016,0.0,0.0,1.5887550200803213,0.702008032128514,0.8867469879518072,0.0,0.8947791164658635
997,2038.6248357424442,4.439172141918529,2.4940867279894876,2.747700394218134,1.8363994743758212,0.48751642575558474,935.1024967148489,0.0,0.0,1.1944809461235217,0.6327201051248358,0.561760840998686,0.0,0.9421813403416557
998,2052.7628635346755,1.8451304996271438,2.5495898583146905,2.4571215510812827,1.7897091722595078,0.5085756897837435,945.158836689038,0.0,0.0,1.2990305741983594,0.6055182699478001,0.6935123042505593,0.0,0.9791200596569725
999,2037.0275157232704,4.774693396226415,2.9410377358490565,2.6705974842767297,1.5031446540880504,0.6218553459119497,935.434748427673,0.0,0.0,1.654874213836478,0.789308176100629,0.8655660377358491,0.0,0.9017295597484277
1000,2036.872340425532,4.901077556623198,2.420041180507893,3.0171585449553877,2.065888812628689,0.5401509951956074,938.4070006863418,0.0,0.0,1.1564859299931365,0.6582017844886754,0.4982841455044612,0.0,0.9444063143445436
