generation,lifetime,energy_at_death,food_low,food_medium,food_prestige,food_default,cells_visited,predator_touches,drained_ticks,cave_entries,cave_entries_day,cave_entries_night,frac_death_drained,frac_death_starved
1,1360.9915966386554,-2.0365546218487394,3.2605042016806722,0.226890756302521,0.0,1.3865546218487395,369.2689075630252,10.445378151260504,18.18487394957983,0.09243697478991597,0.08403361344537816,0.008403361344537815,0.7058823529411765,0.29411764705882354
2,1417.766355140187,-2.0714018691588785,2.2616822429906542,0.056074766355140186,0.0,1.2710280373831775,387.67289719626166,9.130841121495328,14.869158878504672,0.009345794392523364,0.0,0.009345794392523364,0.6915887850467289,0.308411214953271
3,1332.6666666666667,-2.389607843137255,1.2549019607843137,0.058823529411764705,0.0,1.2352941176470589,366.5686274509804,10.588235294117647,17.84313725490196,0.0,0.0,0.0,0.7647058823529411,0.23529411764705882
4,1440.6976744186047,-2.203643410852713,3.302325581395349,0.29457364341085274,0.023255813953488372,1.3410852713178294,411.95348837209303,9.573643410852712,16.294573643410853,0.0,0.0,0.0,0.7131782945736435,0.2868217054263566
5,1520.1315789473683,-2.170526315789474,2.780701754385965,0.2894736842105263,0.0,0.9298245614035088,445.7368421052632,7.912280701754386,12.517543859649123,0.0,0.0,0.0,0.6666666666666666,0.3333333333333333
6,1247.5871559633028,-2.352018348623853,2.1192660550458715,0.22018348623853212,0.0,1.036697247706422,361.7889908256881,11.770642201834862,20.229357798165136,0.01834862385321101,0.0,0.01834862385321101,0.8348623853211009,0.1651376146788991
7,1258.1052631578948,-2.373007518796993,4.496240601503759,0.2706766917293233,0.007518796992481203,1.0451127819548873,388.812030075188,12.496240601503759,20.954887218045112,0.3082706766917293,0.21052631578947367,0.09774436090225563,0.8421052631578947,0.15789473684210525
8,1195.6422764227643,-2.477560975609756,3.9186991869918697,0.12195121951219512,0.024390243902439025,1.024390243902439,373.9756097560976,12.357723577235772,21.29268292682927,0.2601626016260163,0.13821138211382114,0.12195121951219512,0.8455284552845529,0.15447154471544716
9,1257.4655172413793,-1.9036206896551724,2.6724137931034484,0.27586206896551724,0.0603448275862069,1.0172413793103448,401.7758620689655,11.456896551724139,19.379310344827587,0.2413793103448276,0.13793103448275862,0.10344827586206896,0.6120689655172413,0.3879310344827586
10,1195.0428571428572,-2.2909285714285716,2.757142857142857,0.9142857142857143,0.07857142857142857,0.9071428571428571,394.62142857142857,13.442857142857143,22.207142857142856,0.4,0.15,0.25,0.8357142857142857,0.16428571428571428
11,1276.9083969465648,-2.090992366412214,2.931297709923664,0.6564885496183206,0.015267175572519083,0.8244274809160306,440.68702290076334,12.267175572519085,19.65648854961832,0.5648854961832062,0.21374045801526717,0.3511450381679389,0.7022900763358778,0.29770992366412213
12,1529.1694915254238,-1.899406779661017,1.5593220338983051,0.6101694915254238,0.19491525423728814,0.7372881355932204,525.5677966101695,8.23728813559322,12.686440677966102,0.3050847457627119,0.2627118644067797,0.0423728813559322,0.6610169491525424,0.3389830508474576
13,1076.1476510067114,-2.0963758389261744,2.610738255033557,1.3825503355704698,0.020134228187919462,0.7651006711409396,382.751677852349,15.979865771812081,25.355704697986578,0.4429530201342282,0.28859060402684567,0.15436241610738255,0.785234899328859,0.21476510067114093
14,988.7348484848485,-2.2537121212121214,2.9015151515151514,0.7121212121212122,0.08333333333333333,0.7651515151515151,376.0984848484849,16.575757575757574,26.598484848484848,0.20454545454545456,0.09848484848484848,0.10606060606060606,0.8636363636363636,0.13636363636363635
15,1148.2252252252251,-2.2088288288288287,1.4954954954954955,0.4594594594594595,0.05405405405405406,0.7387387387387387,408.45045045045043,13.522522522522523,22.036036036036037,0.25225225225225223,0.11711711711711711,0.13513513513513514,0.8558558558558559,0.14414414414414414
16,1019.56,-2.2386,3.2133333333333334,0.8333333333333334,0.24,0.8066666666666666,387.72,16.36,26.653333333333332,0.17333333333333334,0.10666666666666667,0.06666666666666667,0.8933333333333333,0.10666666666666667
17,1364.6174496644296,-1.9502013422818791,4.033557046979865,0.8456375838926175,0.14093959731543623,0.6174496644295302,506.8859060402685,10.557046979865772,17.13422818791946,0.5838926174496645,0.21476510067114093,0.3691275167785235,0.7449664429530202,0.2550335570469799
18,1275.3970588235295,-2.2690441176470593,3.4705882352941178,0.2867647058823529,0.18382352941176472,1.036764705882353,477.0514705882353,12.639705882352942,19.375,0.5367647058823529,0.3014705882352941,0.23529411764705882,0.8235294117647058,0.17647058823529413
19,988.4971751412429,-2.2803389830508474,3.3446327683615817,1.231638418079096,0.3559322033898305,0.7796610169491526,399.79661016949154,17.54237288135593,27.80225988700565,0.4011299435028249,0.11299435028248588,0.288135593220339,0.864406779661017,0.13559322033898305
20,1169.9225806451614,-1.8339354838709676,2.870967741935484,0.9096774193548387,0.17419354838709677,0.8,465.9290322580645,12.941935483870967,21.412903225806453,0.2,0.11612903225806452,0.08387096774193549,0.8129032258064516,0.1870967741935484
21,1046.7235772357724,-2.0091056910569107,2.569105691056911,0.5853658536585366,0.08943089430894309,0.7154471544715447,426.780487804878,15.178861788617887,24.878048780487806,0.6260162601626016,0.4634146341463415,0.16260162601626016,0.8943089430894309,0.10569105691056911
22,1163.241935483871,-2.2186559139784947,2.182795698924731,1.467741935483871,0.5752688172043011,0.7150537634408602,479.98387096774195,14.795698924731182,23.086021505376344,0.3655913978494624,0.1989247311827957,0.16666666666666666,0.8763440860215054,0.12365591397849462
23,1042.938775510204,-2.121904761904762,2.5850340136054424,1.3877551020408163,0.061224489795918366,0.7346938775510204,446.18367346938777,14.850340136054422,24.82312925170068,0.6462585034013606,0.3129251700680272,0.3333333333333333,0.9047619047619048,0.09523809523809523
24,962.6470588235294,-2.2229411764705884,2.46218487394958,0.5798319327731093,0.058823529411764705,0.8151260504201681,422.30252100840335,16.016806722689076,26.3781512605042,0.35294117647058826,0.15126050420168066,0.20168067226890757,0.9159663865546218,0.08403361344537816
25,1095.5698924731182,-2.096397849462366,2.3440860215053765,1.5268817204301075,0.5591397849462365,0.5752688172043011,479.19354838709677,14.790322580645162,24.252688172043012,0.1774193548387097,0.11827956989247312,0.05913978494623656,0.8763440860215054,0.12365591397849462
26,936.7806451612903,-2.1333548387096775,2.9612903225806453,0.6967741935483871,0.33548387096774196,0.535483870967742,436.6,16.858064516129033,27.29032258064516,0.25806451612903225,0.03870967741935484,0.21935483870967742,0.8903225806451613,0.10967741935483871
27,1021.0518518518519,-2.2405185185185186,3.3555555555555556,0.6444444444444445,0.17777777777777778,0.762962962962963,464.5037037037037,15.666666666666666,25.37037037037037,0.43703703703703706,0.25925925925925924,0.17777777777777778,0.8666666666666667,0.13333333333333333
28,962.6785714285714,-2.09,3.3452380952380953,1.0297619047619047,0.5059523809523809,0.5238095238095238,429.9404761904762,15.744047619047619,27.541666666666668,0.16071428571428573,0.10119047619047619,0.05952380952380952,0.9166666666666666,0.08333333333333333
29,1011.055900621118,-2.27416149068323,2.559006211180124,1.5403726708074534,0.09937888198757763,0.5341614906832298,462.7950310559006,14.093167701863354,25.149068322981368,0.484472049689441,0.2236024844720497,0.2608695652173913,0.9130434782608695,0.08695652173913043
30,1048.5373134328358,-2.313731343283582,2.298507462686567,0.8432835820895522,0.31343283582089554,0.7164179104477612,482.8731343283582,13.716417910447761,24.850746268656717,0.20149253731343283,0.06716417910447761,0.13432835820895522,0.9029850746268657,0.09701492537313433
31,908.7486631016043,-2.360909090909091,2.1336898395721926,1.5080213903743316,0.41711229946524064,0.5401069518716578,454.63101604278074,15.53475935828877,28.475935828877006,0.42780748663101603,0.13903743315508021,0.2887700534759358,0.9090909090909091,0.09090909090909091
32,892.3312101910828,-2.27171974522293,2.1974522292993632,1.0764331210191083,0.4585987261146497,0.535031847133758,437.79617834394907,16.496815286624205,28.45859872611465,0.5286624203821656,0.12738853503184713,0.4012738853503185,0.8853503184713376,0.11464968152866242
33,994.8802816901408,-2.1932394366197183,2.3309859154929575,1.0845070422535212,0.09859154929577464,0.7464788732394366,472.7535211267606,13.915492957746478,25.281690140845072,0.3732394366197183,0.2676056338028169,0.1056338028169014,0.9366197183098591,0.06338028169014084
34,965.2346368715084,-2.3829608938547486,2.206703910614525,1.3687150837988826,0.46368715083798884,0.5307262569832403,476.6368715083799,14.424581005586592,27.078212290502794,0.0782122905027933,0.01675977653631285,0.061452513966480445,0.9106145251396648,0.0893854748603352
35,1135.3350785340315,-2.1813612565445024,2.3821989528795813,1.293193717277487,0.5078534031413613,0.450261780104712,512.1884816753927,12.492146596858639,22.298429319371728,0.24083769633507854,0.1256544502617801,0.11518324607329843,0.8952879581151832,0.10471204188481675
36,779.7153284671533,-2.3177372262773726,3.291970802919708,0.7007299270072993,0.13138686131386862,0.708029197080292,407.985401459854,17.197080291970803,30.124087591240876,0.24817518248175183,0.06569343065693431,0.18248175182481752,0.927007299270073,0.072992700729927
37,829.1861471861472,-2.2056709956709954,2.5974025974025974,1.4805194805194806,0.6883116883116883,0.645021645021645,440.83549783549785,16.645021645021647,29.89177489177489,0.37662337662337664,0.19047619047619047,0.18614718614718614,0.8787878787878788,0.12121212121212122
38,899.2680412371134,-2.3022164948453607,3.2422680412371134,0.8556701030927835,0.7164948453608248,0.4484536082474227,481.30927835051546,14.742268041237113,28.221649484536083,0.2268041237113402,0.12886597938144329,0.0979381443298969,0.9072164948453608,0.09278350515463918
39,850.4129032258064,-2.2453548387096776,3.2129032258064516,1.070967741935484,0.14193548387096774,0.6258064516129033,460.94193548387096,14.845161290322581,28.361290322580643,0.17419354838709677,0.14193548387096774,0.03225806451612903,0.9419354838709677,0.05806451612903226
40,992.1255230125523,-2.1260669456066945,1.7196652719665273,1.1757322175732217,0.9246861924686193,0.5732217573221757,484.59414225941424,13.635983263598327,25.832635983263597,0.16317991631799164,0.07531380753138076,0.08786610878661087,0.9330543933054394,0.06694560669456066
41,992.3097826086956,-2.0631521739130436,2.277173913043478,1.4945652173913044,0.45108695652173914,0.4782608695652174,482.0326086956522,13.125,24.98913043478261,0.3423913043478261,0.21739130434782608,0.125,0.8586956521739131,0.14130434782608695
42,889.4039735099337,-2.259205298013245,2.172185430463576,1.218543046357616,0.2251655629139073,0.5695364238410596,466.05298013245033,13.947019867549669,27.337748344370862,0.36423841059602646,0.23841059602649006,0.12582781456953643,0.9139072847682119,0.08609271523178808
43,952.3829787234042,-2.3668085106382977,1.9787234042553192,1.5265957446808511,0.3404255319148936,0.5531914893617021,452.68617021276594,13.76063829787234,26.69148936170213,0.26063829787234044,0.11170212765957446,0.14893617021276595,0.9042553191489362,0.09574468085106383
44,859.9148936170212,-2.1807978723404258,2.2872340425531914,1.3085106382978724,0.44148936170212766,0.5372340425531915,461.02127659574467,14.414893617021276,28.27127659574468,0.14893617021276595,0.09042553191489362,0.05851063829787234,0.898936170212766,0.10106382978723404
45,875.506329113924,-2.125189873417722,2.0949367088607596,1.139240506329114,0.27848101265822783,0.45569620253164556,456.6835443037975,14.525316455696203,28.31645569620253,0.2848101265822785,0.1962025316455696,0.08860759493670886,0.8987341772151899,0.10126582278481013
46,917.6648351648352,-2.1576923076923076,2.741758241758242,0.6758241758241759,0.6813186813186813,0.43956043956043955,483.03846153846155,14.395604395604396,27.85164835164835,0.35714285714285715,0.1813186813186813,0.17582417582417584,0.9120879120879121,0.08791208791208792
47,868.5022026431718,-2.1630837004405286,2.7400881057268722,1.2687224669603525,0.7136563876651982,0.43171806167400884,492.9515418502203,14.784140969162996,28.766519823788546,0.3436123348017621,0.21585903083700442,0.1277533039647577,0.9162995594713657,0.08370044052863436
48,846.5138121546961,-2.4061878453038674,3.5193370165745854,0.6298342541436464,0.425414364640884,0.5414364640883977,491.4696132596685,14.30939226519337,28.983425414364643,0.23756906077348067,0.12154696132596685,0.11602209944751381,0.9502762430939227,0.049723756906077346
49,890.6777251184834,-1.8908530805687205,2.3886255924170614,1.5260663507109005,0.4265402843601896,0.4881516587677725,515.2938388625593,14.056872037914692,28.118483412322274,0.35071090047393366,0.061611374407582936,0.2890995260663507,0.8672985781990521,0.13270142180094788
50,935.7511520737327,-2.253548387096774,1.8341013824884793,1.2534562211981566,0.8617511520737328,0.45161290322580644,489.93087557603684,13.341013824884792,26.75115207373272,0.11981566820276497,0.11059907834101383,0.009216589861751152,0.9078341013824884,0.09216589861751152
51,852.1129943502825,-2.2598305084745762,2.8361581920903953,1.3728813559322033,0.24858757062146894,0.5706214689265536,477.50282485875704,14.734463276836157,28.661016949152543,0.20903954802259886,0.07909604519774012,0.12994350282485875,0.903954802259887,0.096045197740113
52,778.8217821782179,-2.0827227722772275,1.896039603960396,1.2425742574257426,0.6881188118811881,0.3910891089108911,464.4207920792079,14.975247524752476,30.846534653465348,0.27722772277227725,0.07920792079207921,0.19801980198019803,0.9356435643564357,0.06435643564356436
53,845.0053475935829,-2.265133689839572,2.1550802139037435,1.6203208556149733,0.5240641711229946,0.4919786096256685,485.89304812834223,14.957219251336898,28.331550802139038,0.5614973262032086,0.36363636363636365,0.19786096256684493,0.9090909090909091,0.09090909090909091
54,765.5928143712575,-2.260359281437126,2.688622754491018,1.5029940119760479,0.17365269461077845,0.6107784431137725,455.92814371257487,15.491017964071856,29.676646706586826,0.0718562874251497,0.03592814371257485,0.03592814371257485,0.9281437125748503,0.0718562874251497
55,934.3968253968254,-2.038201058201058,1.8412698412698412,1.0423280423280423,0.6931216931216931,0.4126984126984127,501.7037037037037,12.46031746031746,26.798941798941797,0.14814814814814814,0.026455026455026454,0.12169312169312169,0.9312169312169312,0.06878306878306878
56,923.9226804123712,-2.1216494845360825,2.4381443298969074,0.6752577319587629,0.7577319587628866,0.4639175257731959,502.2783505154639,12.72680412371134,26.335051546391753,0.14948453608247422,0.08247422680412371,0.06701030927835051,0.9072164948453608,0.09278350515463918
57,925.070351758794,-2.180502512562814,3.0854271356783918,1.271356783919598,0.4020100502512563,0.542713567839196,502.3718592964824,12.467336683417086,26.276381909547737,0.21608040201005024,0.11055276381909548,0.10552763819095477,0.9296482412060302,0.07035175879396985
58,980.2149532710281,-2.3035981308411215,2.925233644859813,0.7757009345794392,0.8457943925233645,0.48130841121495327,512.4672897196261,12.11214953271028,26.509345794392523,0.2523364485981308,0.10747663551401869,0.14485981308411214,0.9345794392523364,0.06542056074766354
59,917.9563106796116,-2.189757281553398,2.6699029126213594,1.6893203883495145,0.5679611650485437,0.441747572815534,512.4174757281553,12.436893203883495,26.95631067961165,0.23300970873786409,0.13592233009708737,0.0970873786407767,0.9368932038834952,0.06310679611650485
60,914.8571428571429,-2.354021164021164,2.3703703703703702,1.3174603174603174,0.5343915343915344,0.5767195767195767,483.1798941798942,12.502645502645503,26.85185185185185,0.14285714285714285,0.06349206349206349,0.07936507936507936,0.9470899470899471,0.05291005291005291
61,837.335,-2.04595,2.37,1.56,0.415,0.405,484.885,13.32,29.19,0.14,0.095,0.045,0.945,0.055
62,836.0382513661202,-2.31448087431694,2.0163934426229506,1.53551912568306,0.46994535519125685,0.5191256830601093,487.89617486338796,13.12568306010929,28.153005464480874,0.1912568306010929,0.15300546448087432,0.03825136612021858,0.9562841530054644,0.04371584699453552
63,908.4224598930481,-2.317379679144385,2.46524064171123,1.5775401069518717,0.35294117647058826,0.6149732620320856,498.3048128342246,12.3475935828877,26.941176470588236,0.32620320855614976,0.17647058823529413,0.1497326203208556,0.9197860962566845,0.08021390374331551
64,792.9728260869565,-2.0052173913043476,2.532608695652174,1.548913043478261,0.3967391304347826,0.5652173913043478,479.4021739130435,13.054347826086957,29.467391304347824,0.3532608695652174,0.09782608695652174,0.2554347826086957,0.9184782608695652,0.08152173913043478
65,847.495,-2.1758,2.06,1.245,0.67,0.42,485.805,13.885,28.765,0.18,0.115,0.065,0.94,0.06
66,745.9537572254335,-2.370057803468208,3.132947976878613,0.7398843930635838,0.4624277456647399,0.5664739884393064,456.36416184971097,14.653179190751445,30.54335260115607,0.1907514450867052,0.13872832369942195,0.05202312138728324,0.9190751445086706,0.08092485549132948
67,1041.4742268041236,-2.1653092783505152,2.9587628865979383,1.3298969072164948,0.5309278350515464,0.4793814432989691,505.5257731958763,11.288659793814434,25.463917525773194,0.16494845360824742,0.07216494845360824,0.09278350515463918,0.9175257731958762,0.08247422680412371
68,904.4790697674418,-2.1747441860465115,2.7674418604651163,0.9162790697674419,0.772093023255814,0.4325581395348837,493.4418604651163,12.316279069767441,27.89767441860465,0.17209302325581396,0.09302325581395349,0.07906976744186046,0.9348837209302325,0.06511627906976744
69,809.775956284153,-2.248251366120219,3.19672131147541,1.6666666666666667,0.3114754098360656,0.5846994535519126,483.9016393442623,12.448087431693988,29.02185792349727,0.13114754098360656,0.060109289617486336,0.07103825136612021,0.9508196721311475,0.04918032786885246
70,778.0338983050848,-2.109152542372881,2.364406779661017,1.0296610169491525,0.9957627118644068,0.5254237288135594,439.0762711864407,14.05084745762712,30.593220338983052,0.19915254237288135,0.07203389830508475,0.1271186440677966,0.923728813559322,0.07627118644067797
71,911.7083333333334,-2.180648148148148,2.435185185185185,1.4861111111111112,0.7777777777777778,0.4537037037037037,466.9166666666667,12.398148148148149,27.90740740740741,0.16203703703703703,0.09722222222222222,0.06481481481481481,0.9259259259259259,0.07407407407407407
72,1028.9065934065934,-2.162087912087912,2.3241758241758244,1.7142857142857142,0.45054945054945056,0.5494505494505495,491.95054945054943,11.554945054945055,25.14835164835165,0.29120879120879123,0.13736263736263737,0.15384615384615385,0.8516483516483516,0.14835164835164835
73,871.444976076555,-2.107846889952153,2.263157894736842,1.5119617224880382,0.49760765550239233,0.45933014354066987,477.13397129186603,12.75598086124402,28.51196172248804,0.2583732057416268,0.09090909090909091,0.1674641148325359,0.8995215311004785,0.10047846889952153
74,895.4205128205128,-2.0356923076923077,2.533333333333333,1.528205128205128,0.4153846153846154,0.5333333333333333,474.14358974358976,12.4,27.164102564102564,0.2923076923076923,0.23076923076923078,0.06153846153846154,0.9025641025641026,0.09743589743589744
75,814.5875706214689,-2.2411299435028247,2.2655367231638417,1.5141242937853108,0.423728813559322,0.4632768361581921,479.6327683615819,13.677966101694915,29.994350282485875,0.192090395480226,0.0847457627118644,0.10734463276836158,0.903954802259887,0.096045197740113
76,906.7105263157895,-2.1953684210526316,2.431578947368421,0.8263157894736842,0.6789473684210526,0.4631578947368421,491.9263157894737,12.242105263157894,27.773684210526316,0.17894736842105263,0.05789473684210526,0.12105263157894737,0.9210526315789473,0.07894736842105263
77,945.959090909091,-2.1295454545454544,2.959090909090909,1.3545454545454545,0.6590909090909091,0.45454545454545453,477.31363636363636,12.318181818181818,26.445454545454545,0.25,0.17272727272727273,0.07727272727272727,0.8409090909090909,0.1590909090909091
78,1098.2735849056603,-2.106132075471698,3.108490566037736,0.9009433962264151,0.6509433962264151,0.4716981132075472,506.00471698113205,9.84433962264151,22.77358490566038,0.1792452830188679,0.0660377358490566,0.11320754716981132,0.8537735849056604,0.14622641509433962
79,918.3207547169811,-2.1347169811320756,2.6650943396226414,1.5141509433962264,0.6509433962264151,0.44339622641509435,491.27358490566036,12.13679245283019,26.80188679245283,0.28773584905660377,0.13679245283018868,0.1509433962264151,0.9009433962264151,0.09905660377358491
80,764.5234042553192,-2.1167659574468085,2.293617021276596,1.0085106382978724,0.9063829787234042,0.451063829787234,440.9063829787234,13.23404255319149,31.0,0.22127659574468084,0.14893617021276595,0.07234042553191489,0.902127659574468,0.09787234042553192
81,855.0137614678899,-2.0690366972477063,2.5871559633027523,1.5596330275229358,0.5229357798165137,0.43577981651376146,471.6467889908257,11.853211009174313,28.394495412844037,0.12844036697247707,0.03669724770642202,0.09174311926605505,0.9403669724770642,0.05963302752293578
82,835.4487804878049,-2.2334634146341465,1.9414634146341463,1.4682926829268292,0.4926829268292683,0.5560975609756098,448.2048780487805,12.887804878048781,29.86341463414634,0.15609756097560976,0.06829268292682927,0.08780487804878048,0.9463414634146341,0.05365853658536585
83,748.4416243654822,-2.167309644670051,2.203045685279188,1.4720812182741116,0.5126903553299492,0.5279187817258884,446.3705583756345,13.33502538071066,31.258883248730964,0.19796954314720813,0.116751269035533,0.08121827411167512,0.9086294416243654,0.09137055837563451
84,776.4095744680851,-2.4137234042553195,2.893617021276596,1.7553191489361701,0.30851063829787234,0.648936170212766,448.28723404255317,12.73404255319149,30.388297872340427,0.2553191489361702,0.05851063829787234,0.19680851063829788,0.9308510638297872,0.06914893617021277
85,823.5,-1.9674226804123711,2.304123711340206,1.2268041237113403,0.6494845360824743,0.422680412371134,454.1082474226804,11.896907216494846,29.3659793814433,0.26288659793814434,0.06701030927835051,0.1958762886597938,0.9381443298969072,0.061855670103092786
86,934.8702702702702,-2.0981621621621622,2.4756756756756757,0.7243243243243244,0.7405405405405405,0.4540540540540541,463.1135135135135,10.578378378378378,26.372972972972974,0.14054054054054055,0.10810810810810811,0.032432432432432434,0.8864864864864865,0.11351351351351352
87,775.0049019607843,-2.213137254901961,3.3186274509803924,1.3235294117647058,0.46078431372549017,0.5,448.65686274509807,11.803921568627452,30.00980392156863,0.11274509803921569,0.05392156862745098,0.058823529411764705,0.9509803921568627,0.049019607843137254
88,793.2863849765258,-2.068544600938967,2.643192488262911,0.9154929577464789,0.7511737089201878,0.4225352112676056,448.38028169014086,12.112676056338028,29.718309859154928,0.1267605633802817,0.06103286384976526,0.06572769953051644,0.9342723004694836,0.06572769953051644
89,959.586046511628,-1.9606511627906977,2.516279069767442,1.283720930232558,0.5488372093023256,0.44651162790697674,465.21860465116276,10.497674418604651,25.70232558139535,0.16744186046511628,0.10697674418604651,0.06046511627906977,0.8790697674418605,0.12093023255813953
90,805.1478260869566,-2.3409130434782606,2.465217391304348,1.1043478260869566,0.8695652173913043,0.47391304347826085,425.46086956521737,10.73913043478261,28.869565217391305,0.06956521739130435,0.034782608695652174,0.034782608695652174,0.9739130434782609,0.02608695652173913
91,780.4571428571429,-2.126857142857143,2.157142857142857,1.3,0.7142857142857143,0.4095238095238095,440.1857142857143,12.228571428571428,30.223809523809525,0.09047619047619047,0.0761904761904762,0.014285714285714285,0.919047619047619,0.08095238095238096
92,693.9281767955802,-2.0198342541436465,1.9281767955801106,1.4585635359116023,0.4861878453038674,0.5027624309392266,428.28729281767954,15.11049723756906,32.348066298342545,0.17679558011049723,0.143646408839779,0.03314917127071823,0.9337016574585635,0.06629834254143646
93,837.2947368421053,-2.118263157894737,2.4789473684210526,1.631578947368421,0.4,0.5421052631578948,443.2368421052632,13.705263157894738,29.410526315789475,0.13157894736842105,0.042105263157894736,0.08947368421052632,0.8894736842105263,0.11052631578947368
94,823.2459016393443,-2.2024590163934428,2.4262295081967213,1.530054644808743,0.3879781420765027,0.5191256830601093,450.3114754098361,12.579234972677595,29.224043715846996,0.2459016393442623,0.03278688524590164,0.21311475409836064,0.9617486338797814,0.03825136612021858
95,761.0588235294117,-2.020053475935829,2.2192513368983957,1.2513368983957218,0.6096256684491979,0.40106951871657753,427.6470588235294,13.304812834224599,31.032085561497325,0.20855614973262032,0.1497326203208556,0.058823529411764705,0.8716577540106952,0.12834224598930483
96,934.9405405405405,-2.4191891891891895,2.8594594594594596,0.8162162162162162,0.6702702702702703,0.5135135135135135,460.8216216216216,11.162162162162161,26.681081081081082,0.16756756756756758,0.043243243243243246,0.12432432432432433,0.918918918918919,0.08108108108108109
97,691.450495049505,-2.124059405940594,2.891089108910891,1.2326732673267327,0.49504950495049505,0.46534653465346537,433.74257425742576,13.069306930693068,31.97029702970297,0.16336633663366337,0.04455445544554455,0.1188118811881188,0.9455445544554455,0.054455445544554455
98,749.3192488262911,-2.213849765258216,2.6901408450704225,0.8685446009389671,0.755868544600939,0.4460093896713615,433.7887323943662,11.605633802816902,30.544600938967136,0.09859154929577464,0.06103286384976526,0.03755868544600939,0.9389671361502347,0.06103286384976526
99,702.545,-2.3129500000000003,2.835,1.495,0.545,0.455,436.235,12.84,31.465,0.12,0.035,0.085,0.96,0.04
100,774.7709251101321,-2.187356828193833,2.2422907488986783,0.9911894273127754,0.8414096916299559,0.42731277533039647,414.3964757709251,11.541850220264317,30.281938325991188,0.13656387665198239,0.039647577092511016,0.09691629955947137,0.920704845814978,0.07929515418502203
101,955.1801801801802,-2.002972972972973,2.265765765765766,1.4054054054054055,0.6621621621621622,0.3783783783783784,455.86486486486484,11.252252252252251,26.92792792792793,0.10810810810810811,0.07657657657657657,0.03153153153153153,0.8783783783783784,0.12162162162162163
102,912.4623655913979,-1.9226344086021505,1.9946236559139785,1.5913978494623655,0.43010752688172044,0.478494623655914,459.10215053763443,11.279569892473118,26.4247311827957,0.22580645161290322,0.07526881720430108,0.15053763440860216,0.8817204301075269,0.11827956989247312
103,793.5625,-2.033958333333333,2.3072916666666665,1.5,0.4791666666666667,0.5104166666666666,454.28125,12.557291666666666,30.770833333333332,0.15625,0.08333333333333333,0.07291666666666667,0.8854166666666666,0.11458333333333333
104,854.9672131147541,-2.0872131147540984,2.3825136612021858,1.53551912568306,0.37158469945355194,0.5683060109289617,467.53005464480873,11.191256830601093,28.010928961748633,0.21311475409836064,0.1912568306010929,0.02185792349726776,0.8743169398907104,0.12568306010928962
105,995.1851851851852,-2.0110582010582014,2.507936507936508,1.3703703703703705,0.5608465608465608,0.48148148148148145,480.5449735449736,10.02116402116402,24.317460317460316,0.20105820105820105,0.05291005291005291,0.14814814814814814,0.8306878306878307,0.1693121693121693
106,679.3333333333334,-2.269846153846154,2.466666666666667,0.8461538461538461,0.6666666666666666,0.4512820512820513,409.2358974358974,11.338461538461539,32.34871794871795,0.15384615384615385,0.08717948717948718,0.06666666666666667,0.9435897435897436,0.05641025641025641
107,812.0445544554456,-2.163811881188119,3.108910891089109,1.3762376237623761,0.5495049504950495,0.4504950495049505,420.5792079207921,10.935643564356436,29.485148514851485,0.1485148514851485,0.09405940594059406,0.054455445544554455,0.8910891089108911,0.10891089108910891
108,730.9383886255924,-2.3649763033175355,3.071090047393365,0.976303317535545,0.7345971563981043,0.46919431279620855,434.77251184834125,12.516587677725118,30.96208530805687,0.08530805687203792,0.03317535545023697,0.052132701421800945,0.933649289099526,0.06635071090047394
109,774.2115384615385,-2.1301923076923077,2.5,1.3413461538461537,0.6346153846153846,0.4423076923076923,426.9230769230769,11.620192307692308,30.197115384615383,0.1875,0.10096153846153846,0.08653846153846154,0.9230769230769231,0.07692307692307693
110,849.6504424778761,-2.0707522123893805,2.3008849557522124,1.0044247787610618,0.8716814159292036,0.4469026548672566,438.4867256637168,11.323008849557523,29.38938053097345,0.12389380530973451,0.08849557522123894,0.035398230088495575,0.8938053097345132,0.10619469026548672
111,821.0892018779343,-2.1272300469483567,2.535211267605634,1.596244131455399,0.5727699530516432,0.4225352112676056,456.3192488262911,10.63849765258216,29.427230046948356,0.14553990610328638,0.023474178403755867,0.12206572769953052,0.9389671361502347,0.06103286384976526
112,693.9301075268817,-2.121344086021505,1.9086021505376345,1.413978494623656,0.41397849462365593,0.5,436.6666666666667,12.258064516129032,32.1505376344086,0.1774193548387097,0.04838709677419355,0.12903225806451613,0.9247311827956989,0.07526881720430108
113,825.0777202072538,-2.3136269430051817,2.4093264248704664,1.4922279792746114,0.45077720207253885,0.5025906735751295,463.3730569948186,11.248704663212436,29.466321243523318,0.06735751295336788,0.06217616580310881,0.0051813471502590676,0.927461139896373,0.07253886010362694
114,878.1968911917098,-2.1758549222797927,2.683937823834197,1.6580310880829014,0.38860103626943004,0.5492227979274611,470.04663212435236,11.067357512953368,27.487046632124354,0.23316062176165803,0.09326424870466321,0.13989637305699482,0.8808290155440415,0.11917098445595854
115,638.5157894736842,-2.024736842105263,2.2263157894736842,1.2578947368421052,0.5842105263157895,0.42105263157894735,427.9736842105263,12.494736842105263,33.857894736842105,0.1631578947368421,0.06315789473684211,0.1,0.9315789473684211,0.06842105263157895
116,925.90625,-2.1777083333333334,2.4791666666666665,0.8333333333333334,0.6875,0.4583333333333333,455.0989583333333,10.921875,27.234375,0.13541666666666666,0.11458333333333333,0.020833333333333332,0.9166666666666666,0.08333333333333333
117,916.6213592233009,-2.3349514563106797,3.1553398058252426,1.4320388349514563,0.3737864077669903,0.4854368932038835,463.19417475728153,10.310679611650485,26.844660194174757,0.10194174757281553,0.038834951456310676,0.06310679611650485,0.8689320388349514,0.13106796116504854
118,814.0829493087558,-2.2263133640552994,2.6820276497695854,0.815668202764977,0.7511520737327189,0.41013824884792627,449.7511520737327,10.654377880184331,29.691244239631338,0.10138248847926268,0.059907834101382486,0.041474654377880185,0.9585253456221198,0.041474654377880185
119,859.4929577464789,-2.230281690140845,2.6666666666666665,1.3896713615023475,0.6197183098591549,0.4460093896713615,463.81220657277,10.685446009389672,28.154929577464788,0.1267605633802817,0.08450704225352113,0.04225352112676056,0.9342723004694836,0.06572769953051644
120,774.6438356164383,-2.0639269406392695,2.5662100456621006,1.1004566210045663,0.8493150684931506,0.45662100456621,425.21004566210047,11.698630136986301,29.93607305936073,0.1141552511415525,0.0228310502283105,0.091324200913242,0.908675799086758,0.091324200913242
121,860.1965065502184,-2.0565502183406115,2.2096069868995634,1.3056768558951966,0.6506550218340611,0.4585152838427948,440.410480349345,11.270742358078603,29.23580786026201,0.08733624454148471,0.06550218340611354,0.021834061135371178,0.925764192139738,0.07423580786026202
122,719.795,-1.9729500000000002,1.755,1.43,0.545,0.455,407.04,13.335,32.325,0.155,0.125,0.03,0.9,0.1
123,767.356783919598,-2.187537688442211,2.487437185929648,1.5829145728643217,0.44221105527638194,0.592964824120603,434.8793969849246,10.376884422110553,29.723618090452263,0.135678391959799,0.05025125628140704,0.08542713567839195,0.9547738693467337,0.04522613065326633
124,852.9642857142857,-2.01,2.4489795918367347,1.596938775510204,0.35714285714285715,0.5306122448979592,446.61224489795916,11.816326530612244,29.403061224489797,0.2602040816326531,0.0663265306122449,0.19387755102040816,0.9591836734693877,0.04081632653061224
125,846.2392344497607,-2.0845454545454545,2.1961722488038276,1.167464114832536,0.5980861244019139,0.39712918660287083,433.1626794258373,11.904306220095695,28.985645933014354,0.13875598086124402,0.10047846889952153,0.03827751196172249,0.9234449760765551,0.07655502392344497
126,819.4561403508771,-2.301695906432749,2.9298245614035086,0.8596491228070176,0.7894736842105263,0.5321637426900585,426.87134502923976,9.929824561403509,27.771929824561404,0.1286549707602339,0.04093567251461988,0.08771929824561403,0.935672514619883,0.06432748538011696
127,833.0,-2.1142922374429225,2.867579908675799,1.2328767123287672,0.5707762557077626,0.4429223744292237,439.42009132420094,11.858447488584474,29.748858447488583,0.1187214611872146,0.0319634703196347,0.0867579908675799,0.9269406392694064,0.0730593607305936
128,839.6298076923077,-2.156634615384615,2.8125,0.9134615384615384,0.7548076923076923,0.4423076923076923,428.02884615384613,11.10576923076923,28.91826923076923,0.09615384615384616,0.0625,0.03365384615384615,0.8990384615384616,0.10096153846153846
129,694.835,-2.1673,2.795,1.505,0.55,0.52,431.105,12.73,31.52,0.085,0.03,0.055,0.96,0.04
130,640.9311926605504,-2.2320642201834864,2.114678899082569,1.0091743119266054,0.8027522935779816,0.41743119266055045,404.8073394495413,11.619266055045872,33.57339449541284,0.0963302752293578,0.03669724770642202,0.05963302752293578,0.9495412844036697,0.05045871559633028
131,957.648401826484,-1.9981735159817353,2.269406392694064,1.3744292237442923,0.639269406392694,0.410958904109589,464.3150684931507,10.707762557077626,26.59360730593607,0.0821917808219178,0.0410958904109589,0.0410958904109589,0.7990867579908676,0.2009132420091324
132,758.9255319148937,-2.297553191489362,2.223404255319149,1.6382978723404256,0.5319148936170213,0.5638297872340425,431.4840425531915,10.595744680851064,30.29255319148936,0.11170212765957446,0.047872340425531915,0.06382978723404255,0.9414893617021277,0.05851063829787234
133,866.0143540669857,-2.172153110047847,2.3157894736842106,1.368421052631579,0.5311004784688995,0.4880382775119617,443.0717703349282,10.08133971291866,28.29665071770335,0.09569377990430622,0.04784688995215311,0.04784688995215311,0.9186602870813397,0.08133971291866028
134,759.2727272727273,-2.105808080808081,2.515151515151515,1.5757575757575757,0.35858585858585856,0.5303030303030303,441.32828282828285,11.878787878787879,30.393939393939394,0.31313131313131315,0.23737373737373738,0.07575757575757576,0.898989898989899,0.10101010101010101
135,808.1859296482412,-2.176633165829146,2.391959798994975,1.3668341708542713,0.5577889447236181,0.4271356783919598,452.356783919598,11.35175879396985,30.13065326633166,0.271356783919598,0.07035175879396985,0.20100502512562815,0.9447236180904522,0.05527638190954774
136,766.9521276595744,-2.016595744680851,2.4680851063829787,0.8723404255319149,0.7074468085106383,0.46808510638297873,429.04787234042556,12.22340425531915,31.28191489361702,0.23404255319148937,0.05851063829787234,0.17553191489361702,0.9202127659574468,0.0797872340425532
137,831.1067961165048,-2.0949514563106795,2.936893203883495,1.2815533980582525,0.49029126213592233,0.4563106796116505,440.63106796116506,11.004854368932039,29.480582524271846,0.14563106796116504,0.10194174757281553,0.043689320388349516,0.912621359223301,0.08737864077669903
138,848.1453744493392,-2.3481057268722467,3.05726872246696,1.0969162995594715,0.7577092511013216,0.43171806167400884,437.5814977973568,10.929515418502202,28.45374449339207,0.07929515418502203,0.03524229074889868,0.04405286343612335,0.933920704845815,0.06607929515418502
139,902.4608294930875,-2.1776958525345624,2.3548387096774195,1.2857142857142858,0.6405529953917051,0.43317972350230416,464.02764976958525,11.08294930875576,28.046082949308754,0.17050691244239632,0.06912442396313365,0.10138248847926268,0.9262672811059908,0.07373271889400922
140,804.2467532467532,-2.192813852813853,2.264069264069264,1.0,0.8961038961038961,0.4155844155844156,425.8008658008658,11.562770562770563,30.428571428571427,0.12987012987012986,0.08658008658008658,0.04329004329004329,0.9047619047619048,0.09523809523809523
141,883.7136363636364,-2.1931363636363637,2.5136363636363637,1.5,0.7454545454545455,0.4590909090909091,441.67727272727274,10.25,28.3,0.09090909090909091,0.013636363636363636,0.07727272727272727,0.9363636363636364,0.06363636363636363
142,744.7272727272727,-2.081060606060606,1.8585858585858586,1.4292929292929293,0.5202020202020202,0.4797979797979798,433.75252525252523,11.085858585858587,31.636363636363637,0.14646464646464646,0.06565656565656566,0.08080808080808081,0.898989898989899,0.10101010101010101
143,803.4066985645933,-2.2655502392344498,2.1196172248803826,1.368421052631579,0.47368421052631576,0.4784688995215311,436.933014354067,11.708133971291867,30.382775119617225,0.15789473684210525,0.09569377990430622,0.06220095693779904,0.9282296650717703,0.07177033492822966
144,743.3434343434343,-2.1911111111111112,2.6262626262626263,1.6616161616161615,0.35858585858585856,0.5858585858585859,435.77272727272725,11.121212121212121,30.0,0.2777777777777778,0.09090909090909091,0.18686868686868688,0.9595959595959596,0.04040404040404041
145,784.5463414634146,-2.0912682926829267,2.1609756097560977,1.1609756097560975,0.5756097560975609,0.3853658536585366,439.01951219512193,11.38048780487805,31.521951219512196,0.2097560975609756,0.08292682926829269,0.12682926829268293,0.9317073170731708,0.06829268292682927
146,905.5492227979274,-2.0109326424870466,2.5077720207253886,0.8031088082901554,0.6735751295336787,0.46113989637305697,453.7720207253886,10.528497409326425,27.637305699481864,0.23316062176165803,0.16580310880829016,0.06735751295336788,0.8652849740932642,0.13471502590673576
147,848.0779816513761,-2.204357798165138,2.9311926605504586,1.3211009174311927,0.5642201834862385,0.43577981651376146,443.197247706422,9.646788990825687,27.81651376146789,0.14220183486238533,0.045871559633027525,0.0963302752293578,0.9541284403669725,0.045871559633027525
148,811.6866359447005,-2.0997235023041476,2.705069124423963,0.967741935483871,0.7465437788018433,0.39631336405529954,438.6175115207373,11.691244239631336,30.04147465437788,0.12903225806451613,0.05069124423963134,0.07834101382488479,0.9262672811059908,0.07373271889400922
149,767.9655172413793,-1.9610837438423647,2.58128078817734,1.3891625615763548,0.6847290640394089,0.4433497536945813,437.064039408867,11.807881773399014,30.25615763546798,0.23645320197044334,0.16748768472906403,0.06896551724137931,0.9211822660098522,0.07881773399014778
150,743.8117154811715,-2.221171548117155,2.418410041841004,1.100418410041841,0.8870292887029289,0.4769874476987448,419.5857740585774,11.874476987447698,30.84937238493724,0.10460251046025104,0.03347280334728033,0.07112970711297072,0.9372384937238494,0.06276150627615062
151,868.5114155251141,-2.034977168949772,2.223744292237443,1.36986301369863,0.6757990867579908,0.3835616438356164,465.3607305936073,11.187214611872147,28.82648401826484,0.1324200913242009,0.0547945205479452,0.0776255707762557,0.9360730593607306,0.0639269406392694
152,760.2361809045226,-2.055427135678392,1.879396984924623,1.4522613065326633,0.48743718592964824,0.48743718592964824,439.3065326633166,12.231155778894472,30.829145728643216,0.21105527638190955,0.11557788944723618,0.09547738693467336,0.8743718592964824,0.12562814070351758
153,810.8957345971564,-2.2865402843601896,2.5071090047393363,1.5497630331753554,0.5355450236966824,0.4928909952606635,453.62085308056874,11.23222748815166,29.298578199052134,0.12796208530805686,0.037914691943127965,0.09004739336492891,0.933649289099526,0.06635071090047394
154,746.6326530612245,-2.0661224489795917,2.520408163265306,1.596938775510204,0.3622448979591837,0.5306122448979592,429.11224489795916,11.964285714285714,30.964285714285715,0.33163265306122447,0.04591836734693878,0.2857142857142857,0.9438775510204082,0.05612244897959184
155,988.7121212121212,-1.8846464646464647,2.282828282828283,1.1919191919191918,0.6111111111111112,0.42424242424242425,458.1515151515151,10.464646464646465,25.964646464646464,0.1717171717171717,0.14646464646464646,0.025252525252525252,0.8232323232323232,0.17676767676767677
156,822.9489795918367,-2.311377551020408,2.7346938775510203,0.9795918367346939,0.6785714285714286,0.49489795918367346,441.9795918367347,10.061224489795919,29.933673469387756,0.3010204081632653,0.08673469387755102,0.21428571428571427,0.9642857142857143,0.03571428571428571
157,749.409691629956,-1.9848458149779735,2.709251101321586,1.1806167400881058,0.6563876651982379,0.41409691629955947,419.9295154185022,11.497797356828194,31.101321585903083,0.14977973568281938,0.04405286343612335,0.10572687224669604,0.9074889867841409,0.09251101321585903
158,715.559633027523,-2.101467889908257,2.6788990825688073,0.8944954128440367,0.7522935779816514,0.4036697247706422,432.5091743119266,12.03211009174312,31.068807339449542,0.11467889908256881,0.0963302752293578,0.01834862385321101,0.9174311926605505,0.08256880733944955
159,866.829268292683,-2.2706829268292683,2.951219512195122,1.4829268292682927,0.6390243902439025,0.4926829268292683,469.0780487804878,9.946341463414635,27.634146341463413,0.23414634146341465,0.1073170731707317,0.12682926829268293,0.9463414634146341,0.05365853658536585
160,902.1085972850678,-1.9709049773755656,2.266968325791855,1.0316742081447965,0.9276018099547512,0.42081447963800905,439.87330316742083,10.610859728506787,28.248868778280542,0.14479638009049775,0.07692307692307693,0.06787330316742081,0.9140271493212669,0.08597285067873303
161,833.7955555555556,-2.051555555555556,2.2355555555555555,1.3511111111111112,0.6488888888888888,0.4,452.4088888888889,11.057777777777778,28.56888888888889,0.13333333333333333,0.057777777777777775,0.07555555555555556,0.9066666666666666,0.09333333333333334
162,715.1526315789474,-2.269,2.1052631578947367,1.6368421052631579,0.4631578947368421,0.46842105263157896,432.4421052631579,13.110526315789473,32.373684210526314,0.21578947368421053,0.08947368421052632,0.12631578947368421,0.9473684210526315,0.05263157894736842
163,756.9900497512438,-2.295721393034826,2.283582089552239,1.4527363184079602,0.4975124378109453,0.527363184079602,443.17910447761193,12.26865671641791,31.243781094527364,0.14427860696517414,0.06467661691542288,0.07960199004975124,0.9353233830845771,0.06467661691542288
164,1016.3191489361702,-2.2366489361702127,2.4202127659574466,1.5797872340425532,0.3882978723404255,0.5372340425531915,475.8191489361702,10.22340425531915,25.23404255319149,0.44680851063829785,0.3404255319148936,0.10638297872340426,0.8776595744680851,0.12234042553191489
165,1132.4507042253522,-1.9625821596244133,2.488262910798122,1.3333333333333333,0.6338028169014085,0.45539906103286387,458.4131455399061,8.408450704225352,21.511737089201876,0.22065727699530516,0.07981220657276995,0.14084507042253522,0.7793427230046949,0.22065727699530516
166,757.9052631578948,-2.129578947368421,2.468421052631579,0.8421052631578947,0.6947368421052632,0.4631578947368421,440.4157894736842,11.68421052631579,31.98421052631579,0.25263157894736843,0.06842105263157895,0.18421052631578946,0.9157894736842105,0.08421052631578947
167,793.95,-2.275136363636364,2.7590909090909093,1.190909090909091,0.5772727272727273,0.4409090909090909,457.4227272727273,10.99090909090909,29.395454545454545,0.16818181818181818,0.12727272727272726,0.04090909090909091,0.9272727272727272,0.07272727272727272
168,819.3256880733945,-2.0505963302752295,2.9357798165137616,0.9036697247706422,0.8119266055045872,0.44495412844036697,435.2201834862385,11.330275229357799,29.55045871559633,0.11467889908256881,0.05504587155963303,0.05963302752293578,0.908256880733945,0.09174311926605505
169,917.7314049586777,-2.0719421487603307,2.3595041322314048,1.4132231404958677,0.6363636363636364,0.45041322314049587,445.9793388429752,12.037190082644628,27.97107438016529,0.2396694214876033,0.09504132231404959,0.1446280991735537,0.9008264462809917,0.09917355371900827
170,886.7022222222222,-2.1224000000000003,2.28,1.0044444444444445,0.8888888888888888,0.4266666666666667,446.4088888888889,10.608888888888888,27.884444444444444,0.05333333333333334,0.044444444444444446,0.008888888888888889,0.9155555555555556,0.08444444444444445
171,712.4618834080718,-2.2132286995515695,2.390134529147982,1.3721973094170403,0.7713004484304933,0.4260089686098655,442.5067264573991,12.125560538116591,31.690582959641254,0.04932735426008968,0.0,0.04932735426008968,0.9417040358744395,0.05829596412556054
172,945.48,-2.1102000000000003,1.84,1.275,0.52,0.48,465.225,9.795,27.19,0.135,0.06,0.075,0.84,0.16
173,826.0,-2.2266995073891627,2.3645320197044337,1.458128078817734,0.5320197044334976,0.4827586206896552,444.3990147783251,11.753694581280788,29.842364532019705,0.12315270935960591,0.09852216748768473,0.024630541871921183,0.9113300492610837,0.08866995073891626
174,893.86,-1.9171,2.725,1.665,0.39,0.54,475.21,9.84,26.98,0.435,0.235,0.2,0.91,0.09
175,847.6064814814815,-2.213703703703704,2.185185185185185,1.125,0.7314814814814815,0.3888888888888889,438.4861111111111,10.666666666666666,28.189814814814813,0.20833333333333334,0.09722222222222222,0.1111111111111111,0.9305555555555556,0.06944444444444445
176,696.5439560439561,-2.071813186813187,2.67032967032967,0.9010989010989011,0.7087912087912088,0.510989010989011,426.7857142857143,11.895604395604396,31.796703296703296,0.17582417582417584,0.13736263736263737,0.038461538461538464,0.9395604395604396,0.06043956043956044
177,794.0519480519481,-2.4152813852813857,2.9523809523809526,1.3246753246753247,0.5974025974025974,0.46320346320346323,434.45021645021643,11.017316017316018,29.683982683982684,0.30735930735930733,0.15584415584415584,0.15151515151515152,0.9090909090909091,0.09090909090909091
178,828.6712962962963,-2.301388888888889,2.6666666666666665,0.9861111111111112,0.7546296296296297,0.4166666666666667,451.962962962963,10.87962962962963,28.939814814814813,0.09259259259259259,0.05092592592592592,0.041666666666666664,0.9398148148148148,0.06018518518518518
179,978.504761904762,-1.9002857142857144,2.638095238095238,1.3333333333333333,0.638095238095238,0.44761904761904764,462.8857142857143,9.442857142857143,25.523809523809526,0.23333333333333334,0.15714285714285714,0.0761904761904762,0.8047619047619048,0.19523809523809524
180,780.8551401869158,-2.3106074766355142,2.574766355140187,1.2757009345794392,0.7383177570093458,0.48130841121495327,430.83644859813086,11.172897196261681,29.747663551401867,0.09345794392523364,0.03271028037383177,0.06074766355140187,0.9392523364485982,0.06074766355140187
181,844.5309734513274,-2.0888495575221238,2.2035398230088497,1.2920353982300885,0.6769911504424779,0.40707964601769914,447.9911504424779,10.738938053097344,29.004424778761063,0.04424778761061947,0.030973451327433628,0.01327433628318584,0.9247787610619469,0.0752212389380531
182,793.460396039604,-2.3416831683168318,1.900990099009901,1.4405940594059405,0.6039603960396039,0.48514851485148514,435.6930693069307,12.351485148514852,30.42079207920792,0.13366336633663367,0.07425742574257425,0.0594059405940594,0.9554455445544554,0.04455445544554455
183,817.1878172588832,-2.20253807106599,2.6903553299492384,1.5939086294416243,0.5380710659898477,0.5583756345177665,432.01015228426394,11.624365482233502,29.98984771573604,0.16243654822335024,0.050761421319796954,0.1116751269035533,0.934010152284264,0.06598984771573604
184,897.1231527093596,-2.0589655172413797,2.4334975369458127,1.5270935960591132,0.3645320197044335,0.5073891625615764,455.0837438423645,9.645320197044335,28.123152709359605,0.43349753694581283,0.06896551724137931,0.3645320197044335,0.9458128078817734,0.054187192118226604
185,701.2892156862745,-2.2777450980392158,2.230392156862745,1.2254901960784315,0.6568627450980392,0.4117647058823529,427.62745098039215,12.068627450980392,31.86764705882353,0.22549019607843138,0.1715686274509804,0.05392156862745098,0.9264705882352942,0.07352941176470588
186,810.8010204081633,-2.2016326530612242,2.8010204081632653,0.8469387755102041,0.6632653061224489,0.5,434.5204081632653,10.21938775510204,29.198979591836736,0.2193877551020408,0.09693877551020408,0.12244897959183673,0.9081632653061225,0.09183673469387756
187,673.6028037383178,-2.1031308411214953,2.822429906542056,1.2616822429906542,0.5467289719626168,0.43457943925233644,416.77570093457945,11.69158878504673,32.76635514018692,0.2383177570093458,0.056074766355140186,0.1822429906542056,0.9439252336448598,0.056074766355140186
188,794.6519823788547,-2.09726872246696,2.607929515418502,0.920704845814978,0.7268722466960352,0.4052863436123348,428.726872246696,11.189427312775331,29.70044052863436,0.08370044052863436,0.05726872246696035,0.02643171806167401,0.933920704845815,0.06607929515418502
189,884.8744394618834,-2.199596412556054,2.7937219730941703,1.5291479820627802,0.6188340807174888,0.4439461883408072,452.62780269058294,10.852017937219731,28.51121076233184,0.23318385650224216,0.08071748878923767,0.15246636771300448,0.9013452914798207,0.09865470852017937
190,765.6166666666667,-2.15225,2.2625,0.95,0.9375,0.4,410.25416666666666,11.6375,30.883333333333333,0.1125,0.0125,0.1,0.8958333333333334,0.10416666666666667
191,775.0530973451328,-2.354336283185841,2.1769911504424777,1.3584070796460177,0.6902654867256637,0.40707964601769914,437.1991150442478,11.778761061946902,30.991150442477878,0.084070796460177,0.02654867256637168,0.05752212389380531,0.9292035398230089,0.07079646017699115
192,812.1138613861386,-2.23519801980198,2.0544554455445545,1.5940594059405941,0.6386138613861386,0.4900990099009901,437.18811881188117,11.024752475247524,29.54950495049505,0.297029702970297,0.12376237623762376,0.17326732673267325,0.9405940594059405,0.0594059405940594
193,840.5190476190476,-2.0785714285714287,2.3190476190476192,1.4095238095238096,0.5095238095238095,0.47619047619047616,448.2809523809524,11.642857142857142,30.204761904761906,0.1380952380952381,0.05714285714285714,0.08095238095238096,0.9380952380952381,0.06190476190476191
194,882.3811881188119,-2.269653465346535,2.49009900990099,1.5544554455445545,0.36633663366336633,0.5099009900990099,444.0693069306931,10.678217821782178,28.717821782178216,0.7475247524752475,0.37623762376237624,0.3712871287128713,0.9158415841584159,0.08415841584158416
195,796.9509803921569,-2.2777450980392158,2.406862745098039,1.3088235294117647,0.6764705882352942,0.4117647058823529,439.9117647058824,11.32843137254902,31.230392156862745,0.27941176470588236,0.05392156862745098,0.22549019607843138,0.9215686274509803,0.0784313725490196
196,716.4038461538462,-2.2409134615384616,2.3365384615384617,0.8798076923076923,0.6442307692307693,0.42788461538461536,427.875,10.658653846153847,31.375,0.2548076923076923,0.10096153846153846,0.15384615384615385,0.9567307692307693,0.04326923076923077
197,869.1327433628319,-2.1330530973451327,2.672566371681416,1.168141592920354,0.6460176991150443,0.41150442477876104,428.0221238938053,10.876106194690266,28.442477876106196,0.19911504424778761,0.14601769911504425,0.05309734513274336,0.911504424778761,0.08849557522123894
198,774.1909090909091,-2.257090909090909,3.0681818181818183,1.0681818181818181,0.8272727272727273,0.42727272727272725,444.5863636363636,11.004545454545454,30.87727272727273,0.08181818181818182,0.02727272727272727,0.05454545454545454,0.9272727272727272,0.07272727272727272
199,837.9730941704036,-2.269282511210762,2.4573991031390134,1.2600896860986548,0.6098654708520179,0.4260089686098655,454.0,10.937219730941704,29.358744394618835,0.18834080717488788,0.08071748878923767,0.10762331838565023,0.9237668161434978,0.07623318385650224
200,753.3516949152543,-2.199322033898305,2.152542372881356,0.9661016949152542,0.8813559322033898,0.4067796610169492,434.46610169491527,11.94915254237288,31.258474576271187,0.1483050847457627,0.09322033898305085,0.05508474576271186,0.9194915254237288,0.08050847457627118
201,859.8940092165899,-2.1823963133640554,2.76036866359447,1.6175115207373272,0.6912442396313364,0.423963133640553,450.28110599078343,10.691244239631336,28.07373271889401,0.15207373271889402,0.03225806451612903,0.11981566820276497,0.9216589861751152,0.07834101382488479
202,693.5026455026455,-2.2725925925925923,2.058201058201058,1.5132275132275133,0.5343915343915344,0.5185185185185185,421.37566137566137,12.481481481481481,33.51851851851852,0.1746031746031746,0.06349206349206349,0.1111111111111111,0.9417989417989417,0.0582010582010582
203,687.4927536231884,-2.1569082125603867,2.236714975845411,1.4444444444444444,0.4927536231884058,0.4927536231884058,424.42028985507244,12.497584541062801,32.76328502415459,0.13043478260869565,0.1111111111111111,0.01932367149758454,0.9178743961352657,0.0821256038647343
204,913.4492753623189,-2.1416908212560384,2.7294685990338166,1.671497584541063,0.3671497584541063,0.5652173913043478,445.7294685990338,10.748792270531402,26.66183574879227,0.45410628019323673,0.2222222222222222,0.2318840579710145,0.9227053140096618,0.07729468599033816
205,937.743961352657,-2.2133333333333334,2.260869565217391,1.1690821256038648,0.7053140096618358,0.4057971014492754,445.2512077294686,10.72463768115942,27.21256038647343,0.178743961352657,0.057971014492753624,0.12077294685990338,0.9130434782608695,0.08695652173913043
206,850.5692307692308,-2.116051282051282,2.4871794871794872,0.8564102564102564,0.6717948717948717,0.4461538461538462,443.02564102564105,11.22051282051282,28.805128205128206,0.26666666666666666,0.21025641025641026,0.05641025641025641,0.9128205128205128,0.08717948717948718
207,984.9954954954954,-2.0944594594594594,3.18018018018018,1.436936936936937,0.6531531531531531,0.46396396396396394,461.81081081081084,9.518018018018019,25.7972972972973,0.22522522522522523,0.1036036036036036,0.12162162162162163,0.8648648648648649,0.13513513513513514
208,699.068669527897,-2.1204721030042917,2.6008583690987126,0.9613733905579399,0.7081545064377682,0.39914163090128757,422.7639484978541,11.489270386266094,31.6480686695279,0.1072961373390558,0.04721030042918455,0.060085836909871244,0.9527896995708155,0.04721030042918455
209,761.2139737991266,-2.1113100436681225,2.493449781659389,1.3100436681222707,0.5807860262008734,0.4410480349344978,446.3799126637555,11.951965065502183,30.951965065502183,0.23580786026200873,0.15283842794759825,0.08296943231441048,0.9039301310043668,0.09606986899563319
210,755.5308641975308,-2.3744444444444444,2.48559670781893,1.0905349794238683,0.9753086419753086,0.4156378600823045,423.81069958847735,11.411522633744855,31.016460905349795,0.1440329218106996,0.06172839506172839,0.0823045267489712,0.9423868312757202,0.05761316872427984
211,754.6929824561404,-2.1429385964912284,2.206140350877193,1.3596491228070176,0.6710526315789473,0.3991228070175439,429.31140350877195,12.144736842105264,31.649122807017545,0.10526315789473684,0.06578947368421052,0.039473684210526314,0.8991228070175439,0.10087719298245613
212,765.1225490196078,-1.9829901960784315,1.8774509803921569,1.4411764705882353,0.5588235294117647,0.47549019607843135,417.09313725490193,10.843137254901961,30.75,0.1323529411764706,0.11274509803921569,0.0196078431372549,0.9117647058823529,0.08823529411764706
213,779.1078431372549,-2.5342156862745098,2.676470588235294,1.696078431372549,0.46078431372549017,0.5,454.3382352941176,10.955882352941176,29.92156862745098,0.9901960784313726,0.5196078431372549,0.47058823529411764,0.9313725490196079,0.06862745098039216
214,945.384236453202,-1.945369458128079,2.5517241379310347,1.5073891625615763,0.4088669950738916,0.5369458128078818,485.41871921182263,10.793103448275861,27.576354679802957,0.7684729064039408,0.19704433497536947,0.5714285714285714,0.9014778325123153,0.09852216748768473
215,762.4925373134329,-1.9661691542288557,2.2786069651741294,1.1940298507462686,0.6517412935323383,0.39800995024875624,457.2786069651741,10.661691542288557,29.44776119402985,0.1890547263681592,0.1691542288557214,0.01990049751243781,0.9303482587064676,0.06965174129353234
216,787.1609756097561,-2.21209756097561,2.6975609756097563,0.9804878048780488,0.6926829268292682,0.4975609756097561,455.3658536585366,10.951219512195122,29.90731707317073,0.25365853658536586,0.05853658536585366,0.1951219512195122,0.9219512195121952,0.07804878048780488
217,804.9641255605382,-2.058654708520179,2.7713004484304933,1.2331838565022422,0.6502242152466368,0.4125560538116592,444.2690582959641,10.26457399103139,29.83408071748879,0.20179372197309417,0.04932735426008968,0.15246636771300448,0.9327354260089686,0.06726457399103139
218,832.6747572815534,-1.9809708737864078,2.9029126213592233,0.9757281553398058,0.7912621359223301,0.44660194174757284,442.43203883495147,10.87864077669903,28.57766990291262,0.13106796116504854,0.10679611650485436,0.024271844660194174,0.883495145631068,0.11650485436893204
219,963.2110091743119,-2.1514220183486237,2.889908256880734,1.536697247706422,0.5045871559633027,0.4541284403669725,470.57798165137615,10.15137614678899,26.123853211009173,0.18807339449541285,0.04128440366972477,0.14678899082568808,0.8853211009174312,0.11467889908256881
220,902.4203539823009,-1.8384955752212389,2.2876106194690267,1.0398230088495575,0.8672566371681416,0.4424778761061947,445.0353982300885,11.150442477876107,28.004424778761063,0.12389380530973451,0.03982300884955752,0.084070796460177,0.8584070796460177,0.1415929203539823
221,930.4150943396227,-1.924811320754717,2.3867924528301887,1.4669811320754718,0.6839622641509434,0.44339622641509435,457.938679245283,10.235849056603774,26.82075471698113,0.10849056603773585,0.04716981132075472,0.06132075471698113,0.8349056603773585,0.1650943396226415
222,751.9731182795699,-2.1773655913978494,2.2580645161290325,1.7849462365591398,0.4946236559139785,0.543010752688172,437.47849462365593,10.698924731182796,30.010752688172044,0.1774193548387097,0.06989247311827956,0.10752688172043011,0.9354838709677419,0.06451612903225806
223,911.9317073170731,-2.300048780487805,2.297560975609756,1.4292682926829268,0.4926829268292683,0.48292682926829267,450.1268292682927,10.53170731707317,28.2,0.12682926829268293,0.09268292682926829,0.03414634146341464,0.9024390243902439,0.0975609756097561
224,837.3137254901961,-2.1540196078431375,2.5245098039215685,1.5490196078431373,0.3627450980392157,0.5294117647058824,448.15686274509807,11.637254901960784,29.16176470588235,0.3284313725490196,0.2696078431372549,0.058823529411764705,0.8872549019607843,0.11274509803921569
225,824.3115577889447,-2.0832663316582916,2.4974874371859297,1.3467336683417086,0.6180904522613065,0.46733668341708545,447.72361809045225,12.371859296482413,30.391959798994975,0.1507537688442211,0.05025125628140704,0.10050251256281408,0.9246231155778895,0.07537688442211055
226,769.7842105263157,-2.2821052631578946,2.5631578947368423,0.9052631578947369,0.6842105263157895,0.47368421052631576,426.6684210526316,12.852631578947369,32.410526315789475,0.26842105263157895,0.05263157894736842,0.21578947368421053,0.9105263157894737,0.08947368421052632
227,942.5133928571429,-2.0920535714285715,2.7455357142857144,1.1964285714285714,0.6026785714285714,0.39285714285714285,471.58035714285717,9.504464285714286,26.566964285714285,0.25,0.17857142857142858,0.07142857142857142,0.9196428571428571,0.08035714285714286
228,913.2488687782806,-2.158235294117647,2.9502262443438916,0.9502262443438914,0.8461538461538461,0.4660633484162896,458.28054298642536,8.968325791855204,26.67420814479638,0.09954751131221719,0.02262443438914027,0.07692307692307693,0.9366515837104072,0.06334841628959276
229,895.7363636363636,-2.2980454545454547,2.522727272727273,1.309090909090909,0.6,0.42272727272727273,468.0409090909091,10.213636363636363,28.04090909090909,0.2,0.09090909090909091,0.10909090909090909,0.9363636363636364,0.06363636363636363
230,994.0043103448276,-1.9549137931034484,2.271551724137931,0.9956896551724138,0.8318965517241379,0.41379310344827586,448.2586206896552,10.314655172413794,25.495689655172413,0.14224137931034483,0.09913793103448276,0.04310344827586207,0.875,0.125
231,806.3914893617022,-2.1832340425531918,2.442553191489362,1.4723404255319148,0.7574468085106383,0.4,430.9914893617021,11.12340425531915,29.791489361702126,0.08936170212765958,0.029787234042553193,0.059574468085106386,0.9276595744680851,0.07234042553191489
232,1056.5824742268042,-2.0722680412371135,2.0103092783505154,1.4948453608247423,0.5154639175257731,0.5051546391752577,448.9845360824742,9.154639175257731,24.469072164948454,0.14948453608247422,0.041237113402061855,0.10824742268041238,0.8865979381443299,0.1134020618556701
233,912.7454545454545,-2.119818181818182,2.2045454545454546,1.3863636363636365,0.5318181818181819,0.5181818181818182,468.4818181818182,10.195454545454545,27.536363636363635,0.16363636363636364,0.10909090909090909,0.05454545454545454,0.9227272727272727,0.07727272727272727
234,1027.7948717948718,-2.037897435897436,2.7743589743589743,1.758974358974359,0.40512820512820513,0.5692307692307692,477.8615384615385,9.138461538461538,24.06153846153846,0.39487179487179486,0.14871794871794872,0.24615384615384617,0.8307692307692308,0.16923076923076924
235,816.0511627906977,-2.0589767441860465,2.181395348837209,1.1255813953488372,0.6558139534883721,0.3813953488372093,444.98604651162793,11.934883720930232,30.334883720930232,0.11162790697674418,0.04186046511627907,0.06976744186046512,0.9162790697674419,0.08372093023255814
236,1019.015873015873,-2.196190476190476,2.624338624338624,0.8835978835978836,0.708994708994709,0.48677248677248675,468.021164021164,10.899470899470899,25.497354497354497,0.3386243386243386,0.21164021164021163,0.12698412698412698,0.9047619047619048,0.09523809523809523
237,882.1004184100418,-2.1169874476987447,2.920502092050209,1.3723849372384938,0.5648535564853556,0.4351464435146444,445.30962343096235,10.347280334728033,27.635983263598327,0.18410041841004185,0.0794979079497908,0.10460251046025104,0.9163179916317992,0.08368200836820083
238,866.7584541062802,-2.1092753623188405,2.739130434782609,0.7874396135265701,0.7922705314009661,0.4251207729468599,464.47342995169083,9.927536231884059,28.942028985507246,0.1111111111111111,0.057971014492753624,0.05314009661835749,0.8985507246376812,0.10144927536231885
239,977.3619047619047,-2.1074285714285717,2.604761904761905,1.3523809523809525,0.6142857142857143,0.44761904761904764,463.1714285714286,9.728571428571428,27.16190476190476,0.22380952380952382,0.19523809523809524,0.02857142857142857,0.8952380952380953,0.10476190476190476
240,946.7644444444444,-2.4508,2.591111111111111,1.1244444444444444,0.9644444444444444,0.47555555555555556,443.7733333333333,9.595555555555556,26.386666666666667,0.09333333333333334,0.044444444444444446,0.04888888888888889,0.9111111111111111,0.08888888888888889
241,1125.3649289099526,-2.021895734597156,2.3364928909952605,1.3791469194312795,0.7203791469194313,0.41706161137440756,486.563981042654,7.393364928909953,22.744075829383885,0.11374407582938388,0.08530805687203792,0.02843601895734597,0.8957345971563981,0.10426540284360189
242,858.0964467005076,-1.9748223350253808,1.9187817258883249,1.4720812182741116,0.5685279187817259,0.4873096446700508,440.8730964467005,11.370558375634518,29.14213197969543,0.14720812182741116,0.1218274111675127,0.025380710659898477,0.8477157360406091,0.15228426395939088
243,802.9064039408867,-2.051231527093596,2.5172413793103448,1.6896551724137931,0.47783251231527096,0.541871921182266,451.69458128078816,10.931034482758621,29.261083743842363,0.10837438423645321,0.034482758620689655,0.07389162561576355,0.916256157635468,0.08374384236453201
244,771.1268292682927,-2.2118048780487807,2.453658536585366,1.5560975609756098,0.35609756097560974,0.526829268292683,450.409756097561,11.648780487804878,30.429268292682927,0.24390243902439024,0.05365853658536585,0.1902439024390244,0.9365853658536586,0.06341463414634146
245,895.739336492891,-1.9887677725118482,2.2701421800947865,1.1421800947867298,0.6208530805687204,0.41232227488151657,460.6824644549763,10.943127962085308,27.540284360189574,0.23696682464454977,0.18009478672985782,0.05687203791469194,0.9004739336492891,0.0995260663507109
246,936.578125,-2.0939062500000003,2.8541666666666665,0.9583333333333334,0.7447916666666666,0.5052083333333334,469.546875,11.098958333333334,27.494791666666668,0.171875,0.041666666666666664,0.13020833333333334,0.8958333333333334,0.10416666666666667
247,864.0096618357488,-2.1018840579710147,2.821256038647343,1.2367149758454106,0.5942028985507246,0.4396135265700483,464.17874396135267,9.753623188405797,28.816425120772948,0.14009661835748793,0.043478260869565216,0.0966183574879227,0.9468599033816425,0.05314009661835749
248,1033.7314814814815,-2.016712962962963,2.6712962962962963,0.8657407407407407,0.7592592592592593,0.41203703703703703,464.7916666666667,8.930555555555555,24.787037037037038,0.07407407407407407,0.041666666666666664,0.032407407407407406,0.8796296296296297,0.12037037037037036
249,853.605504587156,-2.3210091743119268,2.697247706422018,1.4311926605504588,0.6100917431192661,0.46788990825688076,463.0091743119266,10.55045871559633,28.59633027522936,0.13302752293577982,0.05045871559633028,0.08256880733944955,0.9128440366972477,0.0871559633027523
250,992.9911111111111,-1.9821777777777778,2.32,1.0222222222222221,0.7555555555555555,0.4488888888888889,480.3911111111111,9.457777777777778,25.622222222222224,0.08888888888888889,0.013333333333333334,0.07555555555555556,0.8977777777777778,0.10222222222222223
251,689.3066037735849,-2.0570754716981132,2.349056603773585,1.419811320754717,0.7358490566037735,0.42452830188679247,437.061320754717,11.95754716981132,32.10377358490566,0.03773584905660377,0.02358490566037736,0.014150943396226415,0.9386792452830188,0.06132075471698113
252,826.7044334975369,-2.2016748768472905,1.9507389162561577,1.6059113300492611,0.5763546798029556,0.5221674876847291,436.04926108374383,11.064039408866995,29.842364532019705,0.09359605911330049,0.03940886699507389,0.054187192118226604,0.9408866995073891,0.059113300492610835
253,796.0682926829269,-2.0509756097560974,2.297560975609756,1.4048780487804877,0.526829268292683,0.5121951219512195,453.77073170731705,10.321951219512195,28.985365853658536,0.06829268292682927,0.03414634146341464,0.03414634146341464,0.9609756097560975,0.03902439024390244
254,941.9303482587064,-1.9575621890547266,2.4129353233830844,1.5771144278606966,0.36318407960199006,0.5124378109452736,453.29353233830847,10.318407960199005,26.562189054726367,0.38308457711442784,0.27860696517412936,0.1044776119402985,0.8706467661691543,0.12935323383084577
255,1078.9304812834225,-2.0836898395721923,2.6470588235294117,1.4919786096256684,0.6042780748663101,0.45454545454545453,476.18716577540107,9.213903743315509,23.620320855614974,0.1657754010695187,0.06417112299465241,0.10160427807486631,0.8128342245989305,0.18716577540106952
256,801.8102564102564,-2.267128205128205,2.5128205128205128,0.8974358974358975,0.6923076923076923,0.4666666666666667,449.35897435897436,11.123076923076923,30.153846153846153,0.17435897435897435,0.035897435897435895,0.13846153846153847,0.9282051282051282,0.07179487179487179
257,874.3768115942029,-2.1669565217391304,2.9516908212560384,1.2946859903381642,0.6521739130434783,0.45410628019323673,450.3671497584541,10.144927536231885,28.00966183574879,0.20772946859903382,0.13043478260869565,0.07729468599033816,0.9178743961352657,0.0821256038647343
258,853.1255605381166,-2.192735426008969,2.995515695067265,1.0852017937219731,0.7982062780269058,0.45739910313901344,437.62780269058294,11.080717488789238,28.282511210762333,0.02242152466367713,0.0,0.02242152466367713,0.9192825112107623,0.08071748878923767
259,785.4759825327511,-2.028646288209607,2.432314410480349,1.3100436681222707,0.6157205240174672,0.4104803493449782,446.0087336244541,11.668122270742359,30.048034934497817,0.16593886462882096,0.07423580786026202,0.09170305676855896,0.9388646288209607,0.0611353711790393
260,935.3376068376068,-1.933931623931624,2.1666666666666665,0.9786324786324786,0.8205128205128205,0.41025641025641024,466.4786324786325,10.316239316239317,26.427350427350426,0.07264957264957266,0.03418803418803419,0.038461538461538464,0.8888888888888888,0.1111111111111111
261,1030.6853448275863,-2.2886206896551724,2.4913793103448274,1.5603448275862069,0.6853448275862069,0.4482758620689655,471.5646551724138,9.491379310344827,24.29741379310345,0.09482758620689655,0.017241379310344827,0.07758620689655173,0.9051724137931034,0.09482758620689655
262,765.736040609137,-2.071218274111675,1.898477157360406,1.5126903553299493,0.49238578680203043,0.49238578680203043,431.96446700507613,11.411167512690355,30.883248730964468,0.16751269035532995,0.06091370558375635,0.1065989847715736,0.9086294416243654,0.09137055837563451
263,866.1951219512196,-2.134048780487805,2.2878048780487803,1.4146341463414633,0.48292682926829267,0.4975609756097561,459.38048780487804,10.980487804878049,28.89268292682927,0.13170731707317074,0.1073170731707317,0.024390243902439025,0.8829268292682927,0.11707317073170732
264,898.3913043478261,-2.475265700483092,2.6714975845410627,1.7971014492753623,0.3961352657004831,0.5410628019323671,471.95652173913044,8.879227053140097,26.04830917874396,0.30434782608695654,0.1111111111111111,0.1932367149758454,0.9420289855072463,0.057971014492753624
265,762.7860465116279,-1.9494418604651162,2.167441860465116,1.1255813953488372,0.6511627906976745,0.4046511627906977,447.69767441860466,11.874418604651163,31.24186046511628,0.13023255813953488,0.04186046511627907,0.08837209302325581,0.9302325581395349,0.06976744186046512
266,1063.1275510204082,-2.1637244897959187,2.3877551020408165,0.8112244897959183,0.6785714285714286,0.4642857142857143,450.5051020408163,8.71938775510204,23.54591836734694,0.22448979591836735,0.18877551020408162,0.03571428571428571,0.8775510204081632,0.12244897959183673
267,752.6768558951965,-2.2839737991266373,3.03056768558952,1.4192139737991267,0.5502183406113537,0.42358078602620086,438.27947598253274,10.135371179039302,28.77292576419214,0.14410480349344978,0.06550218340611354,0.07860262008733625,0.9475982532751092,0.05240174672489083
268,851.931506849315,-2.085022831050228,2.6164383561643834,0.8721461187214612,0.7534246575342466,0.4018264840182648,445.337899543379,10.39269406392694,28.410958904109588,0.0639269406392694,0.0228310502283105,0.0410958904109589,0.9315068493150684,0.0684931506849315
269,854.6071428571429,-2.122946428571429,2.486607142857143,1.2544642857142858,0.6294642857142857,0.42857142857142855,462.17410714285717,11.120535714285714,28.236607142857142,0.15625,0.13839285714285715,0.017857142857142856,0.8883928571428571,0.11160714285714286
270,696.5555555555555,-2.2799555555555555,2.551111111111111,1.2177777777777778,0.8755555555555555,0.4488888888888889,442.99555555555554,11.746666666666666,31.817777777777778,0.07555555555555556,0.017777777777777778,0.057777777777777775,0.9466666666666667,0.05333333333333334
271,915.5353982300885,-2.0600442477876104,2.1991150442477876,1.3097345132743363,0.6814159292035398,0.41150442477876104,460.99557522123894,10.079646017699115,27.761061946902654,0.084070796460177,0.05752212389380531,0.02654867256637168,0.9336283185840708,0.06637168141592921
272,791.151832460733,-2.1206806282722512,2.0104712041884816,1.5078534031413613,0.46596858638743455,0.4973821989528796,439.3717277486911,11.429319371727749,29.79581151832461,0.09424083769633508,0.07853403141361257,0.015706806282722512,0.9267015706806283,0.07329842931937172
273,899.5885167464115,-2.185980861244019,2.602870813397129,1.6507177033492824,0.5598086124401914,0.5406698564593302,444.0143540669856,10.688995215311005,27.5311004784689,0.10047846889952153,0.023923444976076555,0.07655502392344497,0.84688995215311,0.15311004784688995
274,911.7070707070707,-2.1362121212121212,2.515151515151515,1.5505050505050506,0.37373737373737376,0.5202020202020202,444.64141414141415,10.01010101010101,27.792929292929294,0.2222222222222222,0.020202020202020204,0.20202020202020202,0.9343434343434344,0.06565656565656566
275,921.4786729857819,-2.3987203791469196,2.293838862559242,1.146919431279621,0.7298578199052133,0.41232227488151657,464.1137440758294,10.061611374407583,27.071090047393366,0.09004739336492891,0.08530805687203792,0.004739336492890996,0.9241706161137441,0.07582938388625593
276,788.8743455497382,-2.306701570680628,2.7905759162303663,0.8952879581151832,0.8429319371727748,0.4816753926701571,446.27748691099475,11.052356020942408,30.460732984293195,0.1256544502617801,0.02617801047120419,0.09947643979057591,0.9528795811518325,0.04712041884816754
277,782.6637168141593,-2.232477876106195,2.6946902654867255,1.2168141592920354,0.5309734513274337,0.4247787610619469,451.35840707964604,10.29646017699115,29.43362831858407,0.1415929203539823,0.04424778761061947,0.09734513274336283,0.9601769911504425,0.03982300884955752
278,948.8090909090909,-2.3800454545454546,2.6136363636363638,0.9181818181818182,0.75,0.40454545454545454,475.0863636363636,10.222727272727273,26.063636363636363,0.1318181818181818,0.08636363636363636,0.045454545454545456,0.9363636363636364,0.06363636363636363
279,940.0134529147982,-2.215156950672646,2.8609865470852016,1.4080717488789238,0.7085201793721974,0.45739910313901344,471.8565022421525,10.112107623318385,26.18834080717489,0.11210762331838565,0.02242152466367713,0.08968609865470852,0.9192825112107623,0.08071748878923767
280,886.0472103004291,-2.0409871244635194,2.218884120171674,0.9742489270386266,0.8583690987124464,0.40772532188841204,453.6437768240343,10.11587982832618,27.553648068669528,0.06866952789699571,0.004291845493562232,0.06437768240343347,0.8798283261802575,0.12017167381974249
281,950.1629955947136,-2.147709251101322,2.2599118942731278,1.3876651982378854,0.6784140969162996,0.42731277533039647,458.73568281938327,9.964757709251101,26.035242290748897,0.1145374449339207,0.06607929515418502,0.048458149779735685,0.9030837004405287,0.09691629955947137
282,938.757281553398,-2.1478155339805824,2.1019417475728157,1.6067961165048543,0.5679611650485437,0.5097087378640777,455.2135922330097,9.771844660194175,26.07281553398058,0.0970873786407767,0.03398058252427184,0.06310679611650485,0.8883495145631068,0.11165048543689321
283,722.1165048543689,-2.201310679611651,2.296116504854369,1.4271844660194175,0.5339805825242718,0.5,437.25728155339806,12.08252427184466,31.33495145631068,0.05825242718446602,0.038834951456310676,0.019417475728155338,0.9174757281553398,0.0825242718446602
284,852.6960784313726,-2.185980392156863,2.4313725490196076,1.5392156862745099,0.36764705882352944,0.5196078431372549,454.26960784313724,10.107843137254902,27.808823529411764,0.37745098039215685,0.28431372549019607,0.09313725490196079,0.9068627450980392,0.09313725490196079
285,784.3546798029556,-2.236945812807882,2.5714285714285716,1.3694581280788178,0.6305418719211823,0.4433497536945813,446.01477832512313,12.167487684729064,31.064039408866996,0.07389162561576355,0.024630541871921183,0.04926108374384237,0.9113300492610837,0.08866995073891626
286,786.2089552238806,-2.209452736318408,2.388059701492537,0.8656716417910447,0.6716417910447762,0.44776119402985076,433.1741293532338,10.08955223880597,29.65671641791045,0.12437810945273632,0.024875621890547265,0.09950248756218906,0.9203980099502488,0.07960199004975124
287,826.013698630137,-2.1440639269406394,2.835616438356164,1.269406392694064,0.6438356164383562,0.4337899543378995,449.0913242009132,11.068493150684931,29.12785388127854,0.182648401826484,0.1324200913242009,0.0502283105022831,0.8949771689497716,0.1050228310502283
288,738.3938053097345,-2.094646017699115,2.97787610619469,1.0486725663716814,0.8451327433628318,0.4911504424778761,446.1814159292035,11.765486725663717,31.827433628318584,0.0752212389380531,0.022123893805309734,0.05309734513274336,0.9292035398230089,0.07079646017699115
289,841.5818181818182,-2.214,2.5454545454545454,1.309090909090909,0.6318181818181818,0.41818181818181815,441.40909090909093,11.031818181818181,29.490909090909092,0.20909090909090908,0.10909090909090909,0.1,0.9,0.1
290,894.7268907563025,-2.0778991596638656,2.23109243697479,1.004201680672269,0.957983193277311,0.40336134453781514,462.07142857142856,10.819327731092438,27.34453781512605,0.09243697478991597,0.05042016806722689,0.04201680672268908,0.8529411764705882,0.14705882352941177
291,951.6974789915967,-2.1217226890756304,2.495798319327731,1.5168067226890756,0.773109243697479,0.4327731092436975,451.07142857142856,10.491596638655462,26.600840336134453,0.1638655462184874,0.06722689075630252,0.09663865546218488,0.8823529411764706,0.11764705882352941
292,885.6875,-1.971298076923077,1.8365384615384615,1.4038461538461537,0.5576923076923077,0.46634615384615385,441.08653846153845,11.572115384615385,28.591346153846153,0.11538461538461539,0.03365384615384615,0.08173076923076923,0.8798076923076923,0.1201923076923077
293,991.6538461538462,-1.9253365384615386,2.3125,1.4134615384615385,0.5673076923076923,0.4951923076923077,449.1923076923077,9.913461538461538,25.923076923076923,0.14423076923076922,0.09134615384615384,0.052884615384615384,0.8125,0.1875
294,1058.3623188405797,-2.243623188405797,2.6135265700483092,1.8309178743961352,0.42028985507246375,0.5169082125603864,457.52657004830917,9.028985507246377,23.758454106280194,0.3671497584541063,0.18840579710144928,0.178743961352657,0.927536231884058,0.07246376811594203
295,860.7989949748744,-2.0435175879396987,2.2964824120603016,1.2110552763819096,0.5527638190954773,0.4221105527638191,452.92964824120605,9.989949748743719,28.14572864321608,0.09547738693467336,0.010050251256281407,0.08542713567839195,0.8341708542713567,0.1658291457286432
296,860.3636363636364,-2.0232323232323233,2.4494949494949494,0.9949494949494949,0.6767676767676768,0.45454545454545453,447.3939393939394,11.348484848484848,29.106060606060606,0.20707070707070707,0.15656565656565657,0.050505050505050504,0.8636363636363636,0.13636363636363635
297,901.2466367713005,-2.1544843049327356,3.2152466367713006,1.547085201793722,0.7174887892376681,0.47085201793721976,459.10762331838566,8.233183856502242,25.84304932735426,0.242152466367713,0.10762331838565023,0.13452914798206278,0.9327354260089686,0.06726457399103139
298,860.170305676856,-2.063580786026201,2.6943231441048034,1.0218340611353711,0.7248908296943232,0.4104803493449782,439.10917030567686,11.174672489082969,28.7117903930131,0.039301310043668124,0.013100436681222707,0.026200873362445413,0.9082969432314411,0.09170305676855896
299,856.7787610619469,-2.099778761061947,2.588495575221239,1.2876106194690264,0.6194690265486725,0.42035398230088494,451.96017699115043,9.548672566371682,27.86725663716814,0.1902654867256637,0.1592920353982301,0.030973451327433628,0.911504424778761,0.08849557522123894
300,957.022026431718,-1.9779295154185021,2.484581497797357,1.2334801762114538,0.960352422907489,0.44493392070484583,474.9030837004405,9.775330396475772,26.281938325991188,0.1145374449339207,0.07488986784140969,0.039647577092511016,0.8281938325991189,0.17180616740088106
301,891.6697247706422,-2.1106422018348625,2.293577981651376,1.4128440366972477,0.6880733944954128,0.4036697247706422,464.14220183486236,10.077981651376147,27.770642201834864,0.10550458715596331,0.0779816513761468,0.027522935779816515,0.8944954128440367,0.10550458715596331
302,785.0714285714286,-2.0310952380952383,1.8428571428571427,1.4904761904761905,0.580952380952381,0.46190476190476193,424.18095238095236,12.038095238095238,30.938095238095237,0.08571428571428572,0.06666666666666667,0.01904761904761905,0.8904761904761904,0.10952380952380952
303,874.5462962962963,-2.1638425925925926,2.5787037037037037,1.5972222222222223,0.5509259259259259,0.5138888888888888,435.162037037037,10.592592592592593,27.805555555555557,0.14351851851851852,0.05092592592592592,0.09259259259259259,0.8703703703703703,0.12962962962962962
304,776.6,-2.13965,2.5,1.615,0.365,0.535,437.145,10.685,29.905,0.66,0.14,0.52,0.89,0.11
305,971.8009708737864,-2.1413106796116503,2.29126213592233,1.1699029126213591,0.7378640776699029,0.4320388349514563,443.83009708737865,10.140776699029127,26.320388349514563,0.13106796116504854,0.0825242718446602,0.04854368932038835,0.8932038834951457,0.10679611650485436
306,853.265,-2.1902,2.74,0.82,0.75,0.48,452.91,10.11,28.535,0.2,0.08,0.12,0.905,0.095
307,1017.6009174311927,-2.034770642201835,2.811926605504587,1.261467889908257,0.6697247706422018,0.42201834862385323,464.56880733944956,8.720183486238533,24.587155963302752,0.12385321100917432,0.022935779816513763,0.10091743119266056,0.8761467889908257,0.12385321100917432
308,878.641592920354,-2.2016814159292033,2.6946902654867255,0.9646017699115044,0.7389380530973452,0.40707964601769914,455.783185840708,10.283185840707965,27.327433628318584,0.03982300884955752,0.022123893805309734,0.017699115044247787,0.8893805309734514,0.11061946902654868
309,1052.9745762711864,-2.105889830508475,2.7203389830508473,1.3559322033898304,0.7203389830508474,0.4279661016949153,455.14830508474574,8.275423728813559,23.39406779661017,0.1906779661016949,0.046610169491525424,0.1440677966101695,0.8220338983050848,0.17796610169491525
310,882.025641025641,-2.1924358974358973,2.2564102564102564,0.9700854700854701,0.8547008547008547,0.41452991452991456,442.5128205128205,10.504273504273504,28.457264957264957,0.04700854700854701,0.008547008547008548,0.038461538461538464,0.905982905982906,0.09401709401709402
311,1010.4159292035398,-2.011592920353982,2.190265486725664,1.323008849557522,0.6946902654867256,0.3893805309734513,456.4070796460177,9.451327433628318,25.07079646017699,0.02654867256637168,0.004424778761061947,0.022123893805309734,0.8849557522123894,0.11504424778761062
312,763.7114427860696,-2.072139303482587,2.18407960199005,1.6567164179104477,0.6218905472636815,0.4975124378109453,429.9651741293532,11.582089552238806,30.383084577114428,0.12935323383084577,0.05970149253731343,0.06965174129353234,0.900497512437811,0.09950248756218906
313,795.5381165919282,-2.259910313901345,2.233183856502242,1.3318385650224216,0.57847533632287,0.4663677130044843,447.32286995515693,10.910313901345292,29.62780269058296,0.1031390134529148,0.07623318385650224,0.026905829596412557,0.9461883408071748,0.053811659192825115
314,1052.1133004926107,-1.814975369458128,2.458128078817734,1.5763546798029557,0.3645320197044335,0.5221674876847291,459.51724137931035,8.881773399014778,24.354679802955665,0.33497536945812806,0.2413793103448276,0.09359605911330049,0.8472906403940886,0.15270935960591134
315,877.3142857142857,-2.233952380952381,2.257142857142857,1.3761904761904762,0.5952380952380952,0.4142857142857143,452.1714285714286,9.976190476190476,27.404761904761905,0.0761904761904762,0.01904761904761905,0.05714285714285714,0.8952380952380953,0.10476190476190476
316,737.6806282722513,-2.0568062827225133,2.607329842931937,0.9476439790575916,0.7120418848167539,0.6020942408376964,422.4921465968586,11.643979057591624,31.73821989528796,0.12041884816753927,0.010471204188481676,0.1099476439790576,0.9162303664921466,0.08376963350785341
317,985.0444444444445,-2.0933777777777776,2.7911111111111113,1.231111111111111,0.5822222222222222,0.44,453.81333333333333,9.408888888888889,25.551111111111112,0.07555555555555556,0.044444444444444446,0.03111111111111111,0.9155555555555556,0.08444444444444445
318,812.7402597402597,-2.4413852813852817,2.8744588744588744,1.0216450216450217,0.8614718614718615,0.45021645021645024,428.9220779220779,11.103896103896103,29.454545454545453,0.05627705627705628,0.021645021645021644,0.03463203463203463,0.9567099567099567,0.04329004329004329
319,905.5758928571429,-2.0539732142857146,2.455357142857143,1.28125,0.625,0.40625,434.0625,10.790178571428571,27.84375,0.19196428571428573,0.08928571428571429,0.10267857142857142,0.9017857142857143,0.09821428571428571
320,976.6785714285714,-2.007936507936508,2.1904761904761907,0.9801587301587301,0.9047619047619048,0.3968253968253968,463.24603174603175,8.44047619047619,25.38095238095238,0.031746031746031744,0.027777777777777776,0.003968253968253968,0.8928571428571429,0.10714285714285714
321,898.4279661016949,-2.286228813559322,2.402542372881356,1.4152542372881356,0.7076271186440678,0.4025423728813559,449.521186440678,10.110169491525424,27.097457627118644,0.06779661016949153,0.00423728813559322,0.0635593220338983,0.9067796610169492,0.09322033898305085
322,781.3782383419689,-2.1608290155440417,1.9067357512953367,1.4818652849740932,0.6580310880829016,0.49740932642487046,427.01554404145077,12.015544041450777,31.082901554404145,0.08290155440414508,0.02072538860103627,0.06217616580310881,0.8911917098445595,0.10880829015544041
323,775.5399061032864,-2.2697652582159624,2.3145539906103285,1.3896713615023475,0.6103286384976526,0.48826291079812206,416.4366197183099,10.328638497652582,29.96713615023474,0.06572769953051644,0.051643192488262914,0.014084507042253521,0.9342723004694836,0.06572769953051644
324,1059.9460784313726,-2.1141176470588237,2.7205882352941178,1.7990196078431373,0.4166666666666667,0.5980392156862745,461.90686274509807,8.75,22.931372549019606,0.3480392156862745,0.16666666666666666,0.18137254901960784,0.8529411764705882,0.14705882352941177
325,783.4794520547945,-2.132922374429224,2.191780821917808,1.08675799086758,0.6986301369863014,0.4063926940639269,431.9086757990868,11.168949771689498,30.0,0.1095890410958904,0.0182648401826484,0.091324200913242,0.9041095890410958,0.0958904109589041
326,820.4591836734694,-2.148418367346939,2.357142857142857,0.7857142857142857,0.7142857142857143,0.4642857142857143,416.06632653061223,11.122448979591837,29.943877551020407,0.1836734693877551,0.14285714285714285,0.04081632653061224,0.8877551020408163,0.11224489795918367
327,978.8354978354978,-2.107965367965368,2.9696969696969697,1.4372294372294372,0.5584415584415584,0.4588744588744589,454.7922077922078,8.519480519480519,24.995670995670995,0.0735930735930736,0.030303030303030304,0.04329004329004329,0.8614718614718615,0.13852813852813853
328,776.5829383886256,-2.0835545023696684,2.6682464454976302,0.9289099526066351,0.7819905213270142,0.41232227488151657,437.8293838862559,10.824644549763033,30.165876777251185,0.04265402843601896,0.014218009478672985,0.02843601895734597,0.9146919431279621,0.08530805687203792
329,865.7962085308056,-1.9717535545023697,2.6729857819905214,1.2606635071090047,0.6777251184834123,0.4549763033175355,432.9526066350711,10.488151658767773,27.791469194312796,0.14691943127962084,0.10900473933649289,0.037914691943127965,0.8672985781990521,0.13270142180094788
330,779.2393162393163,-2.1407264957264958,2.6923076923076925,1.1282051282051282,0.9273504273504274,0.45726495726495725,434.9786324786325,10.423076923076923,29.102564102564102,0.038461538461538464,0.01282051282051282,0.02564102564102564,0.9273504273504274,0.07264957264957266
331,805.5787037037037,-2.1415277777777777,2.310185185185185,1.3981481481481481,0.7268518518518519,0.4305555555555556,429.63425925925924,11.171296296296296,29.86574074074074,0.05555555555555555,0.046296296296296294,0.009259259259259259,0.9120370370370371,0.08796296296296297
332,749.5820895522388,-2.1097512437810946,1.7810945273631842,1.3880597014925373,0.6616915422885572,0.46766169154228854,395.0995024875622,11.35323383084577,30.975124378109452,0.05472636815920398,0.05472636815920398,0.0,0.945273631840796,0.05472636815920398
333,794.0576923076923,-2.266394230769231,2.6971153846153846,1.6923076923076923,0.6394230769230769,0.5240384615384616,415.00961538461536,9.653846153846153,28.182692307692307,0.028846153846153848,0.004807692307692308,0.02403846153846154,0.9615384615384616,0.038461538461538464
334,1041.2535211267605,-2.119530516431925,2.3896713615023475,1.5352112676056338,0.3474178403755869,0.48826291079812206,436.46478873239437,9.211267605633802,24.31924882629108,0.3474178403755869,0.07042253521126761,0.27699530516431925,0.9107981220657277,0.0892018779342723
335,778.2711111111112,-1.9805777777777778,2.048888888888889,1.1155555555555556,0.7155555555555555,0.38666666666666666,410.8977777777778,11.36888888888889,30.04,0.09777777777777778,0.08,0.017777777777777778,0.8977777777777778,0.10222222222222223
336,938.4976958525345,-2.2075115207373273,2.5806451612903225,1.0368663594470047,0.7327188940092166,0.4470046082949309,421.0046082949309,9.67741935483871,25.921658986175114,0.21658986175115208,0.09216589861751152,0.12442396313364056,0.8894009216589862,0.11059907834101383
337,787.1288888888889,-1.8779555555555556,2.7333333333333334,1.2444444444444445,0.5777777777777777,0.4266666666666667,426.47555555555556,10.675555555555556,29.595555555555556,0.08888888888888889,0.044444444444444446,0.044444444444444446,0.8844444444444445,0.11555555555555555
338,907.2202643171806,-1.9979295154185024,2.6651982378854626,0.973568281938326,0.7312775330396476,0.42731277533039647,429.85022026431716,10.220264317180616,28.03964757709251,0.030837004405286344,0.02643171806167401,0.004405286343612335,0.8634361233480177,0.13656387665198239
339,849.9686098654709,-2.333677130044843,2.883408071748879,1.452914798206278,0.6681614349775785,0.48878923766816146,439.1165919282511,9.95067264573991,28.40358744394619,0.12556053811659193,0.053811659192825115,0.07174887892376682,0.9282511210762332,0.07174887892376682
340,1111.7016806722688,-2.012857142857143,2.2184873949579833,0.957983193277311,0.9327731092436975,0.3949579831932773,440.43277310924367,9.172268907563025,22.99579831932773,0.03361344537815126,0.004201680672268907,0.029411764705882353,0.8445378151260504,0.15546218487394958
341,821.9563318777292,-2.0530567685589522,2.1397379912663754,1.3449781659388647,0.6855895196506551,0.37117903930131,430.1703056768559,10.528384279475983,28.986899563318776,0.0611353711790393,0.017467248908296942,0.043668122270742356,0.8951965065502183,0.10480349344978165
342,1120.5857142857142,-1.9948571428571429,2.057142857142857,1.6333333333333333,0.5666666666666667,0.5142857142857142,445.23809523809524,8.542857142857143,22.271428571428572,0.17142857142857143,0.10952380952380952,0.06190476190476191,0.8047619047619048,0.19523809523809524
343,937.079295154185,-2.193568281938326,2.202643171806167,1.3171806167400881,0.6079295154185022,0.4669603524229075,420.3215859030837,9.69603524229075,26.41850220264317,0.039647577092511016,0.01762114537444934,0.022026431718061675,0.9074889867841409,0.09251101321585903
344,841.363184079602,-2.0348258706467663,2.4776119402985075,1.5820895522388059,0.3681592039800995,0.4975124378109453,434.29353233830847,11.159203980099502,28.860696517412936,0.22885572139303484,0.13930348258706468,0.08955223880597014,0.900497512437811,0.09950248756218906
345,956.3698630136986,-2.07337899543379,2.4474885844748857,1.3059360730593608,0.7671232876712328,0.4246575342465753,430.80365296803654,10.5662100456621,26.315068493150687,0.1095890410958904,0.0319634703196347,0.0776255707762557,0.9315068493150684,0.0684931506849315
346,836.6230366492147,-1.9950261780104712,2.5445026178010473,0.8743455497382199,0.7068062827225131,0.4973821989528796,415.6020942408377,11.921465968586388,29.49738219895288,0.21465968586387435,0.06806282722513089,0.14659685863874344,0.9267015706806283,0.07329842931937172
347,822.324074074074,-2.009351851851852,2.8981481481481484,1.3333333333333333,0.5972222222222222,0.4537037037037037,435.6666666666667,11.75,29.194444444444443,0.046296296296296294,0.023148148148148147,0.023148148148148147,0.8981481481481481,0.10185185185185185
348,895.3008849557522,-1.9447345132743363,2.97787610619469,1.0486725663716814,0.8805309734513275,0.43805309734513276,425.17699115044246,10.778761061946902,28.154867256637168,0.06637168141592921,0.017699115044247787,0.048672566371681415,0.8893805309734514,0.11061946902654868
349,1114.0689655172414,-1.7825862068965517,2.4870689655172415,1.1508620689655173,0.6206896551724138,0.4051724137931034,430.3103448275862,9.22844827586207,22.823275862068964,0.1896551724137931,0.08620689655172414,0.10344827586206896,0.7672413793103449,0.23275862068965517
350,1025.3755274261603,-1.9305063291139242,2.3333333333333335,0.9704641350210971,0.9324894514767933,0.4092827004219409,434.8270042194093,8.763713080168776,23.90295358649789,0.09282700421940929,0.06751054852320675,0.02531645569620253,0.8312236286919831,0.16877637130801687
351,794.8609865470852,-2.1613004484304934,2.591928251121076,1.5112107623318385,0.7757847533632287,0.4618834080717489,419.73991031390136,10.838565022421525,29.896860986547086,0.05829596412556054,0.013452914798206279,0.04484304932735426,0.9192825112107623,0.08071748878923767
352,765.9622641509434,-2.0708018867924527,1.8396226415094339,1.320754716981132,0.6132075471698113,0.4669811320754717,406.1367924528302,11.11320754716981,30.95754716981132,0.08490566037735849,0.02830188679245283,0.05660377358490566,0.8584905660377359,0.14150943396226415
353,835.9856459330143,-2.035933014354067,2.311004784688995,1.4401913875598087,0.6172248803827751,0.47368421052631576,410.50717703349284,10.880382775119617,28.842105263157894,0.028708133971291867,0.028708133971291867,0.0,0.8564593301435407,0.14354066985645933
354,1051.7224880382776,-2.102488038277512,2.598086124401914,1.708133971291866,0.40669856459330145,0.5167464114832536,441.04784688995215,8.933014354066986,23.626794258373206,0.4449760765550239,0.24401913875598086,0.20095693779904306,0.8564593301435407,0.14354066985645933
355,937.7885462555066,-2.018061674008811,2.105726872246696,1.066079295154185,0.6960352422907489,0.3964757709251101,427.84140969162996,9.687224669603523,26.334801762114537,0.11013215859030837,0.03524229074889868,0.07488986784140969,0.8766519823788547,0.12334801762114538
356,911.8010204081633,-2.170918367346939,2.5051020408163267,0.8775510204081632,0.6938775510204082,0.5102040816326531,420.3112244897959,9.994897959183673,27.397959183673468,0.1683673469387755,0.11224489795918367,0.05612244897959184,0.9336734693877551,0.0663265306122449
357,1153.6133333333332,-2.2133333333333334,3.111111111111111,1.48,0.5377777777777778,0.4444444444444444,444.1644444444444,6.897777777777778,21.244444444444444,0.10222222222222223,0.03111111111111111,0.07111111111111111,0.8666666666666667,0.13333333333333333
358,904.1822222222222,-2.098222222222222,2.6844444444444444,0.9555555555555556,0.7288888888888889,0.4,440.43111111111114,9.52,27.475555555555555,0.10222222222222223,0.05333333333333334,0.04888888888888889,0.9155555555555556,0.08444444444444445
359,1204.6846846846847,-1.8087387387387388,2.599099099099099,1.2207207207207207,0.6576576576576577,0.43243243243243246,438.3828828828829,7.7342342342342345,20.41891891891892,0.22522522522522523,0.1981981981981982,0.02702702702702703,0.7702702702702703,0.22972972972972974
360,873.2899159663865,-2.0566806722689077,2.5504201680672267,1.1680672268907564,0.8907563025210085,0.42436974789915966,440.44117647058823,10.542016806722689,27.647058823529413,0.09243697478991597,0.05042016806722689,0.04201680672268908,0.8949579831932774,0.10504201680672269
361,755.2763157894736,-2.0553508771929825,2.1973684210526314,1.3596491228070176,0.6929824561403509,0.38596491228070173,430.61842105263156,11.078947368421053,30.37280701754386,0.03508771929824561,0.02631578947368421,0.008771929824561403,0.9166666666666666,0.08333333333333333
362,819.8403755868544,-2.037511737089202,1.8591549295774648,1.4976525821596245,0.6525821596244131,0.47417840375586856,425.7230046948357,11.80281690140845,30.169014084507044,0.12206572769953052,0.107981220657277,0.014084507042253521,0.9014084507042254,0.09859154929577464
363,872.2421524663677,-2.221659192825112,2.399103139013453,1.5336322869955157,0.5560538116591929,0.4798206278026906,431.17488789237666,10.63677130044843,27.7847533632287,0.08071748878923767,0.02242152466367713,0.05829596412556054,0.9327354260089686,0.06726457399103139
364,761.7688442211055,-2.185577889447236,2.542713567839196,1.6281407035175879,0.37185929648241206,0.5376884422110553,431.06532663316585,10.93467336683417,30.829145728643216,0.2613065326633166,0.04020100502512563,0.22110552763819097,0.9246231155778895,0.07537688442211055
365,831.1941747572815,-2.0080097087378643,2.296116504854369,1.174757281553398,0.7475728155339806,0.41262135922330095,436.88349514563106,10.349514563106796,28.485436893203882,0.16019417475728157,0.13106796116504854,0.02912621359223301,0.9174757281553398,0.0825242718446602
366,901.6698564593302,-2.2655023923444975,2.7416267942583734,0.9617224880382775,0.7751196172248804,0.48325358851674644,445.8181818181818,9.301435406698564,25.913875598086126,0.14832535885167464,0.04784688995215311,0.10047846889952153,0.9282296650717703,0.07177033492822966
367,1040.9307359307359,-2.0912121212121213,2.7532467532467533,1.2554112554112553,0.5844155844155844,0.4025974025974026,455.0,8.805194805194805,24.27705627705628,0.10822510822510822,0.025974025974025976,0.08225108225108226,0.8831168831168831,0.11688311688311688
368,751.7330316742082,-2.140633484162896,2.742081447963801,1.0,0.746606334841629,0.416289592760181,420.78280542986425,11.122171945701357,31.226244343891402,0.03619909502262444,0.013574660633484163,0.02262443438914027,0.9276018099547512,0.07239819004524888
369,1014.4890829694323,-2.122227074235808,2.7598253275109172,1.3799126637554586,0.7030567685589519,0.4410480349344978,439.87336244541484,9.20524017467249,24.45414847161572,0.1615720524017467,0.09170305676855896,0.06986899563318777,0.7947598253275109,0.2052401746724891
370,828.6666666666666,-2.022479674796748,2.3048780487804876,0.9227642276422764,0.959349593495935,0.3943089430894309,419.3821138211382,9.894308943089431,28.91869918699187,0.10569105691056911,0.024390243902439025,0.08130081300813008,0.9227642276422764,0.07723577235772358
371,1069.5190476190476,-1.9054761904761905,2.323809523809524,1.4142857142857144,0.7523809523809524,0.40476190476190477,440.4904761904762,8.457142857142857,23.485714285714284,0.01904761904761905,0.0,0.01904761904761905,0.8523809523809524,0.14761904761904762
372,1003.6711711711712,-2.1709459459459457,2.018018018018018,1.5135135135135136,0.6351351351351351,0.47297297297297297,417.1801801801802,9.193693693693694,25.18918918918919,0.0990990990990991,0.03153153153153153,0.06756756756756757,0.8873873873873874,0.11261261261261261
373,786.7281105990784,-2.135806451612903,2.28110599078341,1.3502304147465438,0.6221198156682027,0.47465437788018433,416.3225806451613,10.253456221198157,29.94009216589862,0.059907834101382486,0.027649769585253458,0.03225806451612903,0.9124423963133641,0.08755760368663594
374,936.6165048543689,-2.104126213592233,2.4902912621359223,1.5825242718446602,0.3592233009708738,0.5097087378640777,424.59223300970876,9.66504854368932,25.975728155339805,0.32038834951456313,0.21844660194174756,0.10194174757281553,0.9029126213592233,0.0970873786407767
375,900.0723981900453,-2.267420814479638,2.48868778280543,1.2895927601809956,0.8371040723981901,0.4072398190045249,436.4660633484163,9.923076923076923,27.18552036199095,0.14027149321266968,0.05429864253393665,0.08597285067873303,0.9049773755656109,0.09502262443438914
376,897.8010752688172,-2.003172043010753,2.510752688172043,0.8709677419354839,0.7258064516129032,0.489247311827957,426.89784946236557,10.661290322580646,28.462365591397848,0.24193548387096775,0.06989247311827956,0.17204301075268819,0.8870967741935484,0.11290322580645161
377,746.9457013574661,-2.2671493212669684,2.9411764705882355,1.3076923076923077,0.583710407239819,0.4343891402714932,421.89592760180994,11.009049773755656,31.533936651583712,0.08597285067873303,0.04524886877828054,0.04072398190045249,0.9049773755656109,0.09502262443438914
378,939.9531914893618,-2.117106382978723,2.8468085106382977,1.0680851063829788,0.8595744680851064,0.41702127659574467,437.74042553191487,10.548936170212766,26.846808510638297,0.0851063829787234,0.029787234042553193,0.05531914893617021,0.902127659574468,0.09787234042553192
379,886.3484162895927,-2.120316742081448,2.51131221719457,1.2805429864253393,0.6425339366515838,0.4117647058823529,426.7420814479638,10.891402714932127,28.194570135746606,0.17647058823529413,0.08597285067873303,0.09049773755656108,0.8642533936651584,0.13574660633484162
380,888.3496240601504,-2.0901127819548875,2.180451127819549,1.0300751879699248,0.9849624060150376,0.38721804511278196,447.51503759398497,9.834586466165414,26.853383458646615,0.12781954887218044,0.06766917293233082,0.06015037593984962,0.8834586466165414,0.11654135338345864
381,772.8771929824561,-2.3378070175438594,2.6140350877192984,1.5614035087719298,0.8201754385964912,0.4298245614035088,438.0131578947368,10.956140350877194,30.271929824561404,0.05263157894736842,0.017543859649122806,0.03508771929824561,0.9254385964912281,0.07456140350877193
382,936.8878504672897,-2.149532710280374,1.8691588785046729,1.3925233644859814,0.6588785046728972,0.4672897196261682,430.1869158878505,10.663551401869158,27.864485981308412,0.09813084112149532,0.056074766355140186,0.04205607476635514,0.9018691588785047,0.09813084112149532
383,787.8831775700935,-2.1659813084112147,2.2663551401869158,1.3878504672897196,0.5981308411214953,0.45794392523364486,433.1588785046729,10.66822429906542,30.22429906542056,0.102803738317757,0.07476635514018691,0.028037383177570093,0.897196261682243,0.102803738317757
384,778.6619718309859,-2.360845070422535,2.6854460093896715,1.812206572769953,0.43661971830985913,0.5352112676056338,440.90610328638496,10.671361502347418,29.741784037558684,0.24882629107981222,0.107981220657277,0.14084507042253522,0.9295774647887324,0.07042253521126761
385,800.5280373831775,-2.0124766355140187,2.2289719626168223,1.1308411214953271,0.7242990654205608,0.3878504672897196,429.86915887850466,10.378504672897197,29.135514018691588,0.2102803738317757,0.06074766355140187,0.14953271028037382,0.9158878504672897,0.08411214953271028
386,876.5776699029126,-2.2090776699029124,2.3592233009708736,0.9029126213592233,0.6601941747572816,0.45145631067961167,439.5145631067961,9.733009708737864,27.09223300970874,0.1941747572815534,0.15048543689320387,0.043689320388349516,0.9223300970873787,0.07766990291262135
387,758.5131578947369,-2.188640350877193,3.219298245614035,1.4780701754385965,0.4649122807017544,0.4342105263157895,435.7368421052632,11.074561403508772,30.763157894736842,0.07894736842105263,0.02631578947368421,0.05263157894736842,0.9342105263157895,0.06578947368421052
388,950.753488372093,-2.041813953488372,2.7627906976744185,0.986046511627907,0.813953488372093,0.4697674418604651,436.8139534883721,10.023255813953488,26.665116279069768,0.06976744186046512,0.03255813953488372,0.037209302325581395,0.8651162790697674,0.13488372093023257
389,1050.8401826484019,-1.860821917808219,2.65296803652968,1.2283105022831051,0.6484018264840182,0.4474885844748858,441.74429223744295,9.61187214611872,23.84931506849315,0.182648401826484,0.1278538812785388,0.0547945205479452,0.8493150684931506,0.1506849315068493
390,741.4782608695652,-2.1655335968379448,2.5217391304347827,1.0592885375494072,0.9960474308300395,0.4426877470355731,425.10671936758894,11.948616600790514,32.0395256916996,0.10276679841897234,0.05138339920948617,0.05138339920948617,0.9209486166007905,0.07905138339920949
391,1031.0977777777778,-1.9602666666666666,2.2222222222222223,1.3466666666666667,0.7155555555555555,0.4177777777777778,446.41777777777776,9.648888888888889,24.448888888888888,0.04888888888888889,0.03111111111111111,0.017777777777777778,0.8844444444444445,0.11555555555555555
392,973.5673076923077,-2.0216346153846154,1.9182692307692308,1.4326923076923077,0.6490384615384616,0.4807692307692308,432.4567307692308,9.336538461538462,25.6875,0.10096153846153846,0.09134615384615384,0.009615384615384616,0.875,0.125
393,900.4260089686098,-2.0667713004484303,2.4663677130044843,1.5426008968609866,0.5739910313901345,0.4977578475336323,437.1434977578475,9.61883408071749,26.838565022421523,0.11659192825112108,0.026905829596412557,0.08968609865470852,0.8968609865470852,0.1031390134529148
394,1093.6682242990655,-1.829906542056075,2.4485981308411215,1.5981308411214954,0.397196261682243,0.6542056074766355,451.3411214953271,8.07943925233645,22.873831775700936,0.35046728971962615,0.06074766355140187,0.2897196261682243,0.7710280373831776,0.22897196261682243
395,1002.2196261682243,-2.07303738317757,2.2289719626168223,1.1635514018691588,0.7710280373831776,0.40654205607476634,440.52803738317755,8.037383177570094,25.41588785046729,0.1261682242990654,0.11214953271028037,0.014018691588785047,0.9252336448598131,0.07476635514018691
396,962.5435897435898,-2.3334871794871797,2.707692307692308,0.9641025641025641,0.6358974358974359,0.49743589743589745,434.9948717948718,10.307692307692308,27.066666666666666,0.2205128205128205,0.07692307692307693,0.14358974358974358,0.9128205128205128,0.08717948717948718
397,803.1581395348837,-2.123441860465116,2.869767441860465,1.330232558139535,0.5534883720930233,0.44651162790697674,428.1860465116279,10.669767441860465,29.972093023255812,0.07441860465116279,0.027906976744186046,0.046511627906976744,0.9116279069767442,0.08837209302325581
398,751.7443946188341,-2.253677130044843,2.7847533632286994,1.0269058295964126,0.7309417040358744,0.4170403587443946,426.7982062780269,11.161434977578475,31.183856502242154,0.03139013452914798,0.013452914798206279,0.017937219730941704,0.905829596412556,0.09417040358744394
399,913.6470588235294,-2.2055203619909505,2.9004524886877827,1.4434389140271493,0.7149321266968326,0.48868778280542985,432.0995475113122,9.805429864253394,26.828054298642535,0.1583710407239819,0.07239819004524888,0.08597285067873303,0.8914027149321267,0.1085972850678733
400,871.3949579831933,-2.0694117647058823,2.264705882352941,0.957983193277311,0.9327731092436975,0.4117647058823529,416.8613445378151,10.495798319327731,28.676470588235293,0.13025210084033614,0.025210084033613446,0.10504201680672269,0.8949579831932774,0.10504201680672269
401,823.0848214285714,-2.1766964285714283,2.263392857142857,1.3660714285714286,0.7008928571428571,0.4107142857142857,420.33482142857144,10.848214285714286,29.044642857142858,0.05803571428571429,0.022321428571428572,0.03571428571428571,0.8928571428571429,0.10714285714285714
402,836.5875,-2.1602083333333337,1.8333333333333333,1.4666666666666666,0.9958333333333333,0.6458333333333334,421.71666666666664,10.795833333333333,29.7,0.058333333333333334,0.020833333333333332,0.0375,0.9208333333333333,0.07916666666666666
403,985.6,-2.065818181818182,2.2772727272727273,1.440909090909091,0.5636363636363636,0.4636363636363636,446.0181818181818,9.813636363636364,26.05909090909091,0.06363636363636363,0.022727272727272728,0.04090909090909091,0.8363636363636363,0.16363636363636364
404,944.3238095238095,-2.083047619047619,2.4238095238095236,1.5238095238095237,0.3523809523809524,0.5047619047619047,428.6142857142857,9.68095238095238,26.566666666666666,0.3238095238095238,0.22380952380952382,0.1,0.8571428571428571,0.14285714285714285
405,876.4977777777777,-2.0269333333333335,2.382222222222222,1.271111111111111,0.7955555555555556,0.4177777777777778,426.24888888888887,10.093333333333334,27.546666666666667,0.14222222222222222,0.057777777777777775,0.08444444444444445,0.8977777777777778,0.10222222222222223
406,802.318407960199,-2.2217910447761193,2.373134328358209,0.9303482587064676,0.6716417910447762,0.4577114427860697,416.17910447761193,10.875621890547263,29.069651741293534,0.19900497512437812,0.03482587064676617,0.16417910447761194,0.9253731343283582,0.07462686567164178
407,850.2171945701358,-2.031719457013575,2.8506787330316743,1.2986425339366516,0.49321266968325794,0.4479638009049774,427.0316742081448,11.063348416289593,29.579185520361992,0.10407239819004525,0.06334841628959276,0.04072398190045249,0.8959276018099548,0.10407239819004525
408,845.9111111111112,-2.2601333333333335,2.9555555555555557,1.1066666666666667,0.8266666666666667,0.4311111111111111,440.41333333333336,9.995555555555555,27.653333333333332,0.04,0.013333333333333334,0.02666666666666667,0.9511111111111111,0.04888888888888889
409,913.3508771929825,-2.079122807017544,2.508771929824561,1.280701754385965,0.6271929824561403,0.42105263157894735,438.50877192982455,10.701754385964913,27.280701754385966,0.18421052631578946,0.07456140350877193,0.10964912280701754,0.8991228070175439,0.10087719298245613
410,956.5470085470085,-2.008717948717949,2.3162393162393164,0.9957264957264957,0.9487179487179487,0.41025641025641024,459.52991452991455,9.324786324786325,26.286324786324787,0.11538461538461539,0.08547008547008547,0.029914529914529916,0.8247863247863247,0.1752136752136752
411,933.4173913043478,-2.271782608695652,2.5434782608695654,1.5739130434782609,0.7956521739130434,0.43043478260869567,443.5608695652174,9.47391304347826,26.339130434782607,0.043478260869565216,0.021739130434782608,0.021739130434782608,0.9173913043478261,0.08260869565217391
412,805.8785046728972,-1.955607476635514,1.9018691588785046,1.397196261682243,0.616822429906542,0.4672897196261682,406.2196261682243,11.158878504672897,30.47196261682243,0.06542056074766354,0.037383177570093455,0.028037383177570093,0.897196261682243,0.102803738317757
413,767.125,-2.057685185185185,2.236111111111111,1.3657407407407407,0.5462962962962963,0.48148148148148145,430.98148148148147,11.050925925925926,30.078703703703702,0.027777777777777776,0.023148148148148147,0.004629629629629629,0.9074074074074074,0.09259259259259259
414,799.3926940639269,-2.0794520547945203,2.5616438356164384,1.6986301369863013,0.3835616438356164,0.502283105022831,427.3607305936073,11.278538812785389,29.98173515981735,0.228310502283105,0.1324200913242009,0.0958904109589041,0.8995433789954338,0.1004566210045662
415,760.9285714285714,-1.9514732142857143,2.1339285714285716,1.0714285714285714,0.7455357142857143,0.38839285714285715,415.60267857142856,11.303571428571429,30.486607142857142,0.10267857142857142,0.013392857142857142,0.08928571428571429,0.9285714285714286,0.07142857142857142
416,1007.7789473684211,-1.971578947368421,2.4894736842105263,0.9421052631578948,0.7105263157894737,0.47368421052631576,445.7894736842105,10.210526315789474,24.6,0.2,0.1736842105263158,0.02631578947368421,0.8473684210526315,0.15263157894736842
417,800.5330578512396,-2.1982644628099175,3.090909090909091,1.4586776859504131,0.6239669421487604,0.4214876033057851,435.4917355371901,11.46694214876033,30.107438016528924,0.11570247933884298,0.03305785123966942,0.08264462809917356,0.9462809917355371,0.05371900826446281
418,886.0848214285714,-2.183482142857143,2.607142857142857,1.0223214285714286,0.7366071428571429,0.4017857142857143,453.89285714285717,9.991071428571429,28.236607142857142,0.03571428571428571,0.022321428571428572,0.013392857142857142,0.9196428571428571,0.08035714285714286
419,952.3876651982379,-1.9914537444933922,2.4933920704845813,1.3127753303964758,0.6255506607929515,0.41409691629955947,447.01762114537445,9.69603524229075,26.365638766519822,0.19383259911894274,0.1277533039647577,0.06607929515418502,0.8590308370044053,0.14096916299559473
420,834.2576419213974,-2.1916157205240174,2.6026200873362444,1.1965065502183405,0.925764192139738,0.4890829694323144,446.90393013100436,10.262008733624453,27.91703056768559,0.09606986899563319,0.048034934497816595,0.048034934497816595,0.9126637554585153,0.08733624454148471
421,831.885462555066,-2.013568281938326,2.246696035242291,1.3656387665198237,0.6872246696035242,0.4052863436123348,425.33920704845815,11.361233480176212,29.09691629955947,0.06167400881057269,0.039647577092511016,0.022026431718061675,0.8898678414096917,0.11013215859030837
422,854.3317307692307,-2.1778846153846154,1.8461538461538463,1.4375,0.6105769230769231,0.4807692307692308,431.75,10.649038461538462,28.817307692307693,0.057692307692307696,0.03365384615384615,0.02403846153846154,0.9182692307692307,0.08173076923076923
423,711.6111111111111,-2.328472222222222,2.6481481481481484,1.5462962962962963,0.5925925925925926,0.4861111111111111,415.9490740740741,11.953703703703704,31.537037037037038,0.06018518518518518,0.037037037037037035,0.023148148148148147,0.9490740740740741,0.05092592592592592
424,1027.6313131313132,-1.99479797979798,2.5757575757575757,1.606060606060606,0.3686868686868687,0.5202020202020202,441.59090909090907,9.424242424242424,25.53030303030303,0.23232323232323232,0.04040404040404041,0.1919191919191919,0.8737373737373737,0.12626262626262627
425,797.5296803652968,-2.041917808219178,2.0913242009132422,1.095890410958904,0.7123287671232876,0.3744292237442922,410.47945205479454,11.885844748858448,30.159817351598175,0.1095890410958904,0.1004566210045662,0.0091324200913242,0.8858447488584474,0.1141552511415525
426,700.180412371134,-2.0057216494845362,2.7938144329896906,1.0824742268041236,0.7422680412371134,0.4587628865979381,412.9381443298969,11.881443298969073,31.47938144329897,0.11855670103092783,0.020618556701030927,0.0979381443298969,0.9072164948453608,0.09278350515463918
427,876.801724137931,-2.092758620689655,2.7974137931034484,1.3146551724137931,0.646551724137931,0.4224137931034483,430.10775862068965,9.836206896551724,27.974137931034484,0.10344827586206896,0.02586206896551724,0.07758620689655173,0.896551724137931,0.10344827586206896
428,873.8598130841121,-2.1779439252336448,2.7757009345794392,1.0186915887850467,0.7757009345794392,0.42990654205607476,436.97196261682245,10.63551401869159,28.02803738317757,0.028037383177570093,0.018691588785046728,0.009345794392523364,0.9112149532710281,0.08878504672897196
429,884.3469387755102,-2.088530612244898,2.8816326530612244,1.420408163265306,0.7755102040816326,0.5346938775510204,437.39183673469387,11.473469387755102,28.46938775510204,0.15510204081632653,0.044897959183673466,0.11020408163265306,0.8857142857142857,0.11428571428571428
430,724.2274678111588,-2.0108583690987127,2.227467811158798,0.9914163090128756,0.9098712446351931,0.41630901287553645,405.0,12.57510729613734,31.96137339055794,0.060085836909871244,0.008583690987124463,0.05150214592274678,0.9012875536480687,0.09871244635193133
431,883.7763713080169,-2.010886075949367,2.29957805907173,1.371308016877637,0.7172995780590717,0.3881856540084388,423.86497890295357,10.215189873417721,27.47257383966245,0.06751054852320675,0.0379746835443038,0.029535864978902954,0.8481012658227848,0.1518987341772152
432,738.6809523809524,-2.0760476190476194,2.038095238095238,1.5380952380952382,0.5571428571428572,0.49047619047619045,409.77142857142854,12.271428571428572,31.37142857142857,0.0761904761904762,0.0380952380952381,0.0380952380952381,0.9380952380952381,0.06190476190476191
433,734.8630136986301,-2.1253881278538813,2.2420091324200913,1.3470319634703196,0.5981735159817352,0.4748858447488584,414.351598173516,11.89041095890411,31.34246575342466,0.1050228310502283,0.0639269406392694,0.0410958904109589,0.8858447488584474,0.1141552511415525
434,723.8186274509804,-2.0390196078431373,2.5098039215686274,1.5784313725490196,0.3627450980392157,0.5098039215686274,415.2450980392157,12.397058823529411,31.607843137254903,0.24019607843137256,0.1568627450980392,0.08333333333333333,0.9215686274509803,0.0784313725490196
435,894.925925925926,-2.07412037037037,2.462962962962963,1.2962962962962963,0.7129629629629629,0.4583333333333333,448.97222222222223,10.416666666666666,27.087962962962962,0.10185185185185185,0.027777777777777776,0.07407407407407407,0.8842592592592593,0.11574074074074074
436,962.4481132075472,-2.038301886792453,2.2547169811320753,0.8915094339622641,0.6320754716981132,0.41509433962264153,438.8679245283019,10.033018867924529,26.25,0.16981132075471697,0.02830188679245283,0.14150943396226415,0.8726415094339622,0.12735849056603774
437,829.8144796380091,-2.242398190045249,2.8461538461538463,1.2986425339366516,0.6515837104072398,0.42081447963800905,416.552036199095,11.55656108597285,29.497737556561084,0.08144796380090498,0.06334841628959276,0.01809954751131222,0.9004524886877828,0.09954751131221719
438,843.7729257641921,-2.386288209606987,2.9912663755458517,1.0829694323144106,0.8471615720524017,0.45414847161572053,417.5982532751092,11.078602620087336,28.847161572052403,0.03056768558951965,0.008733624454148471,0.021834061135371178,0.9432314410480349,0.056768558951965066
439,909.9471365638766,-2.015770925110132,2.488986784140969,1.2378854625550662,0.6211453744493393,0.4052863436123348,446.6519823788546,11.383259911894273,27.841409691629956,0.3436123348017621,0.17180616740088106,0.17180616740088106,0.8898678414096917,0.11013215859030837
440,814.244635193133,-2.1289699570815452,2.188841201716738,0.9785407725321889,0.8497854077253219,0.40772532188841204,427.53648068669526,10.592274678111588,29.158798283261802,0.0944206008583691,0.060085836909871244,0.034334763948497854,0.8969957081545065,0.10300429184549356
441,756.2913043478261,-2.2283478260869565,2.517391304347826,1.5391304347826087,0.7695652173913043,0.4260869565217391,416.9347826086956,12.039130434782608,31.430434782608696,0.04782608695652174,0.021739130434782608,0.02608695652173913,0.908695652173913,0.09130434782608696
442,984.4341463414634,-1.917170731707317,1.8439024390243903,1.4341463414634146,0.6,0.47804878048780486,448.0780487804878,9.93170731707317,25.614634146341462,0.11219512195121951,0.03414634146341464,0.07804878048780488,0.8439024390243902,0.15609756097560976
443,933.7743362831858,-2.033230088495575,2.1814159292035398,1.3185840707964602,0.5752212389380531,0.43805309734513276,436.3008849557522,9.889380530973451,26.548672566371682,0.13274336283185842,0.08849557522123894,0.04424778761061947,0.8849557522123894,0.11504424778761062
444,923.445,-2.02935,2.77,1.85,0.435,0.565,430.26,11.415,27.11,0.38,0.145,0.235,0.855,0.145
445,754.8721461187215,-2.048630136986301,2.2146118721461185,1.1004566210045663,0.7488584474885844,0.3881278538812785,421.5981735159817,10.91324200913242,30.105022831050228,0.0867579908675799,0.0136986301369863,0.0730593607305936,0.91324200913242,0.0867579908675799
446,841.4108910891089,-2.1513366336633664,2.4207920792079207,0.9257425742574258,0.6683168316831684,0.4603960396039604,415.2029702970297,11.782178217821782,29.980198019801982,0.22277227722772278,0.17326732673267325,0.04950495049504951,0.8960396039603961,0.10396039603960396
447,764.7339449541284,-2.098348623853211,3.1513761467889907,1.4357798165137614,0.6009174311926605,0.48623853211009177,422.6834862385321,11.13302752293578,29.678899082568808,0.09174311926605505,0.03211009174311927,0.05963302752293578,0.944954128440367,0.05504587155963303
448,836.0506912442396,-1.9450230414746543,2.7004608294930876,1.032258064516129,0.7603686635944701,0.42857142857142855,421.94930875576034,11.44700460829493,29.68663594470046,0.041474654377880185,0.027649769585253458,0.013824884792626729,0.880184331797235,0.11981566820276497
449,855.4439461883408,-2.1303587443946186,2.5470852017937218,1.2869955156950672,0.6367713004484304,0.4170403587443946,429.42152466367713,11.596412556053812,28.39910313901345,0.19282511210762332,0.13004484304932734,0.06278026905829596,0.9103139013452914,0.08968609865470852
450,863.8352490421456,-2.0514176245210725,2.3869731800766285,0.9770114942528736,0.9425287356321839,0.41379310344827586,415.27969348659,10.735632183908047,27.697318007662837,0.17624521072796934,0.08045977011494253,0.09578544061302682,0.9195402298850575,0.08045977011494253
451,1037.52,-2.000488888888889,2.2311111111111113,1.3644444444444443,0.6977777777777778,0.39555555555555555,439.84,8.542222222222222,24.515555555555554,0.04888888888888889,0.035555555555555556,0.013333333333333334,0.8533333333333334,0.14666666666666667
452,834.9076923076923,-2.0974871794871794,1.9692307692307693,1.4974358974358974,0.6461538461538462,0.5076923076923077,418.3076923076923,10.825641025641026,29.394871794871793,0.11282051282051282,0.08205128205128205,0.03076923076923077,0.8564102564102564,0.14358974358974358
453,812.1290322580645,-1.967511520737327,2.488479262672811,1.5806451612903225,0.5990783410138248,0.4838709677419355,427.68202764976957,10.68663594470046,29.368663594470046,0.07834101382488479,0.02304147465437788,0.055299539170506916,0.9124423963133641,0.08755760368663594
454,777.8058252427185,-2.2035436893203886,2.3980582524271843,1.5485436893203883,0.3592233009708738,0.5194174757281553,425.2621359223301,10.898058252427184,29.58252427184466,0.2669902912621359,0.0048543689320388345,0.2621359223300971,0.9368932038834952,0.06310679611650485
455,777.2465753424658,-2.046255707762557,2.219178082191781,1.1141552511415524,0.7214611872146118,0.3972602739726027,436.45205479452056,10.840182648401827,29.424657534246574,0.0867579908675799,0.0730593607305936,0.0136986301369863,0.908675799086758,0.091324200913242
456,800.3546798029556,-2.295714285714286,2.7192118226600983,1.0443349753694582,0.7241379310344828,0.47783251231527096,415.69950738916253,11.246305418719212,29.467980295566502,0.14285714285714285,0.04433497536945813,0.09852216748768473,0.9408866995073891,0.059113300492610835
457,826.0391304347826,-2.154478260869565,2.7956521739130435,1.2478260869565216,0.6434782608695652,0.4217391304347826,430.795652173913,10.334782608695653,29.11304347826087,0.10869565217391304,0.030434782608695653,0.0782608695652174,0.9521739130434783,0.04782608695652174
458,935.2477064220184,-2.0737614678899083,2.7981651376146788,1.110091743119266,0.7752293577981652,0.42201834862385323,439.2844036697248,10.160550458715596,26.256880733944953,0.03669724770642202,0.03211009174311927,0.0045871559633027525,0.9036697247706422,0.0963302752293578
459,819.945205479452,-1.9657077625570776,2.9178082191780823,1.4794520547945205,0.7534246575342466,0.4611872146118721,442.1095890410959,11.826484018264841,30.01826484018265,0.1598173515981735,0.0639269406392694,0.0958904109589041,0.8949771689497716,0.1050228310502283
460,944.6348547717843,-2.0499585062240664,2.33195020746888,0.9626556016597511,0.9294605809128631,0.3983402489626556,434.49377593361,8.896265560165975,26.70124481327801,0.16182572614107885,0.02074688796680498,0.14107883817427386,0.9004149377593361,0.0995850622406639
461,765.7631578947369,-2.2108333333333334,2.2719298245614037,1.368421052631579,0.7149122807017544,0.40789473684210525,414.7763157894737,11.776315789473685,30.412280701754387,0.043859649122807015,0.02631578947368421,0.017543859649122806,0.9122807017543859,0.08771929824561403
462,792.3018018018018,-2.4545945945945946,1.981981981981982,1.5855855855855856,0.6666666666666666,0.4864864864864865,438.63513513513516,10.09009009009009,29.536036036036037,0.09009009009009009,0.036036036036036036,0.05405405405405406,0.9504504504504504,0.04954954954954955
463,794.8054298642534,-2.1311764705882354,2.235294117647059,1.330316742081448,0.5656108597285068,0.45701357466063347,416.60633484162895,10.800904977375566,29.638009049773757,0.08597285067873303,0.058823529411764705,0.027149321266968326,0.9547511312217195,0.04524886877828054
464,940.225,-2.1596,2.53,1.62,0.365,0.54,448.245,9.045,25.555,0.27,0.19,0.08,0.91,0.09
465,890.8699551569507,-2.1503139013452914,2.4529147982062782,1.2466367713004485,0.7847533632286996,0.43946188340807174,435.8565022421525,9.910313901345292,27.524663677130047,0.1031390134529148,0.03139013452914798,0.07174887892376682,0.9327354260089686,0.06726457399103139
466,787.3105263157895,-2.1532105263157897,2.4842105263157896,0.9526315789473684,0.7052631578947368,0.46842105263157896,428.7526315789474,11.994736842105263,30.50526315789474,0.19473684210526315,0.015789473684210527,0.17894736842105263,0.9315789473684211,0.06842105263157895
467,830.8841201716738,-2.0945064377682403,2.8068669527896994,1.3347639484978542,0.648068669527897,0.4206008583690987,434.09442060085837,11.098712446351932,28.836909871244636,0.06437768240343347,0.034334763948497854,0.030042918454935622,0.9055793991416309,0.0944206008583691
468,854.1306306306307,-2.2386936936936936,3.108108108108108,1.0360360360360361,0.8378378378378378,0.45495495495495497,446.13963963963965,10.54954954954955,28.22972972972973,0.04954954954954955,0.013513513513513514,0.036036036036036036,0.9279279279279279,0.07207207207207207
469,807.0995670995671,-1.8811255411255412,2.463203463203463,1.2207792207792207,0.6190476190476191,0.4155844155844156,429.0692640692641,11.45021645021645,29.523809523809526,0.21212121212121213,0.1038961038961039,0.10822510822510822,0.9004329004329005,0.09956709956709957
470,783.3073593073593,-2.186147186147186,2.3376623376623376,0.987012987012987,0.9393939393939394,0.4329004329004329,414.95238095238096,10.731601731601732,29.5974025974026,0.12987012987012986,0.09523809523809523,0.03463203463203463,0.9264069264069265,0.0735930735930736
471,784.9563636363637,-2.1289818181818183,2.443636363636364,2.0,0.6909090909090909,0.5563636363636364,440.1454545454545,9.89090909090909,28.62909090909091,0.04,0.0,0.04,0.9236363636363636,0.07636363636363637
472,780.1881188118812,-1.9876237623762376,1.8762376237623761,1.4851485148514851,0.5643564356435643,0.49504950495049505,424.71287128712873,10.866336633663366,30.371287128712872,0.0297029702970297,0.01485148514851485,0.01485148514851485,0.8712871287128713,0.12871287128712872
473,805.1924882629108,-2.1828638497652584,2.2535211267605635,1.3990610328638498,0.5352112676056338,0.49295774647887325,421.3474178403756,11.112676056338028,29.281690140845072,0.056338028169014086,0.03755868544600939,0.018779342723004695,0.9389671361502347,0.06103286384976526
474,868.2582159624413,-2.335305164319249,2.643192488262911,1.7511737089201878,0.39906103286384975,0.5070422535211268,455.81220657277,9.211267605633802,27.023474178403756,0.2676056338028169,0.1267605633802817,0.14084507042253522,0.9530516431924883,0.046948356807511735
475,700.7880184331797,-2.226635944700461,2.119815668202765,1.1013824884792627,0.7096774193548387,0.3778801843317972,434.85714285714283,11.03225806451613,31.24884792626728,0.10599078341013825,0.013824884792626729,0.09216589861751152,0.9815668202764977,0.018433179723502304
476,870.4622641509434,-1.9791037735849055,2.297169811320755,0.9292452830188679,0.6367924528301887,0.4386792452830189,442.27358490566036,9.84433962264151,27.22641509433962,0.08490566037735849,0.06132075471698113,0.02358490566037736,0.9056603773584906,0.09433962264150944
477,771.1931330472103,-2.203905579399142,3.1373390557939915,1.4120171673819744,0.6008583690987125,0.4248927038626609,410.57081545064375,10.798283261802576,29.43776824034335,0.07725321888412018,0.02145922746781116,0.055793991416309016,0.9141630901287554,0.08583690987124463
478,742.2285714285714,-2.0003333333333333,2.7904761904761903,1.0142857142857142,0.7857142857142857,0.44285714285714284,427.1095238095238,10.8,30.933333333333334,0.02857142857142857,0.009523809523809525,0.01904761904761905,0.9333333333333333,0.06666666666666667
479,1002.8082191780821,-1.9341552511415525,2.5525114155251143,1.3196347031963471,0.6575342465753424,0.4200913242009132,429.8904109589041,9.849315068493151,24.990867579908677,0.1643835616438356,0.1324200913242009,0.0319634703196347,0.8036529680365296,0.1963470319634703
480,842.5809128630706,-2.1595020746887967,2.5684647302904566,1.095435684647303,0.9377593360995851,0.43983402489626555,437.7136929460581,10.614107883817427,28.3402489626556,0.12863070539419086,0.08298755186721991,0.04564315352697095,0.8879668049792531,0.11203319502074689
481,840.6913043478261,-2.063608695652174,2.1782608695652175,1.3217391304347825,0.6826086956521739,0.3782608695652174,429.19565217391306,10.339130434782609,28.617391304347827,0.0391304347826087,0.021739130434782608,0.017391304347826087,0.9173913043478261,0.08260869565217391
482,738.0291262135922,-2.0437864077669903,1.8446601941747574,1.3980582524271845,0.616504854368932,0.47572815533980584,410.9854368932039,11.16504854368932,31.07281553398058,0.02912621359223301,0.024271844660194174,0.0048543689320388345,0.883495145631068,0.11650485436893204
483,874.3111111111111,-2.2305333333333333,2.408888888888889,1.5733333333333333,0.6088888888888889,0.5022222222222222,438.68,9.71111111111111,27.186666666666667,0.04,0.017777777777777778,0.022222222222222223,0.9244444444444444,0.07555555555555556
484,879.019801980198,-2.1606930693069306,2.4603960396039604,1.5247524752475248,0.36633663366336633,0.5148514851485149,438.21287128712873,10.752475247524753,27.866336633663366,0.24752475247524752,0.0297029702970297,0.21782178217821782,0.8613861386138614,0.13861386138613863
485,957.8407079646017,-2.0979646017699114,2.106194690265487,1.0530973451327434,0.7035398230088495,0.3805309734513274,439.9513274336283,9.623893805309734,25.438053097345133,0.05752212389380531,0.05752212389380531,0.0,0.8761061946902655,0.12389380530973451
486,923.455,-2.1279,2.775,1.085,0.74,0.46,426.775,10.39,26.38,0.275,0.1,0.175,0.915,0.085
487,782.570796460177,-2.163805309734513,2.8584070796460175,1.2787610619469028,0.6017699115044248,0.4336283185840708,423.9380530973451,10.017699115044248,29.331858407079647,0.09734513274336283,0.022123893805309734,0.0752212389380531,0.9292035398230089,0.07079646017699115
488,830.4930875576036,-2.277188940092166,2.7465437788018434,1.0092165898617511,0.7557603686635944,0.391705069124424,411.0552995391705,10.640552995391705,29.004608294930875,0.004608294930875576,0.004608294930875576,0.0,0.9078341013824884,0.09216589861751152
489,961.9047619047619,-2.092857142857143,2.8008658008658007,1.3982683982683983,0.7316017316017316,0.45454545454545453,425.8138528138528,9.705627705627705,25.173160173160174,0.15151515151515152,0.05627705627705628,0.09523809523809523,0.8614718614718615,0.13852813852813853
490,859.3659574468085,-2.085191489361702,2.3148936170212764,0.9744680851063829,0.9319148936170213,0.41702127659574467,420.2425531914894,9.659574468085106,27.093617021276597,0.10638297872340426,0.01276595744680851,0.09361702127659574,0.9276595744680851,0.07234042553191489
491,861.6860986547085,-2.162017937219731,2.2152466367713006,1.4170403587443947,0.6995515695067265,0.3901345291479821,422.29596412556054,10.134529147982063,27.896860986547086,0.026905829596412557,0.008968609865470852,0.017937219730941704,0.8923766816143498,0.10762331838565023
492,708.1756097560975,-2.180341463414634,2.126829268292683,1.5853658536585367,0.6146341463414634,0.5024390243902439,414.8,12.08780487804878,31.517073170731706,0.08780487804878048,0.02926829268292683,0.05853658536585366,0.9024390243902439,0.0975609756097561
493,739.2258064516129,-2.1472811059907833,2.2764976958525347,1.368663594470046,0.5898617511520737,0.4792626728110599,411.57603686635946,11.193548387096774,31.036866359447004,0.059907834101382486,0.03686635944700461,0.02304147465437788,0.9400921658986175,0.059907834101382486
494,997.3301435406698,-1.9471291866028708,2.507177033492823,1.5598086124401913,0.35406698564593303,0.5023923444976076,437.4736842105263,10.07177033492823,25.16267942583732,0.2631578947368421,0.20095693779904306,0.06220095693779904,0.8803827751196173,0.11961722488038277
495,743.6451612903226,-2.189216589861751,2.3963133640552994,1.2488479262672811,0.7235023041474654,0.43317972350230416,431.8341013824885,11.732718894009217,30.898617511520737,0.07373271889400922,0.018433179723502304,0.055299539170506916,0.9400921658986175,0.059907834101382486
496,870.1269035532995,-2.1858375634517766,2.4923857868020303,0.934010152284264,0.6852791878172588,0.4517766497461929,429.53807106598987,9.944162436548224,27.629441624365484,0.18274111675126903,0.04060913705583756,0.14213197969543148,0.9086294416243654,0.09137055837563451
497,828.2164502164502,-2.2080519480519483,2.761904761904762,1.2597402597402598,0.5887445887445888,0.4069264069264069,415.8961038961039,10.25108225108225,28.203463203463205,0.09090909090909091,0.03896103896103896,0.05194805194805195,0.9134199134199135,0.08658008658008658
498,856.079295154185,-2.2640969162995597,3.013215859030837,1.0837004405286343,0.8634361233480177,0.46255506607929514,426.7533039647577,9.20704845814978,27.07488986784141,0.01762114537444934,0.0,0.01762114537444934,0.920704845814978,0.07929515418502203
499,873.3333333333334,-2.181794871794872,2.517094017094017,1.2179487179487178,0.6111111111111112,0.41025641025641024,428.4871794871795,10.991452991452991,28.358974358974358,0.1111111111111111,0.038461538461538464,0.07264957264957266,0.905982905982906,0.09401709401709402
500,970.6666666666666,-1.9365079365079365,2.0952380952380953,0.9087301587301587,0.8849206349206349,0.3968253968253968,404.8690476190476,9.087301587301587,25.115079365079364,0.07142857142857142,0.03968253968253968,0.031746031746031744,0.8650793650793651,0.1349206349206349
501,783.4416666666667,-2.0970833333333334,2.504166666666667,1.7458333333333333,0.7166666666666667,0.5,413.4916666666667,11.120833333333334,30.166666666666668,0.04583333333333333,0.004166666666666667,0.041666666666666664,0.9,0.1
502,711.8365384615385,-2.0601923076923074,1.9567307692307692,1.4711538461538463,0.6538461538461539,0.47115384615384615,390.0048076923077,12.139423076923077,32.21634615384615,0.038461538461538464,0.0,0.038461538461538464,0.9326923076923077,0.0673076923076923
503,826.947619047619,-2.2144761904761907,2.323809523809524,1.4238095238095239,0.5904761904761905,0.45714285714285713,421.73333333333335,11.471428571428572,29.376190476190477,0.03333333333333333,0.03333333333333333,0.0,0.9380952380952381,0.06190476190476191
504,921.1563981042653,-2.1463981042654026,2.7014218009478674,1.7819905213270142,0.4028436018957346,0.5260663507109005,431.0,10.184834123222748,26.46919431279621,0.2559241706161137,0.10426540284360189,0.15165876777251186,0.8909952606635071,0.10900473933649289
505,797.3878504672897,-2.10803738317757,2.2429906542056073,1.1355140186915889,0.7616822429906542,0.411214953271028,420.7803738317757,10.266355140186915,28.61682242990654,0.08411214953271028,0.02336448598130841,0.06074766355140187,0.9485981308411215,0.0514018691588785
506,1021.4368421052632,-1.8743157894736842,2.4842105263157896,0.9736842105263158,0.7105263157894737,0.4631578947368421,431.53684210526313,9.578947368421053,24.173684210526314,0.21052631578947367,0.18421052631578946,0.02631578947368421,0.7736842105263158,0.22631578947368422
507,831.7905982905983,-2.111111111111111,3.1538461538461537,1.452991452991453,0.688034188034188,0.42735042735042733,412.9316239316239,10.495726495726496,28.833333333333332,0.08547008547008547,0.038461538461538464,0.04700854700854701,0.9102564102564102,0.08974358974358974
508,845.0958904109589,-2.0734246575342463,2.6575342465753424,0.9223744292237442,0.7579908675799086,0.4200913242009132,410.29680365296804,10.826484018264841,28.21461187214612,0.0410958904109589,0.0228310502283105,0.0182648401826484,0.8949771689497716,0.1050228310502283
509,895.6698113207547,-1.910754716981132,2.641509433962264,1.4245283018867925,0.6745283018867925,0.4339622641509434,425.62264150943395,11.382075471698114,28.18867924528302,0.18396226415094338,0.15566037735849056,0.02830188679245283,0.8679245283018868,0.1320754716981132
510,718.6473029045643,-2.0933609958506225,2.5767634854771786,1.1369294605809128,1.016597510373444,0.4149377593360996,395.87966804979254,11.468879668049793,31.634854771784234,0.06639004149377593,0.03734439834024896,0.029045643153526972,0.9294605809128631,0.07053941908713693
511,765.2477477477478,-2.247972972972973,2.315315315315315,1.3873873873873874,0.7162162162162162,0.42792792792792794,410.3918918918919,11.112612612612613,30.17117117117117,0.05855855855855856,0.04504504504504504,0.013513513513513514,0.9054054054054054,0.0945945945945946
512,724.5816326530612,-2.028112244897959,1.8622448979591837,1.510204081632653,0.6530612244897959,0.5051020408163265,398.9948979591837,12.729591836734693,31.71938775510204,0.04081632653061224,0.030612244897959183,0.01020408163265306,0.9030612244897959,0.09693877551020408
513,772.6619718309859,-2.2904694835680752,2.619718309859155,1.6384976525821595,0.6338028169014085,0.5305164319248826,418.25821596244134,10.4037558685446,29.760563380281692,0.051643192488262914,0.018779342723004695,0.03286384976525822,0.9295774647887324,0.07042253521126761
514,780.0,-2.3129611650485438,2.529126213592233,1.616504854368932,0.3592233009708738,0.5,419.5873786407767,10.592233009708737,29.90776699029126,0.18932038834951456,0.024271844660194174,0.1650485436893204,0.9368932038834952,0.06310679611650485
515,770.0365296803653,-1.9940182648401827,2.141552511415525,1.1050228310502284,0.730593607305936,0.3698630136986301,424.74429223744295,10.922374429223744,29.474885844748858,0.0958904109589041,0.0776255707762557,0.0182648401826484,0.908675799086758,0.091324200913242
516,862.6558139534884,-2.186186046511628,2.567441860465116,0.9488372093023256,0.7534883720930232,0.4511627906976744,424.9116279069767,9.362790697674418,27.46511627906977,0.13488372093023257,0.037209302325581395,0.09767441860465116,0.9348837209302325,0.06511627906976744
517,825.408695652174,-2.161086956521739,2.8086956521739133,1.3043478260869565,0.6304347826086957,0.41304347826086957,419.05652173913046,11.530434782608696,29.217391304347824,0.08260869565217391,0.013043478260869565,0.06956521739130435,0.9347826086956522,0.06521739130434782
518,761.8530805687204,-2.270616113744076,2.720379146919431,0.9478672985781991,0.7819905213270142,0.4265402843601896,410.5687203791469,11.303317535545023,30.9478672985782,0.018957345971563982,0.018957345971563982,0.0,0.909952606635071,0.09004739336492891
519,956.0340425531915,-2.2275319148936172,2.7191489361702126,1.4723404255319148,0.7191489361702128,0.43829787234042555,428.3404255319149,9.770212765957448,26.174468085106383,0.14042553191489363,0.06808510638297872,0.07234042553191489,0.8765957446808511,0.12340425531914893
520,796.9294605809129,-2.1847302904564314,2.228215767634855,0.946058091286307,0.91701244813278,0.4066390041493776,413.1161825726141,10.734439834024895,30.244813278008298,0.0954356846473029,0.012448132780082987,0.08298755186721991,0.946058091286307,0.05394190871369295
521,687.2164502164502,-2.2905194805194804,2.1904761904761907,1.3246753246753247,0.6796536796536796,0.3852813852813853,402.87012987012986,10.636363636363637,30.961038961038962,0.025974025974025976,0.004329004329004329,0.021645021645021644,0.9437229437229437,0.05627705627705628
522,872.9675925925926,-2.036712962962963,1.9722222222222223,1.587962962962963,0.6990740740740741,0.49537037037037035,433.88425925925924,11.407407407407407,27.50925925925926,0.05555555555555555,0.018518518518518517,0.037037037037037035,0.9074074074074074,0.09259259259259259
523,902.8981481481482,-1.9189814814814814,2.2824074074074074,1.3842592592592593,0.5277777777777778,0.46296296296296297,439.84722222222223,9.773148148148149,26.60185185185185,0.013888888888888888,0.004629629629629629,0.009259259259259259,0.9027777777777778,0.09722222222222222
524,815.8862559241707,-1.9829857819905214,2.4218009478672986,1.5687203791469195,0.36018957345971564,0.5165876777251185,437.22748815165875,11.4739336492891,29.819905213270143,0.24644549763033174,0.2037914691943128,0.04265402843601896,0.8815165876777251,0.11848341232227488
525,907.1,-2.1821363636363635,2.4909090909090907,1.2727272727272727,0.7772727272727272,0.42272727272727273,443.7,9.24090909090909,26.104545454545455,0.1,0.022727272727272728,0.07727272727272727,0.8954545454545455,0.10454545454545454
526,950.1813725490196,-2.0887745098039217,2.4215686274509802,0.9509803921568627,0.6519607843137255,0.4362745098039216,431.95098039215685,9.558823529411764,26.534313725490197,0.20588235294117646,0.10784313725490197,0.09803921568627451,0.8578431372549019,0.14215686274509803
527,1035.871244635193,-2.043090128755365,2.772532188841202,1.2317596566523605,0.6523605150214592,0.41201716738197425,414.90128755364805,9.785407725321889,24.278969957081546,0.11587982832618025,0.0815450643776824,0.034334763948497854,0.8755364806866953,0.12446351931330472
528,1014.0526315789474,-1.8925,2.969298245614035,1.144736842105263,0.8508771929824561,0.44298245614035087,425.21491228070175,9.451754385964913,24.29385964912281,0.02631578947368421,0.0,0.02631578947368421,0.7894736842105263,0.21052631578947367
529,806.1834061135371,-2.109344978165939,2.593886462882096,1.296943231441048,0.6157205240174672,0.4192139737991266,418.29257641921396,11.724890829694322,30.29694323144105,0.13973799126637554,0.08733624454148471,0.05240174672489083,0.925764192139738,0.07423580786026202
530,879.1,-2.2937916666666665,2.2041666666666666,0.9625,0.8916666666666667,0.4125,421.60833333333335,9.958333333333334,28.5375,0.125,0.0875,0.0375,0.9,0.1
531,876.2118644067797,-2.2140254237288137,2.5042372881355934,1.5,0.8177966101694916,0.4194915254237288,426.79237288135596,9.313559322033898,27.79237288135593,0.046610169491525424,0.01694915254237288,0.029661016949152543,0.923728813559322,0.07627118644067797
532,704.2073732718894,-2.24668202764977,1.8755760368663594,1.368663594470046,0.5806451612903226,0.4470046082949309,403.58986175115206,12.013824884792626,32.433179723502306,0.06451612903225806,0.03686635944700461,0.027649769585253458,0.9400921658986175,0.059907834101382486
533,921.0666666666667,-2.2594285714285713,2.2904761904761903,1.4190476190476191,0.5619047619047619,0.4857142857142857,427.1142857142857,10.557142857142857,27.38095238095238,0.0761904761904762,0.05238095238095238,0.023809523809523808,0.8904761904761904,0.10952380952380952
534,851.6473429951691,-2.134782608695652,2.859903381642512,1.7294685990338163,0.4106280193236715,0.5314009661835749,428.6231884057971,10.391304347826088,27.92270531400966,0.21739130434782608,0.06763285024154589,0.1497584541062802,0.9371980676328503,0.06280193236714976
535,799.1232227488151,-2.083744075829384,2.279620853080569,1.146919431279621,0.7440758293838863,0.3933649289099526,427.3222748815166,11.042654028436019,30.118483412322274,0.0947867298578199,0.03317535545023697,0.061611374407582936,0.9146919431279621,0.08530805687203792
536,1010.35,-1.99055,2.44,0.945,0.655,0.445,435.715,9.71,24.32,0.14,0.12,0.02,0.815,0.185
537,869.2510460251046,-2.0772803347280338,2.9414225941422596,1.4225941422594142,0.6150627615062761,0.4309623430962343,408.1799163179916,11.02510460251046,28.456066945606693,0.13807531380753138,0.06276150627615062,0.07531380753138076,0.9330543933054394,0.06694560669456066
538,992.8149779735683,-2.0729515418502205,2.594713656387665,0.9118942731277533,0.7312775330396476,0.41409691629955947,437.81497797356826,9.947136563876652,25.669603524229075,0.05726872246696035,0.01762114537444934,0.039647577092511016,0.8678414096916299,0.13215859030837004
539,1031.7521367521367,-2.1006410256410257,2.465811965811966,1.2863247863247864,0.6068376068376068,0.405982905982906,432.2478632478632,8.867521367521368,24.5,0.13675213675213677,0.09829059829059829,0.038461538461538464,0.8803418803418803,0.11965811965811966
540,1049.0172413793102,-2.107586206896552,2.5258620689655173,1.146551724137931,0.9741379310344828,0.4482758620689655,434.70258620689657,8.935344827586206,23.353448275862068,0.10344827586206896,0.05603448275862069,0.04741379310344827,0.8275862068965517,0.1724137931034483
541,888.7702127659575,-1.8834468085106384,2.123404255319149,1.3021276595744682,0.6680851063829787,0.37872340425531914,420.26808510638296,10.53191489361702,28.102127659574467,0.029787234042553193,0.01702127659574468,0.01276595744680851,0.8851063829787233,0.1148936170212766
542,1134.8294930875577,-1.9445622119815669,1.7788018433179724,1.4055299539170507,0.576036866359447,0.47465437788018433,427.59447004608296,8.788018433179724,22.119815668202765,0.03686635944700461,0.027649769585253458,0.009216589861751152,0.8894009216589862,0.11059907834101383
543,815.2645739910314,-2.0936322869955157,2.4663677130044843,1.5426008968609866,0.6771300448430493,0.5022421524663677,417.56502242152465,10.376681614349776,29.856502242152466,0.04484304932735426,0.017937219730941704,0.026905829596412557,0.9282511210762332,0.07174887892376682
544,765.965,-2.17475,2.57,1.61,0.37,0.525,420.36,10.68,29.81,0.19,0.045,0.145,0.92,0.08
545,987.7740384615385,-2.103846153846154,2.293269230769231,1.1346153846153846,0.7403846153846154,0.4326923076923077,438.7451923076923,9.379807692307692,25.432692307692307,0.10096153846153846,0.07211538461538461,0.028846153846153848,0.8846153846153846,0.11538461538461539
546,856.2745098039215,-2.203529411764706,2.6813725490196076,1.0245098039215685,0.7990196078431373,0.4803921568627451,417.5147058823529,10.950980392156863,28.75,0.16176470588235295,0.0392156862745098,0.12254901960784313,0.8627450980392157,0.13725490196078433
547,934.2669683257918,-2.0002262443438914,2.823529411764706,1.2986425339366516,0.6561085972850679,0.4298642533936652,410.14932126696834,10.429864253393665,26.873303167420815,0.1493212669683258,0.027149321266968326,0.12217194570135746,0.9095022624434389,0.09049773755656108
548,923.4703196347032,-2.2193607305936074,2.776255707762557,1.0639269406392695,0.7534246575342466,0.4383561643835616,438.2922374429224,10.465753424657533,26.602739726027398,0.0502283105022831,0.0410958904109589,0.0091324200913242,0.8995433789954338,0.1004566210045662
549,1011.2857142857143,-2.1059907834101383,2.967741935483871,1.5345622119815667,0.7695852534562212,0.4608294930875576,438.221198156682,10.36405529953917,25.07373271889401,0.14746543778801843,0.055299539170506916,0.09216589861751152,0.8847926267281107,0.1152073732718894
550,808.4273858921161,-2.153609958506224,2.20746887966805,0.970954356846473,0.9045643153526971,0.4066390041493776,412.1618257261411,11.45643153526971,29.70954356846473,0.07053941908713693,0.004149377593360996,0.06639004149377593,0.9004149377593361,0.0995850622406639
551,1024.2869198312237,-1.9705907172995782,2.1434599156118144,1.3080168776371308,0.6877637130801688,0.4092827004219409,427.4599156118143,8.628691983122362,24.09282700421941,0.05063291139240506,0.03375527426160337,0.016877637130801686,0.869198312236287,0.1308016877637131
552,958.5277777777778,-2.1617592592592594,1.962962962962963,1.5462962962962963,0.6574074074074074,0.49074074074074076,427.60185185185185,10.481481481481481,26.435185185185187,0.05555555555555555,0.023148148148148147,0.032407407407407406,0.8842592592592593,0.11574074074074074
553,861.4345794392524,-2.399392523364486,2.2850467289719627,1.3785046728971964,0.5934579439252337,0.48130841121495327,422.7429906542056,10.658878504672897,29.490654205607477,0.06542056074766354,0.03271028037383177,0.03271028037383177,0.9205607476635514,0.0794392523364486
554,899.49,-2.01975,2.51,1.62,0.37,0.525,427.21,10.39,28.1,0.295,0.23,0.065,0.91,0.09
555,919.8362831858407,-2.24141592920354,2.420353982300885,1.252212389380531,0.8451327433628318,0.415929203539823,424.4380530973451,9.508849557522124,26.36725663716814,0.09292035398230089,0.035398230088495575,0.05752212389380531,0.9203539823008849,0.07964601769911504
556,904.3762886597938,-2.015979381443299,2.4742268041237114,0.9690721649484536,0.6907216494845361,0.4639175257731959,422.5257731958763,10.927835051546392,28.2680412371134,0.17010309278350516,0.05670103092783505,0.1134020618556701,0.8556701030927835,0.14432989690721648
557,911.2467532467532,-2.1213852813852814,2.7965367965367967,1.2857142857142858,0.6103896103896104,0.4155844155844156,428.2077922077922,10.121212121212121,27.17748917748918,0.09956709956709957,0.07792207792207792,0.021645021645021644,0.9134199134199135,0.08658008658008658
558,794.2731277533039,-2.2951982378854625,3.0308370044052864,1.0837004405286343,0.8370044052863436,0.43612334801762115,419.8678414096916,9.889867841409691,28.859030837004404,0.030837004405286344,0.004405286343612335,0.02643171806167401,0.9162995594713657,0.08370044052863436
559,985.9956140350877,-2.0990350877192983,2.460526315789474,1.2675438596491229,0.6359649122807017,0.40350877192982454,430.0219298245614,10.026315789473685,25.75438596491228,0.15350877192982457,0.08771929824561403,0.06578947368421052,0.8903508771929824,0.10964912280701754
560,1068.9036144578313,-2.0642570281124497,2.248995983935743,0.963855421686747,0.9196787148594378,0.40160642570281124,438.7469879518072,9.373493975903614,23.542168674698797,0.1285140562248996,0.09236947791164658,0.03614457831325301,0.8875502008032129,0.11244979919678715
561,863.5087719298245,-2.2128947368421055,2.425438596491228,1.5263157894736843,0.8070175438596491,0.42105263157894735,419.7938596491228,10.18421052631579,27.44736842105263,0.08333333333333333,0.02631578947368421,0.05701754385964912,0.9429824561403509,0.05701754385964912
562,867.3152709359606,-2.2120197044334975,1.9113300492610839,1.477832512315271,0.6600985221674877,0.4729064039408867,420.5221674876847,12.049261083743842,29.27093596059113,0.029556650246305417,0.0049261083743842365,0.024630541871921183,0.8916256157635468,0.10837438423645321
563,827.6279069767442,-1.983674418604651,2.2,1.386046511627907,0.5395348837209303,0.4697674418604651,427.66046511627906,11.344186046511627,29.08372093023256,0.07441860465116279,0.06046511627906977,0.013953488372093023,0.9116279069767442,0.08837209302325581
564,896.215859030837,-2.1887665198237887,2.607929515418502,1.7180616740088106,0.3788546255506608,0.5066079295154186,428.38766519823787,10.05726872246696,27.22466960352423,0.24669603524229075,0.12334801762114538,0.12334801762114538,0.8986784140969163,0.1013215859030837
565,898.6166666666667,-2.2442083333333334,2.0208333333333335,1.0166666666666666,0.7208333333333333,0.37083333333333335,408.8208333333333,10.708333333333334,27.6375,0.06666666666666667,0.016666666666666666,0.05,0.9208333333333333,0.07916666666666666
566,997.5990099009902,-2.1635148514851488,2.4752475247524752,1.0148514851485149,0.6881188118811881,0.4801980198019802,404.6089108910891,8.900990099009901,25.336633663366335,0.1782178217821782,0.16831683168316833,0.009900990099009901,0.9108910891089109,0.0891089108910891
567,1061.3198198198197,-2.1461711711711713,3.1936936936936937,1.5045045045045045,0.6531531531531531,0.47297297297297297,441.4144144144144,7.594594594594595,23.743243243243242,0.10810810810810811,0.04954954954954955,0.05855855855855856,0.9099099099099099,0.09009009009009009
568,979.3739130434783,-2.2676521739130435,2.6565217391304348,1.0347826086956522,0.7217391304347827,0.40869565217391307,440.2260869565217,9.495652173913044,25.734782608695653,0.04782608695652174,0.034782608695652174,0.013043478260869565,0.8782608695652174,0.12173913043478261
569,879.2293577981651,-1.963623853211009,2.596330275229358,1.3394495412844036,0.6743119266055045,0.42660550458715596,416.8532110091743,11.224770642201834,27.91743119266055,0.12844036697247707,0.0963302752293578,0.03211009174311927,0.8944954128440367,0.10550458715596331
570,964.9837398373984,-1.9671544715447156,2.4796747967479673,1.089430894308943,1.0040650406504066,0.43902439024390244,423.3780487804878,10.422764227642276,26.32520325203252,0.044715447154471545,0.016260162601626018,0.028455284552845527,0.8780487804878049,0.12195121951219512
571,753.8082191780821,-2.2381735159817353,2.2465753424657535,1.4063926940639269,0.726027397260274,0.3835616438356164,414.81278538812785,11.351598173515981,30.45662100456621,0.0365296803652968,0.0228310502283105,0.0136986301369863,0.9452054794520548,0.0547945205479452
572,912.7821782178218,-2.025049504950495,1.8217821782178218,1.4356435643564356,0.6386138613861386,0.46534653465346537,424.1039603960396,10.049504950495049,27.10891089108911,0.04950495049504951,0.0297029702970297,0.019801980198019802,0.8712871287128713,0.12871287128712872
573,1086.90625,-2.0104464285714285,2.4330357142857144,1.5133928571428572,0.5892857142857143,0.5178571428571429,451.8169642857143,8.258928571428571,22.200892857142858,0.04017857142857143,0.013392857142857142,0.026785714285714284,0.6830357142857143,0.3169642857142857
574,909.3811881188119,-2.2077227722772275,2.5544554455445545,1.6237623762376239,0.36633663366336633,0.5148514851485149,441.7821782178218,10.153465346534654,26.905940594059405,0.24257425742574257,0.039603960396039604,0.20297029702970298,0.9207920792079208,0.07920792079207921
575,780.0,-2.0518224299065424,2.2429906542056073,1.1635514018691588,0.719626168224299,0.4252336448598131,417.89719626168227,12.149532710280374,29.794392523364486,0.07476635514018691,0.07009345794392523,0.004672897196261682,0.9112149532710281,0.08878504672897196
576,872.7980769230769,-2.187884615384615,2.6538461538461537,1.0576923076923077,0.6923076923076923,0.4423076923076923,415.90865384615387,10.653846153846153,28.326923076923077,0.18269230769230768,0.07692307692307693,0.10576923076923077,0.875,0.125
577,911.0960698689956,-2.087510917030568,2.7598253275109172,1.2925764192139737,0.6069868995633187,0.4192139737991266,424.9694323144105,9.462882096069869,26.70305676855895,0.039301310043668124,0.017467248908296942,0.021834061135371178,0.9039301310043668,0.09606986899563319
578,829.24,-2.004844444444444,2.577777777777778,0.9511111111111111,0.7333333333333333,0.40444444444444444,408.85777777777776,10.373333333333333,28.511111111111113,0.008888888888888889,0.008888888888888889,0.0,0.9288888888888889,0.07111111111111111
579,915.7479338842975,-2.1632231404958677,2.6983471074380163,1.4586776859504131,0.7107438016528925,0.4132231404958678,425.7892561983471,10.173553719008265,27.045454545454547,0.16942148760330578,0.07024793388429752,0.09917355371900827,0.9132231404958677,0.08677685950413223
580,869.7777777777778,-1.8864529914529915,2.2264957264957266,1.0341880341880343,0.9786324786324786,0.45726495726495725,399.04273504273505,10.991452991452991,29.012820512820515,0.05982905982905983,0.021367521367521368,0.038461538461538464,0.8888888888888888,0.1111111111111111
581,904.7385321100918,-2.0809174311926606,2.31651376146789,1.4495412844036697,0.7247706422018348,0.3944954128440367,407.7889908256881,9.986238532110091,27.84862385321101,0.1651376146788991,0.0871559633027523,0.0779816513761468,0.9357798165137615,0.06422018348623854
582,764.3574879227053,-2.130144927536232,2.1256038647342996,1.6666666666666667,0.6763285024154589,0.5120772946859904,410.3768115942029,9.48792270531401,29.719806763285025,0.08695652173913043,0.028985507246376812,0.057971014492753624,0.927536231884058,0.07246376811594203
583,743.1121076233184,-2.103004484304933,2.2511210762331837,1.3318385650224216,0.6188340807174888,0.4618834080717489,385.86995515695065,10.852017937219731,30.793721973094172,0.017937219730941704,0.008968609865470852,0.008968609865470852,0.8923766816143498,0.10762331838565023
584,1057.8779342723005,-1.7672300469483568,2.511737089201878,1.6150234741784038,0.3474178403755869,0.5070422535211268,426.07511737089203,9.924882629107982,23.802816901408452,0.2676056338028169,0.22535211267605634,0.04225352112676056,0.7793427230046949,0.22065727699530516
585,786.947619047619,-2.2623809523809526,2.4857142857142858,1.3285714285714285,0.7857142857142857,0.42857142857142855,415.4095238095238,11.361904761904762,29.757142857142856,0.1,0.02857142857142857,0.07142857142857142,0.9,0.1
586,791.5492227979274,-2.1531088082901557,2.533678756476684,0.9481865284974094,0.689119170984456,0.49222797927461137,414.3056994818653,9.61658031088083,28.689119170984455,0.2538860103626943,0.03626943005181347,0.21761658031088082,0.9222797927461139,0.07772020725388601
587,1009.6334661354582,-2.1374900398406376,2.593625498007968,1.1872509960159363,0.5936254980079682,0.3944223107569721,417.62948207171314,10.306772908366534,25.529880478087648,0.06374501992031872,0.035856573705179286,0.027888446215139442,0.8685258964143426,0.13147410358565736
588,840.5911111111111,-2.3244444444444445,3.128888888888889,1.1288888888888888,0.8977777777777778,0.4444444444444444,411.88444444444445,10.182222222222222,27.982222222222223,0.022222222222222223,0.0,0.022222222222222223,0.9466666666666667,0.05333333333333334
589,884.8831168831168,-1.9654978354978356,2.536796536796537,1.251082251082251,0.6190476190476191,0.4199134199134199,401.034632034632,10.692640692640692,28.41991341991342,0.19047619047619047,0.08658008658008658,0.1038961038961039,0.8701298701298701,0.12987012987012986
590,750.4853556485356,-2.0209623430962345,2.284518828451883,1.00418410041841,1.0167364016736402,0.41422594142259417,393.26359832635984,11.389121338912133,31.05439330543933,0.08368200836820083,0.06694560669456066,0.016736401673640166,0.899581589958159,0.100418410041841
591,776.2754237288135,-2.1608898305084745,2.457627118644068,1.5423728813559323,0.7372881355932204,0.4364406779661017,410.7118644067797,10.080508474576272,29.4364406779661,0.046610169491525424,0.00847457627118644,0.038135593220338986,0.923728813559322,0.07627118644067797
592,817.877358490566,-2.193443396226415,1.8773584905660377,1.4103773584905661,0.6179245283018868,0.4669811320754717,400.37264150943395,11.90566037735849,29.9811320754717,0.06132075471698113,0.02358490566037736,0.03773584905660377,0.8962264150943396,0.10377358490566038
593,811.1209302325582,-2.0694418604651164,2.316279069767442,1.3813953488372093,0.586046511627907,0.49767441860465117,402.80930232558137,11.037209302325582,29.36279069767442,0.046511627906976744,0.046511627906976744,0.0,0.9209302325581395,0.07906976744186046
594,807.9209302325581,-2.1226976744186046,2.6186046511627907,1.7534883720930232,0.386046511627907,0.5209302325581395,402.9674418604651,10.986046511627906,29.693023255813955,0.18604651162790697,0.05116279069767442,0.13488372093023257,0.8930232558139535,0.10697674418604651
595,738.2207207207207,-1.9443243243243242,2.1036036036036037,1.0855855855855856,0.7657657657657657,0.38738738738738737,414.26126126126127,12.094594594594595,31.8018018018018,0.09009009009009009,0.018018018018018018,0.07207207207207207,0.918918918918919,0.08108108108108109
596,950.9622641509434,-2.2195283018867924,2.457547169811321,0.9481132075471698,0.660377358490566,0.4528301886792453,431.89622641509436,9.674528301886792,26.495283018867923,0.2169811320754717,0.15566037735849056,0.06132075471698113,0.9292452830188679,0.07075471698113207
597,868.1906779661017,-2.1418220338983054,3.0466101694915255,1.4364406779661016,0.6101694915254238,0.4364406779661017,408.2457627118644,10.220338983050848,27.24576271186441,0.05508474576271186,0.0211864406779661,0.03389830508474576,0.9194915254237288,0.08050847457627118
598,787.5775862068965,-2.1210344827586205,2.663793103448276,1.043103448275862,0.7198275862068966,0.39655172413793105,402.1896551724138,11.03448275862069,29.551724137931036,0.03879310344827586,0.017241379310344827,0.021551724137931036,0.9568965517241379,0.04310344827586207
599,968.969696969697,-2.091038961038961,2.5454545454545454,1.380952380952381,0.6406926406926406,0.4199134199134199,440.4761904761905,10.229437229437229,25.865800865800868,0.09956709956709957,0.0735930735930736,0.025974025974025976,0.8874458874458875,0.11255411255411256
600,791.8423236514523,-2.165601659751037,2.5228215767634854,1.120331950207469,0.9875518672199171,0.45228215767634855,401.56016597510376,10.53941908713693,29.6597510373444,0.05394190871369295,0.029045643153526972,0.024896265560165973,0.941908713692946,0.058091286307053944
601,857.2121212121212,-2.063160173160173,2.1774891774891776,1.341991341991342,0.6753246753246753,0.3939393939393939,416.2857142857143,11.562770562770563,29.142857142857142,0.06926406926406926,0.047619047619047616,0.021645021645021644,0.8961038961038961,0.1038961038961039
602,847.9274611398964,-2.1036269430051813,1.9896373056994818,1.5233160621761659,0.5647668393782384,0.5181347150259067,401.9119170984456,10.015544041450777,27.7720207253886,0.05699481865284974,0.03626943005181347,0.02072538860103627,0.8756476683937824,0.12435233160621761
603,850.0502283105022,-2.154703196347032,2.5662100456621006,1.5890410958904109,0.6027397260273972,0.5114155251141552,411.49771689497715,10.045662100456621,27.4337899543379,0.0410958904109589,0.0045662100456621,0.0365296803652968,0.91324200913242,0.0867579908675799
604,762.0432692307693,-2.2257211538461537,2.5,1.5721153846153846,0.3557692307692308,0.5048076923076923,411.96153846153845,10.73076923076923,30.192307692307693,0.2548076923076923,0.052884615384615384,0.20192307692307693,0.9471153846153846,0.052884615384615384
605,945.7420814479638,-2.206470588235294,2.167420814479638,1.0995475113122173,0.7963800904977375,0.3936651583710407,414.88235294117646,9.552036199095022,25.6289592760181,0.08144796380090498,0.058823529411764705,0.02262443438914027,0.9321266968325792,0.06787330316742081
606,856.5882352941177,-2.1547549019607843,2.7107843137254903,1.0686274509803921,0.7450980392156863,0.45588235294117646,407.0637254901961,10.916666666666666,28.284313725490197,0.17647058823529413,0.0392156862745098,0.13725490196078433,0.8872549019607843,0.11274509803921569
607,762.1339285714286,-2.2792410714285714,2.861607142857143,1.3571428571428572,0.6428571428571429,0.42410714285714285,417.67857142857144,11.044642857142858,30.254464285714285,0.08482142857142858,0.044642857142857144,0.04017857142857143,0.9464285714285714,0.05357142857142857
608,790.4849785407725,-2.0451931330472104,2.6909871244635193,1.0600858369098713,0.7424892703862661,0.41630901287553645,410.40343347639487,11.034334763948499,29.888412017167383,0.034334763948497854,0.034334763948497854,0.0,0.9055793991416309,0.0944206008583691
609,901.2675438596491,-2.221315789473684,2.8728070175438596,1.5,0.6622807017543859,0.45614035087719296,416.70175438596493,11.201754385964913,27.771929824561404,0.13157894736842105,0.043859649122807015,0.08771929824561403,0.9166666666666666,0.08333333333333333
610,899.991341991342,-2.034761904761905,2.3203463203463204,0.9956709956709957,0.9090909090909091,0.4199134199134199,410.6190476190476,10.926406926406926,27.861471861471863,0.047619047619047616,0.004329004329004329,0.04329004329004329,0.8917748917748918,0.10822510822510822
611,1140.009009009009,-1.88990990990991,2.2567567567567566,1.3783783783783783,0.7162162162162162,0.42342342342342343,439.68918918918916,8.585585585585585,21.414414414414413,0.04954954954954955,0.02702702702702703,0.02252252252252252,0.7477477477477478,0.25225225225225223
612,778.0830039525691,-2.102292490118577,1.7826086956521738,1.7272727272727273,0.9051383399209486,0.6403162055335968,411.84584980237156,11.347826086956522,30.00395256916996,0.043478260869565216,0.007905138339920948,0.03557312252964427,0.9288537549407114,0.07114624505928854
613,684.7511737089202,-2.1690140845070425,2.291079812206573,1.3990610328638498,0.5492957746478874,0.4694835680751174,397.7887323943662,10.60093896713615,30.7981220657277,0.046948356807511735,0.023474178403755867,0.023474178403755867,0.9624413145539906,0.03755868544600939
614,834.1714285714286,-1.9711904761904762,2.5047619047619047,1.5809523809523809,0.3523809523809524,0.5,408.82380952380953,10.91904761904762,28.814285714285713,0.26666666666666666,0.21904761904761905,0.047619047619047616,0.8714285714285714,0.12857142857142856
615,756.6164383561644,-2.2879452054794522,2.4748858447488584,1.3013698630136987,0.7579908675799086,0.4292237442922374,410.8904109589041,12.401826484018265,30.91324200913242,0.1141552511415525,0.0365296803652968,0.0776255707762557,0.9178082191780822,0.0821917808219178
616,858.7664974619289,-2.139746192893401,2.512690355329949,0.9695431472081218,0.6903553299492385,0.49238578680203043,419.9441624365482,10.593908629441625,28.238578680203045,0.16751269035532995,0.04568527918781726,0.1218274111675127,0.9441624365482234,0.05583756345177665
617,792.0092592592592,-2.109027777777778,3.013888888888889,1.3518518518518519,0.6481481481481481,0.4398148148148148,408.0740740740741,11.13888888888889,30.458333333333332,0.0787037037037037,0.041666666666666664,0.037037037037037035,0.9351851851851852,0.06481481481481481
618,821.6681034482758,-2.21125,2.9051724137931036,1.146551724137931,0.8405172413793104,0.4267241379310345,425.2068965517241,11.314655172413794,29.603448275862068,0.07327586206896551,0.03017241379310345,0.04310344827586207,0.9094827586206896,0.09051724137931035
619,1014.6008403361344,-1.9813865546218488,2.365546218487395,1.26890756302521,0.6008403361344538,0.3907563025210084,422.4621848739496,9.794117647058824,24.764705882352942,0.15126050420168066,0.07563025210084033,0.07563025210084033,0.8697478991596639,0.13025210084033614
620,951.1081081081081,-2.081119691119691,2.138996138996139,0.8841698841698842,0.9459459459459459,0.38223938223938225,399.4749034749035,10.486486486486486,26.776061776061777,0.0888030888030888,0.04633204633204633,0.04247104247104247,0.8841698841698842,0.11583011583011583
621,965.7931034482758,-2.335991379310345,2.4224137931034484,1.5560344827586208,0.7974137931034483,0.4525862068965517,422.5431034482759,9.689655172413794,25.737068965517242,0.03879310344827586,0.004310344827586207,0.034482758620689655,0.8232758620689655,0.17672413793103448
622,825.4018264840182,-2.0319634703196345,1.7990867579908676,1.4018264840182648,0.6164383561643836,0.45662100456621,397.310502283105,10.497716894977168,29.625570776255707,0.045662100456621,0.0182648401826484,0.0273972602739726,0.9360730593607306,0.0639269406392694
623,919.2766990291262,-2.1285436893203884,2.383495145631068,1.4271844660194175,0.5631067961165048,0.49514563106796117,422.9466019417476,10.825242718446601,26.436893203883496,0.038834951456310676,0.038834951456310676,0.0,0.8446601941747572,0.1553398058252427
624,948.8009478672985,-2.3051184834123224,2.6872037914691944,1.7867298578199051,0.3933649289099526,0.5308056872037915,421.9952606635071,8.800947867298579,24.677725118483412,0.2132701421800948,0.09004739336492891,0.12322274881516587,0.9241706161137441,0.07582938388625593
625,794.9551569506726,-2.054304932735426,2.179372197309417,1.0807174887892377,0.8340807174887892,0.3991031390134529,399.7309417040359,11.291479820627803,29.91479820627803,0.11210762331838565,0.008968609865470852,0.1031390134529148,0.9282511210762332,0.07174887892376682
626,752.1633663366337,-2.213217821782178,2.4158415841584158,0.9653465346534653,0.6782178217821783,0.4603960396039604,394.36633663366337,12.475247524752476,32.054455445544555,0.18811881188118812,0.13366336633663367,0.054455445544554455,0.8910891089108911,0.10891089108910891
627,1018.2274678111588,-2.1221888412017167,3.0257510729613735,1.446351931330472,0.6695278969957081,0.44206008583690987,416.4334763948498,9.459227467811159,24.253218884120173,0.10300429184549356,0.02575107296137339,0.07725321888412018,0.8884120171673819,0.11158798283261803
628,1375.0625,-1.7011160714285716,2.6964285714285716,1.0223214285714286,0.7321428571428571,0.42410714285714285,442.6607142857143,6.254464285714286,16.419642857142858,0.03125,0.026785714285714284,0.004464285714285714,0.5714285714285714,0.42857142857142855
629,883.1622807017544,-2.2019298245614034,2.4473684210526314,1.2412280701754386,0.6228070175438597,0.42105263157894735,409.7456140350877,11.114035087719298,27.771929824561404,0.12280701754385964,0.08333333333333333,0.039473684210526314,0.8991228070175439,0.10087719298245613
630,711.2650602409639,-2.3408032128514056,2.4016064257028114,1.0682730923694779,0.9839357429718876,0.4578313253012048,395.47791164658634,11.947791164658634,31.453815261044177,0.08032128514056225,0.040160642570281124,0.040160642570281124,0.9477911646586346,0.05220883534136546
631,966.9650655021834,-1.9785152838427946,2.2096069868995634,1.331877729257642,0.6943231441048034,0.4017467248908297,417.1834061135371,8.93886462882096,25.034934497816593,0.034934497816593885,0.034934497816593885,0.0,0.8558951965065502,0.14410480349344978
632,869.1624365482234,-2.0053299492385785,1.9390862944162437,1.5279187817258884,0.5888324873096447,0.48223350253807107,404.38578680203045,10.385786802030458,28.116751269035532,0.06598984771573604,0.04060913705583756,0.025380710659898477,0.8527918781725888,0.14720812182741116
633,781.6,-2.2901904761904763,2.4857142857142858,1.6238095238095238,0.5952380952380952,0.5047619047619047,397.62857142857143,11.223809523809523,29.447619047619046,0.05238095238095238,0.004761904761904762,0.047619047619047616,0.9142857142857143,0.08571428571428572
634,882.8308457711443,-2.0396019900497513,2.557213930348259,1.6069651741293531,0.3681592039800995,0.5174129353233831,420.50248756218906,10.328358208955224,28.432835820895523,0.27860696517412936,0.04975124378109453,0.22885572139303484,0.8756218905472637,0.12437810945273632
635,816.5650224215246,-2.1125560538116592,2.2062780269058297,1.1300448430493273,0.7713004484304933,0.40358744394618834,423.7130044843049,11.354260089686099,29.443946188340806,0.09865470852017937,0.07623318385650224,0.02242152466367713,0.9013452914798207,0.09865470852017937
636,892.0878048780488,-2.231609756097561,2.6975609756097563,1.024390243902439,0.7658536585365854,0.4975609756097561,431.6439024390244,10.112195121951219,27.10731707317073,0.14146341463414633,0.014634146341463415,0.12682926829268293,0.9560975609756097,0.04390243902439024
637,981.2145922746781,-2.075321888412017,2.7854077253218885,1.2317596566523605,0.6223175965665236,0.40772532188841204,426.80257510729615,9.618025751072961,26.296137339055793,0.09871244635193133,0.030042918454935622,0.06866952789699571,0.8927038626609443,0.1072961373390558
638,866.713004484305,-2.2850224215246637,2.7937219730941703,1.0358744394618835,0.7443946188340808,0.42152466367713004,420.1883408071749,10.654708520179373,27.73542600896861,0.04932735426008968,0.04035874439461883,0.008968609865470852,0.9103139013452914,0.08968609865470852
639,777.0045662100457,-2.0706849315068494,2.954337899543379,1.552511415525114,0.6484018264840182,0.4657534246575342,428.4474885844749,12.050228310502282,29.748858447488583,0.0684931506849315,0.0045662100456621,0.0639269406392694,0.8858447488584474,0.1141552511415525
640,789.9794238683128,-1.9732921810699589,2.1440329218106995,0.9423868312757202,0.8930041152263375,0.4074074074074074,403.3292181069959,12.074074074074074,30.238683127572017,0.06172839506172839,0.00411522633744856,0.05761316872427984,0.8765432098765432,0.12345679012345678
641,829.4380530973451,-2.119778761061947,2.230088495575221,1.3539823008849559,0.6902654867256637,0.41150442477876104,408.53982300884957,11.765486725663717,29.52654867256637,0.048672566371681415,0.017699115044247787,0.030973451327433628,0.8938053097345132,0.10619469026548672
642,727.4554455445544,-2.319009900990099,2.0544554455445545,1.6485148514851484,0.5594059405940595,0.5247524752475248,405.44059405940595,11.732673267326733,32.21287128712871,0.0594059405940594,0.019801980198019802,0.039603960396039604,0.9603960396039604,0.039603960396039604
643,813.8308457711443,-2.1020895522388057,2.343283582089552,1.4825870646766168,0.527363184079602,0.48756218905472637,409.1542288557214,10.796019900497512,29.253731343283583,0.029850746268656716,0.014925373134328358,0.014925373134328358,0.9353233830845771,0.06467661691542288
644,890.0507614213197,-2.1826395939086294,2.568527918781726,1.6548223350253808,0.3756345177664975,0.5177664974619289,405.74111675126903,10.101522842639595,27.3502538071066,0.22842639593908629,0.18274111675126903,0.04568527918781726,0.9187817258883249,0.08121827411167512
645,857.9041095890411,-2.2036073059360732,2.506849315068493,1.2511415525114156,0.7853881278538812,0.4155251141552511,409.3333333333333,10.100456621004566,27.506849315068493,0.0867579908675799,0.0228310502283105,0.0639269406392694,0.9315068493150684,0.0684931506849315
646,839.1682692307693,-2.0629807692307693,2.355769230769231,0.9615384615384616,0.6490384615384616,0.4326923076923077,412.5769230769231,10.91826923076923,29.466346153846153,0.15384615384615385,0.052884615384615384,0.10096153846153846,0.8990384615384616,0.10096153846153846
647,894.3271889400921,-2.1433179723502307,2.8940092165898617,1.3225806451612903,0.663594470046083,0.4147465437788018,407.0599078341014,10.737327188940093,27.723502304147466,0.07834101382488479,0.06451612903225806,0.013824884792626729,0.8571428571428571,0.14285714285714285
648,710.042372881356,-2.2773305084745763,2.8771186440677967,1.097457627118644,0.809322033898305,0.4449152542372881,404.47457627118644,11.711864406779661,31.48728813559322,0.03389830508474576,0.00423728813559322,0.029661016949152543,0.9491525423728814,0.05084745762711865
649,877.0043668122271,-1.9151965065502183,2.458515283842795,1.3624454148471616,0.6200873362445415,0.4017467248908297,420.9650655021834,11.323144104803493,28.43231441048035,0.1222707423580786,0.08296943231441048,0.039301310043668124,0.8777292576419214,0.1222707423580786
650,842.7391304347826,-2.132739130434783,2.2304347826086954,1.0,0.9478260869565217,0.4217391304347826,410.60869565217394,11.160869565217391,29.27391304347826,0.06086956521739131,0.0391304347826087,0.021739130434782608,0.9217391304347826,0.0782608695652174
651,752.3480176211453,-2.2976651982378855,2.594713656387665,1.577092511013216,0.8149779735682819,0.40969162995594716,414.73127753303964,10.572687224669604,30.312775330396477,0.030837004405286344,0.004405286343612335,0.02643171806167401,0.947136563876652,0.05286343612334802
652,791.1333333333333,-2.0335897435897436,2.046153846153846,1.5179487179487179,0.5333333333333333,0.48717948717948717,410.04102564102567,10.702564102564102,29.57948717948718,0.046153846153846156,0.015384615384615385,0.03076923076923077,0.9435897435897436,0.05641025641025641
653,746.8067632850242,-2.1932367149758454,2.3381642512077296,1.4444444444444444,0.5652173913043478,0.4830917874396135,395.6231884057971,11.391304347826088,30.66183574879227,0.043478260869565216,0.024154589371980676,0.01932367149758454,0.9371980676328503,0.06280193236714976
654,1145.128078817734,-1.9699014778325123,2.8177339901477834,1.7733990147783252,0.4187192118226601,0.5467980295566502,418.04926108374383,8.03448275862069,21.0,0.2413793103448276,0.07389162561576355,0.16748768472906403,0.7192118226600985,0.28078817733990147
655,794.4681818181818,-2.1119545454545454,2.2227272727272727,1.1,0.7045454545454546,0.39545454545454545,413.41818181818184,11.272727272727273,30.381818181818183,0.13636363636363635,0.031818181818181815,0.10454545454545454,0.9227272727272727,0.07727272727272727
656,822.2383419689119,-2.4695336787564766,2.5958549222797926,0.9792746113989638,0.694300518134715,0.45595854922279794,411.56476683937825,10.259067357512953,28.72538860103627,0.15544041450777202,0.14507772020725387,0.010362694300518135,0.917098445595855,0.08290155440414508
657,814.251012145749,-2.2184210526315793,2.9554655870445345,1.3927125506072875,0.6963562753036437,0.4251012145748988,416.7773279352227,10.477732793522268,28.105263157894736,0.10526315789473684,0.032388663967611336,0.0728744939271255,0.9433198380566802,0.05668016194331984
658,752.8,-2.316744186046512,2.772093023255814,1.0232558139534884,0.7674418604651163,0.4186046511627907,411.7720930232558,12.372093023255815,31.4,0.023255813953488372,0.013953488372093023,0.009302325581395349,0.9255813953488372,0.07441860465116279
659,892.8,-1.970046511627907,2.6744186046511627,1.3348837209302327,0.6604651162790698,0.4372093023255814,414.95813953488374,10.762790697674419,28.293023255813953,0.13953488372093023,0.10697674418604651,0.03255813953488372,0.8883720930232558,0.11162790697674418
660,865.7283950617284,-2.260946502057613,2.4403292181069958,1.0781893004115226,0.9876543209876543,0.448559670781893,398.201646090535,10.691358024691358,27.580246913580247,0.04938271604938271,0.012345679012345678,0.037037037037037035,0.9012345679012346,0.09876543209876543
661,997.6211453744494,-2.0292511013215857,2.198237885462555,1.3612334801762114,0.6872246696035242,0.3788546255506608,428.62555066079295,9.365638766519824,24.696035242290748,0.06607929515418502,0.048458149779735685,0.01762114537444934,0.9074889867841409,0.09251101321585903
662,755.7142857142857,-1.9683743842364532,1.8768472906403941,1.4285714285714286,0.6009852216748769,0.45320197044334976,396.92118226600985,11.783251231527094,31.31527093596059,0.029556650246305417,0.019704433497536946,0.009852216748768473,0.8719211822660099,0.12807881773399016
663,755.7777777777778,-2.296763285024155,2.4782608695652173,1.6763285024154588,0.5169082125603864,0.5169082125603864,419.43961352657004,12.202898550724637,30.32850241545894,0.04830917874396135,0.00966183574879227,0.03864734299516908,0.9323671497584541,0.06763285024154589
664,888.8358974358974,-2.133025641025641,2.4923076923076923,1.5538461538461539,0.37435897435897436,0.5435897435897435,425.6923076923077,10.738461538461538,28.148717948717948,0.19487179487179487,0.03076923076923077,0.1641025641025641,0.9384615384615385,0.06153846153846154
665,831.5181818181818,-2.109681818181818,2.190909090909091,1.1772727272727272,0.75,0.39545454545454545,413.6181818181818,11.55,29.03181818181818,0.08636363636363636,0.07727272727272727,0.00909090909090909,0.9181818181818182,0.08181818181818182
666,688.9519230769231,-2.1661057692307693,2.6586538461538463,1.0048076923076923,0.7548076923076923,0.4567307692307692,417.2019230769231,11.307692307692308,31.72596153846154,0.11538461538461539,0.028846153846153848,0.08653846153846154,0.9567307692307693,0.04326923076923077
667,714.3080357142857,-2.131919642857143,2.8705357142857144,1.25,0.6383928571428571,0.42410714285714285,411.1517857142857,11.584821428571429,31.526785714285715,0.09821428571428571,0.026785714285714284,0.07142857142857142,0.9151785714285714,0.08482142857142858
668,857.1327433628319,-2.190575221238938,2.6283185840707963,1.0265486725663717,0.7300884955752213,0.41150442477876104,419.65486725663715,10.867256637168142,28.57079646017699,0.02654867256637168,0.02654867256637168,0.0,0.8938053097345132,0.10619469026548672
669,798.2207207207207,-2.22518018018018,2.864864864864865,1.554054054054054,0.6441441441441441,0.45495495495495497,422.14414414414415,11.094594594594595,30.06756756756757,0.06756756756756757,0.009009009009009009,0.05855855855855856,0.8918918918918919,0.10810810810810811
670,786.0403225806451,-2.1729032258064516,2.3306451612903225,1.0362903225806452,1.0483870967741935,0.45161290322580644,392.133064516129,11.85483870967742,30.625,0.06048387096774194,0.03225806451612903,0.028225806451612902,0.9032258064516129,0.0967741935483871
671,881.244131455399,-2.0940845070422536,2.3943661971830985,1.4366197183098592,0.7323943661971831,0.4507042253521127,417.7699530516432,10.938967136150234,28.211267605633804,0.051643192488262914,0.023474178403755867,0.028169014084507043,0.9014084507042254,0.09859154929577464
672,735.7737556561086,-2.2144796380090495,1.9321266968325792,1.5972850678733033,0.6968325791855203,0.497737556561086,403.18099547511315,11.02262443438914,31.144796380090497,0.049773755656108594,0.027149321266968326,0.02262443438914027,0.9140271493212669,0.08597285067873303
673,855.4558823529412,-2.119950980392157,2.338235294117647,1.4411764705882353,0.6078431372549019,0.5049019607843137,413.84313725490193,10.411764705882353,28.53921568627451,0.03431372549019608,0.00980392156862745,0.024509803921568627,0.8921568627450981,0.10784313725490197
674,937.5865384615385,-2.2109134615384614,2.5,1.6105769230769231,0.35096153846153844,0.5432692307692307,406.90865384615387,11.336538461538462,27.264423076923077,0.35096153846153844,0.19230769230769232,0.15865384615384615,0.9134615384615384,0.08653846153846154
675,907.703056768559,-2.0331004366812224,2.3449781659388647,1.2183406113537119,0.7729257641921398,0.4017467248908297,411.471615720524,9.88646288209607,26.70305676855895,0.14847161572052403,0.07423580786026202,0.07423580786026202,0.9039301310043668,0.09606986899563319
676,866.7821782178218,-2.2084653465346533,2.4356435643564356,0.9405940594059405,0.6584158415841584,0.4405940594059406,411.6980198019802,10.935643564356436,27.871287128712872,0.38613861386138615,0.16831683168316833,0.21782178217821782,0.8960396039603961,0.10396039603960396
677,934.6502242152467,-2.1187892376681616,2.883408071748879,1.3273542600896862,0.6322869955156951,0.452914798206278,409.8744394618834,10.493273542600896,27.183856502242154,0.08968609865470852,0.053811659192825115,0.03587443946188341,0.905829596412556,0.09417040358744394
678,845.2,-2.0259565217391304,3.0869565217391304,1.2652173913043478,0.8260869565217391,0.44782608695652176,405.5869565217391,11.047826086956523,28.604347826086958,0.05652173913043478,0.02608695652173913,0.030434782608695653,0.9,0.1
679,958.9911894273127,-2.449559471365639,2.607929515418502,1.2687224669603525,0.6255506607929515,0.4185022026431718,420.6519823788546,10.69603524229075,26.88105726872247,0.1277533039647577,0.05286343612334802,0.07488986784140969,0.9118942731277533,0.0881057268722467
680,835.4325396825396,-2.073452380952381,2.130952380952381,0.9365079365079365,0.9285714285714286,0.39285714285714285,391.73015873015873,10.444444444444445,28.432539682539684,0.09523809523809523,0.0873015873015873,0.007936507936507936,0.8928571428571429,0.10714285714285714
681,834.0969162995594,-2.1830396475770923,2.515418502202643,1.5418502202643172,0.7797356828193832,0.4185022026431718,413.26431718061673,10.656387665198238,28.577092511013216,0.022026431718061675,0.004405286343612335,0.01762114537444934,0.9118942731277533,0.0881057268722467
682,843.8190476190476,-2.1809523809523808,1.819047619047619,1.4190476190476191,0.6,0.47619047619047616,414.48571428571427,11.142857142857142,29.385714285714286,0.09523809523809523,0.014285714285714285,0.08095238095238096,0.9047619047619048,0.09523809523809523
683,854.894495412844,-2.1857339449541286,2.270642201834862,1.3990825688073394,0.6100917431192661,0.463302752293578,415.6192660550459,11.688073394495413,28.325688073394495,0.045871559633027525,0.03669724770642202,0.009174311926605505,0.9128440366972477,0.0871559633027523
684,1023.2227722772277,-2.0316336633663368,2.737623762376238,1.801980198019802,0.40594059405940597,0.5495049504950495,422.2029702970297,10.133663366336634,24.425742574257427,0.21287128712871287,0.10396039603960396,0.10891089108910891,0.900990099009901,0.09900990099009901
685,1001.7962962962963,-1.982037037037037,2.2314814814814814,1.212962962962963,0.7870370370370371,0.4074074074074074,425.89814814814815,10.189814814814815,25.694444444444443,0.12962962962962962,0.046296296296296294,0.08333333333333333,0.9074074074074074,0.09259259259259259
686,1155.112745098039,-1.8240196078431374,2.3627450980392157,0.9264705882352942,0.6617647058823529,0.4411764705882353,422.0098039215686,9.068627450980392,21.784313725490197,0.15196078431372548,0.10784313725490197,0.04411764705882353,0.7696078431372549,0.23039215686274508
687,847.4305555555555,-2.1827314814814818,3.2268518518518516,1.4583333333333333,0.6435185185185185,0.47685185185185186,428.23148148148147,11.046296296296296,29.314814814814813,0.1712962962962963,0.05555555555555555,0.11574074074074074,0.9259259259259259,0.07407407407407407
688,695.6525821596244,-2.1107981220657277,2.727699530516432,1.0187793427230047,0.7746478873239436,0.4225352112676056,413.15962441314554,11.577464788732394,32.06572769953052,0.056338028169014086,0.03755868544600939,0.018779342723004695,0.9436619718309859,0.056338028169014086
689,939.4908256880734,-2.0276605504587155,2.6605504587155964,1.2844036697247707,0.6880733944954128,0.44495412844036697,426.08715596330273,10.761467889908257,26.440366972477065,0.12844036697247707,0.09174311926605505,0.03669724770642202,0.8669724770642202,0.13302752293577982
690,862.9699570815451,-2.1890128755364806,2.5493562231759657,1.128755364806867,1.0085836909871244,0.41201716738197425,397.9098712446352,10.927038626609441,28.085836909871244,0.10300429184549356,0.03862660944206009,0.06437768240343347,0.9055793991416309,0.0944206008583691
691,872.7333333333333,-2.3718666666666666,2.1822222222222223,1.3333333333333333,0.6977777777777778,0.3688888888888889,416.84,9.422222222222222,26.711111111111112,0.03111111111111111,0.017777777777777778,0.013333333333333334,0.96,0.04
692,930.5123152709359,-2.1576354679802954,1.8620689655172413,1.4482758620689655,0.6157635467980296,0.49261083743842365,423.8817733990148,10.89655172413793,27.073891625615765,0.06403940886699508,0.04926108374384237,0.014778325123152709,0.896551724137931,0.10344827586206896
693,807.5560747663551,-2.05088785046729,2.5046728971962615,1.5373831775700935,0.5981308411214953,0.5186915887850467,414.7056074766355,11.406542056074766,29.91588785046729,0.03271028037383177,0.009345794392523364,0.02336448598130841,0.9158878504672897,0.08411214953271028
694,983.7233009708738,-1.9367475728155341,2.4563106796116503,1.6213592233009708,0.3592233009708738,0.5,426.04368932038835,9.271844660194175,25.524271844660195,0.23786407766990292,0.0825242718446602,0.1553398058252427,0.8737864077669902,0.1262135922330097
695,842.3084577114428,-2.00089552238806,2.3383084577114426,1.208955223880597,0.7014925373134329,0.4079601990049751,416.1442786069652,12.422885572139304,29.26865671641791,0.1044776119402985,0.08955223880597014,0.014925373134328358,0.8905472636815921,0.10945273631840796
696,800.3039215686274,-2.2425980392156863,2.6519607843137254,1.0441176470588236,0.7990196078431373,0.4950980392156863,415.7843137254902,10.892156862745098,28.622549019607842,0.10784313725490197,0.014705882352941176,0.09313725490196079,0.8872549019607843,0.11274509803921569
697,883.2961373390558,-2.006609442060086,2.7167381974248928,1.201716738197425,0.630901287553648,0.41201716738197425,412.19742489270385,11.278969957081545,28.394849785407725,0.09012875536480687,0.017167381974248927,0.07296137339055794,0.9012875536480687,0.09871244635193133
698,782.568281938326,-2.0774889867841413,2.6123348017621146,1.066079295154185,0.7312775330396476,0.4008810572687225,422.3964757709251,11.982378854625551,30.995594713656388,0.07929515418502203,0.07488986784140969,0.004405286343612335,0.9427312775330396,0.05726872246696035
699,871.1776859504132,-2.272768595041322,2.743801652892562,1.334710743801653,0.6487603305785123,0.4090909090909091,417.0495867768595,9.776859504132231,27.553719008264462,0.10330578512396695,0.0371900826446281,0.06611570247933884,0.9090909090909091,0.09090909090909091
700,804.8658008658009,-2.0996969696969696,2.1904761904761907,0.9956709956709957,0.922077922077922,0.4199134199134199,397.6363636363636,11.67965367965368,29.73160173160173,0.05627705627705628,0.004329004329004329,0.05194805194805195,0.9090909090909091,0.09090909090909091
701,939.5506607929516,-1.9937885462555067,2.2246696035242293,1.3700440528634361,0.6784140969162996,0.4008810572687225,413.8193832599119,9.370044052863436,25.792951541850222,0.02643171806167401,0.00881057268722467,0.01762114537444934,0.8590308370044053,0.14096916299559473
702,778.9547738693467,-2.394422110552764,2.0552763819095476,1.678391959798995,0.4824120603015075,0.507537688442211,413.59798994974875,11.512562814070352,30.728643216080403,0.12562814070351758,0.05527638190954774,0.07035175879396985,0.9246231155778895,0.07537688442211055
703,813.6373056994819,-2.269637305699482,2.4455958549222796,1.5181347150259068,0.5492227979274611,0.49740932642487046,406.2642487046632,11.44559585492228,29.39378238341969,0.046632124352331605,0.025906735751295335,0.02072538860103627,0.917098445595855,0.08290155440414508
704,890.9617224880383,-1.9758373205741626,2.334928229665072,1.5789473684210527,0.3588516746411483,0.5023923444976076,417.7129186602871,11.129186602870814,27.880382775119617,0.18181818181818182,0.14832535885167464,0.03349282296650718,0.9234449760765551,0.07655502392344497
705,767.7793427230047,-2.298450704225352,2.3896713615023475,1.295774647887324,0.6995305164319249,0.43661971830985913,414.65727699530515,11.126760563380282,30.15962441314554,0.12206572769953052,0.06103286384976526,0.06103286384976526,0.9295774647887324,0.07042253521126761
706,730.5943396226415,-1.9862264150943396,2.358490566037736,0.9150943396226415,0.6367924528301887,0.4339622641509434,413.9858490566038,11.216981132075471,30.787735849056602,0.08018867924528301,0.03773584905660377,0.04245283018867924,0.8820754716981132,0.1179245283018868
707,1159.030701754386,-2.076973684210526,2.741228070175439,1.2412280701754386,0.6359649122807017,0.4166666666666667,429.969298245614,7.899122807017544,21.960526315789473,0.16666666666666666,0.11403508771929824,0.05263157894736842,0.8859649122807017,0.11403508771929824
708,856.028,-2.2118,2.864,1.048,0.788,0.42,427.12,10.164,28.228,0.052,0.016,0.036,0.948,0.052
709,981.2900432900433,-2.250995670995671,2.45021645021645,1.316017316017316,0.6493506493506493,0.44155844155844154,426.82683982683983,10.268398268398268,26.264069264069263,0.08658008658008658,0.030303030303030304,0.05627705627705628,0.9047619047619048,0.09523809523809523
710,790.7265306122449,-2.0631020408163265,2.1755102040816325,0.9510204081632653,0.9020408163265307,0.42448979591836733,383.9714285714286,10.783673469387756,29.648979591836735,0.08979591836734693,0.053061224489795916,0.036734693877551024,0.9102040816326531,0.08979591836734693
711,805.3678929765887,-2.1843478260869564,2.568561872909699,2.0133779264214047,0.842809364548495,0.6287625418060201,423.24414715719064,11.187290969899665,30.327759197324415,0.05016722408026756,0.010033444816053512,0.04013377926421405,0.8795986622073578,0.12040133779264214
712,753.969696969697,-2.1137373737373735,1.9444444444444444,1.5404040404040404,0.6666666666666666,0.494949494949495,399.22727272727275,11.893939393939394,31.681818181818183,0.0707070707070707,0.030303030303030304,0.04040404040404041,0.898989898989899,0.10101010101010101
713,828.8490566037735,-2.1275,2.30188679245283,1.3962264150943395,0.6132075471698113,0.45754716981132076,411.9481132075472,11.839622641509434,28.92452830188679,0.02830188679245283,0.018867924528301886,0.009433962264150943,0.8915094339622641,0.10849056603773585
714,719.4678111587983,-2.1501287553648067,2.51931330472103,1.6909871244635193,0.6437768240343348,0.6523605150214592,390.15450643776825,10.982832618025752,30.510729613733904,0.2145922746781116,0.0944206008583691,0.12017167381974249,0.9012875536480687,0.09871244635193133
715,825.0432900432901,-2.157229437229437,2.0735930735930737,1.3116883116883118,0.7445887445887446,0.5108225108225108,416.8787878787879,11.627705627705629,29.467532467532468,0.2554112554112554,0.08658008658008658,0.16883116883116883,0.8917748917748918,0.10822510822510822
716,795.3118811881188,-2.0795049504950494,2.386138613861386,0.905940594059406,0.693069306930693,0.46534653465346537,423.1287128712871,12.569306930693068,29.93069306930693,0.10396039603960396,0.07920792079207921,0.024752475247524754,0.8811881188118812,0.1188118811881188
717,924.4043478260869,-2.0518260869565217,3.1130434782608694,1.491304347826087,0.5869565217391305,0.46956521739130436,438.97391304347826,11.11304347826087,26.817391304347826,0.17391304347826086,0.06086956521739131,0.11304347826086956,0.908695652173913,0.09130434782608696
718,806.5874439461884,-2.036233183856502,2.609865470852018,1.0089686098654709,0.7443946188340808,0.4125560538116592,415.86547085201795,11.784753363228699,29.919282511210763,0.06726457399103139,0.026905829596412557,0.04035874439461883,0.9013452914798207,0.09865470852017937
719,924.5258620689655,-2.118793103448276,2.418103448275862,1.2844827586206897,0.6379310344827587,0.4051724137931034,418.19827586206895,10.10344827586207,27.538793103448278,0.09482758620689655,0.07327586206896551,0.021551724137931036,0.8879310344827587,0.11206896551724138
720,863.5301724137931,-2.1485775862068968,2.4870689655172415,1.1810344827586208,0.9568965517241379,0.44396551724137934,403.60775862068965,11.073275862068966,27.853448275862068,0.11206896551724138,0.03879310344827586,0.07327586206896551,0.9310344827586207,0.06896551724137931
721,904.9733333333334,-2.049288888888889,2.2133333333333334,1.3288888888888888,0.68,0.40444444444444444,426.9555555555556,10.226666666666667,27.395555555555557,0.02666666666666667,0.022222222222222223,0.0044444444444444444,0.8844444444444445,0.11555555555555555
722,911.4830917874397,-2.1692270531400966,1.826086956521739,1.4154589371980677,0.5314009661835749,0.46859903381642515,425.6280193236715,10.26086956521739,27.057971014492754,0.06280193236714976,0.043478260869565216,0.01932367149758454,0.9082125603864735,0.09178743961352658
723,749.7488584474886,-2.223287671232877,2.4383561643835616,1.6118721461187215,0.5707762557077626,0.502283105022831,413.76255707762556,11.780821917808218,30.164383561643834,0.0684931506849315,0.0319634703196347,0.0365296803652968,0.9178082191780822,0.0821917808219178
724,789.8695652173913,-2.0146376811594204,2.5072463768115942,1.681159420289855,0.48792270531400966,0.7101449275362319,413.2512077294686,11.88888888888889,30.502415458937197,0.32367149758454106,0.10144927536231885,0.2222222222222222,0.9033816425120773,0.0966183574879227
725,1151.0226244343892,-2.1041176470588234,2.1900452488687785,1.1538461538461537,0.7828054298642534,0.4479638009049774,426.85067873303166,9.09049773755656,21.619909502262445,0.39819004524886875,0.23529411764705882,0.16289592760180996,0.8959276018099548,0.10407239819004525
726,894.4949494949495,-2.2855050505050505,2.6717171717171717,1.0,0.7474747474747475,0.4898989898989899,423.3131313131313,10.621212121212121,27.68686868686869,0.08080808080808081,0.030303030303030304,0.050505050505050504,0.9343434343434344,0.06565656565656566
727,779.7142857142857,-2.2052073732718895,2.7419354838709675,1.2764976958525345,0.6682027649769585,0.4470046082949309,412.3594470046083,11.055299539170507,29.95852534562212,0.17050691244239632,0.04608294930875576,0.12442396313364056,0.9447004608294931,0.055299539170506916
728,969.9642857142857,-2.2120089285714286,2.7276785714285716,1.0625,0.7857142857142857,0.45089285714285715,436.20982142857144,10.9375,26.080357142857142,0.125,0.10267857142857142,0.022321428571428572,0.8883928571428571,0.11160714285714286
729,1017.6062992125984,-2.1263779527559055,2.625984251968504,1.688976377952756,0.6456692913385826,0.5511811023622047,431.84251968503935,8.964566929133857,24.448818897637796,0.08661417322834646,0.015748031496062992,0.07086614173228346,0.8464566929133859,0.15354330708661418
730,742.1611570247934,-2.0411157024793387,2.0991735537190084,0.9504132231404959,0.9628099173553719,0.43388429752066116,400.44628099173553,11.214876033057852,31.169421487603305,0.1115702479338843,0.01652892561983471,0.09504132231404959,0.9132231404958677,0.08677685950413223
731,948.4956521739131,-2.0156521739130437,2.108695652173913,1.3782608695652174,0.717391304347826,0.391304347826087,436.7391304347826,10.326086956521738,26.44782608695652,0.12173913043478261,0.06086956521739131,0.06086956521739131,0.8869565217391304,0.11304347826086956
732,723.3024390243902,-2.1753658536585365,2.0,1.7024390243902439,0.5219512195121951,0.5121951219512195,416.90731707317076,11.995121951219513,31.253658536585366,0.06829268292682927,0.03414634146341464,0.03414634146341464,0.9024390243902439,0.0975609756097561
733,774.5288461538462,-2.1033173076923077,2.2740384615384617,1.4230769230769231,0.5528846153846154,0.4855769230769231,412.16346153846155,12.60576923076923,30.951923076923077,0.07692307692307693,0.04326923076923077,0.03365384615384615,0.8798076923076923,0.1201923076923077
734,855.0622009569378,-1.9661722488038278,2.45933014354067,1.6363636363636365,0.4019138755980861,0.5119617224880383,430.0956937799043,11.220095693779903,28.8133971291866,0.8803827751196173,0.40669856459330145,0.47368421052631576,0.8564593301435407,0.14354066985645933
735,706.962441314554,-2.2629107981220655,2.516431924882629,1.408450704225352,0.6713615023474179,0.4694835680751174,408.96713615023475,12.39906103286385,32.55399061032864,0.6619718309859155,0.25821596244131456,0.40375586854460094,0.9248826291079812,0.07511737089201878
736,1005.2295918367347,-1.9977551020408164,2.4642857142857144,0.9642857142857143,0.6938775510204082,0.47959183673469385,438.734693877551,10.714285714285714,25.979591836734695,0.11224489795918367,0.030612244897959183,0.08163265306122448,0.8673469387755102,0.1326530612244898
737,796.3333333333334,-2.1714414414414414,2.810810810810811,1.2747747747747749,0.6936936936936937,0.42342342342342343,413.13513513513516,13.67117117117117,31.184684684684683,0.21621621621621623,0.09009009009009009,0.12612612612612611,0.8828828828828829,0.11711711711711711
738,864.6331877729258,-2.139475982532751,2.96943231441048,1.0829694323144106,0.8646288209606987,0.462882096069869,442.825327510917,10.563318777292576,27.375545851528383,0.08296943231441048,0.03056768558951965,0.05240174672489083,0.9126637554585153,0.08733624454148471
739,828.8777292576419,-1.9315720524017466,2.449781659388646,1.275109170305677,0.6419213973799127,0.5109170305676856,420.12663755458516,12.013100436681222,29.061135371179038,0.11353711790393013,0.034934497816593885,0.07860262008733625,0.8864628820960698,0.11353711790393013
740,942.3776824034335,-2.231587982832618,2.2660944206008584,1.0,0.9570815450643777,0.44635193133047213,409.2703862660944,10.283261802575108,26.583690987124463,0.4678111587982833,0.2575107296137339,0.21030042918454936,0.9098712446351931,0.09012875536480687
741,838.0521739130435,-2.1503913043478264,2.473913043478261,1.5130434782608695,0.7782608695652173,0.39565217391304347,428.1521739130435,10.952173913043477,28.995652173913044,0.26956521739130435,0.13043478260869565,0.1391304347826087,0.9043478260869565,0.09565217391304348
742,778.2254901960785,-2.164313725490196,1.8676470588235294,1.4215686274509804,0.5196078431372549,0.4803921568627451,421.3970588235294,11.132352941176471,31.0,0.22549019607843138,0.11764705882352941,0.10784313725490197,0.9068627450980392,0.09313725490196079
743,872.4423076923077,-2.184951923076923,2.235576923076923,1.4855769230769231,0.5961538461538461,0.4951923076923077,423.91346153846155,10.927884615384615,28.572115384615383,0.0625,0.052884615384615384,0.009615384615384616,0.8798076923076923,0.1201923076923077
744,802.0,-2.406637554585153,2.606986899563319,1.6506550218340612,0.5982532751091703,0.6026200873362445,423.2314410480349,12.017467248908297,30.048034934497817,0.37117903930131,0.18340611353711792,0.18777292576419213,0.9301310043668122,0.06986899563318777
745,755.3471074380166,-1.930495867768595,2.0702479338842976,1.5909090909090908,0.8016528925619835,0.5454545454545454,411.91735537190084,12.46694214876033,31.636363636363637,0.8099173553719008,0.384297520661157,0.4256198347107438,0.8925619834710744,0.10743801652892562
746,875.748717948718,-2.1416410256410257,2.4358974358974357,0.9179487179487179,0.6871794871794872,0.4512820512820513,408.1794871794872,11.03076923076923,27.97948717948718,0.08717948717948718,0.046153846153846156,0.041025641025641026,0.958974358974359,0.041025641025641026
747,867.0572687224669,-2.252819383259912,2.9559471365638768,1.330396475770925,0.6607929515418502,0.4889867841409692,424.0132158590308,10.577092511013216,28.374449339207047,0.5198237885462555,0.2687224669603524,0.2511013215859031,0.9162995594713657,0.08370044052863436
748,1002.4439024390244,-2.0613170731707315,2.7756097560975608,0.9219512195121952,0.8146341463414634,0.45365853658536587,451.1512195121951,9.951219512195122,25.785365853658536,0.21951219512195122,0.1073170731707317,0.11219512195121951,0.848780487804878,0.15121951219512195
749,930.0330188679245,-2.1416509433962267,2.6132075471698113,1.3254716981132075,0.6839622641509434,0.45754716981132076,444.2122641509434,10.981132075471699,26.75,0.19811320754716982,0.1650943396226415,0.0330188679245283,0.8773584905660378,0.12264150943396226
750,958.7724137931034,-2.120758620689655,2.0620689655172413,1.706896551724138,1.110344827586207,0.6827586206896552,433.951724137931,11.355172413793104,26.148275862068967,0.3413793103448276,0.17586206896551723,0.16551724137931034,0.8620689655172413,0.13793103448275862
751,767.42194092827,-2.303924050632911,2.0759493670886076,1.4936708860759493,0.6877637130801688,0.4092827004219409,420.59071729957805,11.725738396624472,31.253164556962027,0.34177215189873417,0.20253164556962025,0.13924050632911392,0.9282700421940928,0.07172995780590717
752,831.5876777251185,-2.021184834123223,1.8625592417061612,1.4834123222748816,0.6824644549763034,0.4881516587677725,416.09004739336496,12.568720379146919,30.492890995260662,0.41706161137440756,0.25118483412322273,0.16587677725118483,0.9146919431279621,0.08530805687203792
753,865.3053097345132,-2.176504424778761,2.5132743362831858,1.668141592920354,0.668141592920354,0.4911504424778761,419.15486725663715,11.632743362831858,28.0929203539823,0.18584070796460178,0.08849557522123894,0.09734513274336283,0.911504424778761,0.08849557522123894
754,829.2347826086957,-2.086130434782609,2.465217391304348,1.7043478260869565,0.6782608695652174,0.7347826086956522,430.2086956521739,12.91304347826087,30.630434782608695,0.7608695652173914,0.3130434782608696,0.44782608695652176,0.9043478260869565,0.09565217391304348
755,1070.6486486486488,-2.139954954954955,2.135135135135135,1.2477477477477477,0.8243243243243243,0.4189189189189189,468.8783783783784,10.725225225225225,24.833333333333332,1.2342342342342343,0.7207207207207207,0.5135135135135135,0.8423423423423423,0.15765765765765766
756,1094.1359223300972,-1.9901456310679613,2.737864077669903,0.970873786407767,0.7621359223300971,0.5,460.3398058252427,9.810679611650485,23.33009708737864,0.18446601941747573,0.0970873786407767,0.08737864077669903,0.8786407766990292,0.12135922330097088
757,860.5,-2.2076639344262294,2.5491803278688523,1.6311475409836065,0.7008196721311475,0.5450819672131147,432.78688524590166,12.680327868852459,29.62704918032787,0.7090163934426229,0.2786885245901639,0.430327868852459,0.9549180327868853,0.045081967213114756
758,884.5021645021645,-2.1754112554112552,2.74025974025974,1.025974025974026,0.7705627705627706,0.42424242424242425,431.7445887445887,11.597402597402597,28.047619047619047,0.16883116883116883,0.11688311688311688,0.05194805194805195,0.8787878787878788,0.12121212121212122
759,916.2531120331951,-2.178381742738589,2.892116182572614,1.6099585062240664,0.6473029045643154,0.6265560165975104,442.47302904564316,10.182572614107883,26.966804979253112,0.08713692946058091,0.024896265560165973,0.06224066390041494,0.9336099585062241,0.06639004149377593
760,874.4980392156863,-2.163294117647059,2.0784313725490198,1.2549019607843137,0.9254901960784314,0.5333333333333333,418.3137254901961,11.298039215686275,28.70980392156863,0.4470588235294118,0.21176470588235294,0.23529411764705882,0.9294117647058824,0.07058823529411765
761,882.549356223176,-2.028497854077253,2.124463519313305,1.3733905579399142,0.6609442060085837,0.36909871244635195,428.8755364806867,10.995708154506438,27.65665236051502,0.12446351931330472,0.0815450643776824,0.04291845493562232,0.9012875536480687,0.09871244635193133
762,740.512077294686,-2.088743961352657,1.9565217391304348,1.6859903381642511,0.6859903381642513,0.5458937198067633,401.85990338164254,11.768115942028986,30.536231884057973,0.2028985507246377,0.1111111111111111,0.09178743961352658,0.8985507246376812,0.10144927536231885
763,924.6309523809524,-2.2142857142857144,1.992063492063492,2.107142857142857,0.6706349206349206,0.7936507936507936,440.3452380952381,11.198412698412698,27.694444444444443,0.2857142857142857,0.10714285714285714,0.17857142857142858,0.8809523809523809,0.11904761904761904
764,1037.9078341013824,-2.084930875576037,2.3087557603686637,1.543778801843318,0.43317972350230416,0.4930875576036866,451.815668202765,11.751152073732719,27.359447004608295,2.0691244239631335,1.1013824884792627,0.967741935483871,0.8341013824884793,0.16589861751152074
765,879.808764940239,-2.2407171314741032,2.2868525896414345,1.6414342629482073,0.8844621513944223,0.6294820717131474,461.0278884462151,11.02788844621514,27.98804780876494,0.5697211155378487,0.2948207171314741,0.2749003984063745,0.8924302788844621,0.10756972111553785
766,879.9473684210526,-2.0808133971291864,2.287081339712919,1.1578947368421053,0.6746411483253588,0.5311004784688995,436.54545454545456,11.770334928229666,29.124401913875598,0.6267942583732058,0.215311004784689,0.41148325358851673,0.9138755980861244,0.0861244019138756
767,901.2345679012345,-2.035061728395062,2.646090534979424,1.2798353909465021,0.6872427983539094,0.40329218106995884,433.65432098765433,11.843621399176955,28.79835390946502,0.37037037037037035,0.205761316872428,0.1646090534979424,0.9218106995884774,0.07818930041152264
768,847.0947368421052,-2.3499298245614035,2.6210526315789475,1.4596491228070176,1.0701754385964912,0.6210526315789474,432.3438596491228,11.312280701754386,28.354385964912282,0.1543859649122807,0.0912280701754386,0.06315789473684211,0.9403508771929825,0.05964912280701754
769,1032.2291666666667,-1.9544166666666667,2.654166666666667,1.4,0.7083333333333334,0.6,459.75,11.008333333333333,24.7125,0.45,0.22083333333333333,0.22916666666666666,0.8291666666666667,0.17083333333333334
770,1021.0648854961833,-2.230038167938931,2.1106870229007635,1.0267175572519085,0.9770992366412213,0.46946564885496184,432.0381679389313,10.278625954198473,25.977099236641223,1.0954198473282444,0.5534351145038168,0.5419847328244275,0.9083969465648855,0.0916030534351145
771,864.6332046332046,-2.0815444015444013,2.498069498069498,1.8918918918918919,0.694980694980695,0.5328185328185329,434.6949806949807,11.347490347490348,28.53281853281853,0.05019305019305019,0.023166023166023165,0.02702702702702703,0.915057915057915,0.08494208494208494
772,948.7924528301887,-2.354119496855346,1.5157232704402517,1.4842767295597483,1.3176100628930818,0.7515723270440252,444.76100628930817,11.864779874213836,27.842767295597483,1.0345911949685536,0.5314465408805031,0.5031446540880503,0.89937106918239,0.10062893081761007
773,916.0269058295964,-2.0804035874439464,2.3408071748878925,1.5246636771300448,0.6233183856502242,0.4798206278026906,447.92825112107624,11.38116591928251,27.179372197309416,0.9775784753363229,0.6188340807174888,0.35874439461883406,0.8923766816143498,0.10762331838565023
774,833.1944444444445,-2.1719097222222223,2.4479166666666665,1.7673611111111112,0.9340277777777778,0.6909722222222222,430.9201388888889,12.9375,30.34027777777778,0.9444444444444444,0.53125,0.4131944444444444,0.8888888888888888,0.1111111111111111
775,1034.1167192429023,-2.0014511041009464,2.028391167192429,1.83596214511041,1.0946372239747635,0.6435331230283912,479.9179810725552,11.454258675078865,25.883280757097793,0.4637223974763407,0.2302839116719243,0.2334384858044164,0.8012618296529969,0.19873817034700317
776,995.1071428571429,-1.903214285714286,2.6530612244897958,1.0510204081632653,0.8163265306122449,0.49489795918367346,489.765306122449,12.056122448979592,25.596938775510203,0.16326530612244897,0.10714285714285714,0.05612244897959184,0.7602040816326531,0.23979591836734693
777,1194.3538961038962,-2.0700000000000003,2.7694805194805197,2.1266233766233764,0.7857142857142857,0.6298701298701299,486.5746753246753,9.909090909090908,21.5487012987013,1.3766233766233766,0.7694805194805194,0.6071428571428571,0.7824675324675324,0.21753246753246752
778,942.1847826086956,-2.151875,2.1059782608695654,1.641304347826087,1.2581521739130435,0.7092391304347826,491.2608695652174,11.83695652173913,26.508152173913043,0.5652173913043478,0.34782608695652173,0.21739130434782608,0.8777173913043478,0.12228260869565218
779,988.1062992125984,-2.0741338582677167,2.8661417322834644,1.5196850393700787,0.8070866141732284,0.46062992125984253,500.95669291338584,11.622047244094489,25.74015748031496,0.2637795275590551,0.16929133858267717,0.09448818897637795,0.8661417322834646,0.13385826771653545
780,1077.3314121037463,-2.098242074927954,2.319884726224784,2.1095100864553316,1.0403458213256485,0.6945244956772334,491.2305475504323,11.06628242074928,24.227665706051873,1.3227665706051874,0.6772334293948127,0.6455331412103746,0.8270893371757925,0.1729106628242075
781,975.3673469387755,-2.206326530612245,2.717201166180758,2.0408163265306123,0.9504373177842566,0.6501457725947521,509.87172011661806,11.758017492711371,25.746355685131196,0.6967930029154519,0.39067055393586003,0.30612244897959184,0.8775510204081632,0.12244897959183673
782,1073.804347826087,-2.1379565217391305,2.4869565217391303,1.608695652173913,0.8695652173913043,0.5521739130434783,493.1913043478261,10.860869565217392,24.026086956521738,1.108695652173913,0.41304347826086957,0.6956521739130435,0.8478260869565217,0.15217391304347827
783,1000.0503355704698,-2.1151677852348993,2.708053691275168,2.5,0.5067114093959731,0.7315436241610739,512.6879194630873,11.88255033557047,25.221476510067113,1.516778523489933,0.87248322147651,0.6442953020134228,0.8322147651006712,0.16778523489932887
784,1061.8492063492063,-2.1684920634920637,2.4682539682539684,2.1375661375661377,0.9603174603174603,0.7433862433862434,494.26190476190476,11.034391534391535,24.058201058201057,0.7566137566137566,0.31216931216931215,0.4444444444444444,0.8571428571428571,0.14285714285714285
785,1134.140350877193,-2.067719298245614,2.768421052631579,1.9543859649122808,0.7719298245614035,0.42105263157894735,518.6315789473684,10.764912280701754,22.62456140350877,0.8245614035087719,0.4280701754385965,0.39649122807017545,0.8456140350877193,0.1543859649122807
786,1118.0438247011953,-1.9329482071713149,3.1553784860557768,1.8804780876494025,0.7131474103585658,0.7290836653386454,530.4342629482072,10.346613545816734,22.211155378486055,0.22709163346613545,0.13545816733067728,0.09163346613545817,0.7928286852589641,0.20717131474103587
787,1108.0744466800804,-2.0285714285714285,2.543259557344064,1.9637826961770624,1.152917505030181,0.5633802816901409,530.2374245472837,10.496981891348089,22.93762575452716,0.8088531187122736,0.3903420523138833,0.41851106639839036,0.8350100603621731,0.16498993963782696
788,1125.1254237288135,-2.1049830508474576,3.1220338983050846,1.2779661016949153,1.0305084745762711,0.5186440677966102,532.1152542372881,9.711864406779661,22.63728813559322,0.3593220338983051,0.1864406779661017,0.17288135593220338,0.8271186440677966,0.17288135593220338
789,1107.131868131868,-2.209120879120879,3.4432234432234434,2.1025641025641026,0.4835164835164835,0.6996336996336996,511.5091575091575,10.985347985347985,22.732600732600734,0.5457875457875457,0.3443223443223443,0.20146520146520147,0.8131868131868132,0.18681318681318682
790,961.4937106918239,-2.2050943396226415,2.389937106918239,1.9150943396226414,1.0220125786163523,0.559748427672956,477.7798742138365,12.018867924528301,26.349056603773583,0.7578616352201258,0.36477987421383645,0.39308176100628933,0.889937106918239,0.11006289308176101
791,1109.0690909090908,-2.0051272727272726,2.650909090909091,1.8472727272727272,0.8981818181818182,0.39636363636363636,528.0472727272727,10.152727272727272,22.490909090909092,0.2290909090909091,0.12363636363636364,0.10545454545454545,0.8181818181818182,0.18181818181818182
792,1001.1498127340824,-2.1154681647940077,2.6704119850187267,2.048689138576779,0.6853932584269663,0.6254681647940075,510.12359550561797,10.681647940074907,25.220973782771537,0.49063670411985016,0.27340823970037453,0.21722846441947566,0.8838951310861424,0.11610486891385768
793,1002.5336658354115,-2.137581047381546,2.463840399002494,2.396508728179551,0.9650872817955112,0.7057356608478803,500.59102244389027,11.17206982543641,24.872817955112218,2.0349127182044886,0.9850374064837906,1.0498753117206983,0.8503740648379052,0.14962593516209477
794,1148.7126865671642,-1.9635074626865672,2.764925373134328,1.9104477611940298,0.6119402985074627,0.47761194029850745,519.473880597015,10.488805970149254,21.723880597014926,2.779850746268657,1.2238805970149254,1.5559701492537314,0.7985074626865671,0.20149253731343283
795,1120.289156626506,-2.0480722891566265,2.9578313253012047,2.183734939759036,0.7228915662650602,0.6144578313253012,536.1957831325301,10.786144578313253,21.96385542168675,0.4939759036144578,0.23493975903614459,0.25903614457831325,0.8313253012048193,0.1686746987951807
796,1057.110831234257,-2.0684382871536524,2.251889168765743,2.005037783375315,1.057934508816121,0.7128463476070529,530.6120906801008,10.806045340050378,23.16876574307305,0.3526448362720403,0.15113350125944586,0.20151133501259447,0.8287153652392947,0.1712846347607053
797,1199.6591639871383,-2.0987138263665597,3.157556270096463,1.6430868167202572,0.8745980707395499,0.4180064308681672,544.2025723472669,9.446945337620578,21.128617363344052,1.3440514469453375,0.6366559485530546,0.707395498392283,0.8327974276527331,0.16720257234726688
798,1180.2397660818713,-2.0842105263157893,3.3157894736842106,1.7923976608187135,1.108187134502924,0.6432748538011696,545.6228070175439,10.055555555555555,20.953216374269005,0.7222222222222222,0.36257309941520466,0.35964912280701755,0.7748538011695907,0.22514619883040934
799,1202.9565217391305,-2.0747597254004577,2.990846681922197,2.013729977116705,0.9954233409610984,0.6475972540045767,573.8237986270022,9.881006864988558,20.931350114416475,0.7482837528604119,0.3340961098398169,0.41418764302059496,0.7734553775743707,0.22654462242562928
800,1206.093023255814,-1.8712292358803988,2.681063122923588,1.5382059800664452,1.0930232558139534,0.4186046511627907,579.5880398671096,9.906976744186046,20.960132890365447,0.9966777408637874,0.5249169435215947,0.4717607973421927,0.760797342192691,0.23920265780730898
801,1051.3239436619717,-2.0131830985915493,3.0309859154929577,2.2140845070422537,0.8,0.6535211267605634,521.1070422535212,11.205633802816902,24.15774647887324,0.7661971830985915,0.29577464788732394,0.4704225352112676,0.8338028169014085,0.16619718309859155
802,1049.8150134048258,-2.0710991957104556,2.450402144772118,1.7506702412868633,1.0991957104557641,0.6648793565683646,514.9517426273459,11.297587131367292,24.533512064343164,0.6112600536193029,0.24932975871313673,0.36193029490616624,0.8364611260053619,0.16353887399463807
803,1147.820945945946,-1.9085472972972974,2.989864864864865,2.108108108108108,0.6283783783783784,0.5304054054054054,545.5641891891892,9.77364864864865,21.95945945945946,2.4425675675675675,1.222972972972973,1.2195945945945945,0.7804054054054054,0.2195945945945946
804,1096.3737024221452,-2.2294463667820072,3.394463667820069,2.0622837370242215,0.615916955017301,0.7577854671280276,501.66782006920414,10.567474048442907,23.273356401384085,1.560553633217993,0.8512110726643599,0.7093425605536332,0.8269896193771626,0.17301038062283736
805,1135.3720930232557,-2.024813953488372,2.5186046511627906,2.186046511627907,1.1348837209302325,0.6581395348837209,561.9511627906977,10.811627906976744,22.193023255813955,0.7395348837209302,0.3813953488372093,0.3581395348837209,0.813953488372093,0.18604651162790697
806,1202.3133047210301,-1.8620171673819743,3.390557939914163,1.3047210300429184,0.6952789699570815,0.49356223175965663,573.8068669527897,9.708154506437769,20.613733905579398,0.3605150214592275,0.17167381974248927,0.1888412017167382,0.7124463519313304,0.2875536480686695
807,1191.279569892473,-1.961801075268817,3.3118279569892475,2.150537634408602,0.7419354838709677,0.5940860215053764,540.3629032258065,10.379032258064516,21.083333333333332,0.6693548387096774,0.34946236559139787,0.31989247311827956,0.7983870967741935,0.20161290322580644
808,1182.6488222698072,-2.151948608137045,2.8201284796573876,1.880085653104925,1.385438972162741,0.7580299785867237,575.254817987152,10.154175588865096,21.14561027837259,0.867237687366167,0.4004282655246253,0.4668094218415418,0.8201284796573876,0.17987152034261242
809,1214.2474576271186,-2.042135593220339,3.606779661016949,1.7525423728813558,0.7830508474576271,0.5322033898305085,611.5016949152542,10.064406779661017,20.233898305084747,0.2847457627118644,0.13559322033898305,0.14915254237288136,0.7830508474576271,0.21694915254237288
810,999.5478260869565,-2.1786666666666665,3.0434782608695654,2.1507246376811593,0.8434782608695652,0.6840579710144927,530.7623188405797,11.895652173913044,25.420289855072465,0.7217391304347827,0.3565217391304348,0.3652173913043478,0.8579710144927536,0.14202898550724638
811,1139.0121703853956,-1.9235091277890466,2.821501014198783,2.030425963488844,1.2373225152129816,0.6511156186612576,564.7728194726167,10.27789046653144,22.235294117647058,0.359026369168357,0.19675456389452334,0.16227180527383367,0.8133874239350912,0.18661257606490872
812,1169.9297658862877,-2.0101337792642138,2.8929765886287626,1.6020066889632107,0.9565217391304348,0.4916387959866221,551.3645484949833,9.909698996655518,21.4247491638796,0.782608695652174,0.4180602006688963,0.36454849498327757,0.8093645484949833,0.19063545150501673
813,1093.7260726072607,-2.087986798679868,3.5247524752475248,2.392739273927393,0.48184818481848185,0.7722772277227723,545.6402640264026,10.683168316831683,23.346534653465348,1.2937293729372936,0.6666666666666666,0.6270627062706271,0.8316831683168316,0.16831683168316833
814,1198.7848101265822,-2.0519240506329113,2.9443037974683546,1.8759493670886076,0.9772151898734177,0.7569620253164557,544.3594936708861,9.7873417721519,20.769620253164558,1.09873417721519,0.5215189873417722,0.5772151898734177,0.8177215189873418,0.18227848101265823
815,1201.774647887324,-2.0453521126760563,3.2922535211267605,1.9014084507042253,0.8415492957746479,0.5704225352112676,568.8556338028169,10.070422535211268,20.721830985915492,0.704225352112676,0.3908450704225352,0.31338028169014087,0.7711267605633803,0.22887323943661972
816,1000.2607003891051,-2.006303501945525,3.350194552529183,1.6848249027237354,0.7392996108949417,0.7315175097276264,512.2217898832685,11.027237354085603,24.392996108949415,0.4163424124513619,0.12840466926070038,0.28793774319066145,0.8404669260700389,0.15953307392996108
817,1165.7760869565218,-2.069304347826087,2.7195652173913043,2.258695652173913,1.065217391304348,0.5695652173913044,571.4326086956522,10.247826086956522,22.043478260869566,0.8521739130434782,0.3869565217391304,0.4652173913043478,0.8217391304347826,0.1782608695652174
818,1166.84375,-2.0927083333333334,3.9583333333333335,1.4027777777777777,0.9166666666666666,0.4513888888888889,555.0034722222222,9.715277777777779,21.145833333333332,0.7777777777777778,0.3263888888888889,0.4513888888888889,0.8333333333333334,0.16666666666666666
819,1157.328,-2.1229066666666667,3.352,2.104,0.7733333333333333,0.6426666666666667,577.832,10.013333333333334,21.493333333333332,0.7386666666666667,0.3546666666666667,0.384,0.8346666666666667,0.16533333333333333
820,1196.1730038022813,-1.9570342205323195,2.173003802281369,1.9448669201520912,1.3840304182509506,0.5893536121673004,551.1026615969582,9.891634980988593,21.346007604562736,0.9220532319391636,0.44106463878326996,0.48098859315589354,0.8403041825095057,0.1596958174904943
821,1195.79375,-2.010125,2.659375,1.796875,1.025,0.39375,530.140625,9.303125,20.5875,0.696875,0.353125,0.34375,0.8125,0.1875
822,1066.3514285714286,-2.0976,2.86,1.8714285714285714,0.9714285714285714,0.6685714285714286,520.4428571428572,11.38,24.2,0.56,0.2885714285714286,0.2714285714285714,0.8428571428571429,0.15714285714285714
823,1152.0562015503876,-2.1507751937984496,2.4612403100775193,2.2209302325581395,1.2131782945736433,0.6201550387596899,561.0658914728682,10.087209302325581,21.974806201550386,1.501937984496124,0.7965116279069767,0.7054263565891473,0.8604651162790697,0.13953488372093023
824,1249.0749063670412,-1.9460674157303373,2.8239700374531833,1.8277153558052435,0.7265917602996255,0.5243445692883895,540.5168539325842,9.149812734082397,20.247191011235955,1.4981273408239701,0.6217228464419475,0.8764044943820225,0.7565543071161048,0.24344569288389514
825,1229.9209809264305,-1.9814441416893736,2.9182561307901906,2.3133514986376023,0.8201634877384196,0.6294277929155313,589.0517711171663,10.02724795640327,20.38692098092643,1.0708446866485013,0.4550408719346049,0.6158038147138964,0.773841961852861,0.22615803814713897
826,1160.4618834080718,-2.0242825112107625,2.0605381165919283,2.002242152466368,1.352017937219731,0.5986547085201793,552.3834080717489,10.053811659192824,21.937219730941703,0.4147982062780269,0.21076233183856502,0.2040358744394619,0.820627802690583,0.17937219730941703
827,1278.2094972067039,-1.7945810055865923,3.0279329608938546,1.8435754189944134,0.8770949720670391,0.4301675977653631,580.0502793296089,8.46927374301676,19.181564245810055,0.4972067039106145,0.26536312849162014,0.23184357541899442,0.7094972067039106,0.2905027932960894
828,1305.4834905660377,-2.0175707547169814,3.292452830188679,1.974056603773585,1.0754716981132075,0.6014150943396226,613.308962264151,8.790094339622641,18.70754716981132,1.0424528301886793,0.4716981132075472,0.5707547169811321,0.75,0.25
829,1154.7205588822355,-2.056786427145709,2.6726546906187623,2.021956087824351,1.281437125748503,0.6087824351297405,570.9880239520958,9.744510978043913,21.37924151696607,0.812375249500998,0.43313373253493015,0.37924151696606784,0.8083832335329342,0.19161676646706588
830,1263.404984423676,-1.893115264797508,2.6105919003115265,1.5856697819314642,1.1526479750778815,0.40809968847352024,583.1370716510903,9.978193146417446,19.866043613707166,1.8504672897196262,1.0031152647975077,0.8473520249221184,0.7632398753894081,0.2367601246105919
831,1126.3402777777778,-2.205138888888889,2.759259259259259,2.2222222222222223,1.0740740740740742,0.5509259259259259,568.5347222222222,10.664351851851851,22.872685185185187,0.44675925925925924,0.1550925925925926,0.2916666666666667,0.8495370370370371,0.15046296296296297
832,1155.8292220113851,-2.0728652751423153,2.081593927893738,2.111954459203036,1.3776091081593929,0.5882352941176471,592.9677419354839,10.518026565464895,21.975332068311197,0.4459203036053131,0.24667931688804554,0.19924098671726756,0.8292220113851992,0.17077798861480076
833,1170.3079847908746,-1.8166539923954375,2.9657794676806084,2.1482889733840302,0.6844106463878327,0.46387832699619774,593.7414448669201,9.836501901140684,21.361216730038024,0.8935361216730038,0.5057034220532319,0.38783269961977185,0.7680608365019012,0.23193916349809887
834,1169.9030470914126,-2.1678670360110806,2.8698060941828256,2.1745152354570636,0.961218836565097,0.6648199445983379,532.8642659279778,10.770083102493075,22.130193905817176,1.0526315789473684,0.518005540166205,0.5346260387811634,0.8060941828254847,0.19390581717451524
835,1138.985655737705,-1.9821106557377048,2.1762295081967213,1.9549180327868851,1.2397540983606556,0.5594262295081968,577.8688524590164,10.629098360655737,22.34426229508197,0.8319672131147541,0.4713114754098361,0.36065573770491804,0.819672131147541,0.18032786885245902
836,1240.4755555555555,-2.023911111111111,3.168888888888889,1.4088888888888889,0.7733333333333333,0.49777777777777776,609.8266666666667,9.48,19.733333333333334,0.8177777777777778,0.41333333333333333,0.40444444444444444,0.7511111111111111,0.24888888888888888
837,1153.9313186813188,-2.085659340659341,3.151098901098901,2.3873626373626373,0.8571428571428571,0.6373626373626373,589.7307692307693,10.228021978021978,21.615384615384617,0.44505494505494503,0.2445054945054945,0.20054945054945056,0.8076923076923077,0.19230769230769232
838,1172.3021978021977,-1.9929487179487182,2.587912087912088,1.9157509157509158,1.3937728937728937,0.6135531135531136,590.6813186813187,9.989010989010989,21.86080586080586,1.5842490842490842,0.8168498168498168,0.7673992673992674,0.793040293040293,0.20695970695970695
839,1282.108843537415,-1.9714285714285715,3.1156462585034013,1.8129251700680271,0.9489795918367347,0.47619047619047616,622.0102040816327,9.52721088435374,19.36394557823129,0.8945578231292517,0.391156462585034,0.5034013605442177,0.7585034013605442,0.24149659863945577
840,1141.6011235955057,-2.0678370786516855,2.7724719101123596,2.2387640449438204,0.952247191011236,0.6601123595505618,546.0112359550562,10.412921348314606,22.126404494382022,1.4606741573033708,0.6882022471910112,0.7724719101123596,0.8370786516853933,0.16292134831460675
841,1175.314183123878,-2.0074685816876126,2.3967684021543985,2.028725314183124,1.3913824057450628,0.599640933572711,596.3608617594255,10.001795332136446,21.1705565529623,0.5368043087971275,0.236983842010772,0.2998204667863555,0.8043087971274686,0.19569120287253142
842,1082.122033898305,-2.1316949152542373,2.623728813559322,1.6508474576271186,1.0610169491525423,0.3898305084745763,533.728813559322,10.861016949152543,23.17627118644068,0.13898305084745763,0.06779661016949153,0.0711864406779661,0.8169491525423729,0.18305084745762712
843,1110.0405405405406,-2.1612837837837837,2.795045045045045,2.391891891891892,0.9211711711711712,0.6509009009009009,577.4031531531532,10.693693693693694,22.867117117117118,1.2184684684684686,0.6171171171171171,0.6013513513513513,0.8468468468468469,0.15315315315315314
844,1092.3964646464647,-1.9795959595959596,2.537878787878788,1.8585858585858586,1.1843434343434343,0.6515151515151515,560.3459595959596,10.972222222222221,23.454545454545453,0.8611111111111112,0.4494949494949495,0.4116161616161616,0.8232323232323232,0.17676767676767677
845,1334.2646048109966,-1.9306872852233679,2.790378006872852,2.1030927835051547,0.8144329896907216,0.4020618556701031,634.7697594501718,8.38831615120275,18.19931271477663,1.041237113402062,0.4639175257731959,0.5773195876288659,0.738831615120275,0.2611683848797251
846,1143.9973614775727,-1.8716094986807388,2.836411609498681,1.841688654353562,1.0158311345646438,0.5699208443271768,557.664907651715,10.493403693931398,21.796833773087073,0.5461741424802111,0.31398416886543534,0.23218997361477572,0.7730870712401056,0.22691292875989447
847,1135.9138943248531,-2.0519569471624264,2.6125244618395302,2.391389432485323,1.1859099804305284,0.5772994129158513,585.8688845401174,10.819960861056751,22.898238747553815,0.4735812133072407,0.2720156555772994,0.20156555772994128,0.812133072407045,0.18786692759295498
848,1186.6166666666666,-1.9714285714285715,2.873809523809524,1.4714285714285715,1.4190476190476191,0.5952380952380952,576.0857142857143,9.721428571428572,20.526190476190475,0.3,0.18095238095238095,0.11904761904761904,0.7976190476190477,0.20238095238095238
849,1191.3424317617867,-2.005657568238213,2.890818858560794,1.9751861042183623,0.9106699751861043,0.5508684863523573,607.1414392059553,9.734491315136477,20.831265508684865,0.36724565756823824,0.16129032258064516,0.20595533498759305,0.7667493796526055,0.23325062034739455
850,1247.129240710824,-2.0365912762520195,1.9159935379644588,2.1437802907915993,1.4668820678513732,0.5411954765751211,603.9386106623587,9.48626817447496,19.990306946688207,0.4781906300484653,0.2649434571890145,0.21324717285945072,0.7883683360258481,0.21163166397415187
851,1193.4722222222222,-2.044259259259259,2.6550925925925926,1.8287037037037037,1.2777777777777777,0.5509259259259259,553.2754629629629,9.497685185185185,20.44212962962963,0.1527777777777778,0.07175925925925926,0.08101851851851852,0.8125,0.1875
852,1221.9006342494715,-1.9477589852008457,2.1797040169133193,1.9154334038054968,1.3044397463002113,0.46723044397463004,598.8710359408034,9.568710359408033,20.152219873150106,0.26215644820295986,0.13953488372093023,0.1226215644820296,0.7864693446088795,0.2135306553911205
853,1247.8760932944606,-2.0437172011661806,1.91399416909621,2.2857142857142856,1.4620991253644315,0.5116618075801749,600.5889212827989,9.38192419825073,19.982507288629737,0.41836734693877553,0.21428571428571427,0.20408163265306123,0.8323615160349854,0.16763848396501457
854,1241.0647482014388,-1.9108992805755396,2.679856115107914,1.8057553956834533,0.7517985611510791,0.4568345323741007,558.0215827338129,9.16906474820144,20.201438848920862,1.6978417266187051,0.7805755395683454,0.9172661870503597,0.7589928057553957,0.24100719424460432
855,1163.2511111111112,-2.0691555555555556,2.588888888888889,2.1533333333333333,1.04,0.5288888888888889,591.3066666666666,10.275555555555556,22.064444444444444,0.6266666666666667,0.35555555555555557,0.27111111111111114,0.8244444444444444,0.17555555555555555
856,1179.3756613756614,-2.039188712522046,1.9523809523809523,2.068783068783069,1.4144620811287478,0.5784832451499118,593.8306878306878,10.215167548500881,21.693121693121693,0.41622574955908287,0.20811287477954143,0.20811287477954143,0.8042328042328042,0.19576719576719576
857,1207.3774104683196,-1.8981542699724516,2.911845730027548,1.9201101928374655,1.0495867768595042,0.4049586776859504,582.1680440771349,9.443526170798899,20.36914600550964,0.33884297520661155,0.12947658402203857,0.209366391184573,0.7245179063360881,0.27548209366391185
858,1166.219417475728,-2.0951650485436892,2.8737864077669903,1.9611650485436893,1.1553398058252426,0.5805825242718446,562.2854368932038,10.454368932038834,21.85242718446602,0.429126213592233,0.17281553398058253,0.2563106796116505,0.7922330097087379,0.20776699029126214
859,1110.4742268041236,-1.967360824742268,2.4948453608247423,2.0701030927835053,1.2556701030927835,0.5835051546391753,553.3175257731958,10.882474226804124,23.018556701030928,0.4,0.2268041237113402,0.1731958762886598,0.8061855670103093,0.19381443298969073
860,1173.0237288135593,-1.9414576271186441,2.7254237288135594,1.5186440677966102,1.2881355932203389,0.43050847457627117,566.2237288135593,10.32542372881356,21.593220338983052,0.576271186440678,0.2,0.376271186440678,0.8033898305084746,0.19661016949152543
861,1217.5116279069769,-1.928294573643411,2.4011627906976742,2.118217054263566,1.304263565891473,0.4844961240310077,603.1143410852713,9.505813953488373,20.478682170542637,0.2054263565891473,0.12209302325581395,0.08333333333333333,0.7810077519379846,0.2189922480620155
862,1183.1941448382127,-2.0391063174114024,1.9691833590138674,2.0708782742681047,1.6671802773497688,0.5577812018489985,574.4545454545455,10.409861325115562,21.673343605546997,0.32819722650231126,0.1617873651771957,0.16640986132511557,0.8073959938366718,0.1926040061633282
863,1160.1915887850466,-2.0103971962616822,2.9299065420560746,2.4953271028037385,0.8598130841121495,0.5957943925233645,578.2079439252336,10.35981308411215,22.03271028037383,0.5887850467289719,0.2336448598130841,0.35514018691588783,0.8154205607476636,0.18457943925233644
864,1175.3601895734598,-1.944952606635071,2.7890995260663507,2.018957345971564,1.004739336492891,0.6469194312796208,571.0473933649289,9.881516587677725,21.488151658767773,0.8246445497630331,0.4075829383886256,0.41706161137440756,0.7985781990521327,0.2014218009478673
865,1131.9683655536028,-1.47402460456942,2.1159929701230227,2.0210896309314585,1.4182776801405976,0.5764499121265377,588.5553602811951,10.377855887521969,22.38664323374341,0.7135325131810193,0.3866432337434095,0.3268892794376098,0.8383128295254832,0.15817223198594024
866,1242.9496124031007,-2.007364341085271,3.062015503875969,1.5891472868217054,0.810077519379845,0.4263565891472868,573.3643410852713,10.321705426356589,21.11627906976744,0.9689922480620154,0.5038759689922481,0.46511627906976744,0.7829457364341085,0.21705426356589147
867,1285.7471698113206,-2.0787358490566037,2.5452830188679245,2.2547169811320753,1.1169811320754717,0.5226415094339623,597.7358490566038,9.00377358490566,19.19622641509434,0.7943396226415095,0.36981132075471695,0.42452830188679247,0.7754716981132076,0.22452830188679246
868,1261.1228956228956,-2.0513973063973063,2.367003367003367,2.0993265993265995,1.4579124579124578,0.5841750841750841,601.7154882154882,9.2003367003367,19.62121212121212,0.8417508417508418,0.4276094276094276,0.41414141414141414,0.7912457912457912,0.20875420875420875
869,1299.7295597484276,-1.8954088050314466,2.830188679245283,1.8647798742138364,1.10062893081761,0.39622641509433965,602.9150943396227,9.20125786163522,19.62578616352201,1.128930817610063,0.559748427672956,0.5691823899371069,0.7672955974842768,0.23270440251572327
870,1213.0458015267175,-2.0164122137404576,2.3377862595419847,2.0763358778625953,1.3454198473282444,0.5534351145038168,583.7900763358779,9.713740458015268,20.700381679389313,1.2251908396946565,0.6202290076335878,0.6049618320610687,0.7862595419847328,0.21374045801526717
871,1282.836231884058,-1.9036521739130434,2.1333333333333333,2.044927536231884,1.5536231884057972,0.5043478260869565,603.4202898550725,9.005797101449275,19.034782608695654,0.3898550724637681,0.1927536231884058,0.19710144927536233,0.7724637681159421,0.22753623188405797
872,1243.100222717149,-1.8747884187082404,2.3273942093541202,1.913140311804009,1.3318485523385302,0.6057906458797327,580.011135857461,9.489977728285078,19.612472160356347,0.41648106904231624,0.15367483296213807,0.26280623608017817,0.7661469933184856,0.23385300668151449
873,1177.2104377104376,-2.006228956228956,2.324915824915825,2.452861952861953,1.1144781144781144,0.6397306397306397,581.9781144781144,10.114478114478114,21.53872053872054,0.4831649831649832,0.27441077441077444,0.20875420875420875,0.8047138047138047,0.19528619528619529
874,1270.3040421792618,-1.9317047451669598,2.1036906854130053,1.9894551845342707,1.507908611599297,0.5905096660808435,582.4833040421793,8.711775043936731,19.608084358523726,1.0738137082601054,0.5553602811950791,0.5184534270650264,0.7644991212653779,0.23550087873462214
875,1242.2675159235669,-1.8620382165605094,2.4522292993630574,1.9044585987261147,0.9522292993630573,0.42038216560509556,597.6910828025477,10.146496815286625,20.605095541401273,1.0318471337579618,0.4012738853503185,0.6305732484076433,0.7611464968152867,0.23885350318471338
876,1163.498753117207,-2.1196009975062347,2.71571072319202,1.9700748129675811,1.1945137157107233,0.6334164588528678,584.8827930174564,9.576059850374065,21.316708229426435,0.5411471321695761,0.2518703241895262,0.2892768079800499,0.8054862842892768,0.19451371571072318
877,1263.5716486902927,-2.0151001540832048,2.231124807395994,2.1587057010785826,1.4406779661016949,0.4930662557781202,634.0939907550077,8.941448382126348,19.628659476117104,0.588597842835131,0.29275808936825887,0.29583975346687214,0.7627118644067796,0.23728813559322035
878,1200.171806167401,-2.0331497797356826,2.9559471365638768,1.6497797356828194,1.4273127753303965,0.6497797356828194,606.2268722466961,9.312775330396477,20.696035242290748,0.4647577092511013,0.2488986784140969,0.21585903083700442,0.7995594713656388,0.20044052863436124
879,1247.3632286995517,-2.0256726457399106,2.789237668161435,2.390134529147982,1.0179372197309418,0.5717488789237668,605.9125560538116,9.48206278026906,20.213004484304932,0.4439461883408072,0.257847533632287,0.1860986547085202,0.7914798206278026,0.2085201793721973
880,1299.5618320610688,-2.00806106870229,1.8748091603053436,2.0396946564885496,1.6045801526717558,0.5679389312977099,605.4625954198473,9.058015267175573,19.053435114503817,0.9282442748091603,0.4198473282442748,0.5083969465648855,0.7709923664122137,0.22900763358778625
881,1230.155672823219,-1.8031662269129287,2.5356200527704487,1.7308707124010554,1.3403693931398417,0.554089709762533,580.9683377308708,9.37467018469657,19.69920844327177,0.36939313984168864,0.19788918205804748,0.17150395778364116,0.7546174142480211,0.24538258575197888
882,1207.0298507462687,-2.001130063965885,2.4307036247334755,2.002132196162047,1.3304904051172708,0.5266524520255863,572.8827292110874,9.784648187633262,20.597014925373134,0.22388059701492538,0.11940298507462686,0.1044776119402985,0.7953091684434968,0.2046908315565032
883,1268.9305740987984,-1.9354472630173567,1.897196261682243,2.2857142857142856,1.623497997329773,0.514018691588785,603.7009345794393,9.137516688918558,19.265687583444592,0.5994659546061415,0.3324432576769025,0.26702269692923897,0.7650200267022697,0.2349799732977303
884,1215.554707379135,-1.9959796437659032,2.880407124681934,1.905852417302799,1.094147582697201,0.6564885496183206,576.6412213740458,9.557251908396946,20.72264631043257,1.3104325699745547,0.5852417302798982,0.7251908396946565,0.7913486005089059,0.20865139949109415
885,1241.356394129979,-1.9961844863731657,2.6184486373165616,2.209643605870021,1.2851153039832286,0.4863731656184486,617.9559748427673,9.60587002096436,19.82599580712788,0.6981132075471698,0.3333333333333333,0.36477987421383645,0.7735849056603774,0.22641509433962265
886,1252.5529010238909,-1.9859044368600682,2.035836177474403,2.037542662116041,1.6552901023890785,0.6416382252559727,611.9675767918088,9.37542662116041,19.62627986348123,0.6467576791808873,0.30716723549488056,0.3395904436860068,0.7832764505119454,0.2167235494880546
887,1194.5742358078603,-1.8467903930131004,3.106986899563319,1.9061135371179039,1.002183406113537,0.5829694323144105,560.5043668122271,9.853711790393014,20.637554585152838,0.36026200873362446,0.15283842794759825,0.2074235807860262,0.75764192139738,0.2423580786026201
888,1246.4235294117648,-1.9208039215686274,2.8450980392156864,1.8313725490196078,1.2254901960784315,0.5666666666666667,595.3176470588236,9.131372549019607,19.29019607843137,0.5333333333333333,0.2607843137254902,0.2725490196078431,0.7333333333333333,0.26666666666666666
889,1347.4761171032358,-1.9411556240369798,2.436055469953775,2.026194144838213,1.5254237288135593,0.5685670261941448,585.6640986132511,8.676425269645609,17.99075500770416,0.5793528505392912,0.3066255778120185,0.2727272727272727,0.7426810477657936,0.2573189522342065
890,1176.8501529051987,-2.0991743119266055,2.8134556574923546,1.4862385321100917,1.3700305810397553,0.4801223241590214,580.0611620795107,10.061162079510703,21.853211009174313,0.6146788990825688,0.308868501529052,0.3058103975535168,0.8501529051987767,0.14984709480122324
891,1213.5147928994083,-2.046804733727811,2.5581854043392505,1.9940828402366864,1.378698224852071,0.5463510848126233,604.9625246548324,9.832347140039447,20.42800788954635,0.28205128205128205,0.11439842209072978,0.16765285996055226,0.7928994082840237,0.20710059171597633
892,1251.3124018838305,-1.9408320251177393,2.072213500784929,2.025117739403454,1.609105180533752,0.5792778649921507,599.5070643642072,9.051805337519623,19.621664050235477,0.3673469387755102,0.1695447409733124,0.1978021978021978,0.7692307692307693,0.23076923076923078
893,1247.048128342246,-1.8117914438502674,2.6363636363636362,2.4759358288770055,0.7459893048128342,0.6390374331550802,575.3208556149733,9.120320855614974,19.28342245989305,1.141711229946524,0.5802139037433155,0.5614973262032086,0.7165775401069518,0.28342245989304815
894,1314.0427927927929,-1.9124324324324324,2.7522522522522523,2.2387387387387387,1.1486486486486487,0.6486486486486487,597.5045045045046,8.493243243243244,17.894144144144143,1.2342342342342343,0.6351351351351351,0.5990990990990991,0.7072072072072072,0.2927927927927928
895,1226.6913580246915,-1.9968518518518519,2.2268518518518516,2.0771604938271606,1.5200617283950617,0.5462962962962963,607.4614197530864,9.498456790123457,20.304012345679013,0.9243827160493827,0.46141975308641975,0.46296296296296297,0.7962962962962963,0.2037037037037037
896,1177.4432432432432,-2.1506756756756755,3.018918918918919,1.5513513513513513,1.0891891891891892,0.7432432432432432,568.8189189189189,10.127027027027028,21.86756756756757,0.8378378378378378,0.40540540540540543,0.43243243243243246,0.8027027027027027,0.1972972972972973
897,1379.3080985915492,-1.7902464788732395,2.7130281690140845,2.160211267605634,1.2288732394366197,0.4647887323943662,634.1109154929577,8.008802816901408,16.399647887323944,0.31514084507042256,0.1619718309859155,0.15316901408450703,0.676056338028169,0.323943661971831
898,1377.735465116279,-1.896031976744186,2.620639534883721,2.2209302325581395,1.441860465116279,0.5857558139534884,663.2485465116279,8.106104651162791,16.627906976744185,0.623546511627907,0.3561046511627907,0.26744186046511625,0.7063953488372093,0.2936046511627907
899,1368.811320754717,-1.811967654986523,2.9002695417789757,1.5983827493261455,1.169811320754717,0.4743935309973046,641.654986522911,8.455525606469003,17.21832884097035,0.784366576819407,0.38274932614555257,0.40161725067385445,0.6981132075471698,0.3018867924528302
900,1202.5265306122449,-1.9071632653061223,2.6142857142857143,2.1346938775510202,1.3020408163265307,0.610204081632653,599.5244897959184,10.061224489795919,20.777551020408165,0.6693877551020408,0.42653061224489797,0.24285714285714285,0.7836734693877551,0.2163265306122449
901,1292.0764617691154,-2.0191604197901047,2.376311844077961,2.062968515742129,1.5397301349325336,0.5577211394302849,647.1979010494753,9.16191904047976,18.667166416791606,0.24587706146926536,0.1199400299850075,0.12593703148425786,0.7496251874062968,0.25037481259370314
902,1201.750556792873,-1.7910244988864141,2.6280623608017817,1.9376391982182628,1.1469933184855234,0.6302895322939867,586.4632516703787,9.815144766146993,20.244988864142538,0.30957683741648107,0.1603563474387528,0.1492204899777283,0.7728285077951003,0.22494432071269488
903,1175.8754863813228,-1.966887159533074,2.480544747081712,2.568093385214008,1.093385214007782,0.6848249027237354,572.9105058365759,10.101167315175097,21.06614785992218,0.6186770428015564,0.30544747081712065,0.3132295719844358,0.754863813229572,0.245136186770428
904,1397.710651828299,-1.8556597774244834,2.3497615262321143,2.2639109697933226,1.3593004769475359,0.6025437201907791,649.8839427662957,8.011128775834658,16.13195548489666,0.8728139904610492,0.42130365659777425,0.45151033386327505,0.7042925278219396,0.2957074721780604
905,1387.8899371069183,-1.859937106918239,2.691823899371069,1.6415094339622642,0.9025157232704403,0.48427672955974843,618.7987421383648,7.663522012578617,16.157232704402517,0.9591194968553459,0.4339622641509434,0.5251572327044025,0.6886792452830188,0.3113207547169811
906,1268.32,-2.0308800000000002,2.648,2.104,1.142,0.712,603.594,9.172,19.182,0.356,0.214,0.142,0.772,0.228
907,1383.2046855733663,-1.8625400739827374,2.283600493218249,2.2577065351418004,1.4944512946979038,0.5524044389642416,645.514180024661,7.836004932182491,16.398273736128235,0.43403205918618987,0.2318125770653514,0.20221948212083848,0.7053020961775586,0.29469790382244143
908,1189.4753787878788,-2.082973484848485,3.316287878787879,1.8598484848484849,1.2784090909090908,0.6988636363636364,619.2727272727273,10.18560606060606,20.69128787878788,0.26515151515151514,0.13825757575757575,0.1268939393939394,0.7954545454545454,0.20454545454545456
909,1301.6888412017167,-1.962854077253219,2.869098712446352,2.255364806866953,0.9871244635193133,0.6030042918454935,639.6630901287554,9.409871244635193,18.203862660944207,0.4206008583690987,0.21030042918454936,0.21030042918454936,0.703862660944206,0.296137339055794
910,1319.057184750733,-1.899574780058651,1.936950146627566,2.101173020527859,1.6334310850439884,0.5850439882697948,641.1686217008797,9.063049853372434,18.35777126099707,0.6510263929618768,0.25806451612903225,0.39296187683284456,0.7404692082111437,0.2595307917888563
911,1209.7929411764705,-1.9230588235294117,2.256470588235294,1.8352941176470587,1.16,0.5176470588235295,588.0682352941177,9.992941176470588,20.383529411764705,0.43529411764705883,0.3035294117647059,0.13176470588235295,0.7388235294117647,0.2611764705882353
912,1214.8519269776875,-1.885030425963489,2.4969574036511157,2.288032454361055,1.306288032454361,0.6450304259634888,604.501014198783,9.837728194726166,20.279918864097365,0.20892494929006086,0.0872210953346856,0.12170385395537525,0.7505070993914807,0.24949290060851928
913,1260.402075226978,-1.9219455252918287,2.0233463035019454,2.2568093385214008,1.496757457846952,0.5421530479896238,612.6238651102465,9.426718547341116,19.529182879377434,0.4578469520103761,0.20233463035019456,0.25551232166018156,0.748378728923476,0.251621271076524
914,1326.8560411311055,-2.082210796915167,3.380462724935733,2.0616966580976865,0.922879177377892,0.6478149100257069,602.1979434447301,8.804627249357326,18.480719794344473,0.9691516709511568,0.46786632390745503,0.5012853470437018,0.7197943444730077,0.2802056555269923
915,1180.4407766990291,-2.0647184466019417,2.8349514563106797,2.433009708737864,1.083495145631068,0.7126213592233009,596.5417475728156,10.25242718446602,21.405825242718446,0.7728155339805826,0.29902912621359223,0.47378640776699027,0.8135922330097087,0.18640776699029127
916,1338.209726443769,-1.9471428571428573,2.2963525835866263,2.1519756838905777,1.3981762917933132,0.6504559270516718,630.7537993920972,8.655015197568389,18.311550151975684,0.6960486322188449,0.2978723404255319,0.3981762917933131,0.7340425531914894,0.26595744680851063
917,1277.1541666666667,-1.8725208333333334,3.2916666666666665,2.14375,1.0729166666666667,0.6645833333333333,609.9604166666667,8.9,18.916666666666668,0.3145833333333333,0.1625,0.15208333333333332,0.7395833333333334,0.2604166666666667
918,1312.0129310344828,-1.4155747126436782,3.2528735632183907,2.0761494252873565,1.2083333333333333,0.6839080459770115,663.3663793103449,8.456896551724139,18.05316091954023,0.3793103448275862,0.1968390804597701,0.1824712643678161,0.7097701149425287,0.28735632183908044
919,1292.4503816793892,-1.925114503816794,2.699745547073791,2.1386768447837152,1.4338422391857506,0.6183206106870229,626.0839694656488,9.444020356234097,19.03944020356234,0.4707379134860051,0.3053435114503817,0.16539440203562342,0.7353689567430025,0.26463104325699743
920,1240.1300970873785,-2.0233398058252425,2.992233009708738,1.603883495145631,1.3262135922330096,0.6757281553398058,610.7941747572816,9.974757281553398,19.825242718446603,0.34951456310679613,0.13592233009708737,0.21359223300970873,0.7786407766990291,0.22135922330097088
921,1339.7590361445782,-1.9339156626506024,2.6586345381526106,2.0562248995983934,1.3032128514056225,0.5843373493975904,657.9759036144578,8.473895582329318,17.526104417670684,0.3092369477911647,0.15461847389558234,0.15461847389558234,0.748995983935743,0.25100401606425704
922,1319.3128491620112,-1.8351256983240225,2.409217877094972,2.25,1.4720670391061452,0.6354748603351955,651.0167597765363,8.931564245810057,18.11731843575419,0.38966480446927376,0.1857541899441341,0.20391061452513967,0.6955307262569832,0.30446927374301674
923,1274.3530612244897,-2.0095306122448977,3.024489795918367,2.1081632653061226,0.9836734693877551,0.6795918367346939,639.8142857142857,8.712244897959184,18.86530612244898,0.4959183673469388,0.2510204081632653,0.24489795918367346,0.7551020408163265,0.24489795918367346
924,1233.859126984127,-2.0471626984126985,3.267857142857143,2.140873015873016,1.0813492063492063,0.7400793650793651,610.9246031746031,10.16468253968254,20.74206349206349,0.7063492063492064,0.39880952380952384,0.30753968253968256,0.7638888888888888,0.2361111111111111
925,1372.2916666666667,-1.8276692708333335,2.4231770833333335,2.3424479166666665,1.43359375,0.6315104166666666,663.7760416666666,8.122395833333334,17.200520833333332,0.6236979166666666,0.3346354166666667,0.2890625,0.6940104166666666,0.3059895833333333
926,1194.5725490196078,-1.8603921568627453,3.3137254901960786,1.9607843137254901,1.1254901960784314,0.8235294117647058,627.3078431372548,10.427450980392157,21.162745098039217,0.49019607843137253,0.2019607843137255,0.28823529411764703,0.7607843137254902,0.23921568627450981
927,1303.4230055658627,-1.7684230055658627,3.1576994434137293,2.3135435992578848,1.1205936920222634,0.7087198515769945,635.517625231911,8.985157699443414,18.489795918367346,0.4322820037105751,0.19851576994434136,0.23376623376623376,0.7328385899814471,0.26716141001855287
928,1304.4041331802525,-1.834041331802526,3.082663605051665,2.2032146957520093,1.4087256027554536,0.5797933409873708,657.1021814006889,9.257175660160735,18.78874856486797,0.29506314580941445,0.10677382319173363,0.18828932261768083,0.7278989667049368,0.27210103329506313
929,1217.603406326034,-1.9137226277372261,3.732360097323601,1.9708029197080292,0.8807785888077859,0.5985401459854015,605.3479318734793,10.111922141119221,20.885644768856448,0.38929440389294406,0.1630170316301703,0.22627737226277372,0.7712895377128953,0.22871046228710462
930,1208.65991902834,-2.0991497975708504,3.0384615384615383,2.1963562753036436,1.2186234817813766,0.7125506072874493,627.5080971659919,10.251012145748987,20.864372469635626,0.49190283400809715,0.22672064777327935,0.2651821862348178,0.819838056680162,0.18016194331983806
931,1334.9253945480632,-1.8437302725968434,2.538020086083214,2.12051649928264,1.5380200860832138,0.6341463414634146,645.9684361549498,8.67431850789096,17.984218077474893,0.39598278335724535,0.23242467718794835,0.16355810616929697,0.6872309899569584,0.3127690100430416
932,1262.7516483516483,-1.862,2.901098901098901,2.096703296703297,1.0131868131868131,0.6131868131868132,633.8483516483517,9.325274725274726,19.228571428571428,0.3516483516483517,0.1912087912087912,0.16043956043956045,0.6901098901098901,0.3098901098901099
933,1166.12104283054,-1.432346368715084,2.6610800744878955,2.4208566108007448,1.1713221601489758,0.8063314711359404,603.6145251396648,10.40782122905028,21.89199255121043,0.7411545623836127,0.3612662942271881,0.37988826815642457,0.7392923649906891,0.2569832402234637
934,1334.1726907630523,-1.8910307898259704,2.7269076305220885,2.2623828647925035,1.3775100401606426,0.6559571619812584,670.4417670682731,8.626506024096386,18.03614457831325,0.6479250334672021,0.2717536813922356,0.37617135207496655,0.7121820615796519,0.2878179384203481
935,1212.9692307692308,-2.072942307692308,3.05,1.978846153846154,1.1903846153846154,0.7826923076923077,609.6076923076923,9.934615384615384,20.703846153846154,0.2980769230769231,0.1346153846153846,0.16346153846153846,0.7769230769230769,0.2230769230769231
936,1256.23640167364,-2.092510460251046,3.096234309623431,2.064853556485356,1.0397489539748954,0.7907949790794979,631.5481171548117,9.05020920502092,19.372384937238493,0.2196652719665272,0.10669456066945607,0.11297071129707113,0.7677824267782427,0.23221757322175732
937,1315.1139896373056,-1.8111295336787565,2.948186528497409,2.5264248704663212,1.3129533678756478,0.5968911917098445,634.8735751295337,8.549222797927461,18.20621761658031,0.3243523316062176,0.17098445595854922,0.1533678756476684,0.7264248704663212,0.27357512953367874
938,1228.6243822075783,-2.0539538714991763,3.731466227347611,1.9242174629324547,1.2504118616144975,0.7825370675453048,623.0148270181219,9.616144975288304,19.970345963756177,0.29983525535420097,0.14827018121911037,0.1515650741350906,0.7446457990115322,0.2553542009884679
939,1296.1964285714287,-1.8711904761904763,3.7142857142857144,2.513888888888889,0.7718253968253969,0.7777777777777778,633.7261904761905,8.847222222222221,18.86111111111111,0.6388888888888888,0.3194444444444444,0.3194444444444444,0.6865079365079365,0.3134920634920635
940,1312.773404255319,-1.8359999999999999,2.5138297872340427,2.4063829787234043,1.5638297872340425,0.6021276595744681,646.4776595744681,8.846808510638297,18.407446808510638,0.2936170212765957,0.14574468085106382,0.1478723404255319,0.6893617021276596,0.31063829787234043
941,1239.919921875,-1.8246875,3.12890625,2.01953125,1.123046875,0.5390625,607.60546875,9.662109375,19.9921875,0.28125,0.1484375,0.1328125,0.744140625,0.255859375
942,1278.5721393034826,-1.9276948590381429,2.966832504145937,2.2470978441127696,1.1907131011608623,0.6799336650082919,664.4643449419569,9.356550580431177,19.064676616915424,0.3615257048092869,0.1890547263681592,0.1724709784411277,0.736318407960199,0.263681592039801
943,1384.9850746268658,-1.8356616915422885,2.619900497512438,2.45771144278607,1.509452736318408,0.56318407960199,682.0487562189055,7.6626865671641795,16.948258706467662,0.6557213930348259,0.32338308457711445,0.33233830845771145,0.690547263681592,0.309452736318408
944,1290.420202020202,-1.9575555555555555,4.026262626262627,2.1191919191919193,0.9272727272727272,0.7090909090909091,637.660606060606,9.26060606060606,19.062626262626264,1.3212121212121213,0.6080808080808081,0.7131313131313132,0.7535353535353535,0.24646464646464647
945,1351.9941690962098,-1.9069096209912537,3.2230320699708455,2.488338192419825,1.0393586005830904,0.6355685131195336,674.0131195335277,8.56997084548105,17.70991253644315,0.4271137026239067,0.19970845481049562,0.22740524781341107,0.7055393586005831,0.2944606413994169
946,1342.3479853479853,-1.8736263736263736,2.993894993894994,2.5934065934065935,1.3553113553113554,0.6715506715506715,686.3711843711844,8.897435897435898,18.16117216117216,0.2967032967032967,0.1452991452991453,0.1514041514041514,0.7155067155067155,0.2844932844932845
947,1316.3348416289593,-1.9471493212669684,3.728506787330317,2.271493212669683,0.9547511312217195,0.6093514328808446,644.843137254902,9.134238310708898,18.34841628959276,0.5444947209653092,0.25339366515837103,0.2911010558069382,0.7285067873303167,0.27149321266968324
948,1312.3988764044943,-1.8010814606741574,3.414325842696629,2.0997191011235956,1.1587078651685394,0.7205056179775281,651.9817415730337,8.598314606741573,18.088483146067414,0.26264044943820225,0.14606741573033707,0.11657303370786516,0.6811797752808989,0.31741573033707865
949,1359.1358249772106,-1.7696809480401092,3.0063810391978123,2.504102096627165,1.2479489516864175,0.5159525979945305,672.5414767547858,8.470373746581586,17.536007292616226,0.6381039197812215,0.3226982680036463,0.3154056517775752,0.6718322698268003,0.3281677301731996
950,1305.2071156289708,-1.901753494282084,3.1969504447268107,1.9415501905972046,1.335451080050826,0.6759847522236341,662.7852604828463,9.396442185514612,18.92884371029225,0.7026683608640406,0.32147395171537485,0.3811944091486658,0.7064803049555273,0.2935196950444727
951,1312.335,-1.8688333333333333,3.191666666666667,2.466666666666667,1.1333333333333333,0.7,664.2383333333333,9.615,18.756666666666668,0.45666666666666667,0.22333333333333333,0.23333333333333334,0.7133333333333334,0.2866666666666667
952,1394.7131221719458,-1.745873303167421,2.269683257918552,2.7574660633484163,1.5104072398190045,0.5257918552036199,713.6036199095023,8.382805429864254,16.75475113122172,0.6244343891402715,0.2742081447963801,0.3502262443438914,0.6678733031674208,0.33212669683257917
953,1360.4267185473411,-1.8232036316472116,2.95201037613489,2.4150453955901425,1.1478599221789882,0.688715953307393,709.4370946822308,8.701686121919584,17.342412451361866,0.8313878080415046,0.4033722438391699,0.4280155642023346,0.6783398184176395,0.3216601815823606
954,1331.2685421994886,-0.6858695652173913,3.2941176470588234,2.3593350383631715,1.0946291560102301,0.7225063938618926,667.4987212276214,8.778772378516624,17.907928388746804,0.8849104859335039,0.4437340153452685,0.4411764705882353,0.6624040920716112,0.3235294117647059
955,1457.9889850511408,-1.6720613690007868,2.3902439024390243,2.5523210070810385,1.5161290322580645,0.45712037765538943,701.3446105428796,7.415420928402832,15.250983477576712,0.5609756097560976,0.3084185680566483,0.25255704169944926,0.6003147128245476,0.3996852871754524
956,1274.3444444444444,-1.9536825396825397,3.3746031746031746,2.2253968253968255,0.9920634920634921,0.8222222222222222,639.8238095238095,9.747619047619047,19.393650793650792,0.23174603174603176,0.1,0.13174603174603175,0.7158730158730159,0.2841269841269841
957,1394.1623616236163,-1.7375030750307503,2.9163591635916357,2.7490774907749076,1.067650676506765,0.6039360393603936,657.1709717097172,8.362853628536286,16.533825338253383,0.5891758917589176,0.2693726937269373,0.3198031980319803,0.6371463714637147,0.3628536285362854
958,1432.9886164623467,-1.6929334500875657,2.767950963222417,2.5656742556917687,1.5166374781085814,0.5402802101576182,682.7276707530648,7.858143607705779,15.805604203152365,0.5761821366024519,0.29246935201401053,0.28371278458844135,0.6129597197898424,0.38704028021015763
959,1365.53515625,-1.7976953125,3.74609375,2.501953125,0.759765625,0.50390625,650.203125,8.0390625,16.986328125,0.703125,0.287109375,0.416015625,0.6640625,0.3359375
960,1431.3333333333333,-1.3079974160206718,2.708010335917313,2.5762273901808785,1.1421188630490957,0.7248062015503876,674.9198966408269,7.678294573643411,15.395348837209303,0.4418604651162791,0.21705426356589147,0.2248062015503876,0.6007751937984496,0.39405684754521964
961,1508.587085811385,-1.4430246389124894,2.427357689039932,2.7425658453695836,1.5896346644010195,0.5148683092608326,723.536108751062,6.926932880203908,14.01019541206457,0.7663551401869159,0.38317757009345793,0.38317757009345793,0.5930331350892099,0.40611724723874254
962,1336.660465116279,-1.7556279069767444,2.925581395348837,2.316279069767442,1.1410852713178294,0.6387596899224807,663.8232558139534,8.835658914728683,17.829457364341085,0.8542635658914729,0.3984496124031008,0.4558139534883721,0.6852713178294574,0.3147286821705426
963,1300.2566371681417,-1.0541445427728615,2.882005899705015,2.426253687315634,1.107669616519174,0.7802359882005899,615.6504424778761,9.449852507374631,18.73008849557522,0.6666666666666666,0.3215339233038348,0.34513274336283184,0.7079646017699115,0.2831858407079646
964,1351.2572314049587,-1.3203512396694215,2.9318181818181817,2.4514462809917354,1.3047520661157024,0.609504132231405,646.9059917355372,8.856404958677686,17.609504132231404,0.8378099173553719,0.40289256198347106,0.43491735537190085,0.6756198347107438,0.3202479338842975
965,1365.8425381903642,-1.640822561692127,3.1938895417156288,2.1598119858989424,1.1938895417156288,0.6650998824911868,654.5957696827262,8.663924794359577,17.345475910693303,0.8660399529964747,0.40540540540540543,0.4606345475910693,0.6756756756756757,0.32314923619271446
966,1274.8479532163742,-1.8869785575048732,3.263157894736842,2.4541910331384016,0.8947368421052632,0.7758284600389863,641.4405458089668,9.612085769980506,19.07017543859649,0.4873294346978557,0.2826510721247563,0.2046783625730994,0.6744639376218323,0.3255360623781676
967,1481.9168591224018,-1.5647575057736722,2.5288683602771362,2.7944572748267897,1.4980754426481908,0.45265588914549654,711.6720554272517,7.23941493456505,14.448806774441879,0.6412625096227867,0.32948421862971516,0.3117782909930716,0.5665896843725943,0.4334103156274057
968,1375.9949937421777,-1.4437421777221526,3.376720901126408,1.9924906132665832,1.2540675844806008,0.6821026282853567,685.755944931164,8.366708385481852,16.658322903629536,0.6545682102628285,0.3504380475594493,0.3041301627033792,0.6370463078848561,0.360450563204005
969,1372.2738764044943,-1.813483146067416,3.896067415730337,2.509831460674157,0.8258426966292135,0.8146067415730337,678.4087078651686,8.599719101123595,17.14887640449438,1.0730337078651686,0.5365168539325843,0.5365168539325843,0.675561797752809,0.324438202247191
970,1520.9144518272426,-1.56578073089701,2.2699335548172757,2.8313953488372094,1.5921926910299002,0.5232558139534884,726.9892026578073,6.961794019933555,13.820598006644518,0.8754152823920266,0.4277408637873754,0.4476744186046512,0.5456810631229236,0.4543189368770764
971,1362.8704512372635,-1.5019796215429404,3.2954876273653566,2.3173216885007277,1.1426491994177583,0.7481804949053857,649.9679767103348,8.812227074235809,17.483260553129547,0.5254730713245997,0.21542940320232898,0.31004366812227074,0.6739446870451238,0.3245997088791849
972,1353.648737650933,-1.0489791437980243,2.642151481888035,2.660812294182217,1.2107574094401756,0.6454445664105378,682.0801317233809,8.794731064763996,17.559824368825467,0.531284302963776,0.2722283205268935,0.25905598243688255,0.6739846322722283,0.31394072447859495
973,1473.4347826086957,-1.572893553223388,2.1409295352323836,2.688905547226387,1.5614692653673163,0.431784107946027,740.3095952023988,7.418290854572714,14.973763118440779,1.2023988005997002,0.6154422788605697,0.5869565217391305,0.5982008995502249,0.4017991004497751
974,1296.3963414634147,-1.8540365853658536,3.726829268292683,2.2487804878048783,1.0365853658536586,0.6939024390243902,695.9609756097561,9.598780487804879,19.10731707317073,0.9353658536585366,0.41341463414634144,0.5219512195121951,0.7268292682926829,0.27195121951219514
975,1417.1255186721992,-0.48618257261410797,3.1514522821576763,2.6535269709543567,1.0819502074688796,0.6556016597510373,749.2966804979253,8.067427385892117,15.951244813278008,0.7894190871369294,0.3506224066390041,0.4387966804979253,0.6099585062240664,0.3775933609958506
976,1529.064024390244,-1.530282012195122,2.1486280487804876,2.46875,1.6509146341463414,0.43978658536585363,763.4923780487804,6.866615853658536,13.40015243902439,0.3719512195121951,0.19817073170731708,0.17378048780487804,0.5655487804878049,0.4344512195121951
977,1428.8209944751381,-1.6739779005524862,3.7425414364640885,2.6033149171270717,1.0243093922651934,0.6132596685082873,738.2165745856354,8.257458563535911,15.952486187845304,0.5447513812154696,0.25193370165745854,0.292817679558011,0.6077348066298343,0.39226519337016574
978,1441.1841603053435,0.022824427480915992,3.3606870229007635,2.3959923664122136,1.2299618320610688,0.6603053435114504,734.8148854961833,8.077290076335878,15.456106870229007,0.8396946564885496,0.3549618320610687,0.4847328244274809,0.5887404580152672,0.3931297709923664
979,1536.359329446064,-1.518673469387755,2.5240524781341107,2.642857142857143,1.4584548104956268,0.42857142857142855,738.9970845481049,6.801749271137027,13.48396501457726,0.9832361516034985,0.5029154518950437,0.4803206997084548,0.5495626822157434,0.45043731778425655
980,1400.3276836158193,-1.3541694915254239,3.145762711864407,2.2531073446327685,1.2576271186440677,0.6282485875706215,741.7242937853107,8.702824858757062,16.9864406779661,0.7615819209039548,0.3254237288135593,0.43615819209039547,0.6282485875706215,0.3694915254237288
981,1366.2554744525548,-1.2260462287104623,3.1180048661800486,2.708029197080292,1.0097323600973236,0.6922141119221411,721.9987834549878,8.89051094890511,17.367396593673966,0.7031630170316302,0.3613138686131387,0.3418491484184915,0.6557177615571776,0.3381995133819951
982,1497.7389090909091,-0.9160072727272727,1.9214545454545455,2.6538181818181816,1.7556363636363637,0.472,756.4996363636363,7.094545454545455,14.045818181818182,0.6523636363636364,0.32945454545454544,0.3229090909090909,0.544,0.45236363636363636
983,1274.9087078651685,-1.8518820224719101,3.3974719101123596,2.5941011235955056,0.8890449438202247,0.6966292134831461,692.3258426966293,9.952247191011235,19.964887640449437,0.6980337078651685,0.3047752808988764,0.39325842696629215,0.6980337078651685,0.30196629213483145
984,1361.8384433962265,-0.6264504716981132,3.4587264150943398,2.5247641509433962,1.044811320754717,0.7393867924528302,722.3042452830189,8.70754716981132,17.275943396226417,1.1485849056603774,0.5471698113207547,0.6014150943396226,0.6450471698113207,0.3431603773584906
985,1469.5316011235955,-1.1414817415730338,2.360955056179775,2.6980337078651684,1.4915730337078652,0.4585674157303371,750.3153089887641,7.29564606741573,14.934691011235955,0.5582865168539326,0.2984550561797753,0.2598314606741573,0.5807584269662921,0.4157303370786517
986,1365.0764075067025,-1.9286595174262735,3.5978552278820377,2.3284182305630026,1.0,0.6997319034852547,724.4477211796246,8.955764075067025,17.611260053619304,0.3579088471849866,0.19973190348525469,0.1581769436997319,0.6809651474530831,0.3190348525469169
987,1412.879753340185,-1.0285919835560124,2.984583761562179,2.9239465570400824,1.0308324768756423,0.6351490236382322,746.9352517985611,8.411099691675231,16.286742034943472,0.3597122302158273,0.17882836587872558,0.18088386433710174,0.632065775950668,0.3617677286742035
988,1578.0819787985865,-1.2240989399293285,2.4954063604240284,2.5399293286219082,1.6537102473498233,0.45229681978798586,769.1590106007067,6.125795053003533,12.312367491166079,0.6473498233215548,0.3342756183745583,0.31307420494699645,0.5053003533568905,0.4925795053003534
989,1347.4337175792507,-1.7638472622478387,3.6628242074927955,2.4337175792507204,0.9510086455331412,0.7046109510086456,684.9020172910663,8.670028818443804,17.939481268011527,0.6844380403458213,0.31988472622478387,0.3645533141210375,0.638328530259366,0.361671469740634
990,1424.2822966507176,-1.7107177033492824,2.5801435406698565,2.960526315789474,1.0992822966507176,0.5191387559808612,728.4354066985646,7.8253588516746415,16.285885167464116,0.45215311004784686,0.20813397129186603,0.24401913875598086,0.6208133971291866,0.3791866028708134
991,1448.368093385214,-1.3520077821011673,2.371206225680934,2.7439688715953308,1.532295719844358,0.4801556420233463,746.7097276264592,7.446692607003891,15.603112840466926,0.47470817120622566,0.24980544747081712,0.22490272373540857,0.5929961089494163,0.4054474708171206
992,1471.1289274106175,-1.0207042253521126,3.1289274106175515,2.4312026002166847,1.2069339111592632,0.638136511375948,755.3586132177682,7.3683640303358615,14.66955579631636,0.4398699891657638,0.2199349945828819,0.2199349945828819,0.5752979414951246,0.419284940411701
993,1395.0284153005464,-1.443464480874317,2.8710382513661203,2.6775956284153004,1.1136612021857923,0.7355191256830601,744.3890710382514,8.189071038251367,16.73879781420765,0.7005464480874317,0.34098360655737703,0.35956284153005463,0.6185792349726776,0.37486338797814206
994,1496.224409448819,-1.496,2.4929133858267716,2.6188976377952757,1.5669291338582678,0.47874015748031495,735.8401574803149,7.343307086614173,14.583464566929134,0.7921259842519685,0.4078740157480315,0.384251968503937,0.5496062992125984,0.4496062992125984
995,1427.883632923368,-0.9862819299905392,3.2081362346263007,2.2592242194891203,1.2469252601702934,0.5676442762535477,727.356669820246,8.064333017975402,16.255439924314096,0.759697256385998,0.33207190160832545,0.42762535477767266,0.6102175969725638,0.38505203405865657
996,1422.8615384615384,0.07249704142011835,3.1218934911242604,2.6402366863905327,1.0378698224852072,0.7408284023668639,720.6106508875739,7.89112426035503,16.26863905325444,0.3242603550295858,0.14792899408284024,0.17633136094674556,0.6047337278106509,0.3763313609467456
997,1473.4880546075085,-1.52819795221843,2.3126279863481227,2.90580204778157,1.5276450511945392,0.4225255972696246,712.0211604095563,7.320136518771331,14.98566552901024,0.3433447098976109,0.18156996587030716,0.16177474402730374,0.5563139931740614,0.44368600682593856
998,1395.2644281217208,-1.7220986358866737,3.448058761804827,2.2161594963273874,1.161594963273872,0.6128016789087093,728.517313746065,8.350472193074502,17.014690451206715,0.37145855194123817,0.20461699895068206,0.16684155299055614,0.6138509968520461,0.3861490031479538
999,1366.088963963964,-1.0190878378378379,3.6925675675675675,2.5225225225225225,0.9797297297297297,0.7376126126126126,727.5371621621622,8.754504504504505,17.644144144144143,0.5990990990990991,0.2849099099099099,0.3141891891891892,0.6171171171171171,0.37725225225225223
1000,1559.51775147929,-1.5487795857988165,2.03698224852071,2.8062130177514795,1.6782544378698225,0.4474852071005917,767.396449704142,6.475591715976331,13.150147928994082,1.1782544378698225,0.6338757396449705,0.5443786982248521,0.5251479289940828,0.47411242603550297
