generation,lifetime,energy_at_death,food_low,food_medium,food_prestige,food_default,cells_visited,predator_touches,drained_ticks,cave_entries,cave_entries_day,cave_entries_night,frac_death_drained,frac_death_starved
1,2101.2403100775196,-1.1892248062015505,4.1395348837209305,0.4496124031007752,0.007751937984496124,2.007751937984496,548.062015503876,0.0,0.0,0.015503875968992248,0.015503875968992248,0.0,0.0,1.0
2,1976.8067226890757,-1.083781512605042,3.8403361344537816,0.226890756302521,0.01680672268907563,1.2857142857142858,528.2941176470588,0.0,0.0,0.17647058823529413,0.058823529411764705,0.11764705882352941,0.0,1.0
3,2021.985294117647,-1.018235294117647,2.625,0.8161764705882353,0.29411764705882354,1.4852941176470589,587.1323529411765,0.0,0.0,0.4852941176470588,0.2647058823529412,0.22058823529411764,0.0,1.0
4,2083.019801980198,-0.9412376237623762,4.079207920792079,1.6584158415841583,0.24752475247524752,1.4207920792079207,632.5693069306931,0.0,0.0,0.3415841584158416,0.21782178217821782,0.12376237623762376,0.0,1.0
5,1999.2073170731708,-0.9684756097560976,3.274390243902439,1.0731707317073171,0.1951219512195122,1.0182926829268293,636.9085365853658,0.0,0.0,0.35365853658536583,0.1402439024390244,0.21341463414634146,0.0,1.0
6,2029.8556701030927,-0.5579381443298969,3.3969072164948453,1.3711340206185567,0.3865979381443299,1.1649484536082475,667.139175257732,0.0,0.0,0.21649484536082475,0.10824742268041238,0.10824742268041238,0.0,0.9948453608247423
7,2071.6616541353383,-0.4196616541353384,3.661654135338346,2.3157894736842106,0.7330827067669173,0.8909774436090225,703.7255639097745,0.0,0.0,0.24436090225563908,0.12406015037593984,0.12030075187969924,0.0,0.9962406015037594
8,2006.5674157303372,-0.8085955056179776,4.162921348314606,1.101123595505618,0.34269662921348315,0.8820224719101124,697.2921348314607,0.0,0.0,0.2640449438202247,0.10674157303370786,0.15730337078651685,0.0,0.9943820224719101
9,2031.3836477987422,-1.0416981132075471,2.3333333333333335,1.5408805031446542,0.4968553459119497,1.1761006289308176,690.7358490566038,0.0,0.0,0.2389937106918239,0.16352201257861634,0.07547169811320754,0.0,1.0
10,2071.418181818182,-0.8727272727272727,3.0072727272727273,2.0254545454545454,0.8290909090909091,0.9090909090909091,716.0254545454545,0.0,0.0,0.36727272727272725,0.23636363636363636,0.13090909090909092,0.0,1.0
11,1999.251700680272,-0.8334013605442178,3.761904761904762,0.9455782312925171,0.2857142857142857,0.673469387755102,688.7891156462586,0.0,0.0,0.3741496598639456,0.20408163265306123,0.17006802721088435,0.0,1.0
12,2031.5976331360946,-0.9411242603550296,3.633136094674556,1.0414201183431953,0.3727810650887574,1.1538461538461537,687.7869822485208,0.0,0.0,0.4556213017751479,0.1834319526627219,0.27218934911242604,0.0,1.0
13,2075.505617977528,-0.8919850187265917,3.0786516853932584,1.647940074906367,0.8764044943820225,1.0636704119850187,711.5880149812734,0.0,0.0,0.50187265917603,0.250936329588015,0.250936329588015,0.0,1.0
14,2015.8139534883721,-0.821453488372093,3.6802325581395348,1.4825581395348837,0.21511627906976744,0.7034883720930233,696.1918604651163,0.0,0.0,0.8023255813953488,0.3081395348837209,0.4941860465116279,0.0,1.0
15,2034.235294117647,-0.9313529411764707,2.9647058823529413,1.3764705882352941,0.49411764705882355,0.9823529411764705,735.9705882352941,0.0,0.0,0.5705882352941176,0.2529411764705882,0.3176470588235294,0.0,1.0
16,2069.6296296296296,-0.8125185185185185,3.2444444444444445,2.137037037037037,0.5740740740740741,0.9703703703703703,722.3,0.0,0.0,0.14074074074074075,0.0962962962962963,0.044444444444444446,0.0,1.0
17,2023.9665271966528,0.014267782426778291,3.200836820083682,1.2426778242677825,0.7949790794979079,0.799163179916318,709.7782426778243,0.0,0.0,0.6317991631799164,0.29707112970711297,0.33472803347280333,0.0,0.99581589958159
18,2039.7844036697247,-0.6094495412844037,3.5091743119266057,1.371559633027523,0.5642201834862385,1.2110091743119267,722.8853211009174,0.0,0.0,0.8807339449541285,0.43119266055045874,0.44954128440366975,0.0,0.9954128440366973
19,2073.5632183908046,-0.8362643678160919,2.8505747126436782,2.2614942528735633,0.9281609195402298,0.8563218390804598,739.080459770115,0.0,0.0,0.6350574712643678,0.28735632183908044,0.34770114942528735,0.0,1.0
20,2017.7835051546392,-0.7969587628865978,3.216494845360825,1.458762886597938,0.4484536082474227,0.7164948453608248,705.0773195876288,0.0,0.0,0.7989690721649485,0.35051546391752575,0.4484536082474227,0.0,1.0
21,2032.3684210526317,-0.845657894736842,3.526315789473684,0.9078947368421053,0.3092105263157895,0.9605263157894737,704.8421052631579,0.0,0.0,0.26973684210526316,0.11842105263157894,0.1513157894736842,0.0,1.0
22,2072.9591836734694,-0.8572789115646259,3.0170068027210886,1.4795918367346939,1.0714285714285714,0.8367346938775511,704.4897959183673,0.0,0.0,0.40476190476190477,0.13945578231292516,0.2653061224489796,0.0,1.0
23,2016.0655737704917,-0.8606010928961749,3.1147540983606556,1.2677595628415301,0.453551912568306,0.825136612021858,728.896174863388,0.0,0.0,0.6994535519125683,0.26229508196721313,0.4371584699453552,0.0,1.0
24,2044.7136563876652,-0.8830837004405286,3.352422907488987,1.3744493392070485,0.7092511013215859,0.8986784140969163,749.920704845815,0.0,0.0,1.026431718061674,0.5154185022026432,0.5110132158590308,0.0,1.0
25,2057.8390501319263,0.2243799472295515,2.6015831134564644,1.9155672823218997,1.1846965699208443,0.8021108179419525,762.8627968337731,0.0,0.0,0.49604221635883905,0.23218997361477572,0.2638522427440633,0.0,0.9894459102902374
26,2008.3957219251338,-0.792620320855615,3.8663101604278074,1.5026737967914439,0.48128342245989303,0.6844919786096256,715.6684491978609,0.0,0.0,0.32620320855614976,0.12834224598930483,0.19786096256684493,0.0,1.0
27,2036.7479674796748,0.4048373983739837,3.772357723577236,1.7032520325203253,0.5447154471544715,1.0528455284552845,743.4878048780488,0.0,0.0,0.4634146341463415,0.23983739837398374,0.22357723577235772,0.0,0.991869918699187
28,2069.70725388601,-0.5530051813471503,3.023316062176166,2.062176165803109,1.1373056994818653,0.7875647668393783,759.5492227979274,0.0,0.0,0.9326424870466321,0.4948186528497409,0.4378238341968912,0.0,0.9948186528497409
29,2028.443579766537,-0.8568871595330739,3.4669260700389106,1.4319066147859922,0.6614785992217899,0.8871595330739299,739.8599221789883,0.0,0.0,1.3346303501945525,0.5875486381322957,0.7470817120622568,0.0,1.0
30,2052.425531914894,-0.8294893617021277,3.2127659574468086,1.625531914893617,0.625531914893617,1.0936170212765957,762.5617021276596,0.0,0.0,1.2680851063829788,0.6340425531914894,0.6340425531914894,0.0,1.0
31,2075.431818181818,-0.7190000000000001,2.9545454545454546,1.8909090909090909,1.0863636363636364,0.8272727272727273,786.7886363636363,0.0,0.0,1.5227272727272727,0.7386363636363636,0.7840909090909091,0.0,1.0
32,2026.814049586777,-0.5496280991735537,4.041322314049586,1.4338842975206612,0.6611570247933884,0.8223140495867769,763.5661157024794,0.0,0.0,1.1115702479338843,0.45041322314049587,0.6611570247933884,0.0,0.9958677685950413
33,2041.7316017316018,-0.11956709956709959,3.346320346320346,1.393939393939394,0.5324675324675324,1.2467532467532467,756.969696969697,0.0,0.0,1.4242424242424243,0.6883116883116883,0.7359307359307359,0.0,0.987012987012987
34,2068.2476722532588,-0.3094413407821229,3.4022346368715084,2.2960893854748603,1.1992551210428306,0.8063314711359404,787.4599627560522,0.0,0.0,0.9757914338919925,0.5027932960893855,0.4729981378026071,0.0,0.9925512104283054
35,2042.2792022792023,-0.8304558404558405,3.977207977207977,1.735042735042735,0.6923076923076923,1.0,777.5185185185185,0.0,0.0,1.4102564102564104,0.7207977207977208,0.6894586894586895,0.0,1.0
36,2043.536312849162,0.11706703910614524,3.5502793296089385,1.664804469273743,0.9189944134078212,0.952513966480447,791.8966480446927,0.0,0.0,0.8770949720670391,0.42178770949720673,0.4553072625698324,0.0,0.9916201117318436
37,2062.1376451077945,-0.6424875621890548,3.2139303482587063,2.12106135986733,1.3582089552238805,0.7595356550580431,814.5323383084577,0.0,0.0,0.8756218905472637,0.5041459369817579,0.3714759535655058,0.0,0.9983416252072969
38,2033.0566037735848,-0.7829056603773585,4.320754716981132,1.5962264150943397,0.6188679245283019,0.7660377358490567,764.9396226415095,0.0,0.0,1.049056603773585,0.5056603773584906,0.5433962264150943,0.0,1.0
39,2042.9176470588236,-0.40002941176470586,2.961764705882353,1.8588235294117648,0.9588235294117647,1.026470588235294,796.1323529411765,0.0,0.0,0.7823529411764706,0.4,0.38235294117647056,0.0,0.9941176470588236
40,2069.771028037383,-0.5824299065420561,2.8753894080996885,2.121495327102804,1.3925233644859814,0.7912772585669782,811.5903426791277,0.0,0.0,1.0062305295950156,0.45950155763239875,0.5467289719626168,0.0,0.9953271028037384
41,2045.8704225352112,-0.4011267605633803,4.047887323943662,1.7267605633802816,0.9183098591549296,0.8732394366197183,806.7492957746479,0.0,0.0,2.2366197183098593,1.1661971830985915,1.0704225352112675,0.0,0.9971830985915493
42,2036.9444444444443,1.2503333333333333,3.625,1.7861111111111112,1.0166666666666666,1.0055555555555555,811.9444444444445,0.0,0.0,1.3611111111111112,0.7222222222222222,0.6388888888888888,0.0,0.9777777777777777
43,2062.7360655737707,-0.1505245901639344,2.8721311475409834,2.0901639344262297,1.3639344262295081,0.8491803278688524,850.2737704918032,0.0,0.0,1.0098360655737706,0.5442622950819672,0.46557377049180326,0.0,0.9901639344262295
44,2039.4302600472813,-0.41264775413711585,4.00709219858156,1.7281323877068557,1.0070921985815602,0.933806146572104,810.3853427895981,0.0,0.0,1.3026004728132388,0.6548463356973995,0.6477541371158393,0.0,0.9905437352245863
45,2043.8196286472148,1.8822546419098143,3.7745358090185674,2.0397877984084882,0.9018567639257294,1.090185676392573,811.4403183023873,0.0,0.0,1.8806366047745358,0.896551724137931,0.9840848806366048,0.0,0.9602122015915119
46,2062.839557399723,-0.3622821576763486,3.0428769017980635,2.1023513139695713,1.4854771784232366,0.7012448132780082,820.8478561549101,0.0,0.0,0.5947441217150761,0.2627939142461964,0.33195020746887965,0.0,0.9944674965421854
47,2043.5207100591715,-0.7754142011834319,4.908284023668639,1.5887573964497042,0.7100591715976331,1.0088757396449703,842.1242603550296,0.0,0.0,1.8047337278106508,0.849112426035503,0.9556213017751479,0.0,1.0
48,2041.9262295081967,2.384549180327869,3.389344262295082,1.7192622950819672,1.1782786885245902,0.9549180327868853,823.3401639344262,0.0,0.0,1.5040983606557377,0.764344262295082,0.7397540983606558,0.0,0.9672131147540983
49,2061.391025641026,-0.015299145299145292,2.7457264957264957,2.1292735042735043,1.6762820512820513,0.6068376068376068,850.7521367521367,0.0,0.0,1.0993589743589745,0.5908119658119658,0.5085470085470085,0.0,0.9903846153846154
50,2063.678646934461,-0.709090909090909,3.7399577167019027,1.4904862579281184,1.1120507399577166,1.0782241014799154,833.1881606765328,0.0,0.0,2.5200845665961946,1.1183932346723044,1.4016913319238902,0.0,0.9957716701902748
51,2041.25250501002,1.0294589178356714,3.9198396793587174,1.9519038076152304,1.0761523046092185,0.9418837675350702,859.6372745490982,0.0,0.0,1.2565130260521042,0.6993987975951904,0.5571142284569138,0.0,0.9739478957915831
52,2065.626146788991,-0.13511467889908257,3.1204128440366974,2.0137614678899083,1.661697247706422,0.6513761467889908,892.4793577981651,0.0,0.0,0.948394495412844,0.4805045871559633,0.46788990825688076,0.0,0.9908256880733946
53,2041.369387755102,0.2758571428571429,3.9244897959183676,1.5530612244897959,1.1653061224489796,0.9530612244897959,849.5632653061225,0.0,0.0,1.2510204081632652,0.6081632653061224,0.6428571428571429,0.0,0.9877551020408163
54,2043.430823117338,0.7501926444833625,3.7092819614711035,2.0052539404553413,1.1698774080560421,0.9387040280210157,843.0332749562172,0.0,0.0,1.0280210157618213,0.5376532399299475,0.4903677758318739,0.0,0.9754816112084063
55,2066.782816229117,-0.2702147971360382,3.048926014319809,2.2875894988066827,1.568019093078759,0.7231503579952268,855.4355608591885,0.0,0.0,1.5131264916467781,0.7136038186157518,0.7995226730310262,0.0,0.9880668257756563
56,2052.0934959349593,-0.7671341463414634,4.140243902439025,1.524390243902439,1.1016260162601625,0.8272357723577236,852.739837398374,0.0,0.0,1.4776422764227641,0.5955284552845529,0.8821138211382114,0.0,1.0
57,2052.8502024291497,0.7446558704453442,3.9595141700404857,1.6578947368421053,1.2388663967611335,0.9838056680161943,876.9412955465586,0.0,0.0,1.5020242914979758,0.6336032388663968,0.868421052631579,0.0,0.9838056680161943
58,2063.0967365967367,1.0203146853146854,2.6701631701631703,1.993006993006993,1.7494172494172495,0.6911421911421911,886.1317016317016,0.0,0.0,1.8473193473193472,0.9487179487179487,0.8986013986013986,0.0,0.9825174825174825
59,2051.1801652892564,-0.3506611570247934,3.6165289256198347,1.5702479338842976,1.3619834710743801,0.8016528925619835,841.0776859504132,0.0,0.0,1.228099173553719,0.6479338842975206,0.5801652892561984,0.0,0.9900826446280991
60,2070.9829545454545,1.7858143939393938,3.3541666666666665,1.831439393939394,1.1893939393939394,1.0246212121212122,850.6590909090909,0.0,0.0,2.445075757575758,1.1799242424242424,1.2651515151515151,0.0,0.9696969696969697
61,2072.4054054054054,-0.45722679200940075,3.119858989424207,2.309048178613396,1.4700352526439482,0.6345475910693302,876.0223266745006,0.0,0.0,1.4124559341950647,0.7132784958871915,0.699177438307873,0.0,0.9929494712103408
62,2046.4904270986744,0.821060382916053,3.3402061855670104,1.589101620029455,1.3917525773195876,0.8100147275405007,844.9248895434463,0.0,0.0,1.357879234167894,0.6877761413843888,0.6701030927835051,0.0,0.979381443298969
63,2053.441275167785,-0.16157718120805367,3.035234899328859,1.820469798657718,1.50503355704698,0.87248322147651,866.0453020134228,0.0,0.0,0.9765100671140939,0.47651006711409394,0.5,0.0,0.9899328859060402
64,2067.1539961013646,-0.5924561403508772,2.6968810916179335,2.212475633528265,1.8099415204678362,0.5497076023391813,874.0701754385965,0.0,0.0,0.9278752436647173,0.46588693957115007,0.4619883040935672,0.0,0.9970760233918129
65,2044.8278260869565,0.14725217391304346,3.666086956521739,1.9617391304347827,1.0452173913043479,0.8121739130434783,890.6260869565217,0.0,0.0,1.3356521739130436,0.5826086956521739,0.7530434782608696,0.0,0.9878260869565217
66,2029.0849056603774,3.4097978436657685,3.3692722371967654,1.8584905660377358,1.3908355795148248,0.8180592991913747,862.8018867924528,0.0,0.0,1.2991913746630728,0.6671159029649596,0.6320754716981132,0.0,0.9568733153638814
67,2063.270220588235,-0.3333823529411765,2.4770220588235294,1.9880514705882353,1.9641544117647058,0.53125,905.0909926470588,0.0,0.0,0.9577205882352942,0.48621323529411764,0.47150735294117646,0.0,0.9954044117647058
68,2056.9212034383954,-0.058839541547277927,3.502865329512894,1.6848137535816619,1.4140401146131805,0.7779369627507163,876.785100286533,0.0,0.0,1.8982808022922637,0.9068767908309455,0.9914040114613181,0.0,0.9871060171919771
69,2043.5011682242991,3.4151518691588785,3.003504672897196,2.1985981308411215,1.544392523364486,0.802570093457944,916.1845794392524,0.0,0.0,1.933411214953271,1.0233644859813085,0.9100467289719626,0.0,0.9310747663551402
70,2070.073426573427,0.3377622377622378,2.3767482517482517,2.18006993006993,1.9064685314685315,0.5157342657342657,929.1713286713286,0.0,0.0,1.6643356643356644,0.8557692307692307,0.8085664335664335,0.0,0.9895104895104895
71,2063.640866873065,-0.03148606811145508,3.654798761609907,1.848297213622291,1.1501547987616099,0.7987616099071208,896.1749226006192,0.0,0.0,2.236842105263158,1.1006191950464397,1.1362229102167183,0.0,0.9891640866873065
72,2027.5633456334563,4.909766297662976,3.119311193111931,2.023370233702337,1.4956949569495694,0.8167281672816729,893.3468634686346,0.0,0.0,1.831488314883149,0.915129151291513,0.9163591635916359,0.0,0.9188191881918819
73,2065.528949950932,-0.13309126594700688,2.479882237487733,2.0255152109911676,1.8940137389597644,0.577036310107949,949.2708537782139,0.0,0.0,1.3709519136408244,0.7625122669283612,0.6084396467124632,0.0,0.9892051030421982
74,2070.4607558139537,-0.03725290697674414,3.8343023255813953,2.082848837209302,1.1787790697674418,0.7805232558139535,923.3444767441861,0.0,0.0,2.2906976744186047,1.1438953488372092,1.1468023255813953,0.0,0.9854651162790697
75,2030.4334203655353,5.404908616187989,3.7715404699738904,2.1240208877284594,1.1827676240208878,0.8694516971279374,896.248041775457,0.0,0.0,1.902088772845953,0.8981723237597912,1.0039164490861618,0.0,0.9216710182767625
76,2070.4109589041095,0.8383219178082192,2.75,2.2148972602739727,1.8304794520547945,0.5273972602739726,923.0736301369863,0.0,0.0,1.8450342465753424,0.925513698630137,0.9195205479452054,0.0,0.9820205479452054
77,2063.568796068796,1.4639066339066338,3.6584766584766584,1.6633906633906634,1.5307125307125307,0.6904176904176904,893.5208845208845,0.0,0.0,2.51965601965602,1.2125307125307125,1.307125307125307,0.0,0.9828009828009828
78,2048.9364896073903,4.9624364896073905,2.8267898383371826,2.0023094688221708,1.5554272517321017,0.7471131639722863,909.0612009237875,0.0,0.0,2.792147806004619,1.4226327944572748,1.369515011547344,0.0,0.9295612009237876
79,2072.3531976744184,0.5643531976744186,2.3561046511627906,2.099563953488372,2.1380813953488373,0.47601744186046513,957.9026162790698,0.0,0.0,2.103924418604651,1.0406976744186047,1.0632267441860466,0.0,0.9767441860465116
80,2066.370449678801,-0.25977516059957173,3.088865096359743,1.6070663811563168,1.6862955032119915,0.6284796573875803,947.5139186295503,0.0,0.0,2.194860813704497,1.1059957173447537,1.088865096359743,0.0,0.9892933618843683
81,2049.6131953428203,2.3081759379042692,3.554980595084088,1.892626131953428,1.3984476067270375,0.8046571798188874,899.3673997412678,0.0,0.0,2.3389391979301424,1.1423027166882276,1.1966364812419146,0.0,0.9598965071151359
82,2050.4248062015504,2.8839147286821705,2.437984496124031,2.0410852713178294,2.1364341085271317,0.5232558139534884,928.1937984496124,0.0,0.0,1.1790697674418604,0.6124031007751938,0.5666666666666667,0.0,0.9666666666666667
83,2060.569266589057,-0.3341210710128056,3.441210710128056,1.3247962747380675,1.7264260768335273,0.6973224679860303,946.9243306169965,0.0,0.0,1.7112922002328288,0.8777648428405123,0.8335273573923166,0.0,0.9906868451688009
84,2042.4424498416051,3.4716684266103486,3.2375923970432945,1.983104540654699,1.6642027455121435,0.7043294614572334,908.1277719112989,0.0,0.0,1.6779303062302007,0.8954593453009504,0.7824709609292503,0.0,0.9450897571277719
85,2053.405857740586,2.247598326359833,2.718828451882845,2.096234309623431,1.8334728033472802,0.5338912133891214,899.4033472803347,0.0,0.0,1.2435146443514644,0.6343096234309623,0.6092050209205021,0.0,0.9673640167364017
86,2070.454029511918,-0.36233825198637915,3.507377979568672,1.4358683314415437,1.6662883087400682,0.656072644721907,914.3734392735528,0.0,0.0,1.7945516458569808,0.9511918274687855,0.8433598183881952,0.0,0.9943246311010215
87,2038.32502596054,5.170103842159917,3.005192107995846,1.7871235721703012,1.67601246105919,0.7071651090342679,890.3322949117342,0.0,0.0,1.7912772585669783,0.8515057113187954,0.9397715472481828,0.0,0.9293873312564901
88,2071.053646269908,1.276303436714166,2.2053646269907796,1.901089689857502,2.261525565800503,0.5138306789606035,917.8784576697401,0.0,0.0,1.9069572506286672,0.9832355406538139,0.9237217099748533,0.0,0.9832355406538139
89,2084.6968864468863,0.4314194139194139,2.8223443223443225,1.630952380952381,1.8406593406593406,0.5595238095238095,949.5879120879121,0.0,0.0,2.9175824175824174,1.413919413919414,1.5036630036630036,0.0,0.9862637362637363
90,2062.2634297520663,3.675929752066116,3.059917355371901,2.0020661157024793,1.6828512396694215,0.7541322314049587,923.0464876033058,0.0,0.0,3.427685950413223,1.7024793388429753,1.725206611570248,0.0,0.9297520661157025
91,2083.711111111111,0.5548461538461538,2.7196581196581198,2.1717948717948716,1.8752136752136752,0.5273504273504274,944.5735042735042,0.0,0.0,3.023076923076923,1.5145299145299145,1.5085470085470085,0.0,0.9888888888888889
92,2071.3434739941117,0.3143768400392542,3.1040235525024533,1.4877330716388617,1.8194308145240432,0.5740922473012757,932.8900883218841,0.0,0.0,1.944062806673209,0.9244357212953876,1.0196270853778213,0.0,0.985279685966634
93,2034.8784473953012,3.462196118488253,3.166496424923391,1.7201225740551582,1.648621041879469,0.7650663942798774,917.2737487231869,0.0,0.0,1.300306435137896,0.6241062308478039,0.676200204290092,0.0,0.9305413687436159
94,2070.4594807238395,0.3802753737214792,2.618410700236035,2.238394964594807,2.014948859166011,0.4980330448465775,921.9103068450039,0.0,0.0,1.4649881982690796,0.7600314712824547,0.7049567269866247,0.0,0.985837922895358
95,2088.95154185022,0.8540859030837005,3.4196035242290748,1.8579295154185023,1.4966960352422907,0.6618942731277533,918.2665198237886,0.0,0.0,1.8480176211453745,0.8601321585903083,0.987885462555066,0.0,0.9812775330396476
96,2045.124458874459,5.228030303030303,3.354978354978355,2.1006493506493507,1.5865800865800865,0.7251082251082251,879.228354978355,0.0,0.0,2.067099567099567,1.0303030303030303,1.0367965367965368,0.0,0.9318181818181818
97,2072.5653543307085,-0.19621259842519684,2.48503937007874,2.2,2.2267716535433073,0.4574803149606299,929.3370078740157,0.0,0.0,1.1929133858267718,0.6637795275590551,0.5291338582677165,0.0,0.9960629921259843
98,2064.77239199157,0.9516122233930454,3.1759747102212854,1.7228661749209695,1.6817702845100104,0.6406743940990516,911.740779768177,0.0,0.0,1.8482613277133826,0.9104320337197049,0.9378292939936775,0.0,0.9831401475237092
99,2035.7698815566837,5.9276057529610835,2.7918781725888326,2.1319796954314723,1.6759729272419628,0.628595600676819,897.665820642978,0.0,0.0,2.245346869712352,1.0736040609137056,1.1717428087986463,0.0,0.9035532994923858
100,2073.343305908751,2.5663500373971577,2.3328347045624533,2.1525804038893046,2.1204188481675392,0.5018698578908003,872.6925953627524,0.0,0.0,1.6454749439042633,0.8137621540762902,0.831712789827973,0.0,0.9693343305908751
101,2072.171821305842,1.1799083619702175,3.5899198167239406,1.7835051546391754,1.4444444444444444,0.6941580756013745,897.1958762886597,0.0,0.0,3.1924398625429555,1.5807560137457044,1.611683848797251,0.0,0.97709049255441
102,2038.8650306748466,5.419956178790534,2.7791411042944785,2.061349693251534,1.7221735319894829,0.6722173531989483,902.8641542506573,0.0,0.0,1.9193689745836986,0.9342681858019282,0.9851007887817704,0.0,0.9123575810692375
103,2066.7549407114625,0.27881422924901184,2.402371541501976,2.001581027667984,2.0972332015810276,0.4901185770750988,912.5312252964427,0.0,0.0,1.3272727272727274,0.6719367588932806,0.6553359683794466,0.0,0.9889328063241106
104,2077.681308411215,0.850177570093458,3.1710280373831776,1.985981308411215,1.6074766355140186,0.5785046728971963,930.7476635514018,0.0,0.0,1.9345794392523366,0.9925233644859813,0.9420560747663551,0.0,0.9813084112149533
105,2053.721875,4.491166666666667,3.5010416666666666,2.2041666666666666,1.4385416666666666,0.73125,873.2989583333333,0.0,0.0,2.176041666666667,1.053125,1.1229166666666666,0.0,0.9260416666666667
106,2071.851592851593,1.5897202797202798,2.7078477078477077,2.1880341880341883,1.9914529914529915,0.5027195027195027,907.7365967365968,0.0,0.0,1.5804195804195804,0.8127428127428128,0.7676767676767676,0.0,0.9759129759129759
107,2066.1619718309857,1.7661569416498994,3.337022132796781,1.596579476861167,1.7364185110663983,0.6096579476861167,865.1378269617707,0.0,0.0,1.4154929577464788,0.6720321931589537,0.7434607645875252,0.0,0.9758551307847082
108,2038.0972615675166,6.28671388101983,2.975448536355052,1.8885741265344664,1.5930122757318226,0.6732766761095373,867.5769593956563,0.0,0.0,2.251180358829084,1.0963172804532577,1.1548630783758262,0.0,0.9121813031161473
109,2064.732581287326,3.2432448573324484,2.320504313205043,2.1274054412740546,2.20836098208361,0.46914399469143997,897.1851360318514,0.0,0.0,1.9887193098871931,0.9794293297942933,1.0092899800928998,0.0,0.962176509621765
110,2080.519417475728,0.37143689320388346,3.1019417475728157,1.7485436893203883,1.703883495145631,0.5902912621359223,904.2194174757282,0.0,0.0,3.6407766990291264,1.6893203883495145,1.9514563106796117,0.0,0.9854368932038835
111,2060.0527472527474,2.724736263736264,3.1912087912087914,2.0142857142857142,1.4813186813186814,0.7153846153846154,883.454945054945,0.0,0.0,2.320879120879121,1.0626373626373626,1.2582417582417582,0.0,0.9593406593406594
112,2049.2359550561796,2.675243445692884,2.4838951310861423,2.0846441947565544,2.1453183520599253,0.48314606741573035,873.8142322097378,0.0,0.0,1.301123595505618,0.6599250936329588,0.6411985018726591,0.0,0.9640449438202248
113,2062.5203980099504,0.3031243781094527,3.071641791044776,1.663681592039801,1.7900497512437812,0.6109452736318408,905.7532338308457,0.0,0.0,1.2855721393034827,0.6288557213930348,0.6567164179104478,0.0,0.9860696517412936
114,2042.6017699115043,5.028259587020648,3.337266470009833,2.207472959685349,1.608652900688299,0.6627335299901671,872.9321533923304,0.0,0.0,2.145526057030482,1.0658800393313668,1.079646017699115,0.0,0.9233038348082596
115,2081.5539795114264,1.2206934594168637,2.6375098502758076,2.251379038613081,1.7383766745468874,0.5169424743892829,898.7021276595744,0.0,0.0,2.3617021276595747,1.2293144208037825,1.132387706855792,0.0,0.9732072498029944
116,2076.7515463917525,0.1325360824742268,3.450515463917526,1.5577319587628866,1.6195876288659794,0.6247422680412371,871.7113402061856,0.0,0.0,1.9577319587628865,0.9092783505154639,1.0484536082474227,0.0,0.9804123711340206
117,2041.519927536232,7.143097826086956,3.2083333333333335,1.9528985507246377,1.7355072463768115,0.7228260869565217,893.0996376811594,0.0,0.0,2.358695652173913,1.1521739130434783,1.2065217391304348,0.0,0.907608695652174
118,2071.958493466564,1.0649192928516527,2.2659492697924675,2.026902382782475,2.134511913912375,0.4965411222136818,912.1837048424289,0.0,0.0,1.9423520368946965,1.0138355111452728,0.9285165257494236,0.0,0.97847809377402
119,2089.093117408907,1.226080971659919,2.7757085020242913,1.6591093117408906,1.8234817813765183,0.5028340080971659,894.34008097166,0.0,0.0,2.825101214574899,1.2785425101214576,1.5465587044534412,0.0,0.9789473684210527
120,2044.692380952381,5.311800000000001,2.8,2.1276190476190475,1.66,0.7038095238095238,886.7,0.0,0.0,2.2733333333333334,1.1047619047619048,1.1685714285714286,0.0,0.9114285714285715
121,2097.778853914447,0.5865375302663438,2.625504439063761,2.2130750605326877,1.9596448748991122,0.5020177562550444,912.1727199354318,0.0,0.0,2.29136400322841,1.1638418079096045,1.1275221953188055,0.0,0.9854721549636803
122,2071.950649350649,0.4793593073593073,2.930735930735931,1.6337662337662338,1.8995670995670995,0.5333333333333333,936.2831168831169,0.0,0.0,2.8848484848484848,1.3411255411255412,1.5437229437229438,0.0,0.9826839826839827
123,2041.4533195020747,3.9103008298755184,2.9730290456431536,2.0031120331950207,1.6742738589211619,0.6773858921161826,878.26244813278,0.0,0.0,0.9844398340248963,0.44813278008298757,0.5363070539419087,0.0,0.9315352697095436
124,2060.5125925925927,1.7342814814814815,2.5725925925925925,2.486666666666667,2.0681481481481483,0.5022222222222222,911.7740740740741,0.0,0.0,1.2037037037037037,0.6244444444444445,0.5792592592592593,0.0,0.9733333333333334
125,2083.8075772681955,1.112642073778664,3.082751744765703,1.93419740777667,1.497507477567298,0.5962113659022931,911.4017946161515,0.0,0.0,2.514456630109671,1.1864406779661016,1.3280159521435693,0.0,0.9790628115653041
126,2040.2666666666667,5.440967136150235,3.375586854460094,2.0985915492957745,1.568075117370892,0.6694835680751173,870.7154929577465,0.0,0.0,2.1821596244131456,1.064788732394366,1.1173708920187793,0.0,0.9164319248826291
127,2057.0328441649194,3.0676240391334733,2.331236897274633,2.2683438155136266,2.146051712089448,0.47309573724668064,900.566037735849,0.0,0.0,1.4388539482879106,0.7260656883298393,0.7127882599580713,0.0,0.9643605870020965
128,2086.0535236396076,0.3182337198929527,2.8858162355040142,1.7992863514719002,1.7591436217662801,0.5566458519179304,939.4852809991079,0.0,0.0,2.2908117752007136,1.1382694023193578,1.152542372881356,0.0,0.9857270294380018
129,2055.093724531377,7.333683781581092,2.6951915240423796,2.1711491442542785,1.7514262428687857,0.6462917685411573,863.3651181744091,0.0,0.0,2.725346373268134,1.4050529747351264,1.3202933985330074,0.0,0.8973105134474327
130,2070.021111893033,3.528149190710767,2.2118226600985222,2.5749472202674175,2.067558057705841,0.49261083743842365,911.2800844475721,0.0,0.0,1.952146375791696,0.9634060520760028,0.9887403237156932,0.0,0.956368754398311
131,2099.2351694915255,-0.16342161016949153,3.315677966101695,2.1133474576271185,1.4120762711864407,0.6069915254237288,883.9523305084746,0.0,0.0,2.2245762711864407,1.083686440677966,1.1408898305084745,0.0,0.989406779661017
132,2062.7092547092548,6.572145782145782,2.837018837018837,2.4291564291564294,1.5855855855855856,0.6216216216216216,905.6355446355446,0.0,0.0,3.003276003276003,1.4095004095004096,1.5937755937755937,0.0,0.8918918918918919
133,2067.244976816074,1.7935239567233383,2.463678516228748,2.3693972179289027,2.118238021638331,0.527047913446677,930.6962905718701,0.0,0.0,1.001545595054096,0.527047913446677,0.47449768160741884,0.0,0.973724884080371
134,2075.1215106732348,1.9189162561576354,2.980295566502463,2.3505747126436782,1.4975369458128078,0.5123152709359606,904.6568144499179,0.0,0.0,2.3694581280788176,1.1141215106732347,1.2553366174055829,0.0,0.9770114942528736
135,2065.342391304348,4.043197463768116,3.2844202898550723,2.6032608695652173,1.3360507246376812,0.6965579710144928,889.0815217391304,0.0,0.0,3.0190217391304346,1.4990942028985508,1.519927536231884,0.0,0.9257246376811594
136,2056.270114942529,2.948146551724138,2.5804597701149423,2.7255747126436782,1.9295977011494252,0.4899425287356322,934.0344827586207,0.0,0.0,1.9877873563218391,1.0732758620689655,0.9145114942528736,0.0,0.9612068965517241
137,2060.79089376054,2.6215261382799326,2.917369308600337,2.1163575042158516,1.6686340640809443,0.5168634064080945,930.4274873524452,0.0,0.0,2.2554806070826308,1.0927487352445193,1.1627318718381112,0.0,0.9747048903878583
138,2034.4175170068027,7.2826445578231285,2.957482993197279,2.4600340136054424,1.5433673469387754,0.6284013605442177,923.7006802721088,0.0,0.0,3.052721088435374,1.5119047619047619,1.5408163265306123,0.0,0.8852040816326531
139,2060.7615141955835,4.6944668769716085,2.275709779179811,2.6990536277602524,2.1495268138801262,0.45615141955835964,914.9375394321767,0.0,0.0,3.0365930599369086,1.5520504731861198,1.4845425867507887,0.0,0.9438485804416403
140,2097.978583196046,0.6623723228995058,2.8039538714991763,2.3805601317957166,1.700988467874794,0.5041186161449753,923.6960461285008,0.0,0.0,3.624382207578254,1.6993410214168039,1.9250411861614498,0.0,0.9835255354200988
141,2063.175238095238,4.50847619047619,3.1723809523809523,2.498095238095238,1.4923809523809524,0.7047619047619048,907.2847619047619,0.0,0.0,2.8314285714285714,1.3238095238095238,1.5076190476190476,0.0,0.9171428571428571
142,2068.1190994916483,2.1645315904139433,2.460421205519245,2.6521423384168483,2.1292665214233844,0.47639796659404504,906.7661583151779,0.0,0.0,2.019607843137255,1.0072621641249093,1.0123456790123457,0.0,0.9709513435003632
143,2061.863025962399,0.9123903312444046,3.0205908683974934,2.0143240823634736,1.64816472694718,0.549686660698299,956.3043867502238,0.0,0.0,1.7779767233661594,0.909579230080573,0.8683974932855864,0.0,0.9829901521933752
144,2033.0674740484428,8.234515570934256,3.2551903114186853,2.6046712802768166,1.53719723183391,0.657439446366782,901.6929065743944,0.0,0.0,2.378892733564014,1.1539792387543253,1.2249134948096885,0.0,0.8866782006920415
145,2074.4778434268833,2.063456425406204,2.4918759231905465,2.7178729689807977,1.7710487444608567,0.5110782865583456,888.354505169867,0.0,0.0,2.9106351550960117,1.5428360413589366,1.3677991137370753,0.0,0.9615952732644018
146,2084.072037914692,0.6388056872037914,3.054028436018957,2.2,1.5781990521327014,0.5630331753554503,953.3412322274881,0.0,0.0,2.576303317535545,1.2085308056872037,1.3677725118483413,0.0,0.9819905213270143
147,2042.2584181675802,8.369827721221613,3.0391542678151917,2.389193422083007,1.600626468285043,0.6084573218480814,896.556773688332,0.0,0.0,2.5152701644479247,1.1401722787783868,1.375097885669538,0.0,0.8935003915426781
148,2078.77269426289,1.830152505446623,2.2941176470588234,2.5562817719680466,2.087872185911402,0.4807552650689906,915.0290486564996,0.0,0.0,3.1510530137981116,1.59840232389252,1.5526506899055919,0.0,0.9665940450254176
149,2099.3433641975307,2.539243827160494,2.8356481481481484,2.10570987654321,1.8719135802469136,0.49074074074074076,935.6257716049382,0.0,0.0,3.4290123456790123,1.6435185185185186,1.7854938271604939,0.0,0.966820987654321
150,2062.1678431372547,5.57001568627451,2.715294117647059,2.4101960784313725,1.5741176470588236,0.6094117647058823,902.2894117647058,0.0,0.0,2.8337254901960782,1.3450980392156864,1.488627450980392,0.0,0.9113725490196078
151,2088.867302052786,2.3774780058651026,2.558651026392962,2.693548387096774,1.8328445747800586,0.5043988269794721,920.0183284457478,0.0,0.0,2.6942815249266863,1.3643695014662756,1.3299120234604105,0.0,0.968475073313783
152,2084.4175732217573,0.7509372384937238,2.805020920502092,1.9673640167364017,1.8543933054393305,0.5330543933054394,928.6995815899581,0.0,0.0,2.968200836820084,1.4569037656903765,1.5112970711297071,0.0,0.9782426778242678
153,2052.056672760512,4.549981718464351,2.954296160877514,2.357404021937843,1.606032906764168,0.7020109689213894,929.7888482632541,0.0,0.0,2.453382084095064,1.186471663619744,1.2669104204753199,0.0,0.9277879341864717
154,2052.925,3.0645625,2.522222222222222,2.752083333333333,1.9972222222222222,0.4840277777777778,937.2013888888889,0.0,0.0,1.4541666666666666,0.6993055555555555,0.7548611111111111,0.0,0.9569444444444445
155,2089.894106813996,0.8604143646408839,3.095764272559853,2.4410681399631677,1.441988950276243,0.5902394106813996,876.4337016574585,0.0,0.0,4.443830570902394,2.151012891344383,2.292817679558011,0.0,0.9806629834254144
156,2063.7105038428695,4.1284884713919725,3.2758326216908626,2.354397950469684,1.4987190435525193,0.637062339880444,888.9923142613151,0.0,0.0,2.443210930828352,1.1853116994022204,1.2578992314261315,0.0,0.9197267292912041
157,2068.809523809524,3.0504963112005363,2.3360160965794767,2.7136150234741785,2.0778001341381622,0.45539906103286387,917.9644533869886,0.0,0.0,1.9470154258886654,0.9684775318578136,0.9785378940308518,0.0,0.9651240778001341
158,2098.4194092827006,0.3827848101265823,2.8143459915611815,2.10042194092827,1.7443037974683544,0.5147679324894515,936.5172995780591,0.0,0.0,3.4675105485232067,1.6886075949367088,1.778902953586498,0.0,0.9831223628691983
159,2046.1051073279052,4.8765507031828275,2.848260547742413,2.546262028127313,1.7246484085862324,0.6084381939304219,907.8904515173945,0.0,0.0,2.150259067357513,1.1280532938564027,1.0222057735011103,0.0,0.8956328645447816
160,2052.6370860927154,4.1008079470198675,2.3072847682119204,2.7450331125827816,1.990066225165563,0.4781456953642384,919.8,0.0,0.0,1.9735099337748345,1.0231788079470199,0.9503311258278145,0.0,0.9509933774834437
161,2096.92736935341,0.09615589016829053,3.0637732506643047,2.2559787422497783,1.528786536758193,0.5367581930912312,957.1939769707706,0.0,0.0,3.093002657218778,1.545615589016829,1.5473870682019486,0.0,0.9858281665190434
162,2059.2036474164133,6.6754103343465045,2.770516717325228,2.5410334346504557,1.6048632218844985,0.5957446808510638,930.629179331307,0.0,0.0,3.382978723404255,1.6504559270516717,1.7325227963525835,0.0,0.8936170212765957
163,2072.847711927982,1.5361215303825957,2.463615903975994,2.5101275318829708,2.1470367591897976,0.4988747186796699,949.0457614403601,0.0,0.0,1.8484621155288823,0.9707426856714179,0.8777194298574643,0.0,0.9707426856714179
164,2081.6992724333063,0.9609539207760712,2.93856103476152,2.4842360549717055,1.6160064672594987,0.5012126111560227,978.8245755860954,0.0,0.0,2.018593371059014,0.9555375909458367,1.063055780113177,0.0,0.9797898140662894
165,2062.1530705774517,4.826810265811183,3.4491292392300643,2.639780018331806,1.3253895508707607,0.692025664527956,935.7717690192484,0.0,0.0,2.5682859761686525,1.2612282309807517,1.307057745187901,0.0,0.9000916590284143
166,2070.661090909091,3.1472218181818183,2.6552727272727275,2.8138181818181818,1.9752727272727273,0.504,934.8545454545455,0.0,0.0,2.036363636363636,1.0203636363636364,1.016,0.0,0.9549090909090909
167,2075.6564762670955,0.47963797264682223,2.8624296057924377,2.257441673370877,1.7715205148833468,0.49798873692679,911.2912308930008,0.0,0.0,2.081255028157683,1.075623491552695,1.005631536604988,0.0,0.9831053901850362
168,2054.5907949790794,6.687188284518828,3.0468619246861923,2.3849372384937237,1.5606694560669456,0.6435146443514644,889.4,0.0,0.0,2.7330543933054394,1.300418410041841,1.4326359832635984,0.0,0.897907949790795
169,2063.3364427860697,3.7701057213930347,2.2935323383084576,2.691542288557214,2.150497512437811,0.4558457711442786,900.5441542288557,0.0,0.0,2.0242537313432836,0.9713930348258707,1.052860696517413,0.0,0.943407960199005
170,2087.714173844949,-0.0658809710258418,2.740015661707126,2.216914643696163,1.7376664056382145,0.4988253719655442,932.1707126076742,0.0,0.0,3.2380579483163663,1.5458104933437744,1.692247454972592,0.0,0.9874706342991386
171,2067.54752851711,3.9496768060836507,3.155893536121673,2.4657794676806084,1.491444866920152,0.6711026615969582,912.9828897338404,0.0,0.0,3.54467680608365,1.6159695817490494,1.9287072243346008,0.0,0.935361216730038
172,2053.826755852843,3.295946488294314,2.3993311036789295,2.6709030100334448,2.046153846153846,0.4642140468227425,884.9083612040134,0.0,0.0,1.674247491638796,0.8093645484949833,0.8648829431438128,0.0,0.954515050167224
173,2064.4649737302975,0.8544045534150613,2.9290718038528896,2.1094570928196146,1.658493870402802,0.5455341506129597,899.6961471103327,0.0,0.0,2.1856392294220663,1.0035026269702276,1.182136602451839,0.0,0.9816112084063048
174,2028.7088285229202,6.486986417657046,3.168081494057725,2.7130730050933787,1.5492359932088284,0.6511035653650254,906.4006791171477,0.0,0.0,2.0730050933786077,1.0203735144312394,1.0526315789473684,0.0,0.8896434634974533
175,2060.9625899280577,3.019028776978417,2.4676258992805757,2.8028776978417267,1.7805755395683454,0.46402877697841727,906.1532374100719,0.0,0.0,2.3776978417266186,1.1589928057553958,1.218705035971223,0.0,0.9618705035971223
176,2074.853826311264,0.4339638865004299,3.0223559759243335,2.2545141874462598,1.6638005159071367,0.5331040412725709,894.475494411006,0.0,0.0,3.1401547721410146,1.467755803955288,1.6723989681857265,0.0,0.9871023215821152
177,2032.0630284396618,6.1553958493466565,3.0661029976940815,2.5073020753266717,1.6648731744811682,0.5895465026902382,904.5495772482706,0.0,0.0,2.6556495003843197,1.288239815526518,1.3674096848578017,0.0,0.8854727132974635
178,2063.181753889675,1.7946605374823197,2.231966053748232,2.557991513437058,2.0742574257425743,0.47029702970297027,904.597595473833,0.0,0.0,2.1202263083451203,1.0742574257425743,1.045968882602546,0.0,0.9695898161244696
179,2069.991111111111,-0.17822222222222223,2.6874074074074072,2.165185185185185,1.854074074074074,0.4740740740740741,904.4414814814814,0.0,0.0,3.0192592592592593,1.4044444444444444,1.614814814814815,0.0,0.9911111111111112
180,2056.200960768615,4.467061649319455,2.586068855084067,2.620496397117694,1.622097678142514,0.589271417133707,885.8959167333867,0.0,0.0,3.2818254603682946,1.5196156925540432,1.7622097678142514,0.0,0.9151321056845476
181,2065.8687089715536,1.7480014587892052,2.5528811086797956,2.7709700948212985,1.8212983223924144,0.474835886214442,888.1604668125456,0.0,0.0,2.588621444201313,1.2640408460977388,1.324580598103574,0.0,0.9744711889132021
182,2054.521015067407,1.0013322759714514,2.703409992069786,2.036478984932593,1.8675654242664552,0.49008723235527357,879.0134813639968,0.0,0.0,2.161776367961935,1.112609040444092,1.049167327517843,0.0,0.9785884218873909
183,2028.7420189818808,4.922786885245902,2.926660914581536,2.4978429680759273,1.544434857635893,0.6479723899913719,908.7592752372735,0.0,0.0,2.2122519413287316,1.0569456427955133,1.1553062985332183,0.0,0.908541846419327
184,2048.399051490515,2.8970731707317072,2.4491869918699187,2.8821138211382116,1.978319783197832,0.44579945799457993,897.7581300813008,0.0,0.0,1.146341463414634,0.5562330623306233,0.5901084010840109,0.0,0.9600271002710027
185,2072.5373134328356,1.3452765583845478,2.920105355575066,2.518876207199298,1.408252853380158,0.5504828797190519,898.4811237928008,0.0,0.0,2.6189640035118527,1.1870061457418788,1.4319578577699736,0.0,0.9771729587357331
186,2042.8569023569023,5.862382154882155,3.1565656565656566,2.4234006734006734,1.5092592592592593,0.6321548821548821,862.1085858585859,0.0,0.0,3.0664983164983166,1.4191919191919191,1.6473063973063973,0.0,0.9023569023569024
187,2048.6088657105606,3.5992959582790087,2.3070404172099086,2.6701434159061277,2.0664928292046936,0.4445893089960887,855.7092568448501,0.0,0.0,1.7757496740547587,0.9530638852672751,0.8226857887874837,0.0,0.9563233376792699
188,2056.951383067896,1.8634534786253143,2.8516345347862533,2.126571668063705,1.6990779547359598,0.5113160100586757,872.7418273260687,0.0,0.0,2.25314333612741,1.0268231349538977,1.2263202011735121,0.0,0.9748533109807209
189,2040.1824871228844,4.767314201618837,2.803532008830022,2.6070640176600444,1.7314201618837382,0.5724797645327446,849.4415011037528,0.0,0.0,2.6799116997792494,1.229580573951435,1.4503311258278146,0.0,0.9072847682119205
190,2056.5696452036796,2.633462549277267,2.264126149802891,2.8002628120893562,2.026281208935611,0.46846254927726677,897.5880420499343,0.0,0.0,2.277923784494087,1.1681997371879107,1.109724047306176,0.0,0.9448094612352168
191,2068.9760479041915,0.9999914456800685,3.053892215568862,2.4456800684345597,1.4602224123182208,0.5124037639007699,877.9443969204448,0.0,0.0,2.899059024807528,1.4140290846877672,1.4850299401197604,0.0,0.9820359281437125
192,2034.934880239521,4.157080838323353,2.7739520958083834,2.5741017964071857,1.6497005988023952,0.5883233532934131,862.2919161676647,0.0,0.0,2.279940119760479,1.0875748502994012,1.1923652694610778,0.0,0.9019461077844312
193,2054.5022556390977,2.5324060150375938,2.4458646616541353,2.644360902255639,2.126315789473684,0.49624060150375937,873.239097744361,0.0,0.0,1.4165413533834585,0.7315789473684211,0.6849624060150376,0.0,0.9616541353383459
194,2056.904485049834,0.930921926910299,3.027408637873754,2.6569767441860463,1.6137873754152825,0.5257475083056479,884.4493355481727,0.0,0.0,2.088870431893688,0.9667774086378738,1.122093023255814,0.0,0.978405315614618
195,2031.7613065326634,4.532043551088777,3.258793969849246,2.73785594639866,1.243718592964824,0.6499162479061976,859.8525963149078,0.0,0.0,2.1440536013400333,0.9991624790619765,1.144891122278057,0.0,0.8994974874371859
196,2048.2194092827003,2.998185654008439,2.660337552742616,2.7623066104078764,1.919831223628692,0.4866385372714487,880.1054852320675,0.0,0.0,1.6005625879043601,0.8270042194092827,0.7735583684950773,0.0,0.9592123769338959
197,2056.117004680187,1.0066380655226208,2.875195007800312,2.3517940717628707,1.7269890795631826,0.5078003120124805,891.2152886115445,0.0,0.0,1.997659906396256,0.8658346333853354,1.1318252730109204,0.0,0.982839313572543
198,2031.4142973192527,6.521933387489845,3.113728675873274,2.479285134037368,1.5556458164094233,0.6498781478472786,866.0487408610885,0.0,0.0,2.6848090982940698,1.2997562956945572,1.3850528025995126,0.0,0.8895207148659626
199,2054.6549165120596,4.162164502164503,2.315398886827458,2.823747680890538,2.1261595547309833,0.44650587507730366,884.2362399505257,0.0,0.0,2.1440940012368586,1.0043290043290043,1.139764996907854,0.0,0.9468150896722325
200,2070.2186520376176,0.6389028213166145,2.890282131661442,2.3142633228840124,1.6332288401253918,0.4890282131661442,877.6590909090909,0.0,0.0,2.725705329153605,1.286833855799373,1.438871473354232,0.0,0.9866771159874608
201,2056.825438596491,4.117149122807017,3.3964912280701753,2.493859649122807,1.4166666666666667,0.6622807017543859,874.9052631578948,0.0,0.0,2.851754385964912,1.3078947368421052,1.543859649122807,0.0,0.9192982456140351
202,2050.6900662251655,3.982827814569536,2.386754966887417,2.7450331125827816,2.0410596026490064,0.4682119205298013,837.6980132450332,0.0,0.0,1.876158940397351,0.9470198675496688,0.9291390728476822,0.0,0.9463576158940398
203,2077.5162995594715,0.37006167400881057,3.0519823788546256,2.1841409691629954,1.6933920704845815,0.5303964757709251,879.9885462555067,0.0,0.0,2.420264317180617,1.1004405286343613,1.3198237885462556,0.0,0.9850220264317181
204,2026.5708435708436,6.4104340704340705,3.104832104832105,2.764127764127764,1.511056511056511,0.6257166257166257,861.6846846846847,0.0,0.0,2.963963963963964,1.4651924651924653,1.4987714987714988,0.0,0.8869778869778869
205,2057.447719298246,3.2544491228070176,2.472982456140351,2.8105263157894735,1.6933333333333334,0.4624561403508772,833.9045614035088,0.0,0.0,3.5796491228070177,1.8056140350877192,1.7740350877192983,0.0,0.9550877192982457
206,2082.0008012820513,0.07361378205128204,2.875801282051282,2.28525641025641,1.5769230769230769,0.5104166666666666,857.3838141025641,0.0,0.0,4.5889423076923075,2.15625,2.4326923076923075,0.0,0.9927884615384616
207,2049.7408560311283,5.560645914396887,2.890272373540856,2.6280155642023346,1.62568093385214,0.5782101167315176,853.0661478599221,0.0,0.0,3.8264591439688718,1.909727626459144,1.9167315175097277,0.0,0.8933852140077821
208,2064.647646219686,3.325049928673324,2.2596291012838803,2.671897289586305,2.115549215406562,0.4793152639087018,866.756062767475,0.0,0.0,2.674037089871612,1.413694721825963,1.2603423680456491,0.0,0.9586305278174037
209,2069.190166305134,1.6706001446131598,2.6131597975415763,2.2783803326102676,1.846710050614606,0.4656543745480839,850.2885032537961,0.0,0.0,2.9016630513376716,1.3962400578452638,1.5054229934924077,0.0,0.9804772234273319
210,2066.19,3.6567615384615384,2.5984615384615384,2.540769230769231,1.6353846153846154,0.5992307692307692,863.1638461538462,0.0,0.0,3.166153846153846,1.3976923076923078,1.7684615384615385,0.0,0.9246153846153846
211,2065.21788502484,1.7052022711142656,2.5067423704755147,2.787792760823279,1.7750177430801988,0.47054648687012063,850.6302342086586,0.0,0.0,2.4457061745919093,1.2604684173172462,1.1852377572746629,0.0,0.971611071682044
212,2067.927781871776,1.1781503316138542,2.600589535740604,2.077376565954311,1.8179808400884303,0.46057479734708917,855.6197494473103,0.0,0.0,2.4944731024318347,1.212969786293294,1.281503316138541,0.0,0.9793662490788504
213,2040.9563729683491,6.341736526946107,3.048759623609923,2.402908468776732,1.5089820359281436,0.6407185628742516,845.8297690333618,0.0,0.0,1.9409751924721985,0.9153122326775022,1.0256629597946962,0.0,0.9024807527801539
214,2041.8160315374507,4.406024967148489,2.4967148488830486,2.8442838370565044,1.92838370565046,0.4579500657030223,852.7437582128778,0.0,0.0,1.8331143232588698,0.911957950065703,0.9211563731931669,0.0,0.9441524310118266
215,2072.7608333333333,1.5546833333333332,2.8875,2.5225,1.4016666666666666,0.51,855.7191666666666,0.0,0.0,2.950833333333333,1.3733333333333333,1.5775,0.0,0.98
216,2047.3774671052631,5.986916118421052,3.367598684210526,2.3791118421052633,1.4983552631578947,0.6241776315789473,879.8791118421053,0.0,0.0,3.4901315789473686,1.671875,1.8182565789473684,0.0,0.897203947368421
217,2056.7786509495745,3.9923379174852656,2.33464309102816,2.719056974459725,2.068762278978389,0.4453176162409954,891.4197773411919,0.0,0.0,2.0962671905697445,1.0615586116568434,1.0347085789129011,0.0,0.9580877537655533
218,2070.611697806661,2.088009748172218,2.940698619008936,2.124289195775792,1.7367993501218522,0.5150284321689683,909.8497156783103,0.0,0.0,2.6734362307067423,1.2437043054427295,1.429731925264013,0.0,0.9740048740861088
219,2042.0058436815193,6.856376917457998,2.9547114682249815,2.579985390796202,1.6756756756756757,0.5756026296566837,876.7925493060628,0.0,0.0,2.2074506939371803,1.0116873630387144,1.195763330898466,0.0,0.887509130752374
220,2060.025464556091,2.419442532690984,2.3406744666207846,2.92842395044735,2.0406056434962148,0.4783207157604955,874.0529938059188,0.0,0.0,1.5746730901582933,0.760495526496903,0.8141775636613903,0.0,0.9621472814865795
221,2084.7770700636943,-0.33732484076433117,3.3339399454049135,2.4185623293903546,1.5204731574158326,0.5714285714285714,906.4121929026387,0.0,0.0,2.5332120109190175,1.21565059144677,1.3175614194722476,0.0,0.9899909008189263
222,2030.620292083013,5.5489315910837815,2.907763259031514,2.6364335126825518,1.5764796310530362,0.5887778631821675,838.7148347425058,0.0,0.0,2.1014604150653344,0.9800153727901614,1.121445042275173,0.0,0.8946963873943121
223,2059.3080701754384,1.7990736842105262,2.5052631578947366,2.517894736842105,2.037894736842105,0.4687719298245614,870.4926315789473,0.0,0.0,1.3936842105263159,0.7501754385964913,0.6435087719298246,0.0,0.96
224,2060.318863456985,2.0137647987371743,3.0591949486977112,2.6424625098658248,1.5611681136543014,0.5082872928176796,925.4269928966062,0.0,0.0,2.249408050513023,1.0947119179163378,1.1546961325966851,0.0,0.9700078926598263
225,2037.813856427379,5.4595575959933225,3.33889816360601,2.7646076794657763,1.2495826377295491,0.6302170283806344,842.1903171953255,0.0,0.0,1.6769616026711185,0.8121869782971619,0.8647746243739566,0.0,0.8973288814691152
226,2041.4655056932352,3.9107769591426655,2.566644340254521,2.6892163429336904,1.8251841929002008,0.4547890154052244,883.3583389149363,0.0,0.0,1.5351640991292699,0.7937039517749498,0.7414601473543202,0.0,0.955123911587408
227,2054.5633255633256,1.7562859362859364,2.9215229215229215,2.3255633255633255,1.6705516705516705,0.4926184926184926,908.7195027195028,0.0,0.0,1.087024087024087,0.5182595182595182,0.5687645687645687,0.0,0.9766899766899767
228,2035.669992325403,5.364858019953952,3.1320030698388335,2.4374520337682273,1.5019186492709133,0.6070606293169608,861.4881043745204,0.0,0.0,1.4136607828089025,0.6270145817344589,0.7866462010744436,0.0,0.8917881811204912
229,2032.9519572953736,6.201524317912218,2.2918149466192173,2.7141162514827997,2.0883748517200473,0.4608540925266904,838.5581257413997,0.0,0.0,1.472123368920522,0.6909845788849348,0.7811387900355872,0.0,0.9252669039145908
230,2079.0155763239877,-0.10565420560747665,2.85202492211838,2.3886292834890965,1.7149532710280373,0.4937694704049844,887.3380062305296,0.0,0.0,2.17601246105919,1.0412772585669783,1.134735202492212,0.0,0.9890965732087228
231,2068.3333333333335,4.250615655233069,3.3579595426561126,2.6745822339489886,1.4001759014951627,0.6992084432717678,906.5804749340369,0.0,0.0,2.5549692172383467,1.1539138082673703,1.4010554089709764,0.0,0.920844327176781
232,2040.1307847082494,5.17765928906774,2.3957075788061704,2.7934272300469485,2.0261569416498992,0.46210596914822266,883.0449362843729,0.0,0.0,1.409121395036888,0.7598926894701542,0.6492287055667337,0.0,0.9476861167002012
233,2067.706576728499,1.410860033726813,2.9814502529510962,2.1922428330522767,1.7487352445193929,0.5295109612141653,887.4502529510961,0.0,0.0,1.4991568296795952,0.6779089376053963,0.821247892074199,0.0,0.9831365935919055
234,2031.9921445404557,6.093032207384132,3.2639434406912806,2.737627651217596,1.5082482325216024,0.6229379418695994,901.8546739984289,0.0,0.0,1.467399842890809,0.7219167321288296,0.7454831107619796,0.0,0.8923802042419482
235,2048.1560332871013,4.161386962552012,2.5866851595006937,2.8016643550624134,1.717753120665742,0.46601941747572817,877.1629680998614,0.0,0.0,1.3689320388349515,0.6789181692094314,0.6900138696255201,0.0,0.9431345353675451
236,2066.720692368214,1.4847600314712825,3.0393391030684502,2.2856018882769473,1.5987411487018095,0.5216365066876475,874.0590086546026,0.0,0.0,1.864673485444532,0.8914240755310779,0.973249409913454,0.0,0.978756884343037
237,2035.1027450980391,6.92244705882353,3.2062745098039214,2.6431372549019607,1.6368627450980393,0.6368627450980392,898.2792156862745,0.0,0.0,1.6792156862745098,0.7772549019607843,0.9019607843137255,0.0,0.8847058823529412
238,2040.8582243633862,5.543269098417068,2.3964211975223675,2.680660701995871,2.078458362009635,0.5072264280798349,880.2216104611149,0.0,0.0,1.5244322092222986,0.7804542326221611,0.7439779766001376,0.0,0.94287680660702
239,2063.5735512630013,2.636552748885587,2.774145616641902,2.2704309063893016,1.8358098068350668,0.5052005943536404,889.7451708766716,0.0,0.0,1.7659732540861812,0.8432392273402675,0.9227340267459139,0.0,0.9702823179791976
240,2041.3884555382215,4.523736349453978,3.075663026521061,2.6840873634945397,1.5491419656786272,0.6185647425897036,899.6809672386895,0.0,0.0,1.4095163806552262,0.672386895475819,0.7371294851794071,0.0,0.9126365054602185
241,2048.848182466144,3.59039914468995,2.6856735566642906,2.8360655737704916,1.8232359230220956,0.5224518888096935,901.0855310049893,0.0,0.0,1.0798289379900214,0.5260156806842481,0.5538132573057734,0.0,0.9565217391304348
242,2059.6349331235247,2.0697639653815894,2.8434303697875687,2.147128245476003,1.8670338316286388,0.5247836349331235,905.1290322580645,0.0,0.0,1.946498819826908,0.8591660110149488,1.0873328088119592,0.0,0.970889063729347
243,2051.6023007395233,4.717181594083813,3.3853738701725553,2.4272801972062448,1.4790468364831553,0.6417419884963024,890.1216105176663,0.0,0.0,1.6713229252259656,0.7740345110928513,0.8972884141331142,0.0,0.9178307313064914
244,2028.040312093628,6.308088426527958,2.526007802340702,2.879063719115735,1.933029908972692,0.47724317295188556,888.8023407022107,0.0,0.0,1.111183355006502,0.5416124837451235,0.5695708712613784,0.0,0.9369310793237972
245,2077.4262574595055,1.2007416879795396,3.050298380221654,2.6231884057971016,1.4595055413469735,0.5515771526001705,914.1398124467178,0.0,0.0,1.7698209718670077,0.8678601875532822,0.9019607843137255,0.0,0.9778346121057119
246,2045.0008123476848,4.846238830219334,3.5077173030056863,2.5930138099106417,1.5402112103980503,0.6271324126726239,891.2753858651503,0.0,0.0,1.6385052802599513,0.7944760357432982,0.8440292445166532,0.0,0.9155158407798538
247,2030.528350515464,4.906018041237113,2.4304123711340204,2.7628865979381443,2.027061855670103,0.46005154639175255,870.6295103092783,0.0,0.0,0.5689432989690721,0.2970360824742268,0.27190721649484534,0.0,0.9510309278350515
248,2055.3518518518517,2.2227858293075684,2.9017713365539453,2.2302737520128826,1.7020933977455717,0.5394524959742351,897.292270531401,0.0,0.0,1.328502415458937,0.6618357487922706,0.6666666666666666,0.0,0.9758454106280193
249,2048.0783308931186,6.117393850658859,3.068081991215227,2.672767203513909,1.642752562225476,0.575402635431918,884.9487554904831,0.0,0.0,1.7276720351390922,0.7840409956076134,0.9436310395314788,0.0,0.8887262079062958
250,2056.1175298804783,3.5606573705179287,2.347277556440903,2.8718459495351927,1.9873837981407703,0.4548472775564409,897.136786188579,0.0,0.0,1.1892430278884463,0.6095617529880478,0.5796812749003984,0.0,0.952855245683931
251,2082.0466321243525,0.6778497409326425,3.1563039723661483,2.4861830742659756,1.4835924006908463,0.5569948186528497,916.2374784110535,0.0,0.0,1.6588946459412781,0.7875647668393783,0.8713298791018999,0.0,0.9835924006908463
252,2047.072156862745,4.42438431372549,2.981176470588235,2.703529411764706,1.6266666666666667,0.5952941176470589,908.5349019607843,0.0,0.0,1.9372549019607843,0.8933333333333333,1.043921568627451,0.0,0.9050980392156863
253,2059.1282593375618,1.524862579281184,2.470754052149401,2.5377026074700493,2.035940803382664,0.47780126849894294,884.2938689217759,0.0,0.0,0.9274136715997181,0.42071881606765327,0.5066948555320648,0.0,0.9696969696969697
254,2064.212145748988,2.0465587044534415,3.1546558704453442,2.585425101214575,1.5676113360323887,0.5263157894736842,928.8145748987854,0.0,0.0,1.7781376518218623,0.8558704453441296,0.9222672064777327,0.0,0.968421052631579
255,2060.260941370768,6.065293146160198,3.480594549958712,2.829066886870355,1.301403798513625,0.6251032204789431,893.2196531791908,0.0,0.0,3.449215524360033,1.616019818331957,1.833195706028076,0.0,0.902559867877787
256,2054.5498305084748,3.6521762711864407,2.656271186440678,2.7735593220338983,1.808135593220339,0.471864406779661,874.4298305084745,0.0,0.0,1.6040677966101695,0.7959322033898305,0.808135593220339,0.0,0.9572881355932203
257,2058.7424593967517,2.5750657385924205,2.9698375870069604,2.3186388244392884,1.7037896365042537,0.5073472544470224,901.3665893271461,0.0,0.0,1.2119102861562259,0.5908739365815932,0.6210363495746326,0.0,0.97138437741686
258,2038.2388178913739,4.83384984025559,3.351437699680511,2.4736421725239617,1.5071884984025559,0.6373801916932907,904.6054313099041,0.0,0.0,1.6293929712460065,0.7579872204472844,0.8714057507987221,0.0,0.9001597444089456
259,2039.8043875685557,4.743107861060329,2.3936624009750154,2.8275441803778185,2.101157830591103,0.453382084095064,885.3717245581962,0.0,0.0,1.2157221206581352,0.5722120658135283,0.643510054844607,0.0,0.935405240706886
260,2060.074961360124,1.1297140649149922,2.9142194744976817,2.3956723338485317,1.740340030911901,0.490726429675425,908.2789799072643,0.0,0.0,1.473724884080371,0.7086553323029366,0.7650695517774343,0.0,0.9799072642967542
261,2053.412064570943,4.199855564995752,3.258283772302464,2.553950722175021,1.43160577740017,0.6567544604927783,902.1163976210705,0.0,0.0,1.4995751911639763,0.6762956669498725,0.8232795242141037,0.0,0.9150382327952421
262,2035.846052631579,5.317072368421052,2.4480263157894737,2.800657894736842,2.0559210526315788,0.4901315789473684,864.8980263157895,0.0,0.0,0.8763157894736842,0.4421052631578947,0.4342105263157895,0.0,0.9414473684210526
263,2063.6862582781455,0.7598427152317881,3.0769867549668874,2.1357615894039736,1.701158940397351,0.5289735099337748,905.5099337748344,0.0,0.0,1.0951986754966887,0.5355960264900662,0.5596026490066225,0.0,0.9834437086092715
264,2035.8120184899847,6.1652619414483825,3.399845916795069,2.7187981510015407,1.4907550077041603,0.6171032357473035,915.2896764252696,0.0,0.0,1.3335901386748845,0.5993836671802774,0.734206471494607,0.0,0.884437596302003
265,2046.4733146067415,4.276601123595506,2.658707865168539,2.851123595505618,1.7549157303370786,0.48314606741573035,876.4676966292135,0.0,0.0,1.2703651685393258,0.6278089887640449,0.6425561797752809,0.0,0.9536516853932584
266,2064.5214676034348,2.9143950039032007,3.0491803278688523,2.288056206088993,1.6455893832943014,0.49492583918813426,877.67993754879,0.0,0.0,1.1850117096018735,0.5550351288056206,0.629976580796253,0.0,0.975800156128025
267,2046.4834488067745,6.336243264049269,3.2671285604311007,2.7151655119322555,1.6197074672825251,0.5989222478829869,922.9668976135489,0.0,0.0,1.3841416474210932,0.6012317167051578,0.7829099307159353,0.0,0.8822170900692841
268,2041.95961670089,4.616379192334017,2.298425735797399,2.626967830253251,2.0629705681040384,0.4469541409993155,880.3668720054757,0.0,0.0,0.8829568788501027,0.44421629021218345,0.43874058863791926,0.0,0.9541409993155373
269,2047.9763488543977,3.2484035476718405,2.819660014781966,2.3458980044345896,1.8662232076866223,0.4870657797487066,890.6289726533629,0.0,0.0,0.9704360679970436,0.44124168514412415,0.5291943828529194,0.0,0.9696969696969697
270,2045.54754601227,5.274555214723927,3.0720858895705523,2.6572085889570554,1.5874233128834356,0.6150306748466258,897.5828220858896,0.0,0.0,1.3151840490797546,0.5989263803680982,0.7162576687116564,0.0,0.9041411042944786
271,2047.808895066018,4.0616608756080606,2.635858234885337,2.7956914523974983,1.7908269631688674,0.5024322446143155,865.8464211257818,0.0,0.0,1.3968033356497567,0.6497567755385685,0.7470465601111883,0.0,0.9534398888116747
272,2051.0084097859326,2.171827217125382,2.724006116207951,2.2110091743119265,1.6995412844036697,0.47782874617737003,904.6804281345566,0.0,0.0,0.9174311926605505,0.42201834862385323,0.4954128440366973,0.0,0.9732415902140673
273,2052.005520504732,3.2527208201892743,3.1380126182965298,2.4353312302839116,1.4897476340694007,0.6269716088328076,885.1324921135647,0.0,0.0,1.2287066246056781,0.5954258675078864,0.6332807570977917,0.0,0.9227129337539433
274,2028.5417996171027,5.6803254626675175,2.6477345245692407,2.8672622846202938,1.9029993618379069,0.4830887045309509,891.6305041480537,0.0,0.0,0.5998723675813656,0.2686662412252712,0.3312061263560944,0.0,0.9221442246330568
275,2066.467479674797,0.5749024390243902,2.9235772357723575,2.5902439024390245,1.448780487804878,0.4983739837398374,892.2341463414634,0.0,0.0,1.1422764227642277,0.5365853658536586,0.6056910569105691,0.0,0.9796747967479674
276,2037.0522213561965,4.2691971940763835,3.562743569758379,2.53078721745908,1.4442712392829307,0.6141855027279813,888.9516757599376,0.0,0.0,0.9399844115354637,0.46141855027279816,0.47856586126266565,0.0,0.9111457521434139
277,2034.2271844660195,4.3899870550161815,2.421359223300971,2.8245954692556636,2.040129449838188,0.45501618122977344,896.200647249191,0.0,0.0,0.6537216828478964,0.35016181229773463,0.3035598705501618,0.0,0.9488673139158577
278,2054.2367549668875,1.7742135761589404,2.9735099337748343,2.31705298013245,1.6440397350993377,0.5173841059602649,892.5918874172186,0.0,0.0,0.9428807947019867,0.4776490066225166,0.4652317880794702,0.0,0.9826158940397351
279,2033.323695345557,4.332877291960508,3.086036671368124,2.5916784203102963,1.6346967559943582,0.5655853314527504,887.3201692524683,0.0,0.0,0.7143864598025388,0.3455571227080395,0.3688293370944993,0.0,0.8977433004231312
280,2039.8896020539153,4.244897304236201,2.3581514762516047,2.813222079589217,1.975609756097561,0.48459563543003853,882.0064184852375,0.0,0.0,0.5892169448010269,0.2907573812580231,0.29845956354300385,0.0,0.9409499358151476
281,2070.780082987552,0.27764315352697094,3.1651452282157675,2.5153526970954356,1.5120331950207468,0.5443983402489626,910.407468879668,0.0,0.0,0.9004149377593361,0.43651452282157677,0.46390041493775935,0.0,0.9858921161825727
282,2047.031914893617,4.331284194528876,2.9939209726443767,2.7401215805471124,1.6246200607902737,0.6056231003039514,888.2674772036474,0.0,0.0,0.9832826747720365,0.43009118541033436,0.5531914893617021,0.0,0.8951367781155015
283,2035.145305003427,4.419383139136395,2.4818368745716244,2.5065113091158326,2.006168608636052,0.5058259081562714,880.5154215215902,0.0,0.0,0.5270733379026731,0.26593557230980125,0.26113776559287183,0.0,0.9458533241946538
284,2041.9030256012413,2.9098913886733904,3.113266097750194,2.664856477889837,1.6198603568657874,0.4926299456943367,922.3801396431342,0.0,0.0,0.5197827773467805,0.20713731574864236,0.3126454615981381,0.0,0.9689681923972071
285,2038.312898089172,4.283240445859873,3.4275477707006368,2.770700636942675,1.2547770700636942,0.6568471337579618,905.0843949044586,0.0,0.0,0.7691082802547771,0.35270700636942676,0.4164012738853503,0.0,0.9092356687898089
286,2033.814865794907,5.600082587749484,2.826565726083964,2.8107364074328975,1.8589125946317964,0.5106675843083276,915.9050240880936,0.0,0.0,0.786648313833448,0.40674466620784583,0.3799036476256022,0.0,0.9332415691672402
287,2043.5934897804693,2.819795609386828,2.9576078728236186,2.4133232399697198,1.7259651778955336,0.4882664647993944,906.9182437547313,0.0,0.0,0.6608629825889477,0.31718395155185464,0.34367903103709313,0.0,0.9697199091597275
288,2038.421658986175,4.340622119815668,3.228110599078341,2.38863287250384,1.5368663594470047,0.6136712749615976,925.8486943164363,0.0,0.0,1.2887864823348694,0.6251920122887865,0.663594470046083,0.0,0.9070660522273426
289,2026.791491911324,6.982516476932295,2.4164170161773515,2.787896944278011,2.0844817255841823,0.4385859796285201,909.5278609946075,0.0,0.0,0.6626722588376274,0.3505092869982025,0.3121629718394248,0.0,0.9227082085080887
290,2064.9119448698316,1.428866768759571,2.95635528330781,2.2542113323124044,1.660030627871363,0.5053598774885145,910.1638591117917,0.0,0.0,0.944104134762634,0.4724349157733537,0.47166921898928027,0.0,0.9785604900459418
291,2048.1285240464344,3.788814262023217,3.511608623548922,2.406301824212272,1.4071310116086235,0.6475953565505804,918.723880597015,0.0,0.0,1.0887230514096187,0.49336650082918737,0.5953565505804311,0.0,0.9129353233830846
292,2040.7391581632653,5.707091836734693,2.44515306122449,2.7302295918367347,1.9987244897959184,0.4923469387755102,873.2563775510204,0.0,0.0,0.9304846938775511,0.44834183673469385,0.48214285714285715,0.0,0.9355867346938775
293,2057.670395869191,2.0441394148020655,3.1222030981067124,2.1497418244406195,1.6247848537005163,0.5413080895008606,895.630808950086,0.0,0.0,0.9750430292598967,0.4604130808950086,0.5146299483648882,0.0,0.9776247848537005
294,2029.7736720554271,5.087675134719015,3.4003079291762894,2.739030023094688,1.5550423402617397,0.6458814472671286,910.3248652809854,0.0,0.0,0.6189376443418014,0.27174749807544263,0.34719014626635875,0.0,0.8922247882986913
295,2052.487323943662,3.5757253521126757,2.6795774647887325,2.8119718309859154,1.7295774647887323,0.4950704225352113,888.4084507042254,0.0,0.0,1.1,0.5563380281690141,0.543661971830986,0.0,0.9507042253521126
296,2058.9013632718525,2.3705372894947874,3.1972734562951084,2.3207698476343226,1.5637530072173216,0.5260625501202887,891.9430633520449,0.0,0.0,1.0136327185244587,0.5132317562149158,0.5004009623095429,0.0,0.9735364875701684
297,2033.969088098918,6.1163214837712525,3.408809891808346,2.58887171561051,1.5973724884080371,0.6197836166924265,901.3778979907264,0.0,0.0,1.1313755795981453,0.49768160741885625,0.633693972179289,0.0,0.8902627511591963
298,2039.0377229080932,4.951961591220851,2.36556927297668,2.655692729766804,2.085048010973937,0.5116598079561042,870.6001371742112,0.0,0.0,1.01920438957476,0.49657064471879286,0.522633744855967,0.0,0.9465020576131687
299,2056.606856309263,2.2698978847556526,2.8570386579139315,2.4142961342086067,1.798687089715536,0.4762946754194019,888.1487964989059,0.0,0.0,0.849744711889132,0.42304886943836617,0.42669584245076586,0.0,0.9715536105032823
300,2055.813953488372,3.823953488372093,3.151937984496124,2.7255813953488373,1.5829457364341086,0.6124031007751938,911.8232558139534,0.0,0.0,1.0108527131782945,0.4387596899224806,0.5720930232558139,0.0,0.9131782945736434
301,2053.5914285714284,2.992671428571428,2.6914285714285713,2.8457142857142856,1.7785714285714285,0.48142857142857143,911.9992857142857,0.0,0.0,0.82,0.4142857142857143,0.4057142857142857,0.0,0.9671428571428572
302,2058.922962962963,1.9259925925925927,2.7311111111111113,2.1777777777777776,1.8311111111111111,0.48814814814814816,894.2118518518519,0.0,0.0,1.0577777777777777,0.48814814814814816,0.5696296296296296,0.0,0.9711111111111111
303,2049.598214285714,3.707069805194805,3.4009740259740258,2.4756493506493507,1.4610389610389611,0.6582792207792207,911.2670454545455,0.0,0.0,1.2215909090909092,0.599025974025974,0.622564935064935,0.0,0.913961038961039
304,2029.113219895288,6.59,2.6047120418848166,2.981020942408377,1.9155759162303665,0.49214659685863876,920.984947643979,0.0,0.0,0.7205497382198953,0.35340314136125656,0.36714659685863876,0.0,0.930628272251309
305,2078.860561056106,0.3375825082508251,3.0264026402640263,2.677392739273927,1.466996699669967,0.5074257425742574,926.6254125412541,0.0,0.0,1.018151815181518,0.4834983498349835,0.5346534653465347,0.0,0.9867986798679867
306,2043.7728355837967,3.630587768069897,3.7140587768069895,2.590945194598888,1.5035742652899127,0.6282764098490866,943.3931691818904,0.0,0.0,1.0325655281969817,0.4948371723590151,0.5377283558379666,0.0,0.9086576648133439
307,2040.0921479558729,4.390966904607398,2.4860480207657365,2.737832576249189,2.0415314730694356,0.45295262816353016,903.8818948734588,0.0,0.0,0.791693705386113,0.3848150551589877,0.4068786502271252,0.0,0.9539260220635951
308,2058.670667666917,2.812723180795199,2.8252063015753937,2.261815453863466,1.6459114778694675,0.477119279819955,911.8064516129032,0.0,0.0,0.9354838709677419,0.4778694673668417,0.4576144036009002,0.0,0.9669917479369843
309,2052.5080645161293,4.4580205278592375,3.1722873900293256,2.696480938416422,1.6986803519061584,0.6041055718475073,941.066715542522,0.0,0.0,1.0161290322580645,0.45454545454545453,0.5615835777126099,0.0,0.9024926686217009
310,2036.995501285347,4.709357326478149,2.384318766066838,2.841902313624679,1.9922879177377892,0.43444730077120824,933.9665809768637,0.0,0.0,0.6966580976863753,0.33547557840616965,0.36118251928020567,0.0,0.9434447300771208
311,2061.530190239868,0.9193300248138958,3.128205128205128,2.5235732009925558,1.411910669975186,0.5351530190239868,942.5111662531017,0.0,0.0,0.7808105872622002,0.3746898263027295,0.40612076095947064,0.0,0.9859387923904053
312,2036.8089488636363,4.5852556818181816,2.9176136363636362,2.583096590909091,1.6029829545454546,0.5710227272727273,890.2159090909091,0.0,0.0,1.2017045454545454,0.5880681818181818,0.6136363636363636,0.0,0.8970170454545454
313,2040.648854961832,3.6146842470506595,2.600971547536433,2.5933379597501736,2.0319222761970854,0.5385149201943095,900.3462873004858,0.0,0.0,0.630117973629424,0.33448993754337264,0.29562803608605137,0.0,0.9486467730742539
314,2057.190076335878,3.089442748091603,3.0770992366412213,2.685496183206107,1.585496183206107,0.5091603053435114,897.6618320610687,0.0,0.0,0.8145038167938932,0.40916030534351144,0.40534351145038167,0.0,0.9687022900763359
315,2038.423519736842,4.8969078947368425,3.6447368421052633,2.828125,1.2532894736842106,0.6282894736842105,871.8363486842105,0.0,0.0,0.9901315789473685,0.4662828947368421,0.5238486842105263,0.0,0.90625
316,2033.0836653386455,5.026215139442231,2.7861885790172645,2.762284196547145,1.800796812749004,0.49667994687915007,898.4980079681275,0.0,0.0,0.6082337317397079,0.299468791500664,0.30876494023904383,0.0,0.9349269588313412
317,2049.9378486055775,3.425482071713147,3.1083665338645416,2.448605577689243,1.653386454183267,0.5163346613545817,913.5609561752988,0.0,0.0,0.6326693227091633,0.3075697211155379,0.3250996015936255,0.0,0.9673306772908367
318,2049.881568627451,4.690109803921569,3.3223529411764705,2.4862745098039216,1.5960784313725491,0.6188235294117647,898.0133333333333,0.0,0.0,1.1137254901960785,0.5529411764705883,0.5607843137254902,0.0,0.8933333333333333
319,2035.8946752486834,5.8976009362200115,2.390286717378584,2.7448800468110006,2.0848449385605616,0.43885313048566416,898.7325921591574,0.0,0.0,1.0743124634289059,0.5377413692217671,0.5365710942071387,0.0,0.9227618490345231
320,2068.116913484022,1.2139360872954015,2.9618082618862043,2.46921278254092,1.6305533904910365,0.505066250974279,909.4645362431801,0.0,0.0,0.8222915042868277,0.39984411535463754,0.4224473889321902,0.0,0.9781761496492596
321,2050.3836734693878,3.2681632653061223,3.489795918367347,2.4914285714285715,1.4179591836734693,0.6530612244897959,894.1722448979592,0.0,0.0,1.2897959183673469,0.6057142857142858,0.6840816326530612,0.0,0.9240816326530612
322,2043.8325612177366,5.11379219060225,2.543348775645268,2.900066181336863,2.039708802117803,0.4923891462607545,892.56518861681,0.0,0.0,0.9318332230311053,0.4818001323626737,0.4500330906684315,0.0,0.9311714096624751
323,2069.1474730737364,1.158367854183927,3.164043082021541,2.180613090306545,1.660314830157415,0.5509527754763878,891.3860811930406,0.0,0.0,1.5700082850041426,0.7149958574979287,0.8550124275062138,0.0,0.9792874896437448
324,2044.4742033383916,4.646100151745068,3.449924127465857,2.7617602427921093,1.4817905918057663,0.6115326251896813,932.6335356600911,0.0,0.0,1.176783004552352,0.5333839150227617,0.6433990895295902,0.0,0.8922610015174507
325,2040.4764542936289,4.368483379501385,2.6385041551246537,2.7957063711911356,1.7333795013850415,0.4909972299168975,902.0893351800554,0.0,0.0,1.1128808864265929,0.5602493074792244,0.5526315789473685,0.0,0.9501385041551247
326,2071.3516228748067,0.7256568778979907,3.030139103554869,2.3153013910355487,1.6058732612055642,0.5023183925811437,916.9327666151469,0.0,0.0,1.3315301391035548,0.6282843894899537,0.7032457496136012,0.0,0.9860896445131375
327,2038.061313868613,6.116386861313869,3.2503649635036496,2.578102189781022,1.5846715328467154,0.5802919708029197,892.658394160584,0.0,0.0,1.2102189781021897,0.5562043795620438,0.654014598540146,0.0,0.8934306569343066
328,2041.8314150304673,5.037704807041299,2.3689911983750847,2.6499661475964795,2.071090047393365,0.4867975626269465,912.6445497630332,0.0,0.0,1.159783344617468,0.5646580907244414,0.5951252538930264,0.0,0.9417738659444821
329,2054.07797833935,3.0265848375451263,2.831768953068592,2.4433212996389893,1.775451263537906,0.4924187725631769,908.9913357400723,0.0,0.0,1.2194945848375451,0.5826714801444043,0.6368231046931407,0.0,0.9667870036101083
330,2043.49430523918,4.8327790432801825,3.044798785117692,2.680334092634776,1.5922551252847381,0.5899772209567198,912.9020501138953,0.0,0.0,1.1921032649962036,0.5679574791192104,0.6241457858769932,0.0,0.9020501138952164
331,2042.5516285516285,4.3869438669438665,2.713097713097713,2.7962577962577964,1.7595287595287594,0.4753984753984754,889.9154539154539,0.0,0.0,0.8794178794178794,0.43936243936243935,0.44005544005544006,0.0,0.9577269577269577
332,2051.0759493670885,2.529188384214445,2.769173492181683,2.1511541325390917,1.877885331347729,0.4616530156366344,913.2509307520477,0.0,0.0,1.1593447505584513,0.5510052122114668,0.6083395383469844,0.0,0.9702159344750558
333,2043.5016694490819,3.9695409015025045,3.4065108514190316,2.541736227045075,1.5459098497495827,0.6686143572621035,926.1160267111853,0.0,0.0,1.0450751252086812,0.5292153589315526,0.5158597662771286,0.0,0.9106844741235393
334,2028.7720634920636,6.551225396825397,2.6025396825396827,2.881904761904762,1.9073015873015873,0.4876190476190476,927.7612698412698,0.0,0.0,0.9911111111111112,0.48,0.5111111111111111,0.0,0.9276190476190476
335,2058.3649177760376,2.7304385277995302,2.8574784651527017,2.6225528582615505,1.3758809710258417,0.49099451840250585,911.4698512137822,0.0,0.0,1.6029757243539546,0.8010963194988254,0.8018794048551292,0.0,0.971025841816758
336,2049.7393292682927,4.057469512195122,3.5297256097560976,2.535823170731707,1.4214939024390243,0.6021341463414634,928.6646341463414,0.0,0.0,1.3254573170731707,0.6211890243902439,0.7042682926829268,0.0,0.9123475609756098
337,2032.747782002535,5.630855513307985,2.5247148288973382,2.746514575411914,2.067807351077313,0.47465145754119137,928.4702154626109,0.0,0.0,0.761723700887199,0.39226869455006336,0.3694550063371356,0.0,0.935361216730038
338,2064.9059485530547,1.2493649517684888,2.9581993569131835,2.3263665594855305,1.6704180064308682,0.4991961414790997,954.0739549839228,0.0,0.0,1.4220257234726688,0.6463022508038585,0.7757234726688103,0.0,0.97508038585209
339,2039.0667139815473,4.164286728176011,3.168914123491838,2.707594038325053,1.6941092973740242,0.5663591199432222,894.2895670688431,0.0,0.0,1.3087295954577716,0.63875088715401,0.6699787083037615,0.0,0.8985095812633073
340,2041.5544554455446,5.214217821782178,2.4594059405940594,2.8574257425742573,2.074587458745875,0.4976897689768977,936.5089108910892,0.0,0.0,1.2594059405940594,0.6151815181518152,0.6442244224422442,0.0,0.935973597359736
341,2072.2741116751267,0.49247884940778336,3.1878172588832485,2.504230118443316,1.4923857868020305,0.5169204737732657,937.587986463621,0.0,0.0,1.1607445008460238,0.5956006768189509,0.5651438240270727,0.0,0.9813874788494078
342,2062.3484959647835,3.738349229640499,2.8650036683785767,2.6294937637564195,1.6250917094644168,0.5774027879677183,919.7395451210565,0.0,0.0,1.3279530447542187,0.6353631694790902,0.6925898752751284,0.0,0.9038884812912693
343,2043.05138607167,4.641196754563895,2.5111561866125762,2.528059499661934,1.9898580121703855,0.495605138607167,913.7701149425287,0.0,0.0,0.9398242055442867,0.4834347532116295,0.4563894523326572,0.0,0.9377958079783637
344,2048.4969650986345,3.3581487101669194,2.926403641881639,2.6267071320182094,1.6388467374810318,0.496206373292868,946.8072837632777,0.0,0.0,1.0440060698027314,0.5189681335356601,0.5250379362670713,0.0,0.9658573596358119
345,2060.1262376237623,3.2675577557755777,3.4430693069306932,2.966171617161716,1.226072607260726,0.641914191419142,929.4174917491749,0.0,0.0,1.3391089108910892,0.6377887788778878,0.7013201320132013,0.0,0.9042904290429042
346,2044.065649867374,5.567294429708222,2.7042440318302385,2.7553050397877983,1.830238726790451,0.4960212201591512,925.2095490716181,0.0,0.0,1.192970822281167,0.6445623342175066,0.5484084880636605,0.0,0.9383289124668435
347,2055.810971089696,2.8442105263157895,2.9006671608598964,2.356560415122313,1.687175685693106,0.4699777613046701,915.9696071163825,0.0,0.0,1.1682727946627132,0.5604151223128243,0.6078576723498889,0.0,0.971830985915493
348,2045.554012345679,5.206543209876544,3.255401234567901,2.549382716049383,1.5470679012345678,0.6311728395061729,931.8063271604939,0.0,0.0,1.367283950617284,0.6388888888888888,0.7283950617283951,0.0,0.8881172839506173
349,2030.1007798440312,7.6582483503299335,2.406718656268746,2.830833833233353,2.1175764847030596,0.4379124175164967,926.2771445710857,0.0,0.0,1.0767846430713857,0.5146970605878824,0.5620875824835033,0.0,0.9214157168566287
350,2074.4569732937684,1.210593471810089,2.9102373887240356,2.486646884272997,1.7210682492581602,0.4732937685459941,938.6520771513353,0.0,0.0,1.3909495548961424,0.685459940652819,0.7054896142433235,0.0,0.983679525222552
351,2054.6444629475436,3.6567277268942546,3.436303080766028,2.5029142381348874,1.4154870940882598,0.6852622814321399,925.2014987510408,0.0,0.0,1.353871773522065,0.6361365528726062,0.7177352206494588,0.0,0.922564529558701
352,2051.9825033647376,4.616621803499327,2.518169582772544,2.8997308209959622,2.091520861372813,0.49125168236877526,933.2489905787348,0.0,0.0,1.0672947510094213,0.5201884253028264,0.5471063257065949,0.0,0.9434724091520862
353,2081.4694397283533,1.289074702886248,3.064516129032258,2.229202037351443,1.731748726655348,0.5543293718166383,976.4796264855688,0.0,0.0,1.304753820033956,0.6375212224108658,0.66723259762309,0.0,0.9838709677419355
354,2031.5052870090635,5.700861027190332,3.4274924471299095,2.745468277945619,1.4765861027190332,0.5996978851963746,947.9010574018126,0.0,0.0,1.2590634441087614,0.5861027190332326,0.6729607250755287,0.0,0.8897280966767371
355,2043.451203208556,4.988389037433155,2.551470588235294,2.8335561497326203,1.6818181818181819,0.4766042780748663,915.9010695187166,0.0,0.0,1.0982620320855614,0.5802139037433155,0.518048128342246,0.0,0.9378342245989305
356,2080.8291731669265,0.6699219968798751,3.0054602184087362,2.421216848673947,1.563182527301092,0.49453978159126366,925.9032761310452,0.0,0.0,1.5663026521060843,0.751170046801872,0.8151326053042122,0.0,0.9859594383775351
357,2049.5109329446063,5.098913994169096,3.3841107871720117,2.6020408163265305,1.586734693877551,0.5983965014577259,930.195335276968,0.0,0.0,1.033527696793003,0.48760932944606417,0.5459183673469388,0.0,0.8935860058309038
358,2039.2285902503295,6.4467720685111995,2.397233201581028,2.619235836627141,2.0237154150197627,0.5072463768115942,907.4222661396575,0.0,0.0,1.0421607378129116,0.5368906455862977,0.505270092226614,0.0,0.9308300395256917
359,2053.949752300071,2.183956121726822,2.712668082094834,2.3680113234253364,1.8280254777070064,0.45506015569709835,913.3389950460014,0.0,0.0,0.9603680113234253,0.43878273177636234,0.521585279547063,0.0,0.9738145789101204
360,2056.3414820473645,3.7440718105423985,3.150496562261268,2.700534759358289,1.5294117647058822,0.6103896103896104,948.6539343009931,0.0,0.0,1.1596638655462186,0.5202444614209321,0.6394194041252865,0.0,0.9083269671504965
361,2054.1619718309857,3.7845140845070424,2.664788732394366,2.8471830985915494,1.8401408450704226,0.4936619718309859,932.3823943661972,0.0,0.0,1.158450704225352,0.5753521126760563,0.5830985915492958,0.0,0.9478873239436619
362,2066.041973490427,1.9686303387334316,2.649484536082474,2.1870397643593518,1.8519882179675995,0.47128129602356406,919.759941089838,0.0,0.0,1.3365243004418261,0.6885125184094256,0.6480117820324006,0.0,0.9705449189985272
363,2050.0462287104624,4.042149229521493,3.3965936739659366,2.4931062449310626,1.4776966747769666,0.6463909164639091,945.6025952960259,0.0,0.0,1.3519870235198703,0.681265206812652,0.6707218167072182,0.0,0.9083536090835361
364,2035.0542328042327,6.636402116402116,2.685185185185185,2.937830687830688,1.943121693121693,0.47883597883597884,953.1223544973545,0.0,0.0,0.9054232804232805,0.44312169312169314,0.4623015873015873,0.0,0.9312169312169312
365,2099.7219123505974,1.494764940239044,2.9171314741035856,2.6286852589641434,1.4167330677290837,0.5123505976095617,971.3155378486056,0.0,0.0,1.3784860557768925,0.6525896414342629,0.7258964143426295,0.0,0.9752988047808765
366,2054.9224137931033,4.786246081504702,3.6293103448275863,2.5901253918495297,1.5282131661442007,0.6073667711598746,946.1778996865204,0.0,0.0,1.378526645768025,0.6818181818181818,0.6967084639498433,0.0,0.9059561128526645
367,2027.1352750809062,6.918724919093851,2.474433656957929,2.8084142394822007,2.0362459546925566,0.44854368932038835,951.6576051779936,0.0,0.0,0.8705501618122977,0.45048543689320386,0.42006472491909386,0.0,0.941747572815534
368,2065.8312302839117,2.117917981072555,2.8817034700315456,2.277602523659306,1.7034700315457414,0.5141955835962145,961.2673501577287,0.0,0.0,1.1758675078864353,0.5662460567823344,0.6096214511041009,0.0,0.9771293375394322
369,2039.8379728765167,5.217915774446824,3.150606709493219,2.671663097787295,1.6709493219129194,0.5924339757316203,922.3675945753033,0.0,0.0,1.2312633832976445,0.6081370449678801,0.6231263383297645,0.0,0.8957887223411849
370,2057.5379537953795,3.606772277227723,2.403960396039604,2.9115511551155118,1.99009900990099,0.4792079207920792,943.2468646864686,0.0,0.0,1.1683168316831682,0.6099009900990099,0.5584158415841585,0.0,0.9584158415841584
371,2082.178137651822,0.5128421052631579,3.0331983805668017,2.5076923076923077,1.5012145748987855,0.5149797570850202,958.0008097165992,0.0,0.0,1.379757085020243,0.6364372469635627,0.7433198380566801,0.0,0.9813765182186235
372,2046.4463768115943,4.877934782608696,2.95,2.626086956521739,1.6,0.5833333333333334,922.6369565217391,0.0,0.0,1.2318840579710144,0.5666666666666667,0.6652173913043479,0.0,0.8978260869565218
373,2056.5488826815645,3.5411662011173184,2.5391061452513966,2.55377094972067,1.9965083798882681,0.48533519553072624,911.0307262569833,0.0,0.0,1.1738826815642458,0.6424581005586593,0.5314245810055865,0.0,0.9518156424581006
374,2067.324508320726,1.7833055975794252,2.993948562783661,2.5763993948562782,1.6172465960665658,0.4939485627836611,933.9425113464448,0.0,0.0,1.1361573373676248,0.5809379727685325,0.5552193645990923,0.0,0.9765506807866868
375,2066.2595041322315,3.6236694214876035,3.5768595041322313,2.9057851239669423,1.2611570247933885,0.631404958677686,930.7107438016529,0.0,0.0,1.7008264462809917,0.8107438016528926,0.8900826446280992,0.0,0.9099173553719008
376,2044.29945799458,5.493746612466125,2.6890243902439024,2.7953929539295395,1.8380758807588076,0.49254742547425473,943.4186991869918,0.0,0.0,1.0467479674796747,0.5088075880758808,0.537940379403794,0.0,0.9383468834688347
377,2073.254872563718,1.6858620689655173,2.886806596701649,2.457271364317841,1.6604197901049476,0.4827586206896552,956.9880059970016,0.0,0.0,1.0262368815592204,0.48875562218890556,0.5374812593703149,0.0,0.9775112443778111
378,2056.314241486068,4.734411764705882,3.3095975232198143,2.4938080495356036,1.543343653250774,0.608359133126935,967.3072755417957,0.0,0.0,1.3103715170278638,0.6199690402476781,0.6904024767801857,0.0,0.8947368421052632
379,2036.766686355582,6.485274660366214,2.3414057885410515,2.7932663910218545,2.0744240992321323,0.44713526284701716,948.0100413467218,0.0,0.0,0.9078558771411696,0.47194329592439455,0.43591258121677495,0.0,0.9226225634967513
380,2081.5080763582964,1.5047577092511013,2.8120411160058736,2.3465491923641704,1.6762114537444934,0.47577092511013214,954.1174743024964,0.0,0.0,1.0513950073421439,0.48237885462555063,0.5690161527165932,0.0,0.9787077826725403
381,2057.981432360743,4.509672855879752,3.576480990274094,2.645446507515473,1.3925729442970822,0.7020335985853228,949.4951370468611,0.0,0.0,1.220159151193634,0.5605658709106985,0.6595932802829354,0.0,0.9160035366931919
382,2038.2160611854686,6.316813256851498,2.4875717017208414,2.8017845761631612,1.988527724665392,0.48311026131293816,926.1070745697897,0.0,0.0,0.8279158699808795,0.4212874442319949,0.40662842574888464,0.0,0.9247928616953474
383,2076.897619047619,1.348047619047619,3.0134920634920634,2.223015873015873,1.6944444444444444,0.4793650793650794,964.4007936507936,0.0,0.0,0.9277777777777778,0.4301587301587302,0.4976190476190476,0.0,0.9817460317460317
384,2028.841906202723,6.818744326777609,3.4319213313161874,2.7299546142208775,1.3963691376701968,0.5960665658093798,936.7291981845689,0.0,0.0,0.959909228441755,0.45385779122541603,0.5060514372163388,0.0,0.875945537065053
385,2056.3118503118503,4.153776853776853,2.6666666666666665,2.862785862785863,1.72002772002772,0.4781704781704782,924.4130284130284,0.0,0.0,1.0332640332640333,0.5162855162855163,0.5169785169785169,0.0,0.9431739431739432
386,2066.7259201252937,0.6299686765857478,3.111981205951449,2.341425215348473,1.4878621769772906,0.5066562255285826,918.6233359436178,0.0,0.0,0.8794048551292091,0.4048551292090838,0.4745497259201253,0.0,0.980422866092404
387,2044.6193502824858,5.315042372881356,3.2655367231638417,2.5649717514124295,1.594632768361582,0.5720338983050848,928.75,0.0,0.0,0.9152542372881356,0.4244350282485876,0.490819209039548,0.0,0.8968926553672316
388,2046.3626513702995,5.55861695347355,2.3683875079668577,2.5863607393244106,1.9502868068833652,0.47609942638623326,934.9840662842574,0.0,0.0,1.0739324410452518,0.5124282982791587,0.5615041427660931,0.0,0.9318036966220523
389,2058.7523553162855,2.223869448183042,2.674293405114401,2.3358008075370122,1.839165545087483,0.4488559892328398,942.557200538358,0.0,0.0,1.0464333781965007,0.5161507402422612,0.5302826379542396,0.0,0.9757738896366084
390,2045.9985315712188,3.5662114537444936,3.1101321585903086,2.5631424375917766,1.5220264317180616,0.6005873715124816,967.7995594713657,0.0,0.0,1.024229074889868,0.48751835535976507,0.5367107195301027,0.0,0.9140969162995595
391,2051.1589495507947,3.669288182446441,2.6938493434692465,2.8009675190048378,1.783690393918452,0.5155494125777471,968.0953697304768,0.0,0.0,0.9440221147201106,0.49274360746371804,0.4512785072563925,0.0,0.944713199723566
392,2049.663928304705,2.96680358476475,2.7781926811053026,2.235997012696042,1.7221807318894697,0.48917102315160566,934.201643017177,0.0,0.0,0.9477221807318895,0.45332337565347275,0.4943988050784167,0.0,0.970873786407767
393,2050.60667752443,3.574600977198697,3.458469055374593,2.545602605863192,1.478013029315961,0.6604234527687296,944.3583061889251,0.0,0.0,1.211726384364821,0.5684039087947883,0.6433224755700325,0.0,0.9144951140065146
394,2039.1917631917631,5.710328185328185,2.602960102960103,2.904118404118404,1.8963963963963963,0.47297297297297297,922.452380952381,0.0,0.0,0.8655083655083655,0.44337194337194336,0.42213642213642216,0.0,0.9337194337194337
395,2092.2899022801303,0.18264657980456023,2.956026058631922,2.728827361563518,1.4486970684039089,0.512214983713355,944.1188925081433,0.0,0.0,1.3387622149837133,0.6669381107491856,0.6718241042345277,0.0,0.9837133550488599
396,2053.332288401254,4.092876175548589,3.6731974921630095,2.55564263322884,1.420846394984326,0.627742946708464,949.5579937304075,0.0,0.0,1.3377742946708464,0.6410658307210031,0.6967084639498433,0.0,0.908307210031348
397,2041.5124124761298,5.234493952896244,2.4863144493952896,2.7511139401655,2.0420114576702737,0.4704010184595799,934.9223424570338,0.0,0.0,0.81031190324634,0.4341183959261617,0.37619350732017826,0.0,0.9382558879694463
398,2079.390551181102,1.0070236220472442,2.931496062992126,2.2425196850393703,1.6448818897637796,0.5055118110236221,930.0055118110237,0.0,0.0,1.3015748031496064,0.6511811023622047,0.6503937007874016,0.0,0.9818897637795275
399,2052.847653429603,4.331487364620938,3.3270758122743684,2.663537906137184,1.659927797833935,0.5855595667870036,935.1963898916968,0.0,0.0,1.2310469314079422,0.5646209386281589,0.6664259927797834,0.0,0.9075812274368231
400,2055.2262357414447,4.016362484157161,2.3694550063371356,2.8168567807351077,1.97084917617237,0.46387832699619774,939.0038022813688,0.0,0.0,1.053231939163498,0.48605830164765523,0.5671736375158428,0.0,0.9467680608365019
401,2069.7262711864405,0.9601610169491526,3.2245762711864407,2.497457627118644,1.443220338983051,0.55,954.6398305084746,0.0,0.0,1.0313559322033898,0.4830508474576271,0.5483050847457627,0.0,0.9788135593220338
402,2054.639568345324,3.7461438848920867,3.0345323741007193,2.683453237410072,1.5546762589928058,0.5856115107913669,944.0208633093525,0.0,0.0,1.1165467625899281,0.5388489208633094,0.5776978417266188,0.0,0.9086330935251798
403,2053.9239130434785,4.673403532608695,2.5699728260869565,2.550951086956522,1.984375,0.5264945652173914,933.1059782608696,0.0,0.0,1.2044836956521738,0.6032608695652174,0.6012228260869565,0.0,0.9354619565217391
404,2071.2293794186958,2.161390416339356,3.0809112333071487,2.716417910447761,1.5593087195600943,0.5066771406127258,942.0809112333071,0.0,0.0,0.9128043990573449,0.406127258444619,0.5066771406127258,0.0,0.9732914375490966
405,2070.5641025641025,4.630592948717949,3.6153846153846154,2.8036858974358974,1.1987179487179487,0.6394230769230769,957.6129807692307,0.0,0.0,1.3685897435897436,0.6578525641025641,0.7107371794871795,0.0,0.9030448717948718
406,2048.4401315789473,5.9218223684210525,2.6940789473684212,2.7447368421052634,1.805263157894737,0.5046052631578948,931.9381578947368,0.0,0.0,1.1328947368421052,0.5671052631578948,0.5657894736842105,0.0,0.9282894736842106
407,2062.876651982379,3.3950440528634362,2.909691629955947,2.372980910425844,1.7033773861967694,0.48091042584434657,958.1270190895741,0.0,0.0,0.7422907488986784,0.32599118942731276,0.41629955947136565,0.0,0.9676945668135095
408,2061.7669291338584,6.326685039370079,3.3874015748031496,2.484251968503937,1.515748031496063,0.621259842519685,963.5385826771653,0.0,0.0,1.0401574803149607,0.46062992125984253,0.5795275590551181,0.0,0.8803149606299212
409,2040.5332541567695,6.962179334916864,2.375890736342043,2.772565320665083,2.040380047505938,0.4637767220902613,946.7452494061757,0.0,0.0,1.1906175771971497,0.5688836104513064,0.6217339667458432,0.0,0.922209026128266
410,2088.8409919766596,1.2104230488694383,2.837345003646973,2.385849744711889,1.6593727206418674,0.4733770970094821,970.6491611962072,0.0,0.0,1.2173595915390225,0.5988329686360321,0.6185266229029905,0.0,0.9817651349380014
411,2059.3778529163146,4.578960270498732,3.345731191885038,2.52916314454776,1.3913778529163146,0.6686390532544378,969.9366018596788,0.0,0.0,1.0498732037193577,0.4835164835164835,0.5663567202028741,0.0,0.9095519864750634
412,2040.5083333333334,5.21276282051282,2.3878205128205128,2.7685897435897435,1.9814102564102565,0.475,954.0955128205128,0.0,0.0,1.030128205128205,0.4724358974358974,0.5576923076923077,0.0,0.9403846153846154
413,2074.1464199517295,1.5321962992759453,3.069991954947707,2.1705551086082058,1.651649235720032,0.5245374094931617,928.8479485116653,0.0,0.0,1.0168946098149638,0.5229283990345938,0.49396621078037006,0.0,0.9774738535800482
414,2050.509667440062,6.540804331013148,3.5328692962103636,2.77184841453983,1.5065738592420728,0.6388244392884764,969.8167053364269,0.0,0.0,1.111368909512761,0.522815158546017,0.588553750966744,0.0,0.8863109048723898
415,2056.7033195020745,5.251590594744122,2.677040110650069,2.872060857538036,1.7178423236514522,0.5048409405255878,959.1251728907331,0.0,0.0,1.1355463347164592,0.5643153526970954,0.5712309820193637,0.0,0.9246196403872753
416,2074.483794466403,1.7409960474308301,3.094071146245059,2.3383399209486164,1.6094861660079052,0.5027667984189723,943.5430830039526,0.0,0.0,1.4355731225296442,0.6798418972332015,0.7557312252964427,0.0,0.9770750988142293
417,2049.1692535107168,6.018580931263858,3.271249076127125,2.6171470805617147,1.5875831485587584,0.6016260162601627,941.7184035476719,0.0,0.0,0.9120473022912047,0.4205469327420547,0.49150036954915005,0.0,0.8883961566888396
418,2054.377659574468,5.926602393617022,2.4268617021276597,2.6469414893617023,2.028590425531915,0.5059840425531915,950.5711436170212,0.0,0.0,1.271941489361702,0.660904255319149,0.6110372340425532,0.0,0.9394946808510638
419,2070.3636995827537,2.8592002781641166,2.7065368567454797,2.3567454798331013,1.8463143254520167,0.4541029207232267,963.8741307371349,0.0,0.0,1.4582753824756607,0.6974965229485396,0.760778859527121,0.0,0.9687065368567455
420,2074.0392883617496,4.191252779836916,3.1267605633802815,2.676797627872498,1.5114899925871015,0.5930318754633062,956.2550037064492,0.0,0.0,1.4996293550778355,0.7123795404002965,0.787249814677539,0.0,0.9088213491475167
421,2076.471193415638,4.316934156378601,2.6694101508916326,2.7914951989026062,1.758573388203018,0.48628257887517146,962.5233196159122,0.0,0.0,1.4471879286694103,0.7002743484224966,0.7469135802469136,0.0,0.9471879286694102
422,2095.060029282577,2.2525695461200588,2.710834553440703,2.1881405563689604,1.7833089311859445,0.4765739385065886,949.3609077598828,0.0,0.0,1.4407027818448024,0.7306002928257687,0.7101024890190337,0.0,0.9758418740849195
423,2075.995867768595,4.475157024793389,3.446280991735537,2.5107438016528927,1.5165289256198347,0.656198347107438,925.6239669421487,0.0,0.0,1.465289256198347,0.7206611570247934,0.7446280991735538,0.0,0.915702479338843
424,2045.3189154293093,7.026797934151065,2.668818592640413,2.9296320206584894,1.8979987088444157,0.48482892188508714,934.0109748224661,0.0,0.0,0.9373789541639768,0.45190445448676564,0.4854744996772111,0.0,0.9225306649451259
425,2133.9466248037675,1.6416562009419153,2.891679748822606,2.623233908948195,1.4740973312401884,0.5078492935635793,915.5596546310832,0.0,0.0,1.6805337519623234,0.8131868131868132,0.8673469387755102,0.0,0.9795918367346939
426,2083.0990712074304,4.093343653250774,3.6958204334365323,2.5588235294117645,1.4860681114551084,0.6269349845201239,940.5626934984521,0.0,0.0,1.3088235294117647,0.6176470588235294,0.6911764705882353,0.0,0.9117647058823529
427,2040.4928527035427,6.528533250466128,2.4822871348663766,2.7165941578620263,1.9571162212554383,0.4605344934742076,921.7656929770044,0.0,0.0,0.7582349285270354,0.3977625854568055,0.36047234307022996,0.0,0.9341205717837165
428,2083.8565891472867,2.3856201550387595,2.937984496124031,2.2689922480620157,1.6263565891472869,0.5,939.9217054263565,0.0,0.0,1.3790697674418604,0.6844961240310078,0.6945736434108527,0.0,0.9720930232558139
429,2077.47625698324,6.097388268156424,3.083100558659218,2.6585195530726256,1.6801675977653632,0.5558659217877095,940.8456703910615,0.0,0.0,1.9120111731843576,0.9294692737430168,0.9825418994413407,0.0,0.9029329608938548
430,2072.972186287193,4.333234152652006,2.444372574385511,2.907503234152652,1.9514877102199224,0.49676584734799484,946.1571798188875,0.0,0.0,1.6235446313065978,0.796248382923674,0.8272962483829237,0.0,0.9372574385510997
431,2100.3640098603123,0.8182990961380444,3.083812654067379,2.544782251437962,1.3779786359901396,0.5234182415776499,973.823336072309,0.0,0.0,1.6614626129827446,0.7888249794576828,0.8726376335250616,0.0,0.9860312243221035
432,2071.928035982009,4.604580209895053,3.0112443778110944,2.7713643178410794,1.6296851574212894,0.6004497751124438,946.7938530734633,0.0,0.0,1.4842578710644678,0.7428785607196402,0.7413793103448276,0.0,0.9055472263868066
433,2055.780250347705,4.893379694019472,2.5514603616133518,2.5465924895688454,2.0055632823365785,0.4993045897079277,947.21140472879,0.0,0.0,1.1863699582753824,0.5799721835883171,0.6063977746870653,0.0,0.9485396383866481
434,2085.7852897474,2.7916641901931647,2.9702823179791977,2.6196136701337296,1.5950965824665677,0.4888558692421991,950.6523031203566,0.0,0.0,1.4190193164933136,0.736255572065379,0.6827637444279346,0.0,0.9665676077265973
435,2073.576480263158,5.727713815789474,3.627467105263158,2.9671052631578947,1.2870065789473684,0.6907894736842105,951.1439144736842,0.0,0.0,1.5263157894736843,0.7294407894736842,0.796875,0.0,0.8947368421052632
436,2051.85733422639,6.996851975887474,2.8338914936369726,2.766242464835901,1.8446081714668452,0.522438044206296,935.7729403884796,0.0,0.0,1.3804420629604823,0.6557267247153382,0.724715338245144,0.0,0.9149363697253852
437,2093.0101302460203,2.707916063675832,2.8422575976845152,2.3191027496382053,1.6866859623733719,0.45875542691751087,946.2257597684516,0.0,0.0,1.093342981186686,0.5108538350217077,0.5824891461649783,0.0,0.975397973950796
438,2068.8690379951495,5.0133548908649965,3.4381568310428454,2.6345998383185125,1.5683104284559417,0.6483427647534358,938.7687954729183,0.0,0.0,1.4518997574777688,0.6806790622473726,0.7712206952303962,0.0,0.8932902182700081
439,2068.4218467109235,6.323627036813519,2.535304767652384,2.8092939046469523,2.1182860591430295,0.4677127338563669,933.4019312009656,0.0,0.0,1.7453228726614363,0.820156910078455,0.9251659625829813,0.0,0.9155099577549789
440,2096.002313030069,1.2219043947571318,2.9861218195836545,2.492675404780262,1.7193523515805706,0.4865073245952197,938.6530454895914,0.0,0.0,1.6861989205859675,0.8350038550501157,0.851195065535852,0.0,0.9784117193523516
441,2076.640703517588,5.317546063651591,3.470686767169179,2.5728643216080402,1.4229480737018425,0.6825795644891123,945.429648241206,0.0,0.0,1.6281407035175879,0.7830820770519263,0.8450586264656617,0.0,0.9028475711892797
442,2053.513790891597,7.645606157793457,2.49903784477229,2.808210391276459,2.032071840923669,0.4810776138550353,926.4464400256575,0.0,0.0,1.3643361128928801,0.6985246953175113,0.6658114175753689,0.0,0.9159717767799872
443,2092.5537403267413,1.3261049011177988,3.1951848667239897,2.281169389509888,1.643164230438521,0.5382631126397248,955.4230438521066,0.0,0.0,1.2906276870163371,0.6156491831470335,0.6749785038693035,0.0,0.9802235597592434
444,2061.1481481481483,5.478896447467876,3.5200302343159486,2.747543461829176,1.4663643235071806,0.6107331821617535,933.3401360544218,0.0,0.0,1.4421768707482994,0.6885865457294029,0.7535903250188964,0.0,0.8926681783824642
445,2077.1674707098555,4.135968297725706,2.7057201929703654,2.9255685733976566,1.7022742935906272,0.5024121295658167,927.500344589938,0.0,0.0,1.4831150930392833,0.7829083390764989,0.7002067539627843,0.0,0.9365954514128187
446,2091.3118536197294,1.5884566428003182,3.0747812251392204,2.3126491646778042,1.6054097056483692,0.492442322991249,895.8663484486874,0.0,0.0,1.3436754176610979,0.6563245823389021,0.6873508353221957,0.0,0.9777247414478918
447,2082.6797101449274,5.228768115942029,3.3065217391304347,2.6181159420289855,1.5804347826086957,0.5942028985507246,898.2913043478261,0.0,0.0,1.4072463768115941,0.6463768115942029,0.7608695652173914,0.0,0.8927536231884058
448,2072.6617076326,5.680821474773609,2.4495472186287195,2.5633893919793014,1.9663648124191462,0.5206985769728332,924.4314359637775,0.0,0.0,1.5413971539456663,0.7891332470892626,0.7522639068564037,0.0,0.9282018111254852
449,2102.31330472103,2.382768240343348,2.780400572246066,2.444206008583691,1.7818311874105865,0.4728183118741059,920.6287553648069,0.0,0.0,1.9856938483547926,1.0250357653791131,0.9606580829756796,0.0,0.9756795422031473
450,2087.5045112781954,4.831541353383458,3.1954887218045114,2.6360902255639096,1.5533834586466166,0.5977443609022557,935.7142857142857,0.0,0.0,2.0969924812030074,0.9451127819548872,1.1518796992481204,0.0,0.9045112781954887
451,2079.418881118881,4.165433566433566,2.6636363636363636,2.837062937062937,1.7874125874125875,0.4944055944055944,934.9685314685315,0.0,0.0,1.172027972027972,0.5538461538461539,0.6181818181818182,0.0,0.9531468531468531
452,2103.7038941954447,1.672747979426892,2.674504041146216,2.192505510653931,1.9037472446730346,0.4856722997795738,968.634092578986,0.0,0.0,1.4474650991917708,0.7105069801616458,0.7369581190301249,0.0,0.9779573842762674
453,2064.428231562252,5.8525376685170505,3.2989690721649483,2.455194290245837,1.5122918318794607,0.6383822363203806,949.812053925456,0.0,0.0,1.5091197462331483,0.6851704996034893,0.823949246629659,0.0,0.9072164948453608
454,2051.5690322580645,7.343625806451613,2.6129032258064515,2.9483870967741934,1.8864516129032258,0.4916129032258065,943.136129032258,0.0,0.0,1.344516129032258,0.6587096774193548,0.6858064516129032,0.0,0.9329032258064516
455,2115.530562347188,2.0380521597392014,2.995925020374898,2.6772616136919316,1.4221678891605543,0.5452322738386308,939.8720456397718,0.0,0.0,1.8663406682966586,0.8810105949470253,0.9853300733496333,0.0,0.9788101059494703
456,2092.614241001565,5.148082942097027,3.668231611893584,2.556338028169014,1.5,0.6455399061032864,942.5312989045383,0.0,0.0,1.6682316118935838,0.7699530516431925,0.8982785602503912,0.0,0.9029733959311425
457,2047.4197608558843,6.436255506607929,2.4764002517306483,2.7715544367526745,2.011327879169289,0.4852108244178729,962.8835745752045,0.0,0.0,1.1504090623033354,0.5814977973568282,0.5689112649465072,0.0,0.9307740717432348
458,2098.23828125,2.6456953125,2.9078125,2.2984375,1.66484375,0.50703125,950.4453125,0.0,0.0,1.87421875,0.88984375,0.984375,0.0,0.971875
459,2078.307803468208,5.828193641618498,3.13728323699422,2.6647398843930636,1.671242774566474,0.5939306358381503,928.3475433526012,0.0,0.0,1.9985549132947977,0.9544797687861272,1.0440751445086704,0.0,0.8966763005780347
460,2071.887222946545,5.6399022164276404,2.4589308996088657,2.8813559322033897,2.0117340286831813,0.49608865710560623,973.5045632333768,0.0,0.0,1.7653194263363754,0.8735332464146024,0.8917861799217731,0.0,0.9341590612777053
461,2118.953188054883,-0.0657869249394673,3.055690072639225,2.493139628732849,1.4689265536723164,0.5238095238095238,959.8757062146892,0.0,0.0,1.631961259079903,0.8571428571428571,0.774818401937046,0.0,0.9895076674737692
462,2087.8815406976746,6.933219476744187,2.9636627906976742,2.6940406976744184,1.5748546511627908,0.5893895348837209,944.6984011627907,0.0,0.0,1.728924418604651,0.8713662790697675,0.8575581395348837,0.0,0.8866279069767442
463,2083.5266853932585,4.237886235955056,2.5161516853932584,2.596207865168539,2.048455056179775,0.5091292134831461,960.9796348314607,0.0,0.0,1.7296348314606742,0.8785112359550562,0.851123595505618,0.0,0.9473314606741573
464,2080.1700835231586,3.28876993166287,2.948367501898254,2.5998481397114657,1.5429005315110098,0.5170842824601367,946.8891419893698,0.0,0.0,1.603644646924829,0.8261199696279423,0.7775246772968869,0.0,0.9703872437357631
465,2096.5441898527006,5.015122749590835,3.516366612111293,2.8870703764320784,1.2454991816693943,0.6530278232405892,970.0859247135843,0.0,0.0,2.19721767594108,1.0261865793780687,1.1710310965630115,0.0,0.911620294599018
466,2075.945003353454,4.107565392354124,2.64654594232059,2.756539235412475,1.8034875922199867,0.4949698189134809,950.5432595573441,0.0,0.0,1.4413145539906103,0.7243460764587525,0.7169684775318578,0.0,0.9463447350771295
467,2079.1028528528527,2.5103603603603606,2.843093093093093,2.3881381381381384,1.644894894894895,0.47297297297297297,961.5645645645645,0.0,0.0,1.2635135135135136,0.5900900900900901,0.6734234234234234,0.0,0.9707207207207207
468,2056.701095461659,5.992503912363067,3.1604068857589986,2.576682316118936,1.4851330203442878,0.6197183098591549,975.9475743348983,0.0,0.0,1.958528951486698,0.918622848200313,1.039906103286385,0.0,0.8943661971830986
469,2050.5267441860465,6.23885465116279,2.3825581395348836,2.7872093023255813,2.0238372093023256,0.4552325581395349,940.964534883721,0.0,0.0,1.4104651162790698,0.7104651162790697,0.7,0.0,0.9191860465116279
470,2073.6950146627564,3.434956011730205,2.845307917888563,2.3856304985337244,1.6363636363636365,0.4970674486803519,933.1620234604105,0.0,0.0,1.5234604105571847,0.6979472140762464,0.8255131964809385,0.0,0.968475073313783
471,2070.3579033579035,4.816977886977887,3.2325962325962325,2.61998361998362,1.3775593775593775,0.6576576576576577,949.8124488124488,0.0,0.0,1.7682227682227682,0.7846027846027847,0.9836199836199836,0.0,0.9074529074529074
472,2064.1811125485124,4.9981500646830535,2.465071151358344,2.8395860284605434,1.9974126778783958,0.49417852522639066,955.8454075032341,0.0,0.0,1.4611901681759378,0.7574385510996119,0.703751617076326,0.0,0.9359637774902976
473,2091.5785123966944,1.8075702479338842,3.0421487603305786,2.3,1.6578512396694214,0.5504132231404959,960.5892561983471,0.0,0.0,1.3371900826446281,0.6289256198347107,0.7082644628099174,0.0,0.9776859504132231
474,2060.820796460177,6.618687315634219,3.255899705014749,2.71165191740413,1.4365781710914454,0.6224188790560472,957.0302359882006,0.0,0.0,1.8067846607669618,0.8510324483775811,0.9557522123893806,0.0,0.890117994100295
475,2047.6619528619528,6.013811447811448,2.558922558922559,2.8404040404040405,1.6996632996632997,0.5057239057239057,948.7757575757576,0.0,0.0,1.239057239057239,0.622895622895623,0.6161616161616161,0.0,0.9306397306397306
476,2080.1757624398074,1.2729454253611558,3.050561797752809,2.319422150882825,1.5401284109149278,0.528892455858748,972.7664526484751,0.0,0.0,1.4590690208667736,0.7199036918138042,0.7391653290529695,0.0,0.9799357945425361
477,2057.9289415247963,6.776639526276832,3.258327165062916,2.6513693560325686,1.5921539600296077,0.6099185788304959,965.5714285714286,0.0,0.0,1.4285714285714286,0.7061435973353072,0.7224278312361214,0.0,0.8956328645447816
478,2068.7128647214854,5.607413793103448,2.38262599469496,2.6876657824933687,2.029840848806366,0.4960212201591512,976.0901856763926,0.0,0.0,1.8720159151193634,0.9316976127320955,0.9403183023872679,0.0,0.9316976127320955
479,2063.9870036101083,3.6294151624548734,2.765342960288809,2.4288808664259927,1.8007220216606499,0.4866425992779783,950.9205776173285,0.0,0.0,1.6830324909747292,0.7581227436823105,0.9249097472924188,0.0,0.9646209386281589
480,2060.5660522273424,4.273594470046083,3.067588325652842,2.672811059907834,1.577572964669739,0.631336405529954,968.0821812596006,0.0,0.0,1.4270353302611367,0.6835637480798771,0.7434715821812596,0.0,0.9155145929339478
481,2055.2737127371274,4.165691056910569,2.6368563685636857,2.758130081300813,1.7046070460704608,0.5121951219512195,947.5135501355013,0.0,0.0,1.0643631436314362,0.551490514905149,0.5128726287262872,0.0,0.9512195121951219
482,2096.3980362537764,0.22413141993957703,2.7197885196374623,2.22809667673716,1.7968277945619335,0.47205438066465255,982.4539274924472,0.0,0.0,2.0098187311178246,0.9765861027190332,1.0332326283987916,0.0,0.9871601208459214
483,2051.761866452132,5.048728881737731,3.2799678197908286,2.4481094127111827,1.4987932421560741,0.6492357200321802,979.2984714400643,0.0,0.0,1.3789219629927594,0.6283185840707964,0.7506033789219629,0.0,0.8970233306516492
484,2047.554905782976,5.997771280051982,2.5750487329434697,2.94541910331384,1.921377517868746,0.5243664717348928,985.2456140350877,0.0,0.0,1.1624431448992854,0.5912930474333983,0.571150097465887,0.0,0.9278752436647173
485,2108.9926829268293,1.4014959349593497,2.94390243902439,2.7130081300813007,1.3634146341463416,0.5154471544715448,967.9845528455285,0.0,0.0,2.234146341463415,1.024390243902439,1.2097560975609756,0.0,0.9821138211382113
486,2077.589116719243,4.55416403785489,3.5496845425867507,2.5946372239747633,1.499211356466877,0.6451104100946372,943.7018927444796,0.0,0.0,1.6474763406940063,0.7862776025236593,0.861198738170347,0.0,0.919558359621451
487,2052.9968274111675,6.711142131979695,2.3921319796954315,2.793781725888325,2.0488578680203045,0.49238578680203043,946.4803299492386,0.0,0.0,1.2373096446700507,0.675761421319797,0.5615482233502538,0.0,0.9359137055837563
488,2082.243639167309,1.7151734772552043,2.8111025443330764,2.361603700848111,1.6414803392444102,0.5073245952197378,1000.2929838087895,0.0,0.0,1.8758673862760216,0.8858905165767155,0.9899768696993061,0.0,0.9745566692367
489,2060.801152737752,5.965936599423631,3.0929394812680115,2.713256484149856,1.7118155619596542,0.5922190201729106,964.014409221902,0.0,0.0,2.177233429394813,0.984149855907781,1.1930835734870318,0.0,0.8919308357348703
490,2057.0177398160317,4.507260183968462,2.3528252299605783,2.937582128777924,1.9986859395532195,0.49605781865965837,994.491458607096,0.0,0.0,1.5013140604467805,0.7720105124835742,0.7293035479632063,0.0,0.9454664914586071
491,2069.6117154811714,2.1108619246861924,3.1246861924686193,2.5464435146443516,1.512133891213389,0.5422594142259414,986.4451882845188,0.0,0.0,1.8476987447698745,0.895397489539749,0.9523012552301255,0.0,0.9765690376569037
492,2058.027366863905,5.18512573964497,2.8727810650887573,2.7226331360946747,1.58801775147929,0.6131656804733728,986.4704142011834,0.0,0.0,1.8076923076923077,0.856508875739645,0.9511834319526628,0.0,0.8875739644970414
493,2048.1728222996517,5.199198606271778,2.604878048780488,2.586062717770035,2.0125435540069687,0.5470383275261324,969.009756097561,0.0,0.0,1.186759581881533,0.6383275261324042,0.5484320557491289,0.0,0.9344947735191638
494,2064.951327433628,4.136939528023598,2.911504424778761,2.5929203539823007,1.5508849557522124,0.49336283185840707,975.9970501474926,0.0,0.0,1.5553097345132743,0.7374631268436578,0.8178466076696165,0.0,0.9646017699115044
495,2071.279375513558,4.736294165981922,3.577649958915366,2.865242399342646,1.2875924404272803,0.6631059983566147,971.6894001643385,0.0,0.0,2.0534100246507805,0.9695973705834018,1.0838126540673787,0.0,0.9079704190632704
496,2057.5940199335546,3.958671096345515,2.6186046511627907,2.7322259136212623,1.8219269102990032,0.4850498338870432,971.2292358803986,0.0,0.0,1.4026578073089702,0.6930232558139535,0.7096345514950166,0.0,0.9528239202657808
497,2069.1775914634145,3.2913567073170733,2.9596036585365852,2.4603658536585367,1.7614329268292683,0.5152439024390244,976.0800304878048,0.0,0.0,1.6379573170731707,0.8086890243902439,0.8292682926829268,0.0,0.9649390243902439
498,2058.213141025641,4.910665064102564,3.28125,2.5649038461538463,1.5040064102564104,0.6418269230769231,977.7491987179487,0.0,0.0,1.8629807692307692,0.8453525641025641,1.017628205128205,0.0,0.8918269230769231
499,2051.6444308445534,5.3859241126071,2.4602203182374542,2.8824969400244798,2.0960832313341493,0.46511627906976744,967.5403916768665,0.0,0.0,1.8396572827417381,0.9571603427172583,0.8824969400244798,0.0,0.9241126070991432
500,2066.960456273764,2.6748973384030417,2.9171102661596957,2.417490494296578,1.7057034220532319,0.4935361216730038,969.4608365019011,0.0,0.0,1.7817490494296577,0.8144486692015209,0.9673003802281369,0.0,0.976425855513308
501,2073.8206202849956,3.7850880134115674,3.350377200335289,2.5943000838222967,1.415758591785415,0.6797988264878457,965.5414920368818,0.0,0.0,2.02430846605197,0.9136630343671417,1.1106454316848282,0.0,0.9203688181056161
502,2047.9528795811518,6.254037958115183,2.5006544502617802,2.865183246073298,2.049083769633508,0.5019633507853403,954.7303664921466,0.0,0.0,1.3697643979057592,0.6708115183246073,0.6989528795811518,0.0,0.930628272251309
503,2090.4764353041987,1.6817823479005998,3.146529562982005,2.308483290488432,1.6092544987146529,0.5689802913453299,988.9502999143102,0.0,0.0,1.62382176520994,0.6966580976863753,0.9271636675235647,0.0,0.976006855184233
504,2056.1601231716704,4.490916089299461,3.4033872209391838,2.7575057736720554,1.4441878367975365,0.6312548113933796,953.4149345650501,0.0,0.0,1.6789838337182448,0.7813702848344881,0.8976135488837568,0.0,0.9014626635873749
505,2051.6981519507185,5.462012320328542,2.619438740588638,2.8774811772758384,1.7125256673511293,0.5133470225872689,923.6954140999316,0.0,0.0,1.7207392197125257,0.839151266255989,0.8815879534565366,0.0,0.9390828199863107
506,2088.90263367917,0.738611332801277,3.0359138068635274,2.332801276935355,1.5450917797286512,0.5171588188347965,965.6887470071828,0.0,0.0,1.6536312849162011,0.7589784517158819,0.8946528332003192,0.0,0.9832402234636871
507,2052.855639097744,6.718195488721805,3.2857142857142856,2.693233082706767,1.6135338345864663,0.6165413533834586,960.8601503759398,0.0,0.0,1.5233082706766918,0.6909774436090226,0.8323308270676691,0.0,0.8766917293233083
508,2048.393860222077,6.298086218158067,2.2815153494448075,2.6087524493794905,1.9732201175702155,0.5140431090790333,892.6753755715218,0.0,0.0,1.7341606792945787,0.8458523840627041,0.8883082952318746,0.0,0.9327237099934683
509,2098.1852112676056,1.5623591549295772,2.664788732394366,2.3140845070422533,1.8014084507042254,0.4612676056338028,926.074647887324,0.0,0.0,2.5591549295774647,1.18943661971831,1.369718309859155,0.0,0.9774647887323944
510,2077.2329192546586,4.406871118012423,3.0714285714285716,2.777173913043478,1.5434782608695652,0.625,904.7833850931677,0.0,0.0,2.252329192546584,1.079968944099379,1.1723602484472049,0.0,0.9130434782608695
511,2077.87675070028,3.897598039215686,2.5357142857142856,2.8123249299719886,1.7759103641456582,0.5091036414565826,908.3333333333334,0.0,0.0,1.7745098039215685,0.907563025210084,0.8669467787114846,0.0,0.9600840336134454
512,2082.2444782939833,3.09003808073115,2.696877380045697,2.1538461538461537,1.8156892612338158,0.5118050266565118,913.1317593297791,0.0,0.0,2.034272658035034,0.9687738004569688,1.0654988575780655,0.0,0.9695354150799695
513,2062.677705977383,5.3115508885298865,3.3158319870759287,2.462843295638126,1.4854604200323103,0.6623586429725363,916.8949919224556,0.0,0.0,1.635702746365105,0.7705977382875606,0.8651050080775444,0.0,0.8974151857835219
514,2050.1208651399493,6.029262086513995,2.4408396946564888,2.909669211195929,1.8880407124681935,0.4770992366412214,937.7996183206106,0.0,0.0,1.5591603053435115,0.7646310432569975,0.794529262086514,0.0,0.9319338422391857
515,2088.666934189406,2.582263242375602,2.911717495987159,2.660513643659711,1.325040128410915,0.521669341894061,913.9077046548956,0.0,0.0,2.3009630818619584,1.1942215088282504,1.1067415730337078,0.0,0.9743178170144462
516,2063.7944486121532,5.896354088522131,3.429107276819205,2.4808702175543886,1.4411102775693923,0.6256564141035259,912.7876969242311,0.0,0.0,1.9287321830457616,0.9122280570142536,1.016504126031508,0.0,0.900225056264066
517,2049.9954954954956,5.418416988416988,2.4356499356499355,2.8056628056628057,2.0546975546975546,0.4967824967824968,913.5,0.0,0.0,1.2567567567567568,0.5952380952380952,0.6615186615186616,0.0,0.9446589446589446
518,2086.735249621785,1.7822163388804841,2.787443267776097,2.2745839636913767,1.613464447806354,0.49848714069591527,917.500756429652,0.0,0.0,2.180786686838124,1.0680786686838124,1.1127080181543116,0.0,0.9788199697428139
519,2077.703626220363,5.525662482566249,3.095536959553696,2.6471408647140864,1.6471408647140864,0.5788005578800558,899.3124128312413,0.0,0.0,3.391910739191074,1.6262203626220362,1.7656903765690377,0.0,0.895397489539749
520,2068.9809586342744,4.459888378200919,2.360472751149048,2.875902823374918,1.9980302035456337,0.5193696651346028,897.7452396585686,0.0,0.0,2.292843072882469,1.1372291529875247,1.1556139198949442,0.0,0.9474720945502298
521,2078.809178743961,0.8947906602254427,2.9774557165861513,2.5458937198067635,1.4677938808373592,0.5096618357487923,932.4339774557166,0.0,0.0,2.0829307568438002,1.037842190016103,1.0450885668276972,0.0,0.9847020933977456
522,2050.0717911530096,5.7620087019579405,2.899927483683829,2.676577229876722,1.5830311820159535,0.602610587382161,918.6533720087019,0.0,0.0,1.962291515591008,0.9825960841189267,0.9796954314720813,0.0,0.8934010152284264
523,2062.857046070461,3.4487195121951215,2.3692411924119243,2.4939024390243905,1.9491869918699187,0.4613821138211382,919.2411924119241,0.0,0.0,1.7615176151761518,0.8895663956639567,0.8719512195121951,0.0,0.9586720867208672
524,2075.5693815987934,2.590995475113122,2.9592760180995477,2.7028657616892913,1.6070889894419307,0.502262443438914,919.8386123680241,0.0,0.0,1.687028657616893,0.8069381598793364,0.8800904977375565,0.0,0.9720965309200603
525,2062.4158805031448,4.522460691823899,3.417452830188679,2.7720125786163523,1.22562893081761,0.6344339622641509,907.5298742138365,0.0,0.0,1.7641509433962264,0.8349056603773585,0.9292452830188679,0.0,0.9064465408805031
526,2053.879919946631,4.317071380920614,2.7384923282188125,2.7725150100066713,1.8172114743162109,0.5196797865243495,924.8245496997998,0.0,0.0,1.5823882588392262,0.7731821214142762,0.80920613742495,0.0,0.9366244162775184
527,2063.4795842613216,2.3838233110616183,2.821826280623608,2.3942093541202674,1.7216035634743876,0.48329621380846327,906.4105419450631,0.0,0.0,1.7074981440237564,0.8151447661469933,0.8923533778767632,0.0,0.9740163325909429
528,2074.810623556582,4.930300230946882,3.2655889145496535,2.5073133179368745,1.5003849114703618,0.651270207852194,894.5373364126251,0.0,0.0,2.7344110854503465,1.3125481139337953,1.4218629715165512,0.0,0.9022324865280985
529,2050.225344036697,6.970389908256881,2.3480504587155964,2.720756880733945,2.009747706422018,0.4506880733944954,887.5625,0.0,0.0,2.331422018348624,1.1823394495412844,1.1490825688073394,0.0,0.9180045871559633
530,2082.8695652173915,2.19274134119381,2.8165070007369195,2.3691967575534267,1.6573323507737656,0.48268238761974946,925.7022844509949,0.0,0.0,2.160648489314665,0.9587324981577008,1.201915991156964,0.0,0.9749447310243183
531,2063.1134693877552,4.446097959183674,3.486530612244898,2.471020408163265,1.3404081632653062,0.6506122448979592,936.1828571428572,0.0,0.0,2.2946938775510204,1.0391836734693878,1.2555102040816326,0.0,0.9175510204081633
532,2048.6654088050313,6.457761006289308,2.440251572327044,2.7937106918238994,1.9591194968553458,0.4930817610062893,904.9754716981132,0.0,0.0,1.7232704402515724,0.8767295597484277,0.8465408805031447,0.0,0.9232704402515723
533,2096.7681518151817,1.7252145214521453,3.104785478547855,2.25990099009901,1.5891089108910892,0.533003300330033,936.8630363036303,0.0,0.0,2.103960396039604,1.0140264026402641,1.08993399339934,0.0,0.9785478547854786
534,2059.2408293460926,7.278700159489633,3.503189792663477,2.901913875598086,1.4992025518341308,0.6371610845295056,923.4178628389154,0.0,0.0,3.0199362041467306,1.4162679425837321,1.6036682615629985,0.0,0.8819776714513556
535,2083.0628887353146,3.6743883897719423,2.567380787836904,2.824464409122322,1.7097442985487215,0.507256392536282,892.6060815480304,0.0,0.0,2.8071872840359364,1.4602626123013132,1.3469246717346233,0.0,0.9550794747753973
536,2078.154276578737,2.821111111111111,3.1247002398081536,2.372501998401279,1.577138289368505,0.5363709032773781,913.5579536370903,0.0,0.0,2.7258193445243806,1.2685851318944845,1.457234212629896,0.0,0.9752198241406874
537,2064.31077147016,5.669403202328967,3.3049490538573507,2.631732168850073,1.5807860262008733,0.6011644832605532,894.009461426492,0.0,0.0,3.3027656477438136,1.4687045123726346,1.834061135371179,0.0,0.8893740902474527
538,2064.356904603069,5.323015343562375,2.371581054036024,2.6317545030020013,2.038692461641094,0.513675783855904,896.0513675783856,0.0,0.0,2.6611074049366246,1.314876584389593,1.3462308205470312,0.0,0.9366244162775184
539,2085.965059399022,0.9619357092941998,2.723969252271139,2.4493361285814115,1.8113207547169812,0.45632424877707894,922.1970649895178,0.0,0.0,2.0013976240391336,0.9671558350803634,1.03424178895877,0.0,0.9818308874912649
540,2077.7137404580153,5.574076335877862,3.0809160305343513,2.7053435114503817,1.5312977099236642,0.6137404580152672,920.7870229007633,0.0,0.0,2.1961832061068702,1.0145038167938931,1.1816793893129771,0.0,0.8977099236641222
541,2077.8094905792045,4.492498255408234,2.716678297278437,2.8583391486392182,1.78506629448709,0.5059316120027914,931.1130495464062,0.0,0.0,2.020237264480112,1.043963712491277,0.9762735519888346,0.0,0.9525471039776692
542,2092.346153846154,2.853120464441219,2.718432510885341,2.20899854862119,1.7844702467343976,0.47895500725689405,898.9448476052249,0.0,0.0,2.833091436865022,1.330188679245283,1.5029027576197387,0.0,0.9716981132075472
543,2076.4372436423296,3.741911402789172,3.4003281378178833,2.5389663658736668,1.4815422477440525,0.6472518457752255,905.8408531583265,0.0,0.0,2.701394585726005,1.3404429860541427,1.3609515996718622,0.0,0.9163248564397046
544,2045.5948220064724,6.157741100323624,2.5372168284789645,2.9385113268608416,1.936569579288026,0.49902912621359224,897.7067961165048,0.0,0.0,1.5559870550161812,0.7579288025889968,0.7980582524271844,0.0,0.9313915857605178
545,2116.45850451931,0.5547658175842235,3.0,2.66557107641742,1.4371405094494658,0.5464256368118324,894.9901396877568,0.0,0.0,2.2202136400986032,1.0361544782251437,1.1840591618734593,0.0,0.9835661462612982
546,2080.5855717574827,4.819976976208749,3.5264773599386032,2.5149654643131236,1.4827321565617806,0.6085955487336915,886.4988488104375,0.0,0.0,2.2432847275518037,1.1005372217958558,1.1427475057559477,0.0,0.9056024558710668
547,2048.4418901660283,6.309948914431673,2.550446998722861,2.76117496807152,2.0344827586206895,0.47126436781609193,878.9667943805874,0.0,0.0,1.8275862068965518,0.9489144316730523,0.8786717752234994,0.0,0.9361430395913155
548,2105.653125,2.1613984375,2.89375,2.38828125,1.64375,0.51484375,903.0140625,0.0,0.0,1.99765625,0.93125,1.06640625,0.0,0.97421875
549,2074.5870786516853,5.015786516853932,3.1917134831460676,2.68188202247191,1.6573033707865168,0.5603932584269663,908.2001404494382,0.0,0.0,1.9627808988764044,0.9318820224719101,1.0308988764044944,0.0,0.8932584269662921
550,2076.2936925098556,3.85676741130092,2.417214191852825,2.897503285151117,2.031537450722733,0.492772667542707,920.5735873850197,0.0,0.0,1.783180026281209,0.8791064388961892,0.9040735873850198,0.0,0.9395532194480947
551,2107.3535773710482,1.5784775374376039,3.189683860232945,2.5540765391014975,1.4700499168053245,0.5266222961730449,893.2071547420965,0.0,0.0,2.143926788685524,1.0823627287853577,1.0615640599001663,0.0,0.9733777038269551
552,2075.7470326409493,6.108412462908012,3.022255192878338,2.7270029673590503,1.6216617210682494,0.6038575667655787,893.7114243323442,0.0,0.0,1.9636498516320475,0.9154302670623146,1.0482195845697329,0.0,0.8931750741839762
553,2064.3648366921475,4.174072272411396,2.640722724113968,2.635858234885337,2.0152883947185547,0.5205003474635164,904.7817929117442,0.0,0.0,1.7852675469075747,0.9047949965253649,0.8804725503822098,0.0,0.9423210562890897
554,2109.111836734694,1.4886204081632652,3.23265306122449,2.6775510204081634,1.616326530612245,0.5355102040816326,908.2130612244898,0.0,0.0,3.2375510204081634,1.5779591836734694,1.6595918367346938,0.0,0.9787755102040816
555,2082.2510024057738,4.6663512429831595,3.5172413793103448,2.858059342421812,1.2461908580593424,0.6367281475541299,889.7546110665597,0.0,0.0,2.1226944667201284,1.0016038492381716,1.1210906174819566,0.0,0.9077786688051324
556,2050.1290969899665,6.873799331103679,2.707692307692308,2.80066889632107,1.842809364548495,0.4903010033444816,891.2193979933111,0.0,0.0,1.4976588628762542,0.7545150501672241,0.7431438127090301,0.0,0.9391304347826087
557,2080.6632801161104,1.550399129172714,2.830188679245283,2.4005805515239476,1.6944847605224964,0.4680696661828737,913.7285921625544,0.0,0.0,1.9644412191582004,0.8642960812772134,1.100145137880987,0.0,0.9760522496371553
558,2072.4300476947537,5.701510333863275,3.374403815580286,2.559618441971383,1.5302066772655007,0.6359300476947536,929.3306836248013,0.0,0.0,2.9038155802861687,1.4038155802861685,1.5,0.0,0.8950715421303657
559,2046.9711365003006,6.636764882742033,2.4846662657847265,2.821407095610343,2.122068550811786,0.47745039085989177,901.7486470234516,0.0,0.0,2.5003006614552015,1.2140709561034275,1.286229705351774,0.0,0.9134095009019844
560,2094.5416364952935,1.3222737146994932,2.8088341781317885,2.3584359160028963,1.7081824764663287,0.47501810282404056,898.3540912382332,0.0,0.0,2.112961622013034,0.9913106444605359,1.121650977552498,0.0,0.9804489500362057
561,2080.5070656691605,4.487896924355778,3.5810473815461346,2.513715710723192,1.453865336658354,0.6600166251039069,906.6857855361596,0.0,0.0,1.916874480465503,0.8935993349958438,1.0232751454696591,0.0,0.9118869492934331
562,2053.2014202711425,5.846985151710781,2.473208521626856,2.856036152356359,2.0096836668818594,0.4828921885087153,902.0619754680439,0.0,0.0,1.302775984506133,0.6655907036797934,0.6371852808263396,0.0,0.9283408650742414
563,2081.9255060728747,1.548825910931174,3.08582995951417,2.279352226720648,1.605668016194332,0.5101214574898786,918.6995951417005,0.0,0.0,2.080971659919028,0.9392712550607287,1.1417004048582995,0.0,0.9789473684210527
564,2053.209653092006,4.575950226244344,3.3974358974358974,2.755656108597285,1.5120663650075414,0.6191553544494721,925.2134238310709,0.0,0.0,1.6470588235294117,0.8076923076923077,0.8393665158371041,0.0,0.9034690799396682
565,2057.3493723849374,4.758068340306834,2.7482566248256624,2.8953974895397487,1.7475592747559274,0.5278940027894002,918.7942817294281,0.0,0.0,1.7684797768479776,0.8730822873082287,0.895397489539749,0.0,0.9414225941422594
566,2087.8032520325205,1.7449837398373984,3.1609756097560977,2.273170731707317,1.5967479674796747,0.5146341463414634,907.4235772357723,0.0,0.0,2.042276422764228,1.08130081300813,0.9609756097560975,0.0,0.9772357723577236
567,2066.9662598707823,6.225936826992103,3.1866475233309406,2.5944005743000718,1.5218951902368987,0.5908111988513999,888.7164393395549,0.0,0.0,2.07035175879397,0.9705671213208902,1.0997846374730798,0.0,0.8808327351040919
568,2073.5066137566137,5.202083333333333,2.3968253968253967,2.5952380952380953,2.013888888888889,0.49933862433862436,901.4636243386243,0.0,0.0,2.252645502645503,1.1183862433862435,1.1342592592592593,0.0,0.9411375661375662
569,2097.752440725244,0.8468200836820083,2.7503486750348674,2.4490934449093444,1.8193863319386332,0.4421199442119944,907.9218967921897,0.0,0.0,2.0223152022315203,0.9623430962343096,1.0599721059972107,0.0,0.9741980474198048
570,2089.1634835752484,3.9903896103896104,3.2016806722689077,2.6348357524828114,1.5133689839572193,0.6050420168067226,892.192513368984,0.0,0.0,2.210847975553858,1.0450725744843392,1.1657754010695187,0.0,0.9152024446142093
571,2084.092566619916,3.6706591865357643,2.694950911640954,2.8211781206171107,1.7643758765778401,0.48106591865357645,886.8793828892005,0.0,0.0,2.3106591865357644,1.1276297335203367,1.1830294530154277,0.0,0.9579242636746143
572,2082.612291350531,3.459810318664643,2.785280728376328,2.2807283763277693,1.842185128983308,0.4954476479514416,899.3998482549317,0.0,0.0,2.1130500758725344,1.0295902883156298,1.0834597875569043,0.0,0.9681335356600911
573,2076.128712871287,5.967260726072607,3.4793729372937294,2.518976897689769,1.466171617161716,0.6452145214521452,907.4925742574258,0.0,0.0,2.3366336633663365,1.0907590759075907,1.2458745874587458,0.0,0.9051155115511551
574,2052.538362346873,6.324532559638943,2.6183107672469377,2.871050934880722,1.9194068343004513,0.5061250805931657,907.2088974854933,0.0,0.0,1.559638942617666,0.7537072856221793,0.8059316569954867,0.0,0.9277885235332044
575,2122.883701883702,2.1081490581490585,3.0294840294840295,2.704340704340704,1.4823914823914823,0.5364455364455365,889.8877968877969,0.0,0.0,2.3644553644553645,1.1384111384111384,1.2260442260442261,0.0,0.9754299754299754
576,2082.083003952569,4.8606719367588935,3.5636363636363635,2.6189723320158103,1.517786561264822,0.6126482213438735,883.8861660079051,0.0,0.0,1.9375494071146244,0.866403162055336,1.0711462450592886,0.0,0.9138339920948617
577,2049.007010834927,7.232919056724029,2.495857233906947,2.8209050350541744,2.036966220522626,0.4748247291268324,912.5379222434672,0.0,0.0,1.3186743148502231,0.6991714467813894,0.6195028680688337,0.0,0.9298916507329509
578,2123.872571872572,1.3519425019425018,2.7404817404817403,2.272727272727273,1.7241647241647242,0.5011655011655012,922.6402486402486,0.0,0.0,2.4125874125874125,1.1111111111111112,1.3014763014763016,0.0,0.9782439782439782
579,2076.795281054823,6.770666204024983,3.03469812630118,2.66412213740458,1.630117973629424,0.5572519083969466,905.0728660652325,0.0,0.0,1.9659958362248438,0.9555863983344899,1.0104094378903539,0.0,0.8959056210964608
580,2068.703439325114,5.243380921479559,2.427644386761843,2.8955223880597014,2.0292018170019466,0.4899415963659961,916.6560674886438,0.0,0.0,1.6469824789097989,0.8072680077871512,0.8397144711226476,0.0,0.9286177806619078
581,2101.476935749588,1.494176276771005,3.1161449752883033,2.587314662273476,1.4884678747940692,0.5296540362438221,943.818780889621,0.0,0.0,2.383031301482702,1.1614497528830312,1.2215815485996706,0.0,0.9802306425041186
582,2073.4882352941177,4.960007352941176,2.9198529411764707,2.7433823529411763,1.6022058823529413,0.5963235294117647,926.3279411764706,0.0,0.0,2.488235294117647,1.1529411764705881,1.3352941176470587,0.0,0.8977941176470589
583,2051.872905027933,5.407981843575419,2.5425977653631286,2.6215083798882683,2.046787709497207,0.539804469273743,913.9490223463687,0.0,0.0,1.4308659217877095,0.6710893854748603,0.7597765363128491,0.0,0.9385474860335196
584,2074.994680851064,2.7975759878419453,2.925531914893617,2.575227963525836,1.6056231003039514,0.5022796352583586,920.387537993921,0.0,0.0,1.796352583586626,0.8541033434650456,0.9422492401215805,0.0,0.96580547112462
585,2073.2375690607737,3.4978847671665347,3.4972375690607733,2.926598263614838,1.2478295185477506,0.6566692975532754,881.2596685082873,0.0,0.0,2.2186266771902132,1.1089187056037886,1.1097079715864246,0.0,0.9076558800315706
586,2057.9336043360436,5.161531165311653,2.700542005420054,2.7947154471544717,1.8367208672086721,0.502710027100271,906.2073170731708,0.0,0.0,1.8265582655826558,0.978319783197832,0.8482384823848238,0.0,0.9417344173441734
587,2064.9248291571753,3.281731207289294,2.924069855732726,2.4882308276385725,1.7646165527714504,0.49658314350797267,909.5223993925589,0.0,0.0,1.7760060744115413,0.8078967350037966,0.9681093394077449,0.0,0.9703872437357631
588,2068.3229416466825,6.8663469224620295,3.2478017585931256,2.6378896882494005,1.5987210231814548,0.6634692246203038,906.6458832933653,0.0,0.0,2.3980815347721824,1.1542765787370104,1.2438049560351718,0.0,0.8832933653077538
589,2052.0524475524476,5.533111888111888,2.4195804195804196,2.8076923076923075,2.081002331002331,0.4557109557109557,905.1637529137529,0.0,0.0,1.925990675990676,0.9632867132867133,0.9627039627039627,0.0,0.918997668997669
590,2087.764662756598,1.761041055718475,2.752932551319648,2.4589442815249267,1.7932551319648093,0.4809384164222874,904.200146627566,0.0,0.0,2.276392961876833,1.1414956011730206,1.1348973607038124,0.0,0.9794721407624634
591,2070.9935064935066,3.2673538961038964,3.354707792207792,2.5487012987012987,1.406655844155844,0.6396103896103896,913.2491883116883,0.0,0.0,1.6550324675324675,0.7402597402597403,0.9147727272727273,0.0,0.9261363636363636
592,2040.430910281598,6.103798297314997,2.4911591355599216,2.8605108055009825,2.0700720366732153,0.4911591355599214,880.2802881466929,0.0,0.0,1.4826457105435495,0.7321545514079896,0.75049115913556,0.0,0.9194499017681729
593,2096.7690397350993,0.8248592715231788,3.0745033112582782,2.2798013245033113,1.6548013245033113,0.5322847682119205,897.5902317880794,0.0,0.0,2.3054635761589406,1.0612582781456954,1.244205298013245,0.0,0.9834437086092715
594,2049.5227963525836,5.570364741641337,3.4703647416413372,2.7439209726443767,1.4946808510638299,0.6155015197568389,896.7074468085107,0.0,0.0,1.5417933130699089,0.6762917933130699,0.8655015197568389,0.0,0.8898176291793313
595,2060.762525737817,5.061674673987645,2.628002745367193,2.8462594371997256,1.7515442690459848,0.5051475634866164,888.3541523678792,0.0,0.0,1.4571036376115305,0.7934111187371311,0.6636925188743995,0.0,0.9368565545641729
596,2071.1178423236515,1.3575352697095435,3.2174273858921163,2.379253112033195,1.5966804979253113,0.5253112033195021,899.0174273858921,0.0,0.0,1.404979253112033,0.7360995850622407,0.6688796680497925,0.0,0.9734439834024896
597,2058.0822222222223,5.283696296296296,3.2355555555555555,2.7237037037037037,1.5933333333333333,0.5918518518518519,886.622962962963,0.0,0.0,1.4481481481481482,0.6940740740740741,0.7540740740740741,0.0,0.8888888888888888
598,2052.6107784431138,5.0411909514304725,2.451763140385895,2.5981370592149036,2.059214903526281,0.4930139720558882,897.0984697272122,0.0,0.0,1.5595475715236193,0.7877578176979375,0.7717897538256819,0.0,0.9374584165003327
599,2074.65816678153,2.1681116471399036,2.6250861474844935,2.440385940730531,1.870434183321847,0.44314266023432114,910.394900068918,0.0,0.0,1.943487250172295,0.9682977257064094,0.9751895244658856,0.0,0.9758787043418332
600,2079.315627405697,4.185334872979214,3.1031562740569667,2.686682063125481,1.5750577367205543,0.6351039260969977,920.8221709006929,0.0,0.0,2.3017705927636642,1.0869899923017705,1.2147806004618937,0.0,0.9145496535796767
601,2072.8675733715104,3.8630637079455976,2.7308518253400145,2.9305654974946314,1.863278453829635,0.5153901216893343,917.3593414459556,0.0,0.0,1.7208303507516105,0.8725841088045813,0.8482462419470294,0.0,0.9498926270579814
602,2083.8835714285715,2.399292857142857,2.5864285714285713,2.1871428571428573,1.8278571428571428,0.465,875.1235714285714,0.0,0.0,2.210714285714286,1.08,1.1307142857142858,0.0,0.9771428571428571
603,2069.2353896103896,4.681712662337662,3.3068181818181817,2.479707792207792,1.5357142857142858,0.6387987012987013,905.0397727272727,0.0,0.0,1.6550324675324675,0.773538961038961,0.8814935064935064,0.0,0.9074675324675324
604,2055.0410691003913,5.979726205997392,2.5247718383311604,2.935462842242503,1.9185136897001305,0.48239895697522817,886.957627118644,0.0,0.0,1.5169491525423728,0.7385919165580183,0.7783572359843546,0.0,0.9374185136897001
605,2096.6722354813046,1.7027605409705648,2.9387430389817024,2.7406523468575976,1.4478918058870327,0.5067621320604614,908.8758949880669,0.0,0.0,2.4311853619729513,1.0994431185361973,1.331742243436754,0.0,0.9777247414478918
606,2058.6882399368587,5.096282557221784,3.510655090765588,2.6037884767166535,1.511444356748224,0.6306235201262825,914.973954222573,0.0,0.0,1.8445146014206788,0.8453038674033149,0.9992107340173638,0.0,0.9005524861878453
607,2043.9053524804178,6.238028720626632,2.431462140992167,2.81266318537859,2.073107049608355,0.46736292428198434,877.8936031331592,0.0,0.0,1.4255874673629243,0.7088772845953003,0.716710182767624,0.0,0.9406005221932114
608,2084.1109350237716,2.866362916006339,2.9381933438985737,2.386687797147385,1.6521394611727416,0.5031695721077655,913.9944532488114,0.0,0.0,2.5182250396196513,1.1933438985736926,1.3248811410459589,0.0,0.9683042789223455
609,2067.453651685393,6.040821629213482,3.1615168539325844,2.668539325842697,1.6832865168539326,0.5709269662921348,872.5484550561798,0.0,0.0,2.481039325842697,1.211376404494382,1.2696629213483146,0.0,0.8932584269662921
610,2053.574919614148,6.053434083601286,2.3787781350482313,2.891961414790997,1.9581993569131833,0.48810289389067524,883.2765273311898,0.0,0.0,2.162057877813505,1.0655948553054662,1.0964630225080385,0.0,0.935048231511254
611,2100.4552,1.299528,3.0544,2.532,1.532,0.5128,929.7504,0.0,0.0,2.5808,1.1864,1.3944,0.0,0.9784
612,2059.618800888231,5.169755736491488,2.931162102146558,2.6513693560325686,1.610658771280533,0.6173205033308661,914.9763138415988,0.0,0.0,2.5292376017764617,1.159881569207994,1.3693560325684677,0.0,0.9015544041450777
613,2052.3878663940013,5.3441240627130195,2.5023858214042263,2.5896387184730743,1.9775051124744376,0.4996591683708248,906.4117246080436,0.0,0.0,1.912747102931152,1.0204498977505112,0.8922972051806408,0.0,0.9379686434901159
614,2091.077560240964,1.8907756024096385,3.009789156626506,2.5512048192771086,1.5775602409638554,0.48569277108433734,944.8426204819277,0.0,0.0,2.4841867469879517,1.167921686746988,1.3162650602409638,0.0,0.9698795180722891
615,2063.7425196850395,5.175354330708661,3.5677165354330707,2.8858267716535435,1.2566929133858267,0.6456692913385826,907.2669291338583,0.0,0.0,2.207086614173228,1.111023622047244,1.0960629921259843,0.0,0.9
616,2067.926747311828,5.720383064516129,2.70497311827957,2.8071236559139785,1.823252688172043,0.4993279569892473,876.9576612903226,0.0,0.0,1.596774193548387,0.780241935483871,0.8165322580645161,0.0,0.9348118279569892
617,2089.0685920577616,3.2970324909747295,2.8231046931407944,2.339350180505415,1.7501805054151625,0.46137184115523466,877.7379061371842,0.0,0.0,1.9451263537906138,0.9075812274368231,1.0375451263537907,0.0,0.9667870036101083
618,2090.6713070378964,6.584926527455529,3.3124516627996905,2.5003866976024747,1.536736272235112,0.6040216550657386,886.4075792730085,0.0,0.0,2.1075019334880123,0.9922660479505027,1.1152358855375097,0.0,0.8909512761020881
619,2073.9263768115943,6.293860869565218,2.365217391304348,2.6979710144927536,2.03768115942029,0.45855072463768115,872.7936231884058,0.0,0.0,1.6608695652173913,0.7768115942028986,0.8840579710144928,0.0,0.9240579710144927
620,2115.0355366027006,1.3355579246624023,2.7299218194740584,2.4093816631130065,1.697228144989339,0.47121535181236673,902.046908315565,0.0,0.0,2.014214641080313,0.9786780383795309,1.0355366027007817,0.0,0.9808102345415778
621,2095.251517779705,5.510667823070252,3.5368603642671292,2.5073720728534257,1.471812662619254,0.6764960971379012,892.2671292281007,0.0,0.0,2.2263660017346054,0.9826539462272333,1.2437120555073722,0.0,0.8985255854293148
622,2063.8299874529484,5.633331242158094,2.3914680050188206,2.7120451693851946,1.9178168130489335,0.472396486825596,890.0790464240904,0.0,0.0,1.7070263488080302,0.8644918444165621,0.842534504391468,0.0,0.9328732747804266
623,2116.3646003262643,1.1190375203915173,3.0872756933115824,2.2463295269168024,1.632137030995106,0.5252854812398042,906.952691680261,0.0,0.0,1.8833605220228384,0.9412724306688418,0.9420880913539967,0.0,0.9828711256117455
624,2059.432568149211,6.788579626972741,3.430416068866571,2.6987087517934003,1.4540889526542324,0.593974175035868,910.2941176470588,0.0,0.0,2.0416068866571018,1.017216642754663,1.024390243902439,0.0,0.8931133428981348
625,2095.9326666666666,4.00628,2.566666666666667,2.7973333333333334,1.69,0.49466666666666664,895.366,0.0,0.0,2.066,1.066,1.0,0.0,0.9493333333333334
626,2126.523771790808,1.5256418383518227,3.0839936608557843,2.3851030110935025,1.5602218700475436,0.5039619651347068,876.8946117274168,0.0,0.0,2.1339144215530905,1.0182250396196513,1.115689381933439,0.0,0.9786053882725833
627,2101.1956834532375,7.475690647482014,3.2978417266187052,2.618705035971223,1.5762589928057553,0.5906474820143884,908.8115107913669,0.0,0.0,2.435251798561151,1.2115107913669065,1.2237410071942445,0.0,0.8892086330935252
628,2081.712666666667,5.913453333333334,2.4226666666666667,2.6473333333333335,1.9926666666666666,0.4786666666666667,910.2213333333333,0.0,0.0,1.5953333333333333,0.7933333333333333,0.802,0.0,0.9386666666666666
629,2114.4498245614036,1.5360421052631579,2.7403508771929825,2.423157894736842,1.8449122807017544,0.4463157894736842,920.6343859649123,0.0,0.0,2.2835087719298244,1.1326315789473684,1.1508771929824562,0.0,0.9803508771929824
630,2105.525373134328,5.26,3.0559701492537314,2.708955223880597,1.5641791044776119,0.5895522388059702,939.1925373134328,0.0,0.0,2.876865671641791,1.3671641791044775,1.5097014925373133,0.0,0.9097014925373135
631,2073.519337016575,4.266339779005524,2.720303867403315,2.8218232044198897,1.7506906077348066,0.494475138121547,915.8280386740331,0.0,0.0,1.839779005524862,0.9461325966850829,0.893646408839779,0.0,0.9523480662983426
632,2101.9788011695905,1.4441374269005847,2.6374269005847952,2.246345029239766,1.8421052631578947,0.48099415204678364,932.8464912280701,0.0,0.0,1.9605263157894737,0.9122807017543859,1.0482456140350878,0.0,0.97953216374269
633,2065.2308326463312,4.343470733718054,3.4534212695795548,2.5663643858202803,1.494641384995878,0.6702390766694146,910.0016488046167,0.0,0.0,1.563891178895301,0.7732893652102226,0.7906018136850783,0.0,0.9167353668590272
634,2046.546090273363,6.384437380801017,2.652256834075016,2.9186268277177367,1.8728544183089637,0.4907819453273999,935.993006993007,0.0,0.0,1.3916083916083917,0.677050222504768,0.7145581691036237,0.0,0.9198982835346472
635,2111.96926713948,1.229787234042553,2.9598108747044916,2.6335697399527187,1.405043341213554,0.5200945626477541,925.950354609929,0.0,0.0,2.1678486997635935,0.9905437352245863,1.177304964539007,0.0,0.9787234042553191
636,2078.955657492355,5.2931957186544345,3.6567278287461775,2.5351681957186543,1.4847094801223242,0.6116207951070336,929.4686544342508,0.0,0.0,2.079510703363914,0.9762996941896025,1.103211009174312,0.0,0.9029051987767585
637,2064.989576547231,5.963967426710098,2.493159609120521,2.8188925081433225,2.083387622149837,0.46840390879478827,926.2026058631922,0.0,0.0,1.5986970684039088,0.8123778501628665,0.7863192182410423,0.0,0.9472312703583062
638,2094.335423197492,2.842460815047022,2.8894984326018807,2.330721003134796,1.6300940438871474,0.5078369905956113,926.7186520376175,0.0,0.0,2.0650470219435735,0.95141065830721,1.1136363636363635,0.0,0.9725705329153606
639,2095.1273356401384,7.906145328719723,3.069204152249135,2.6380622837370242,1.7038062283737023,0.5453287197231834,908.5231833910035,0.0,0.0,2.2823529411764705,1.1190311418685122,1.1633217993079585,0.0,0.8885813148788927
640,2078.0929319371726,4.811505235602094,2.431282722513089,2.8756544502617802,2.0006544502617802,0.4895287958115183,933.8979057591623,0.0,0.0,1.7696335078534031,0.8632198952879581,0.9064136125654451,0.0,0.944371727748691
641,2103.4859437751006,1.3930522088353412,3.0795180722891566,2.601606425702811,1.4473895582329317,0.5100401606425703,942.3582329317269,0.0,0.0,1.930120481927711,0.8987951807228916,1.0313253012048194,0.0,0.9815261044176706
642,2067.747807017544,5.761425438596492,3.0065789473684212,2.6805555555555554,1.5548245614035088,0.5942982456140351,897.0343567251462,0.0,0.0,2.607456140350877,1.1783625730994152,1.429093567251462,0.0,0.8925438596491229
643,2060.783426183844,4.745111420612813,2.6274373259052926,2.5717270194986073,1.9784122562674096,0.520891364902507,918.1364902506964,0.0,0.0,1.5612813370473537,0.7653203342618384,0.7959610027855153,0.0,0.9394150417827298
644,2088.6482861400896,3.0785245901639344,2.9642324888226526,2.6736214605067063,1.5558867362146052,0.47540983606557374,940.4500745156483,0.0,0.0,1.9679582712369597,0.8919523099850969,1.0760059612518629,0.0,0.970193740685544
645,2079.0525883319638,4.005784716516023,3.5677896466721446,2.930977814297453,1.2555464256368118,0.6606409202958093,912.6146261298275,0.0,0.0,1.9013968775677896,0.9687756778964667,0.932621199671323,0.0,0.9104354971240756
646,2051.3249660786973,5.405569877883311,2.7048846675712346,2.778833107191316,1.8704206241519674,0.49592944369063774,914.2306648575305,0.0,0.0,1.2116689280868385,0.5651289009497965,0.6465400271370421,0.0,0.9409769335142469
647,2076.5757806549886,3.462383853769992,2.961919268849962,2.4112718964204114,1.6801218583396802,0.5034272658035034,930.947448591013,0.0,0.0,2.4485910129474484,1.2071591774562072,1.2414318354912415,0.0,0.9672505712109672
648,2074.4316770186338,6.008167701863354,3.311335403726708,2.49611801242236,1.5737577639751552,0.6226708074534162,934.2142857142857,0.0,0.0,2.174689440993789,0.9642857142857143,1.2104037267080745,0.0,0.8967391304347826
649,2058.3169722057955,6.316392667060911,2.4458900059136606,2.829686575990538,2.0946185688941457,0.4742755765819042,937.491425192194,0.0,0.0,1.7480780603193378,0.8604376108811355,0.8876404494382022,0.0,0.9112950916617386
650,2113.9068887206663,0.8312036336109008,2.8894776684330052,2.470098410295231,1.7335352006056017,0.49356548069644207,937.6184708554125,0.0,0.0,1.862982588947767,0.8902346707040121,0.9727479182437547,0.0,0.9841029523088569
651,2104.5866336633662,5.421740924092409,3.485148514851485,2.490924092409241,1.3737623762376239,0.6724422442244224,935.7739273927393,0.0,0.0,2.377062706270627,1.1344884488448845,1.2425742574257426,0.0,0.9051155115511551
652,2050.683181225554,6.617105606258148,2.5697522816166884,2.8142112125162972,2.0404172099087354,0.4980443285528031,911.9041720990873,0.0,0.0,1.2490221642764017,0.5984354628422425,0.6505867014341591,0.0,0.9308996088657105
653,2110.192037470726,1.9649414519906325,2.9531615925058547,2.1334894613583137,1.5729898516783762,0.5144418423106948,910.8313817330211,0.0,0.0,1.546448087431694,0.726775956284153,0.819672131147541,0.0,0.9781420765027322
654,2059.506348020911,5.368961911874533,3.4727408513816282,2.7610156833457804,1.4533233756534727,0.6004480955937267,938.8954443614638,0.0,0.0,1.813293502613891,0.8207617625093353,0.9925317401045557,0.0,0.8954443614637789
655,2071.6149659863945,5.186598639455783,2.6530612244897958,2.835374149659864,1.6904761904761905,0.4965986394557823,922.3020408163266,0.0,0.0,1.4510204081632654,0.7170068027210884,0.7340136054421769,0.0,0.9421768707482994
656,2088.5418908531897,2.928654880860876,3.056879323597233,2.3220599538816296,1.6156802459646427,0.5134511913912375,921.956956187548,0.0,0.0,1.3458877786318217,0.6587240584166026,0.6871637202152191,0.0,0.9723289777094543
657,2105.9114103472716,6.698334514528703,3.330970942593905,2.537916371367824,1.579730687455705,0.5917788802267895,893.3111268603827,0.0,0.0,2.3302622253720764,1.1311126860382708,1.1991495393338059,0.0,0.8965272856130404
658,2079.006085192698,4.916896551724138,2.308316430020284,2.6139283299526705,2.0689655172413794,0.4793779580797836,898.2224475997295,0.0,0.0,1.6423258958755915,0.8424611223799865,0.7998647734956051,0.0,0.9519945909398242
659,2127.0273876404494,3.472654494382023,2.716994382022472,2.354634831460674,1.8279494382022472,0.4606741573033708,910.0730337078652,0.0,0.0,2.211376404494382,1.0962078651685394,1.1151685393258426,0.0,0.9669943820224719
660,2123.0255474452556,3.999211678832117,3.113138686131387,2.6087591240875914,1.5313868613138686,0.6145985401459854,942.943795620438,0.0,0.0,2.4255474452554746,1.186861313868613,1.2386861313868613,0.0,0.9131386861313868
661,2090.7626050420167,5.063690476190476,2.745798319327731,2.862044817927171,1.776610644257703,0.5217086834733894,925.3095238095239,0.0,0.0,1.6827731092436975,0.8256302521008403,0.8571428571428571,0.0,0.946078431372549
662,2079.651711026616,3.3003422053231937,2.788593155893536,2.1992395437262355,1.8007604562737642,0.49049429657794674,910.2859315589353,0.0,0.0,1.7718631178707225,0.8980988593155893,0.8737642585551331,0.0,0.9711026615969581
663,2090.4316720257234,4.008963022508039,3.4485530546623795,2.4782958199356915,1.4581993569131833,0.655144694533762,899.7049839228296,0.0,0.0,2.07556270096463,1.0,1.0755627009646302,0.0,0.9172025723472669
664,2058.455420141116,6.1533739576651705,2.6696600384862093,2.910198845413727,1.871712636305324,0.5202052597819115,913.1949967928159,0.0,0.0,1.5349583066067993,0.763951250801796,0.7710070558050032,0.0,0.9191789608723541
665,2122.529206625981,0.9848823016564953,3.171752397558849,2.71229293809939,1.3975588491717523,0.5806451612903226,929.8012205754142,0.0,0.0,2.1490845684394073,1.054054054054054,1.0950305143853531,0.0,0.981691368788143
666,2089.855140186916,5.40915109034268,3.696261682242991,2.533489096573209,1.5031152647975077,0.6503115264797508,909.9571651090342,0.0,0.0,1.982866043613707,0.9462616822429907,1.0366043613707165,0.0,0.9088785046728972
667,2087.9163424124513,4.910116731517509,2.587548638132296,2.8171206225680936,2.092088197146563,0.4798962386511025,926.3845654993515,0.0,0.0,1.4448767833981842,0.7088197146562906,0.7360570687418937,0.0,0.9461738002594033
668,2115.5824267782427,2.3415564853556483,3.1355648535564855,2.295397489539749,1.6117154811715482,0.5573221757322175,930.4803347280334,0.0,0.0,2.1246861924686193,1.0167364016736402,1.1079497907949791,0.0,0.9740585774058578
669,2082.8055555555557,5.983340277777778,3.147222222222222,2.620833333333333,1.6597222222222223,0.55625,911.725,0.0,0.0,2.0756944444444443,0.9854166666666667,1.0902777777777777,0.0,0.8958333333333334
670,2080.917041800643,4.555266881028938,2.470096463022508,2.884887459807074,1.9247588424437299,0.5106109324758843,920.8559485530546,0.0,0.0,1.957556270096463,1.0257234726688103,0.9318327974276527,0.0,0.9421221864951769
671,2117.004914004914,1.8223505323505325,3.1310401310401312,2.5945945945945947,1.466011466011466,0.5397215397215397,938.0827190827191,0.0,0.0,1.8886158886158886,0.9009009009009009,0.9877149877149877,0.0,0.9795249795249795
672,2082.291788856305,6.1546187683284455,3.0469208211143695,2.6678885630498534,1.6195014662756597,0.5791788856304986,909.4677419354839,0.0,0.0,2.0168621700879767,1.0241935483870968,0.9926686217008798,0.0,0.9032258064516129
673,2057.447121820616,4.790977242302544,2.566265060240964,2.4725568942436413,1.9812583668005355,0.5167336010709505,908.8018741633199,0.0,0.0,1.214859437751004,0.6572958500669344,0.5575635876840697,0.0,0.9451137884872824
674,2078.7742424242424,3.0972575757575758,3.0462121212121214,2.665151515151515,1.587878787878788,0.5212121212121212,935.3742424242424,0.0,0.0,1.6303030303030304,0.7674242424242425,0.8628787878787879,0.0,0.9681818181818181
675,2074.236464968153,3.2013375796178343,3.589968152866242,2.8455414012738856,1.2579617834394905,0.6671974522292994,927.171178343949,0.0,0.0,1.8598726114649682,0.9084394904458599,0.9514331210191083,0.0,0.910828025477707
676,2066.990469707284,4.934703880190606,2.847515316541865,2.792375765827093,1.85500340367597,0.5159972770592239,912.9693669162696,0.0,0.0,1.3757658270932607,0.7072838665759019,0.6684819605173588,0.0,0.9380530973451328
677,2096.3152746425885,2.226561324303988,2.951843491346877,2.443190368698269,1.7336343115124153,0.4966139954853273,925.7110609480812,0.0,0.0,1.7893152746425884,0.8306997742663657,0.9586155003762227,0.0,0.9729119638826185
678,2069.4719810576166,5.141633780584057,3.457774269928966,2.4688239936858722,1.5730071033938438,0.6274664561957379,928.6061562746646,0.0,0.0,2.339384372533544,1.0678768745067087,1.271507498026835,0.0,0.8808208366219415
679,2054.050655542312,5.869994040524434,2.4445768772348035,2.8247914183551845,2.0810488676996424,0.46781883194278906,901.8879618593563,0.0,0.0,1.6525625744934447,0.8241954707985697,0.8283671036948749,0.0,0.9278903456495828
680,2098.4762611275964,1.490393175074184,2.89540059347181,2.355341246290801,1.6891691394658754,0.48590504451038574,938.6008902077151,0.0,0.0,1.8842729970326408,0.8783382789317508,1.0059347181008902,0.0,0.9814540059347181
681,2107.358598207009,4.10518337408313,3.5338223308883454,2.4009779951100243,1.4009779951100245,0.6568867155664222,925.8329258353708,0.0,0.0,2.28280358598207,1.069274653626732,1.2135289323553382,0.0,0.9127954360228199
682,2046.6608260325406,5.3392991239048815,2.4011264080100125,2.767834793491865,1.960575719649562,0.4818523153942428,905.8973717146433,0.0,0.0,1.1539424280350439,0.5444305381727159,0.609511889862328,0.0,0.9374217772215269
683,2105.6975259377496,1.4198483639265764,3.0957701516360734,2.1771747805267356,1.6201117318435754,0.524341580207502,945.3232242617718,0.0,0.0,1.7517956903431764,0.8268156424581006,0.9249800478850758,0.0,0.9768555466879489
684,2058.953576864536,5.294299847792998,3.5487062404870624,2.7945205479452055,1.4726027397260273,0.6248097412480974,950.451293759513,0.0,0.0,1.8051750380517504,0.8592085235920852,0.9459665144596652,0.0,0.8942161339421614
685,2073.2334656084654,4.435489417989418,2.5833333333333335,2.7804232804232805,1.6593915343915344,0.4933862433862434,910.9623015873016,0.0,0.0,1.333994708994709,0.6415343915343915,0.6924603174603174,0.0,0.9391534391534392
686,2079.027821939587,1.6769236883942769,3.166931637519873,2.3155802861685215,1.6049284578696343,0.5222575516693164,918.8100158982512,0.0,0.0,1.8131955484896662,0.8505564387917329,0.9626391096979332,0.0,0.9793322734499205
687,2079.6900887573966,5.288653846153847,3.3683431952662723,2.614644970414201,1.5628698224852071,0.6109467455621301,926.3594674556213,0.0,0.0,2.8254437869822486,1.2928994082840237,1.532544378698225,0.0,0.8905325443786982
688,2058.732666666667,6.586173333333334,2.542,2.6033333333333335,1.998,0.5173333333333333,918.0633333333334,0.0,0.0,1.3526666666666667,0.642,0.7106666666666667,0.0,0.9246666666666666
689,2099.6243936243936,1.5884823284823284,2.8073458073458073,2.316701316701317,1.8177408177408176,0.46292446292446293,926.1580041580041,0.0,0.0,2.0194040194040195,0.9521829521829522,1.0672210672210671,0.0,0.9757449757449758
690,2082.9171686746986,4.375293674698796,3.1694277108433737,2.5873493975903616,1.5828313253012047,0.5941265060240963,949.0790662650602,0.0,0.0,1.4984939759036144,0.6656626506024096,0.8328313253012049,0.0,0.9141566265060241
691,2054.091836734694,5.071829931972789,2.708843537414966,2.7666666666666666,1.7598639455782312,0.5163265306122449,942.3639455782313,0.0,0.0,1.5564625850340137,0.7945578231292517,0.7619047619047619,0.0,0.9421768707482994
692,2086.356780275562,1.1882451051486587,2.707759245830312,2.2197244379985497,1.792603335750544,0.47788252356780275,911.1747643219725,0.0,0.0,1.5844815083393764,0.7411167512690355,0.8433647570703409,0.0,0.981145757795504
693,2071.175453047776,4.391779242174629,3.5313014827018123,2.5016474464579903,1.471169686985173,0.6688632619439868,922.0436573311367,0.0,0.0,1.4884678747940692,0.700164744645799,0.7883031301482701,0.0,0.9052718286655683
694,2032.5963244613436,8.341539923954373,2.67680608365019,2.9429657794676807,1.8808618504435994,0.5038022813688213,941.3288973384031,0.0,0.0,1.2408111533586819,0.6375158428390367,0.6032953105196451,0.0,0.9049429657794676
695,2100.4972592012527,1.1284573218480813,2.93265465935787,2.6115896632732967,1.4933437744714173,0.5121378230227095,925.6178543461237,0.0,0.0,1.9898198903680502,0.9263899765074393,1.0634299138606107,0.0,0.980422866092404
696,2076.3247344461306,5.3458497723823974,3.700303490136571,2.4650986342943852,1.4628224582701062,0.6320182094081942,935.5083459787556,0.0,0.0,1.606980273141123,0.7852807283763278,0.8216995447647951,0.0,0.9044006069802731
697,2047.9324240545568,8.157761934283943,2.587724736515809,2.7563546187228765,1.9665220086794792,0.463112213267204,921.3248605083695,0.0,0.0,1.5319280843149412,0.755114693118413,0.7768133911965283,0.0,0.9225046497210168
698,2082.668453292496,3.5434839203675343,2.9073506891271057,2.2947932618683002,1.6898928024502298,0.48162327718223585,929.4923430321593,0.0,0.0,1.5382848392036754,0.7725880551301685,0.7656967840735069,0.0,0.9670750382848392
699,2074.956553222303,5.68237509051412,3.2961622013034035,2.6343229543808833,1.6618392469225198,0.6053584359160029,941.4344677769732,0.0,0.0,2.0246198406951486,0.9695872556118754,1.055032585083273,0.0,0.887762490948588
700,2059.173402868318,5.450801825293351,2.51238591916558,2.9172099087353325,2.01238591916558,0.4908735332464146,932.9445893089961,0.0,0.0,1.8670143415906129,0.9009126466753585,0.9661016949152542,0.0,0.9322033898305084
701,2096.1803921568626,1.365356862745098,3.023529411764706,2.461176470588235,1.5411764705882354,0.4964705882352941,950.1058823529412,0.0,0.0,1.7843137254901962,0.8698039215686274,0.9145098039215687,0.0,0.9803921568627451
702,2061.2585579024035,4.169664967225055,2.9526584122359796,2.632192279679534,1.6052439912600145,0.5790240349599417,939.6190823015295,0.0,0.0,2.009468317552804,0.9839766933721777,1.0254916241806264,0.0,0.9060451565914057
703,2047.246483590087,5.374943067649029,2.523107836570663,2.451440053583389,1.9584728734092431,0.4882786336235767,934.6396517079705,0.0,0.0,1.622906898861353,0.7890154052243804,0.8338914936369726,0.0,0.941728064300067
704,2066.5163204747773,3.753805637982196,2.9933234421364987,2.623887240356083,1.6461424332344214,0.491839762611276,946.8508902077151,0.0,0.0,1.9725519287833828,0.9094955489614244,1.0630563798219586,0.0,0.9666172106824926
705,2066.813545816733,4.935035856573705,3.556175298804781,2.804780876494024,1.249402390438247,0.6350597609561753,945.8788844621514,0.0,0.0,2.4374501992031874,1.150597609561753,1.2868525896414342,0.0,0.900398406374502
706,2070.159045725646,4.846176275679258,2.8290258449304173,2.784625579854208,1.779324055666004,0.48906560636182905,933.1292246520875,0.0,0.0,2.1053677932405566,1.0046388336646785,1.100728959575878,0.0,0.9383697813121272
707,2092.0666666666666,3.5881273408239696,2.9625468164794007,2.3820224719101124,1.7340823970037453,0.49812734082397003,929.8187265917603,0.0,0.0,2.350561797752809,1.060674157303371,1.2898876404494382,0.0,0.9647940074906367
708,2072.5235521235522,4.687714285714286,3.3382239382239383,2.5335907335907337,1.5575289575289575,0.6247104247104247,942.7536679536679,0.0,0.0,2.0370656370656373,1.01003861003861,1.027027027027027,0.0,0.8972972972972973
709,2051.560579710145,6.8049739130434785,2.471304347826087,2.7431884057971017,2.056231884057971,0.46840579710144925,947.2985507246377,0.0,0.0,1.9820289855072464,0.9918840579710145,0.9901449275362318,0.0,0.9153623188405797
710,2094.8850658857978,1.1303221083455344,2.88506588579795,2.4341142020497806,1.6837481698389458,0.4773060029282577,963.7064421669107,0.0,0.0,1.9626647144948755,0.931918008784773,1.0307467057101025,0.0,0.9831625183016105
711,2088.3214876033057,4.794867768595041,3.5528925619834713,2.505785123966942,1.4239669421487604,0.6851239669421487,958.1421487603305,0.0,0.0,2.2917355371900827,1.0644628099173554,1.2272727272727273,0.0,0.9115702479338843
712,2054.0173913043477,5.541521739130435,2.4819875776397518,2.7993788819875776,1.9391304347826086,0.48757763975155277,953.1223602484472,0.0,0.0,1.7093167701863354,0.8496894409937888,0.8596273291925466,0.0,0.9186335403726708
713,2092.162489894907,1.7962409054163297,3.126111560226354,2.2029102667744542,1.6725949878738884,0.5214227970897333,965.2538399353274,0.0,0.0,1.6596604688763137,0.767178658043654,0.8924818108326596,0.0,0.9797898140662894
714,2054.5342146189737,6.565085536547435,3.5622083981337482,2.770606531881804,1.474339035769829,0.6376360808709176,957.7410575427683,0.0,0.0,1.82348367029549,0.8872472783825817,0.9362363919129082,0.0,0.8794712286158631
715,2059.6628378378377,5.0381689189189185,2.7256756756756757,2.8216216216216217,1.704054054054054,0.5060810810810811,928.4398648648648,0.0,0.0,2.0547297297297296,1.0141891891891892,1.0405405405405406,0.0,0.9283783783783783
716,2087.67167721519,1.2919145569620254,3.0957278481012658,2.3338607594936707,1.6091772151898733,0.5126582278481012,936.0411392405064,0.0,0.0,1.9169303797468353,0.8757911392405063,1.0411392405063291,0.0,0.9810126582278481
717,2075.69674556213,4.463587278106509,3.364644970414201,2.662721893491124,1.6279585798816567,0.6116863905325444,934.4800295857988,0.0,0.0,2.0288461538461537,1.025887573964497,1.0029585798816567,0.0,0.8942307692307693
718,2061.644516129032,6.916387096774193,2.4148387096774195,2.5948387096774193,1.9851612903225806,0.5096774193548387,914.4058064516129,0.0,0.0,1.6135483870967742,0.78,0.8335483870967741,0.0,0.9232258064516129
719,2084.392953929539,2.6222425474254742,2.6395663956639566,2.2710027100271004,1.8272357723577235,0.4356368563685637,953.569105691057,0.0,0.0,1.787940379403794,0.8584010840108401,0.9295392953929539,0.0,0.9728997289972899
720,2075.825,4.6040564516129034,3.332258064516129,2.7451612903225806,1.6290322580645162,0.6475806451612903,972.4016129032258,0.0,0.0,2.2943548387096775,1.086290322580645,1.2080645161290322,0.0,0.9120967741935484
721,2054.7786259541986,5.566828591256073,2.6738376127689105,2.7987508674531574,1.8022206800832754,0.5065926439972241,961.8834142956281,0.0,0.0,1.494795281054823,0.7467036780013879,0.7480916030534351,0.0,0.9465648854961832
722,2060.560830860534,2.6075964391691393,2.763353115727003,2.1528189910979227,1.8056379821958457,0.48516320474777447,959.9510385756677,0.0,0.0,1.3212166172106825,0.6683976261127597,0.6528189910979229,0.0,0.9718100890207715
723,2066.4850157728706,4.221167192429022,3.3667192429022084,2.4589905362776023,1.4818611987381702,0.6261829652996845,967.8690851735016,0.0,0.0,1.834384858044164,0.9337539432176656,0.9006309148264984,0.0,0.9156151419558359
724,2043.4393548387097,6.3552,2.6025806451612903,2.903225806451613,1.9025806451612903,0.48774193548387096,929.6045161290323,0.0,0.0,1.3096774193548386,0.6632258064516129,0.6464516129032258,0.0,0.9309677419354838
725,2100.8658333333333,0.869,3.0775,2.7308333333333334,1.4583333333333333,0.525,930.6758333333333,0.0,0.0,1.7925,0.84,0.9525,0.0,0.9816666666666667
726,2080.5041888804267,4.7756207159177455,3.658035034272658,2.5194211728865192,1.4912414318354912,0.6009139375476009,943.7067783701447,0.0,0.0,2.1706016755521707,1.0365575019040365,1.1340441736481341,0.0,0.9032749428789033
727,2075.255562619199,6.030394151303242,2.6013986013986012,2.7844882390336934,2.0464081373172283,0.4965034965034965,943.631277813096,0.0,0.0,1.7914812460267007,0.8798474253019708,0.9116338207247299,0.0,0.9249841068022886
728,2082.413528055342,2.019976940814758,2.889315910837817,2.298232129131437,1.6810146041506533,0.49884704073789393,955.86856264412,0.0,0.0,1.6541122213681783,0.8070714834742506,0.8470407378939278,0.0,0.9754035357417371
729,2071.287661895024,5.101213360599863,3.0749829584185413,2.539877300613497,1.6734832992501705,0.5439672801635992,967.2385821404226,0.0,0.0,2.1206543967280163,1.0340831629175187,1.0865712338104976,0.0,0.901840490797546
730,2051.577146546159,6.770387346675275,2.4267269205939317,2.8734667527437057,1.9812782440284054,0.5054874112330536,927.427372498386,0.0,0.0,1.8902517753389283,0.9877340219496449,0.9025177533892834,0.0,0.9335054874112331
731,2079.286535303777,2.2732348111658456,3.1371100164203614,2.471264367816092,1.5525451559934318,0.5172413793103449,946.9860426929392,0.0,0.0,1.702791461412151,0.8078817733990148,0.8949096880131363,0.0,0.9761904761904762
732,2057.0059835452507,6.445086013462976,3.014210919970082,2.6342557965594615,1.6080777860882574,0.6043380703066566,929.2341062079282,0.0,0.0,1.7075542258788332,0.7643979057591623,0.9431563201196709,0.0,0.8915482423335827
733,2055.4758234057463,4.999740714786265,2.667133847231955,2.608969866853539,2.058864751226349,0.5346881569726699,962.4239663629993,0.0,0.0,1.5606166783461808,0.779957953749124,0.7806587245970568,0.0,0.9362298528381219
734,2076.2549019607845,2.443061840120664,3.0361990950226243,2.6221719457013575,1.6229260935143288,0.49019607843137253,961.3981900452488,0.0,0.0,1.799396681749623,0.8619909502262444,0.9374057315233786,0.0,0.9705882352941176
735,2064.405714285714,4.042187755102041,3.5387755102040814,2.8187755102040817,1.2759183673469388,0.6677551020408163,940.7110204081632,0.0,0.0,1.626938775510204,0.7648979591836734,0.8620408163265306,0.0,0.9044897959183673
736,2047.2691790040376,5.049152086137282,2.797442799461642,2.7637954239569313,1.8364737550471064,0.5074024226110363,954.7409152086137,0.0,0.0,1.1541049798115748,0.5074024226110363,0.6467025572005384,0.0,0.9448183041722745
737,2084.4689984101747,1.9006200317965023,3.1359300476947536,2.5262321144674087,1.7146263910969792,0.5151033386327504,953.7058823529412,0.0,0.0,1.807631160572337,0.8656597774244833,0.9419713831478538,0.0,0.9769475357710652
738,2053.0932806324113,5.884687747035573,3.459288537549407,2.551778656126482,1.5596837944664033,0.6426877470355731,926.094861660079,0.0,0.0,1.8063241106719368,0.8798418972332016,0.9264822134387352,0.0,0.8909090909090909
739,2048.8667872212177,6.981235684147077,2.467148884870404,2.8294153104279687,2.080168776371308,0.44424352019288726,918.3218806509946,0.0,0.0,1.44122965641953,0.7329716696805304,0.7082579867389994,0.0,0.9246534056660639
740,2088.586923076923,1.3150538461538464,3.0184615384615383,2.4269230769230767,1.6015384615384616,0.5053846153846154,950.3507692307692,0.0,0.0,1.76,0.8315384615384616,0.9284615384615384,0.0,0.9784615384615385
741,2067.0426065162906,4.798220551378447,3.529657477025898,2.517126148705096,1.3617376775271512,0.6658312447786132,970.265664160401,0.0,0.0,1.5881370091896407,0.7619047619047619,0.8262322472848789,0.0,0.9097744360902256
742,2042.3433696348495,5.645400384368994,2.5227418321588724,2.764253683536195,1.9948750800768738,0.478539397821909,917.4497117232543,0.0,0.0,1.193465727098014,0.6450992953235106,0.5483664317745035,0.0,0.9359385009609225
743,2093.1907790143086,2.1362639109697934,3.0333863275039747,2.1883942766295705,1.5930047694753577,0.5103338632750397,942.724960254372,0.0,0.0,1.541335453100159,0.7281399046104928,0.8131955484896661,0.0,0.9753577106518283
744,2051.126235741445,6.83703422053232,3.4730038022813687,2.738403041825095,1.5125475285171102,0.623574144486692,942.8775665399239,0.0,0.0,1.3718631178707223,0.6517110266159696,0.7201520912547529,0.0,0.8768060836501901
745,2046.5750332005312,7.08675962815405,2.557104913678619,2.7775564409030546,1.6812749003984064,0.4754316069057105,893.1806108897742,0.0,0.0,1.5325365205843293,0.7649402390438247,0.7675962815405046,0.0,0.9276228419654714
746,2083.191324554609,1.0293803253292022,3.05422153369481,2.3532145623547636,1.5321456235476374,0.49806351665375675,909.26800929512,0.0,0.0,1.5313710302091401,0.6808675445391169,0.8505034856700232,0.0,0.9798605731990705
747,2074.033576642336,4.691861313868613,3.3686131386861313,2.6211678832116787,1.5452554744525548,0.6094890510948905,918.8452554744525,0.0,0.0,1.7832116788321168,0.9094890510948905,0.8737226277372263,0.0,0.8934306569343066
748,2063.5915492957747,5.2659423205902085,2.4708249496981893,2.6036217303822937,2.054996646545942,0.5043594902749833,897.1059691482227,0.0,0.0,1.3615023474178405,0.6666666666666666,0.6948356807511737,0.0,0.9349429912810194
749,2070.4792263610316,2.1317765042979944,2.760028653295129,2.3803724928366763,1.728510028653295,0.46275071633237824,931.0594555873926,0.0,0.0,1.508595988538682,0.7578796561604585,0.7507163323782235,0.0,0.9706303724928367
750,2066.10051736881,4.024242424242424,3.2025129342202514,2.6023651145602367,1.5203252032520325,0.6134515890613451,937.880266075388,0.0,0.0,1.6371027346637104,0.7804878048780488,0.8566149297856614,0.0,0.9157427937915743
751,2060.8797250859106,4.390810996563574,2.668041237113402,2.8536082474226805,1.7642611683848797,0.5243986254295533,900.1436426116838,0.0,0.0,1.5903780068728521,0.8673539518900344,0.7230240549828179,0.0,0.9512027491408934
752,2071.5476374903174,1.1301859024012393,2.826491092176607,2.2571649883811,1.8109992254066616,0.5089078233927188,936.1138652207591,0.0,0.0,1.3547637490317583,0.6986831913245546,0.6560805577072037,0.0,0.981409759876065
753,2062.5973813420624,4.175327332242226,3.381342062193126,2.46481178396072,1.5024549918166938,0.6751227495908347,935.7045826513912,0.0,0.0,1.8044189852700492,0.851063829787234,0.953355155482815,0.0,0.911620294599018
754,2057.5958721704396,5.662450066577896,2.695739014647137,2.966045272969374,1.9747003994673769,0.4993342210386152,930.8002663115846,0.0,0.0,1.3934753661784287,0.7390146471371505,0.6544607190412783,0.0,0.9414114513981359
755,2105.915503875969,0.8198759689922481,2.857364341085271,2.5387596899224807,1.4914728682170542,0.5147286821705427,913.4697674418604,0.0,0.0,2.0093023255813955,0.9472868217054263,1.062015503875969,0.0,0.9806201550387597
756,2083.319281811085,4.379172521467604,3.661982825917252,2.488680718188915,1.4933645589383295,0.6416861826697893,928.4855581576893,0.0,0.0,2.185792349726776,1.0819672131147542,1.1038251366120218,0.0,0.9094457455113193
757,2047.074754901961,7.187910539215686,2.5392156862745097,2.675857843137255,1.9503676470588236,0.4699754901960784,924.7003676470588,0.0,0.0,1.3026960784313726,0.6519607843137255,0.6507352941176471,0.0,0.9319852941176471
758,2096.1939487975174,1.0893173002327385,2.8882854926299455,2.335919317300233,1.617532971295578,0.5143522110162917,926.7214895267649,0.0,0.0,1.8386346004654772,0.9053529868114818,0.9332816136539953,0.0,0.9829325058184639
759,2066.445606694561,5.226338912133891,3.102510460251046,2.5634588563458856,1.6478382147838215,0.5627615062761506,929.7391910739191,0.0,0.0,1.904463040446304,0.8814504881450488,1.0230125523012552,0.0,0.8947001394700139
760,2050.3922976501303,4.505202349869452,2.3740208877284594,2.885770234986945,1.9640992167101827,0.48759791122715407,912.4706266318537,0.0,0.0,1.3283289817232375,0.7010443864229765,0.6272845953002611,0.0,0.9490861618798956
761,2067.684301821336,2.040416305290546,3.266261925411969,2.534258456201214,1.396357328707719,0.572419774501301,921.1587163920208,0.0,0.0,1.6825672159583696,0.8039895923677364,0.8785776235906332,0.0,0.9748482220294883
762,2043.439504373178,4.861384839650145,2.99198250728863,2.651603498542274,1.5750728862973762,0.6064139941690962,918.5349854227405,0.0,0.0,1.53134110787172,0.7157434402332361,0.815597667638484,0.0,0.8950437317784257
763,2050.6569847856154,5.13649377593361,2.5781466113416323,2.5435684647302903,2.0062240663900415,0.5096818810511756,920.7475795297372,0.0,0.0,1.3250345781466113,0.6680497925311203,0.656984785615491,0.0,0.946058091286307
764,2072.1548242333583,2.9836873597606584,2.9476439790575917,2.6013462976813764,1.5676888556469708,0.5003739715781601,915.9237097980554,0.0,0.0,1.724756918474196,0.8294689603590127,0.8952879581151832,0.0,0.9708302169035153
765,2060.488519398258,4.532003167062549,3.4433887569279493,2.768012668250198,1.252573238321457,0.6666666666666666,915.1860649247823,0.0,0.0,2.0791765637371338,0.9984164687252574,1.0807600950118765,0.0,0.9034045922406968
766,2057.998673740053,4.792659151193634,2.759283819628647,2.7751989389920424,1.8375331564986737,0.5192307692307693,914.6412466843501,0.0,0.0,1.3640583554376657,0.6637931034482759,0.7002652519893899,0.0,0.9376657824933687
767,2090.395620437956,1.4256788321167881,2.7875912408759125,2.335036496350365,1.7094890510948906,0.48759124087591244,898.9715328467154,0.0,0.0,1.418978102189781,0.7197080291970803,0.6992700729927007,0.0,0.9766423357664233
768,2051.546474358974,5.0990625000000005,3.4078525641025643,2.52724358974359,1.6017628205128205,0.6514423076923077,918.5608974358975,0.0,0.0,1.5144230769230769,0.7275641025641025,0.7868589743589743,0.0,0.8942307692307693
769,2043.505325443787,7.206988165680473,2.3857988165680473,2.788165680473373,2.0745562130177513,0.4621301775147929,908.0775147928994,0.0,0.0,1.5585798816568048,0.7615384615384615,0.7970414201183432,0.0,0.927810650887574
770,2079.9861212563915,0.5393791088385683,2.8487947406866327,2.3966398831263698,1.6785975164353544,0.46822498173849525,926.8875091307524,0.0,0.0,1.1285609934258582,0.545653761869978,0.5829072315558802,0.0,0.985390796201607
771,2074.4855687606114,3.553921901528014,3.5033955857385397,2.5229202037351444,1.3786078098471986,0.6808149405772496,917.9286926994906,0.0,0.0,1.7843803056027165,0.8488964346349746,0.9354838709677419,0.0,0.9176570458404074
772,2037.7621202327084,5.7870782159017455,2.5016160310277957,2.81060116354234,2.020038784744667,0.4919198448610213,886.7207498383968,0.0,0.0,0.9806076276664512,0.5029088558500323,0.4776987718164189,0.0,0.9353587588881707
773,2091.586234817814,2.459028340080972,3.0825910931174088,2.2016194331983807,1.639676113360324,0.5182186234817814,905.8323886639677,0.0,0.0,1.4493927125506072,0.7279352226720648,0.7214574898785425,0.0,0.9692307692307692
774,2049.3464150943396,7.645758490566037,3.406037735849057,2.7343396226415093,1.4875471698113207,0.6135849056603774,910.7909433962265,0.0,0.0,1.8067924528301886,0.8716981132075472,0.9350943396226415,0.0,0.879245283018868
775,2063.124651810585,4.635640668523677,2.6706128133704734,2.905292479108635,1.7416434540389971,0.5069637883008357,916.3948467966574,0.0,0.0,1.644150417827298,0.8203342618384402,0.8238161559888579,0.0,0.9442896935933147
776,2099.763779527559,0.12084251968503937,3.0125984251968503,2.4031496062992126,1.5748031496062993,0.5094488188976378,936.0566929133859,0.0,0.0,1.4464566929133857,0.7354330708661417,0.7110236220472441,0.0,0.9881889763779528
777,2063.2152366863907,6.6366198224852075,3.3690828402366866,2.5865384615384617,1.5835798816568047,0.6072485207100592,898.6316568047338,0.0,0.0,1.7729289940828403,0.9053254437869822,0.867603550295858,0.0,0.8883136094674556
778,2058.422544495715,7.024568226763349,2.4100197758734345,2.5906394199077125,1.9901120632827949,0.4792353328938695,923.6268951878708,0.0,0.0,1.5418589321028346,0.7666446934739618,0.7752142386288727,0.0,0.934739617666447
779,2068.71975393028,4.1273000683526995,2.660970608339029,2.3547505126452495,1.771701982228298,0.4606971975393028,913.678058783322,0.0,0.0,1.7593984962406015,0.8769651401230348,0.8824333561175667,0.0,0.963773069036227
780,2077.4263074484943,4.134984152139461,3.2321711568938194,2.723454833597464,1.6014263074484945,0.6220285261489699,942.7099841521394,0.0,0.0,1.8597464342313788,0.8217115689381933,1.0380348652931854,0.0,0.9160063391442155
781,2067.135802469136,4.802688614540466,2.7160493827160495,2.794238683127572,1.7853223593964336,0.5020576131687243,952.502743484225,0.0,0.0,1.8155006858710563,0.9190672153635117,0.8964334705075446,0.0,0.9465020576131687
782,2059.565119760479,3.1320658682634734,2.7604790419161676,2.251497005988024,1.7447604790419162,0.4820359281437126,911.2732035928144,0.0,0.0,1.4461077844311376,0.6758982035928144,0.7702095808383234,0.0,0.9708083832335329
783,2079.122112211221,4.131212871287128,3.462046204620462,2.4966996699669965,1.5544554455445545,0.6625412541254125,924.3143564356436,0.0,0.0,1.9546204620462047,0.8935643564356436,1.061056105610561,0.0,0.915016501650165
784,2053.07625,6.6043125,2.56375,2.8925,1.885625,0.49375,943.815,0.0,0.0,1.511875,0.784375,0.7275,0.0,0.9225
785,2126.2377850162866,0.9999918566775244,2.955211726384365,2.6335504885993486,1.4234527687296417,0.5285016286644951,945.2679153094463,0.0,0.0,2.592833876221498,1.211726384364821,1.3811074918566775,0.0,0.9812703583061889
786,2094.0713725490195,4.822541176470588,3.6494117647058824,2.5184313725490197,1.5003921568627452,0.6462745098039215,919.3623529411765,0.0,0.0,1.9388235294117646,0.952156862745098,0.9866666666666667,0.0,0.9145098039215687
787,2073.5681381957775,5.755828534868843,2.519513755598209,2.7946257197696736,2.047984644913628,0.4708893154190659,936.3448496481126,0.0,0.0,1.4964811260396673,0.746641074856046,0.7498400511836213,0.0,0.9309021113243762
788,2109.2618670886077,3.299382911392405,2.903481012658228,2.4098101265822787,1.6621835443037976,0.5079113924050633,911.0055379746835,0.0,0.0,1.7863924050632911,0.7950949367088608,0.9912974683544303,0.0,0.9746835443037974
789,2082.867332382311,6.6449429386590575,3.1697574893009985,2.6554921540656204,1.652639087018545,0.5855920114122682,914.2261055634807,0.0,0.0,2.059201141226819,0.9893009985734664,1.0699001426533523,0.0,0.8930099857346647
790,2061.3203378817416,5.67087069525666,2.46588693957115,2.9025341130604287,2.014944769330734,0.5178687459389214,930.2800519818064,0.0,0.0,1.534762833008447,0.7738791423001949,0.7608836907082521,0.0,0.9246263807667316
791,2115.6283400809716,0.6441295546558704,3.0866396761133603,2.490688259109312,1.4502024291497975,0.5263157894736842,946.387044534413,0.0,0.0,1.777327935222672,0.8817813765182186,0.8955465587044534,0.0,0.982995951417004
792,2058.2849816849816,4.942608058608059,2.9296703296703295,2.6754578754578753,1.5802197802197802,0.5978021978021978,914.4593406593407,0.0,0.0,2.087912087912088,1.032967032967033,1.054945054945055,0.0,0.895970695970696
793,2063.508547008547,4.327521367521368,2.6075498575498575,2.618233618233618,2.064814814814815,0.5227920227920227,923.488603988604,0.0,0.0,1.3176638176638176,0.6574074074074074,0.6602564102564102,0.0,0.9508547008547008
794,2087.2207207207207,2.1067717717717716,2.964714714714715,2.6096096096096097,1.6441441441441442,0.5045045045045045,937.1711711711712,0.0,0.0,1.7484984984984986,0.8138138138138138,0.9346846846846847,0.0,0.9737237237237237
795,2083.4622186495176,5.33604501607717,3.553054662379421,2.7934083601286175,1.2757234726688103,0.6463022508038585,891.1760450160772,0.0,0.0,2.405144694533762,1.1543408360128617,1.2508038585209003,0.0,0.9083601286173634
796,2072.1925925925925,4.715959595959596,2.8141414141414143,2.7555555555555555,1.8457912457912458,0.5185185185185185,887.9885521885521,0.0,0.0,1.6444444444444444,0.8154882154882155,0.828956228956229,0.0,0.9454545454545454
797,2075.2440260680664,4.143425054308472,2.847936278059377,2.4141926140477916,1.7349746560463433,0.47574221578566256,940.887038377987,0.0,0.0,1.3591600289645185,0.6502534395365677,0.7089065894279507,0.0,0.9674149167270094
798,2077.4169207317073,5.3366234756097555,3.3224085365853657,2.4535060975609757,1.5640243902439024,0.6211890243902439,929.6920731707318,0.0,0.0,1.8513719512195121,0.8849085365853658,0.9664634146341463,0.0,0.895579268292683
799,2049.679005205321,6.617067669172933,2.362058993637941,2.766338924233661,2.037593984962406,0.4574898785425101,900.0746096009254,0.0,0.0,1.586466165413534,0.8311162521688837,0.7553499132446501,0.0,0.913823019086177
800,2103.7510699001427,1.1445577746077034,2.761768901569187,2.317403708987161,1.6576319543509273,0.47574893009985736,924.0656205420827,0.0,0.0,1.5770328102710414,0.7924393723252496,0.7845934379457917,0.0,0.9807417974322397
801,2084.390361445783,4.584072289156627,3.461847389558233,2.4032128514056224,1.448995983935743,0.6562248995983936,931.7341365461847,0.0,0.0,2.0136546184738955,0.934136546184739,1.0795180722891566,0.0,0.9100401606425703
802,2045.7029262086514,6.090896946564885,2.5165394402035624,2.7888040712468194,1.9987277353689568,0.5019083969465649,925.4561068702291,0.0,0.0,1.3899491094147582,0.7156488549618321,0.6743002544529262,0.0,0.9293893129770993
803,2093.45631825273,2.1454602184087364,3.0390015600624025,2.213728549141966,1.6045241809672386,0.5054602184087363,906.3572542901716,0.0,0.0,1.8159126365054603,0.8845553822152886,0.9313572542901716,0.0,0.9758190327613104
804,2065.8482549317146,7.556911987860395,3.420333839150228,2.7283763277693476,1.5311077389984826,0.6077389984825493,903.6145675265553,0.0,0.0,1.4552352048558421,0.6547799696509864,0.8004552352048558,0.0,0.8869499241274659
805,2081.447781569966,3.9782116040955633,2.7133105802047783,2.8484641638225257,1.7078498293515358,0.5174061433447099,896.6921501706485,0.0,0.0,1.583617747440273,0.8006825938566553,0.7829351535836178,0.0,0.931740614334471
806,2096.6956869009587,0.7373003194888178,3.1845047923322682,2.38258785942492,1.6142172523961662,0.5271565495207667,923.55910543131,0.0,0.0,1.682108626198083,0.7947284345047924,0.8873801916932907,0.0,0.987220447284345
807,2070.053452115813,8.077253155159614,3.446919079435783,2.665924276169265,1.55456570155902,0.635486265775798,894.3340757238308,0.0,0.0,1.7178916109873794,0.8247958426132146,0.8930957683741648,0.0,0.8819599109131403
808,2063.480078380144,7.061430437622469,2.5747877204441543,2.596995427824951,2.001306335728282,0.5258001306335728,894.6322664924886,0.0,0.0,2.015022860875245,1.02416721097322,0.9908556499020248,0.0,0.922273024167211
809,2069.232624113475,3.4108794326241134,2.7595744680851064,2.3957446808510636,1.8411347517730496,0.4851063829787234,906.0198581560284,0.0,0.0,1.6148936170212767,0.798581560283688,0.8163120567375887,0.0,0.9709219858156029
810,2087.5965327029157,3.886800630417652,3.1710007880220648,2.7793538219070135,1.573680063041765,0.6579984239558707,923.6493301812451,0.0,0.0,1.776201733648542,0.8408195429472025,0.9353821907013397,0.0,0.9148936170212766
811,2086.8021753908906,4.908538409245411,2.7675050985724,2.7763426240652618,1.760027192386132,0.5411284840244731,905.4833446634942,0.0,0.0,1.8082936777702243,0.902107409925221,0.9061862678450034,0.0,0.9374575118966689
812,2074.5173882185945,2.63139105748758,2.610361958836054,2.140525195173882,1.8381831085876508,0.47054648687012063,904.6337828246984,0.0,0.0,1.8679914833215046,0.8985095812633073,0.9694819020581973,0.0,0.9730305180979418
813,2078.362123613312,3.954310618066561,3.480190174326466,2.4025356576862125,1.4770206022187005,0.6608557844690967,934.8058637083993,0.0,0.0,2.2939778129952457,1.06973058637084,1.2242472266244058,0.0,0.9175911251980983
814,2054.8960551033188,7.397908578584847,2.575453976205385,2.813400125234815,1.902316844082655,0.49843456480901693,928.6092673763306,0.0,0.0,1.7526612398246713,0.8985597996242956,0.8541014402003757,0.0,0.9185973700688791
815,2137.716306156406,0.9484442595673876,3.0923460898502495,2.6663893510815306,1.4317803660565724,0.543261231281198,935.5174708818636,0.0,0.0,2.889351081530782,1.4226289517470883,1.4667221297836939,0.0,0.9816971713810316
816,2095.492652745553,5.573364269141531,3.6442382057231244,2.5011600928074245,1.4787316318638823,0.6465583913379737,934.8221191028615,0.0,0.0,2.4872389791183296,1.2211910286156227,1.266047950502707,0.0,0.9025522041763341
817,2075.3457583547556,6.400443444730077,2.5816195372750643,2.8187660668380463,2.076478149100257,0.4877892030848329,941.6214652956298,0.0,0.0,1.8174807197943446,0.9151670951156813,0.9023136246786633,0.0,0.9286632390745502
818,2105.7484326018807,3.1322335423197494,2.946708463949843,2.2711598746081503,1.6418495297805642,0.5274294670846394,913.5799373040752,0.0,0.0,2.2836990595611284,1.103448275862069,1.1802507836990597,0.0,0.9725705329153606
819,2072.577304964539,6.660801418439716,3.24468085106383,2.671631205673759,1.6914893617021276,0.5836879432624114,913.577304964539,0.0,0.0,2.3617021276595747,1.1028368794326242,1.2588652482269505,0.0,0.8893617021276595
820,2076.5817941952505,3.897664907651715,2.4155672823219,2.8977572559366753,1.9986807387862797,0.5184696569920845,927.11345646438,0.0,0.0,2.0890501319261214,1.0230870712401055,1.0659630606860158,0.0,0.9478891820580475
821,2111.3904448105436,1.7597116968698516,3.0617792421746293,2.5,1.4637561779242174,0.5593080724876441,943.5609555189457,0.0,0.0,2.5378912685337727,1.2059308072487644,1.3319604612850082,0.0,0.9744645799011532
822,2058.9321907600597,5.347377049180328,3.0029806259314458,2.726527570789866,1.5543964232488823,0.6095380029806259,911.9381520119225,0.0,0.0,2.2242921013412817,1.1065573770491803,1.1177347242921014,0.0,0.8949329359165424
823,2050.4613807245387,5.445058099794942,2.5898838004101163,2.530416951469583,1.9917976760082023,0.5208475734791524,904.5584415584416,0.0,0.0,1.8386876281613125,0.9603554340396445,0.8783321941216679,0.0,0.9336978810663021
824,2083.6535849056604,2.766211320754717,3.021132075471698,2.667169811320755,1.600754716981132,0.5079245283018868,915.5532075471698,0.0,0.0,2.1667924528301885,0.9471698113207547,1.219622641509434,0.0,0.969811320754717
825,2080.700487012987,5.711030844155844,3.6290584415584415,2.844155844155844,1.2329545454545454,0.6891233766233766,874.4050324675325,0.0,0.0,2.3595779220779223,1.1347402597402598,1.2248376623376624,0.0,0.8977272727272727
826,2065.3592105263156,5.547769736842105,2.7664473684210527,2.775657894736842,1.805921052631579,0.5335526315789474,880.2190789473684,0.0,0.0,2.042105263157895,1.0236842105263158,1.018421052631579,0.0,0.9236842105263158
827,2099.305010893246,2.5610602759622365,2.8569353667392883,2.3877995642701526,1.7356572258533043,0.47785039941902685,887.0406681190995,0.0,0.0,1.8946986201888163,0.9128540305010894,0.9818445896877269,0.0,0.9738562091503268
828,2069.378610460578,4.751670569867292,3.469945355191257,2.5628415300546448,1.6034348165495707,0.6549570647931303,891.8626073380171,0.0,0.0,1.9633099141295862,0.9102263856362217,1.0530835284933646,0.0,0.8914910226385636
829,2050.827272727273,6.618630303030303,2.43030303030303,2.8212121212121213,2.095151515151515,0.4690909090909091,881.6945454545455,0.0,0.0,1.5551515151515152,0.8096969696969697,0.7454545454545455,0.0,0.9266666666666666
830,2081.961911874533,1.8695892457057506,2.929798356982823,2.4719940253920836,1.712471994025392,0.513816280806572,910.4339058999253,0.0,0.0,1.6616878267363704,0.7938760268857357,0.8678117998506348,0.0,0.9790888722927558
831,2099.977099236641,3.979296013570823,3.612383375742154,2.519083969465649,1.433418150975403,0.6861747243426632,916.2714164546226,0.0,0.0,2.3553859202714165,1.0466497031382527,1.3087362171331638,0.0,0.9151823579304496
832,2043.712915601023,5.265140664961637,2.5051150895140664,2.7832480818414322,1.9725063938618925,0.49104859335038364,889.0409207161125,0.0,0.0,1.4066496163682864,0.7231457800511509,0.6835038363171355,0.0,0.928388746803069
833,2117.00853970965,1.8903586678052948,3.229718189581554,2.215200683176772,1.5576430401366355,0.5644748078565329,920.3467122117848,0.0,0.0,1.9786507258753203,0.9718189581554227,1.0068317677198975,0.0,0.9726729291204099
834,2072.68679245283,5.288203773584906,3.587169811320755,2.7969811320754716,1.4830188679245282,0.6316981132075472,940.8852830188679,0.0,0.0,2.2437735849056604,1.0422641509433963,1.201509433962264,0.0,0.8943396226415095
835,2070.2854166666666,6.305993055555555,2.7319444444444443,2.8381944444444445,1.7534722222222223,0.5298611111111111,898.6729166666667,0.0,0.0,1.9118055555555555,0.9319444444444445,0.9798611111111111,0.0,0.9291666666666667
836,2083.6825273010923,2.1977535101404055,3.1185647425897036,2.347113884555382,1.546801872074883,0.5085803432137286,861.3034321372855,0.0,0.0,1.7137285491419656,0.891575663026521,0.8221528861154446,0.0,0.9758190327613104
837,2061.675036927622,7.569165435745938,3.442392909896603,2.687592319054653,1.60192023633678,0.6019202363367799,897.9638109305761,0.0,0.0,2.310930576070901,1.1085672082717872,1.2023633677991137,0.0,0.8833087149187593
838,2064.248326639893,5.898868808567603,2.5087014725568944,2.6506024096385543,2.0281124497991967,0.5294511378848729,889.9866131191433,0.0,0.0,1.7771084337349397,0.8788487282463187,0.8982597054886211,0.0,0.9223560910307899
839,2069.0880056777855,3.078928317955997,2.8055358410220013,2.469127040454223,1.8956706884315118,0.47622427253371186,900.1227821149752,0.0,0.0,1.326472675656494,0.6373314407381121,0.6891412349183819,0.0,0.9701916252661462
840,2085.6461655277144,4.703006833712984,3.162490508731967,2.6879271070615034,1.5785876993166288,0.6347760060744115,903.9377372817008,0.0,0.0,2.569476082004556,1.1716021260440395,1.3978739559605162,0.0,0.9035687167805618
841,2067.7658839779006,3.8075,2.738259668508287,2.802486187845304,1.7776243093922652,0.5359116022099447,912.0849447513813,0.0,0.0,2.100828729281768,1.024171270718232,1.076657458563536,0.0,0.9488950276243094
842,2070.475764354959,3.6553840417598806,2.7874720357941833,2.1640566741237883,1.8754660700969426,0.5123042505592841,870.173005219985,0.0,0.0,2.7024608501118568,1.3094705443698733,1.3929903057419837,0.0,0.9664429530201343
843,2081.975060337892,4.71433628318584,3.495575221238938,2.4577634754625906,1.4931617055510862,0.6773934030571199,918.3386967015285,0.0,0.0,1.9428801287208366,0.9718423169750603,0.9710378117457763,0.0,0.910699919549477
844,2050.312697409981,6.901174984207201,2.6197094125078966,2.8862918509159825,1.8919772583701833,0.509159823120657,922.6437144662034,0.0,0.0,1.9204042956411875,0.9406190777005685,0.9797852179406191,0.0,0.9216677195198989
845,2155.212389380531,1.354062751407884,3.012872083668544,2.639581657280772,1.4255832662912309,0.5309734513274337,914.6098149637972,0.0,0.0,3.682220434432824,1.7932421560740144,1.8889782783588094,0.0,0.9798873692679002
846,2093.047400611621,6.722752293577982,3.646788990825688,2.537461773700306,1.4977064220183487,0.6391437308868502,896.4885321100918,0.0,0.0,3.63914373088685,1.746177370030581,1.892966360856269,0.0,0.8960244648318043
847,2050.11858974359,7.320762820512821,2.5506410256410255,2.8038461538461537,2.056410256410256,0.5057692307692307,894.5307692307692,0.0,0.0,1.719871794871795,0.8173076923076923,0.9025641025641026,0.0,0.9294871794871795
848,2091.8118279569894,3.0659984639016895,2.93394777265745,2.2788018433179724,1.674347158218126,0.532258064516129,902.199692780338,0.0,0.0,1.9470046082949308,0.9247311827956989,1.022273425499232,0.0,0.9715821812596006
849,2070.614893617021,6.254723404255319,3.1319148936170214,2.678014184397163,1.6787234042553192,0.5787234042553191,866.6858156028369,0.0,0.0,2.09645390070922,1.0070921985815602,1.0893617021276596,0.0,0.8929078014184397
850,2062.918704560476,6.437461996034369,2.448116325181758,2.9471249173826832,1.992729676140119,0.5208195637805684,872.5908790482486,0.0,0.0,1.6721744877726372,0.8949107732980833,0.7772637144745539,0.0,0.9332452081956378
851,2094.401299756296,1.5759626320064988,3.0731112916328187,2.494719740048741,1.5117790414297319,0.528838342810723,901.1681559707555,0.0,0.0,1.941510966693745,0.9975629569455727,0.9439480097481722,0.0,0.9821283509341998
852,2065.9612068965516,6.0037571839080455,2.942528735632184,2.63433908045977,1.5883620689655173,0.5912356321839081,868.1954022988506,0.0,0.0,2.3125,1.1558908045977012,1.1566091954022988,0.0,0.8900862068965517
853,2068.2054982817867,4.677814432989691,2.641237113402062,2.540893470790378,2.0013745704467354,0.5305841924398625,891.6872852233677,0.0,0.0,1.7553264604810996,0.8391752577319588,0.9161512027491409,0.0,0.9429553264604811
854,2101.6365688487585,1.2075395033860046,2.9729119638826185,2.6087283671933785,1.5921745673438676,0.47554552294958613,906.8344620015049,0.0,0.0,2.18209179834462,1.0082768999247556,1.1738148984198646,0.0,0.981941309255079
855,2079.3225270157936,5.105361596009975,3.688279301745636,2.9035743973399835,1.2402327514546967,0.685785536159601,876.1014131338321,0.0,0.0,2.596009975062344,1.2061512884455527,1.3898586866167915,0.0,0.9077306733167082
856,2077.4171195652175,4.633797554347826,2.8186141304347827,2.8036684782608696,1.875,0.5061141304347826,892.0509510869565,0.0,0.0,2.264945652173913,1.094429347826087,1.1705163043478262,0.0,0.9375
857,2089.4483018867923,1.3723169811320757,2.9411320754716983,2.2973584905660376,1.7139622641509433,0.5147169811320754,881.1781132075472,0.0,0.0,1.7932075471698112,0.8422641509433962,0.9509433962264151,0.0,0.9758490566037736
858,2073.6207418622257,5.121052233156699,3.222558667676003,2.420893262679788,1.5488266464799394,0.6366389099167298,889.8561695685087,0.0,0.0,1.8803936411809234,0.7857683573050719,1.0946252838758517,0.0,0.894776684330053
859,2072.939233038348,5.752312684365782,2.4,2.7964601769911503,2.1150442477876106,0.48200589970501473,904.7368731563422,0.0,0.0,1.463126843657817,0.7250737463126844,0.7380530973451327,0.0,0.9238938053097345
860,2090.030597014925,1.6967462686567163,2.861194029850746,2.388805970149254,1.6873134328358208,0.4955223880597015,882.1888059701492,0.0,0.0,2.0791044776119403,0.9992537313432835,1.0798507462686566,0.0,0.9753731343283583
861,2088.3004291845496,5.10806008583691,3.5828326180257513,2.523605150214592,1.47725321888412,0.6772532188841202,886.5064377682403,0.0,0.0,2.3012875536480686,1.0145922746781115,1.286695278969957,0.0,0.9055793991416309
862,2043.403575989783,7.1118263090676885,2.4942528735632186,2.7950191570881224,2.0127713920817367,0.5185185185185185,864.1053639846743,0.0,0.0,1.2994891443167305,0.6468710089399745,0.6526181353767561,0.0,0.9189016602809706
863,2110.6642913697547,1.238234362628662,3.0205859065716547,2.1939825811559777,1.6991290577988916,0.505938242280285,880.498812351544,0.0,0.0,1.655581947743468,0.730799683293745,0.9247822644497229,0.0,0.9809976247030879
864,2048.485250737463,7.001733038348083,3.421828908554572,2.693952802359882,1.4675516224188792,0.6157817109144543,897.8030973451328,0.0,0.0,1.7463126843657817,0.8436578171091446,0.9026548672566371,0.0,0.8783185840707964
865,2058.068660774983,5.814099252209382,2.683888511216859,2.8259687287559485,1.7233174711080896,0.512576478585996,854.8599592114208,0.0,0.0,1.5377294357579878,0.7321549966009517,0.8055744391570361,0.0,0.9354180829367778
866,2100.673343605547,0.9191525423728814,3.036209553158706,2.299691833590139,1.588597842835131,0.5053929121725732,888.3967642526965,0.0,0.0,1.6563944530046224,0.7989214175654854,0.8574730354391371,0.0,0.9830508474576272
867,2066.801846590909,6.172151988636363,3.194602272727273,2.5873579545454546,1.5958806818181819,0.5958806818181818,865.234375,0.0,0.0,2.266335227272727,1.078125,1.1882102272727273,0.0,0.8877840909090909
868,2064.21181938911,6.896567065073041,2.4243027888446216,2.6221779548472774,2.0285524568393094,0.5132802124833997,864.8346613545817,0.0,0.0,1.6726427622841966,0.8107569721115537,0.8618857901726428,0.0,0.9189907038512616
869,2090.075284090909,1.5863565340909092,2.758522727272727,2.4240056818181817,1.8643465909090908,0.4680397727272727,879.8401988636364,0.0,0.0,1.5880681818181819,0.7535511363636364,0.8345170454545454,0.0,0.9779829545454546
870,2071.5194029850745,4.408761194029851,3.0813432835820898,2.6402985074626866,1.544776119402985,0.6149253731343284,861.2149253731343,0.0,0.0,1.7791044776119402,0.8402985074626865,0.9388059701492537,0.0,0.908955223880597
871,2064.8633841886267,3.4691262135922325,2.6976421636615813,2.826629680998613,1.7676837725381416,0.5187239944521498,871.1733703190014,0.0,0.0,1.7066574202496532,0.8717059639389736,0.8349514563106796,0.0,0.9528432732316228
872,2071.402635431918,2.2665226939970715,2.719619326500732,2.1910688140556367,1.8374816983894582,0.48096632503660325,869.2693997071742,0.0,0.0,1.5351390922401171,0.746705710102489,0.7884333821376281,0.0,0.972913616398243
873,2057.889430894309,4.688666666666667,3.424390243902439,2.4682926829268292,1.4764227642276422,0.6552845528455284,869.4292682926829,0.0,0.0,1.3731707317073172,0.6154471544715447,0.7577235772357723,0.0,0.9089430894308943
874,2044.193670886076,5.73009493670886,2.6297468354430378,2.8518987341772153,1.861392405063291,0.509493670886076,887.7810126582278,0.0,0.0,0.8829113924050633,0.4525316455696203,0.43037974683544306,0.0,0.9367088607594937
875,2120.3966049382716,1.4294367283950618,2.924382716049383,2.4953703703703702,1.433641975308642,0.5054012345679012,870.6658950617284,0.0,0.0,2.121141975308642,1.0285493827160495,1.0925925925925926,0.0,0.9822530864197531
876,2075.333068992863,4.038881839809675,3.639968279143537,2.5995241871530532,1.5083267248215702,0.6367961934972244,892.2093576526566,0.0,0.0,1.7581284694686756,0.8231562252180809,0.9349722442505948,0.0,0.9095955590800952
877,2048.587311557789,6.987016331658292,2.5797738693467336,2.738065326633166,2.0728643216080402,0.49183417085427134,886.5389447236181,0.0,0.0,1.2883165829145728,0.6438442211055276,0.6444723618090452,0.0,0.9265075376884422
878,2093.1516551193226,1.5119399538106235,2.8706697459584296,2.262509622786759,1.6920708237105466,0.5011547344110855,876.7628945342572,0.0,0.0,1.5981524249422632,0.7959969207082371,0.8021555042340262,0.0,0.9792147806004619
879,2063.8967696629215,5.869922752808989,3.1622191011235956,2.595505617977528,1.6867977528089888,0.5807584269662921,875.5182584269663,0.0,0.0,1.6566011235955056,0.839185393258427,0.8174157303370787,0.0,0.9023876404494382
880,2048.498717948718,5.15549358974359,2.4288461538461537,2.8314102564102566,1.9519230769230769,0.5173076923076924,867.5301282051282,0.0,0.0,1.4506410256410256,0.7044871794871795,0.7461538461538462,0.0,0.9307692307692308
881,2077.032154340836,1.4851527331189711,3.1141479099678455,2.457395498392283,1.4871382636655948,0.52491961414791,897.0458199356913,0.0,0.0,1.1430868167202572,0.5554662379421221,0.587620578778135,0.0,0.9815112540192926
882,2064.3702602230483,6.246356877323421,3.05724907063197,2.716728624535316,1.5992565055762082,0.620817843866171,866.4349442379182,0.0,0.0,1.7226765799256505,0.833457249070632,0.8892193308550186,0.0,0.8847583643122676
883,2051.4219178082194,4.552917808219179,2.5534246575342467,2.5465753424657533,1.9897260273972603,0.49726027397260275,896.2780821917809,0.0,0.0,1.071917808219178,0.5808219178082191,0.4910958904109589,0.0,0.9397260273972603
884,2073.4839416058394,2.435963503649635,2.8635036496350366,2.516058394160584,1.621167883211679,0.49416058394160584,864.1408759124088,0.0,0.0,1.2043795620437956,0.5678832116788322,0.6364963503649635,0.0,0.972992700729927
885,2072.9182186234816,5.767093117408907,3.5206477732793524,2.8186234817813767,1.3012145748987853,0.676923076923077,863.642914979757,0.0,0.0,1.7732793522267207,0.8688259109311741,0.9044534412955466,0.0,0.902834008097166
886,2055.7983924983255,5.670087073007368,2.6912257200267917,2.766912257200268,1.826523777628935,0.4983255190890824,845.813797722706,0.0,0.0,1.2217012726054923,0.6282652377762894,0.5934360348292029,0.0,0.9410582719356999
887,2084.82223796034,2.058838526912181,2.761331444759207,2.308073654390935,1.6742209631728044,0.4660056657223796,837.5963172804533,0.0,0.0,1.3477337110481586,0.6423512747875354,0.7053824362606232,0.0,0.9737960339943342
888,2065.0308166409864,5.902634822804314,3.373651771956857,2.4668721109399074,1.5285053929121726,0.6255778120184899,872.9437596302004,0.0,0.0,1.761171032357473,0.8151001540832049,0.9460708782742681,0.0,0.8852080123266564
889,2052.6680351906157,8.16808797653959,2.4146627565982404,2.764222873900293,2.043401759530792,0.4744868035190616,895.2228739002933,0.0,0.0,2.1032258064516127,1.01524926686217,1.0879765395894427,0.0,0.9131964809384164
890,2091.680291970803,2.1487810218978103,2.8525547445255475,2.324087591240876,1.7335766423357664,0.4985401459854015,911.9284671532847,0.0,0.0,1.945985401459854,0.954014598540146,0.9919708029197081,0.0,0.9759124087591241
891,2109.8345864661655,4.080568086883876,3.473684210526316,2.553049289891395,1.4970760233918128,0.7050960735171261,920.4185463659148,0.0,0.0,2.6499582289055974,1.2163742690058479,1.4335839598997493,0.0,0.9172932330827067
892,2057.5147435897434,6.014115384615385,2.4602564102564104,2.8115384615384613,1.9801282051282052,0.514102564102564,860.1538461538462,0.0,0.0,1.4102564102564104,0.6865384615384615,0.7237179487179487,0.0,0.9294871794871795
893,2102.2964143426293,1.1431474103585657,3.0215139442231074,2.1888446215139443,1.7163346613545816,0.5298804780876494,905.7091633466135,0.0,0.0,1.6342629482071713,0.7792828685258965,0.8549800796812749,0.0,0.9816733067729083
894,2064.2443609022557,6.708180451127819,3.4473684210526314,2.721052631578947,1.5654135338345865,0.6300751879699248,933.5541353383459,0.0,0.0,2.449624060150376,1.0894736842105264,1.3601503759398497,0.0,0.8834586466165414
895,2067.5064494229464,5.5463747454175145,2.752206381534284,2.8587915818058383,1.7331975560081467,0.5302104548540394,863.8289205702648,0.0,0.0,2.095723014256619,1.0712830957230142,1.0244399185336048,0.0,0.9260013577732519
896,2100.9893129770994,1.6694656488549617,3.017557251908397,2.281679389312977,1.666412213740458,0.4961832061068702,874.8709923664122,0.0,0.0,1.8526717557251908,0.9,0.9526717557251908,0.0,0.9770992366412213
897,2061.0988847583644,6.258951672862454,3.353159851301115,2.646840148698885,1.6267657992565057,0.61635687732342,865.5338289962825,0.0,0.0,1.5910780669144982,0.7992565055762082,0.79182156133829,0.0,0.8884758364312267
898,2046.752131147541,6.951757377049181,2.5095081967213115,2.6340983606557375,2.023606557377049,0.52,902.944262295082,0.0,0.0,1.6491803278688524,0.860983606557377,0.7881967213114754,0.0,0.9160655737704918
899,2083.8726643598616,1.9101868512110725,2.6802768166089965,2.388235294117647,1.8768166089965397,0.46505190311418687,888.8498269896194,0.0,0.0,1.498961937716263,0.740484429065744,0.758477508650519,0.0,0.9792387543252595
900,2074.4691833590136,5.123343605546996,3.2342064714946073,2.6510015408320493,1.6117103235747303,0.6240369799691834,902.8143297380585,0.0,0.0,1.7580893682588599,0.8574730354391371,0.9006163328197226,0.0,0.9036979969183359
901,2072.6514837819186,4.329461697722568,2.7053140096618358,2.8067632850241546,1.7791580400276052,0.5100069013112492,913.4202898550725,0.0,0.0,1.8219461697722568,0.9461697722567288,0.8757763975155279,0.0,0.9510006901311249
902,2070.026011560694,1.7939812138728324,2.6459537572254335,2.179913294797688,1.8222543352601157,0.4963872832369942,869.4371387283237,0.0,0.0,1.5946531791907514,0.7955202312138728,0.7991329479768786,0.0,0.9761560693641619
903,2061.4025869037996,3.36210994341148,3.471301535974131,2.4316895715440583,1.5206143896523847,0.6410670978172999,908.3265966046888,0.0,0.0,1.6168148746968471,0.8164915117219078,0.8003233629749393,0.0,0.9167340339531124
904,2030.9832041343668,6.832932816537467,2.6117571059431524,2.9011627906976742,1.9328165374677002,0.5090439276485789,918.1175710594315,0.0,0.0,1.152454780361757,0.5277777777777778,0.6246770025839793,0.0,0.9244186046511628
905,2087.875396825397,1.1436111111111111,2.9309523809523808,2.6325396825396825,1.4325396825396826,0.5119047619047619,885.3349206349206,0.0,0.0,2.015873015873016,0.942063492063492,1.0738095238095238,0.0,0.9777777777777777
906,2065.77,5.1756769230769235,3.616923076923077,2.522307692307692,1.5,0.6446153846153846,912.7053846153846,0.0,0.0,1.9076923076923078,0.9261538461538461,0.9815384615384616,0.0,0.9038461538461539
907,2045.8437697659708,6.2832637571157495,2.554079696394687,2.810879190385832,2.0379506641366225,0.4958886780518659,930.5660974067047,0.0,0.0,1.4516129032258065,0.7077798861480076,0.7438330170777988,0.0,0.9234661606578115
908,2076.963691376702,2.397231467473525,2.8207261724659607,2.293494704992436,1.697428139183056,0.5022692889561271,920.0438729198185,0.0,0.0,1.966717095310136,0.9674735249621785,0.9992435703479576,0.0,0.9712556732223904
909,2062.5366876310272,4.905590496156534,3.0656883298392734,2.591194968553459,1.73235499650594,0.5870020964360587,921.0139762403913,0.0,0.0,1.8155136268343814,0.8644304682040531,0.9510831586303284,0.0,0.9000698812019566
910,2052.204322200393,4.8556581532416505,2.484610347085789,2.9325474787164376,1.9960707269155207,0.49705304518664045,907.4079895219385,0.0,0.0,1.6941715782580222,0.8722986247544204,0.8218729535036018,0.0,0.9325474787164375
911,2086.9967611336033,0.8285748987854251,3.1012145748987856,2.5465587044534415,1.54251012145749,0.5093117408906883,941.5206477732794,0.0,0.0,1.9489878542510122,0.9303643724696357,1.0186234817813766,0.0,0.988663967611336
912,2058.312772133527,3.313715529753266,2.9404934687953554,2.702467343976778,1.6516690856313498,0.602322206095791,917.3178519593614,0.0,0.0,2.0878084179970973,0.9615384615384616,1.1262699564586358,0.0,0.9071117561683599
913,2039.8501694915253,4.7151525423728815,2.5172881355932204,2.4759322033898306,1.9423728813559322,0.49830508474576274,930.6264406779661,0.0,0.0,1.3776271186440678,0.7179661016949153,0.6596610169491526,0.0,0.9450847457627118
914,2058.053412462908,2.9989243323442136,2.9376854599406528,2.6008902077151337,1.6350148367952522,0.48590504451038574,949.129821958457,0.0,0.0,1.5971810089020773,0.7967359050445104,0.8004451038575667,0.0,0.9710682492581603
915,2058.7298804780876,3.2145498007968127,3.603187250996016,2.8366533864541834,1.258167330677291,0.6581673306772908,911.1099601593626,0.0,0.0,1.544223107569721,0.7235059760956175,0.8207171314741036,0.0,0.9123505976095617
916,2045.2850340136054,4.481333333333334,2.9047619047619047,2.8380952380952382,1.853061224489796,0.5142857142857142,936.7081632653061,0.0,0.0,1.1612244897959183,0.6319727891156462,0.5292517006802722,0.0,0.9374149659863945
917,2042.8803353658536,5.115967987804877,3.0236280487804876,2.4153963414634148,1.7263719512195121,0.506859756097561,954.0083841463414,0.0,0.0,1.3978658536585367,0.6890243902439024,0.7088414634146342,0.0,0.9603658536585366
918,2045.0924040720438,4.002106499608457,3.3069694596711043,2.487079091620987,1.557556773688332,0.6413469068128426,927.159749412686,0.0,0.0,1.4393108848864526,0.6444792482380579,0.7948316366483946,0.0,0.8927173061863743
919,2037.3587282543492,6.336478704259148,2.443911217756449,2.8302339532093583,2.077984403119376,0.47450509898020393,929.3107378524295,0.0,0.0,1.3395320935812838,0.6766646670665867,0.6628674265146971,0.0,0.9178164367126574
920,2060.6354642313545,2.373470319634703,2.9604261796042617,2.4436834094368343,1.7808219178082192,0.512937595129376,956.8592085235921,0.0,0.0,1.356164383561644,0.6719939117199392,0.6841704718417048,0.0,0.9726027397260274
921,2070.608333333333,3.3080666666666665,3.5075,2.545,1.4225,0.6816666666666666,967.5116666666667,0.0,0.0,1.6116666666666666,0.7175,0.8941666666666667,0.0,0.9258333333333333
922,2043.8062622309199,4.767971298108285,2.5420743639921723,2.8166992824527073,2.0665362035225048,0.5088062622309197,905.2133072407045,0.0,0.0,0.9393346379647749,0.4801043705153294,0.4592302674494455,0.0,0.9282452707110241
923,2071.875,0.8441390728476822,3.158112582781457,2.2135761589403975,1.669701986754967,0.5149006622516556,961.8824503311258,0.0,0.0,0.9586092715231788,0.4503311258278146,0.5082781456953642,0.0,0.9859271523178808
924,2051.5396226415096,5.2156,3.430188679245283,2.818867924528302,1.471698113207547,0.6166037735849057,971.257358490566,0.0,0.0,1.4332075471698114,0.669433962264151,0.7637735849056604,0.0,0.8920754716981132
925,2033.4093959731545,6.25151677852349,2.6516778523489934,2.834228187919463,1.702013422818792,0.487248322147651,942.8671140939597,0.0,0.0,1.3416107382550335,0.6919463087248322,0.6496644295302013,0.0,0.9201342281879195
926,2064.35170178282,1.5932009724473257,3.2034035656401945,2.281199351701783,1.614262560777958,0.5275526742301458,941.2301458670988,0.0,0.0,1.0226904376012966,0.5016207455429498,0.5210696920583469,0.0,0.9805510534846029
927,2045.33236574746,5.28433236574746,3.325834542815675,2.6117561683599417,1.5616835994194485,0.6030478955007257,944.0892597968069,0.0,0.0,1.3127721335268505,0.6320754716981132,0.6806966618287373,0.0,0.8896952104499274
928,2034.2264927934111,6.896039807824297,2.4969114619080304,2.696636925188744,2.0528483184625945,0.51681537405628,903.5799588194922,0.0,0.0,0.9903912148249828,0.4722031571722718,0.518188057652711,0.0,0.9293067947838023
929,2054.28045325779,3.157096317280453,2.729461756373938,2.340651558073654,1.8194050991501416,0.4830028328611898,918.9419263456091,0.0,0.0,0.7847025495750708,0.3555240793201133,0.42917847025495753,0.0,0.9702549575070821
930,2059.2267716535434,3.4543779527559058,3.099212598425197,2.716535433070866,1.6574803149606299,0.6346456692913386,935.7598425196851,0.0,0.0,1.0070866141732284,0.4937007874015748,0.5133858267716536,0.0,0.9133858267716536
931,2045.0872675250357,4.359542203147353,2.7060085836909873,2.8733905579399144,1.8354792560801145,0.5107296137339056,953.0321888412017,0.0,0.0,0.9091559370529327,0.4799713876967096,0.4291845493562232,0.0,0.9542203147353362
932,2049.339469808542,3.103048600883653,2.735640648011782,2.1391752577319587,1.9086892488954346,0.4742268041237113,889.0419734904272,0.0,0.0,1.1509572901325478,0.5832106038291606,0.5677466863033873,0.0,0.9698085419734904
933,2048.9264822134387,3.8859209486166004,3.376284584980237,2.3683794466403163,1.5027667984189723,0.6474308300395257,959.2924901185771,0.0,0.0,1.291699604743083,0.6118577075098814,0.6798418972332015,0.0,0.9106719367588932
934,2029.4187817258883,7.0261167512690355,2.635152284263959,2.8604060913705585,1.909263959390863,0.4860406091370558,944.3616751269036,0.0,0.0,1.0361675126903553,0.49682741116751267,0.5393401015228426,0.0,0.924492385786802
935,2060.324,3.275656,2.9904,2.5984,1.52,0.5256,925.5912,0.0,0.0,1.4136,0.6448,0.7688,0.0,0.968
936,2050.8963607594937,4.6243670886075945,3.6582278481012658,2.632120253164557,1.4786392405063291,0.6487341772151899,942.3773734177215,0.0,0.0,1.1962025316455696,0.557753164556962,0.6384493670886076,0.0,0.8979430379746836
937,2033.1552598225603,6.581045627376425,2.6337135614702154,2.8282636248415716,2.0424588086185045,0.5,941.7027883396705,0.0,0.0,1.0633713561470215,0.5120405576679341,0.5513307984790875,0.0,0.9226869455006337
938,2064.0040683482507,3.044458909682669,2.9910496338486574,2.244914564686737,1.7453213995117982,0.5402766476810414,928.6143205858422,0.0,0.0,1.209926769731489,0.5337672904800651,0.676159479251424,0.0,0.9698942229454841
939,2052.944366197183,4.297246478873239,3.128169014084507,2.6908450704225353,1.6795774647887325,0.569718309859155,949.4647887323944,0.0,0.0,1.6859154929577465,0.7471830985915493,0.9387323943661972,0.0,0.893661971830986
940,2055.547082228117,4.008607427055702,2.5344827586206895,2.9509283819628647,2.0258620689655173,0.5291777188328912,936.761273209549,0.0,0.0,1.547082228116711,0.8110079575596817,0.7360742705570292,0.0,0.9336870026525199
941,2075.349757673667,1.6155573505654282,3.0831987075928917,2.4596122778675285,1.475767366720517,0.529886914378029,961.6946688206785,0.0,0.0,1.4733441033925687,0.7342487883683361,0.7390953150242326,0.0,0.9773828756058158
942,2051.4180874722015,3.862060785767235,3.0029651593773163,2.764269829503336,1.5678280207561157,0.6241660489251297,932.0348406226834,0.0,0.0,1.4936990363232023,0.7005189028910304,0.793180133432172,0.0,0.9028910303928837
943,2027.6154910096818,5.7977939142461965,2.636237897648686,2.5504840940525586,1.9882434301521439,0.5262793914246197,934.2441217150761,0.0,0.0,0.9550484094052559,0.4633471645919779,0.491701244813278,0.0,0.9329183955739973
944,2056.8069270449523,2.8438540899042004,2.973470891672808,2.5924834193072956,1.5858511422254975,0.4871039056742815,929.3478260869565,0.0,0.0,1.468680913780398,0.7369196757553427,0.7317612380250552,0.0,0.9653647752394989
945,2061.95816242822,3.1490976210008204,3.5397867104183756,2.9204265791632484,1.3256767842493848,0.6767842493847416,922.9425758818704,0.0,0.0,1.4602132895816242,0.6735028712059065,0.7867104183757178,0.0,0.9097621000820345
946,2045.5983717774764,4.6024966078697425,2.7259158751696067,2.773405698778833,1.869742198100407,0.48032564450474896,895.504748982361,0.0,0.0,1.0732700135685211,0.5393487109905021,0.533921302578019,0.0,0.9450474898236092
947,2058.214499252616,3.265440956651719,2.9349775784753365,2.3011958146487292,1.79745889387145,0.4977578475336323,923.6106128550075,0.0,0.0,1.3393124065769806,0.6307922272047832,0.7085201793721974,0.0,0.968609865470852
948,2047.884069400631,5.599897476340694,3.420347003154574,2.5441640378548898,1.5457413249211356,0.6443217665615142,909.6111987381704,0.0,0.0,1.3935331230283912,0.6443217665615142,0.749211356466877,0.0,0.886435331230284
949,2046.1079442086113,6.629478471801091,2.5166767738023044,2.8702243784111583,2.083687083080655,0.48574893875075803,925.8308065494239,0.0,0.0,2.012734990903578,0.9563371740448757,1.0563978168587023,0.0,0.9217707701637355
950,2074.7878326996197,2.5278783269961975,2.9422053231939165,2.4463878326996196,1.7171102661596958,0.5064638783269962,930.33536121673,0.0,0.0,2.047148288973384,1.020532319391635,1.026615969581749,0.0,0.9741444866920153
951,2075.1716666666666,3.6429833333333335,3.5975,2.4475,1.44,0.6733333333333333,977.865,0.0,0.0,1.8708333333333333,0.8666666666666667,1.0041666666666667,0.0,0.9175
952,2035.9176694110197,6.63547181760608,2.5478150728309057,2.8429385687143762,2.0037998733375555,0.5009499683343889,920.0905636478784,0.0,0.0,1.2254591513616213,0.6288790373654212,0.5965801139962001,0.0,0.915769474350855
953,2058.2221297836936,2.4863227953410982,3.1264559068219633,2.2520798668885194,1.6838602329450916,0.5457570715474209,947.0374376039933,0.0,0.0,1.4725457570715474,0.7054908485856906,0.7670549084858569,0.0,0.9742096505823628
954,2047.0451761102604,5.249915773353752,3.4961715160796323,2.745022970903522,1.4762633996937213,0.6424196018376723,921.2013782542114,0.0,0.0,1.5888208269525268,0.7886676875957122,0.8001531393568146,0.0,0.8943338437978561
955,2052.8535422343325,5.028807901907357,2.795640326975477,2.885558583106267,1.7404632152588555,0.49659400544959126,906.2799727520436,0.0,0.0,1.4904632152588555,0.7411444141689373,0.7493188010899182,0.0,0.9284741144414169
956,2066.0654810024253,1.4391430881164107,3.200485044462409,2.322554567502021,1.603071948261924,0.5432497978981407,958.0735650767987,0.0,0.0,1.5278900565885205,0.6879547291835085,0.8399353274050121,0.0,0.9773645917542442
957,2058.4633061527056,6.0589992587101555,3.412898443291327,2.725722757598221,1.63232023721275,0.636767976278725,930.9406968124537,0.0,0.0,2.1527057079318013,1.0296515937731654,1.123054114158636,0.0,0.888065233506301
958,2049.1446837146705,6.220962314939435,2.553835800807537,2.6446837146702555,2.019515477792732,0.528263795423957,917.5235531628533,0.0,0.0,2.0841184387617764,1.0585464333781964,1.0255720053835802,0.0,0.9306864064602961
959,2066.769340974212,2.662929799426934,2.7722063037249285,2.330945558739255,1.8474212034383954,0.46203438395415475,923.1934097421204,0.0,0.0,1.8803724928366763,0.9018624641833811,0.9785100286532952,0.0,0.9727793696275072
960,2056.62,3.540023076923077,3.236153846153846,2.7015384615384614,1.5892307692307692,0.6561538461538462,927.8346153846154,0.0,0.0,1.7315384615384615,0.8215384615384616,0.91,0.0,0.9161538461538462
961,2063.7642956764294,3.668981868898187,2.705020920502092,2.8577405857740588,1.797071129707113,0.5453277545327755,925.6115760111576,0.0,0.0,1.4511854951185494,0.7622036262203626,0.6889818688981869,0.0,0.9497907949790795
962,2055.338257016248,3.1748227474150665,2.740029542097489,2.2134416543574593,1.861152141802068,0.49556868537666177,900.7296898079763,0.0,0.0,1.9734121122599704,0.9298375184638109,1.0435745937961596,0.0,0.9675036927621861
963,2061.088258471237,3.488731284475965,3.3711583924349884,2.4594168636721827,1.5011820330969268,0.6461780929866037,925.8463356973996,0.0,0.0,2.095350669818755,0.9795114263199369,1.115839243498818,0.0,0.9219858156028369
964,2036.9528005034613,6.036758967904342,2.6249213341724356,2.9024543738200124,1.882945248584015,0.4977973568281938,927.1220893643801,0.0,0.0,1.789175582127124,0.8351164254247955,0.9540591567023285,0.0,0.9169288860918817
965,2061.0585443037976,2.572049050632911,2.975474683544304,2.6716772151898733,1.4572784810126582,0.5197784810126582,916.5719936708861,0.0,0.0,1.7072784810126582,0.8188291139240507,0.8884493670886076,0.0,0.9699367088607594
966,2045.4027149321266,4.6005128205128205,3.6847662141779787,2.5165912518853695,1.4638009049773755,0.6244343891402715,949.6108597285067,0.0,0.0,1.6417797888386123,0.7043740573152338,0.9374057315233786,0.0,0.9004524886877828
967,2038.5710659898477,4.540532994923858,2.549492385786802,2.8058375634517767,2.027918781725888,0.5,938.4238578680203,0.0,0.0,0.9524111675126904,0.5368020304568528,0.4156091370558376,0.0,0.9365482233502538
968,2060.2075176194207,2.868151918559123,3.0023492560689116,2.350822239624119,1.7071260767423648,0.519185591229444,923.7572435395458,0.0,0.0,1.3860610806577918,0.7008613938919342,0.6851996867658575,0.0,0.9678935003915426
969,2053.1710526315787,4.244300554016621,3.154432132963989,2.596952908587258,1.6814404432132963,0.5727146814404432,917.5907202216066,0.0,0.0,1.311634349030471,0.639196675900277,0.6724376731301939,0.0,0.9009695290858726
970,2038.142144638404,5.046552369077307,2.424563591022444,2.8104738154613464,1.924563591022444,0.5093516209476309,912.0236907730673,0.0,0.0,1.094139650872818,0.5704488778054863,0.5236907730673317,0.0,0.9320448877805486
971,2068.0724863600935,0.9427279812938425,2.980514419329696,2.523772408417771,1.4091971940763834,0.5081839438815277,952.7622759158223,0.0,0.0,1.1784879189399844,0.5962587685113017,0.5822291504286827,0.0,0.9820732657833203
972,2045.9158222915044,4.233530787217459,3.0872954014029617,2.7365549493374903,1.6118472330475448,0.6328916601714731,921.8862042088854,0.0,0.0,1.3889321901792673,0.6305533904910366,0.7583787996882307,0.0,0.9010132501948558
973,2028.737387698687,5.46294402211472,2.5867311679336558,2.570836212854181,2.011748445058742,0.5100207325501037,920.5784381478921,0.0,0.0,0.7588113337940566,0.3697304768486524,0.3890808569454043,0.0,0.9391845196959226
974,2053.299542682927,2.4965396341463415,3.0990853658536586,2.5998475609756095,1.5426829268292683,0.4923780487804878,919.751524390244,0.0,0.0,1.4077743902439024,0.6684451219512195,0.739329268292683,0.0,0.9679878048780488
975,2040.3552845528454,4.514878048780488,3.7040650406504065,2.8845528455284555,1.2577235772357724,0.6747967479674797,884.6276422764228,0.0,0.0,1.2666666666666666,0.6073170731707317,0.6593495934959349,0.0,0.9097560975609756
976,2029.9953580901856,5.611584880636605,2.7480106100795756,2.7586206896551726,1.79973474801061,0.48209549071618035,915.145225464191,0.0,0.0,1.476127320954907,0.7340848806366048,0.7420424403183024,0.0,0.9370026525198939
977,2047.87125748503,2.8781287425149698,2.969311377245509,2.37125748502994,1.7252994011976048,0.5,901.2889221556886,0.0,0.0,0.9730538922155688,0.4633233532934132,0.5097305389221557,0.0,0.9700598802395209
978,2029.426923076923,4.43826923076923,3.306923076923077,2.482307692307692,1.5476923076923077,0.6346153846153846,908.91,0.0,0.0,0.8315384615384616,0.4015384615384615,0.43,0.0,0.8953846153846153
979,2026.102176541717,6.449643288996372,2.4830713422007253,2.8385731559854896,2.1517533252720678,0.496372430471584,911.1789600967352,0.0,0.0,0.998186215235792,0.4619105199516324,0.5362756952841596,0.0,0.9232164449818622
980,2061.1342943854324,1.9622610015174509,2.955235204855842,2.3634294385432475,1.7397572078907435,0.5128983308042488,923.9264036418816,0.0,0.0,1.5265553869499242,0.6729893778452201,0.8535660091047041,0.0,0.9772382397572079
981,2055.779674796748,3.2245528455284553,3.486178861788618,2.461788617886179,1.4317073170731707,0.6666666666666666,937.0211382113821,0.0,0.0,1.4382113821138212,0.7040650406504065,0.7341463414634146,0.0,0.9203252032520325
982,2035.9502233567325,5.400950861518826,2.5162731333758774,2.805360561582642,1.978940650925335,0.4971282705807275,937.2948308870454,0.0,0.0,0.8123803446075303,0.412252712188896,0.40012763241863436,0.0,0.9259731971920868
983,2067.2479674796746,0.8611788617886179,3.1105691056910567,2.267479674796748,1.6382113821138211,0.508130081300813,944.760162601626,0.0,0.0,1.186178861788618,0.5439024390243903,0.6422764227642277,0.0,0.9845528455284552
984,2045.2254901960785,4.697096530920061,3.5957767722473606,2.793363499245852,1.4464555052790347,0.6297134238310709,953.4788838612368,0.0,0.0,1.3959276018099547,0.6327300150829562,0.7631975867269984,0.0,0.8929110105580694
985,2026.4800261951539,6.9083628028814665,2.68565815324165,2.802881466928618,1.6457105435494435,0.495743287491814,901.4256712508186,0.0,0.0,1.4819908316961363,0.730844793713163,0.7511460379829732,0.0,0.9174852652259332
986,2057.7340425531916,1.1902887537993923,3.048632218844985,2.2864741641337387,1.5896656534954408,0.4878419452887538,966.7348024316109,0.0,0.0,1.243920972644377,0.6003039513677811,0.6436170212765957,0.0,0.986322188449848
987,2035.1151870873075,4.819611151870873,3.404255319148936,2.581804842259721,1.6008804108584005,0.5964783565663977,943.7468818782098,0.0,0.0,1.07483492296405,0.5311812179016875,0.5436537050623624,0.0,0.8928833455612619
988,2018.8057179987004,7.661143599740091,2.445743989603639,2.57050032488629,2.0220922677063027,0.4873294346978557,920.8979857050033,0.0,0.0,0.98180636777128,0.4996751137102014,0.4821312540610786,0.0,0.9239766081871345
989,2038.7830725462304,4.142403982930299,2.766002844950213,2.3698435277382646,1.7873399715504978,0.4779516358463727,918.9743954480797,0.0,0.0,0.9864864864864865,0.46301564722617355,0.5234708392603129,0.0,0.965149359886202
990,2049.2377358490567,3.528211320754717,3.2158490566037736,2.6128301886792453,1.5033962264150944,0.6324528301886793,949.5615094339622,0.0,0.0,1.3215094339622642,0.6362264150943396,0.6852830188679245,0.0,0.910188679245283
991,2037.5824324324324,4.7124662162162165,2.6905405405405407,2.7175675675675675,1.7391891891891893,0.5033783783783784,930.329054054054,0.0,0.0,1.258108108108108,0.6472972972972973,0.6108108108108108,0.0,0.9425675675675675
992,2045.7930785868782,1.6872242249459264,2.6986301369863015,2.1131939437635183,1.843547224224946,0.4816149963950973,922.5587599134824,0.0,0.0,0.9812545061283345,0.4585436193222783,0.5227108868060563,0.0,0.9754866618601298
993,2044.597747385358,3.5901689460981494,3.46983105390185,2.481094127111826,1.5213193885760257,0.6500402252614642,945.8117457763475,0.0,0.0,1.7385358004827032,0.8439259855189059,0.8946098149637972,0.0,0.915526950925181
994,2026.8536741214057,7.443603833865814,2.623003194888179,2.8587859424920126,1.906709265175719,0.49456869009584664,932.0626198083067,0.0,0.0,1.417252396166134,0.6677316293929713,0.7495207667731629,0.0,0.9169329073482428
995,2057.771971496437,1.2374742676167854,2.9398258115597784,2.6144101346001585,1.4315122723673792,0.5091053048297703,902.7585114806018,0.0,0.0,1.56215360253365,0.7490102929532858,0.8131433095803642,0.0,0.9770387965162312
996,2039.6403762662808,3.149696092619392,3.5332850940665703,2.4211287988422576,1.4544138929088277,0.6063675832127352,923.1005788712012,0.0,0.0,1.0253256150506513,0.4725036179450072,0.552821997105644,0.0,0.9240231548480463
997,2030.365868631062,5.515813382443217,2.519950890116636,2.734806629834254,2.0263965623081646,0.476365868631062,954.328422344997,0.0,0.0,0.7845303867403315,0.41866175567833025,0.36586863106200124,0.0,0.9281767955801105
998,2053.4143518518517,2.453850308641975,2.923611111111111,2.2492283950617282,1.6936728395061729,0.5162037037037037,924.7430555555555,0.0,0.0,1.433641975308642,0.6520061728395061,0.7816358024691358,0.0,0.9729938271604939
999,2039.6186206896552,4.75428275862069,3.0889655172413795,2.506206896551724,1.6151724137931034,0.5662068965517242,920.9620689655172,0.0,0.0,1.3448275862068966,0.6048275862068966,0.74,0.0,0.8986206896551724
1000,2033.335463258786,5.374811501597444,2.460702875399361,2.815335463258786,1.989776357827476,0.51629392971246,912.4715654952076,0.0,0.0,1.030670926517572,0.5233226837060703,0.5073482428115016,0.0,0.929073482428115
