generation,cells_visited,cave_entries,predator_touches,drained_ticks,food_total,lifetime,cave_entries_day,cave_entries_night,energy_at_death,food_default_frac,food_low_frac,food_medium_frac,food_prestige_frac,night_share
1,587.8701298701299,0.2792207792207792,0.0,0.0,7.181818181818182,2088.896103896104,0.1038961038961039,0.17532467532467533,-1.054090909090909,0.24141048824593128,0.6075949367088608,0.13924050632911392,0.011754068716094032,0.627906976744186
2,581.4330708661417,0.18110236220472442,0.0,0.0,5.244094488188976,1982.8346456692914,0.07874015748031496,0.10236220472440945,-0.9640944881889764,0.23423423423423423,0.6546546546546547,0.1111111111111111,0.0,0.5652173913043478
3,606.6785714285714,0.2571428571428571,0.0,0.0,5.428571428571429,2023.142857142857,0.1357142857142857,0.12142857142857143,-1.016142857142857,0.22894736842105262,0.5473684210526316,0.1763157894736842,0.04736842105263158,0.4722222222222222
4,664.21484375,0.1953125,0.0,0.0,7.9921875,2068.75,0.11328125,0.08203125,-0.8851171875,0.16666666666666666,0.5650048875855328,0.19110459433040078,0.0772238514173998,0.42
5,658.6347305389221,0.19760479041916168,0.0,0.0,6.197604790419161,1996.6766467065868,0.11377245508982035,0.08383233532934131,-0.8519760479041916,0.2144927536231884,0.553623188405797,0.18454106280193236,0.04734299516908213,0.42424242424242425
6,708.1497326203208,0.25133689839572193,0.0,0.0,6.032085561497326,2023.235294117647,0.12834224598930483,0.12299465240641712,0.6366844919786097,0.22695035460992907,0.4352836879432624,0.2296099290780142,0.10815602836879433,0.48936170212765956
7,750.8923076923077,0.5538461538461539,0.0,0.0,6.8707692307692305,2076.3015384615383,0.2523076923076923,0.30153846153846153,-0.8293230769230768,0.1330049261083744,0.5020152261531572,0.19704433497536947,0.16793551276309898,0.5444444444444444
8,708.0112359550562,0.4101123595505618,0.0,0.0,6.089887640449438,2011.8539325842696,0.0898876404494382,0.3202247191011236,-0.9044943820224719,0.13837638376383765,0.6540590405904059,0.11900369003690037,0.08856088560885608,0.7808219178082192
9,718.6334841628959,0.36199095022624433,0.0,0.0,6.846153846153846,2037.5837104072398,0.1493212669683258,0.21266968325791855,-0.6722171945701357,0.1612690019828156,0.5036351619299405,0.2260409781890284,0.10905485789821547,0.5875
10,741.5992217898832,0.5175097276264592,0.0,0.0,6.688715953307393,2073.268482490272,0.2723735408560311,0.245136186770428,-0.8000389105058365,0.13903432228039558,0.4386271087841768,0.2763234438627109,0.1460151250727167,0.47368421052631576
11,736.5277777777778,0.4388888888888889,0.0,0.0,5.5055555555555555,2006.111111111111,0.17222222222222222,0.26666666666666666,-0.8084444444444445,0.09889001009081735,0.5560040363269425,0.27749747729566093,0.06760847628657922,0.6075949367088608
12,736.5098039215686,0.5620915032679739,0.0,0.0,5.117647058823529,2025.6993464052287,0.2679738562091503,0.29411764705882354,-0.3433333333333334,0.18773946360153257,0.5721583652618135,0.18007662835249041,0.06002554278416347,0.5232558139534884
13,744.574297188755,0.7429718875502008,0.0,0.0,5.931726907630522,2077.0602409638554,0.285140562248996,0.4578313253012048,-0.7157028112449799,0.15504400812457683,0.4163845633039946,0.3094109681787407,0.11916046039268788,0.6162162162162163
14,726.851282051282,0.4461538461538462,0.0,0.0,6.102564102564102,2010.451282051282,0.27692307692307694,0.16923076923076924,-0.7957948717948718,0.11092436974789915,0.661344537815126,0.13781512605042018,0.08991596638655462,0.3793103448275862
15,725.3783783783783,0.20270270270270271,0.0,0.0,5.101351351351352,2026.4864864864865,0.10810810810810811,0.0945945945945946,-0.9405405405405405,0.17218543046357615,0.6185430463576159,0.14304635761589404,0.06622516556291391,0.4666666666666667
16,745.9904458598726,0.5382165605095541,0.0,0.0,6.340764331210191,2058.6178343949045,0.28662420382165604,0.2515923566878981,0.10920382165605093,0.1401305876443998,0.4153691612255148,0.3053741838272225,0.1391260673028629,0.46745562130177515
17,752.1857923497267,0.7377049180327869,0.0,0.0,5.628415300546448,2009.7814207650274,0.4371584699453552,0.3005464480874317,-0.8109289617486339,0.10679611650485436,0.579611650485437,0.23786407766990292,0.07572815533980583,0.4074074074074074
18,751.6298342541437,0.4861878453038674,0.0,0.0,5.922651933701657,2031.657458563536,0.20994475138121546,0.27624309392265195,-0.8992265193370165,0.1623134328358209,0.5755597014925373,0.18470149253731344,0.07742537313432836,0.5681818181818182
19,766.4010554089709,0.3641160949868074,0.0,0.0,6.630606860158311,2062.765171503958,0.16886543535620052,0.19525065963060687,-0.6895514511873351,0.12574612017508954,0.42300039793076005,0.29287703939514526,0.15837644249900518,0.5362318840579711
20,740.4095238095238,0.8095238095238095,0.0,0.0,5.338095238095238,2016.047619047619,0.42857142857142855,0.38095238095238093,-0.6724761904761904,0.11418376449598573,0.552185548617306,0.21855486173059768,0.11507582515611062,0.47058823529411764
21,757.4272300469484,0.4084507042253521,0.0,0.0,6.070422535211268,2039.2018779342723,0.20187793427230047,0.20657276995305165,-0.8474178403755869,0.15467904098994587,0.5081206496519721,0.2459396751740139,0.09126063418406806,0.5057471264367817
22,750.1846153846154,0.48615384615384616,0.0,0.0,6.495384615384616,2068.492307692308,0.2553846153846154,0.23076923076923078,-0.7792923076923077,0.12932259592610137,0.4197063003315964,0.31217432496447184,0.13879677877783042,0.47468354430379744
23,747.5467980295566,0.3645320197044335,0.0,0.0,5.901477832512315,2009.064039408867,0.19704433497536947,0.16748768472906403,-0.7355665024630541,0.09849749582637729,0.5400667779632721,0.2996661101836394,0.06176961602671119,0.4594594594594595
24,770.171052631579,0.5964912280701754,0.0,0.0,6.228070175438597,2039.0394736842106,0.33771929824561403,0.25877192982456143,-0.8556140350877194,0.1352112676056338,0.5605633802816902,0.19718309859154928,0.10704225352112676,0.4338235294117647
25,775.6666666666666,0.38461538461538464,0.0,0.0,6.56980056980057,2067.2421652421654,0.22507122507122507,0.15954415954415954,-0.5684045584045584,0.12966175195143104,0.43235039028620986,0.27146574154379877,0.16652211621856028,0.4148148148148148
26,770.5042735042736,0.9273504273504274,0.0,0.0,6.495726495726496,2025.940170940171,0.5170940170940171,0.41025641025641024,-0.795982905982906,0.11447368421052631,0.5355263157894737,0.24342105263157895,0.10657894736842105,0.4423963133640553
27,780.2931034482758,0.8850574712643678,0.0,0.0,6.195402298850575,2034.712643678161,0.4367816091954023,0.4482758620689655,-0.9245402298850575,0.15120593692022263,0.5983302411873841,0.1614100185528757,0.08905380333951762,0.5064935064935064
28,781.7983651226158,0.9400544959128065,0.0,0.0,6.602179836512262,2071.035422343324,0.5258855585831063,0.4141689373297003,-0.8306267029972751,0.13041683862979778,0.4572843582335947,0.21543541064795707,0.19686339248865042,0.4405797101449275
29,762.2943396226415,0.3320754716981132,0.0,0.0,6.724528301886792,2020.7169811320755,0.1509433962264151,0.1811320754716981,-0.8122264150943397,0.09876543209876543,0.5611672278338945,0.23961840628507294,0.10044893378226712,0.5454545454545454
30,756.0884955752213,0.6637168141592921,0.0,0.0,6.0,2040.2654867256638,0.415929203539823,0.24778761061946902,-0.855575221238938,0.15781710914454278,0.5036873156342183,0.22566371681415928,0.11283185840707964,0.37333333333333335
31,751.023419203747,0.6487119437939111,0.0,0.0,6.398126463700234,2071.1475409836066,0.26697892271662765,0.38173302107728335,-0.7505620608899297,0.11017569546120058,0.37079062957540265,0.3363836017569546,0.18265007320644217,0.5884476534296029
32,751.4237288135594,0.8686440677966102,0.0,0.0,6.3559322033898304,2028.7288135593221,0.4957627118644068,0.3728813559322034,-0.7348728813559322,0.10466666666666667,0.508,0.31133333333333335,0.076,0.4292682926829268
33,754.1290322580645,2.0046082949308754,0.0,0.0,6.267281105990784,2045.9447004608294,1.032258064516129,0.9723502304147466,-0.8631797235023042,0.1610294117647059,0.4963235294117647,0.24705882352941178,0.09558823529411764,0.4850574712643678
34,784.2059496567506,0.6178489702517163,0.0,0.0,6.9290617848970255,2064.0274599542336,0.3318077803203661,0.28604118993135014,-0.8080091533180779,0.11228533685601057,0.4607001321003963,0.24669749009247027,0.18031704095112286,0.46296296296296297
35,756.702380952381,0.8849206349206349,0.0,0.0,6.940476190476191,2026.6666666666667,0.4603174603174603,0.4246031746031746,-0.7840873015873016,0.10920526014865638,0.5437392795883362,0.2469982847341338,0.10005717552887364,0.4798206278026906
36,760.6899224806201,1.503875968992248,0.0,0.0,6.465116279069767,2046.5581395348838,0.8023255813953488,0.7015503875968992,-0.28655038759689927,0.15407673860911272,0.4634292565947242,0.2865707434052758,0.09592326139088729,0.46649484536082475
37,786.273417721519,1.0734177215189873,0.0,0.0,6.734177215189874,2076.539240506329,0.5670886075949367,0.5063291139240507,-0.733746835443038,0.11917293233082707,0.4218045112781955,0.25300751879699246,0.20601503759398496,0.4716981132075472
38,763.7834394904459,0.7929936305732485,0.0,0.0,6.738853503184713,2031.6751592356688,0.3662420382165605,0.4267515923566879,-0.7363375796178344,0.10822306238185256,0.5496219281663516,0.20179584120982988,0.14035916824196598,0.5381526104417671
39,785.4746835443038,0.6835443037974683,0.0,0.0,7.313291139240507,2040.6012658227849,0.3259493670886076,0.3575949367088608,-0.8529430379746834,0.12851579402855906,0.49718736477715275,0.27001298139333624,0.10428385980095196,0.5231481481481481
40,813.2009456264775,1.260047281323877,0.0,0.0,7.226950354609929,2072.695035460993,0.6973995271867612,0.5626477541371159,-0.8219858156028369,0.1243048740595355,0.3810925744193654,0.3228655544651619,0.1717369970559372,0.44652908067542213
41,787.2336448598131,0.9034267912772586,0.0,0.0,7.769470404984424,2033.1090342679129,0.3426791277258567,0.5607476635514018,-0.3189719626168224,0.12469927826784283,0.4911788291900561,0.27866880513231757,0.10545308740978349,0.6206896551724138
42,818.4,1.7451612903225806,0.0,0.0,7.061290322580645,2046.2,0.9032258064516129,0.8419354838709677,-0.572258064516129,0.1416171767930562,0.4645957058017359,0.2727272727272727,0.12105984467793512,0.4824399260628466
43,851.0511945392492,0.984641638225256,0.0,0.0,7.174061433447099,2059.7576791808874,0.4863481228668942,0.49829351535836175,-0.3859726962457338,0.11465271170313987,0.3815413891531874,0.351569933396765,0.1522359657469077,0.5060658578856152
44,814.2527472527472,1.293040293040293,0.0,0.0,7.633699633699634,2034.9450549450548,0.6410256410256411,0.652014652014652,-0.8043223443223443,0.11612284069097889,0.6314779270633397,0.16362763915547024,0.08877159309021113,0.5042492917847026
45,828.6564102564103,1.0102564102564102,0.0,0.0,7.164102564102564,2051.871794871795,0.5230769230769231,0.48717948717948717,-0.8425641025641026,0.1395848246241947,0.4434502505368647,0.29813886900501074,0.11882605583392986,0.48223350253807107
46,854.7853810264386,1.427682737169518,0.0,0.0,7.174183514774494,2064.9160186625195,0.6920684292379471,0.7356143079315708,-0.5076982892690513,0.1094732278343811,0.37784522003034904,0.32841968350314327,0.1842618686321266,0.5152505446623094
47,826.4788732394367,1.369718309859155,0.0,0.0,7.507042253521127,2036.5845070422536,0.647887323943662,0.721830985915493,-0.7653873239436619,0.12335834896810506,0.575984990619137,0.22467166979362102,0.07598499061913697,0.5269922879177378
48,836.0,0.9948717948717949,0.0,0.0,7.361538461538461,2043.0,0.5025641025641026,0.49230769230769234,-0.18248717948717946,0.133402995471961,0.4890282131661442,0.25357018460466735,0.12399860675722744,0.4948453608247423
49,859.1506329113924,1.2873417721518987,0.0,0.0,7.558227848101266,2066.0898734177217,0.6936708860759494,0.5936708860759494,-0.5284810126582279,0.09211187405794674,0.38017082565734384,0.3374644113213867,0.19025288896332274,0.4611602753195674
50,841.328488372093,1.6627906976744187,0.0,0.0,7.340116279069767,2044.0581395348838,0.6831395348837209,0.9796511627906976,-0.659563953488372,0.12316831683168317,0.5196039603960396,0.27524752475247527,0.08198019801980198,0.5891608391608392
51,881.762979683973,1.1196388261851016,0.0,0.0,7.751693002257336,2043.0293453724605,0.5372460496613995,0.582392776523702,0.6934085778781038,0.1362842166569598,0.4382644146767618,0.32323820617355853,0.10221316249271986,0.5201612903225806
52,905.9226594301222,1.4097693351424694,0.0,0.0,7.62415196743555,2072.089552238806,0.6689280868385346,0.7408412483039348,-0.4872048846675712,0.09663641217298452,0.3600284748175832,0.39241857981847306,0.15091653319095924,0.5255052935514918
53,896.8083538083538,1.5823095823095823,0.0,0.0,7.9041769041769046,2044.4275184275184,0.7469287469287469,0.8353808353808354,-0.41685503685503683,0.11936586882188374,0.49518184644078334,0.31022691949020825,0.07522536524712466,0.5279503105590062
54,920.655303030303,1.3011363636363635,0.0,0.0,7.6022727272727275,2039.2613636363637,0.6571969696969697,0.6439393939393939,1.5259469696969699,0.11709018435475835,0.4514200298953662,0.3029397110114599,0.12855007473841554,0.4949053857350801
55,903.7204301075269,1.1839904420549583,0.0,0.0,7.2831541218638,2061.2174432497013,0.5925925925925926,0.5913978494623656,0.026415770609318996,0.10022965879265092,0.37270341207349084,0.33710629921259844,0.18996062992125984,0.49949545913218973
56,881.1226851851852,1.9050925925925926,0.0,0.0,7.733796296296297,2047.5949074074074,0.9629629629629629,0.9421296296296297,0.3590740740740741,0.1083507931756959,0.510924872792577,0.2873391200239449,0.0933852140077821,0.4945321992709599
57,901.204280155642,1.027237354085603,0.0,0.0,7.883268482490273,2015.5972762645915,0.5505836575875487,0.4766536964980545,4.07239299610895,0.11623889437314906,0.494817374136229,0.2754195459032576,0.11352418558736427,0.4640151515151515
58,922.8002364066194,1.9432624113475176,0.0,0.0,7.802600472813239,2068.706855791962,0.975177304964539,0.9680851063829787,-0.35679669030732863,0.09316770186335403,0.4184214512952583,0.3105590062111801,0.17785184063020754,0.4981751824817518
59,914.2184249628529,1.7265973254086182,0.0,0.0,7.934621099554235,2058.3997028231797,0.6820208023774146,1.0445765230312036,-0.4041901931649331,0.10262172284644194,0.5099250936329588,0.26591760299625467,0.12153558052434457,0.6049913941480206
60,916.7089108910891,2.223762376237624,0.0,0.0,7.6198019801980195,2049.1346534653467,1.0336633663366337,1.19009900990099,2.127306930693069,0.13747401247401247,0.4158004158004158,0.3076923076923077,0.13903326403326402,0.5351736420302761
61,883.4713983050848,0.9247881355932204,0.0,0.0,7.301906779661017,2051.6949152542375,0.4555084745762712,0.4692796610169492,0.482510593220339,0.09415348904685913,0.38241694472653415,0.3486145364862904,0.17481502974031626,0.5074455899198167
62,889.2982832618026,1.7253218884120172,0.0,0.0,8.015021459227468,2055.2103004291844,0.7639484978540773,0.9613733905579399,-0.6529828326180258,0.11271753681392235,0.5020080321285141,0.2878179384203481,0.09745649263721552,0.5572139303482587
63,912.1584158415842,2.5544554455445545,0.0,0.0,7.899009900990099,2060.19801980198,1.2079207920792079,1.3465346534653466,0.33954455445544557,0.12459262973176234,0.45500125344697917,0.295312108297819,0.12509400852343946,0.5271317829457365
64,932.8939075630252,1.305672268907563,0.0,0.0,7.852941176470588,2058.611344537815,0.6743697478991597,0.6313025210084033,0.4132457983193278,0.0790529695024077,0.407035848047084,0.34269662921348315,0.17121455323702514,0.4835076427996782
65,908.6119133574007,1.3790613718411553,0.0,0.0,8.03971119133574,2044.673285198556,0.6101083032490975,0.7689530685920578,0.09830324909747294,0.11136057476425684,0.4896722047597665,0.2855859901212393,0.11338123035473731,0.5575916230366492
66,914.2240117130308,1.8814055636896048,0.0,0.0,7.598828696925329,2045.4216691068814,0.9048316251830161,0.9765739385065886,2.135519765739385,0.097495183044316,0.3978805394990366,0.34046242774566476,0.16416184971098266,0.5190661478599222
67,925.8,0.8171122994652407,0.0,0.0,7.392513368983957,2061.0513368983957,0.42780748663101603,0.3893048128342246,0.13174331550802137,0.08217592592592593,0.38035300925925924,0.3307291666666667,0.20674189814814814,0.47643979057591623
68,899.0157480314961,2.2913385826771653,0.0,0.0,7.910236220472441,2051.1842519685038,1.1590551181102362,1.132283464566929,-0.11064566929133855,0.10432012741389608,0.5341429424646625,0.20903842325303604,0.15249850686840533,0.4941580756013746
69,933.9497663551402,1.4707943925233644,0.0,0.0,7.719626168224299,2050.107476635514,0.735981308411215,0.7348130841121495,0.6364953271028038,0.09594430992736078,0.43447336561743344,0.30099878934624696,0.16858353510895885,0.4996028594122319
70,936.4578790882061,1.2874132804757186,0.0,0.0,7.266600594648167,2062.458870168484,0.6709613478691774,0.6164519326065411,0.2709316154608523,0.08006001091107474,0.3250136388434261,0.37956901254773595,0.21535733769776322,0.47882986913010006
71,921.0447368421053,0.9539473684210527,0.0,0.0,7.623684210526315,2048.205263157895,0.46710526315789475,0.4868421052631579,0.05580263157894736,0.09337245426303072,0.4704867103900587,0.28805661028650326,0.1480842250604073,0.5103448275862069
72,912.0796178343949,1.9904458598726114,0.0,0.0,7.420382165605096,2052.0,1.0063694267515924,0.9840764331210191,0.9029458598726114,0.11909871244635194,0.39849785407725324,0.3366952789699571,0.14570815450643776,0.4944
73,927.1596548004316,1.720604099244876,0.0,0.0,7.691477885652643,2062.24163969795,0.912621359223301,0.807982740021575,-0.5355231930960086,0.08513323983169706,0.35161290322580646,0.3962131837307153,0.1670406732117812,0.4695924764890282
74,890.911190053286,1.8827708703374777,0.0,0.0,8.19538188277087,2050.742451154529,0.8525754884547069,1.030195381882771,0.4754529307282416,0.10143042912873862,0.5296922410056351,0.2607282184655397,0.10814911140008669,0.5471698113207547
75,907.2058371735791,1.0952380952380953,0.0,0.0,7.663594470046083,2042.299539170507,0.5637480798771122,0.5314900153609831,0.8319815668202765,0.11264782521547405,0.4008819402685909,0.33313289236319904,0.153337342152736,0.485273492286115
76,933.1890547263681,1.8587064676616916,0.0,0.0,7.2029850746268655,2074.2358208955225,0.9174129353233831,0.9412935323383085,-0.49542288557213926,0.08426578256665285,0.33982594280978035,0.35129161486393146,0.2246166597596353,0.5064239828693791
77,908.9795918367347,2.1005830903790086,0.0,0.0,7.52332361516035,2058.150145772595,1.08600583090379,1.0145772594752187,-0.05055393586005832,0.10308079829490409,0.476264289866305,0.25266421236194536,0.16799069947684558,0.48299791811242193
78,912.8959349593496,1.1691056910569106,0.0,0.0,7.60650406504065,2045.2731707317073,0.5804878048780487,0.5886178861788618,0.9104715447154472,0.12697734074390765,0.44976485677640016,0.2708422402736212,0.15241556220607097,0.5034770514603616
79,925.0560821484992,0.8143759873617693,0.0,0.0,7.523696682464455,2060.406793048973,0.43285939968404424,0.3815165876777251,-0.019257503949447075,0.06425196850393701,0.3480314960629921,0.35233595800524936,0.23538057742782154,0.4684772065955383
80,917.702229299363,1.6863057324840764,0.0,0.0,7.592356687898089,2049.7006369426754,0.8726114649681529,0.8136942675159236,0.13996815286624203,0.11325503355704698,0.47294463087248323,0.2774748322147651,0.1363255033557047,0.4825306893295562
81,900.8126649076518,1.695250659630607,0.0,0.0,8.034300791556728,2017.4050131926122,0.8258575197889182,0.8693931398416886,5.228509234828496,0.11018062397372742,0.4293924466338259,0.32676518883415434,0.13366174055829227,0.51284046692607
82,934.639684106614,1.6456071076011847,0.0,0.0,7.230009871668312,2063.4333662388945,0.8538993089832182,0.7917077986179665,-0.1215498519249753,0.08014746040415073,0.332605133806663,0.3775259421081376,0.2097214636810486,0.48110377924415115
83,930.1411589895988,2.4442793462109957,0.0,0.0,7.6775631500742945,2055.9420505200596,1.1396731054977711,1.3046062407132244,0.11760772659732542,0.09967098896845365,0.46409909038126573,0.3295916392490807,0.10663828140119992,0.5337386018237082
84,929.5166240409208,1.2314578005115089,0.0,0.0,7.719948849104859,2031.2902813299233,0.6278772378516624,0.6035805626598465,3.2238491048593354,0.09193307934404506,0.4334934570150737,0.310750372701673,0.16382309093920822,0.490134994807892
85,931.6740872662511,1.2146037399821905,0.0,0.0,7.313446126447017,2062.090828138914,0.6366874443455031,0.5779162956366874,0.2386108637577916,0.07865578960185073,0.3278948009253622,0.355290393278948,0.23815901619383903,0.47580645161290325
86,899.0093896713615,3.979655712050078,0.0,0.0,7.694835680751174,2078.1111111111113,1.9514866979655712,2.028169014084507,-0.0589201877934272,0.10880618263168598,0.45515558267236117,0.2875737238153346,0.14846451088061827,0.5096342902084152
87,902.169540229885,1.4597701149425288,0.0,0.0,7.698275862068965,2028.4612068965516,0.742816091954023,0.7169540229885057,3.4326580459770115,0.11440836132885406,0.42963792459873085,0.2859275849197462,0.1700261291526689,0.4911417322834646
88,926.1064021641118,2.60775473399459,0.0,0.0,7.264201983769161,2070.9188458070334,1.345356176735798,1.2623985572587917,-0.13262398557258795,0.07969215491559087,0.3678003972194637,0.304369414101291,0.24813803376365443,0.48409405255878285
89,922.6734258271077,1.4599786552828176,0.0,0.0,7.576307363927428,2057.4599786552826,0.655282817502668,0.8046958377801494,-0.44395944503735324,0.08465981124101986,0.4566840400056346,0.27440484575292295,0.18425130300042258,0.5511695906432749
90,908.225371120108,2.0742240215924426,0.0,0.0,7.545209176788124,2037.2280701754387,1.048582995951417,1.0256410256410255,4.259392712550607,0.11107136469325703,0.3899123591486317,0.3553925952423538,0.14362368091575747,0.494469746258946
91,923.1331086773379,1.6057287278854255,0.0,0.0,7.171019376579612,2064.2299915754,0.8542544229149115,0.7514743049705139,0.44427127211457457,0.07460056390977443,0.34868421052631576,0.3506813909774436,0.22603383458646617,0.46799580272822666
92,944.7251308900524,2.318062827225131,0.0,0.0,7.458115183246074,2057.6256544502617,1.1413612565445026,1.1767015706806283,1.2670157068062826,0.09652509652509653,0.42313092313092315,0.3167778167778168,0.16356616356616357,0.5076228119706381
93,919.6041397153946,2.336351875808538,0.0,0.0,7.5433376455368695,2044.7037516170763,1.07503234152652,1.261319534282018,3.380491591203105,0.10495626822157435,0.3985594237695078,0.34728176985079745,0.1492025381581204,0.5398671096345515
94,931.074358974359,1.4700854700854702,0.0,0.0,7.258119658119658,2062.5581196581197,0.7666666666666667,0.7034188034188035,0.35776068376068376,0.06570890249646727,0.3608101742816769,0.3446773433820066,0.22880357983984928,0.47848837209302325
95,918.6792452830189,1.3949685534591194,0.0,0.0,7.524528301886792,2062.754716981132,0.7119496855345911,0.6830188679245283,-0.5045534591194969,0.09829488465396188,0.436308926780341,0.2664660648612504,0.19893012370444668,0.4896302975653742
96,909.4634730538922,2.6191616766467067,0.0,0.0,7.392814371257485,2028.3077844311376,1.3125748502994012,1.3065868263473055,5.5901317365269465,0.10140936335655273,0.38020411469301796,0.3469949781305686,0.1713915438198607,0.49885688157293095
97,939.9840848806366,1.4252873563218391,0.0,0.0,7.257294429708223,2058.5994694960214,0.7550839964633068,0.6702033598585323,1.55816091954023,0.07651072124756335,0.3452729044834308,0.32249025341130605,0.2557261208576998,0.47022332506203474
98,924.9155982905983,2.1196581196581197,0.0,0.0,7.131410256410256,2064.900641025641,1.0405982905982907,1.079059829059829,0.6802564102564103,0.08569288389513109,0.4443445692883895,0.23835205992509365,0.23161048689138578,0.5090725806451613
99,897.4950396825396,1.6200396825396826,0.0,0.0,7.661706349206349,2036.468253968254,0.7638888888888888,0.8561507936507936,3.571031746031746,0.09193318658552375,0.3958306357633044,0.33095947170788553,0.1812767059432863,0.5284751990202082
100,933.3084192439862,1.6872852233676976,0.0,0.0,6.926975945017182,2064.921821305842,0.8797250859106529,0.8075601374570447,0.5906958762886597,0.07528215304477241,0.28810616395882427,0.3809996279300509,0.2556120550663525,0.4786150712830957
101,939.5286975717439,2.2770419426048565,0.0,0.0,7.579470198675497,2065.9812362030907,1.1545253863134657,1.1225165562913908,0.3733664459161148,0.08402504732779963,0.4239114606087083,0.3160040774719674,0.1760594145915247,0.49297140087251573
102,924.1750305997552,1.8702570379436965,0.0,0.0,7.310893512851897,2018.079559363525,0.8812729498164015,0.988984088127295,6.880954712362301,0.10447011551983927,0.3574418215302193,0.3489033986271555,0.18918466432278586,0.5287958115183246
103,939.73113964687,1.9719101123595506,0.0,0.0,7.269662921348314,2089.6653290529694,1.0096308186195826,0.9622792937399679,0.2865088282504013,0.07164937072201369,0.2975270479134467,0.40428350629277987,0.22654007507175977,0.487993487993488
104,971.3751351351351,2.118918918918919,0.0,0.0,7.4724324324324325,2067.3145945945944,1.0605405405405406,1.0583783783783784,-0.0824,0.08362268518518519,0.45630787037037035,0.2689525462962963,0.19111689814814814,0.49948979591836734
105,940.13125,2.284375,0.0,0.0,7.627083333333333,2053.259375,1.0989583333333333,1.1854166666666666,2.65509375,0.09409997268505872,0.37831193662933627,0.3489483747609943,0.17863971592461075,0.5189238486092111
106,955.315668202765,2.0299539170506913,0.0,0.0,7.2734254992319505,2067.927803379416,1.0483870967741935,0.9815668202764977,1.0619969278033794,0.070960929250264,0.2994720168954593,0.35649419218585005,0.2730728616684266,0.48354143019296253
107,942.1351636747625,1.8922914466737064,0.0,0.0,7.360084477296726,2068.3833157338963,0.9598732840549102,0.9324181626187962,0.4935797254487856,0.08493543758967001,0.4609756097560976,0.25882352941176473,0.1952654232424677,0.4927455357142857
108,920.9709844559585,2.1585492227979275,0.0,0.0,7.65699481865285,2046.6839378238342,1.0455958549222797,1.1129533678756476,4.5251813471502595,0.0987955068344837,0.42157260793070783,0.29124374069562864,0.18838814453917987,0.5156024963994239
109,941.1701183431952,1.136094674556213,0.0,0.0,7.709319526627219,2068.9060650887573,0.584319526627219,0.5517751479289941,-0.1026405325443787,0.05977165883143049,0.3308068694233906,0.3618919696824331,0.24752950206274585,0.4856770833333333
110,970.672379032258,2.217741935483871,0.0,0.0,7.264112903225806,2070.798387096774,1.1431451612903225,1.0745967741935485,0.2673084677419355,0.08562309186788787,0.405217873993894,0.31140716069941715,0.197751873438801,0.48454545454545456
111,920.593690248566,2.098470363288719,0.0,0.0,7.851816443594647,2039.9980879541108,0.9808795411089866,1.1175908221797324,6.9186615678776295,0.09034457567271399,0.4177523438451236,0.3347132594666991,0.15718982101546328,0.5325740318906605
112,978.0132890365448,1.4933554817275747,0.0,0.0,7.209302325581396,2075.0573089700997,0.782392026578073,0.7109634551495017,-0.5086627906976744,0.06993087557603686,0.3040322580645161,0.3699308755760369,0.2561059907834101,0.4760845383759733
113,971.1322033898305,2.462146892655367,0.0,0.0,7.870056497175141,2087.299435028249,1.1728813559322033,1.2892655367231638,-0.3407005649717514,0.08585786073223259,0.4328786791098349,0.3241923905240488,0.1570710696338837,0.5236346948141349
114,941.8876909254268,1.5408805031446542,0.0,0.0,7.626235399820305,2032.1877807726864,0.7538185085354897,0.7870619946091644,5.487286612758311,0.08659283694627709,0.4114043355325165,0.31632893496701225,0.18567389255419417,0.5107871720116618
115,975.8120754716981,1.139622641509434,0.0,0.0,7.23622641509434,2070.930566037736,0.5516981132075471,0.5879245283018868,-0.07644528301886794,0.06998331247392574,0.29849812265331666,0.35617438464747603,0.2753441802252816,0.5158940397350993
116,927.9814814814815,2.4805068226120857,0.0,0.0,7.159844054580897,2068.297270955166,1.2231968810916178,1.2573099415204678,1.6867933723196882,0.0837190307650422,0.407160359379254,0.3053362374081133,0.2037843724475905,0.5068762278978389
117,905.667320902846,1.4828263002944062,0.0,0.0,7.631010794896958,2018.6643768400393,0.6584887144259077,0.8243375858684985,7.50801766437684,0.09863683127572016,0.41975308641975306,0.28768004115226337,0.19393004115226337,0.5559232296492389
118,909.5981735159818,1.7062404870624048,0.0,0.0,7.13013698630137,2061.03500761035,0.9147640791476408,0.791476407914764,1.395068493150685,0.07065855480841071,0.3331198633792294,0.31358736257871705,0.28263421923364285,0.463871543264942
119,895.5380434782609,1.2826086956521738,0.0,0.0,7.667572463768116,2077.397644927536,0.605072463768116,0.677536231884058,-0.374320652173913,0.07383343177790903,0.42965150620200826,0.2965150620200827,0.2,0.5282485875706214
120,917.7527308838133,1.6196623634558094,0.0,0.0,7.5431976166832175,2022.7805362462761,0.7457795431976166,0.8738828202581926,7.131936444885799,0.09689310163243813,0.3684834123222749,0.3499210110584518,0.18470247498683517,0.539546290619252
121,928.6524614254225,1.4327700220426158,0.0,0.0,7.5018368846436445,2067.9463629684055,0.7413666421748715,0.6914033798677444,1.720102865540044,0.06914789422135162,0.322820763956905,0.3649363369245837,0.24309500489715966,0.48256410256410254
122,934.5653631284916,1.6960893854748604,0.0,0.0,7.623463687150838,2070.949720670391,0.8804469273743016,0.8156424581005587,0.018000000000000016,0.08955005129708339,0.4144804338267624,0.3187747325223509,0.17719478235380332,0.48089591567852435
123,926.4225641025641,1.677948717948718,0.0,0.0,7.619487179487179,2028.6071794871796,0.8041025641025641,0.8738461538461538,5.773323076923076,0.09409072553506528,0.3774397630905909,0.3318077803203661,0.19666173105397766,0.5207823960880196
124,950.5924834193073,1.0464259395725866,0.0,0.0,7.572586588061902,2053.501105379514,0.5408990420044215,0.505526897568165,1.9263154016212234,0.06335149863760219,0.3389451148306734,0.3476060724017127,0.2500973141300117,0.4830985915492958
125,953.4734848484849,1.40625,0.0,0.0,7.225378787878788,2064.404356060606,0.6458333333333334,0.7604166666666666,-0.27256628787878784,0.08086500655307995,0.4018348623853211,0.2925294888597641,0.22477064220183487,0.5407407407407407
126,896.4808231992516,2.13844714686623,0.0,0.0,7.579045837231057,2015.6697848456502,1.1449953227315248,0.9934518241347053,7.76978484565014,0.0913354727227845,0.36274993828684277,0.3411503332510491,0.20476425573932364,0.4645669291338583
127,941.1416247304098,1.087706685837527,0.0,0.0,7.000718907260963,2054.1847591660676,0.5916606757728253,0.49604601006470167,1.6557728253055355,0.06859724789484493,0.32378311768330253,0.3390840008215239,0.2685356336003286,0.4560475875743556
128,910.4308712121212,1.9545454545454546,0.0,0.0,7.273674242424242,2071.3551136363635,0.9839015151515151,0.9706439393939394,0.2556818181818182,0.07811482879833355,0.440046868897279,0.25452415050123683,0.22731415180315062,0.49660852713178294
129,915.8419711129992,1.0900594732370434,0.0,0.0,7.75446049277825,2043.2073067119795,0.566694987255735,0.5233644859813084,3.2833984706881902,0.08283116029363427,0.39772104744165665,0.3224498740002191,0.19699791826448998,0.48012470771628996
130,960.3025270758122,1.6231046931407942,0.0,0.0,7.247653429602888,2048.884476534296,0.8563176895306859,0.7667870036101083,4.429985559566787,0.07003387128910142,0.2844192070133493,0.3782626021119745,0.2672843195855748,0.4724199288256228
131,924.97299729973,1.5625562556255626,0.0,0.0,7.612961296129613,2089.938793879388,0.7515751575157515,0.810981098109811,0.8304230423042305,0.07212106881059352,0.4091983920548593,0.3182785528493734,0.2004019862851738,0.5190092165898618
132,917.2869565217392,2.02512077294686,0.0,0.0,7.262801932367149,2046.3574879227053,0.9594202898550724,1.0657004830917873,4.544086956521739,0.09485166954902222,0.35918584541705467,0.3481442064653452,0.1978182785685779,0.5262404580152672
133,977.5450704225352,1.6352112676056338,0.0,0.0,7.299295774647887,2063.019718309859,0.8133802816901409,0.821830985915493,1.8750281690140844,0.06309696092619392,0.29696092619392184,0.3975880366618427,0.24235407621804148,0.5025839793281653
134,954.9891794409377,1.642921550946799,0.0,0.0,7.476104598737601,2065.6528403967536,0.8440036068530208,0.7989179440937781,0.267321911632101,0.07188517669762393,0.42057652876613194,0.30116994331202507,0.20636835122421904,0.4862788144895719
135,911.8958930276982,1.160458452722063,0.0,0.0,7.665711556829035,2043.792741165234,0.5845272206303725,0.5759312320916905,3.7271537726838586,0.09132818340393721,0.3912285073511089,0.3387739845502118,0.1786693246947421,0.4962962962962963
136,948.7088255733148,1.5211952744961779,0.0,0.0,7.283530229325921,2068.7560806115357,0.7706740792216817,0.7505211952744962,1.8656845031271718,0.06411601946379163,0.2894761950195592,0.3771586680660242,0.26924911745062496,0.49337597076290546
137,966.1785028790787,1.7533589251439539,0.0,0.0,7.40978886756238,2074.7619961612286,0.8435700575815739,0.9097888675623801,0.8036852207293667,0.0769330397616889,0.4239088201010232,0.2888226913612226,0.21033544877606528,0.5188834154351396
138,940.7166813768755,2.5710503089143866,0.0,0.0,7.667255075022065,2065.4907325684026,1.3036187113857016,1.267431597528685,4.280741394527802,0.08725682053643376,0.40370668815471394,0.3103487970530678,0.1986876942557845,0.49296258153106765
139,989.6499339498018,1.1208718626155878,0.0,0.0,7.893659180977543,2065.645970937913,0.5686922060766182,0.5521796565389696,0.7502906208718626,0.058070454355284074,0.31060162329512175,0.37662120324659026,0.2547067191030039,0.4926340601060695
140,951.4463794683776,1.8927589367552704,0.0,0.0,7.20531622364803,2074.517873510541,0.8157653528872594,1.076993583868011,0.566526122823098,0.07734384938303016,0.3874825085866938,0.3257855234702964,0.20938811855997966,0.5690072639225182
141,930.7795004306632,1.8234280792420328,0.0,0.0,7.6976744186046515,2039.9655469422912,0.8897502153316107,0.9336778639104221,6.002325581395349,0.08615866621908919,0.39431576591697437,0.3477677072843236,0.17175786057961284,0.512045347189419
142,927.7162790697674,1.4294573643410853,0.0,0.0,7.335658914728683,2062.657364341085,0.7294573643410853,0.7,2.2858217054263568,0.07090774595794146,0.305611328331396,0.370706963964916,0.25277396174574657,0.4896963123644252
143,952.5739130434782,1.7904347826086957,0.0,0.0,7.458260869565217,2076.9765217391305,0.8582608695652174,0.9321739130434783,0.4663391304347826,0.07333566515098519,0.38008627725311883,0.36924332517197156,0.17733473242392445,0.5206410879067509
144,953.792469352014,1.9404553415061296,0.0,0.0,7.7092819614711035,2039.9711033274957,0.873029772329247,1.0674255691768826,5.738353765323993,0.0817810086324398,0.38959563834620625,0.3435938209904589,0.18502953203089506,0.5500902527075813
145,952.4220314735336,1.1759656652360515,0.0,0.0,7.261802575107296,2063.9520743919884,0.5608011444921316,0.6151645207439199,1.2465736766809727,0.06609535066981875,0.29570527974783295,0.3621946414499606,0.2760047281323877,0.5231143552311436
146,962.1224489795918,1.683673469387755,0.0,0.0,7.131802721088436,2065.450680272109,0.8044217687074829,0.8792517006802721,1.4677380952380952,0.07225467986169071,0.39012757839513534,0.32085370215810183,0.21676403958507215,0.5222222222222223
147,934.2612137203166,2.1820580474934035,0.0,0.0,7.670184696569921,2027.3808267370273,1.0211081794195251,1.1609498680738786,5.60391380826737,0.08771929824561403,0.41004471964224287,0.2973282880403623,0.20490769407178075,0.532043530834341
148,928.1295518207282,1.4789915966386555,0.0,0.0,7.162464985994398,2055.5581232492996,0.7289915966386554,0.75,2.3381512605042016,0.06726632772780602,0.3377004301916308,0.32332811888932345,0.27170512319123974,0.5071022727272727
149,949.8575020955574,1.341156747694887,0.0,0.0,7.7049455155071245,2062.774518021794,0.6630343671416596,0.6781223805532272,0.1959262363788768,0.06788511749347259,0.4156875543951262,0.3116840731070496,0.20474325500435162,0.505625
150,943.4304235090752,2.3223854796888506,0.0,0.0,7.611927398444252,2046.1555747623163,1.0622299049265342,1.2601555747623163,5.905859982713915,0.0860679005336664,0.3795844214829113,0.3446122402634268,0.18973543771999546,0.5426125790844808
151,933.5128900949796,2.055630936227951,0.0,0.0,7.367028493894166,2070.3514246947084,1.059023066485753,0.9966078697421981,1.4370759837177747,0.06216041992817018,0.3178009024772078,0.36320103140252324,0.2568376461920987,0.4848184818481848
152,950.0156537753223,1.9263351749539595,0.0,0.0,7.275322283609577,2061.2274401473296,0.8821362799263351,1.0441988950276244,2.1360497237569063,0.07910391089735476,0.37906594102012403,0.34375395519554486,0.19807619288697634,0.5420650095602294
153,979.371704745167,2.555360281195079,0.0,0.0,7.586115992970123,2043.5694200351493,1.1695957820738137,1.3857644991212654,5.175834797891037,0.08803428703810957,0.363141434032202,0.35132630603498205,0.19749797289470636,0.5422971114167813
154,989.3342857142857,1.7385714285714287,0.0,0.0,7.837857142857143,2062.952142857143,0.9085714285714286,0.83,3.2057857142857147,0.060147635104347036,0.33655335824296,0.35304839150642486,0.2502506151462681,0.4774034511092851
155,967.9332206255283,2.173288250211327,0.0,0.0,7.24429416737109,2070.544378698225,1.0524091293322062,1.120879120879121,0.838385460693153,0.07362893815635939,0.3945157526254376,0.2911318553092182,0.24072345390898484,0.5157526254375729
156,965.711203319502,1.9551867219917012,0.0,0.0,7.479668049792531,2022.2439834024897,0.91701244813278,1.0381742738589212,6.433717842323651,0.08465549761455675,0.3534894041939421,0.35482081437923,0.20703428381227115,0.5309847198641766
157,933.4103877103146,1.6773957571324067,0.0,0.0,7.25676664228237,2051.3328456474032,0.8493050475493782,0.8280907095830286,3.14626188734455,0.06995967741935484,0.3258064516129032,0.330241935483871,0.27399193548387096,0.4936764064544265
158,980.3039647577092,2.5330396475770924,0.0,0.0,7.414977973568282,2085.9885462555067,1.209691629955947,1.3233480176211454,-0.2210044052863436,0.07319391634980989,0.4284695817490494,0.2678231939163498,0.2305133079847909,0.5224347826086957
159,967.9497942386831,1.728395061728395,0.0,0.0,7.938271604938271,2050.063374485597,0.776954732510288,0.951440329218107,3.8409629629629634,0.08055987558320374,0.3964748574390876,0.3275272161741835,0.19543805080352514,0.5504761904761905
160,953.483893557423,2.2710084033613445,0.0,0.0,7.171568627450981,2064.686974789916,1.1365546218487395,1.134453781512605,2.9879131652661064,0.07069622107216092,0.291866028708134,0.37828337076457375,0.2591543794551313,0.49953746530989823
161,986.2785843920145,3.1361161524500907,0.0,0.0,7.6415607985480944,2089.1588021778584,1.4591651542649728,1.676950998185118,1.3048820326678765,0.07101294383089894,0.40422752642204013,0.3307208170051063,0.19403871274195464,0.5347222222222222
162,949.9576576576577,2.23963963963964,0.0,0.0,7.481981981981982,2040.7765765765766,1.0432432432432432,1.1963963963963964,5.2354954954954955,0.08910295003010235,0.36893437688139674,0.3477423239012643,0.1942203491872366,0.5341914722445696
163,963.4316748423265,2.2669936930623686,0.0,0.0,7.395234758234057,2071.2550805886476,1.1394533987386124,1.1275402943237562,1.6940224246671338,0.06509997157206482,0.29081777693546856,0.40159196437032124,0.24249028712214535,0.4973724884080371
164,989.4712260216847,2.383653044203503,0.0,0.0,7.4578815679733115,2075.674728940784,1.1234361968306923,1.2602168473728106,0.8105337781484571,0.07078953254305524,0.4118765376873183,0.3170431670767166,0.20029076269290985,0.5286913925822253
165,982.8957795004306,1.7278208440999139,0.0,0.0,7.63479758828596,2043.2334194659777,0.8854435831180018,0.8423772609819121,4.386279069767442,0.08427346570397112,0.38831227436823107,0.3259250902527076,0.20148916967509026,0.48753738783649053
166,974.5363091272485,1.7128580946035976,0.0,0.0,7.410393071285809,2044.5942704863423,0.9153897401732178,0.7974683544303798,4.287728181212525,0.06634900656297761,0.2960532230513351,0.37346039737480896,0.26413737301087836,0.46557759626604434
167,989.4687767322498,1.4302822925577416,0.0,0.0,7.378100940975193,2070.1958939264327,0.688622754491018,0.7416595380667237,0.18074422583404617,0.07292753623188405,0.40649275362318843,0.2991304347826087,0.22144927536231884,0.5185406698564593
168,963.0829732065687,2.125324114088159,0.0,0.0,7.675021607605878,2046.884183232498,0.9671564390665515,1.1581676750216077,4.258159031979257,0.0865990990990991,0.40540540540540543,0.3099099099099099,0.1980855855855856,0.5449369662464416
169,993.3209565764632,1.0748898678414096,0.0,0.0,7.611076148521082,2065.5556954059157,0.5632473253618628,0.5116425424795469,0.37500943989930774,0.052836117082851,0.3113113940797089,0.3722507028278485,0.26360178600959155,0.47599531615925056
170,1003.5112970711297,2.199163179916318,0.0,0.0,7.2217573221757325,2066.805857740586,1.0510460251046025,1.1481171548117155,1.1796317991631797,0.07717265353418308,0.3856315179606026,0.32317497103128623,0.21402085747392816,0.5220700152207002
171,975.5401459854014,1.8751013787510138,0.0,0.0,7.932684509326845,2053.360908353609,0.878345498783455,0.9967558799675588,4.102757502027575,0.07872405684490338,0.4114098762907678,0.34137613740926287,0.16848992945506594,0.5315743944636678
172,992.0337738619677,1.6644640234948604,0.0,0.0,7.341409691629956,2051.9434654919237,0.8538913362701909,0.8105726872246696,2.6436490455212924,0.07150715071507151,0.29912991299129915,0.3704370437043704,0.2589258925892589,0.4869872077635642
173,1013.9921397379912,2.024454148471616,0.0,0.0,7.690829694323144,2078.6786026200875,1.05764192139738,0.9668122270742358,0.8019825327510917,0.07120145355439474,0.39086986145809677,0.3631614808085396,0.17476720417896888,0.47756686798964626
174,1001.4432653061225,1.71265306122449,0.0,0.0,8.067755102040817,2036.705306122449,0.809795918367347,0.9028571428571428,5.963804081632653,0.07750682990994637,0.4245674390367297,0.32277648487301425,0.1751492461803096,0.5271687321258341
175,1011.3366197183099,0.8154929577464789,0.0,0.0,7.548591549295774,2067.749295774648,0.4422535211267606,0.3732394366197183,0.5650140845070422,0.06362533818453214,0.301054202817427,0.3630935721615822,0.2722268868364586,0.45768566493955093
176,988.7417802726544,1.892542101042502,0.0,0.0,7.193263833199679,2066.0737770649557,0.9133921411387329,0.9791499599037691,1.6773857257417801,0.06911928651059086,0.38338907469342254,0.3230769230769231,0.22441471571906355,0.5173728813559322
177,988.561403508772,2.081035923141186,0.0,0.0,7.818713450292398,2030.7928153717628,0.9832915622389307,1.0977443609022557,6.286750208855472,0.08270114328453895,0.42664814616946256,0.29394166043380704,0.19670905011219147,0.5274989963869932
178,997.646408839779,2.1125690607734806,0.0,0.0,7.399171270718232,2069.6671270718234,1.0041436464088398,1.1084254143646408,3.0835842541436462,0.06561508306888184,0.33544894530520813,0.324901997386597,0.274033974239313,0.5246812683883623
179,1016.0751488095239,1.4456845238095237,0.0,0.0,7.517113095238095,2071.5877976190477,0.7410714285714286,0.7046130952380952,-0.04893601190476189,0.06166485202415124,0.4127486885083638,0.319212115213303,0.2063743442541819,0.4873906330416881
180,993.6883333333334,2.091666666666667,0.0,0.0,7.793333333333333,2049.38,0.965,1.1266666666666667,7.121933333333333,0.08361847733105218,0.3852651839178785,0.352224123182207,0.17889221556886228,0.5386454183266932
181,950.3964334705075,1.686556927297668,0.0,0.0,7.678326474622771,2057.6495198902608,0.877914951989026,0.808641975308642,3.5344924554183814,0.0651183564091112,0.32460920053595355,0.3693613220187584,0.24091112103617687,0.47946319642130947
182,1001.6506787330317,1.9248868778280543,0.0,0.0,7.592760180995475,2073.3230769230768,0.9692307692307692,0.9556561085972851,0.8714027149321266,0.07628128724672228,0.399880810488677,0.3353992848629321,0.18843861740166865,0.49647390691114246
183,980.7202283849919,2.395595432300163,0.0,0.0,7.64437194127243,2048.7936378466557,1.1207177814029363,1.2748776508972268,5.555073409461665,0.08557405036278276,0.40087494664959455,0.3299189073836961,0.1836320956039266,0.5321756894790602
184,960.3227118644068,2.043389830508475,0.0,0.0,7.650169491525424,2060.5389830508475,1.023728813559322,1.0196610169491525,4.224027118644067,0.06150301311591634,0.33879829847571785,0.35147110953562566,0.24822757887274016,0.49900464499004643
185,1023.971551724138,1.5198275862068966,0.0,0.0,7.596551724137931,2073.271551724138,0.7577586206896552,0.7620689655172413,0.05401724137931034,0.0699046754425783,0.39888788016341353,0.30696777122106217,0.224239673172946,0.5014180374361883
186,995.515455950541,1.8964451313755797,0.0,0.0,7.864760432766615,2040.244976816074,0.8995363214837713,0.9969088098918083,5.669211746522411,0.0782155841603616,0.37830401886607057,0.3421440503095215,0.20133634666404637,0.5256723716381418
187,973.7619718309859,0.9429577464788732,0.0,0.0,7.420422535211268,2039.4845070422534,0.5147887323943662,0.428169014084507,4.110415492957746,0.06918477745088734,0.33320679510297047,0.33415583183069186,0.2634525956154503,0.4540702016430172
188,990.4749568221071,2.5129533678756477,0.0,0.0,7.526770293609672,2079.2763385146804,1.2132987910189983,1.2996545768566494,-0.1737823834196891,0.07182193666819642,0.4257687012391005,0.2742083524552547,0.22820100963744838,0.5171821305841925
189,986.5397727272727,1.2637987012987013,0.0,0.0,8.124188311688311,2047.205357142857,0.5941558441558441,0.6696428571428571,2.2881493506493507,0.07493256069537417,0.4117294435008492,0.31801378759116794,0.19532420821260865,0.5298651252408478
190,973.7599451303155,2.3004115226337447,0.0,0.0,7.215363511659808,2050.609739368999,1.1927297668038408,1.107681755829904,4.308916323731138,0.0655893536121673,0.28830798479087455,0.3875475285171103,0.2585551330798479,0.4815146094215862
191,978.0718321226796,2.665052461662631,0.0,0.0,7.556093623890234,2077.8506860371267,1.2752219531880549,1.3898305084745763,1.059047619047619,0.06579790643024995,0.3937192907498398,0.34170049134800257,0.19878231147190772,0.5215021199273168
192,967.680412371134,1.7216494845360826,0.0,0.0,7.83223992502343,2019.1883786316776,0.8575445173383318,0.8641049671977507,6.28834114339269,0.08567667823381596,0.3923656814646404,0.3407921502931674,0.1811654900083762,0.5019052803483941
193,990.3092783505155,2.120274914089347,0.0,0.0,7.635051546391753,2055.307903780069,1.0391752577319588,1.0810996563573883,3.4963230240549827,0.06436222882347646,0.30407777477720765,0.39166441623908543,0.23989558016023044,0.5098865478119935
194,1012.1087689713322,1.6205733558178752,0.0,0.0,7.663575042158516,2048.114671163575,0.8001686340640809,0.8204047217537943,2.5061635750421583,0.06942457916162394,0.42512927714820115,0.29926284519749147,0.20618329849268346,0.5062434963579605
195,994.9857397504456,1.6488413547237077,0.0,0.0,8.056149732620321,2043.5383244206773,0.7210338680926917,0.9278074866310161,3.948885918003565,0.0846332558911384,0.40181435999557474,0.3382011284434119,0.17535125566987497,0.5627027027027027
196,959.0821382007823,1.4061277705345503,0.0,0.0,7.349413298565841,2030.1655801825293,0.7001303780964798,0.7059973924380704,6.00477183833116,0.06492815327301757,0.30104665602270714,0.3649104133404293,0.26911477736384604,0.502086230876217
197,981.7751937984497,1.426356589147287,0.0,0.0,7.505598621877692,2059.0267011197243,0.7071490094745909,0.719207579672696,0.9734883720930233,0.07137938948817994,0.41978425522148266,0.2875831994491623,0.2212531558411751,0.5042270531400966
198,945.1670973298881,2.0344530577088715,0.0,0.0,7.8423772609819125,2052.4599483204133,0.9267872523686477,1.107665805340224,3.7016881998277347,0.08412959912136189,0.4257001647446458,0.2947830862163646,0.19538714991762768,0.5444538526672311
199,965.2057142857143,0.8806349206349207,0.0,0.0,7.897142857142857,2054.2755555555555,0.46730158730158733,0.41333333333333333,1.3702285714285716,0.057163531114327065,0.32963498954815884,0.36203569705740474,0.25116578228010933,0.4693583273251622
200,979.2119565217391,1.8197463768115942,0.0,0.0,7.53713768115942,2064.753623188406,0.8922101449275363,0.927536231884058,1.3345108695652175,0.08172094700156231,0.40608099987982216,0.3184713375796178,0.19372671553899773,0.5097063215530114
201,967.5960264900663,1.6879139072847682,0.0,0.0,8.117549668874172,2029.1937086092714,0.8153973509933775,0.8725165562913907,5.561051324503311,0.07903324495207016,0.4262696308382623,0.33306139098511117,0.1616357332245564,0.5169200588523786
202,964.348905109489,0.6503649635036496,0.0,0.0,7.346715328467154,2034.3992700729927,0.3218978102189781,0.3284671532846715,4.186875912408759,0.06974664679582712,0.3042225534028813,0.36164927968206656,0.26438152011922506,0.5050505050505051
203,969.4995808885163,2.0452640402347027,0.0,0.0,7.461860854987426,2061.2288348700754,1.0972338642078794,0.9480301760268232,0.6995641240569992,0.06829925859357448,0.39058638508200405,0.35531341271624356,0.18580094360817795,0.46352459016393444
204,947.9605792437651,2.35076427996782,0.0,0.0,8.044247787610619,2037.113435237329,1.0925181013676588,1.2582461786001609,6.015792437650845,0.07630763076307631,0.41884188418841883,0.31193119311931194,0.1929192919291929,0.5352498288843258
205,967.5270833333333,1.3888888888888888,0.0,0.0,7.5625,2057.795833333333,0.6951388888888889,0.69375,2.213534722222222,0.06418732782369146,0.30606060606060603,0.3558310376492195,0.27392102846648303,0.4995
206,974.8437240232752,1.9276807980049875,0.0,0.0,7.270157938487116,2061.5236907730673,0.8711554447215295,1.056525353283458,1.8248462177888611,0.07191859135604847,0.388520466498971,0.3250628858906929,0.21449805625428767,0.5480810694264769
207,971.9686746987952,1.6232931726907631,0.0,0.0,7.771084337349397,2023.795983935743,0.7911646586345381,0.8321285140562249,5.480265060240964,0.08196382428940568,0.4303875968992248,0.2876485788113695,0.2,0.5126175160811479
208,972.4363636363636,1.5306397306397306,0.0,0.0,7.438383838383839,2052.6060606060605,0.7683501683501683,0.7622895622895622,3.1720134680134677,0.06735469853340575,0.3277204417888829,0.32482346550787616,0.28010139416983526,0.49802023757149144
209,970.2911196911197,1.1714285714285715,0.0,0.0,7.766795366795367,2059.827799227799,0.5575289575289575,0.6138996138996139,0.312,0.0650228673692583,0.4119109166832372,0.30453370451381984,0.21853251143368463,0.5240606460118655
210,935.4494290375204,2.368678629690049,0.0,0.0,7.838499184339315,2033.0448613376834,1.1247960848287113,1.2438825448613378,6.8271696574225125,0.07918834547346514,0.38636836628511967,0.3445369406867846,0.1899063475546306,0.525137741046832
211,965.2750853242321,1.235494880546075,0.0,0.0,7.82320819112628,2043.7918088737201,0.6464163822525597,0.5890784982935153,3.849651877133106,0.06317075298839543,0.3262368030712852,0.36035249978186895,0.2502399441584504,0.4767955801104972
212,982.1349693251534,1.340929009640666,0.0,0.0,7.474145486415425,2047.5477651183173,0.5600350569675723,0.7808939526730938,2.5366345311130587,0.07387429643527205,0.3949343339587242,0.3334896810506567,0.1977016885553471,0.5823529411764706
213,952.597510373444,2.5601659751037342,0.0,0.0,7.811618257261411,2038.6688796680498,1.1626556016597511,1.3975103734439833,4.558912863070539,0.07957080633166896,0.4104961223839371,0.3336874535217253,0.17624561776266864,0.5458670988654781
214,965.0761968981793,1.514497639919083,0.0,0.0,7.686446392447741,2048.6830748482807,0.7592717464598786,0.7552258934592043,3.6983816587997302,0.058777085709272744,0.3388016492674796,0.3560838670058777,0.24633739801736995,0.4986642920747996
215,984.3003300330033,1.433993399339934,0.0,0.0,7.176567656765677,2064.3102310231025,0.731023102310231,0.7029702970297029,0.15613861386138614,0.07174063002989194,0.39779259599908023,0.28903196137042997,0.24143481260059785,0.4902186421173763
216,959.3333333333334,1.5681293302540416,0.0,0.0,7.711316397228638,2033.356428021555,0.7351809083910701,0.8329484218629715,4.840969976905312,0.07906558849955077,0.3828491564340621,0.3332335030448238,0.20485175202156333,0.531173294059892
217,948.4771151178918,0.7746185852981969,0.0,0.0,7.307905686546463,2023.259361997226,0.41123439667128986,0.3633841886269071,5.703287101248266,0.06775479218067945,0.34237995824634654,0.32197760485860694,0.26788764471436705,0.4691136974037601
218,961.3262711864406,1.6322033898305084,0.0,0.0,7.469491525423729,2057.4610169491525,0.8135593220338984,0.8186440677966101,1.352677966101695,0.06988881325164512,0.4456546403449058,0.25731790333560245,0.22713864306784662,0.5015576323987538
219,988.112676056338,1.5446009389671362,0.0,0.0,8.158059467918623,2046.9921752738653,0.7417840375586855,0.8028169014084507,2.718035993740219,0.07337425666602725,0.4166506809898331,0.3224630730865145,0.18751198925762516,0.5197568389057751
220,980.0331564986737,1.6173740053050398,0.0,0.0,7.36870026525199,2044.1405835543767,0.7745358090185677,0.8428381962864722,4.965444297082228,0.06650467962562995,0.3022858171346292,0.3744600431965443,0.25674946004319654,0.5211152111521116
221,970.1373355263158,1.4457236842105263,0.0,0.0,7.5444078947368425,2057.2763157894738,0.6726973684210527,0.7730263157894737,1.4592105263157895,0.0697623719206453,0.4026596904294746,0.32385001090037063,0.20372792674950949,0.534698521046644
222,950.2579298831386,1.157762938230384,0.0,0.0,7.472454090150251,2025.0617696160268,0.5250417362270451,0.6327212020033389,5.127562604340567,0.08176943699731903,0.3964477211796247,0.32495531724754245,0.19682752457551386,0.5465032444124008
223,943.9672245467225,1.6638772663877266,0.0,0.0,7.649232914923291,2063.0488145048816,0.8158995815899581,0.8479776847977685,2.3236959553695957,0.06545719755675085,0.30814112498860424,0.3831707539429301,0.24323092351171482,0.509639564124057
224,989.4504201680672,0.9168067226890756,0.0,0.0,7.773949579831933,2045.0697478991597,0.38571428571428573,0.5310924369747899,1.5909915966386554,0.067884553021295,0.4228732028969841,0.3058047778618528,0.20343746621986813,0.5792850595783685
225,964.4919224555736,1.4684975767366721,0.0,0.0,7.6978998384491115,2047.041195476575,0.6987075928917609,0.7697899838449112,3.720331179321486,0.08153200419727177,0.4033578174186779,0.32130115424973765,0.1938090241343127,0.5242024202420242
226,968.7922673656618,1.2975098296199215,0.0,0.0,7.470511140235911,2033.7470511140236,0.6009174311926605,0.6965923984272608,5.959777195281783,0.0668421052631579,0.30771929824561406,0.361140350877193,0.2642982456140351,0.5368686868686868
227,989.9448275862069,1.6810344827586208,0.0,0.0,7.610344827586207,2060.2094827586207,0.778448275862069,0.9025862068965518,1.5440258620689657,0.07442229270502945,0.4228590847304033,0.27956502038966924,0.22315360217489805,0.536923076923077
228,950.5505254648343,1.4721099434114795,0.0,0.0,7.826192400970089,2056.1123686337914,0.6725949878738885,0.799514955537591,3.8279062247372675,0.07871087697551905,0.4312571015390972,0.2871604173122611,0.2028716041731226,0.543108182317408
229,979.8182981445938,0.944337811900192,0.0,0.0,8.116442738323736,2057.309021113244,0.5220729366602687,0.42226487523992323,1.8538451695457454,0.05565189973198802,0.33430553365915183,0.3539334699668926,0.2561090966419675,0.44715447154471544
230,1001.7051926298158,1.7587939698492463,0.0,0.0,7.325795644891122,2065.2010050251256,0.855108877721943,0.9036850921273032,2.5439865996649917,0.07453984223162227,0.40219503829884534,0.3173659540413856,0.2058991654281468,0.5138095238095238
231,990.9816147082335,2.463629096722622,0.0,0.0,8.232613908872901,2050.5147881694643,1.1718625099920064,1.2917665867306156,4.905475619504396,0.0801048645499563,0.42324497524031457,0.331003010000971,0.16564715020875814,0.5243348475016223
232,950.6746376811594,1.1333333333333333,0.0,0.0,7.438405797101449,2050.50652173913,0.5702898550724638,0.5630434782608695,2.8215579710144927,0.06575742815392109,0.3045299561617146,0.37330735509011204,0.25640526059425234,0.4968030690537084
233,985.115763546798,2.810344827586207,0.0,0.0,7.5344827586206895,2084.772577996716,1.3702791461412152,1.4400656814449917,1.2963546798029557,0.07039337474120083,0.39784243216737497,0.34891576768006977,0.18284842541135446,0.5124160093485247
234,969.7692901234568,2.058641975308642,0.0,0.0,8.008487654320987,2040.8726851851852,0.9182098765432098,1.1404320987654322,6.8322067901234576,0.07746411022256479,0.4290394064938819,0.308411214953271,0.1850852683302823,0.5539730134932533
235,984.1155913978495,1.3870967741935485,0.0,0.0,7.387768817204301,2063.2204301075267,0.6922043010752689,0.6948924731182796,1.117298387096774,0.064040753206586,0.3086509597016283,0.3504957700354771,0.27681251705630855,0.500968992248062
236,995.68,2.04,0.0,0.0,7.4176,2075.6808,0.96,1.08,1.789264,0.07096635030198446,0.38352027610008627,0.32182916307161347,0.2236842105263158,0.5294117647058824
237,1001.9661303979678,1.5850973751058426,0.0,0.0,7.821337849280271,2019.6782387806943,0.6994072819644369,0.8856900931414056,6.270321761219305,0.08390169968604526,0.42513803182851573,0.2892714084659522,0.20168886001948685,0.5587606837606838
238,959.3859768550034,2.1531654186521445,0.0,0.0,7.558202859087815,2067.9326072157933,1.0687542545949626,1.0844111640571819,4.073015656909463,0.06538773304512294,0.3433306313608935,0.3150499864901378,0.2762316491038458,0.5036357888080936
239,973.6394160583942,2.4708029197080292,0.0,0.0,7.543795620437956,2085.615328467153,1.12992700729927,1.340875912408759,0.030197080291970796,0.061635220125786164,0.4081277213352685,0.31233671988388967,0.21790033865505565,0.5426883308714919
240,951.412559618442,2.978537360890302,0.0,0.0,7.791732909379968,2054.976947535771,1.437201907790143,1.541335453100159,7.003362480127186,0.07886145684554173,0.3990002040399918,0.33044276678228934,0.1916955723321771,0.5174806511876168
241,965.4302868579052,2.1874583055370245,0.0,0.0,7.785857238158773,2059.3909272848564,1.124082721814543,1.0633755837224816,3.413942628418946,0.06426184560020563,0.33141975837546056,0.3508696769771228,0.25344871904721106,0.48612381823726747
242,987.3415276558385,2.3318700614574186,0.0,0.0,7.4574187884108865,2070.3283582089553,1.1580333625987709,1.173836698858648,0.6327304653204566,0.07275724040499176,0.39851659995290795,0.32940899458441253,0.1993171650576878,0.5033885542168675
243,970.3757131214344,4.057049714751426,0.0,0.0,7.850040749796251,2056.61206193969,1.9079054604726977,2.1491442542787285,3.804678076609617,0.08139534883720931,0.3948297342192691,0.3323297342192691,0.19144518272425248,0.5297308155885898
244,966.9405405405405,1.7486486486486486,0.0,0.0,7.839864864864865,2050.122972972973,0.8878378378378379,0.8608108108108108,4.738641891891891,0.06196673274153236,0.3399120917004223,0.35059898302163234,0.247522192536413,0.49227202472952086
245,989.41982272361,2.5954875100725223,0.0,0.0,7.357775987107171,2079.28283642224,1.2369057211925867,1.3585817888799356,0.14897663174858986,0.06987186507501916,0.3877998028693462,0.3078523710436973,0.23447596101193735,0.5234399254889786
246,938.6964285714286,2.130434782608696,0.0,0.0,7.75388198757764,2032.9945652173913,0.9984472049689441,1.1319875776397517,6.30832298136646,0.07629918894562931,0.38039451286672676,0.33904075297887254,0.2042655452087714,0.5313411078717201
247,970.5197853789404,1.0744466800804828,0.0,0.0,7.386317907444668,2029.9503688799464,0.5439302481556003,0.5305164319248826,4.338430583501006,0.06900935258331063,0.3484972305457187,0.31880504857895214,0.2636883682920185,0.4937578027465668
248,967.5514764565044,2.8068635275339187,0.0,0.0,7.4110135674381485,2075.5490822027136,1.326416600159617,1.4804469273743017,1.1846368715083797,0.06838251130734439,0.43075597673917726,0.2653456816713332,0.23551583028214518,0.5274381575206142
249,952.1896420411272,2.7730388423457732,0.0,0.0,8.083015993907082,2043.7776085300839,1.2635186595582635,1.5095201827875095,4.754996191926884,0.0735889946292283,0.4273061339866202,0.30839536417601054,0.19070950720814095,0.544355946168635
250,940.1129032258065,2.387768817204301,0.0,0.0,7.473118279569892,2047.465053763441,1.2022849462365592,1.185483870967742,5.048850806451613,0.06465827338129497,0.30080935251798563,0.38030575539568345,0.254226618705036,0.49648184632704756
251,969.2720820189274,2.2444794952681386,0.0,0.0,7.519716088328075,2066.0717665615143,1.0686119873817035,1.1758675078864353,1.5381388012618296,0.06670162558993183,0.4054535920293655,0.3250131095962244,0.20283167278447825,0.5238931834153198
252,935.7950469684031,1.798462852263023,0.0,0.0,7.748932536293766,2032.5807002561912,0.8505550811272417,0.9479077711357814,5.079521776259607,0.08397619572404673,0.402137976636544,0.32785981926383073,0.1860260083755786,0.5270655270655271
253,954.6995003568879,2.6324054246966453,0.0,0.0,7.872947894361171,2059.347608850821,1.2890792291220556,1.3433261955745897,3.080349750178444,0.06409791477787852,0.3039891205802357,0.39138712601994563,0.24052583862194016,0.5103036876355749
254,962.349567949725,1.8727415553809899,0.0,0.0,7.625294579732914,2062.8201099764337,0.8318931657501963,1.0408483896307934,2.482356637863315,0.06737405995673225,0.4092922633151334,0.31966622025342534,0.20366745647470896,0.5557885906040269
255,955.984076433121,2.143312101910828,0.0,0.0,7.88375796178344,2066.2810509554142,0.9713375796178344,1.1719745222929936,2.9080015923566878,0.08028681074530399,0.41335083821450214,0.3135730155524137,0.19278933548778024,0.5468053491827637
256,927.38270820089,1.4812460267005723,0.0,0.0,7.317228226319135,2044.2161474888749,0.7329942784488239,0.7482517482517482,4.344214876033058,0.06472632493483926,0.305994787141616,0.36046915725456125,0.2688097306689835,0.5051502145922747
257,947.8266228430567,1.6967953985209532,0.0,0.0,7.4905505341002465,2054.354149548069,0.7847165160230074,0.9120788824979458,1.7980854560394413,0.06878016673979816,0.42540587977182975,0.28554190434401056,0.22027204914436158,0.5375302663438256
258,923.9968992248062,2.710077519379845,0.0,0.0,7.7372093023255815,2063.741860465116,1.2976744186046512,1.4124031007751938,3.8367364341085275,0.07905019537120529,0.43011722272317404,0.2874461476805931,0.20338643422502756,0.5211670480549199
259,964.9429682436811,1.0745301360985093,0.0,0.0,8.147764095917045,2062.8146467919637,0.5217109526895658,0.5528191834089436,1.4764419961114712,0.05289532293986637,0.32651924912503977,0.36756283805281575,0.2530225898822781,0.514475271411339
260,967.468,2.5792,0.0,0.0,7.3392,2069.0256,1.232,1.3472,2.1343520000000002,0.07019838674514933,0.37442773054283846,0.33507739263134945,0.22029649008066274,0.5223325062034739
261,965.018154311649,3.1164901664145233,0.0,0.0,7.97125567322239,2056.735249621785,1.4795763993948563,1.6369137670196672,3.9898638426626327,0.07686468020497247,0.41763142911368384,0.33251091288669576,0.17299297779464795,0.525242718446602
262,955.9915074309979,1.7360226468506723,0.0,0.0,7.423920736022647,2050.5265392781316,0.8825194621372965,0.8535031847133758,3.3648336871903752,0.06682554814108675,0.3062917063870353,0.36777883698760727,0.25910390848427073,0.49164288626172037
263,941.7871986699917,3.0448877805486285,0.0,0.0,7.56525353283458,2084.163757273483,1.4522028262676643,1.5926849542809642,2.2432917705735664,0.06790462586528953,0.3952312932644764,0.3485331282276673,0.18833095264256675,0.523068523068523
264,976.4038910505836,1.933852140077821,0.0,0.0,8.16964980544747,2040.3175097276264,0.9478599221789883,0.9859922178988327,5.4720700389105055,0.07725281005905887,0.42550962088016764,0.31472661459325585,0.1825109544675176,0.5098591549295775
265,944.3587385019711,1.6084099868593955,0.0,0.0,7.525624178712221,2055.9296977660974,0.8160315374507228,0.7923784494086727,2.4331931668856766,0.06390780513357779,0.31744368779465687,0.35158023397939586,0.26706827309236947,0.49264705882352944
266,963.7226624405705,2.301901743264659,0.0,0.0,7.5269413629160065,2073.3851030110936,1.0538827258320127,1.2480190174326466,1.7017828843106182,0.07000736919675755,0.3810927466049058,0.3264554163596168,0.22244446783871988,0.5421686746987951
267,944.7484076433121,2.245222929936306,0.0,0.0,7.830414012738854,2029.1321656050955,1.0087579617834395,1.2364649681528663,6.939721337579619,0.07920691408235893,0.4240976105744789,0.2954753431621759,0.20122013218098628,0.550709219858156
268,937.1854785478548,2.2864686468646864,0.0,0.0,7.355115511551155,2090.349174917492,1.198019801980198,1.0884488448844885,1.5957953795379538,0.05949923718926681,0.33832899578210535,0.32477788746298125,0.2773938795656466,0.4760392609699769
269,949.0354505169867,1.9158050221565732,0.0,0.0,7.885524372230428,2083.301329394387,0.8906942392909897,1.0251107828655834,0.9168980797636632,0.060691205394773816,0.40404608035965156,0.3216259248852674,0.2136367893603072,0.5350809560524287
270,946.4655172413793,3.2954545454545454,0.0,0.0,7.862068965517241,2081.7742946708463,1.5078369905956113,1.7876175548589341,6.104804075235109,0.07705342902711323,0.40251196172248804,0.3394138755980861,0.1810207336523126,0.5424494649227111
271,950.2146562905318,2.3988326848249026,0.0,0.0,7.607652399481193,2060.458495460441,1.2496757457846952,1.1491569390402074,3.91295719844358,0.06205779558434916,0.3308328360753559,0.3568323246100077,0.25027704373028725,0.47904839145715056
272,956.257806244996,2.6629303442754204,0.0,0.0,7.076060848678943,2092.052842273819,1.2930344275420336,1.3698959167333866,1.4424579663730985,0.06935958361620276,0.38436297804933245,0.3424983027834352,0.20377913555102964,0.5144317498496692
273,955.7043824701195,3.856573705179283,0.0,0.0,8.041434262948208,2074.847011952191,1.8701195219123505,1.9864541832669322,4.939195219123506,0.08115338882282996,0.4047760602457392,0.3339278636543797,0.18014268727705113,0.5150826446280992
274,951.9533376539209,1.9248217757615036,0.0,0.0,7.629941672067401,2049.232015554115,0.9747245625405055,0.950097213220998,4.254523655217109,0.06141170474815255,0.3282935530451032,0.3565786120784847,0.25371613012825955,0.4936026936026936
275,961.837510105093,2.5044462409054162,0.0,0.0,7.496362166531932,2078.3492320129344,1.1818916734033953,1.322554567502021,0.9300242522231205,0.06944893777633991,0.3813221179769222,0.29925590423811066,0.2499730400086272,0.5280826339573919
276,950.2851768246802,2.3957863054928517,0.0,0.0,7.909706546275395,2050.277652370203,1.1414597441685477,1.254326561324304,5.3849510910459,0.07229832572298325,0.3829908675799087,0.3411339421613394,0.20357686453576865,0.5235552763819096
277,958.3126266036462,1.6164753544902093,0.0,0.0,7.551654287643484,2036.8642808912896,0.8217420661715057,0.7947332883187036,5.351309925725861,0.06965307582260372,0.3480865522174535,0.321173104434907,0.26108726752503575,0.49164578111946533
278,963.8447154471545,2.915447154471545,0.0,0.0,7.586178861788618,2084.740650406504,1.359349593495935,1.5560975609756098,0.773390243902439,0.06719537027113921,0.4265352052298789,0.2756403386560926,0.2306290858428893,0.5337423312883436
279,941.8766519823788,2.077826725403818,0.0,0.0,8.09691629955947,2071.2665198237887,0.9779735682819384,1.0998531571218797,3.73856093979442,0.07181719260065289,0.41875226695683715,0.3174646354733406,0.19196590496916938,0.5293286219081272
280,935.3379026730637,2.055517477724469,0.0,0.0,7.5359835503769705,2048.37491432488,1.0514050719671006,1.004112405757368,5.456305688827964,0.06593906321055025,0.3025920873124147,0.3787175989085948,0.2527512505684402,0.4884961653884628
281,937.192393736018,2.3169276659209546,0.0,0.0,7.46607009694258,2076.9343773303503,1.1029082774049217,1.2140193885160329,0.5010439970171514,0.06392329204954054,0.3848381941669996,0.3326008789452657,0.21863763483819418,0.5239781139362729
282,949.5116883116883,1.9402597402597404,0.0,0.0,7.677922077922078,2028.7991341991342,0.8900432900432901,1.0502164502164502,5.872891774891775,0.08671628326567433,0.38351375732972487,0.3375056382498872,0.19226432115471356,0.5412762159750112
283,919.5013315579228,2.433422103861518,0.0,0.0,7.724367509986684,2058.782290279627,1.2490013315579227,1.184420772303595,4.833774966711052,0.06748836407515946,0.30727460782623683,0.3845888639889674,0.24064816410963627,0.48673050615595076
284,954.2042657916325,2.1230516817063165,0.0,0.0,7.722723543888433,2066.6464315012304,0.9770303527481542,1.1460213289581624,2.2615668580803936,0.06745272997663056,0.4258551094115148,0.3112385808370512,0.1954535797748035,0.5397990726429676
285,948.489156626506,1.7196787148594377,0.0,0.0,8.060240963855422,2054.648995983936,0.8072289156626506,0.9124497991967871,4.673020080321285,0.07882411559541605,0.4109616342800199,0.3164922770303936,0.1937219730941704,0.5305931807566557
286,931.7847222222222,1.7102272727272727,0.0,0.0,7.4892676767676765,2040.903409090909,0.8781565656565656,0.8320707070707071,6.66145202020202,0.06524487903565708,0.3103768018207873,0.3621343673607013,0.26224395178285426,0.4865263935031377
287,956.1411578112609,1.5241871530531323,0.0,0.0,7.536082474226804,2056.62807295797,0.6788263283108644,0.845360824742268,1.7820142743854084,0.06966221193307377,0.4126065453014837,0.29401241713143217,0.2237188256340103,0.554630593132154
288,945.2984,2.496,0.0,0.0,8.096,2058.7424,1.1736,1.3224,4.078208,0.0766798418972332,0.4407114624505929,0.2839920948616601,0.19861660079051383,0.5298076923076923
289,970.8430749682339,1.00571791613723,0.0,0.0,8.191867852604828,2046.5527318932657,0.531130876747141,0.47458703939008895,3.6490660736975857,0.055297037381727934,0.3307740034124399,0.35915929889871256,0.2547696603071196,0.4718888186986734
290,959.390923566879,2.125796178343949,0.0,0.0,7.350318471337579,2062.9944267515925,1.0143312101910829,1.1114649681528663,3.7072770700636943,0.06867417677642981,0.38236568457538994,0.3309142114384749,0.21804592720970536,0.5228464419475656
291,959.919306184012,2.303921568627451,0.0,0.0,8.153846153846153,2055.2948717948716,1.1063348416289593,1.1975867269984917,5.3842458521870284,0.07408435072142064,0.419811320754717,0.32963374028856823,0.17647058823529413,0.5198036006546645
292,975.3272727272728,1.5243636363636364,0.0,0.0,7.712727272727273,2052.7243636363637,0.7316363636363636,0.7927272727272727,4.156625454545455,0.06468646864686468,0.30975954738330974,0.3704856199905705,0.2550683639792551,0.5200381679389313
293,985.2380952380952,3.2405582922824303,0.0,0.0,7.843185550082102,2094.0467980295566,1.506568144499179,1.7339901477832513,2.115771756978653,0.06814613210509787,0.39788548100073273,0.3585261174500157,0.17544226944415367,0.5350899417278946
294,959.456406368461,2.43972706595906,0.0,0.0,8.197119029567855,2058.1364670204703,1.1425322213798332,1.2971948445792267,4.568703563305535,0.07510173880873104,0.42933777284498703,0.311228264890862,0.1843322234554199,0.5316967060285892
295,960.2575655682582,1.5104236718224613,0.0,0.0,7.646267652992602,2053.109616677875,0.7908540685944856,0.7195696032279758,3.38871553463349,0.06174142480211082,0.315391380826737,0.35628847845206685,0.26657871591908533,0.4764024933214604
296,953.2216174183515,2.08398133748056,0.0,0.0,7.398911353032659,2082.945567651633,0.942457231726283,1.1415241057542769,2.277216174183515,0.06831318970047294,0.3766684182869154,0.33441933788754596,0.2205990541250657,0.5477611940298508
297,947.3062015503876,2.332558139534884,0.0,0.0,7.9147286821705425,2050.3,1.0255813953488373,1.3069767441860465,5.413441860465117,0.07678746327130265,0.4359451518119491,0.28922624877571007,0.1980411361410382,0.5603190428713859
298,932.0933852140078,2.101815823605707,0.0,0.0,7.509079118028534,2067.2769130998704,1.0447470817120623,1.0570687418936446,3.7240272373540857,0.06434061663356076,0.3475256930650315,0.3184212799032732,0.26971241039813454,0.5029311940759025
299,959.0511695906433,1.3399122807017543,0.0,0.0,7.790204678362573,2074.2872807017543,0.618421052631579,0.7214912280701754,0.19046783625730998,0.05686403302993338,0.40602420943980483,0.3191329642488505,0.2179787932814113,0.5384615384615384
300,969.3125,2.987980769230769,0.0,0.0,8.01923076923077,2072.959935897436,1.3661858974358974,1.6217948717948718,5.267836538461538,0.07753796962430055,0.4059752198241407,0.3377298161470823,0.17875699440447643,0.5427728613569321
301,950.8112729575681,2.1576947435085496,0.0,0.0,7.59974667511083,2051.393286890437,1.0829639012032932,1.0747308423052564,4.121690943635212,0.06375,0.3289166666666667,0.3580833333333333,0.24925,0.4980921631934253
302,952.0034217279726,2.3267750213858,0.0,0.0,7.594525235243798,2073.196749358426,1.1300256629597947,1.1967493584260052,2.3804277159965785,0.07006082451002478,0.38826312232484794,0.3371254787114215,0.20455057445370578,0.5143382352941176
303,956.2452076677316,2.6685303514377,0.0,0.0,8.189297124600639,2057.6461661341855,1.2699680511182108,1.398562300319489,4.606884984025559,0.07627035989466498,0.41802399297766507,0.3262459767872818,0.17945967034038818,0.5240945824603412
304,964.80868385346,1.5610583446404342,0.0,0.0,7.987109905020353,2035.6811397557667,0.835820895522388,0.7252374491180461,5.824070556309363,0.06098700416206574,0.3463008578951839,0.3528412469209207,0.2398708910218296,0.46458061712299
305,962.1344743276284,2.343928280358598,0.0,0.0,7.524042379788101,2080.210268948655,1.0513447432762837,1.2925835370823147,0.9123471882640587,0.06986568457538994,0.39449740034662045,0.3073006932409012,0.22833622183708838,0.5514603616133519
306,946.4495614035088,1.9978070175438596,0.0,0.0,7.858187134502924,2042.9035087719299,0.9371345029239766,1.060672514619883,4.359963450292398,0.07376744186046512,0.3986046511627907,0.3267906976744186,0.20083720930232557,0.5309184046834979
307,937.9419795221843,0.8614334470989761,0.0,0.0,7.566552901023891,2022.233447098976,0.43890784982935155,0.4225255972696246,6.427221843003412,0.06657645466847091,0.34614343707713124,0.31980153360396935,0.2674785746504285,0.49049128367670364
308,938.9565217391304,1.5077932731747334,0.0,0.0,7.547169811320755,2059.247744052502,0.6357670221493027,0.8720262510254306,2.409360131255127,0.07076086956521739,0.4309782608695652,0.2633695652173913,0.2348913043478261,0.5783460282916213
309,919.3358153387937,1.6217423678332092,0.0,0.0,8.172747580044676,2051.2970960536113,0.7550260610573343,0.8667163067758749,3.40524199553239,0.07051749271137027,0.4313957725947522,0.3114067055393586,0.18668002915451895,0.5344352617079889
310,957.2552756977535,1.3716814159292035,0.0,0.0,7.5908781484002725,2031.1599727705923,0.7045609257998638,0.6671204901293397,6.90360108917631,0.06627208322123576,0.30687830687830686,0.37880010761366695,0.24804950228679043,0.48635235732009924
311,920.4719940253921,1.4458551157580284,0.0,0.0,7.445108289768484,2064.840926064227,0.678117998506348,0.7677371172516804,1.5595743091859597,0.06289497442070419,0.39281773497843314,0.3359414183970308,0.20834587220383188,0.53099173553719
312,927.5717863105175,2.013355592654424,0.0,0.0,7.762938230383973,2049.09265442404,1.003338898163606,1.010016694490818,4.804933222036728,0.08397849462365592,0.408494623655914,0.31913978494623657,0.18838709677419355,0.5016583747927031
313,956.6511784511785,2.049158249158249,0.0,0.0,7.719191919191919,2049.238383838384,1.0127946127946128,1.0363636363636364,4.810983164983164,0.06377039169501876,0.31283259181715084,0.3855011777021722,0.2378958387856582,0.5057509037134407
314,944.7019230769231,1.7532051282051282,0.0,0.0,7.6931089743589745,2080.310096153846,0.8509615384615384,0.9022435897435898,1.6288621794871794,0.06582647640870742,0.41256119154254767,0.3167378398083533,0.20487449224039161,0.5146252285191956
315,945.842019543974,1.950325732899023,0.0,0.0,8.085504885993485,2051.7019543973943,0.9397394136807817,1.010586319218241,4.723819218241043,0.07906133548192164,0.4234061839057307,0.3064759794541243,0.1910565011582234,0.5181628392484342
316,919.8091603053435,1.3893129770992367,0.0,0.0,7.5534351145038165,2038.984096692112,0.6692111959287532,0.7201017811704835,6.734783715012723,0.06383695469092134,0.3133737577901297,0.35986188310594575,0.2629274044130032,0.5183150183150184
317,927.0122887864824,1.1712749615975422,0.0,0.0,7.268817204301075,2058.9600614439323,0.6036866359447005,0.5675883256528418,2.211006144393241,0.07111158072696534,0.40934065934065933,0.2859256128486898,0.23362214708368553,0.4845901639344262
318,923.1460317460318,1.9253968253968254,0.0,0.0,8.002380952380953,2056.9039682539683,0.9015873015873016,1.0238095238095237,4.2517539682539685,0.07646533769711396,0.4436179708420113,0.2835465635227611,0.19637012793811365,0.5317394888705689
319,942.2816199376947,0.7214953271028037,0.0,0.0,8.084735202492212,2048.560124610592,0.3794392523364486,0.34205607476635513,3.539320872274143,0.058646732429099874,0.3338471023427867,0.3528822441430333,0.25462392108508014,0.4740932642487047
320,935.55349620893,2.417017691659646,0.0,0.0,7.593091828138164,2079.579612468408,1.0834035383319292,1.3336141533277168,1.8490732940185342,0.07045378897148563,0.39110174192832575,0.3340730056584933,0.20437146344169532,0.5517601951899617
321,927.9122401847575,2.405696689761355,0.0,0.0,8.32640492686682,2053.0916089299462,1.1693610469591993,1.2363356428021555,4.830662047729022,0.07424186390532544,0.4308431952662722,0.32729289940828404,0.16762204142011836,0.51392
322,937.501066098081,1.8336886993603412,0.0,0.0,7.555081734186212,2057.046908315565,0.8919687277896233,0.9417199715707179,4.3586425017768295,0.06688617121354656,0.31185324553151456,0.36679209783631234,0.25446848541862654,0.5135658914728682
323,957.5714285714286,3.0672268907563027,0.0,0.0,7.932773109243698,2077.126050420168,1.4521008403361344,1.615126050420168,2.7625546218487393,0.06822033898305084,0.3889830508474576,0.36578389830508473,0.17701271186440679,0.5265753424657534
324,934.8763693270736,1.9381846635367763,0.0,0.0,8.331768388106417,2047.6361502347418,0.9311424100156495,1.0070422535211268,6.907496087636933,0.07306536438767844,0.4346356123215627,0.3109504132231405,0.18134861006761832,0.5195801372628179
325,956.3451811346548,1.557758031442242,0.0,0.0,7.7443609022556394,2054.872180451128,0.7662337662337663,0.7915242652084757,3.9949282296650717,0.062488967343336276,0.3160635481023831,0.3518976169461606,0.26954986760812005,0.508117595436595
326,946.2426177174781,2.363926576217079,0.0,0.0,7.448523543495611,2082.1316839584997,1.085395051875499,1.2785315243415802,1.620415003990423,0.06835958427086682,0.3878709953926926,0.32872602592949746,0.21504339440694312,0.5408507765023632
327,932.4774193548387,1.918548387096774,0.0,0.0,7.997580645161291,2047.191129032258,0.8725806451612903,1.0459677419354838,6.319766129032258,0.08077039427246142,0.430271251386508,0.2870827871332056,0.20187556720782496,0.5451870533837747
328,932.7918644067796,1.5132203389830508,0.0,0.0,7.739661016949152,2061.206101694915,0.7308474576271187,0.7823728813559322,3.485769491525424,0.06578486334968466,0.34442887175893483,0.32025227750525576,0.2695339873861247,0.5170250896057348
329,949.8501901140685,1.3231939163498099,0.0,0.0,7.9186311787072245,2075.1536121673003,0.6220532319391635,0.7011406844106464,0.06653992395437265,0.062421972534332085,0.4079515989628349,0.3147027753769327,0.2149236531259003,0.5298850574712644
330,946.2953451043338,2.582664526484751,0.0,0.0,8.166131621187802,2047.8178170144463,1.1380417335473516,1.4446227929373996,5.9540369181380415,0.07597051597051598,0.401965601965602,0.33582309582309583,0.18624078624078624,0.5593536357986327
331,936.6187419768935,1.8112965340179719,0.0,0.0,7.608472400513479,2043.4627727856225,0.923620025673941,0.8876765083440308,4.734582798459563,0.06310106293234351,0.3333895731398684,0.3513581913278218,0.2521511725999663,0.49007795889440114
332,940.6038803556993,2.032336297493937,0.0,0.0,7.298302344381568,2071.1358124494745,0.9991915925626516,1.0331447049312854,2.088625707356508,0.06789986708019495,0.38513513513513514,0.333628710677891,0.2133362871067789,0.5083532219570406
333,937.3225806451613,2.9629032258064516,0.0,0.0,7.9564516129032254,2052.4112903225805,1.2983870967741935,1.664516129032258,5.188572580645161,0.07936347050476383,0.4011757551185891,0.3381309547942429,0.1813298195824042,0.5617855198693522
334,929.0344827586207,1.3186206896551724,0.0,0.0,8.121379310344828,2044.8144827586207,0.6737931034482758,0.6448275862068965,4.784675862068966,0.06182065217391304,0.33907948369565216,0.35538383152173914,0.24371603260869565,0.48901673640167365
335,952.5726630007855,1.6111547525530243,0.0,0.0,7.41005498821681,2071.281225451689,0.7219167321288296,0.8892380204241949,2.022120974076983,0.06530266087140889,0.3888476624615711,0.30308491466129545,0.24276476200572458,0.5519258898098488
336,925.8768328445748,1.687683284457478,0.0,0.0,7.731671554252199,2040.9054252199414,0.7529325513196481,0.9347507331378299,5.006847507331378,0.07434098236298123,0.3922814337189456,0.3390859093495164,0.1942916745685568,0.553866203301477
337,929.4221617946974,0.7321549966009517,0.0,0.0,7.5560842963970085,2029.1352821210062,0.36233854520734193,0.3698164513936098,5.986261046906867,0.07008547008547009,0.3503373819163293,0.3184885290148448,0.26108861898335584,0.5051067780872794
338,949.1527777777778,1.232843137254902,0.0,0.0,7.536764705882353,2075.0236928104573,0.5776143790849673,0.6552287581699346,0.6493545751633987,0.06840108401084011,0.4239566395663957,0.2660162601626016,0.2416260162601626,0.5314777998674619
339,941.5542544886807,1.0819672131147542,0.0,0.0,8.426229508196721,2047.6315378610461,0.5120999219359875,0.5698672911787666,3.239461358313817,0.07179914767463405,0.42134519177320734,0.3161941819529368,0.19066147859922178,0.5266955266955267
340,923.6534246575343,1.4184931506849314,0.0,0.0,7.632191780821918,2050.3938356164385,0.6863013698630137,0.7321917808219178,4.798335616438356,0.0634479045140447,0.2946244278919501,0.3859822309970385,0.2559454365969667,0.5161757605021728
341,937.3664881407805,2.0879877582249424,0.0,0.0,7.47513389441469,2080.0137719969393,1.0596786534047438,1.0283091048201989,0.5977276205049732,0.06376663254861822,0.3926305015353122,0.3284544524053224,0.21514841351074718,0.49248809087577866
342,954.2394122731201,1.6949006050129645,0.0,0.0,7.93085566119274,2049.554883318928,0.8029386343993086,0.891961970613656,4.5015730337078645,0.07977332170880558,0.4014821272885789,0.32911944202266785,0.1896251089799477,0.5262621111677716
343,960.0978781656399,1.4969199178644763,0.0,0.0,7.792607802874743,2049.3764544832306,0.702258726899384,0.7946611909650924,4.007357973990418,0.06368028107158542,0.30171277997364954,0.397364953886693,0.23724198506807204,0.5308641975308642
344,949.3906009244993,1.2942989214175655,0.0,0.0,7.478428351309708,2062.520030816641,0.6093990755007704,0.6848998459167951,2.0003312788906014,0.0662408571134233,0.4087771711136293,0.3156485010816936,0.20933347069125374,0.5291666666666667
345,931.2999210734017,1.2967640094711919,0.0,0.0,7.935280189423835,2046.3496448303079,0.6093133385951065,0.6874506708760852,4.084696132596686,0.07768052516411379,0.41684901531728663,0.3146011537696439,0.19086930574895564,0.5301278149726111
346,936.5757970071568,1.0013012361743656,0.0,0.0,7.715679895901106,2029.1223162003903,0.4508783344176968,0.5504229017566689,6.242322706571243,0.06282148579138207,0.30795176659077494,0.3630997554599882,0.2661269921578548,0.5497076023391813
347,915.3468118195957,0.9183514774494557,0.0,0.0,7.3981337480559874,2048.99300155521,0.4618973561430793,0.45645412130637636,2.8577527216174183,0.069056127811646,0.4117090603321421,0.2974563800714736,0.22177843178473827,0.4970364098221846
348,937.6288492706645,1.3622366288492707,0.0,0.0,8.128038897893031,2049.222042139384,0.666936790923825,0.6952998379254457,3.242560777957861,0.07796610169491526,0.4300099700897308,0.2876370887337986,0.20438683948155534,0.5104104699583581
349,953.5301282051282,0.7865384615384615,0.0,0.0,8.328846153846154,2041.7814102564103,0.41474358974358977,0.3717948717948718,3.789602564102564,0.056030170091587776,0.3294851073655045,0.35896251827907333,0.2555222042638344,0.47269763651181745
350,940.3771569433032,1.4075595727198027,0.0,0.0,7.364009860312243,2063.1421528348396,0.6557107641741988,0.751848808545604,1.8330977814297453,0.0711894666369114,0.3868556125864762,0.3300602544074983,0.21189466636911403,0.5341506129597198
351,944.9558481797056,1.6769945778466304,0.0,0.0,8.197521301316808,2054.29899302866,0.8109992254066615,0.8659953524399691,3.639697908597986,0.07417556458471133,0.42332041954077293,0.3271284134933384,0.17537560238117736,0.5163972286374134
352,943.5439212930429,0.9290231904427266,0.0,0.0,7.522136331693605,2050.269852424455,0.4392129304286718,0.4898102600140548,3.849683766690091,0.06633034379671152,0.30829596412556054,0.3692077727952167,0.2561659192825112,0.527231467473525
353,980.1443806398687,2.0984413453650532,0.0,0.0,7.733388022969647,2068.406070549631,1.059064807219032,1.0393765381460214,2.4716406890894174,0.0682083377532619,0.39323220536756126,0.3537710830592978,0.18478837381987906,0.4953088350273651
354,950.1482352941176,1.2509803921568627,0.0,0.0,8.382745098039216,2032.4039215686275,0.5913725490196079,0.659607843137255,6.808250980392157,0.0750374251497006,0.4250561377245509,0.31418413173652693,0.18572230538922155,0.5272727272727272
355,943.0715249662618,1.1686909581646423,0.0,0.0,7.722672064777328,2048.523616734143,0.5937921727395412,0.5748987854251012,3.5326923076923076,0.06509392747924858,0.31349934469200524,0.3541284403669725,0.2672782874617737,0.49191685912240185
356,947.8357862122385,1.790859798605732,0.0,0.0,7.371030209140201,2061.476374903176,0.814872192099148,0.975987606506584,2.8373044151820292,0.06788566624632199,0.3735813366960908,0.3309163514081547,0.22761664564943254,0.5449826989619377
357,927.8394964594808,2.3682140047206923,0.0,0.0,7.955940204563336,2053.1361132966167,1.1416207710464201,1.2265932336742722,6.202667191188041,0.08000395569620253,0.42573180379746833,0.296875,0.1973892405063291,0.5179401993355481
358,936.4674796747968,1.6111111111111112,0.0,0.0,7.695121951219512,2046.8048780487804,0.7926829268292683,0.8184281842818428,4.4145663956639565,0.06515231554851206,0.336062687092798,0.3264659270998415,0.2723190702588484,0.5079899074852817
359,967.2110294117647,1.4551470588235293,0.0,0.0,7.841911764705882,2069.289705882353,0.6955882352941176,0.7595588235294117,0.6022720588235293,0.061790904828879514,0.4047819971870605,0.3224566338490389,0.2109704641350211,0.5219807983830217
360,944.1492168178071,2.4229183841714756,0.0,0.0,8.04204451772465,2049.045342126958,1.1393239901071723,1.2835943940643033,6.182440230832646,0.07995899538698104,0.39436186570989235,0.34003075345976425,0.18564838544336237,0.5297720313031643
361,923.9845956354301,1.7374839537869062,0.0,0.0,7.7297817715019255,2036.3908857509628,0.8985879332477535,0.8388960205391528,6.2026315789473685,0.06393755708710454,0.3313127958149963,0.3572199618035373,0.24752968529436187,0.48282231252308827
362,939.8131868131868,2.213863060016906,0.0,0.0,7.459847844463229,2094.2519019442097,1.0710059171597632,1.1428571428571428,1.3150042265426882,0.06968838526912181,0.37903682719546744,0.34458923512747874,0.20668555240793202,0.5162275677739595
363,948.8589846897663,4.624496373892023,0.0,0.0,8.098307816277195,2062.875906526994,2.088638195004029,2.5358581788879935,4.6621514907332795,0.07691542288557214,0.4099502487562189,0.32746268656716415,0.18567164179104478,0.548353371667538
364,954.029920212766,1.2632978723404256,0.0,0.0,8.00997340425532,2029.3623670212767,0.6894946808510638,0.5738031914893617,7.273617021276596,0.06242217979579978,0.3381754793724579,0.3531999667967129,0.24620237403502948,0.45421052631578945
365,946.885606060606,1.562121212121212,0.0,0.0,7.224242424242425,2070.831818181818,0.7196969696969697,0.8424242424242424,0.9189621212121212,0.06847734899328858,0.38118708053691275,0.3069421140939597,0.24339345637583892,0.539282250242483
366,940.1507052709725,1.562731997030438,0.0,0.0,7.85894580549369,2050.3266518188566,0.7446176688938382,0.8181143281365999,4.920935412026726,0.07557150954090308,0.3856980918193841,0.32977517475911583,0.208955223880597,0.5235154394299287
367,917.5575221238938,1.1218515997277059,0.0,0.0,7.673247106875426,2034.6596324029952,0.5575221238938053,0.5643294758339006,6.0092920353982295,0.06786728176011356,0.3484740951029099,0.32061745919091555,0.26304116394606103,0.5030339805825242
368,947.3162460567823,2.104889589905363,0.0,0.0,7.359621451104101,2085.6553627760254,0.9858044164037855,1.1190851735015772,1.4481782334384858,0.0674024860694385,0.42456065152164596,0.2685383626232319,0.23949849978568366,0.5316597976770326
369,948.8343653250774,1.5232198142414861,0.0,0.0,8.4171826625387,2071.0038699690404,0.6857585139318886,0.8374613003095975,3.748568111455108,0.07494252873563219,0.42758620689655175,0.3104367816091954,0.1870344827586207,0.5497967479674797
370,944.9010380622838,2.1224913494809687,0.0,0.0,7.696193771626297,2047.3923875432527,1.0519031141868511,1.0705882352941176,6.42761937716263,0.06663069867817642,0.2998831040374067,0.37856307885981477,0.2549231184246021,0.5044016954678839
371,923.4828358208955,2.8835820895522386,0.0,0.0,7.532835820895523,2074.0485074626868,1.4313432835820896,1.4522388059701492,2.055917910447761,0.06370120863879532,0.3825044580939172,0.3277194372894789,0.2260748959778086,0.5036231884057971
372,915.825866441251,1.9061707523245985,0.0,0.0,7.835164835164835,2061.651732882502,0.9230769230769231,0.9830938292476754,4.755984784446323,0.08447513216096666,0.39518826194843026,0.3279749703312116,0.1923616355593915,0.5157427937915743
373,932.1075484301937,2.7247828991315965,0.0,0.0,7.754175016700067,2048.186372745491,1.374749498997996,1.3500334001336005,5.4842284569138275,0.06366299104066162,0.305565127498277,0.3875775327360441,0.24319434872501722,0.4954645746506497
374,919.9534184823441,2.172802404207363,0.0,0.0,7.459053343350864,2070.54169797145,1.0240420736288505,1.1487603305785123,2.241292261457551,0.06708299758259469,0.39715954875100723,0.3174858984689766,0.21827155519742145,0.5286998616874136
375,945.3052805280528,2.155115511551155,0.0,0.0,8.020627062706271,2056.6823432343235,1.0363036303630364,1.118811881188119,6.150684818481849,0.08363337105236086,0.40664540685114703,0.31323937866474644,0.1964818434317457,0.5191424196018377
376,932.1927868852459,1.7337704918032786,0.0,0.0,7.771803278688525,2041.1901639344262,0.8668852459016393,0.8668852459016393,6.807875409836066,0.06758353020587243,0.30610867364157945,0.36078299021262233,0.2655248059399257,0.5
377,920.9472440944882,1.98503937007874,0.0,0.0,7.418897637795276,2062.737007874016,0.9362204724409449,1.0488188976377952,3.4041417322834646,0.06644024623222246,0.40840585862874124,0.2892167268095946,0.23593716832944173,0.5283617612058706
378,931.9756493506494,2.272727272727273,0.0,0.0,8.021103896103897,2074.726461038961,1.094155844155844,1.1785714285714286,3.9284334415584414,0.07923497267759563,0.4262295081967213,0.288200769075086,0.20633475005059704,0.5185714285714286
379,961.6135636596289,1.1004478566858604,0.0,0.0,8.277031349968011,2048.168905950096,0.5668586052463211,0.5335892514395394,4.3165195137555985,0.05580892015150344,0.3343124371956404,0.35703795315760994,0.2528406894952462,0.4848837209302326
380,955.860883797054,2.439443535188216,0.0,0.0,7.468903436988543,2106.635842880524,1.0638297872340425,1.3756137479541735,1.6419721767594109,0.07110770242138709,0.381067163361455,0.3407472334830722,0.2070779007340857,0.5639047299563905
381,949.6949924127466,3.1972685887708647,0.0,0.0,8.120637329286799,2080.7336874051593,1.614567526555387,1.582701062215478,4.860720789074355,0.07409137624964963,0.420910025226572,0.3243950294310007,0.18060356909277772,0.4950166112956811
382,939.3093220338983,2.2012711864406778,0.0,0.0,7.576271186440678,2056.1080508474574,1.1285310734463276,1.0727401129943503,5.641320621468926,0.0662751677852349,0.3055555555555556,0.36903430275913496,0.25913497390007456,0.4873275585498877
383,956.6613798572562,3.7636796193497224,0.0,0.0,7.602696272799365,2108.9444885011894,1.894528152260111,1.8691514670896114,0.44084853291038867,0.06686137477834568,0.3822885156983415,0.35610722853864607,0.19474288098466674,0.49662873999157187
384,953.2558667676003,2.850870552611658,0.0,0.0,8.148372445117335,2056.9371688115066,1.400454201362604,1.4504163512490538,7.062952308856927,0.0758082497212932,0.42567818654775175,0.31447417316982534,0.1840393905611297,0.5087626128518322
385,931.4246112237998,2.1791751183231916,0.0,0.0,7.538201487491548,2071.363759296822,1.1027721433400948,1.0764029749830968,2.929661933739013,0.06251681765180733,0.305498250964212,0.36281280832361645,0.26917212306036414,0.4939497362705554
386,932.7127976190476,3.183779761904762,0.0,0.0,7.301339285714286,2084.25,1.5811011904761905,1.6026785714285714,3.0044791666666666,0.06644247426882706,0.36818506063385303,0.332314276979517,0.2330581881178029,0.5033886422061229
387,930.8440731901352,2.9307875894988067,0.0,0.0,7.992044550517104,2059.2887828162293,1.330151153540175,1.6006364359586316,5.92739061256961,0.08192315349392792,0.42832968345610195,0.28548676089986064,0.2042604021501095,0.5461454940282302
388,950.9648541114059,2.3561007957559683,0.0,0.0,7.6021220159151195,2065.669098143236,1.16710875331565,1.1889920424403182,4.561306366047745,0.06498604326587579,0.33513607815771107,0.32510467550593164,0.27477320307048153,0.5046439628482973
389,966.3587204874334,2.157654226961158,0.0,0.0,8.067783701447068,2106.4744859101293,1.022848438690023,1.1348057882711349,0.12092916984006091,0.05928443311620882,0.4082884924006419,0.32030586236193714,0.21212121212121213,0.5259442287327921
390,938.9551886792453,3.2916666666666665,0.0,0.0,8.053459119496855,2077.240566037736,1.5778301886792452,1.7138364779874213,6.40064465408805,0.0792659117532214,0.3954509957048028,0.3373682155408044,0.1879148770011714,0.5206591831860521
391,935.7029765674478,2.6143128562381253,0.0,0.0,7.557314756174794,2056.6700443318555,1.3850538315389487,1.2292590246991766,5.994388853704876,0.06402413475236739,0.3294226095700997,0.3548981815134501,0.2516550741640828,0.470203488372093
392,942.0642737896494,3.2278797996661104,0.0,0.0,7.494156928213689,2118.2270450751253,1.5158597662771285,1.7120200333889817,1.7066360601001669,0.07295611494764981,0.37469369570060146,0.3382713299175763,0.21407885943417243,0.530385311611068
393,952.1937007874016,4.495275590551181,0.0,0.0,8.039370078740157,2087.7338582677166,2.0559055118110234,2.4393700787401573,4.812881889763779,0.07698334965719883,0.4051909892262488,0.3353574926542605,0.18246816846229186,0.5426519530565773
394,921.0091984231275,1.7562417871222076,0.0,0.0,7.940867279894875,2053.825886990802,0.8994743758212878,0.8567674113009198,6.768140604467806,0.06296541452920734,0.3308787026311435,0.35619725302002314,0.24995862981962602,0.4878413767302656
395,934.3086522462562,3.0349417637271214,0.0,0.0,7.422628951747088,2128.0540765391015,1.4176372712146423,1.617304492512479,0.5907154742096505,0.07330195023537324,0.38567585743106925,0.30038108047522977,0.24064111185832773,0.5328947368421053
396,958.9636228656274,2.8997772828507795,0.0,0.0,7.835931700074239,2069.7334818114327,1.3912397921306607,1.5085374907201188,4.664899777282851,0.07693036475603979,0.3726196115585031,0.3387020369493131,0.211747986736144,0.5202252944188428
397,923.287899860918,2.044506258692629,0.0,0.0,7.725312934631432,2038.690542420028,1.0396383866481225,1.0048678720445063,6.91326842837274,0.07003330632820236,0.34593572778827975,0.3236114861823747,0.2604194797011432,0.4914965986394558
398,929.4654340836013,1.9678456591639872,0.0,0.0,7.406752411575563,2097.4413183279744,0.9718649517684887,0.9959807073954984,2.095072347266881,0.06804862166268721,0.4297807683959193,0.26112437594964183,0.24104623399175168,0.5061274509803921
399,952.7188226181255,2.188226181254841,0.0,0.0,8.467854376452362,2081.44848954299,1.0379550735863672,1.150271107668474,2.462215336948102,0.075192096597146,0.4214233443102817,0.3158616904500549,0.18752286864251738,0.5256637168141592
400,941.7769640479361,2.1531291611185086,0.0,0.0,7.496005326231691,2060.0146471371504,1.0972037283621838,1.055925432756325,5.273229027962716,0.06563637978506084,0.29558575361932676,0.38244959587885247,0.2563282707167599,0.4904143475572047
401,925.950073421439,2.250367107195301,0.0,0.0,7.507342143906021,2096.6798825256974,1.0418502202643172,1.208516886930984,1.1884214390602057,0.06484107579462103,0.3806356968215159,0.3306601466992665,0.22386308068459657,0.5370309951060359
402,912.2201203783319,2.3353396388650043,0.0,0.0,7.911435941530525,2063.8151332760103,1.1289767841788478,1.2063628546861564,6.1336715391229575,0.08651233561569395,0.38658841430279317,0.3349635909140311,0.1919356591674818,0.5165684830633285
403,923.5295288652953,4.316522893165229,0.0,0.0,7.736562707365627,2065.6330457863305,2.0968812209688124,2.2196416721964165,5.107259455872594,0.06552877605283472,0.3008834376876233,0.3893129770992366,0.24427480916030533,0.5142198308993082
404,913.6462373933282,2.34755624515128,0.0,0.0,7.529868114817688,2086.644685802948,1.0193948797517456,1.3281613653995346,2.932529092319627,0.06727797238821348,0.40067999175767566,0.3180506902946631,0.21399134555944777,0.5657633840052875
405,917.862480127186,3.2917329093799683,0.0,0.0,7.889507154213036,2084.4403815580285,1.554054054054054,1.7376788553259142,4.283640699523052,0.07879093198992443,0.40181360201511335,0.3193954659949622,0.2,0.5278918135716011
406,927.6726688102893,2.3852090032154343,0.0,0.0,7.646302250803859,2050.1176848874597,1.1787781350482316,1.2064308681672025,6.059408360128617,0.06627417998317914,0.30218671152228765,0.36215306980656015,0.26938603868797306,0.5057967107036937
407,924.4317637669593,2.6145251396648046,0.0,0.0,7.676775738228252,2076.5937749401437,1.2282521947326417,1.386272944932163,1.6441101356743817,0.06830231832830856,0.3955712652042832,0.2962885954880965,0.23983782097931178,0.5302197802197802
408,930.4098625707356,2.6944219886822958,0.0,0.0,8.014551333872271,2071.485044462409,1.290218270008084,1.4042037186742118,3.432101859337106,0.08079483558603995,0.4197095017147468,0.2896913455719185,0.20980431712729475,0.5211521152115212
409,944.3510436432638,1.4541429475015812,0.0,0.0,8.15180265654649,2060.636938646426,0.7577482605945604,0.6963946869070209,2.0532953826691966,0.05633147113594041,0.32107386716325265,0.3608007448789572,0.26179391682184977,0.47890387124836886
410,929.7102728731942,3.207062600321027,0.0,0.0,7.510433386837882,2070.7022471910113,1.4823434991974318,1.7247191011235956,3.5280497592295346,0.06892498397093395,0.3668518914297927,0.338427014319299,0.22579611027997434,0.5377877877877878
411,938.3267871170464,3.3857030636292222,0.0,0.0,8.314218381775333,2071.3338570306364,1.5734485467399844,1.812254516889238,5.680871956009427,0.07794784580498866,0.40636810279667424,0.3343726379440665,0.1813114134542706,0.5352668213457077
412,928.7392571012382,2.6751638747268753,0.0,0.0,7.731245447924254,2056.1544064093227,1.3437727603787326,1.3313911143481427,6.149745083758194,0.07159679698539802,0.2939236928874235,0.37541215261422517,0.25906735751295334,0.4976858154097468
413,942.0666666666667,2.5912698412698414,0.0,0.0,7.5817460317460315,2078.686507936508,1.3817460317460317,1.2095238095238094,1.915047619047619,0.06762273631320004,0.3742279912069507,0.3607243797759866,0.19742489270386265,0.4667687595712098
414,919.7908045977011,2.354789272030651,0.0,0.0,8.124137931034483,2042.888122605364,1.0873563218390805,1.2674329501915709,7.002099616858238,0.07772118468213544,0.4147330692322203,0.3162610828145633,0.19128466327108093,0.5382362512203059
415,950.4074074074074,2.0936408106219426,0.0,0.0,7.835779175401817,2069.4178895877008,1.0300489168413696,1.063591893780573,3.3748497554157932,0.06608400963167751,0.304646392580041,0.3622580932845804,0.26701150450370104,0.5080106809078772
416,919.3369397217929,3.170015455950541,0.0,0.0,7.2812982998454405,2102.806027820711,1.51854714064915,1.651468315301391,1.846468315301391,0.06718318828274251,0.36977287200169817,0.32392273402674593,0.23912120568881343,0.5209653827401267
417,923.6465043205028,3.7596229379418697,0.0,0.0,7.945011783189317,2068.4163393558524,1.8892380204241948,1.8703849175176748,6.201036920659859,0.07830729681629424,0.42535099861578013,0.2923670160174016,0.20397468855052403,0.497492687003761
418,932.6688963210702,1.8588628762541806,0.0,0.0,7.622073578595318,2060.638795986622,0.9993311036789297,0.8595317725752508,4.3357257525083615,0.0694164107064502,0.32751206669591926,0.3234752084247477,0.27959631417288283,0.4623965455199712
419,952.8835164835165,2.498168498168498,0.0,0.0,7.935531135531136,2095.4483516483515,1.1677655677655678,1.3304029304029303,0.44385347985347984,0.058714918759231904,0.3922636632200886,0.31656203840472674,0.23245937961595273,0.5325513196480939
420,902.3861386138614,2.872048743335872,0.0,0.0,7.900990099009901,2071.4546839299314,1.3884234577303884,1.4836252856054837,6.333678598629095,0.07827260458839407,0.39868903026797764,0.3383458646616541,0.18469250048197416,0.5165738530893662
421,908.7611181702669,2.189961880559085,0.0,0.0,7.533036848792884,2069.8055908513343,1.0927573062261753,1.0972045743329097,3.6064866581956796,0.06418149616260437,0.3247027072615333,0.3560765792358944,0.2550392173399679,0.5010153756890049
422,919.7915632754342,3.5301902398676592,0.0,0.0,7.392886683209264,2112.0289495450784,1.7113316790736146,1.8188585607940446,1.9035401157981804,0.07138062206310136,0.3761467889908257,0.3391138957261132,0.21335869321995973,0.5152296157450796
423,934.4172077922078,3.6282467532467533,0.0,0.0,8.058441558441558,2072.7126623376626,1.6493506493506493,1.978896103896104,4.7315746753246755,0.07856567284448025,0.3981668009669621,0.33259468170829976,0.19067284448025787,0.545413870246085
424,931.4137704918032,1.4367213114754098,0.0,0.0,7.667540983606558,2054.2550819672133,0.740327868852459,0.6963934426229508,4.542104918032787,0.06166082271444454,0.3260925339946977,0.35696570597793553,0.2552809373129223,0.4847101780009128
425,962.5650818394388,2.427903351519875,0.0,0.0,7.184723304754482,2084.498051441933,1.1161340607950117,1.3117692907248637,1.299493374902572,0.06780212627467998,0.3838142764157084,0.29214580169234106,0.25623779561727056,0.5402889245585875
426,939.5307748008689,2.433743664011586,0.0,0.0,7.713251267197683,2052.622737146995,1.1390296886314264,1.2947139753801593,5.432729905865315,0.07604205782951558,0.3746714232069095,0.336180998873451,0.21310552009012393,0.5319845284141624
427,891.8216644649934,1.643989431968296,0.0,0.0,7.3500660501981505,2033.108322324967,0.8368560105680317,0.8071334214002642,6.789749009247028,0.06901509705248023,0.338785046728972,0.3216211358734723,0.27057872034507546,0.4909602249899558
428,927.7505976095617,1.8916334661354581,0.0,0.0,7.349800796812749,2095.8940239043823,0.9290836653386454,0.9625498007968127,0.8127250996015937,0.06472246313963573,0.41803989592367735,0.2588898525585429,0.258347788378144,0.5088458298230834
429,951.1049848942598,2.2182779456193353,0.0,0.0,8.438066465256798,2076.5287009063445,1.0324773413897281,1.1858006042296072,3.2597054380664656,0.07026494808449696,0.4212316505549588,0.31435732187611887,0.19414607948442536,0.5345590738849166
430,941.6989100817439,2.1587193460490464,0.0,0.0,7.712534059945504,2064.950272479564,1.111716621253406,1.0470027247956404,5.608501362397821,0.06871577459812754,0.29703232644409117,0.3772301713478184,0.2570217276099629,0.4850110444935311
431,939.1948717948718,1.978021978021978,0.0,0.0,7.38974358974359,2079.427838827839,0.928937728937729,1.0490842490842491,1.610827838827839,0.06225835233468821,0.3859423019728363,0.32417963715673637,0.22761970853573907,0.5303703703703704
432,937.6626602564103,2.1266025641025643,0.0,0.0,7.449519230769231,2062.4607371794873,1.0384615384615385,1.0881410256410255,4.551666666666667,0.08045606109497687,0.3898031623104227,0.32687963859309455,0.20286113800150588,0.5116804822908817
433,960.0034106412005,4.663710777626194,0.0,0.0,7.743519781718963,2060.6043656207366,2.422919508867667,2.2407912687585267,4.16325375170532,0.06457011980267795,0.3033826638477801,0.3893587033121917,0.24268851303735026,0.4804738920579201
434,928.1476043276662,1.8361669242658423,0.0,0.0,7.552550231839258,2074.727975270479,0.821483771251932,1.0146831530139104,2.7176197836166924,0.06753299907909546,0.4019236672464954,0.30840069579453594,0.22214263787987312,0.5526094276094277
435,948.4270664505673,2.3517017828200975,0.0,0.0,8.06645056726094,2063.54943273906,1.039708265802269,1.3119935170178283,4.291726094003241,0.0802692384970866,0.4046614426361262,0.3092224231464738,0.20584689572031345,0.5578911095796003
436,922.1042071197411,1.5559870550161812,0.0,0.0,7.662783171521036,2034.6478964401294,0.7935275080906149,0.7624595469255664,7.381702265372168,0.06529267674634683,0.30255933778190724,0.3686122138694147,0.26353577160233127,0.49001663893510816
437,934.896794370602,1.6942924159499608,0.0,0.0,7.386239249413604,2067.033620015637,0.7888975762314308,0.9053948397185301,2.1329710711493357,0.06954588758335979,0.40234995236583043,0.2953318513813909,0.23277230866941886,0.5343793262574988
438,917.0598159509202,2.1188650306748467,0.0,0.0,7.808282208588957,2062.8596625766872,0.9846625766871165,1.13420245398773,3.361265337423313,0.07945393832252995,0.42997446474170103,0.2802003535651149,0.2103712433706541,0.5352877307274702
439,948.4509925558312,1.2593052109181142,0.0,0.0,8.01985111662531,2049.024813895782,0.6693548387096774,0.5899503722084367,3.630254342431762,0.0577815594059406,0.31892017326732675,0.361927599009901,0.2613706683168317,0.4684729064039409
440,941.5623471882641,2.139364303178484,0.0,0.0,7.377343113284433,2069.1051344743278,1.058679706601467,1.080684596577017,2.5267400162999185,0.06970835174547062,0.37870083959346,0.3318603623508617,0.2197304463102077,0.5051428571428571
441,922.606015037594,2.376691729323308,0.0,0.0,7.964661654135338,2054.9436090225563,1.0902255639097744,1.2864661654135339,6.053481203007519,0.0767487963749646,0.41253658076087985,0.33069007835362974,0.18002454451052582,0.5412844036697247
442,889.9699090272918,1.4695591322603219,0.0,0.0,7.449965010496851,2049.1294611616513,0.7123862841147656,0.7571728481455563,5.145276417074878,0.0666917151981965,0.30837873379673114,0.36492579372534284,0.26000375727972946,0.5152380952380953
443,926.0187940485513,2.669537979639781,0.0,0.0,7.5747846515270165,2082.7486296006264,1.273296789350039,1.3962411902897416,1.5599843382928738,0.06823115889589579,0.3780626486095317,0.3558358316964747,0.1978703607980978,0.523027280727486
444,927.7266462480858,2.8269525267993876,0.0,0.0,8.258039816232772,2052.389739663093,1.3606431852986218,1.4663093415007658,5.187212863705972,0.07417709782104775,0.4169680111265647,0.3165507649513213,0.1923041261010663,0.5186890574214518
445,946.8681169272604,1.4541128484024473,0.0,0.0,7.745071380013596,2057.755948334466,0.7491502379333786,0.7049626104690686,3.8744459551325625,0.06416220486263495,0.3198455191784429,0.34468533309927146,0.2713069428596507,0.4848059841047218
446,929.7450682852807,1.7572078907435509,0.0,0.0,7.392261001517451,2067.1965098634296,0.7503793626707133,1.0068285280728377,2.7044006069802733,0.06568818639022889,0.3705224263573848,0.3271066406650929,0.23668274658729344,0.5729706390328152
447,915.6527886881382,2.12254516889238,0.0,0.0,7.912018853102906,2033.0102120974077,1.01413982717989,1.1084053417124902,6.726174391201885,0.08359809372517871,0.42096902303415407,0.2871326449563145,0.20830023828435265,0.5222057735011103
448,937.6615589606929,1.748167888074617,0.0,0.0,7.664890073284477,2049.0652898067956,0.8947368421052632,0.8534310459693538,4.93707528314457,0.06562364189482833,0.33342025206431986,0.32229465449804434,0.27866145154280747,0.4881859756097561
449,961.1377513030528,1.287416232315711,0.0,0.0,7.98957557706627,2075.3030528667164,0.5822784810126582,0.7051377513030529,0.13405807892777363,0.06095060577819199,0.40009319664492077,0.3156570363466915,0.22329916123019572,0.5477154424522845
450,931.3184568835098,2.064296520423601,0.0,0.0,7.8880484114977305,2046.717851739788,0.9077155824508321,1.1565809379727685,4.893313161875946,0.07633294975067127,0.3998849252013809,0.33438818565400846,0.1893939393939394,0.5602784902894833
451,929.9354636591479,2.1353383458646618,0.0,0.0,7.592105263157895,2040.9805764411028,1.1015037593984962,1.0338345864661653,5.5236403508771925,0.06379466864735496,0.3246678220681687,0.358917223735248,0.25262028554922833,0.4841549295774648
452,936.0982428115016,2.029552715654952,0.0,0.0,7.298722044728435,2083.9992012779553,0.9736421725239617,1.0559105431309903,2.0626198083067093,0.07003720726636026,0.37666885532939376,0.3380389581965419,0.2152549792077041,0.5202676111767021
453,970.7106314948041,2.0015987210231816,0.0,0.0,8.106314948041566,2065.1047162270183,0.95603517186251,1.0455635491606714,3.57343725019984,0.07760575880090721,0.4083423725470861,0.33172270979193375,0.18232915886007298,0.5223642172523961
454,939.7569775357385,1.3458134785568414,0.0,0.0,8.147719537100068,2034.8420694349898,0.6657590197413207,0.6800544588155207,7.308958475153166,0.06149218815272788,0.333946027237029,0.35608655693875846,0.24847522767148467,0.5053110773899848
455,945.9551671732523,2.087386018237082,0.0,0.0,7.322188449848024,2078.502279635258,1.0319148936170213,1.0554711246200608,0.9934802431610943,0.06662515566625156,0.3804483188044832,0.2982565379825654,0.2546699875466999,0.5056425191117583
456,934.527108433735,2.256777108433735,0.0,0.0,7.883283132530121,2041.746234939759,1.1212349397590362,1.1355421686746987,5.772650602409638,0.07718024644187602,0.380743146432324,0.33212341197822143,0.20995319514757857,0.5031698365031698
457,924.3378016085791,0.8659517426273459,0.0,0.0,7.434316353887399,2032.42091152815,0.4544235924932976,0.41152815013404825,5.509403485254692,0.06788676523620628,0.3448431301839163,0.32167327803822576,0.2655968265416516,0.47523219814241485
458,957.8982912937347,2.2595606183889343,0.0,0.0,7.445077298616762,2089.6615134255494,0.9869812855980472,1.272579332790887,0.7375264442636289,0.07016393442622951,0.42513661202185793,0.2639344262295082,0.24076502732240437,0.5631976953546993
459,974.960092095165,1.7636224098234843,0.0,0.0,8.313891020721412,2059.081350729087,0.7989255564082886,0.9646968534151957,2.8560782808902534,0.0735714945075233,0.4236130342472076,0.31127111603433955,0.19154435521092958,0.5469973890339426
460,947.7170462387853,1.9468599033816425,0.0,0.0,7.682539682539683,2038.7308488612837,0.9489302967563837,0.9979296066252588,6.879144237405106,0.06629536471433704,0.29437657204455625,0.3774703557312253,0.2618577075098814,0.5125841900035448
461,927.1642547033285,1.5976845151953691,0.0,0.0,7.451519536903039,2062.025325615051,0.7879884225759769,0.8096960926193922,2.5679956584659913,0.0628277335404933,0.3760924451349777,0.3325888522043115,0.22849096912021752,0.5067934782608695
462,920.2514767932489,1.7645569620253165,0.0,0.0,7.816033755274262,2041.6886075949367,0.8827004219409282,0.8818565400843882,5.118345991561181,0.08356726408982941,0.40477218743251997,0.32465990066940187,0.18700064780824877,0.4997608799617408
463,953.9312416555407,1.732977303070761,0.0,0.0,7.866488651535381,2047.3057409879839,0.8057409879839786,0.9272363150867824,5.474599465954607,0.0674643584521385,0.30991174473862865,0.3811099796334012,0.24151391717583165,0.5350539291217258
464,952.0144230769231,1.6001602564102564,0.0,0.0,7.794871794871795,2073.8669871794873,0.7660256410256411,0.8341346153846154,1.8721073717948717,0.06568667763157894,0.40604440789473684,0.30972450657894735,0.21854440789473684,0.5212819228843265
465,927.1103896103896,2.4650974025974026,0.0,0.0,8.153409090909092,2073.7751623376626,1.1103896103896105,1.3547077922077921,3.536801948051948,0.07804878048780488,0.41602787456445994,0.31239422598307615,0.19352911896465905,0.5495554823839315
466,927.7249674902471,1.459037711313394,0.0,0.0,7.6879063719115734,2021.9765929778935,0.7197659297789337,0.7392717815344604,7.642503250975293,0.06486806495263871,0.3021820027063599,0.36383626522327467,0.26911366711772666,0.5066844919786097
467,894.0706742485784,1.5182778229082048,0.0,0.0,7.6360682372055235,2066.4118602761982,0.7238017871649066,0.7944760357432982,2.4728350934199836,0.06978723404255319,0.4073404255319149,0.29138297872340424,0.23148936170212767,0.5232744783306581
468,916.7532786885246,1.8934426229508197,0.0,0.0,8.052459016393442,2057.659836065574,0.8680327868852459,1.0254098360655737,4.577270491803279,0.07909201954397393,0.43047638436482083,0.285321661237785,0.2051099348534202,0.5415584415584416
469,933.4412678682412,0.8763206960845246,0.0,0.0,8.069608452454942,2050.4375388440026,0.46550652579241764,0.4108141702921069,3.1138036047234303,0.05861059765865681,0.3213955637707948,0.3645255699322243,0.2554682686383241,0.46879432624113476
470,938.4585679806919,1.7320997586484312,0.0,0.0,7.489139179404666,2074.1448109412713,0.7731295253419147,0.9589702333065165,2.0563073209975866,0.06971747770974326,0.37888065313137825,0.3341927167257493,0.21720915243312924,0.5536460752438458
471,934.7640449438202,2.8749063670411985,0.0,0.0,8.171535580524344,2067.3850187265916,1.341573033707865,1.5333333333333334,4.569318352059925,0.07370061417178476,0.4191034925291044,0.3249610413420112,0.18223485195709965,0.5333507034914018
472,903.8138373751783,1.2917261055634808,0.0,0.0,7.756776034236805,2041.5242510699002,0.7075606276747504,0.5841654778887304,5.174743223965763,0.0688735632183908,0.311816091954023,0.3629425287356322,0.256367816091954,0.45223633351739373
473,953.8329197684036,2.6691480562448304,0.0,0.0,7.818858560794045,2091.799834574028,1.2109181141439207,1.45822994210091,1.4040860215053763,0.06918438590923516,0.3797736168412144,0.35946260446419126,0.19157939278535915,0.5463278586922838
474,929.9541213063764,2.501555209953344,0.0,0.0,8.26827371695179,2052.2900466562987,1.1796267496111976,1.3219284603421462,5.93146967340591,0.07401485939998119,0.4209536349101853,0.3120473996050033,0.19298410608483024,0.5284426484302145
475,914.552380952381,2.163265306122449,0.0,0.0,7.682993197278911,2058.0156462585032,1.0755102040816327,1.0877551020408163,4.7058231292517005,0.06251106782362316,0.3117584558172481,0.3563839206658403,0.26934655569328847,0.5028301886792453
476,931.3572485207101,2.203402366863905,0.0,0.0,7.164201183431953,2065.852071005917,1.0170118343195267,1.1863905325443787,3.307721893491124,0.06752013214949412,0.3678505058847822,0.33150939500309723,0.23311996696262646,0.5384357166834508
477,911.7482732156561,1.9094397544128934,0.0,0.0,7.823484267075979,2037.9808135072908,0.8910207214121258,1.0184190330007674,6.179232540291634,0.0788699234844026,0.42623111634294686,0.2868353933686482,0.20806356680400234,0.5333601286173634
478,949.5708502024291,1.7375168690958165,0.0,0.0,7.603238866396761,2055.7408906882592,0.8623481781376519,0.8751686909581646,4.248029689608637,0.06727014554490593,0.3283635072772453,0.3254348597799077,0.27893148739794105,0.5036893203883495
479,929.0246376811594,1.7681159420289856,0.0,0.0,7.822463768115942,2070.516666666667,0.8115942028985508,0.9565217391304348,0.9505724637681159,0.05826771653543307,0.39323761000463175,0.3144974525243168,0.23399722093561834,0.5409836065573771
480,935.3057982525814,3.1509134233518665,0.0,0.0,8.08419380460683,2056.6393963463065,1.4416203335980937,1.7092930897537728,6.0304447974583,0.07693063470229908,0.3934957752014148,0.3401454116722342,0.18942817842405188,0.5424754222334257
481,932.2608695652174,1.9891304347826086,0.0,0.0,7.617647058823529,2045.4296675191815,0.9750639386189258,1.014066496163683,5.090946291560102,0.06496558670471714,0.3247439986570421,0.3570589222763136,0.25323149236192716,0.5098039215686274
482,942.3755980861245,2.307017543859649,0.0,0.0,7.246411483253588,2074.750398724083,0.981658692185008,1.325358851674641,1.642360446570973,0.07175085286673269,0.36711786068009244,0.3403763618355893,0.22075492461758556,0.5744901486346353
483,948.2025620496397,2.6525220176140913,0.0,0.0,8.138510808646917,2062.097678142514,1.2033626901521217,1.4491593274619696,3.276196957566053,0.07840629611411706,0.39468765371372355,0.3354648303000492,0.19144121987211019,0.5463326290371264
484,929.8087134104833,1.7113682777399593,0.0,0.0,7.953029271613342,2041.2579986385297,0.8284547311095983,0.8829135466303608,6.363689584751532,0.06214157322605495,0.33416074638363436,0.3511940426260378,0.25250363776427287,0.5159108989657916
485,958.6014095536414,2.8010963194988254,0.0,0.0,7.317149569303054,2096.5865309318715,1.2764291307752544,1.5246671887235708,0.2852936570086139,0.06763698630136987,0.3848458904109589,0.2975171232876712,0.25,0.5443108750349455
486,942.3242042931162,2.393042190969652,0.0,0.0,7.786824574389342,2042.0947446336047,1.1110288675055515,1.2820133234641007,4.9708734270910435,0.07747148288973384,0.37671102661596956,0.33783269961977186,0.2079847908745247,0.5357253325085061
487,921.8021390374331,1.3188502673796791,0.0,0.0,7.523395721925134,2023.6804812834225,0.6918449197860963,0.6270053475935828,6.937479946524063,0.07081297201243891,0.34055975122167925,0.319768991559307,0.26885828520657484,0.4754181449569184
488,938.5719968178203,2.07557677008751,0.0,0.0,7.465393794749403,2080.830548926014,0.9681782020684169,1.107398568019093,1.4688703261734286,0.06788150042625746,0.4164535379369139,0.27014066496163686,0.24552429667519182,0.5335377539287083
489,948.4489023467071,2.1362604087812262,0.0,0.0,8.364875094625283,2055.184708554126,1.0143830431491294,1.1218773656320968,2.9466540499621496,0.07266968325791855,0.4250678733031674,0.31031674208144794,0.19194570135746605,0.5251594613749114
490,939.32,2.393793103448276,0.0,0.0,7.722758620689655,2040.5344827586207,1.1986206896551723,1.1951724137931035,6.929489655172414,0.06483300589390963,0.29282014645472404,0.3790855509912484,0.2632612966601179,0.4992797464707577
491,942.1817496229261,2.5414781297134237,0.0,0.0,7.506787330316742,2062.8604826546,1.1719457013574661,1.3695324283559578,2.1834917043740574,0.06339160136628491,0.3881856540084388,0.3294153104279687,0.21900743419730762,0.5388724035608309
492,944.9604709840202,2.616484440706476,0.0,0.0,7.883936080740118,2050.301093355761,1.238856181665265,1.377628259041211,5.686139613120269,0.08875613398762534,0.3948154469810113,0.3256880733944954,0.19074034563686793,0.5265188042430087
493,939.523616734143,2.2685560053981106,0.0,0.0,7.730094466936572,2049.8468286099865,1.1309041835357625,1.1376518218623481,5.426815114709852,0.06581703910614525,0.30254888268156427,0.38957751396648044,0.24205656424581007,0.5014872099940512
494,940.5337470907681,2.385570209464701,0.0,0.0,7.574864235841738,2080.023273855702,1.0682699767261443,1.317300232738557,2.179573312645462,0.06626382630069644,0.41130684145841867,0.30110610405571486,0.22132322818517,0.5521951219512196
495,941.9899923017706,2.953810623556582,0.0,0.0,7.996150885296382,2071.5758275596613,1.3833718244803694,1.5704387990762125,3.1397921478060047,0.07788581881197651,0.40271493212669685,0.3174160007701935,0.20198324829113315,0.5316653635652854
496,938.9626582278481,2.0968354430379748,0.0,0.0,7.689240506329114,2036.7069620253164,0.970253164556962,1.1265822784810127,6.699113924050633,0.06667215408675611,0.3044695036628529,0.3638159519302,0.26504239032019095,0.5372773920917597
497,938.232428115016,1.829073482428115,0.0,0.0,7.619808306709265,2076.7124600638977,0.8650159744408946,0.9640575079872205,2.158506389776358,0.06761006289308176,0.4073375262054507,0.28752620545073376,0.23752620545073375,0.5270742358078603
498,931.9515873015873,2.13015873015873,0.0,0.0,8.088888888888889,2063.873015873016,1.0325396825396826,1.0976190476190477,3.8004761904761906,0.07947409733124018,0.4310243328100471,0.28404631083202514,0.2054552590266876,0.5152757078986587
499,958.9674796747968,1.0444027517198249,0.0,0.0,8.114446529080675,2049.7942464040025,0.5628517823639775,0.4815509693558474,3.650731707317073,0.05410404624277457,0.31868978805394993,0.3686319845857418,0.2585741811175337,0.46107784431137727
500,954.7088607594936,2.473101265822785,0.0,0.0,7.421677215189874,2090.4256329113923,1.1598101265822784,1.3132911392405062,2.2600237341772154,0.07110116192303592,0.37927726255196675,0.328856198699499,0.22076537682549835,0.5310300703774792
