generation,cells_visited,cave_entries,predator_touches,drained_ticks,food_total,lifetime,cave_entries_day,cave_entries_night,energy_at_death,food_default_frac,food_low_frac,food_medium_frac,food_prestige_frac,night_share
1,416.8059701492537,0.022388059701492536,10.082089552238806,16.634328358208954,6.052238805970149,1444.55223880597,0.007462686567164179,0.014925373134328358,-1.9432089552238805,0.2601726263871763,0.686806411837238,0.0468557336621455,0.006165228113440197,0.6666666666666666
2,451.00787401574803,0.08661417322834646,8.354330708661417,13.543307086614174,5.7795275590551185,1485.8110236220473,0.06299212598425197,0.023622047244094488,-1.8769291338582677,0.2220708446866485,0.7057220708446866,0.05722070844686648,0.014986376021798364,0.2727272727272727
3,409.7906976744186,0.09302325581395349,10.635658914728682,16.96124031007752,5.875968992248062,1369.6434108527133,0.06201550387596899,0.031007751937984496,-2.023953488372093,0.2519788918205805,0.7018469656992085,0.029023746701846966,0.017150395778364115,0.3333333333333333
4,454.7027027027027,0.12837837837837837,9.31081081081081,15.195945945945946,6.445945945945946,1480.4932432432433,0.05405405405405406,0.07432432432432433,-1.9912837837837836,0.240041928721174,0.6205450733752621,0.12473794549266247,0.014675052410901468,0.5789473684210527
5,458.46666666666664,0.08888888888888889,9.022222222222222,14.503703703703703,5.511111111111111,1446.3111111111111,0.05925925925925926,0.02962962962962963,-1.9152592592592592,0.1935483870967742,0.706989247311828,0.0913978494623656,0.008064516129032258,0.3333333333333333
6,446.8688524590164,0.01639344262295082,9.87704918032787,15.680327868852459,4.311475409836065,1423.0245901639344,0.0,0.01639344262295082,-2.1735245901639346,0.34790874524714827,0.44106463878326996,0.188212927756654,0.022813688212927757,1.0
7,478.12179487179486,0.08974358974358974,9.884615384615385,16.935897435897434,7.0256410256410255,1425.7435897435898,0.07051282051282051,0.019230769230769232,-2.0803846153846157,0.17883211678832117,0.6450729927007299,0.14872262773722628,0.02737226277372263,0.21428571428571427
8,459.592,0.16,9.888,15.784,4.808,1401.944,0.128,0.032,-2.14608,0.20632279534109818,0.6505823627287853,0.14309484193011648,0.0,0.2
9,483.24264705882354,0.16176470588235295,9.617647058823529,14.992647058823529,5.117647058823529,1448.264705882353,0.10294117647058823,0.058823529411764705,-1.9177941176470588,0.2413793103448276,0.6278735632183908,0.10775862068965517,0.022988505747126436,0.36363636363636365
10,510.96984924623115,0.4824120603015075,10.120603015075377,16.613065326633166,6.42713567839196,1428.140703517588,0.21608040201005024,0.2663316582914573,-1.918894472361809,0.1673182173573104,0.5003909304143862,0.2658326817826427,0.06645817044566067,0.5520833333333334
11,554.8723404255319,0.5815602836879432,7.390070921985815,11.432624113475176,4.74468085106383,1563.9716312056737,0.2978723404255319,0.28368794326241137,-1.7811347517730498,0.20328849028400597,0.6322869955156951,0.12406576980568013,0.04035874439461883,0.4878048780487805
12,493.83098591549293,0.4295774647887324,10.633802816901408,16.788732394366196,5.676056338028169,1377.5422535211267,0.22535211267605634,0.20422535211267606,-1.9088732394366197,0.24069478908188585,0.5310173697270472,0.19478908188585609,0.033498759305210915,0.47540983606557374
13,566.8892733564014,0.5778546712802768,9.0,14.529411764705882,7.076124567474048,1505.3010380622836,0.3044982698961938,0.27335640138408307,-1.8051557093425608,0.1374083129584352,0.4982885085574572,0.23374083129584353,0.13056234718826407,0.47305389221556887
14,503.7,0.47333333333333333,10.646666666666667,17.453333333333333,5.053333333333334,1339.5066666666667,0.18666666666666668,0.2866666666666667,-2.1292,0.14775725593667546,0.5870712401055409,0.24538258575197888,0.01978891820580475,0.6056338028169014
15,520.7703703703704,0.18518518518518517,10.414814814814815,17.25925925925926,5.177777777777778,1343.7407407407406,0.1111111111111111,0.07407407407407407,-2.031925925925926,0.17024320457796852,0.6022889842632332,0.17739628040057226,0.05007153075822604,0.4
16,522.9158878504672,0.03271028037383177,11.07943925233645,19.014018691588785,6.0233644859813085,1337.3831775700935,0.014018691588785047,0.018691588785046728,-2.102710280373832,0.15671062839410396,0.45771916214119474,0.287044220325834,0.09852598913886734,0.5714285714285714
17,596.4457142857143,0.44571428571428573,7.92,13.468571428571428,5.502857142857143,1499.8971428571429,0.15428571428571428,0.2914285714285714,-1.7419428571428572,0.12045690550363447,0.5919003115264797,0.205607476635514,0.08203530633437175,0.6538461538461539
18,554.9354838709677,0.16129032258064516,10.006451612903225,16.916129032258066,5.04516129032258,1363.3419354838709,0.05161290322580645,0.10967741935483871,-2.2694193548387096,0.22250639386189258,0.5,0.19437340153452684,0.08312020460358056,0.68
19,590.8975409836065,0.18442622950819673,9.594262295081966,16.348360655737704,6.516393442622951,1443.2909836065573,0.07377049180327869,0.11065573770491803,-1.9432786885245903,0.11572327044025157,0.5283018867924528,0.23459119496855346,0.12138364779874214,0.6
20,570.2717948717949,0.35384615384615387,9.953846153846154,16.29230769230769,5.4,1393.3589743589744,0.1641025641025641,0.18974358974358974,-1.8862564102564103,0.1120607787274454,0.5868945868945868,0.20322886989553657,0.09781576448243115,0.5362318840579711
21,535.4015748031496,0.5511811023622047,10.598425196850394,17.929133858267715,3.9921259842519685,1302.5039370078741,0.3464566929133858,0.2047244094488189,-2.0175590551181104,0.2504930966469428,0.5660749506903353,0.1222879684418146,0.0611439842209073,0.37142857142857144
22,574.5261437908497,0.3366013071895425,10.49673202614379,17.96078431372549,6.117647058823529,1350.421568627451,0.20261437908496732,0.13398692810457516,-1.905751633986928,0.125,0.4011752136752137,0.30502136752136755,0.16880341880341881,0.39805825242718446
23,561.3386243386243,0.5132275132275133,10.285714285714286,18.095238095238095,5.920634920634921,1299.7248677248676,0.2275132275132275,0.2857142857142857,-1.878095238095238,0.09294012511170688,0.6327077747989276,0.225201072386059,0.049151027703306524,0.5567010309278351
24,573.158273381295,0.4892086330935252,9.532374100719425,17.654676258992804,4.294964028776978,1331.431654676259,0.30935251798561153,0.17985611510791366,-2.182589928057554,0.18760469011725292,0.5544388609715243,0.20770519262981574,0.05025125628140704,0.36764705882352944
25,562.8947368421053,0.23684210526315788,10.074561403508772,16.87719298245614,6.0394736842105265,1397.390350877193,0.11842105263157894,0.11842105263157894,-1.8424999999999998,0.13870733478576616,0.4807552650689906,0.2962962962962963,0.08424110384894698,0.5
26,584.3511904761905,0.03571428571428571,8.071428571428571,13.821428571428571,5.238095238095238,1472.2738095238096,0.03571428571428571,0.0,-1.7763690476190477,0.1215909090909091,0.5579545454545455,0.23863636363636365,0.08181818181818182,0.0
27,561.8527607361963,0.22085889570552147,10.595092024539877,18.134969325153374,5.110429447852761,1308.0245398773006,0.12883435582822086,0.09202453987730061,-1.9545398773006137,0.16926770708283315,0.5762304921968787,0.15846338535414164,0.09603841536614646,0.4166666666666667
28,554.6495726495726,0.23504273504273504,11.072649572649572,19.21794871794872,5.482905982905983,1310.8076923076924,0.1111111111111111,0.12393162393162394,-2.02982905982906,0.15744349181605613,0.3897116134060795,0.3133281371784879,0.13951675759937646,0.5272727272727272
29,595.6421052631579,0.24210526315789474,8.878947368421052,15.342105263157896,5.994736842105263,1424.5210526315789,0.06842105263157895,0.1736842105263158,-1.8940000000000001,0.10008779631255488,0.6180860403863038,0.20632133450395082,0.07550482879719052,0.717391304347826
30,565.953216374269,0.3333333333333333,9.853801169590643,17.660818713450293,5.380116959064328,1336.830409356725,0.15204678362573099,0.18128654970760233,-2.1669005847953215,0.15869565217391304,0.6,0.1782608695652174,0.06304347826086956,0.543859649122807
31,574.7699530516431,0.6713615023474179,10.384976525821596,19.380281690140844,5.140845070422535,1295.7042253521126,0.4225352112676056,0.24882629107981222,-2.328356807511737,0.14246575342465753,0.5013698630136987,0.2146118721461187,0.1415525114155251,0.3706293706293706
32,564.1837837837838,0.5621621621621622,10.54054054054054,19.254054054054055,5.605405405405405,1274.6864864864865,0.24864864864864866,0.31351351351351353,-2.154054054054054,0.09643201542912247,0.5274831243972999,0.29315332690453233,0.08293153326904533,0.5576923076923077
33,538.4585987261147,0.5095541401273885,10.968152866242038,20.777070063694268,6.292993630573249,1199.4203821656051,0.20382165605095542,0.3057324840764331,-2.2554140127388536,0.1417004048582996,0.7054655870445344,0.1194331983805668,0.03340080971659919,0.6
34,559.4655172413793,0.2974137931034483,10.422413793103448,19.698275862068964,5.788793103448276,1274.021551724138,0.15517241379310345,0.14224137931034483,-2.021853448275862,0.10647803425167536,0.4564408041697692,0.31943410275502604,0.11764705882352941,0.4782608695652174
35,569.8854166666666,0.2552083333333333,9.328125,17.979166666666668,5.822916666666667,1321.328125,0.11979166666666667,0.13541666666666666,-2.0545833333333334,0.09123434704830054,0.5679785330948122,0.24597495527728086,0.09481216457960644,0.5306122448979592
36,545.1656441717791,0.06748466257668712,11.141104294478527,21.23926380368098,4.754601226993865,1186.2147239263804,0.006134969325153374,0.06134969325153374,-2.2468711656441718,0.1625806451612903,0.5432258064516129,0.23096774193548386,0.06322580645161291,0.9090909090909091
37,590.9233576642335,0.3357664233576642,10.463503649635037,19.22992700729927,5.974452554744525,1297.197080291971,0.16058394160583941,0.17518248175182483,-1.9049270072992703,0.12522907758094073,0.43005497861942577,0.2797800855222969,0.1649358582773366,0.5217391304347826
38,600.0891089108911,0.28217821782178215,9.356435643564357,17.356435643564357,5.366336633663367,1348.2673267326732,0.09405940594059406,0.18811881188118812,-1.7519306930693068,0.10239852398523985,0.48523985239852396,0.26014760147601473,0.1522140221402214,0.6666666666666666
39,593.6204819277109,0.13253012048192772,10.114457831325302,18.951807228915662,5.783132530120482,1268.6746987951808,0.04819277108433735,0.08433734939759036,-1.887831325301205,0.16875,0.6666666666666666,0.12291666666666666,0.041666666666666664,0.6363636363636364
40,579.8484848484849,0.4053030303030303,9.787878787878787,19.125,5.920454545454546,1295.5378787878788,0.19696969696969696,0.20833333333333334,-1.8938636363636365,0.09724888035828536,0.46257197696737046,0.2885476647472809,0.15163147792706333,0.514018691588785
41,597.9840425531914,0.8297872340425532,10.27659574468085,20.579787234042552,4.840425531914893,1223.9840425531916,0.46808510638297873,0.3617021276595745,-2.0106914893617023,0.1087912087912088,0.5406593406593406,0.2230769230769231,0.12747252747252746,0.4358974358974359
42,523.535294117647,0.5176470588235295,11.229411764705882,23.03529411764706,5.411764705882353,1118.2235294117647,0.24705882352941178,0.27058823529411763,-2.402058823529412,0.125,0.5815217391304348,0.23152173913043478,0.06195652173913044,0.5227272727272727
43,536.2262443438914,0.3755656108597285,11.633484162895927,23.307692307692307,6.031674208144796,1129.3529411764705,0.12669683257918551,0.248868778280543,-2.0371945701357466,0.09602400600150038,0.5783945986496624,0.21380345086271568,0.11177794448612154,0.6626506024096386
44,563.7695852534562,0.2534562211981567,8.834101382488479,18.391705069124423,5.15668202764977,1311.4239631336407,0.10599078341013825,0.14746543778801843,-1.827188940092166,0.08936550491510277,0.47631814119749777,0.3342269883824844,0.10008936550491511,0.5818181818181818
45,543.8756218905472,0.19402985074626866,9.82587064676617,19.65174129353234,5.666666666666667,1245.6965174129352,0.11442786069651742,0.07960199004975124,-2.0429850746268654,0.11940298507462686,0.591747146619842,0.2212467076382792,0.06760316066725197,0.41025641025641024
46,569.3630136986301,0.08904109589041095,9.424657534246576,19.095890410958905,5.465753424657534,1284.13698630137,0.0273972602739726,0.06164383561643835,-2.0657534246575344,0.14411027568922305,0.3815789473684211,0.27130325814536344,0.20300751879699247,0.6923076923076923
47,540.6478873239437,0.15023474178403756,9.291079812206572,21.769953051643192,5.103286384976526,1151.7230046948357,0.07981220657276995,0.07042253521126761,-2.1452582159624414,0.09751609935602576,0.546458141674333,0.19779208831646733,0.15823367065317387,0.46875
48,532.0377358490566,0.3270440251572327,11.723270440251572,23.446540880503143,5.163522012578617,1066.993710691824,0.13836477987421383,0.18867924528301888,-2.338238993710692,0.14859926918392205,0.5724725943970768,0.2192448233861145,0.05968331303288672,0.5769230769230769
49,545.5974025974026,0.27705627705627706,9.077922077922079,18.575757575757574,5.597402597402597,1321.3376623376623,0.1471861471861472,0.12987012987012986,-2.024502164502165,0.10363495746326373,0.5336426914153132,0.242846094354215,0.11987625676720805,0.46875
50,508.63453815261045,0.30120481927710846,10.670682730923694,22.02008032128514,5.337349397590361,1145.7630522088352,0.17269076305220885,0.1285140562248996,-1.9834939759036143,0.0835214446952596,0.5477802859292701,0.22949586155003762,0.13920240782543267,0.4266666666666667
51,532.52,1.0066666666666666,9.933333333333334,21.02,5.2,1149.1666666666667,0.56,0.44666666666666666,-2.1585333333333336,0.1564102564102564,0.6358974358974359,0.16153846153846155,0.046153846153846156,0.44370860927152317
52,553.1368421052632,0.25263157894736843,10.845614035087719,21.67017543859649,5.887719298245614,1168.4035087719299,0.08070175438596491,0.17192982456140352,-2.0048421052631578,0.1263408820023838,0.4582836710369487,0.25744934445768775,0.15792610250297973,0.6805555555555556
53,563.2033898305085,0.5720338983050848,9.529661016949152,20.652542372881356,5.822033898305085,1175.5169491525423,0.3559322033898305,0.21610169491525424,-2.141228813559322,0.0851528384279476,0.5946142649199417,0.20451237263464336,0.11572052401746726,0.37777777777777777
54,554.6470588235294,0.3176470588235294,9.341176470588236,19.08823529411765,5.482352941176471,1253.2941176470588,0.14705882352941177,0.17058823529411765,-1.9432352941176472,0.12339055793991416,0.528969957081545,0.30472103004291845,0.04291845493562232,0.5370370370370371
55,548.3737373737374,0.5252525252525253,10.353535353535353,22.242424242424242,6.205387205387205,1164.3131313131314,0.3333333333333333,0.1919191919191919,-1.912154882154882,0.1134020618556701,0.48290830168204013,0.26804123711340205,0.13564839934888767,0.36538461538461536
56,577.18359375,0.0390625,9.01171875,19.82421875,5.52734375,1232.0859375,0.0234375,0.015625,-2.1398828125000002,0.08409893992932863,0.47491166077738517,0.29752650176678447,0.14346289752650176,0.4
57,534.6197183098592,0.323943661971831,11.96244131455399,24.934272300469484,5.92018779342723,1017.6713615023474,0.19248826291079812,0.13145539906103287,-2.353286384976526,0.1387787470261697,0.5376685170499603,0.23632038065027755,0.08723235527359238,0.4057971014492754
58,576.1193548387097,0.4967741935483871,11.241935483870968,23.13225806451613,5.996774193548387,1129.1129032258063,0.25806451612903225,0.23870967741935484,-1.9894193548387098,0.12264658418504572,0.4249596557288865,0.2614308768154922,0.1909628832705756,0.4805194805194805
59,589.8325991189428,0.1894273127753304,10.268722466960352,20.96035242290749,6.255506607929515,1185.8061674008811,0.09691629955947137,0.09251101321585903,-2.054713656387665,0.07605633802816901,0.5936619718309859,0.2380281690140845,0.09225352112676057,0.4883720930232558
60,585.9782608695652,0.5217391304347826,10.081521739130435,21.222826086956523,6.157608695652174,1166.7880434782608,0.34782608695652173,0.17391304347826086,-2.1884782608695654,0.11650485436893204,0.6160635481023831,0.19064430714916153,0.07678729037952339,0.3333333333333333
61,558.3534136546185,0.6224899598393574,11.23293172690763,23.78714859437751,5.738955823293173,1099.859437751004,0.3172690763052209,0.30522088353413657,-2.137751004016064,0.11896431070678797,0.47725682295311406,0.2491252624212736,0.15465360391882435,0.49032258064516127
62,589.6363636363636,0.4618181818181818,10.116363636363637,21.214545454545455,5.709090909090909,1186.1963636363637,0.3054545454545455,0.15636363636363637,-2.1554545454545453,0.07961783439490445,0.4853503184713376,0.27579617834394904,0.1592356687898089,0.33858267716535434
63,562.223880597015,0.7711442786069652,10.64179104477612,21.36318407960199,6.875621890547263,1188.6517412935323,0.3681592039800995,0.40298507462686567,-2.113134328358209,0.12735166425470332,0.6606367583212736,0.15267727930535455,0.059334298118668596,0.5225806451612903
64,588.0693430656934,0.3102189781021898,9.397810218978103,19.2992700729927,5.886861313868613,1278.087591240876,0.14233576642335766,0.1678832116788321,-2.0983211678832117,0.09671419714817112,0.42715437073775575,0.33477991320520767,0.14135151890886546,0.5411764705882353
65,582.7854251012146,0.3157894736842105,10.291497975708502,21.927125506072876,5.720647773279352,1181.3441295546559,0.20242914979757085,0.11336032388663968,-2.046275303643725,0.07572540693559802,0.5385704175513093,0.2632696390658174,0.1224345364472753,0.358974358974359
66,549.2474226804123,0.19072164948453607,11.871134020618557,24.824742268041238,6.010309278350515,1018.1134020618557,0.1134020618556701,0.07731958762886598,-2.276237113402062,0.120926243567753,0.5883361921097771,0.2032590051457976,0.08747855917667238,0.40540540540540543
67,601.109131403118,0.45657015590200445,11.122494432071269,22.391982182628063,5.848552338530067,1149.576837416481,0.22939866369710468,0.22717149220489977,-2.0,0.11424219345011424,0.4127951256664128,0.2738004569687738,0.19916222391469915,0.4975609756097561
68,589.1971326164875,0.5304659498207885,9.652329749103943,20.21505376344086,5.49820788530466,1222.4121863799282,0.27956989247311825,0.25089605734767023,-1.9640143369175629,0.10039113428943937,0.46870925684485004,0.25097783572359844,0.17992177314211213,0.47297297297297297
69,565.8697674418605,0.24186046511627907,10.586046511627908,21.4,6.683720930232558,1153.8093023255815,0.11162790697674418,0.13023255813953488,-2.2098139534883723,0.1315240083507307,0.6569241475295755,0.1663187195546277,0.04523312456506611,0.5384615384615384
70,626.165191740413,0.8259587020648967,9.533923303834808,19.746312684365783,6.339233038348082,1276.613569321534,0.3805309734513274,0.44542772861356933,-1.9528613569321533,0.1154025127966496,0.43322475570032576,0.2899022801302932,0.1614704513727315,0.5392857142857143
71,613.3771186440678,1.0296610169491525,9.682203389830509,19.91949152542373,5.487288135593221,1230.8559322033898,0.4872881355932203,0.5423728813559322,-2.268050847457627,0.09575289575289575,0.5305019305019305,0.244015444015444,0.12972972972972974,0.5267489711934157
72,602.7439024390244,0.6382113821138211,8.829268292682928,19.36178861788618,6.617886178861789,1245.4837398373984,0.34959349593495936,0.2886178861788618,-2.137967479674797,0.12653562653562653,0.5294840294840295,0.2665847665847666,0.0773955773955774,0.45222929936305734
73,670.5529661016949,1.4597457627118644,9.141949152542374,17.51906779661017,6.697033898305085,1360.2161016949153,0.6652542372881356,0.7944915254237288,-1.8260381355932203,0.09838658652325213,0.45681746282821895,0.25782980069598227,0.18696614995254665,0.5442670537010159
74,634.6031128404669,1.0894941634241244,9.69260700389105,19.163424124513618,5.992217898832685,1275.9105058365758,0.5447470817120622,0.5447470817120622,-1.9177821011673153,0.07337662337662337,0.4909090909090909,0.3207792207792208,0.11493506493506493,0.5
75,639.05,0.6818181818181818,9.736363636363636,20.386363636363637,6.55,1226.7545454545455,0.33636363636363636,0.34545454545454546,-2.2470454545454546,0.11450381679389313,0.5829285218598196,0.24080499653018736,0.06176266481609993,0.5066666666666667
76,625.1979949874686,0.44611528822055135,9.443609022556391,19.661654135338345,6.065162907268171,1267.140350877193,0.22807017543859648,0.21804511278195488,-1.9671929824561403,0.10702479338842975,0.378099173553719,0.3239669421487603,0.19090909090909092,0.4887640449438202
77,645.4202334630351,0.7782101167315175,9.509727626459144,19.101167315175097,5.933852140077821,1270.330739299611,0.44357976653696496,0.3346303501945525,-1.9050194552529185,0.09245901639344262,0.5324590163934426,0.22819672131147542,0.14688524590163934,0.43
78,595.8899082568807,0.8027522935779816,11.045871559633028,23.486238532110093,5.990825688073395,1092.7247706422017,0.463302752293578,0.3394495412844037,-2.2623394495412845,0.13859111791730475,0.557427258805513,0.22970903522205208,0.07427258805513016,0.4228571428571429
79,639.5,0.4110576923076923,9.435096153846153,19.08173076923077,6.6875,1288.0721153846155,0.1875,0.22355769230769232,-1.9062740384615384,0.10747663551401869,0.4701653486700216,0.24730409777138748,0.17505391804457224,0.543859649122807
80,648.859649122807,0.9614035087719298,8.105263157894736,17.210526315789473,5.754385964912281,1341.9719298245614,0.47719298245614034,0.4842105263157895,-1.9726315789473685,0.07926829268292683,0.5323170731707317,0.24573170731707317,0.14268292682926828,0.5036496350364964
81,631.0631067961165,0.8786407766990292,8.509708737864077,18.25728155339806,5.839805825242719,1272.1893203883494,0.5339805825242718,0.3446601941747573,-1.9768932038834952,0.14630091438071488,0.5935162094763092,0.17871986699916875,0.08146300914380715,0.39226519337016574
82,647.1698113207547,0.7429245283018868,9.606132075471699,18.52122641509434,6.32311320754717,1312.7311320754718,0.3584905660377358,0.38443396226415094,-1.9163207547169812,0.11115255501678478,0.4114136516225289,0.26781051846326,0.20962327489742633,0.5174603174603175
83,631.179104477612,1.1977611940298507,9.208955223880597,19.399253731343283,6.197761194029851,1261.8992537313434,0.6455223880597015,0.5522388059701493,-2.015671641791045,0.07826610475617098,0.6002408187838651,0.19987959060806743,0.12161348585189645,0.46105919003115264
84,595.8592964824121,0.46733668341708545,10.391959798994975,21.261306532663315,6.0,1191.180904522613,0.3065326633165829,0.16080402010050251,-2.1578391959798995,0.13316582914572864,0.5226130653266332,0.2948073701842546,0.049413735343383586,0.34408602150537637
85,612.8167701863354,0.32919254658385094,8.51552795031056,16.975155279503106,6.559006211180124,1383.192546583851,0.14596273291925466,0.18322981366459629,-1.8756832298136648,0.11979166666666667,0.4616477272727273,0.2779356060606061,0.140625,0.5566037735849056
86,635.8451178451179,0.36363636363636365,8.962962962962964,19.845117845117844,5.434343434343434,1246.4377104377104,0.19865319865319866,0.16498316498316498,-2.0411784511784514,0.07868649318463444,0.4566294919454771,0.2942998760842627,0.17038413878562578,0.4537037037037037
87,617.603305785124,0.3140495867768595,10.586776859504132,21.34710743801653,6.293388429752066,1175.3719008264463,0.1652892561983471,0.1487603305785124,-2.0956198347107438,0.1221273801707157,0.5646749835850295,0.19304005252790546,0.12015758371634931,0.47368421052631576
88,647.2766798418972,0.6758893280632411,9.304347826086957,19.065217391304348,5.974308300395257,1284.7845849802372,0.3142292490118577,0.3616600790513834,-1.9084387351778656,0.11015547469401257,0.34866027125372145,0.3086338074760172,0.23255044657624876,0.5350877192982456
89,642.3854545454545,0.20363636363636364,8.098181818181818,17.585454545454546,6.556363636363637,1333.0763636363636,0.09090909090909091,0.11272727272727273,-1.9184363636363637,0.079312257348863,0.5723793677204659,0.2384914032168608,0.10981697171381032,0.5535714285714286
90,628.5236363636363,1.690909090909091,9.341818181818182,19.10181818181818,6.890909090909091,1284.9672727272728,0.9781818181818182,0.7127272727272728,-2.0931272727272727,0.12612137203166227,0.5530343007915567,0.24116094986807388,0.07968337730870713,0.421505376344086
91,643.3689839572193,1.0962566844919786,10.248663101604278,20.27807486631016,6.475935828877005,1248.7566844919786,0.5240641711229946,0.5721925133689839,-2.010320855614973,0.129644921552436,0.4434351775392238,0.23575557390586294,0.1911643270024773,0.5219512195121951
92,666.0457746478874,1.5,9.080985915492958,17.887323943661972,6.084507042253521,1332.6021126760563,0.6584507042253521,0.8415492957746479,-1.9346830985915495,0.08969907407407407,0.5023148148148148,0.27546296296296297,0.13252314814814814,0.5610328638497653
93,648.189090909091,0.8981818181818182,9.64,19.167272727272728,7.465454545454546,1268.7272727272727,0.4909090909090909,0.4072727272727273,-2.055018181818182,0.11544081831466146,0.5918168533852898,0.21237213833414514,0.08037018996590356,0.4534412955465587
94,679.2404761904762,0.7142857142857143,8.816666666666666,17.5,6.483333333333333,1344.1,0.34285714285714286,0.37142857142857144,-1.9070714285714285,0.11127432978332721,0.40763863385971355,0.29783327212633126,0.18325376423062797,0.52
95,645.9055118110236,1.0039370078740157,8.933070866141732,18.791338582677167,6.696850393700787,1252.4251968503936,0.3937007874015748,0.610236220472441,-2.090866141732284,0.08348030570252793,0.5437977660199882,0.2727807172251617,0.09994121105232216,0.6078431372549019
96,657.2809917355372,1.0206611570247934,9.5,18.628099173553718,6.400826446280992,1280.004132231405,0.4669421487603306,0.5537190082644629,-2.016487603305785,0.12976113621691412,0.5371207230471272,0.2472562943834732,0.08586184635248548,0.5425101214574899
97,643.8053527980535,0.6228710462287105,10.518248175182482,21.656934306569344,6.381995133819951,1175.2992700729926,0.30900243309002434,0.31386861313868614,-2.144647201946472,0.11627906976744186,0.4357605794891346,0.23827678231033167,0.20968356843309188,0.50390625
98,615.9586466165414,0.7142857142857143,10.003759398496241,21.44736842105263,5.902255639097745,1157.7406015037593,0.31203007518796994,0.40225563909774437,-2.1097744360902255,0.08280254777070063,0.48980891719745223,0.27261146496815286,0.15477707006369426,0.5631578947368421
99,610.0190114068441,0.13688212927756654,9.684410646387832,21.15209125475285,6.9581749049429655,1171.1596958174905,0.07224334600760456,0.06463878326996197,-2.0734980988593157,0.1185792349726776,0.5896174863387978,0.23934426229508196,0.05245901639344262,0.4722222222222222
100,650.8616071428571,0.8392857142857143,9.299107142857142,18.915178571428573,6.691964285714286,1278.767857142857,0.484375,0.3549107142857143,-1.882232142857143,0.10873915943962642,0.4466310873915944,0.27084723148765844,0.17378252168112074,0.4228723404255319
101,680.4372469635628,0.9919028340080972,7.7894736842105265,15.838056680161943,5.825910931174089,1392.4858299595141,0.38461538461538464,0.6072874493927125,-1.7724696356275305,0.08339124391938846,0.5559416261292565,0.2404447533009034,0.1202223766504517,0.6122448979591837
102,651.2936802973977,1.3308550185873607,10.20817843866171,21.014869888475836,6.773234200743494,1198.825278810409,0.7434944237918215,0.587360594795539,-1.9586245353159852,0.11690450054884742,0.531284302963776,0.24313940724478594,0.10867178924259056,0.441340782122905
103,662.5654008438819,0.8860759493670886,8.905063291139241,18.08649789029536,6.622362869198312,1323.5991561181434,0.45358649789029537,0.43248945147679324,-1.991054852320675,0.10321758521822236,0.4804077731761708,0.23128384835935012,0.18509079324625677,0.4880952380952381
104,674.4261168384879,0.8934707903780069,8.8659793814433,18.2680412371134,5.783505154639175,1297.1786941580756,0.422680412371134,0.47079037800687284,-1.9394845360824742,0.0659536541889483,0.45216874628639336,0.3273915626856803,0.15448603683897802,0.5269230769230769
105,667.0245231607629,1.125340599455041,8.348773841961853,17.460490463215258,6.724795640326976,1337.716621253406,0.6185286103542235,0.5068119891008175,-1.9504359673024525,0.0887358184764992,0.5024311183144247,0.30915721231766613,0.09967585089141005,0.45036319612590797
106,674.7596899224807,0.4444444444444444,8.160206718346254,17.811369509043928,6.2661498708010335,1315.3901808785529,0.2842377260981912,0.16020671834625322,-1.9067441860465115,0.10680412371134021,0.41030927835051545,0.29731958762886596,0.18556701030927836,0.36046511627906974
107,660.1764705882352,1.1045751633986929,7.395424836601308,15.617647058823529,5.836601307189542,1409.075163398693,0.5620915032679739,0.5424836601307189,-1.7225816993464054,0.07782754759238522,0.4955207166853303,0.23628219484882418,0.19036954087346025,0.4911242603550296
108,607.7154150197629,0.5098814229249012,9.59288537549407,20.0197628458498,6.612648221343873,1231.2529644268775,0.31225296442687744,0.1976284584980237,-2.139683794466403,0.12910938433950986,0.5206216377764495,0.23132098027495518,0.11894799760908548,0.3875968992248062
109,632.6774891774892,0.5,8.787878787878787,18.365800865800868,6.625541125541125,1310.0541125541126,0.19264069264069264,0.30735930735930733,-1.8643073593073594,0.10421430904933028,0.4727213328977458,0.26657954916693893,0.15648480888598498,0.6147186147186147
110,640.9776357827476,0.5750798722044729,8.284345047923322,17.04153354632588,6.338658146964856,1351.44089456869,0.2715654952076677,0.3035143769968051,-1.9188498402555911,0.07056451612903226,0.5080645161290323,0.2555443548387097,0.1658266129032258,0.5277777777777778
111,673.8069498069498,0.7837837837837838,7.671814671814672,15.528957528957529,6.552123552123552,1424.2239382239381,0.44015444015444016,0.3436293436293436,-1.6318146718146718,0.1390689451974072,0.5291691219799647,0.1991750147318798,0.13258691809074838,0.43842364532019706
112,670.8213058419244,0.9381443298969072,9.152920962199312,19.69931271477663,6.470790378006873,1253.3384879725086,0.46048109965635736,0.47766323024054985,-2.010618556701031,0.10143388210302709,0.385554965480616,0.28916622411046206,0.22384492830589484,0.5091575091575091
113,644.7586206896551,1.329153605015674,8.087774294670846,17.36677115987461,6.4733542319749215,1336.9592476489029,0.6332288401253918,0.6959247648902821,-1.8794043887147334,0.0711864406779661,0.5578692493946731,0.21743341404358354,0.15351089588377723,0.5235849056603774
114,629.3066202090592,0.9442508710801394,9.383275261324043,19.37979094076655,6.853658536585366,1247.8850174216027,0.43902439024390244,0.5052264808362369,-1.9210801393728223,0.10930350788002034,0.5048296898830706,0.30808337569903405,0.07778342653787494,0.5350553505535055
115,614.301724137931,0.5316091954022989,9.810344827586206,21.57758620689655,6.660919540229885,1171.0775862068965,0.3045977011494253,0.22701149425287356,-1.8882183908045977,0.10353753235547886,0.46807592752372734,0.30543572044866263,0.12295081967213115,0.42702702702702705
116,655.8466257668712,0.6073619631901841,8.828220858895705,19.039877300613497,5.699386503067485,1285.659509202454,0.18404907975460122,0.4233128834355828,-1.945398773006135,0.06996770721205597,0.46017222820236814,0.3040904198062433,0.16576964477933262,0.696969696969697
117,639.891719745223,1.0414012738853504,8.353503184713375,17.312101910828027,6.964968152866242,1329.7229299363057,0.48089171974522293,0.5605095541401274,-1.9274522292993632,0.12711476909007774,0.5349794238683128,0.22267946959304985,0.11522633744855967,0.5382262996941896
118,655.8924369747899,0.6436974789915967,9.018487394957983,19.465546218487393,6.191596638655462,1278.8873949579831,0.35126050420168065,0.292436974789916,-2.0726890756302523,0.10179153094462541,0.3463626492942454,0.30456026058631924,0.24728555917481,0.45430809399477806
119,633.4320987654321,0.2222222222222222,7.7407407407407405,15.938271604938272,6.885802469135802,1391.1049382716049,0.12962962962962962,0.09259259259259259,-1.9404012345679014,0.0811295383236217,0.5544598834603317,0.23800986104885702,0.1264007171671896,0.4166666666666667
120,640.6275071633238,1.7249283667621778,8.882521489971346,18.045845272206304,6.787965616045845,1305.7249283667622,0.9627507163323782,0.7621776504297995,-1.870974212034384,0.10679611650485436,0.49514563106796117,0.284086112283664,0.11397214014352047,0.4418604651162791
121,650.5011494252874,0.7908045977011494,9.701149425287356,22.154022988505748,6.485057471264367,1166.319540229885,0.335632183908046,0.45517241379310347,-2.036137931034483,0.11627082594824531,0.42254519673874513,0.2488479262672811,0.21233605104572847,0.5755813953488372
122,619.3993288590603,1.104026845637584,9.96979865771812,21.630872483221477,6.231543624161074,1157.513422818792,0.4395973154362416,0.6644295302013423,-1.8274161073825506,0.07700592353257943,0.4878836833602585,0.2622509423801831,0.172859450726979,0.601823708206687
123,594.2706552706553,0.8176638176638177,9.908831908831909,21.82905982905983,7.321937321937322,1158.4672364672365,0.4415954415954416,0.37606837606837606,-2.0196011396011397,0.10194552529182879,0.5521400778210117,0.2416342412451362,0.10428015564202335,0.45993031358885017
124,652.6445993031359,1.137630662020906,8.735191637630662,18.372822299651567,6.120209059233449,1311.628919860627,0.6132404181184669,0.524390243902439,-1.9786411149825784,0.0927981781952747,0.3865641901508682,0.30287503558212353,0.21776259607173357,0.4609494640122512
125,625.9469273743017,0.8268156424581006,10.008379888268156,21.47486033519553,6.639664804469274,1188.9888268156424,0.36033519553072624,0.4664804469273743,-1.9786871508379889,0.11064366848969288,0.4585612116112747,0.2919646613378208,0.13883045856121162,0.5641891891891891
126,640.95625,0.83125,8.7375,17.83125,6.471875,1318.059375,0.390625,0.440625,-1.9940625,0.1158860453887011,0.44857556735876386,0.31240946402704006,0.12312892322549493,0.5300751879699248
127,684.210332103321,1.1974169741697418,8.420664206642066,17.30811808118081,6.197416974169742,1360.9317343173432,0.6420664206642066,0.5553505535055351,-1.8421771217712177,0.10538850848466806,0.3959511759452218,0.29711223578445967,0.20154807978565048,0.4637904468412943
128,664.6194968553459,0.8050314465408805,8.852201257861635,18.02201257861635,5.971698113207547,1325.374213836478,0.4371069182389937,0.36792452830188677,-1.8639937106918238,0.09215376513954714,0.4555028962611901,0.27488151658767773,0.17746182201158506,0.45703125
129,626.6211699164345,0.35097493036211697,8.690807799442897,18.431754874651812,7.32033426183844,1292.0557103064066,0.15041782729805014,0.20055710306406685,-1.9550696378830084,0.10007610350076103,0.5156012176560122,0.2720700152207002,0.11225266362252663,0.5714285714285714
130,678.9763513513514,1.554054054054054,8.548986486486486,18.386824324324323,6.488175675675675,1319.331081081081,0.8006756756756757,0.7533783783783784,-1.975016891891892,0.09867222077583962,0.3873991148138506,0.2986201510023431,0.21530851340796667,0.48478260869565215
131,661.5886287625418,1.3377926421404682,9.2876254180602,19.02006688963211,6.287625418060201,1284.0301003344482,0.6688963210702341,0.6688963210702341,-1.9662207357859531,0.11170212765957446,0.4925531914893617,0.23829787234042554,0.1574468085106383,0.5
132,643.8408071748879,0.7892376681614349,9.387892376681615,20.159192825112108,6.526905829596412,1248.3587443946187,0.515695067264574,0.273542600896861,-2.044865470852018,0.10271384403984885,0.4548265200961869,0.29371350051528683,0.14874613534867742,0.3465909090909091
133,687.0018484288355,1.0,8.726432532347504,17.78927911275416,6.987060998151571,1342.6968576709796,0.48428835489833644,0.5157116451016636,-1.9562846580406652,0.09656084656084656,0.43862433862433864,0.26904761904761904,0.19576719576719576,0.5157116451016636
134,628.7252396166134,1.1501597444089458,8.562300319488818,18.664536741214057,6.0287539936102235,1272.0063897763578,0.5718849840255591,0.5782747603833865,-2.043290734824281,0.07684154742978272,0.4599894011658718,0.3179650238473768,0.14520402755696873,0.5027777777777778
135,655.1376975169301,0.6568848758465011,8.679458239277652,18.25056433408578,6.9300225733634315,1300.155756207675,0.3476297968397291,0.309255079006772,-1.9828668171557562,0.1006514657980456,0.4804560260586319,0.31530944625407165,0.10358306188925082,0.47079037800687284
136,695.5481171548117,0.8200836820083682,8.859832635983263,18.52928870292887,6.48744769874477,1299.3179916317993,0.48326359832635984,0.3368200836820084,-2.0135564853556485,0.11351177039664624,0.36826830054821025,0.3198968074814576,0.1983231215736859,0.4107142857142857
137,666.9669421487604,1.0303030303030303,8.969696969696969,19.47382920110193,6.027548209366391,1237.719008264463,0.4132231404958678,0.6170798898071626,-1.9667768595041324,0.09414990859232175,0.47623400365630714,0.25822669104204754,0.17138939670932357,0.5989304812834224
138,677.5328638497652,0.8403755868544601,8.97887323943662,19.26525821596244,6.516431924882629,1258.673708920188,0.40375586854460094,0.43661971830985913,-1.991150234741784,0.11779538904899135,0.460014409221902,0.24711815561959655,0.17507204610951008,0.5195530726256983
139,673.8603773584906,0.3905660377358491,8.752830188679246,18.42641509433962,6.743396226415094,1298.6735849056604,0.22641509433962265,0.1641509433962264,-1.9743962264150945,0.09988808058198097,0.4353665360940123,0.30665920537213204,0.15808617795187466,0.42028985507246375
140,683.865625,0.909375,7.8875,17.1375,6.3875,1360.246875,0.446875,0.4625,-1.8428437500000001,0.06311154598825831,0.5068493150684932,0.2700587084148728,0.15998043052837574,0.5085910652920962
141,694.1140583554377,0.7639257294429708,8.517241379310345,17.96816976127321,6.803713527851459,1313.684350132626,0.35278514588859416,0.41114058355437666,-1.9298938992042443,0.1337231968810916,0.44678362573099417,0.24717348927875243,0.1723196881091618,0.5381944444444444
142,731.1412429378531,1.286723163841808,7.97316384180791,16.795197740112993,6.148305084745763,1369.8587570621469,0.6454802259887006,0.6412429378531074,-1.7975,0.08890420399724328,0.36044107512060647,0.3043877785435332,0.24626694233861704,0.4983534577387486
143,667.528967254408,0.9949622166246851,8.047858942065492,17.916876574307306,7.062972292191436,1300.1889168765742,0.491183879093199,0.5037783375314862,-1.9110075566750628,0.10092724679029957,0.5217546362339515,0.22432239657631955,0.15299572039942938,0.5063291139240507
144,652.1197916666666,0.7708333333333334,9.661458333333334,20.46875,7.3984375,1208.078125,0.4088541666666667,0.3619791666666667,-1.4797395833333333,0.11545230552622317,0.4797606476592749,0.2893347412882788,0.11545230552622317,0.46959459459459457
145,683.0245283018868,0.44150943396226416,8.652830188679244,18.071698113207546,7.011320754716981,1311.5509433962263,0.1811320754716981,0.26037735849056604,-1.9268867924528301,0.10091496232508074,0.3923573735199139,0.3102798708288482,0.19644779332615717,0.5897435897435898
146,663.1744186046511,0.438953488372093,8.601744186046512,20.061046511627907,5.787790697674419,1225.8110465116279,0.2063953488372093,0.23255813953488372,-1.9870348837209302,0.07332998493219488,0.4630838774485183,0.292817679558011,0.17076845806127575,0.5298013245033113
147,695.4918032786885,0.9859484777517564,8.255269320843091,18.18969555035129,6.669789227166277,1291.5854800936768,0.5386416861826698,0.44730679156908665,-1.9093911007025763,0.11200842696629214,0.4631320224719101,0.25,0.17485955056179775,0.45368171021377673
148,723.8008658008658,0.5411255411255411,8.113997113997113,17.555555555555557,6.038961038961039,1346.995670995671,0.3088023088023088,0.23232323232323232,-1.7864935064935064,0.09462365591397849,0.33882915173237754,0.2908004778972521,0.2757467144563919,0.42933333333333334
149,674.5143603133159,0.28720626631853785,8.488250652741515,18.60835509138381,6.903394255874674,1301.9425587467363,0.14882506527415143,0.13838120104438642,-1.9530548302872062,0.09379727685325265,0.5321482602118003,0.2291981845688351,0.14485627836611195,0.4818181818181818
150,653.0541310541311,1.1025641025641026,9.447293447293447,20.544159544159545,7.267806267806268,1206.4444444444443,0.5527065527065527,0.5498575498575499,-2.092849002849003,0.11407291258330067,0.49353194825558605,0.2751862014896119,0.11720893767150137,0.49870801033591733
151,714.2730434782609,0.6608695652173913,7.627826086956522,15.944347826086956,5.9339130434782605,1396.7478260869566,0.391304347826087,0.26956521739130435,-1.7811478260869567,0.11254396248534584,0.3874560375146542,0.24531066822977726,0.25468933177022274,0.40789473684210525
152,659.68,0.6923076923076923,8.833846153846153,20.215384615384615,5.981538461538461,1237.156923076923,0.24615384615384617,0.4461538461538462,-1.9604923076923075,0.06893004115226338,0.4984567901234568,0.26286008230452673,0.1697530864197531,0.6444444444444445
153,683.2197530864197,0.5802469135802469,8.982716049382717,19.34567901234568,7.158024691358024,1251.6296296296296,0.30864197530864196,0.2716049382716049,-2.102074074074074,0.09175577785443256,0.5360469127285271,0.24698171783373576,0.1252155915833046,0.46808510638297873
154,717.056179775281,0.85553772070626,7.998394863563403,16.849117174959872,6.138041733547351,1360.3402889245585,0.4044943820224719,0.4510433386837881,-1.7976565008025682,0.09309623430962342,0.3742154811715481,0.3054393305439331,0.2272489539748954,0.5272045028142589
155,678.0025062656641,0.656641604010025,8.982456140350877,18.964912280701753,6.93734335839599,1276.734335839599,0.3057644110275689,0.3508771929824561,-2.074436090225564,0.11921965317919075,0.467485549132948,0.2810693641618497,0.13222543352601157,0.5343511450381679
156,692.7050938337802,0.40214477211796246,8.788203753351207,18.458445040214478,6.656836461126005,1293.554959785523,0.19302949061662197,0.20911528150134048,-1.8568900804289545,0.11598872331856624,0.4216673378977044,0.3346757954087797,0.12766814337494967,0.52
157,724.0518867924528,0.5330188679245284,8.369496855345911,17.69496855345912,6.1918238993710695,1343.6698113207547,0.2610062893081761,0.2720125786163522,-2.0083018867924527,0.09446419502285425,0.36719146775012695,0.28593194514982223,0.25241239207719657,0.5103244837758112
158,662.7752293577981,0.7041284403669725,8.724770642201834,18.603211009174313,6.511467889908257,1301.295871559633,0.3532110091743119,0.35091743119266056,-1.9355733944954128,0.10884114124691793,0.4529764001408947,0.24269108841141246,0.19549137020077492,0.498371335504886
159,665.7331887201735,0.25162689804772237,7.535791757049892,16.440347071583513,6.81995661605206,1367.0260303687635,0.1843817787418655,0.06724511930585683,-1.8116052060737526,0.09064885496183206,0.47646310432569977,0.2951653944020356,0.13772264631043257,0.2672413793103448
160,712.3525925925926,1.1837037037037037,7.45037037037037,15.451851851851853,6.322962962962963,1435.0162962962963,0.6088888888888889,0.5748148148148148,-1.842414814814815,0.09067478912839738,0.37792877225866917,0.3156044985941893,0.21579194001874413,0.4856070087609512
161,671.1567944250871,0.5365853658536586,7.958188153310105,17.29616724738676,6.048780487804878,1342.8118466898954,0.29965156794425085,0.23693379790940766,-1.8482926829268294,0.08870967741935484,0.4930875576036866,0.2569124423963134,0.16129032258064516,0.44155844155844154
162,711.0198675496689,0.6600441501103753,7.236203090507726,15.805739514348787,6.434878587196468,1400.9161147902869,0.32229580573951433,0.33774834437086093,-1.8999779249448125,0.09639794168096055,0.455917667238422,0.27478559176672385,0.17289879931389365,0.5117056856187291
163,707.8838612368024,0.6998491704374057,7.622926093514328,16.048265460030166,6.597285067873303,1409.1689291101056,0.416289592760181,0.28355957767722473,-1.766289592760181,0.09030635573845451,0.4074074074074074,0.2807498856881573,0.2215363511659808,0.4051724137931034
164,658.7949438202247,0.7387640449438202,8.334269662921349,17.69943820224719,6.328651685393258,1330.811797752809,0.2808988764044944,0.45786516853932585,-1.8848033707865168,0.08921438082556592,0.4766977363515313,0.27785175321793165,0.15623612960497116,0.6197718631178707
165,642.5159090909091,0.6113636363636363,8.636363636363637,18.495454545454546,6.861363636363636,1295.1818181818182,0.3181818181818182,0.29318181818181815,-1.9956363636363637,0.0967207684663796,0.4590924147068566,0.31666114607485923,0.1275256707519046,0.4795539033457249
166,707.6021180030257,0.697428139183056,7.416036308623298,15.226928895612708,6.022692889561271,1446.4266263237519,0.39939485627836613,0.2980332829046899,-1.703086232980333,0.09444863099723688,0.3328309469982417,0.3300678221552374,0.2426525998492841,0.42733188720173537
167,651.9662921348314,0.5365168539325843,7.654494382022472,16.918539325842698,5.926966292134831,1340.4662921348315,0.3258426966292135,0.21067415730337077,-1.7263483146067418,0.0909952606635071,0.46492890995260666,0.23933649289099526,0.204739336492891,0.39267015706806285
168,665.4738675958188,0.6358885017421603,8.775261324041812,18.68466898954704,6.580139372822299,1281.0452961672474,0.3797909407665505,0.25609756097560976,-0.7321602787456447,0.11225840614244109,0.4233518665607625,0.2708498808578237,0.19353984643897273,0.40273972602739727
169,679.4405144694534,0.3327974276527331,8.020900321543408,17.141479099678456,6.64951768488746,1357.0144694533763,0.15434083601286175,0.17845659163987138,-1.65024115755627,0.08583172147001934,0.4153771760154739,0.3051257253384913,0.19366537717601548,0.5362318840579711
170,673.458947368421,1.3263157894736841,8.105263157894736,17.543157894736844,6.829473684210527,1330.7242105263158,0.7010526315789474,0.6252631578947369,-1.3695368421052632,0.10696670776818742,0.47718865598027127,0.23982737361282366,0.17601726263871764,0.4714285714285714
171,675.5222929936306,0.8959660297239915,8.242038216560509,18.178343949044585,6.3354564755838645,1314.5732484076434,0.4033970276008493,0.49256900212314225,-1.8174097664543525,0.11729222520107238,0.43800268096514744,0.2489946380697051,0.19571045576407506,0.5497630331753555
172,741.0532786885246,0.6284153005464481,7.367486338797814,15.501366120218579,6.151639344262295,1427.2390710382513,0.2978142076502732,0.33060109289617484,-1.7207650273224042,0.0866089273817455,0.35820564068398847,0.29602487230735064,0.25916055962691537,0.5260869565217391
173,653.6360946745563,0.6775147928994083,7.766272189349112,16.562130177514792,6.6390532544378695,1359.775147928994,0.3727810650887574,0.3047337278106509,-1.778905325443787,0.07709447415329768,0.5614973262032086,0.21836007130124777,0.14304812834224598,0.4497816593886463
174,697.0212355212356,1.0231660231660231,7.301158301158301,15.191119691119692,6.772200772200772,1408.2876447876447,0.5540540540540541,0.4691119691119691,-0.5004633204633204,0.09293044469783353,0.45353477765108324,0.32297605473204105,0.1305587229190422,0.45849056603773586
175,680.2508591065292,0.5120274914089347,8.304123711340207,17.512027491408936,6.597938144329897,1358.0481099656358,0.19415807560137457,0.3178694158075601,-1.8676460481099657,0.09192708333333334,0.38359375,0.32838541666666665,0.19609375,0.6208053691275168
176,672.1165311653117,0.7642276422764228,7.2411924119241196,15.915989159891598,6.092140921409214,1396.8157181571817,0.4281842818428184,0.33604336043360433,-1.7677506775067748,0.07562277580071175,0.4555160142348754,0.2918149466192171,0.17704626334519574,0.4397163120567376
177,639.773631840796,0.8582089552238806,9.572139303482587,20.64676616915423,6.888059701492537,1206.9278606965174,0.44029850746268656,0.417910447761194,-1.9514925373134329,0.09028530155290719,0.4658721560130011,0.28169014084507044,0.1621524015890213,0.48695652173913045
178,706.4445893089961,0.757496740547588,7.490221642764015,15.972620599739244,5.764015645371577,1405.980443285528,0.379400260756193,0.37809647979139505,-1.8145371577574967,0.08482243836236146,0.3159918570459172,0.31576566387695093,0.2834200407147704,0.4991394148020654
179,652.1670428893905,0.35665914221218964,8.672686230248306,18.00451467268623,6.749435665914222,1311.433408577878,0.14672686230248308,0.20993227990970656,-1.8509706546275395,0.08428093645484949,0.5347826086956522,0.23645484949832776,0.14448160535117058,0.5886075949367089
180,691.7244655581948,1.166270783847981,8.090261282660332,17.410926365795724,7.080760095011876,1336.7672209026127,0.5320665083135392,0.6342042755344418,-1.8704513064133017,0.10197920161019793,0.44448171754444815,0.31902046293190206,0.13451861791345185,0.5437881873727087
181,684.3096539162113,0.8524590163934426,8.13296903460838,17.697632058287795,6.183970856102004,1346.4699453551912,0.4007285974499089,0.4517304189435337,-1.8512204007285975,0.10839469808541974,0.39941089837997057,0.24594992636229748,0.24624447717231224,0.5299145299145299
182,668.7116182572614,1.3526970954356847,8.08298755186722,18.57261410788382,6.390041493775934,1284.4771784232364,0.6576763485477178,0.6950207468879668,-1.9782780082987552,0.09642857142857143,0.4698051948051948,0.24902597402597404,0.18474025974025973,0.5138036809815951
183,682.0659793814433,0.49690721649484537,7.614432989690721,16.750515463917527,6.878350515463918,1371.3876288659794,0.2618556701030928,0.23505154639175257,-1.7323092783505154,0.08483213429256595,0.4754196642685851,0.2793764988009592,0.1603717026378897,0.4730290456431535
184,706.1769784172662,0.9035971223021583,8.0,17.201438848920862,6.132374100719424,1354.378417266187,0.4071942446043165,0.49640287769784175,-1.5518992805755394,0.08047864852182074,0.35288596902862507,0.3320037541060535,0.2346316283435007,0.5493630573248408
185,645.994459833795,0.775623268698061,8.18836565096953,17.916897506925206,6.7645429362880884,1321.6897506925209,0.3047091412742382,0.4709141274238227,-1.9302216066481996,0.08968058968058969,0.46846846846846846,0.29606879606879605,0.1457821457821458,0.6071428571428571
186,656.486301369863,0.771689497716895,8.08904109589041,17.958904109589042,6.687214611872146,1321.5639269406392,0.3310502283105023,0.4406392694063927,-1.922579908675799,0.099351314441789,0.4096961420279959,0.34585182656196656,0.14510071696824856,0.5710059171597633
187,671.8027777777778,0.6875,8.238888888888889,18.1875,6.0,1304.0097222222223,0.3347222222222222,0.3527777777777778,-0.9939305555555555,0.08958333333333333,0.36921296296296297,0.28726851851851853,0.2539351851851852,0.5131313131313131
188,693.9458333333333,0.7479166666666667,7.927083333333333,16.88125,6.385416666666667,1351.75,0.36041666666666666,0.3875,-1.0568333333333333,0.10505709624796085,0.4453507340946166,0.22479608482871125,0.22479608482871125,0.5181058495821727
189,654.1149674620391,0.4945770065075922,8.082429501084599,17.017353579175705,7.20824295010846,1354.5683297180044,0.22559652928416485,0.26898047722342733,-1.9362472885032538,0.08696960577791153,0.48841408365934397,0.29009930785434845,0.13451700270839603,0.543859649122807
190,728.9718100890208,1.0311572700296736,6.807121661721069,14.520771513353116,6.289317507418398,1467.086053412463,0.4970326409495549,0.5341246290801187,-1.72,0.08775654635527247,0.3708421797593772,0.3078556263269639,0.23354564755838642,0.5179856115107914
191,672.7876712328767,0.7808219178082192,7.9965753424657535,16.503424657534246,5.904109589041096,1361.7054794520548,0.386986301369863,0.3938356164383562,-1.83,0.0951276102088167,0.5092807424593968,0.2325986078886311,0.16299303944315546,0.5043859649122807
192,703.2087682672234,0.7306889352818372,7.759916492693111,16.46346555323591,6.34446764091858,1383.329853862213,0.3653444676409186,0.3653444676409186,-1.7481002087682673,0.08752879236590984,0.4350115169463639,0.29022704837117475,0.18723264231655148,0.5
193,714.343618513324,0.6984572230014026,7.232819074333801,15.626928471248247,6.4263674614305755,1417.3618513323984,0.3071528751753156,0.391304347826087,-1.8410518934081348,0.08358795285901353,0.39000436490615453,0.2848101265822785,0.24159755565255348,0.5602409638554217
194,683.6823770491803,0.9877049180327869,8.184426229508198,16.778688524590162,6.635245901639344,1367.3340163934427,0.45286885245901637,0.5348360655737705,-1.5310860655737706,0.08739962940086474,0.4694255713403335,0.2816553428042001,0.1615194564546016,0.5414937759336099
195,678.4943566591422,0.7607223476297968,8.10158013544018,17.76523702031603,7.498871331828442,1327.7990970654628,0.34988713318284426,0.4108352144469526,-1.8751241534988714,0.08488862131246237,0.4602649006622517,0.3443708609271523,0.11047561709813365,0.5400593471810089
196,694.633730834753,0.565587734241908,8.008517887563885,17.37137989778535,6.407155025553663,1350.1942078364566,0.2776831345826235,0.2879045996592845,-1.8893867120954002,0.10449348577505982,0.3626695027918107,0.3294336612603031,0.20340335017282637,0.5090361445783133
197,675.4141876430206,0.5720823798627003,8.528604118993135,18.528604118993137,6.588100686498856,1290.8512585812357,0.2768878718535469,0.2951945080091533,-1.948512585812357,0.10420284821118445,0.4741229593608892,0.2393192080583536,0.18235498436957276,0.516
198,674.3841911764706,0.625,8.536764705882353,18.904411764705884,6.584558823529412,1261.2775735294117,0.3088235294117647,0.3161764705882353,-2.0293566176470588,0.09854829704075935,0.4251814628699051,0.2945281965382468,0.18174204355108878,0.5058823529411764
199,693.72760511883,0.4369287020109689,8.160877513711151,17.171846435100548,6.782449725776965,1336.1151736745887,0.20109689213893966,0.23583180987202926,-1.753510054844607,0.08975741239892183,0.43746630727762803,0.28005390835579513,0.192722371967655,0.5397489539748954
200,645.7672634271099,0.6675191815856778,8.132992327365729,18.375959079283888,6.475703324808184,1304.9079283887468,0.34782608695652173,0.319693094629156,-1.9613810741687978,0.08293838862559241,0.47393364928909953,0.27330173775671407,0.16982622432859398,0.4789272030651341
201,722.7962577962578,1.392931392931393,8.03118503118503,16.66943866943867,6.844074844074844,1372.2390852390852,0.7027027027027027,0.6902286902286903,-1.5240124740124739,0.11998784933171325,0.4198055893074119,0.28462940461725394,0.1755771567436209,0.4955223880597015
202,722.1251758087201,0.739803094233474,8.523206751054852,17.80309423347398,6.479606188466948,1327.3122362869199,0.3291139240506329,0.41068917018284107,-1.9338396624472574,0.08769264163229867,0.36118949424788366,0.306707184718906,0.24441067940091166,0.5551330798479087
203,706.8765432098766,1.162551440329218,7.911522633744856,17.41358024691358,7.0,1346.8827160493827,0.5205761316872428,0.6419753086419753,-1.9579218106995884,0.10141093474426807,0.4756025867136978,0.24691358024691357,0.17607289829512052,0.552212389380531
204,703.8319672131148,0.7233606557377049,8.436475409836065,17.735655737704917,6.846311475409836,1336.7315573770493,0.3463114754098361,0.3770491803278688,-1.6997950819672132,0.08979347500748279,0.42891349895240943,0.3564800957797067,0.12481293026040108,0.5212464589235127
205,699.7118380062306,0.5545171339563862,7.789719626168225,17.19158878504673,6.468847352024922,1348.7866043613708,0.2772585669781931,0.2772585669781931,-1.8989875389408102,0.09270406934745967,0.36600048157958104,0.35901757765470743,0.18227787141825186,0.5
206,697.9472295514512,0.7862796833773087,7.229551451187335,15.567282321899736,6.197889182058048,1399.065963060686,0.3720316622691293,0.41424802110817943,-1.726622691292876,0.08982545764154959,0.42613878246062153,0.3018305661983823,0.18220519369944657,0.5268456375838926
207,691.8615916955017,0.6678200692041523,8.565743944636678,19.029411764705884,6.664359861591696,1246.3529411764705,0.36678200692041524,0.30103806228373703,0.344515570934256,0.10721703011422637,0.46157840083073726,0.24350986500519212,0.18769470404984423,0.45077720207253885
208,723.9891304347826,0.642512077294686,7.7101449275362315,16.41183574879227,5.851449275362318,1396.8599033816424,0.31521739130434784,0.3272946859903382,-1.8103623188405797,0.08297213622291022,0.3025799793601651,0.3157894736842105,0.29865841073271415,0.5093984962406015
209,647.0221729490022,0.21729490022172948,8.560975609756097,19.764966740576497,7.057649667405765,1233.6651884700666,0.057649667405764965,0.15964523281596452,-0.9958980044345899,0.10524662268300346,0.5042412818096136,0.24976437323279924,0.14074772227458374,0.7346938775510204
210,729.8283018867925,1.169811320754717,7.520754716981132,16.807547169811322,7.139622641509434,1349.8264150943396,0.5339622641509434,0.6358490566037736,-1.2771132075471698,0.10914376321353066,0.436046511627907,0.29889006342494717,0.1559196617336152,0.5435483870967742
211,726.5923460898503,0.8069883527454242,8.420965058236273,17.788685524126457,6.136439267886855,1339.0865224625625,0.4226289517470882,0.3843594009983361,-1.9137104825291182,0.10466377440347072,0.36984815618221256,0.26545553145336226,0.26003253796095444,0.4762886597938144
212,713.62,0.882,8.264,17.266,7.008,1340.274,0.424,0.458,-1.77098,0.10017123287671233,0.466324200913242,0.2602739726027397,0.17323059360730594,0.5192743764172335
213,704.7926605504587,0.3357798165137615,7.702752293577982,16.291743119266055,7.3064220183486235,1371.765137614679,0.1614678899082569,0.1743119266055046,-0.970605504587156,0.10095429432446007,0.4826720241084882,0.27724761426418887,0.1391260673028629,0.5191256830601093
214,727.774964838256,0.43741209563994377,6.337552742616034,14.233473980309423,6.4261603375527425,1473.5274261603377,0.2039381153305204,0.23347398030942335,-1.700464135021097,0.0759465966294594,0.3473407747866054,0.3563142919676078,0.22039833661632743,0.5337620578778135
215,652.5110497237569,0.44751381215469616,8.569060773480663,18.599447513812155,6.919889502762431,1278.7734806629835,0.20441988950276244,0.2430939226519337,-1.8370165745856353,0.0998003992015968,0.46187624750499,0.30419161676646705,0.1341317365269461,0.5432098765432098
216,699.4633730834753,0.4906303236797274,7.073253833049404,15.258943781942078,6.616695059625213,1414.0289608177172,0.22487223168654175,0.2657580919931857,-1.6159454855195912,0.11431513903192585,0.3898043254376931,0.3357363542739444,0.16014418125643667,0.5416666666666666
217,756.6371794871795,0.6128205128205129,6.835897435897436,14.678205128205128,6.11025641025641,1459.0679487179486,0.3564102564102564,0.2564102564102564,-1.7117820512820514,0.07994125052454888,0.3357112882920688,0.3128409567771716,0.27150650440621066,0.41841004184100417
218,681.1688311688312,0.3654916512059369,8.01113172541744,17.330241187384043,6.5064935064935066,1321.1836734693877,0.20964749536178107,0.15584415584415584,-1.3101855287569575,0.0943826632449387,0.4342743085258055,0.26147704590818366,0.20986598232107215,0.4263959390862944
219,686.1189189189189,0.6612612612612613,7.281081081081081,15.664864864864866,7.735135135135135,1387.7027027027027,0.34054054054054056,0.3207207207207207,0.7207927927927927,0.09410668530165385,0.48870253901700444,0.283717679944095,0.1334730957372467,0.48501362397820164
220,712.5902306648576,0.723202170963365,6.8276797829036635,14.853459972862957,6.256445047489824,1445.112618724559,0.2862957937584803,0.4369063772048847,-1.727516960651289,0.08284536976794621,0.3595749295163739,0.32357406202559097,0.23400563869008892,0.6041275797373359
221,688.0821596244132,2.1455399061032865,8.300469483568076,18.408450704225352,6.71830985915493,1297.9835680751173,1.1150234741784038,1.0305164319248827,-1.8930281690140847,0.12473794549266247,0.4479385045422781,0.2655485674353599,0.16177498252969952,0.4803063457330416
222,732.7144906743185,0.8436154949784792,6.813486370157819,14.176470588235293,6.870875179340029,1464.3773314203731,0.40746054519368724,0.43615494978479197,-0.5301578192252512,0.09354771351012738,0.4247233242848194,0.2871163082063061,0.19461265399874714,0.5170068027210885
223,723.2537722908094,0.663923182441701,7.426611796982168,16.023319615912207,6.603566529492455,1409.1344307270233,0.34156378600823045,0.3223593964334705,-1.7006721536351166,0.07706688824262567,0.3786871624428749,0.304943913585376,0.2393020357291234,0.4855371900826446
224,670.6422222222222,0.84,7.7,16.73777777777778,7.188888888888889,1343.5422222222223,0.40444444444444444,0.43555555555555553,-1.8105333333333333,0.10077279752704792,0.46553323029366306,0.29242658423493045,0.14126738794435859,0.5185185185185185
225,684.7155756207675,0.4492099322799097,7.496613995485327,16.51241534988713,7.252821670428894,1365.1241534988712,0.2528216704288939,0.1963882618510158,-1.926726862302483,0.0765639589169001,0.4400871459694989,0.351384998443822,0.13196389666977903,0.4371859296482412
226,727.1863442389758,0.8591749644381224,7.391180654338549,16.03271692745377,6.176386913229019,1401.6258890469417,0.41963015647226176,0.4395448079658606,-1.7126315789473685,0.08106863196683556,0.32312298479963153,0.35006909258406266,0.24573929064947028,0.5115894039735099
227,657.9255583126551,0.6972704714640199,8.297766749379653,18.28287841191067,6.124069478908188,1285.4292803970222,0.3225806451612903,0.3746898263027295,-1.8782630272952856,0.10372771474878444,0.4606969205834684,0.24473257698541329,0.19084278768233387,0.5373665480427047
228,703.3126934984521,0.8854489164086687,7.791021671826625,16.20278637770898,6.738390092879257,1396.2832817337462,0.44427244582043346,0.4411764705882353,-1.7554489164086686,0.0914311968757179,0.4079944865609924,0.3149552033080634,0.1856191132552263,0.4982517482517482
229,717.2375,0.7138888888888889,6.573611111111111,13.993055555555555,6.533333333333333,1487.7777777777778,0.34444444444444444,0.36944444444444446,-1.713513888888889,0.08014455782312925,0.36075680272108845,0.3399234693877551,0.2191751700680272,0.5175097276264592
230,707.3370998116761,1.4934086629001884,6.781544256120528,15.026365348399247,6.96421845574388,1413.0263653483992,0.8060263653483992,0.687382297551789,-1.7072128060263654,0.09383450513791239,0.45159545700378584,0.30097349918875066,0.1535965386695511,0.46027742749054223
231,682.7052845528456,1.6097560975609757,8.361788617886178,18.29471544715447,6.684959349593496,1299.0630081300812,0.7276422764227642,0.8821138211382114,-1.8214430894308942,0.10185466707205838,0.42049255092733356,0.2848890240194588,0.19276375798114928,0.547979797979798
232,728.9962871287129,0.6237623762376238,7.871287128712871,17.475247524752476,6.243811881188119,1355.8217821782177,0.31683168316831684,0.3069306930693069,-1.8295049504950496,0.07452923686818633,0.3322101090188305,0.34112983151635284,0.25213082259663033,0.49206349206349204
233,707.7581818181818,1.518181818181818,7.8127272727272725,16.418181818181818,6.992727272727273,1395.469090909091,0.7672727272727272,0.7509090909090909,-1.8853818181818183,0.09204368174726989,0.4786791471658866,0.2641705668226729,0.16510660426417056,0.4946107784431138
234,711.7283464566929,1.56496062992126,8.080708661417322,16.944881889763778,7.228346456692913,1360.533464566929,0.8287401574803149,0.7362204724409449,-0.6134645669291339,0.0915032679738562,0.4019607843137255,0.37636165577342046,0.13017429193899782,0.47044025157232705
235,727.6834733893558,0.6820728291316527,7.00140056022409,14.696078431372548,6.659663865546219,1456.4467787114845,0.3445378151260504,0.33753501400560226,-1.704565826330532,0.08286014721345952,0.33732912723449,0.36887486855941115,0.21093585699263934,0.4948665297741273
236,722.2869080779944,1.0278551532033426,7.621169916434541,16.362116991643454,5.846796657381615,1382.175487465181,0.5626740947075209,0.46518105849582175,-1.6519498607242338,0.06908051453072891,0.4349690328727966,0.3144354454502144,0.18151500714626012,0.45257452574525747
237,705.4817518248175,0.7901459854014599,7.343065693430657,15.914233576642335,6.846715328467154,1383.1313868613138,0.39416058394160586,0.395985401459854,-1.6133759124087592,0.08981876332622601,0.421908315565032,0.3294243070362473,0.15884861407249468,0.5011547344110855
238,747.3575757575758,0.92,6.84,14.792727272727273,6.013333333333334,1458.3757575757577,0.4206060606060606,0.4993939393939394,-1.7195757575757578,0.07760532150776053,0.3049788349123161,0.33380366861519856,0.28361217496472485,0.5428194993412385
239,677.9711934156379,1.2654320987654322,7.401234567901234,15.923868312757202,7.246913580246914,1389.4135802469136,0.5061728395061729,0.7592592592592593,-1.88179012345679,0.09795570698466781,0.5088018171493469,0.2668938103350369,0.1263486655309483,0.6
240,735.5353535353536,1.2323232323232323,7.417508417508418,16.185185185185187,7.037037037037037,1381.6952861952861,0.5875420875420876,0.6447811447811448,-1.5424242424242425,0.10287081339712918,0.40311004784689,0.3526315789473684,0.14138755980861245,0.523224043715847
241,729.4564254062038,1.4460856720827178,7.434268833087149,16.288035450516986,6.0,1396.7799113737076,0.7296898079763663,0.7163958641063516,-1.7763958641063518,0.09551944854751354,0.3458887247661251,0.29566715903495816,0.26292466765140327,0.49540347293156284
242,710.1733547351525,1.4093097913322632,7.532905296950241,15.756019261637238,6.491171749598716,1410.7431781701446,0.6532905296950241,0.7560192616372392,-1.5371749598715891,0.09495548961424333,0.4235905044510386,0.29574678536102866,0.1857072205736894,0.5364464692482915
243,695.709375,1.078125,7.1109375,15.5078125,7.2453125,1407.6875,0.5265625,0.5515625,-0.5287499999999999,0.08841923657537201,0.4453310329954712,0.3079577312917835,0.1582919991373733,0.5115942028985507
244,720.0974289580514,2.0690121786197566,7.075778078484438,14.874154262516916,6.34235453315291,1457.7577807848443,1.0175913396481733,1.0514208389715831,-1.7272665764546686,0.07574141241732452,0.33326221463622785,0.3644122039684233,0.22658416897802433,0.5081752779594506
245,718.3965217391304,2.262608695652174,6.568695652173913,13.398260869565217,7.208695652173913,1517.8017391304347,1.1043478260869566,1.1582608695652175,-0.3621565217391305,0.10277442702050664,0.40554885404101326,0.3423401688781665,0.14933655006031363,0.5119139123750961
246,708.48046875,1.634765625,6.837890625,14.74609375,6.93359375,1450.580078125,0.802734375,0.83203125,-1.4476171875000001,0.1076056338028169,0.37464788732394366,0.3628169014084507,0.15492957746478872,0.5089605734767025
247,725.6225961538462,0.6586538461538461,6.853365384615385,15.036057692307692,6.096153846153846,1442.4975961538462,0.27884615384615385,0.3798076923076923,-1.7252764423076923,0.08024447949526814,0.31486593059936907,0.33675078864353314,0.26813880126182965,0.5766423357664233
248,696.5094936708861,1.8227848101265822,7.772151898734177,17.128164556962027,6.2325949367088604,1354.1028481012659,0.8306962025316456,0.9920886075949367,-1.8385443037974685,0.08987052551408987,0.39324701700939324,0.29042904290429045,0.22645341457222645,0.5442708333333334
249,695.505,1.2233333333333334,7.426666666666667,16.785,7.1466666666666665,1325.78,0.56,0.6633333333333333,2.5389166666666667,0.10144589552238806,0.43843283582089554,0.31180037313432835,0.14832089552238806,0.5422343324250681
250,729.1321243523316,1.4468911917098446,7.288860103626943,15.813471502590673,6.3639896373057,1422.6839378238342,0.7435233160621761,0.7033678756476683,-1.6955829015544042,0.0816201913291268,0.3313657642987991,0.34805617748829637,0.23895786688377774,0.486123545210385
251,684.1295454545455,3.2522727272727274,8.152272727272727,17.818181818181817,6.620454545454545,1322.5772727272727,1.5772727272727274,1.675,-1.9173863636363635,0.11500171644352901,0.43803638860281496,0.27188465499485065,0.17507723995880536,0.5150244584206848
252,692.2507936507936,1.3507936507936509,7.771428571428571,17.214285714285715,6.636507936507937,1342.357142857143,0.6714285714285714,0.6793650793650794,-1.3234603174603174,0.08897392968189428,0.3790959100693614,0.3142788806505621,0.21765127959818226,0.5029377203290247
253,721.458177278402,1.32334581772784,6.6129837702871415,14.916354556803995,6.399500624219725,1440.3807740324594,0.6878901373283396,0.6354556803995006,-1.587003745318352,0.08408115489660554,0.3571985953960203,0.3111587982832618,0.24756145142411237,0.480188679245283
254,704.6939501779359,1.1601423487544484,8.128113879003559,17.234875444839858,6.7935943060498225,1331.6725978647687,0.5604982206405694,0.599644128113879,-0.9246441281138792,0.08774227344159245,0.4185437401781037,0.32661079099004714,0.16710319539025667,0.5168711656441718
255,672.1643286573146,1.0801603206412826,7.517034068136272,16.394789579158317,7.108216432865731,1380.7975951903807,0.5450901803607214,0.5350701402805611,-1.8809018036072145,0.08260501832534536,0.4056949534818156,0.36227798139272627,0.14942204680011278,0.49536178107606677
256,721.4209078404401,1.3837689133425035,6.97111416781293,14.752407152682256,6.286107290233837,1450.6258596973864,0.7744154057771664,0.609353507565337,-0.6236176066024759,0.10131291028446389,0.3085339168490153,0.35514223194748357,0.2350109409190372,0.4403578528827038
257,726.5968063872256,1.0259481037924152,6.832335329341317,15.183632734530939,6.510978043912176,1410.4950099800399,0.5868263473053892,0.43912175648702595,-1.6614970059880239,0.11005518087063151,0.42182709993868794,0.24800735744941754,0.22011036174126303,0.4280155642023346
258,693.931240657698,1.2855007473841555,7.609865470852018,16.203288490284006,6.80119581464873,1380.6203288490285,0.6427503736920778,0.6427503736920778,-0.5475784753363229,0.09164835164835165,0.3914285714285714,0.34065934065934067,0.17626373626373626,0.5
259,727.265306122449,0.7346938775510204,6.763848396501458,14.405247813411078,6.744897959183674,1466.5131195335277,0.3717201166180758,0.3629737609329446,-1.6540524781341108,0.08255889345148044,0.36287011022260646,0.3330451696563648,0.22152582666954831,0.49404761904761907
260,689.4928131416838,1.6057494866529773,7.529774127310062,17.04722792607803,6.6591375770020536,1339.3696098562627,0.8521560574948666,0.7535934291581109,-1.8020328542094457,0.08973172987974098,0.4492753623188406,0.2898550724637681,0.1711378353376503,0.46930946291560105
261,688.6569200779727,3.834307992202729,8.09746588693957,17.57699805068226,6.742690058479532,1344.851851851852,1.9668615984405458,1.8674463937621832,-1.688206627680312,0.11419485400404741,0.4012720439433362,0.29575021682567215,0.1887828852269442,0.4870360955770208
262,716.0186335403727,1.036024844720497,6.218633540372671,13.26832298136646,6.339130434782609,1525.9093167701863,0.5204968944099378,0.515527950310559,-1.6111304347826088,0.07916911620615324,0.32647462277091904,0.32196747011561827,0.27238879090730944,0.49760191846522783
263,664.6569200779727,1.3820662768031189,7.988304093567251,17.63157894736842,6.680311890838206,1327.4191033138402,0.7192982456140351,0.6627680311890838,-1.8572709551656919,0.09395973154362416,0.47563466588853226,0.25707615990662386,0.17332944266121972,0.4795486600846262
264,724.1884984025559,1.4185303514376997,6.567092651757188,14.014376996805112,7.059105431309904,1469.9520766773162,0.6437699680511182,0.7747603833865815,0.7556389776357827,0.09119710341706268,0.4145734329033718,0.33559628875311154,0.15863317492645396,0.5461711711711712
265,692.836389280677,0.7404795486600846,6.851904090267983,14.69675599435825,6.6417489421720735,1449.1424541607898,0.3540197461212976,0.38645980253878703,-1.7644710860366715,0.08473136547037588,0.3359524315141219,0.35718836270970483,0.2221278403057974,0.5219047619047619
266,693.0710382513661,0.5519125683060109,6.614754098360656,13.980874316939891,5.778688524590164,1472.155737704918,0.2650273224043716,0.28688524590163933,-1.7349726775956285,0.07092198581560284,0.4193853427895981,0.324822695035461,0.18486997635933805,0.5198019801980198
267,675.6382978723404,1.193126022913257,7.291325695581015,15.661211129296236,7.042553191489362,1410.150572831424,0.563011456628478,0.630114566284779,1.3146644844517186,0.09900069718800837,0.4206367650476412,0.2930513595166163,0.18731117824773413,0.5281207133058985
268,704.6793103448276,1.5160919540229885,6.398850574712644,13.74367816091954,6.119540229885057,1511.3091954022989,0.8275862068965517,0.6885057471264368,-1.6732988505747126,0.07945154019534185,0.29451540195341847,0.3386551465063862,0.2873779113448535,0.4541319181197877
269,664.1885856079405,0.5583126550868487,7.188585607940446,15.513647642679901,7.029776674937965,1396.9330024813896,0.2704714640198511,0.2878411910669975,-0.8291811414392061,0.10024708789269325,0.4892340275326509,0.2703847511471938,0.14013413342746206,0.5155555555555555
270,695.0966010733453,1.1896243291592128,6.803220035778176,14.14490161001789,7.059033989266547,1495.3542039355993,0.49552772808586765,0.6940966010733453,-0.9735062611806797,0.10922453117080588,0.39559047136340597,0.34414597060314245,0.15103902686264573,0.5834586466165413
271,692.9660056657224,1.1203966005665722,7.501416430594901,15.681303116147308,6.120396600566572,1454.2124645892352,0.5864022662889519,0.5339943342776204,-1.6562181303116146,0.09743115019671372,0.3293219162230965,0.2895163156676695,0.28373061791252024,0.47661188369152974
272,698.7693574958814,1.4958813838550247,7.090609555189456,14.744645799011533,6.805601317957167,1473.9060955518946,0.7034596375617792,0.7924217462932455,-1.7071499176276772,0.09101912369886227,0.41636407649479545,0.3042846768336964,0.18833212297264584,0.5297356828193832
273,663.8382608695653,0.8365217391304348,7.300869565217392,15.48,7.210434782608695,1418.7373913043477,0.3773913043478261,0.4591304347826087,-0.7823826086956521,0.08755426917510854,0.46140858658948386,0.2884708152436083,0.16256632899179932,0.5488565488565489
274,693.3307086614174,0.9829396325459318,6.846456692913386,14.503937007874017,6.297900262467191,1487.9606299212599,0.458005249343832,0.5249343832020997,-1.6305905511811023,0.072723484059179,0.323817461971244,0.3529902062929777,0.25046884767659927,0.5340453938584779
275,682.8417391304348,1.0469565217391303,7.391304347826087,16.151304347826088,7.010434782608695,1405.0591304347827,0.41391304347826086,0.6330434782608696,-1.8169391304347826,0.10568097246340859,0.3914661374348797,0.3358967998015381,0.16695609030017367,0.6046511627906976
276,701.001976284585,0.5395256916996047,8.138339920948617,17.432806324110672,6.893280632411067,1341.0335968379447,0.2549407114624506,0.2845849802371542,-1.7495256916996047,0.10722477064220183,0.38073394495412843,0.3583715596330275,0.1536697247706422,0.5274725274725275
277,713.4637865311308,0.5959339263024143,6.848792884371029,14.587039390088945,6.407878017789073,1470.5171537484116,0.3138500635324015,0.2820838627700127,-1.726861499364676,0.07852468768590125,0.3188578227245687,0.33313503866745986,0.2694824509220702,0.47334754797441364
278,701.6937086092715,0.8741721854304636,7.289735099337748,16.026490066225165,6.2781456953642385,1389.1788079470198,0.37251655629139074,0.5016556291390728,-1.6050165562913907,0.09414556962025317,0.3939873417721519,0.2927215189873418,0.21914556962025317,0.5738636363636364
279,718.2648221343874,0.31225296442687744,6.8893280632411065,14.59288537549407,7.049407114624506,1450.8458498023715,0.13438735177865613,0.17786561264822134,-1.818399209486166,0.08102046537706756,0.4014578076815251,0.34202410989627136,0.17549761704513597,0.569620253164557
280,712.3809523809524,0.6970899470899471,5.921957671957672,12.853174603174603,6.451058201058201,1537.7896825396826,0.3439153439153439,0.3531746031746032,-1.590079365079365,0.09021939717039164,0.33032602009432027,0.34078326840270656,0.2386713143325815,0.5066413662239089
281,681.6047794117648,1.2904411764705883,7.742647058823529,17.029411764705884,6.477941176470588,1348.8731617647059,0.6213235294117647,0.6691176470588235,-2.022077205882353,0.11322360953461975,0.4103291713961407,0.2508513053348468,0.22559591373439272,0.5185185185185185
282,679.5455882352941,0.39705882352941174,7.554411764705883,16.82794117647059,6.779411764705882,1343.5161764705883,0.19117647058823528,0.20588235294117646,0.3071470588235294,0.0945770065075922,0.40802603036876356,0.30021691973969633,0.19718004338394793,0.5185185185185185
283,708.8002594033723,0.39299610894941633,6.687418936446174,14.638132295719844,6.549935149156939,1472.9974059662775,0.19584954604409857,0.19714656290531776,-1.6414656290531775,0.07782178217821782,0.35306930693069305,0.3017821782178218,0.26732673267326734,0.5016501650165016
284,662.2758620689655,0.5011494252873563,7.32183908045977,16.183908045977013,6.947126436781609,1378.319540229885,0.21149425287356322,0.2896551724137931,-1.5214022988505749,0.08901389808074123,0.43911317008603573,0.3041032428855063,0.16776968894771674,0.5779816513761468
285,655.4189852700491,0.5008183306055647,7.229132569558102,15.397708674304418,7.435351882160393,1393.2847790507365,0.25859247135842883,0.24222585924713586,3.0535351882160393,0.10367598503191723,0.4221879815100154,0.3273167510455646,0.14681928241250275,0.48366013071895425
286,709.3300970873786,0.4091539528432732,6.654646324549237,14.0748959778086,6.338418862690707,1484.7725381414702,0.24687933425797504,0.1622746185852982,-1.634882108183079,0.08205689277899343,0.3074398249452954,0.3522975929978118,0.25820568927789933,0.39661016949152544
287,670.5357798165138,0.30642201834862387,7.6,16.7651376146789,6.774311926605504,1355.3045871559632,0.1596330275229358,0.14678899082568808,-1.8692293577981651,0.10211267605633803,0.41684723726977246,0.2640845070422535,0.21695557963163598,0.47904191616766467
288,663.6529160739688,0.6955903271692745,6.378378378378378,13.536273115220483,6.749644381223328,1505.674253200569,0.32716927453769556,0.3684210526315789,-1.3847937411095306,0.09462592202318229,0.37892518440463646,0.32118018967334033,0.2052687038988409,0.5296523517382413
289,678.5268225584595,0.40852819807427787,6.255845942228335,13.017881705639615,6.873452544704264,1534.2943603851445,0.2077028885832187,0.20082530949105915,-1.4662723521320495,0.08044826896137683,0.3590154092455473,0.3273964378627176,0.23313988393035823,0.49158249158249157
290,668.3453355155483,0.44680851063829785,7.230769230769231,15.523731587561375,7.054009819967267,1420.5842880523733,0.22585924713584288,0.220949263502455,-1.7170212765957444,0.09048723897911833,0.42041763341067284,0.3067285382830626,0.18236658932714617,0.4945054945054945
291,686.7269439421339,0.6763110307414105,6.871609403254973,15.083182640144665,6.808318264014466,1442.3960216998191,0.34177215189873417,0.3345388788426763,-0.8382820976491863,0.11766268260292165,0.3745019920318725,0.31128818061088975,0.19654714475431606,0.4946524064171123
292,708.6476744186047,0.3174418604651163,6.091860465116279,12.973255813953488,6.3930232558139535,1534.796511627907,0.19651162790697674,0.12093023255813953,-1.3626511627906979,0.07493634048744999,0.31356857038923247,0.3324845398326664,0.27901054929065117,0.38095238095238093
293,680.6362179487179,0.5272435897435898,6.886217948717949,14.963141025641026,6.891025641025641,1449.264423076923,0.3092948717948718,0.21794871794871795,-1.786602564102564,0.09674418604651162,0.4246511627906977,0.27767441860465114,0.20093023255813955,0.4133738601823708
294,683.0617816091954,0.8433908045977011,7.0905172413793105,15.070402298850574,7.314655172413793,1421.073275862069,0.37787356321839083,0.46551724137931033,3.679683908045977,0.08956982911019445,0.4130819092516205,0.3384403849931251,0.1589078766450599,0.5519591141396933
295,670.842939481268,0.5547550432276657,6.687319884726225,14.530259365994237,6.762247838616715,1472.1484149855908,0.276657060518732,0.2780979827089337,-1.7647982708933718,0.0794800767099936,0.33091838909013427,0.3743873854677179,0.21521414873215428,0.5012987012987012
296,701.85559566787,1.0072202166064983,6.787003610108303,14.494584837545126,6.584837545126354,1469.615523465704,0.4602888086642599,0.5469314079422383,-1.6334657039711193,0.09758771929824561,0.3988486842105263,0.3045504385964912,0.19901315789473684,0.543010752688172
297,674.4145616641902,0.4115898959881129,6.833580980683506,14.809806835066865,6.973254086181278,1427.5408618127785,0.2050520059435364,0.2065378900445765,1.39592867756315,0.09503515874707011,0.4001704666524611,0.3053483912209674,0.1994459833795014,0.5018050541516246
298,728.6788571428572,0.8194285714285714,6.420571428571429,13.755428571428572,6.289142857142857,1500.825142857143,0.37942857142857145,0.44,-1.5897257142857142,0.07250590586952571,0.28202798473559876,0.35289841904415775,0.2925676903507178,0.5369595536959554
299,658.8756476683938,1.5233160621761659,7.1692573402417965,15.193436960276339,7.041450777202073,1428.0932642487046,0.7271157167530224,0.7962003454231433,-1.709222797927461,0.09467745891586951,0.4746136865342163,0.2509197939661516,0.17978906058376257,0.5226757369614512
300,675.8361934477379,1.2558502340093605,6.6287051482059285,14.725429017160687,7.053042121684867,1436.8970358814352,0.608424336973479,0.6474258970358814,0.5725897035881434,0.10019907100199071,0.3855341738553417,0.35169210351692104,0.16257465162574652,0.515527950310559
301,727.1350613915416,1.407912687585266,6.65075034106412,14.212824010914051,6.181446111869032,1481.512960436562,0.7517053206002728,0.6562073669849932,-1.7083765347885402,0.09401898035753697,0.3175899359964688,0.29463694548664754,0.2937541381593467,0.46608527131782945
302,687.9677419354839,1.4301075268817205,7.331797235023042,15.427035330261136,6.846390168970814,1432.6359447004609,0.6835637480798771,0.7465437788018433,-1.8082334869431644,0.08615660758357639,0.40161543639219205,0.3073816468476554,0.20484630917657617,0.5220193340494093
303,685.6913793103448,0.8689655172413793,6.291379310344827,13.587931034482759,7.45,1503.201724137931,0.42758620689655175,0.4413793103448276,-1.527896551724138,0.08840546169868087,0.43462161536681326,0.3047905577412636,0.17218236519324231,0.5079365079365079
304,705.4443053817272,1.0725907384230289,6.704630788485607,14.142678347934918,6.3892365456821025,1485.9349186483105,0.4881101376720901,0.5844806007509387,-1.7126783479349188,0.06993143976493633,0.31616062683643487,0.3661116552399608,0.24779627815866798,0.544924154025671
305,648.8136752136752,0.6222222222222222,6.858119658119658,14.82905982905983,7.305982905982906,1446.9846153846154,0.2905982905982906,0.3316239316239316,-0.9600854700854701,0.10177819372952737,0.39775386055217593,0.3329433785680861,0.16752456715021058,0.532967032967033
306,703.8890942698706,0.5933456561922366,7.134935304990758,14.964879852125692,7.042513863216266,1441.5489833641404,0.26247689463955637,0.33086876155268025,-1.7122735674676526,0.09606299212598425,0.37690288713910763,0.35538057742782153,0.17165354330708663,0.557632398753894
307,703.8241758241758,0.3137973137973138,5.931623931623932,12.722832722832722,6.427350427350428,1543.5042735042734,0.17704517704517705,0.13675213675213677,-1.532905982905983,0.07693768996960486,0.3071808510638298,0.33358662613981765,0.2822948328267477,0.4357976653696498
308,646.0076452599388,1.029051987767584,6.86697247706422,14.688073394495413,6.518348623853211,1448.8715596330276,0.4785932721712538,0.5504587155963303,-1.5025382262996942,0.10180623973727422,0.3715693173821253,0.29134412385643915,0.23528031902416138,0.5349182763744428
309,650.4551083591331,0.2708978328173375,6.434984520123839,13.410216718266254,7.303405572755418,1486.5882352941176,0.11609907120743033,0.15479876160990713,-0.22427244582043343,0.09792284866468842,0.43259855871131836,0.3062738448495125,0.1632047477744807,0.5714285714285714
310,686.1081081081081,1.3783783783783783,6.037323037323038,12.424710424710424,6.611325611325611,1557.1377091377092,0.7323037323037324,0.646074646074646,-1.3308365508365507,0.0864317695152813,0.3326844461748102,0.34027642592953083,0.24060735838037764,0.46872082166199813
311,639.5206286836935,1.5324165029469548,7.25343811394892,15.157170923379175,6.514734774066798,1449.7838899803537,0.724950884086444,0.8074656188605108,-1.7978781925343812,0.11700844390832328,0.4143546441495778,0.2554282267792521,0.2132086851628468,0.5269230769230769
312,657.6561014263075,0.7749603803486529,6.445324881141046,13.896988906497622,6.950871632329635,1478.5103011093502,0.38510301109350237,0.3898573692551506,-1.054675118858954,0.09119927040583675,0.38235294117647056,0.3166894664842681,0.20975832193342453,0.5030674846625767
313,679.2750642673521,0.9768637532133676,5.650385604113111,11.98586118251928,6.763496143958869,1578.43059125964,0.5372750642673522,0.43958868894601544,-1.5330205655526994,0.07240592930444698,0.3483466362599772,0.3177499049790954,0.2614975294564804,0.45
314,648.9254966887418,0.640728476821192,6.950331125827814,14.847682119205299,6.599337748344371,1429.0099337748345,0.24834437086092714,0.3923841059602649,-1.2808278145695364,0.08479678876066232,0.4199698946312092,0.30306071249372807,0.1921726041144004,0.6124031007751938
315,624.1748148148148,0.48444444444444446,6.269629629629629,13.118518518518519,7.499259259259259,1470.0562962962963,0.22074074074074074,0.2637037037037037,4.089733333333333,0.10015804030027657,0.40161991307783484,0.3273409719478467,0.17088107467404187,0.5443425076452599
316,682.6595174262735,0.6005361930294906,6.689008042895442,14.257372654155496,6.415549597855228,1469.7600536193029,0.3042895442359249,0.29624664879356566,-0.9565281501340481,0.09256163811115754,0.30631007104053487,0.34956122022565816,0.2515670706226494,0.49330357142857145
317,673.0594679186229,0.30359937402190923,6.63849765258216,14.446009389671362,6.286384976525822,1444.9483568075118,0.11424100156494522,0.18935837245696402,-1.5001408450704226,0.09733632063729152,0.39805825242718446,0.25964650236494896,0.24495892457057505,0.6237113402061856
318,676.1041666666666,0.6069444444444444,6.379166666666666,13.322222222222223,6.983333333333333,1497.6902777777777,0.3472222222222222,0.25972222222222224,0.07274999999999997,0.09705648369132856,0.3772871917263325,0.32239459029435164,0.20326173428798727,0.4279176201372998
319,669.9186991869918,0.39295392953929537,6.59349593495935,14.116531165311653,6.840108401084011,1483.3265582655827,0.18292682926829268,0.21002710027100271,-1.5133333333333332,0.08240887480190175,0.3526148969889065,0.3282488114104596,0.23672741679873216,0.5344827586206896
320,636.5468483816013,0.8517887563884157,6.959114139693356,14.96252129471891,6.650766609880749,1426.526405451448,0.4599659284497445,0.39182282793867124,-1.753015332197615,0.08913934426229508,0.4203381147540984,0.3073770491803279,0.1831454918032787,0.46
321,653.4468438538206,0.9086378737541528,6.617940199335548,14.313953488372093,6.543189368770764,1456.2956810631229,0.3903654485049834,0.5182724252491694,-1.0526744186046513,0.10891089108910891,0.3681137344503681,0.3056613353643057,0.21731403909621733,0.5703839122486288
322,679.0715962441315,0.4272300469483568,6.103286384976526,13.316901408450704,6.414319248826291,1505.1232394366198,0.22065727699530516,0.20657276995305165,-0.8219483568075118,0.0768526989935956,0.32516010978957,0.3291857273559012,0.26880146386093323,0.4835164835164835
323,672.6410684474124,1.1151919866444073,5.637729549248748,12.237061769616027,6.929883138564274,1555.2103505843072,0.5542570951585977,0.5609348914858097,-1.4483806343906511,0.09443507588532883,0.43290773307636715,0.2652372922187425,0.20741989881956155,0.5029940119760479
324,653.1621187800963,0.9454253611556982,6.680577849117175,13.974317817014446,6.977528089887641,1482.1139646869983,0.46869983948635635,0.4767255216693419,-1.129502407704655,0.07637451115711985,0.4002760524499655,0.3521969174143087,0.17115251897860592,0.5042444821731749
325,639.2663043478261,0.6440217391304348,6.368206521739131,13.127717391304348,6.998641304347826,1516.2907608695652,0.29483695652173914,0.3491847826086957,-0.491616847826087,0.09066200737720831,0.3278974956319161,0.36225975538730343,0.21918074160357212,0.5421940928270043
326,674.2519685039371,0.6981627296587927,5.847769028871391,12.73228346456693,6.354330708661418,1518.2152230971128,0.4409448818897638,0.2572178477690289,-1.5143569553805776,0.08384964890541098,0.40644361833952913,0.3097893432465923,0.19991738950846757,0.3684210526315789
327,657.2770167427701,0.2785388127853881,5.905631659056317,13.06544901065449,6.7534246575342465,1495.7260273972602,0.1080669710806697,0.1704718417047184,0.08732115677321153,0.0872210953346856,0.39148073022312374,0.31350011268875366,0.207798061753437,0.6120218579234973
328,655.9222737819025,0.845707656612529,5.889791183294664,12.237819025522041,6.250580046403712,1551.1728538283062,0.47447795823665895,0.37122969837587005,-1.5821577726218097,0.07757980697847068,0.2873051224944321,0.3418708240534521,0.29324424647364516,0.438957475994513
329,643.5142857142857,0.5815126050420169,6.384873949579832,13.863865546218488,7.005042016806723,1472.363025210084,0.2991596638655462,0.2823529411764706,-1.676016806722689,0.0904510556621881,0.47648752399232247,0.256957773512476,0.17610364683301344,0.48554913294797686
330,644.1696428571429,0.6696428571428571,6.703571428571428,14.303571428571429,7.071428571428571,1451.8089285714286,0.2875,0.3821428571428571,-1.7120178571428573,0.0952020202020202,0.3830808080808081,0.35,0.1717171717171717,0.5706666666666667
331,676.3818953323904,0.8741159830268741,6.371994342291372,13.123055162659123,6.325318246110325,1523.978783592645,0.43422913719943423,0.43988684582743987,-1.6405233380480904,0.09279964221824687,0.3103756708407871,0.29852415026833634,0.2983005366726297,0.5032362459546925
332,654.5790349417638,1.0831946755407653,6.891846921797005,14.89018302828619,6.798668885191348,1448.4442595673877,0.46589018302828616,0.6173044925124792,-1.7020965058236273,0.08663729809104258,0.4202153695545766,0.28952520802741066,0.20362212432697013,0.5698924731182796
333,660.8630136986301,0.4885844748858447,6.430745814307458,13.41248097412481,7.424657534246576,1480.3485540334855,0.2298325722983257,0.258751902587519,0.5954033485540335,0.0959409594095941,0.43316933169331695,0.2908979089790898,0.17999179991799918,0.5295950155763239
334,681.5685483870968,0.9946236559139785,6.045698924731183,12.666666666666666,6.723118279569892,1535.84811827957,0.47580645161290325,0.5188172043010753,-1.61497311827957,0.06917233106757296,0.3170731707317073,0.36485405837664936,0.24890043982407037,0.5216216216216216
335,664.2698706099815,0.5637707948243993,7.042513863216266,14.591497227356747,7.255083179297597,1441.3974121996303,0.28650646950092423,0.27726432532347506,-1.6452310536044363,0.10012738853503185,0.3994904458598726,0.35082802547770703,0.14955414012738855,0.4918032786885246
336,661.3886925795053,0.5600706713780919,6.752650176678445,14.842756183745584,6.91696113074205,1429.1572438162543,0.3374558303886926,0.2226148409893993,-1.6439752650176678,0.10242656449553002,0.38135376756066414,0.34968071519795657,0.1665389527458493,0.39747634069400634
337,665.5017142857142,0.37485714285714283,6.445714285714286,13.628571428571428,6.248,1483.9805714285715,0.18971428571428572,0.18514285714285714,-0.27106285714285716,0.07901957197731846,0.2968721419425645,0.33510151820010975,0.28900676788000734,0.49390243902439024
338,654.531810766721,0.7030995106035889,6.412724306688418,14.3442088091354,6.375203915171289,1458.9902120717782,0.2838499184339315,0.4192495921696574,-1.8208972267536705,0.09698055271238486,0.37461617195496416,0.2947799385875128,0.2336233367451382,0.5962877030162413
339,619.1965408805031,0.2940251572327044,7.0424528301886795,15.566037735849056,7.165094339622642,1374.6933962264152,0.16666666666666666,0.12735849056603774,0.47853773584905657,0.09545753785385122,0.4116743471582181,0.32214175992977834,0.17072635505815228,0.43315508021390375
340,676.2282321899736,0.5593667546174143,6.104221635883905,12.687335092348285,6.745382585751979,1530.3456464379947,0.3403693931398417,0.21899736147757257,-1.6469129287598947,0.0809700762761588,0.3299432818306278,0.3522393897907295,0.23684725210248386,0.3915094339622642
341,641.0408602150537,0.5849462365591398,7.759139784946236,16.294623655913977,6.686021505376344,1382.258064516129,0.3161290322580645,0.26881720430107525,-1.8906666666666665,0.12351238340302348,0.4187841749758765,0.26021228690897397,0.19749115471212608,0.45955882352941174
342,678.4378378378378,0.37027027027027026,6.437837837837838,13.231081081081081,7.0608108108108105,1491.0635135135135,0.17702702702702702,0.19324324324324324,-0.23595945945945945,0.09358851674641148,0.39674641148325357,0.2983732057416268,0.21129186602870814,0.5218978102189781
343,660.7938144329897,0.5554123711340206,6.815721649484536,14.140463917525773,6.675257731958763,1478.9291237113403,0.28865979381443296,0.2667525773195876,-1.6552319587628865,0.077992277992278,0.3635135135135135,0.2976833976833977,0.2608108108108108,0.4802784222737819
344,663.8835725677831,0.5390749601275917,7.288676236044657,15.392344497607656,6.776714513556619,1408.8452950558215,0.2551834130781499,0.2838915470494418,-1.3967783094098882,0.0875500117674747,0.4022122852435867,0.3231348552600612,0.1871028477288774,0.5266272189349113
345,623.0838926174497,0.3221476510067114,6.867449664429531,14.078859060402685,7.359060402684563,1444.0536912751677,0.16946308724832215,0.15268456375838926,1.961963087248322,0.09872321021431829,0.4062927496580027,0.3317373461012312,0.1632466940264478,0.4739583333333333
346,696.250700280112,0.7142857142857143,5.798319327731092,12.081232492997199,6.5854341736694675,1560.796918767507,0.33613445378151263,0.37815126050420167,-1.6423809523809525,0.08166737558485751,0.30433857932794556,0.36091025095703955,0.25308379413015736,0.5294117647058824
347,667.4352,0.392,7.2272,15.5072,6.3744,1401.8528,0.2,0.192,-1.62376,0.09161646586345382,0.3973393574297189,0.2663152610441767,0.2447289156626506,0.4897959183673469
348,685.8575233022636,0.4833555259653795,6.527296937416778,13.85486018641811,6.572569906790945,1459.607190412783,0.21304926764314247,0.27030625832223704,0.5986950732356857,0.09359805510534847,0.37074554294975687,0.3202998379254457,0.21535656401944894,0.559228650137741
349,672.4893333333333,0.3413333333333333,5.888,12.469333333333333,6.868,1538.3133333333333,0.20133333333333334,0.14,-0.6281333333333333,0.075713453698311,0.34944670937682004,0.3391574451562803,0.23568239176858863,0.41015625
350,679.9865671641791,0.44776119402985076,6.074626865671642,13.08955223880597,6.7522388059701495,1506.044776119403,0.2507462686567164,0.19701492537313434,-1.616820895522388,0.09350132625994695,0.40605658709106984,0.3180813439434129,0.1823607427055703,0.44
351,669.6502384737679,0.8203497615262321,6.5532591414944354,13.958664546899842,6.798092209856915,1457.7965023847378,0.4069952305246423,0.4133545310015898,0.2953259141494435,0.11131898971000935,0.3882132834424696,0.29443405051449956,0.20603367633302153,0.5038759689922481
352,680.3539192399049,0.49287410926365793,6.3610451306413305,13.339667458432304,6.527315914489312,1503.1603325415676,0.2755344418052256,0.2173396674584323,-1.5430878859857482,0.07678311499272197,0.30476710334788937,0.3418850072780204,0.2765647743813683,0.44096385542168676
353,664.4168012924071,0.938610662358643,6.436187399030695,13.418416801292407,6.940226171243942,1498.0533117932148,0.4410339256865913,0.4975767366720517,-1.449886914378029,0.0935754189944134,0.4383147113594041,0.2711824953445065,0.19692737430167598,0.5301204819277109
354,641.8678955453149,0.5407066052227343,7.21505376344086,15.434715821812595,7.417818740399386,1392.7910906298002,0.3241167434715822,0.21658986175115208,1.1008909370199693,0.08656036446469248,0.3886933112445641,0.36156554151998344,0.16318078277075998,0.4005681818181818
355,688.434328358209,0.4701492537313433,5.341791044776119,11.444776119402984,7.25820895522388,1583.5,0.23283582089552238,0.2373134328358209,-1.5606567164179106,0.0793748714785112,0.32757557063541026,0.3687024470491466,0.22434711083693193,0.5047619047619047
356,683.56369982548,1.7766143106457242,5.837696335078534,12.841186736474695,6.659685863874346,1513.2722513089004,0.8289703315881326,0.9476439790575916,-0.7437521815008726,0.10036687631027254,0.3915094339622642,0.3029350104821803,0.20518867924528303,0.5333988212180747
357,670.4868238557559,0.4590846047156727,6.281553398058253,13.686546463245492,6.959778085991678,1459.5492371705964,0.21636615811373092,0.24271844660194175,1.6910263522884883,0.09426066161817458,0.3895974491829414,0.30709445994420087,0.20904742925468314,0.5287009063444109
358,715.3140208574739,0.9895712630359212,5.621089223638471,12.417149478563152,6.359212050984937,1549.263035921205,0.5052143684820394,0.4843568945538818,-1.6437543453070682,0.07179300291545189,0.28516763848396504,0.35258746355685133,0.29045189504373176,0.4894613583138173
359,684.1134868421053,0.8305921052631579,6.120065789473684,13.126644736842104,7.254934210526316,1503.983552631579,0.42269736842105265,0.40789473684210525,-1.723717105263158,0.09022897302199048,0.4602131036046248,0.2688732713670369,0.18068465200634776,0.4910891089108911
360,702.7130872483222,0.9161073825503355,6.922818791946309,15.036912751677852,7.390939597315437,1423.6677852348994,0.3187919463087248,0.5973154362416108,-0.7372986577181209,0.0923950056753689,0.40567536889897843,0.34574347332576616,0.15618615209988648,0.652014652014652
361,706.8185483870968,1.0833333333333333,5.711021505376344,12.35483870967742,6.314516129032258,1564.108870967742,0.5913978494623656,0.49193548387096775,-1.6741532258064515,0.09429544487015751,0.32098765432098764,0.2992762877820349,0.28544061302681994,0.45409429280397023
362,683.5899864682003,0.8822733423545331,6.140730717185385,13.358592692828147,6.577807848443843,1507.3734776725305,0.43843031123139375,0.4438430311231394,-1.444276048714479,0.08599053692655832,0.3774943427278338,0.3194815881505863,0.2170335321950216,0.5030674846625767
363,689.2735674676525,0.977818853974122,6.020332717190388,13.012939001848428,7.32532347504621,1530.192236598891,0.5600739371534196,0.4177449168207024,-1.6694639556377078,0.07115821347464042,0.44259399444865,0.30582891748675245,0.1804188745899571,0.42722117202268434
364,676.8926767676768,0.7146464646464646,6.67550505050505,14.387626262626263,6.587121212121212,1463.8636363636363,0.3207070707070707,0.3939393939393939,-1.3167424242424244,0.0697718995591336,0.320299022426682,0.3571017826336975,0.25282729538048687,0.5512367491166078
365,659.0602006688963,1.0217391304347827,7.157190635451505,14.989966555183946,6.9280936454849495,1440.2508361204013,0.4498327759197324,0.5719063545150501,-0.7633946488294315,0.09630702389572773,0.40284817764904657,0.3347815592565774,0.16606323919864832,0.5597381342062193
366,688.912013536379,1.089678510998308,6.802030456852792,14.52284263959391,7.2571912013536375,1446.7428087986464,0.5194585448392555,0.5702199661590525,0.35881556683587135,0.10631848915831196,0.3723478666355794,0.3609232921426906,0.16041035206341805,0.5232919254658385
367,697.3003492433062,0.8381839348079162,5.755529685681024,12.128055878928988,6.405122235157159,1559.080325960419,0.409778812572759,0.42840512223515714,-1.1118975552968569,0.07960741548527808,0.30189022173755,0.3360596146855689,0.2824427480916031,0.5111111111111111
368,672.4687933425797,1.1525658807212205,6.378640776699029,14.083217753120666,6.425797503467407,1465.1927877947296,0.5894590846047156,0.5631067961165048,-1.7707766990291263,0.09216490394992445,0.3505288150226635,0.3071443988776171,0.25016188214979496,0.48856799037304455
369,679.6300940438872,0.329153605015674,6.219435736677116,13.89655172413793,7.427899686520377,1442.5454545454545,0.1677115987460815,0.1614420062695925,0.9436833855799373,0.09643384680312302,0.43321375817683055,0.3207427727368643,0.14960962228318211,0.49047619047619045
370,719.1617458279846,1.0706033376123234,6.409499358151476,14.14377406931964,6.7766367137355585,1467.558408215661,0.503209242618742,0.5673940949935815,-0.47301668806161756,0.08562227694639137,0.32657700322030686,0.3568857738207994,0.23091494601250237,0.5299760191846523
371,732.7831325301205,1.1153184165232357,6.218588640275387,13.881239242685027,6.394148020654045,1480.0998278829604,0.5628227194492255,0.5524956970740104,-1.811170395869191,0.11332436069986541,0.3851951547779273,0.2611036339165545,0.24037685060565275,0.49537037037037035
372,724.5638148667601,0.7307152875175316,6.842917251051893,14.903225806451612,7.019635343618513,1430.0336605890602,0.4361851332398317,0.29453015427769985,0.0612622720897615,0.1034965034965035,0.3882117882117882,0.3174825174825175,0.19080919080919082,0.40307101727447214
373,747.8231707317074,1.0060975609756098,5.980487804878049,12.771951219512195,6.748780487804878,1540.8060975609756,0.5585365853658537,0.4475609756097561,-1.5428170731707316,0.07932779183230936,0.3547162992410553,0.3061076978677268,0.25984821105890854,0.4448484848484848
374,704.0309859154929,0.8028169014084507,7.7126760563380286,16.628169014084506,6.6845070422535215,1366.876056338028,0.3408450704225352,0.4619718309859155,-1.0288591549295776,0.08449220396123051,0.3921196797302992,0.3198482932996207,0.20353982300884957,0.5754385964912281
375,672.811209439528,0.7595870206489675,6.575221238938053,14.497050147492626,7.570796460176991,1415.6002949852507,0.40117994100294985,0.3584070796460177,4.050840707964602,0.09682446912137152,0.414767192674849,0.3272939801285798,0.1611143580751997,0.47184466019417476
376,753.9289215686274,0.8308823529411765,6.004901960784314,12.848039215686274,6.295343137254902,1534.1360294117646,0.4411764705882353,0.3897058823529412,-1.595857843137255,0.08331711115437025,0.29141522289273897,0.35993770683278176,0.26532995912010904,0.4690265486725664
377,726.7539568345323,0.8618705035971223,6.250359712230216,14.15251798561151,6.4517985611510795,1450.253237410072,0.36546762589928056,0.49640287769784175,0.12736690647482013,0.0896520963425513,0.38068688670829615,0.2856824264049955,0.243978590544157,0.5759599332220368
378,752.0221066319896,0.8569570871261378,6.386215864759428,13.240572171651495,7.048114434330299,1516.920676202861,0.42522756827048114,0.4317295188556567,-0.3452405721716516,0.09243542435424354,0.37693726937269373,0.3230627306273063,0.20756457564575645,0.503793626707132
379,777.0485829959514,0.9979757085020243,5.394736842105263,11.18927125506073,7.351214574898785,1591.3704453441296,0.4757085020242915,0.5222672064777328,0.3217813765182186,0.08839322593969434,0.38069668181192345,0.31653586672174033,0.21437422552664187,0.5233265720081136
380,832.6274038461538,0.953125,5.525240384615385,11.372596153846153,7.3954326923076925,1581.8076923076924,0.49759615384615385,0.45552884615384615,-0.16730769230769235,0.09426296115715911,0.42613359336908824,0.3130180399804973,0.16658540549325532,0.47793190416141235
381,794.4280205655527,1.077120822622108,6.455012853470437,13.667095115681233,7.482005141388175,1467.5488431876606,0.480719794344473,0.596401028277635,2.7407969151670954,0.11750558323312146,0.41178491668098266,0.2758976120941419,0.194811887991754,0.5536992840095465
382,833.8655578655579,0.8108108108108109,4.734580734580734,10.10949410949411,7.454608454608454,1642.2051282051282,0.3943173943173943,0.4164934164934165,-0.437962577962578,0.06525983080784606,0.3125406711908525,0.3576275913358743,0.2645719066654272,0.5136752136752136
383,836.4823641563394,1.5300285986653956,5.470924690181125,11.44423260247855,7.565300285986654,1587.9866539561488,0.6854146806482364,0.8446139180171592,-0.14884652049571023,0.08014112903225806,0.4396421370967742,0.29611895161290325,0.18409778225806453,0.5520249221183801
384,796.7584158415841,1.4356435643564356,5.697029702970297,12.172277227722772,7.975247524752476,1540.5,0.7059405940594059,0.7297029702970297,2.2164059405940595,0.09397889509621353,0.4044692737430168,0.35679702048417133,0.1447548106765984,0.5082758620689655
385,807.7522195318805,0.6795803066989508,4.9491525423728815,10.28087167070218,7.560129136400323,1628.4422921711057,0.3502824858757062,0.32929782082324455,0.1242776432606941,0.07451692110601046,0.34333297747411123,0.35795879150208176,0.2241913099177965,0.4845605700712589
386,808.7788461538462,0.8771367521367521,5.646367521367521,12.01388888888889,7.579059829059829,1567.6517094017095,0.4284188034188034,0.44871794871794873,-1.1504700854700856,0.08683394417817875,0.4155624471384268,0.310685085988159,0.1869185226952354,0.5115712545676004
387,804.1605709188225,0.8349687778768956,5.712756467439786,12.057983942908118,7.735950044603033,1534.4299732381803,0.4424620874219447,0.39250669045495096,3.0542818911685994,0.09052121771217712,0.39183579335793356,0.33302583025830257,0.1846171586715867,0.4700854700854701
388,831.7027397260274,0.7205479452054795,4.726027397260274,9.902054794520549,7.402739726027397,1660.3308219178082,0.37123287671232874,0.3493150684931507,-1.1713082191780824,0.06374907475943746,0.2842339008142117,0.37657290895632867,0.27544411547002223,0.4847908745247148
389,822.8886910062333,2.0445235975066787,5.3187889581478185,11.65360641139804,7.641139804096171,1589.5102404274264,1.1024042742653606,0.9421193232413179,-0.15511130899376674,0.07353455308239133,0.46113506584314184,0.295536650740007,0.16979373033445985,0.460801393728223
390,820.7007168458781,0.9695340501792115,5.594086021505376,11.661290322580646,7.629928315412187,1571.138888888889,0.4014336917562724,0.568100358422939,1.5459856630824371,0.09183793305930711,0.3949500880798591,0.33364650616559016,0.1795654726952437,0.5859519408502772
391,842.5086887835703,1.6785150078988942,5.112954186413902,10.795418641390205,7.222748815165877,1631.2282780410742,0.84913112164297,0.8293838862559242,-1.399218009478673,0.0666010498687664,0.3386920384951881,0.3236001749781277,0.27110673665791774,0.49411764705882355
392,842.434554973822,1.274869109947644,5.801047120418848,12.254799301919721,7.448516579406632,1550.716404886562,0.555846422338569,0.7190226876090751,-0.3960558464223386,0.07755388940955951,0.4005388940955951,0.31197282099343954,0.2099343955014058,0.5639972621492129
393,826.5615589016829,1.5031000885739592,5.386182462356067,11.364924712134632,7.806023029229406,1557.3232949512844,0.7112488928255093,0.79185119574845,4.239707705934455,0.08657664813343924,0.42823102235334165,0.30364234653353,0.1815499829796891,0.5268120212139069
394,819.5059523809524,1.0555555555555556,4.693121693121693,9.798280423280424,7.249338624338624,1647.6660052910054,0.5105820105820106,0.544973544973545,1.3788492063492062,0.06678222789891433,0.2995164674755953,0.37396222972356535,0.259739074901925,0.5162907268170426
395,839.6128722382325,0.7512007684918348,5.358309317963497,11.103746397694524,7.793467819404419,1586.525456292027,0.36503362151777136,0.3861671469740634,0.46307396733909695,0.0808578824109454,0.40909651177123135,0.33107358560335265,0.1789720202144706,0.5140664961636828
396,837.0008826125331,0.9311562224183584,5.215357458075904,11.055604589585172,7.6902030008826125,1570.8314210061783,0.383053839364519,0.5481023830538394,3.632144748455428,0.09434178813267531,0.3704808906232067,0.36703775966945945,0.16813956157465856,0.5886255924170616
397,815.8566732412886,0.757396449704142,4.758053911900066,10.220249835634451,7.055884286653518,1630.3510848126232,0.358974358974359,0.398422090729783,0.650059171597633,0.06280283265001864,0.29202385389489377,0.3664740961610138,0.2786992172940738,0.5260416666666666
398,823.3352506162695,0.733771569433032,5.464256368118324,11.676253081347577,7.006573541495481,1564.0566967953985,0.36729663105998356,0.36647493837304845,-0.7520049301561216,0.07400023454907939,0.3643719948399203,0.3199249442945936,0.24170282631640672,0.49944008958566627
399,808.0101694915254,0.8076271186440678,5.418644067796611,11.644915254237288,7.7,1546.1516949152542,0.39322033898305087,0.41440677966101697,3.6660254237288132,0.08705701078582434,0.4340744001760951,0.2977107638124587,0.18115782522562185,0.5131164742917104
400,821.6417489421721,0.5253878702397743,4.603667136812412,9.862482369534556,7.22425952045134,1656.546544428773,0.26022566995768687,0.2651622002820874,-1.3839774330042314,0.06364701288559156,0.32506833268254587,0.36050370948848104,0.2507809449433815,0.5046979865771812
401,809.5086206896551,1.6637931034482758,5.741379310344827,12.346743295019158,7.164750957854406,1564.3065134099618,0.7614942528735632,0.9022988505747126,-1.162375478927203,0.08663101604278074,0.4294117647058823,0.275668449197861,0.20828877005347593,0.542314335060449
402,829.6396181384248,0.7684964200477327,5.291964996022275,10.969769291964996,7.590294351630867,1585.1241050119331,0.3898170246618934,0.3786793953858393,1.907096260938743,0.08615449114348601,0.39450791321664397,0.3233413688292632,0.19599622681060686,0.4927536231884058
403,823.6578397212544,0.9874564459930314,5.349128919860627,11.12404181184669,7.460627177700348,1609.823693379791,0.4515679442508711,0.5358885017421603,-0.6119651567944251,0.06379600224173361,0.3427984307864749,0.3326172239865496,0.2607883429852419,0.5426958362738179
404,828.0177404295051,1.0242763772175536,6.088702147525677,12.914098972922503,7.421101774042951,1532.0868347338935,0.49299719887955185,0.5312791783380019,-1.2593090569561158,0.0790135883241067,0.4033719174635128,0.32611977856064417,0.19149471565173629,0.5186873290793071
405,822.0433275563258,1.0051993067590987,5.110051993067591,11.122183708838822,7.601386481802426,1554.3310225303294,0.4376083188908146,0.5675909878682842,5.46285095320624,0.0926812585499316,0.39740082079343364,0.34108527131782945,0.1688326493388053,0.5646551724137931
406,855.2844290657439,0.6283737024221453,5.249826989619377,10.822145328719722,7.116955017301038,1608.2892733564013,0.328719723183391,0.2996539792387543,-0.7334394463667819,0.06495527032283158,0.2774212368728121,0.39021781408012446,0.2674056787242318,0.47687224669603523
407,839.1514614703277,1.2550930026572187,5.805137289636847,12.111603188662533,7.0744021257750225,1559.6634189548272,0.6067316209034543,0.6483613817537643,-0.4458458813108946,0.083135094528609,0.39363966445473897,0.3042443971453612,0.21898084387129085,0.5165843330980946
408,805.4376548307184,0.9562345169281585,5.464905037159372,11.50784475639967,7.484723369116432,1568.8554913294797,0.41040462427745666,0.5458298926507019,1.7104046242774569,0.08605472197705208,0.37014563106796117,0.33848190644307147,0.20531774051191526,0.5708117443868739
409,822.9499314128943,0.6145404663923183,4.788065843621399,9.932098765432098,7.294238683127572,1648.2537722908094,0.2935528120713306,0.32098765432098764,0.13129629629629627,0.060460742830277386,0.3358721203573108,0.34950634696755994,0.2541607898448519,0.5223214285714286
410,847.2870090634441,0.5901309164149043,5.718026183282981,12.264853977844915,7.716012084592145,1560.330312185297,0.2930513595166163,0.297079556898288,-1.614894259818731,0.08365961889845994,0.4374836857217437,0.312451057165231,0.1664056382145654,0.5034129692832765
411,823.9006560449859,1.3158388003748829,5.927835051546392,12.72539831302718,7.3317713214620435,1510.1733833177132,0.6579194001874414,0.6579194001874414,1.9425117150890345,0.10430781030295283,0.4084110954876646,0.29796753163747924,0.18931356257190335,0.5
412,865.8128238341969,0.7098445595854922,5.050518134715026,10.645725388601036,7.02720207253886,1626.1852331606217,0.3639896373056995,0.34585492227979275,-1.3752784974093264,0.06055299539170507,0.2999078341013825,0.3650691244239631,0.2744700460829493,0.48722627737226276
413,852.2848214285714,1.0455357142857142,5.963392857142857,12.591071428571428,7.470535714285714,1545.9678571428572,0.45714285714285713,0.5883928571428572,-1.0608392857142859,0.0760129078522768,0.4193856818453448,0.3133739691645751,0.19122744113780327,0.5627668659265584
414,807.3940455341506,0.7355516637478109,5.502626970227671,11.466725043782837,7.685639229422066,1563.5998248686515,0.3380035026269702,0.3975481611208406,2.8869877408056044,0.0847670046713,0.38612282100945655,0.3582089552238806,0.17090121909536288,0.5404761904761904
415,841.6020786933927,0.5567928730512249,5.267260579064588,11.268002969561989,7.294729027468448,1590.449146250928,0.26874536005939126,0.28804751299183373,-0.44178173719376396,0.06533686138815388,0.3255648280073275,0.36556075717484227,0.24353755342967637,0.5173333333333333
416,829.9135802469136,0.8983855650522318,5.8575498575498575,12.492877492877493,7.249762583095916,1547.5906932573598,0.43209876543209874,0.466286799620133,-1.4921652421652423,0.08187057898873461,0.38629813990044537,0.3308881320408698,0.20094314906995023,0.5190274841437632
417,828.9490291262136,0.7249190938511327,5.508090614886731,12.010517799352751,7.3624595469255665,1527.7346278317152,0.33171521035598706,0.3932038834951456,3.6926860841423945,0.08967032967032967,0.37450549450549453,0.3321978021978022,0.20362637362637362,0.5424107142857143
418,849.6818181818181,0.6800699300699301,4.755244755244755,10.355477855477856,6.903846153846154,1639.7465034965035,0.3315850815850816,0.3484848484848485,-0.14872960372960375,0.06145015615767705,0.27559719760276863,0.3728370051489829,0.2901156410905715,0.5124250214224507
419,862.6421232876712,1.4392123287671232,5.041095890410959,10.460616438356164,7.596746575342466,1646.820205479452,0.699486301369863,0.7397260273972602,-0.957833904109589,0.07043840865547166,0.44810098050264846,0.2940380930914009,0.18742251775047897,0.5139797739440809
420,821.36645396536,0.7000911577028259,5.26253418413856,11.411121239744759,7.467639015496809,1581.0929808568824,0.31722880583409296,0.3828623518687329,0.9195077484047403,0.093994140625,0.38037109375,0.346923828125,0.1787109375,0.546875
421,847.0532150776053,0.974870657797487,5.229859571322986,10.929785661492978,7.021433850702143,1629.5853658536585,0.515890613451589,0.458980044345898,-0.9205247597930525,0.06873684210526315,0.34,0.32063157894736843,0.27063157894736845,0.47081122062168307
422,864.3574297188756,1.5783132530120483,5.144578313253012,10.956626506024097,7.22570281124498,1625.1646586345382,0.7558232931726908,0.8224899598393575,-1.0042650602409637,0.07436638506002669,0.38995108937305467,0.31680746998666076,0.21887505558025788,0.5211195928753181
423,817.9347280334728,0.902928870292887,5.493723849372385,11.49539748953975,7.598326359832636,1560.873640167364,0.40753138075313805,0.49539748953974894,3.97326359832636,0.08314977973568281,0.40649779735682817,0.3114537444933921,0.19889867841409692,0.5486561631139945
424,847.4769759450172,0.8989690721649485,5.366323024054982,11.492096219931272,7.114089347079037,1603.545704467354,0.4357388316151203,0.4632302405498282,-1.4227697594501718,0.06153994783112743,0.2829678291952468,0.3845039126654429,0.27098831030818277,0.5152905198776758
425,845.5798816568048,1.1706114398422092,5.873767258382643,12.463510848126234,7.819526627218935,1562.4546351084812,0.5759368836291914,0.5946745562130178,-1.0238362919132151,0.07983352251229663,0.4087526800353134,0.3265228906545592,0.18489090679783074,0.5080033698399326
426,839.1745894554883,0.7139152981849611,5.437337942955921,11.651685393258427,7.50561797752809,1561.608470181504,0.33016421780466726,0.3837510803802939,2.1863699222126187,0.09362045140488254,0.35409949332105023,0.36423307231690466,0.1880469829571626,0.5375302663438256
427,858.6470207253886,0.7953367875647669,4.965673575129534,10.49740932642487,7.049222797927461,1631.3251295336788,0.40414507772020725,0.3911917098445596,0.2556541450777202,0.06183388460124954,0.28316795295847114,0.3690738699007718,0.2859242925395075,0.49185667752442996
428,894.9344129554656,0.9222672064777327,5.408097165991903,10.965991902834007,7.106072874493927,1609.3327935222671,0.4331983805668016,0.48906882591093115,-0.6401376518218624,0.07326800364630812,0.35597082953509573,0.34400638103919784,0.22675478577939837,0.5302897278314311
429,831.4363784665579,1.0570962479608483,5.426590538336052,11.376835236541599,7.656606851549755,1555.6590538336052,0.41353996737357257,0.6435562805872757,5.3209624796084825,0.0852242462980718,0.4317673378076063,0.29977628635346754,0.18323212954085438,0.6087962962962963
430,859.5541752933058,0.5810904071773637,5.298826777087647,11.069013112491373,7.238785369220152,1607.6839199447895,0.30917874396135264,0.27191166321601107,-1.04703933747412,0.06044427495471446,0.32462579845552486,0.36848126608828297,0.24644866050147773,0.4679334916864608
431,861.0280735721201,2.2468538238141336,6.045498547918683,12.658276863504357,7.135527589545014,1565.867376573088,1.0290416263310744,1.2178121974830591,-1.626621490803485,0.08411341744675079,0.4261294261294261,0.26414326414326417,0.22561389228055895,0.5420077552778975
432,850.2591389114541,0.8529650690495532,5.593013809910642,11.740861088545898,7.417546709991877,1549.8627132412673,0.36149471974004876,0.49147034930950445,2.2070105605199024,0.08575183441025079,0.38024312780637387,0.3356696966378272,0.19833534114554813,0.5761904761904761
433,866.8218623481781,1.0161943319838056,5.216599190283401,10.765856950067477,7.362348178137652,1631.7874493927125,0.49527665317139,0.5209176788124157,-1.4106882591093117,0.0582897992851251,0.3303088626157089,0.33855741911832093,0.27284391898084503,0.5126162018592297
434,859.4137931034483,0.9806560134566863,5.535744322960471,11.348191757779647,7.099243061396131,1588.2010092514718,0.46173254835996635,0.5189234650967199,-0.5289234650967201,0.07830825731548395,0.38917189906409194,0.3413102712948703,0.19120957232555386,0.5291595197255574
435,830.8155080213904,0.6060606060606061,5.507130124777183,11.44741532976827,7.68716577540107,1538.8119429590017,0.25133689839572193,0.35472370766488415,5.295614973262032,0.08904347826086957,0.4011594202898551,0.33797101449275363,0.17182608695652174,0.5852941176470589
436,867.1981004070557,0.5617367706919946,4.9613297150610585,10.259837177747626,7.002713704206242,1641.2238805970148,0.27544097693351427,0.2862957937584803,-1.0898914518317504,0.06297229219143577,0.27920945553187365,0.3869405154039915,0.2708777368726991,0.5096618357487923
437,849.2651006711409,1.2466442953020134,5.48238255033557,11.34479865771812,7.000838926174497,1588.21644295302,0.5545302013422819,0.6921140939597316,0.03781879194630869,0.07884961054523666,0.3811863391252247,0.3219892150988616,0.21797483523067704,0.5551816958277255
438,857.1673403395312,0.7502021018593371,5.447857720291027,11.16895715440582,7.525464834276475,1595.3233629749393,0.3516572352465643,0.39854486661277283,1.2766612772837511,0.08303792029219036,0.3747985820174025,0.3308626060801375,0.21130089161026963,0.53125
439,849.3930555555555,0.5652777777777778,4.873611111111111,10.13125,7.4840277777777775,1650.5458333333333,0.28402777777777777,0.28125,-1.0705416666666667,0.06421081933747796,0.33302403266215086,0.3487055766911014,0.25405957130926976,0.4975429975429975
440,845.3512323943662,0.6901408450704225,5.621478873239437,11.726232394366198,7.525528169014085,1577.5519366197184,0.31161971830985913,0.3785211267605634,-1.333644366197183,0.07579833898701603,0.4048426716575038,0.3230787226576208,0.1962802666978594,0.548469387755102
441,835.3342490842491,1.5,5.162087912087912,10.6007326007326,7.386446886446887,1604.0027472527472,0.7573260073260073,0.7426739926739927,2.733827838827839,0.0971981155467394,0.38990825688073394,0.3109347879990082,0.20195883957351848,0.49511599511599513
442,863.4963696369637,0.7102310231023102,4.561716171617162,9.624422442244224,7.301650165016501,1666.069306930693,0.4,0.3102310231023102,-0.04456765676567663,0.0630988971252938,0.2964201771831495,0.3637678539143012,0.27671307177725546,0.4368029739776952
443,838.0129390018484,1.3123844731977818,6.0591497227356745,12.418669131238447,7.551756007393715,1554.8391866913123,0.5582255083179297,0.7541589648798521,0.43179297597042515,0.07587810549504345,0.4371557948843471,0.31244645698200957,0.17451964263859993,0.5746478873239437
444,847.3584260051326,0.7296834901625321,5.495295124037639,11.251497005988025,7.654405474764756,1562.9828913601368,0.33105218135158254,0.39863130881094955,4.372574850299401,0.08426464014304873,0.38511399195350915,0.35113991953509166,0.17948144836835048,0.5463071512309496
445,859.0094066570188,0.7735166425470333,5.164978292329956,10.868306801736614,7.232272069464544,1616.575976845152,0.3907380607814761,0.3827785817655572,-0.26116497829233,0.0657328664332166,0.3186593296648324,0.3694847423711856,0.24612306153076538,0.49485500467726845
446,831.3158933859822,0.9842053307008884,5.232971372161895,10.946692991115498,7.309970384995064,1617.573543928924,0.45409674234945707,0.5301085883514314,-0.9517472852912142,0.07940580688723835,0.3864956110735989,0.3476029709655638,0.1864956110735989,0.5386158475426279
447,841.6679718089272,0.9107282693813625,5.35317149569303,11.408770555990603,7.169929522317933,1556.4385277995302,0.3970242756460454,0.5137039937353172,4.4372200469851215,0.08551769331585846,0.3644604630843163,0.33551769331585846,0.2145041502839668,0.5640584694754944
448,877.9371108343711,0.7926525529265255,4.739726027397261,9.792029887920298,7.303860523038606,1670.975093399751,0.4041095890410959,0.38854296388542964,-0.31375466998754675,0.06061381074168798,0.273998294970162,0.38294970161977837,0.2824381926683717,0.49018067556952083
449,848.9673721340388,0.9391534391534392,5.64726631393298,11.869488536155202,7.461199294532628,1569.0502645502645,0.43915343915343913,0.5,-0.07811287477954149,0.07587755584446283,0.4566836071386361,0.29062758539179767,0.17681125162510342,0.532394366197183
450,844.8463476070528,0.5869017632241813,5.337531486146096,10.944584382871536,7.569269521410579,1599.4248530646516,0.26364399664147775,0.3232577665827036,1.959630562552477,0.08785357737104825,0.4002218524681087,0.3341098169717138,0.17781475318912923,0.5507868383404864
451,851.6769456681351,0.9295154185022027,4.960352422907489,10.40308370044053,6.991923641703377,1644.2356828193833,0.4977973568281938,0.43171806167400884,-1.0017988252569752,0.06878084637194161,0.3335083482095978,0.32930799117925025,0.2684028142392103,0.46445497630331756
452,890.726897689769,1.188118811881188,5.301980198019802,11.111386138613861,7.297029702970297,1610.4158415841584,0.5610561056105611,0.6270627062706271,-0.8997937293729372,0.07293080054274084,0.39280868385345996,0.3316372682044324,0.2026232473993668,0.5277777777777778
453,858.101133391456,0.6965998256320837,5.2624237140366175,11.187445510026155,7.922406277244987,1573.5082824760243,0.3156059285091543,0.38099389712292936,3.353487358326068,0.08748761967646088,0.41806977000110046,0.3048310773632662,0.18961153295917244,0.5469336670838548
454,871.0671009771987,0.539413680781759,4.877524429967426,10.172638436482085,7.18371335504886,1629.3244299674268,0.2736156351791531,0.26579804560260584,2.244260586319218,0.06747075360478824,0.303164958737644,0.37453523170399927,0.25482905595356853,0.4927536231884058
455,878.3118393234672,0.9027484143763214,5.805496828752642,11.891120507399577,7.987315010570825,1575.585623678647,0.4714587737843552,0.4312896405919662,-0.9304968287526427,0.08271572260455268,0.41807834833245106,0.340788777130757,0.1584171519322393,0.477751756440281
456,897.4008403361345,0.7529411764705882,4.652100840336135,9.574789915966386,7.369747899159663,1649.7117647058824,0.3243697478991597,0.42857142857142855,1.8500504201680672,0.0919042189281642,0.35860889395667045,0.3660205245153934,0.18346636259977195,0.5691964285714286
457,883.9240025332489,0.6554781507283091,4.87017099430019,9.75744141861938,6.953768207726409,1661.0582647245092,0.35275490816972765,0.3027232425585814,1.1035148828372388,0.06329690346083788,0.2937158469945355,0.361384335154827,0.2816029143897996,0.4618357487922705
458,891.1216973578863,0.9431545236188951,5.177742193755004,10.469175340272217,6.949559647718175,1642.0424339471576,0.46517213771016813,0.477982385908727,-1.246381104883907,0.07223502304147465,0.356221198156682,0.34815668202764977,0.22338709677419355,0.5067911714770797
459,876.3234546994073,0.6291278577476714,5.293818797629128,10.970364098221847,7.812870448772227,1570.0406435224386,0.3065198983911939,0.32260795935647757,5.310194750211685,0.08496802861168311,0.44293920017340416,0.30399913297929987,0.16809363823561288,0.5127860026917901
460,885.1726666666667,0.5866666666666667,4.732666666666667,9.681333333333333,7.240666666666667,1661.1906666666666,0.254,0.33266666666666667,-0.3550533333333334,0.06371420679495442,0.3212411380167572,0.36672497928367553,0.24831967590461285,0.5670454545454545
461,869.0752587017874,1.2539981185324554,5.031984948259643,10.635936030103482,7.2427093132643465,1633.337723424271,0.6020696142991533,0.651928504233302,-0.5730009407337724,0.08312767891934017,0.41992466554097935,0.2876997012599039,0.2092479542797766,0.5198799699924981
462,882.2873923257636,0.826938136256852,5.076742364917776,10.245888801879405,7.309318715740016,1619.6617071260766,0.42364917776037586,0.4032889584964761,2.228566953797964,0.08442254124705378,0.38654381829869294,0.32890507820869935,0.2001285622455539,0.4876893939393939
463,880.4416666666667,0.6715277777777777,5.071527777777778,10.486805555555556,7.589583333333334,1630.2659722222222,0.3111111111111111,0.36041666666666666,1.0107777777777778,0.06423277518528685,0.3362613230853692,0.3418428035501876,0.2576630981791564,0.5367114788004137
464,888.4389632107024,0.7165551839464883,5.293478260869565,11.122909698996656,7.1521739130434785,1600.3252508361204,0.3787625418060201,0.3377926421404682,0.3258026755852843,0.07785831190086509,0.37362637362637363,0.34112695814823474,0.20738835632452654,0.47141190198366395
465,844.9182389937107,0.7825696316262354,5.343216531895777,11.129380053908356,7.850853548966756,1572.6460017969453,0.34860736747529203,0.4339622641509434,4.760817610062893,0.09487296864271,0.3986037994964523,0.33382925154497595,0.17269398031586175,0.5545350172215844
466,856.0515873015873,0.5251322751322751,5.017857142857143,10.42989417989418,6.838624338624339,1632.1944444444443,0.2916666666666667,0.23346560846560846,-0.3402843915343916,0.0627659574468085,0.27601547388781433,0.39226305609284334,0.26895551257253386,0.4445843828715365
467,868.3311312964493,1.004128819157721,5.843104872006606,12.372419488026425,7.0875309661436825,1565.9512799339388,0.4632535094962841,0.5408753096614368,-0.8781090008257639,0.07701269952231155,0.36956775020389143,0.3228474892228824,0.2305720610509146,0.5386513157894737
468,866.9206117989803,1.0546249089584852,5.229424617625638,10.862345229424617,7.586307356154406,1606.8885651857247,0.45447924253459576,0.6001456664238893,1.9971303714493809,0.07738095238095238,0.375384024577573,0.34456605222734255,0.2026689708141321,0.569060773480663
469,901.2468227424749,0.6307692307692307,4.502341137123746,9.391304347826088,7.3130434782608695,1681.5779264214048,0.3277591973244147,0.30301003344481603,-0.047130434782608685,0.05981889691758895,0.3307417909082594,0.3506814232141224,0.25875788896002927,0.48038176033934255
470,872.7229129662522,0.6740674955595026,5.216696269982238,10.63854351687389,7.534635879218473,1631.1936056838365,0.3561278863232682,0.31793960923623443,-1.1570603907637658,0.0724893917963225,0.41089108910891087,0.3305044790193305,0.1861150400754361,0.47167325428194995
471,857.0581818181818,1.0218181818181817,5.613636363636363,11.776363636363635,7.485454545454545,1571.259090909091,0.42454545454545456,0.5972727272727273,1.5915363636363637,0.09946563031333495,0.39774107359727956,0.30058294874908914,0.20221034734029633,0.5845195729537367
472,895.3285528031291,0.6414602346805737,4.779661016949152,9.70013037809648,7.253585397653194,1667.9517601043024,0.3455019556714472,0.29595827900912647,0.3030704041720991,0.06210119529073425,0.3055630448458704,0.3631706659476948,0.26916509391570054,0.4613821138211382
473,891.8610603290676,0.8692870201096892,5.393053016453382,11.109689213893967,7.745886654478976,1601.370201096892,0.3875685557586837,0.48171846435100546,0.2706489945155393,0.07776728817559594,0.4235308000944064,0.3097710644323814,0.18893084729761625,0.5541535226077813
474,889.9935379644588,0.710016155088853,5.173667205169629,10.490306946688207,7.7617124394184165,1601.5129240710824,0.32310177705977383,0.3869143780290792,4.944499192245558,0.08627328546154647,0.3765220106150484,0.357269226766573,0.17993547715683214,0.5449374288964732
475,913.1873198847262,0.5432276657060519,4.7017291066282425,9.711095100864553,7.1253602305475505,1664.871757925072,0.27521613832853026,0.2680115273775216,0.14419308357348704,0.06713852376137512,0.31840242669362995,0.37017189079878665,0.2442871587462083,0.493368700265252
476,868.1651741293532,0.8865671641791045,6.16318407960199,12.660696517412935,7.378109452736318,1560.4676616915424,0.4248756218905473,0.4616915422885572,-1.1961990049751245,0.08523263654753878,0.4014834794335806,0.34066082265677683,0.17262306136210384,0.5207631874298541
477,886.8350116189001,1.1719597211463981,5.32842757552285,11.347017815646785,7.498838109992254,1579.5832687838886,0.557707203718048,0.6142525174283501,2.9183810999225406,0.08397892779671522,0.39138518748063217,0.3297180043383948,0.19491788038425784,0.5241242564441507
478,905.7654320987655,0.5506172839506173,4.719135802469136,9.858641975308641,7.099382716049383,1666.7055555555555,0.2765432098765432,0.2740740740740741,-1.328253086419753,0.054169202678027994,0.26815059560038257,0.3849230501695505,0.29275715155203896,0.4977578475336323
479,890.2388302193339,0.7741673436230707,5.305442729488221,11.094232331437855,7.49471974004874,1605.642567018684,0.3411860276198213,0.4329813160032494,0.13268074735987,0.06861044873184478,0.4433123780619987,0.3022978538911771,0.1857793193149794,0.559286463798531
480,895.2728873239437,0.9735915492957746,5.264964788732394,11.046654929577464,7.825704225352113,1596.849471830986,0.4498239436619718,0.5237676056338029,2.9165228873239437,0.09190101237345331,0.39505061867266594,0.3408323959505062,0.17221597300337457,0.5379746835443038
481,871.9771048744461,0.9172821270310192,4.875923190546529,10.35228951255539,7.079025110782865,1650.563515509601,0.4896602658788774,0.4276218611521418,-1.410539143279173,0.06395409494001043,0.3330203442879499,0.3302034428794992,0.2728221178925404,0.46618357487922707
482,915.736801242236,1.0170807453416149,5.295031055900621,10.817546583850932,7.135869565217392,1628.9510869565217,0.4984472049689441,0.5186335403726708,-0.8991770186335405,0.0691981286040692,0.3857034055053857,0.33326079860733326,0.21183766728321185,0.5099236641221374
483,886.5413793103448,0.7956896551724137,5.198275862068965,10.779310344827586,7.94051724137931,1604.9724137931034,0.378448275862069,0.41724137931034483,2.904655172413793,0.08576701769623277,0.417652806427098,0.30854413201606773,0.18803604386060147,0.5243770314192849
484,915.7486449864499,0.9031165311653117,5.0257452574525745,10.300813008130081,7.186991869918699,1650.5995934959349,0.4518970189701897,0.45121951219512196,-0.5100948509485096,0.06221719457013575,0.29572021116138764,0.3882918552036199,0.2537707390648567,0.49962490622655664
485,894.69493006993,0.7342657342657343,5.045454545454546,10.923951048951048,7.294580419580419,1601.0183566433566,0.32954545454545453,0.40472027972027974,0.4523513986013986,0.07777112043139604,0.39400838825644097,0.3424805272618334,0.18573996405032953,0.5511904761904762
486,889.1958506224066,0.5518672199170125,5.10207468879668,10.845643153526972,7.469709543568465,1587.4705394190871,0.26639004149377593,0.2854771784232365,3.254846473029046,0.08987890234418398,0.36773691812020887,0.3636262637484724,0.17875791578713476,0.5172932330827068
487,901.8964194373401,0.6131713554987213,4.861253196930947,10.12915601023018,7.089514066496164,1644.9347826086957,0.2960358056265985,0.3171355498721228,0.927436061381074,0.06322150072150072,0.2912157287157287,0.36778499278499277,0.2777777777777778,0.5172054223149114
488,906.2224788298691,0.729022324865281,5.126250962278676,10.75211701308699,7.017705927636643,1631.0708237105466,0.31100846805234794,0.418013856812933,-1.1166974595842956,0.07031592803861343,0.3565160157964019,0.34028082492321193,0.2328872312417727,0.573389651531151
489,861.6709367493995,0.7469975980784628,5.22177742193755,10.770216172938351,7.7261809447558045,1583.6124899919937,0.3122497998398719,0.4347477982385909,4.946661329063251,0.08165803108808291,0.4334715025906736,0.30186528497409326,0.18300518134715027,0.5819935691318328
490,912.5255423372988,0.5780265920223933,4.604618614415675,9.361091672498251,7.37368789363191,1684.001399580126,0.25332400279916023,0.32470258922323303,-0.4571658502449265,0.06368036443010344,0.31849672582328936,0.37705229192369744,0.24077061782290976,0.5617433414043583
491,853.9074803149606,1.469488188976378,5.960629921259843,12.731299212598426,7.386811023622047,1553.023622047244,0.7135826771653543,0.7559055118110236,-0.5349606299212598,0.08634243837441706,0.43037974683544306,0.2822118587608261,0.2010659560293138,0.5144005358338914
492,869.1241431835491,1.15993907083016,5.139375476009139,10.50952018278751,7.459253617669459,1624.3511043412034,0.5620715917745621,0.5978674790555979,2.685140898705255,0.08260159281192567,0.3854400653461303,0.32662854809066777,0.2053297937512763,0.51543007222587
493,905.6290860573716,1.010006671114076,4.912608405603736,10.072715143428953,7.454302868579052,1647.9873248832555,0.49966644429619744,0.5103402268178786,1.5962708472314877,0.060945051011276175,0.3379273313048147,0.3401646679792375,0.26096294970467154,0.5052840158520475
494,904.5438950554995,1.1937436932391523,5.124117053481332,10.763874873864783,7.557013118062563,1627.4883955600403,0.6064581231079718,0.5872855701311807,-1.260201816347124,0.08198691414073975,0.41661102950994794,0.3255441313927093,0.17585792495660302,0.4919695688926458
495,866.07136485281,0.8608385370205174,5.188224799286352,10.727029438001784,7.978590544157003,1581.6262265834077,0.3960749330954505,0.4647636039250669,5.986164139161462,0.08933363148479427,0.42274150268336314,0.3311717352415027,0.1567531305903399,0.5398963730569948
496,907.2097304404997,0.8724523339907956,4.774490466798159,9.91387245233399,7.00525969756739,1671.777120315582,0.4418145956607495,0.43063773833004604,-0.5502695595003287,0.0660722665415298,0.2819333646175504,0.3883622712341624,0.2636320976067574,0.493594574227581
497,890.0227272727273,1.597027972027972,5.539335664335664,11.164335664335665,7.195804195804196,1629.0777972027972,0.7255244755244755,0.8715034965034965,0.286486013986014,0.08187560738581147,0.3867832847424684,0.3202137998056365,0.21112730806608357,0.5457033388067871
498,872.7699530516431,1.1564945226917058,4.48435054773083,9.251956181533647,7.603286384976526,1682.1353677621282,0.5954616588419406,0.5610328638497653,4.016400625978091,0.08191828753730575,0.37707111248327674,0.33950807862509,0.20150252135432747,0.4851150202976996
499,868.5509409474367,0.8293316028552887,4.8533419857235565,10.030499675535367,7.3926022063595065,1648.9110966904607,0.41920830629461386,0.41012329656067487,2.04190136275146,0.062061095505617975,0.3397998595505618,0.3499824438202247,0.2481566011235955,0.4945226917057903
500,886.7295703454085,1.224094355518113,5.301600673967987,11.047177759056444,7.384161752316765,1625.921651221567,0.5762426284751474,0.6478517270429655,-1.001727042965459,0.07358813462635481,0.40057045065601826,0.3302909298345693,0.19555048488305762,0.5292498279421886
