generation,cells_visited,cave_entries,predator_touches,drained_ticks,food_total,lifetime,cave_entries_day,cave_entries_night,energy_at_death,food_default_frac,food_low_frac,food_medium_frac,food_prestige_frac,night_share
1,600.5402298850574,0.14942528735632185,0.0,0.0,7.890804597701149,2086.32183908046,0.05747126436781609,0.09195402298850575,-1.0530459770114942,0.20174799708667152,0.6147123088128187,0.17188638018936636,0.011653313911143482,0.6153846153846154
2,615.0370370370371,0.1259259259259259,0.0,0.0,5.007407407407407,1976.962962962963,0.08888888888888889,0.037037037037037035,-1.0104444444444445,0.16124260355029585,0.6789940828402367,0.13757396449704143,0.022189349112426034,0.29411764705882354
3,697.1046511627907,0.6337209302325582,0.0,0.0,5.575581395348837,2030.639534883721,0.3313953488372093,0.3023255813953488,-1.019593023255814,0.22210636079249219,0.46611053180396245,0.22210636079249219,0.08967674661105318,0.47706422018348627
4,722.8958333333334,0.3680555555555556,0.0,0.0,3.5972222222222223,2089.652777777778,0.2013888888888889,0.16666666666666666,-0.8197916666666667,0.1833976833976834,0.4015444015444015,0.24903474903474904,0.16602316602316602,0.4528301886792453
5,702.525,0.79375,0.0,0.0,4.175,2001.75,0.35,0.44375,-0.8018750000000001,0.17964071856287425,0.4176646706586826,0.32335329341317365,0.07934131736526946,0.5590551181102362
6,704.3040540540541,0.2905405405405405,0.0,0.0,4.925675675675675,2024.2567567567567,0.18243243243243243,0.10810810810810811,-0.9259459459459459,0.20027434842249658,0.5582990397805213,0.15912208504801098,0.0823045267489712,0.37209302325581395
7,731.3333333333334,0.23717948717948717,0.0,0.0,4.160256410256411,2090.0641025641025,0.08974358974358974,0.14743589743589744,-0.7867307692307692,0.19568567026194145,0.37596302003081666,0.2573189522342065,0.17103235747303544,0.6216216216216216
8,737.439393939394,0.2777777777777778,0.0,0.0,5.742424242424242,2005.6060606060605,0.10606060606060606,0.1717171717171717,-0.8401515151515151,0.14511873350923482,0.6174142480211082,0.12752858399296393,0.10993843447669305,0.6181818181818182
9,816.7344632768362,0.12994350282485875,0.0,0.0,5.6892655367231635,2032.1468926553673,0.03954802259887006,0.0903954802259887,-1.0005084745762711,0.23932472691161866,0.4637537239324727,0.21549155908639522,0.0814299900695134,0.6956521739130435
10,868.8239436619718,0.6197183098591549,0.0,0.0,3.887323943661972,2095.9154929577467,0.3591549295774648,0.2605633802816901,-0.7899999999999999,0.2391304347826087,0.3967391304347826,0.24818840579710144,0.11594202898550725,0.42045454545454547
11,826.3962264150944,0.3836477987421384,0.0,0.0,5.666666666666667,1987.1698113207547,0.2389937106918239,0.14465408805031446,-0.9143396226415094,0.17980022197558268,0.6481687014428413,0.13540510543840178,0.03662597114317425,0.3770491803278688
12,837.93125,0.275,0.0,0.0,5.08125,2023.0625,0.175,0.1,-1.0210625,0.26199261992619927,0.4612546125461255,0.17589175891758918,0.1008610086100861,0.36363636363636365
13,820.7372881355932,0.4661016949152542,0.0,0.0,2.542372881355932,2095.3389830508477,0.2627118644067797,0.2033898305084746,-0.6898305084745763,0.2,0.46,0.18333333333333332,0.15666666666666668,0.43636363636363634
14,775.8743455497382,0.17277486910994763,0.0,0.0,6.225130890052356,2002.8272251308902,0.09947643979057591,0.07329842931937172,-0.8397382198952879,0.13540790580319595,0.6139613120269134,0.2127838519764508,0.03784693019343986,0.42424242424242425
15,808.5625,0.2215909090909091,0.0,0.0,6.0,2026.625,0.09090909090909091,0.13068181818181818,-0.23744318181818178,0.2566287878787879,0.4649621212121212,0.2215909090909091,0.056818181818181816,0.5897435897435898
16,816.2325581395348,0.7984496124031008,0.0,0.0,3.186046511627907,2097.906976744186,0.2868217054263566,0.5116279069767442,-0.7195348837209302,0.2871046228710462,0.3746958637469586,0.17518248175182483,0.1630170316301703,0.6407766990291263
17,805.6704545454545,1.0454545454545454,0.0,0.0,5.9772727272727275,2011.590909090909,0.4318181818181818,0.6136363636363636,-0.7101136363636363,0.1444866920152091,0.6701520912547528,0.16254752851711027,0.022813688212927757,0.5869565217391305
18,766.0344827586207,0.2482758620689655,0.0,0.0,5.372413793103449,2023.9310344827586,0.13793103448275862,0.1103448275862069,-0.9284137931034483,0.17715019255455713,0.6803594351732991,0.11938382541720154,0.023106546854942234,0.4444444444444444
19,780.6516129032258,0.5612903225806452,0.0,0.0,4.012903225806451,2087.6129032258063,0.32903225806451614,0.23225806451612904,-0.5999354838709677,0.2427652733118971,0.4067524115755627,0.24437299035369775,0.10610932475884244,0.41379310344827586
20,670.7586206896551,0.45977011494252873,0.0,0.0,4.741379310344827,2003.2758620689656,0.21264367816091953,0.2471264367816092,-0.8029310344827587,0.15636363636363637,0.56,0.17454545454545456,0.10909090909090909,0.5375
21,765.8780487804878,1.0121951219512195,0.0,0.0,5.524390243902439,2032.8048780487804,0.42073170731707316,0.5914634146341463,-0.924390243902439,0.2097130242825607,0.5573951434878587,0.16114790286975716,0.0717439293598234,0.5843373493975904
22,749.7213114754098,1.1557377049180328,0.0,0.0,2.418032786885246,2097.7868852459014,0.6557377049180327,0.5,-0.615655737704918,0.13220338983050847,0.4576271186440678,0.33220338983050846,0.07796610169491526,0.4326241134751773
23,728.8941176470588,1.088235294117647,0.0,0.0,4.8352941176470585,1999.0588235294117,0.6941176470588235,0.3941176470588235,-0.7599411764705882,0.15936739659367397,0.5875912408759124,0.15936739659367397,0.09367396593673966,0.3621621621621622
24,738.3862068965517,0.09655172413793103,0.0,0.0,4.924137931034482,2024.551724137931,0.06896551724137931,0.027586206896551724,-0.9589655172413794,0.2030812324929972,0.6288515406162465,0.1400560224089636,0.028011204481792718,0.2857142857142857
25,757.5931034482759,0.6344827586206897,0.0,0.0,3.7448275862068967,2090.2758620689656,0.3448275862068966,0.2896551724137931,-0.7479310344827587,0.19337016574585636,0.4106813996316759,0.289134438305709,0.10681399631675875,0.45652173913043476
26,779.1630434782609,0.5108695652173914,0.0,0.0,5.4021739130434785,2000.3804347826087,0.29891304347826086,0.21195652173913043,-0.8351086956521739,0.1851106639839034,0.53420523138833,0.176056338028169,0.10462776659959759,0.4148936170212766
27,788.9770114942529,1.4367816091954022,0.0,0.0,6.258620689655173,2029.9195402298851,0.7241379310344828,0.7126436781609196,-0.8054022988505747,0.21671258034894397,0.5335169880624426,0.21487603305785125,0.03489439853076217,0.496
28,813.2638036809816,1.5950920245398772,0.0,0.0,5.196319018404908,2090.9141104294476,0.7852760736196319,0.8098159509202454,-0.7454601226993866,0.23494687131050768,0.39787485242030696,0.30814639905548996,0.0590318772136954,0.5076923076923077
29,808.7005076142132,0.467005076142132,0.0,0.0,6.873096446700508,2013.2994923857868,0.18274111675126903,0.28426395939086296,-0.8046700507614214,0.14623338257016247,0.5635155096011817,0.25627769571639586,0.033973412112259974,0.6086956521739131
30,860.4653465346535,0.594059405940594,0.0,0.0,6.683168316831683,2039.920792079208,0.29207920792079206,0.30198019801980197,-0.7343069306930692,0.2348148148148148,0.4659259259259259,0.21481481481481482,0.08444444444444445,0.5083333333333333
31,889.5818965517242,0.44396551724137934,0.0,0.0,5.689655172413793,2077.2844827586205,0.2413793103448276,0.2025862068965517,-0.8682758620689655,0.19393939393939394,0.3787878787878788,0.31893939393939397,0.10833333333333334,0.4563106796116505
32,812.6401515151515,0.24242424242424243,0.0,0.0,6.1893939393939394,1996.7007575757575,0.125,0.11742424242424243,2.769242424242424,0.12729498164014688,0.4908200734394125,0.26560587515299877,0.11627906976744186,0.484375
33,807.6627906976744,0.9011627906976745,0.0,0.0,5.325581395348837,2053.0813953488373,0.26744186046511625,0.6337209302325582,-0.8622093023255815,0.185589519650655,0.517467248908297,0.18340611353711792,0.11353711790393013,0.7032258064516129
34,877.974025974026,1.1168831168831168,0.0,0.0,4.5519480519480515,2087.7922077922076,0.6883116883116883,0.42857142857142855,-0.827987012987013,0.21255349500713266,0.39372325249643364,0.28530670470756064,0.10841654778887304,0.38372093023255816
35,810.5183246073299,0.3612565445026178,0.0,0.0,6.146596858638744,2001.6753926701572,0.18848167539267016,0.17277486910994763,-0.8817801047120418,0.13458262350936967,0.6541737649063032,0.16269165247018738,0.048551959114139696,0.4782608695652174
36,845.4190476190477,0.8761904761904762,0.0,0.0,6.219047619047619,2036.6190476190477,0.4523809523809524,0.4238095238095238,-0.9238571428571428,0.19065849923430322,0.4892802450229709,0.21898928024502298,0.10107197549770292,0.483695652173913
37,890.2994350282486,1.265536723163842,0.0,0.0,5.096045197740113,2075.497175141243,0.5423728813559322,0.7231638418079096,2.240056497175141,0.22062084257206208,0.3736141906873614,0.2738359201773836,0.1319290465631929,0.5714285714285714
38,771.7131782945736,1.1627906976744187,0.0,0.0,7.352713178294573,2032.5193798449613,0.4689922480620155,0.6937984496124031,-0.819031007751938,0.14180284659989456,0.5967316816025303,0.18397469688982604,0.07749077490774908,0.5966666666666667
39,699.5388601036269,0.37305699481865284,0.0,0.0,6.150259067357513,2034.3523316062176,0.20207253886010362,0.17098445595854922,-0.8023834196891191,0.18028643639427128,0.5307497893850042,0.20893007582139847,0.08003369839932603,0.4583333333333333
40,690.2638036809816,0.17791411042944785,0.0,0.0,3.8404907975460123,2086.7484662576685,0.1165644171779141,0.06134969325153374,-0.7149693251533742,0.15335463258785942,0.37859424920127793,0.2987220447284345,0.16932907348242812,0.3448275862068966
41,850.8853211009174,0.21100917431192662,0.0,0.0,5.334862385321101,2008.302752293578,0.09174311926605505,0.11926605504587157,-0.7341284403669724,0.0825451418744626,0.5606190885640585,0.25365434221840066,0.10318142734307825,0.5652173913043478
42,907.3456790123457,0.8271604938271605,0.0,0.0,6.604938271604938,2034.0329218106997,0.5925925925925926,0.2345679012345679,-0.7959259259259259,0.16137071651090343,0.5358255451713395,0.21059190031152647,0.09221183800623053,0.2835820895522388
43,786.3310344827586,0.5379310344827586,0.0,0.0,3.668965517241379,2087.0344827586205,0.31724137931034485,0.2206896551724138,-0.7281379310344828,0.17293233082706766,0.45300751879699247,0.22932330827067668,0.14473684210526316,0.41025641025641024
44,842.875,0.23557692307692307,0.0,0.0,6.221153846153846,2008.6538461538462,0.052884615384615384,0.18269230769230768,-0.8079326923076924,0.11205564142194745,0.6530139103554868,0.21020092735703247,0.02472952086553323,0.7755102040816326
45,781.0559701492538,0.44402985074626866,0.0,0.0,6.324626865671642,2037.6268656716418,0.14925373134328357,0.2947761194029851,0.42462686567164176,0.16519174041297935,0.4389380530973451,0.30383480825958703,0.0920353982300885,0.6638655462184874
46,935.3754266211604,2.3515358361774745,0.0,0.0,5.300341296928328,2105.8703071672353,0.7440273037542662,1.6075085324232081,-0.8873037542662117,0.1622665808113329,0.29555698647778494,0.36123631680618157,0.18094011590470058,0.683599419448476
47,901.6920289855072,1.1630434782608696,0.0,0.0,6.409420289855072,2030.9565217391305,0.4420289855072464,0.7210144927536232,-0.48213768115942024,0.13736574335782928,0.5195025438100622,0.2645562464669305,0.07857546636517806,0.6199376947040498
48,744.1,1.75,0.0,0.0,6.623076923076923,2019.5307692307692,1.0153846153846153,0.7346153846153847,2.1041153846153846,0.17828106852497097,0.49361207897793263,0.25609756097560976,0.07200929152148665,0.4197802197802198
49,887.3481228668942,0.3174061433447099,0.0,0.0,5.6689419795221845,2064.6996587030717,0.20819112627986347,0.10921501706484642,-0.5706825938566553,0.16797110174593619,0.30583985550872966,0.37748344370860926,0.14870559903672487,0.34408602150537637
50,695.5176991150443,0.22123893805309736,0.0,0.0,6.075221238938053,2019.424778761062,0.09734513274336283,0.12389380530973451,-0.8126106194690266,0.1347414420975965,0.5382374362709396,0.25127458120903134,0.07574654042243263,0.56
51,741.5247148288973,0.44106463878326996,0.0,0.0,6.718631178707224,2034.9049429657794,0.24714828897338403,0.19391634980988592,-0.8087832699619772,0.12959818902093945,0.5093378607809848,0.30843237125070744,0.05263157894736842,0.4396551724137931
52,906.9175257731958,0.47079037800687284,0.0,0.0,5.573883161512027,2072.536082474227,0.14432989690721648,0.32646048109965636,0.14381443298969074,0.14488286066584463,0.38655980271270035,0.2749691738594328,0.1935881627620222,0.6934306569343066
53,772.0679245283019,0.5660377358490566,0.0,0.0,5.909433962264151,2026.2867924528302,0.29056603773584905,0.27547169811320754,-0.7072075471698113,0.1334610472541507,0.5166028097062579,0.23690932311621968,0.11302681992337164,0.4866666666666667
54,809.6762295081967,0.6598360655737705,0.0,0.0,6.790983606557377,2035.0819672131147,0.38114754098360654,0.2786885245901639,-0.7886475409836066,0.12492456246228123,0.5666867833433916,0.2456246228123114,0.0627640313820157,0.422360248447205
55,851.012987012987,0.538961038961039,0.0,0.0,4.740259740259741,2087.987012987013,0.21428571428571427,0.3246753246753247,-0.7964285714285715,0.18493150684931506,0.4684931506849315,0.2095890410958904,0.136986301369863,0.6024096385542169
56,729.056338028169,0.14084507042253522,0.0,0.0,5.544600938967136,2011.173708920188,0.07042253521126761,0.07042253521126761,-0.6868075117370892,0.10245554614733277,0.5105842506350551,0.26841659610499574,0.11854360711261643,0.5
57,732.9744680851064,0.49361702127659574,0.0,0.0,5.4425531914893615,2036.0851063829787,0.2553191489361702,0.23829787234042554,-0.7630212765957447,0.13213448006254885,0.42064112587959346,0.3721657544956998,0.07505863956215794,0.4827586206896552
58,875.0093023255814,1.5906976744186045,0.0,0.0,5.153488372093023,2087.795348837209,0.7395348837209302,0.8511627906976744,-0.20772093023255814,0.16606498194945848,0.3510830324909747,0.3916967509025271,0.09115523465703972,0.5350877192982456
59,791.7598425196851,0.2440944881889764,0.0,0.0,6.267716535433071,2014.6259842519685,0.08661417322834646,0.15748031496062992,-0.508976377952756,0.10804020100502512,0.4798994974874372,0.32097989949748745,0.09108040201005026,0.6451612903225806
60,709.1489361702128,0.2936170212765957,0.0,0.0,7.012765957446809,2025.8553191489361,0.1829787234042553,0.11063829787234042,0.1479574468085106,0.13774271844660194,0.5491504854368932,0.2651699029126214,0.047936893203883495,0.37681159420289856
61,837.0370370370371,0.8629629629629629,0.0,0.0,5.640740740740741,2079.892592592593,0.3851851851851852,0.4777777777777778,-0.751074074074074,0.14510833880499016,0.35456336178594877,0.36572554169402494,0.1346027577150361,0.5536480686695279
62,765.8009478672985,0.5497630331753555,0.0,0.0,5.488151658767772,2016.255924170616,0.2985781990521327,0.25118483412322273,-0.6633649289099526,0.08894645941278066,0.49222797927461137,0.33074265975820377,0.08808290155440414,0.45689655172413796
63,794.2292358803986,0.7508305647840532,0.0,0.0,6.568106312292358,2040.4584717607972,0.45182724252491696,0.29900332225913623,0.005116279069767457,0.12847749114820434,0.4815376833586242,0.2964087000505817,0.09357612544258978,0.39823008849557523
64,854.6358974358974,0.7230769230769231,0.0,0.0,5.923076923076923,2080.769230769231,0.3282051282051282,0.39487179487179486,-0.7764615384615384,0.18095238095238095,0.41818181818181815,0.30995670995670993,0.09090909090909091,0.5460992907801419
65,726.6350710900474,0.5592417061611374,0.0,0.0,6.109004739336493,2019.9052132701422,0.3127962085308057,0.24644549763033174,-0.6867298578199053,0.12412723041117145,0.5298681148176881,0.28937160589604344,0.05663304887509697,0.4406779661016949
66,785.264367816092,0.5900383141762452,0.0,0.0,6.789272030651341,2023.9310344827586,0.3103448275862069,0.2796934865900383,1.9383141762452107,0.1636568848758465,0.4785553047404063,0.27595936794582393,0.08182844243792325,0.474025974025974
67,885.4549180327868,0.9713114754098361,0.0,0.0,6.495901639344262,2085.3688524590166,0.48770491803278687,0.48360655737704916,-0.8185655737704918,0.14321766561514196,0.36719242902208205,0.41514195583596214,0.07444794952681388,0.4978902953586498
68,883.0581395348837,1.2412790697674418,0.0,0.0,6.872093023255814,2067.9767441860463,0.502906976744186,0.7383720930232558,-0.6997093023255814,0.11844331641285956,0.5190355329949239,0.28426395939086296,0.07825719120135363,0.594847775175644
69,855.2931034482758,1.1620689655172414,0.0,0.0,7.220689655172414,2043.5413793103448,0.6068965517241379,0.5551724137931034,-0.7563448275862069,0.15090735434574976,0.4780324737344795,0.32951289398280803,0.04154727793696275,0.47774480712166173
70,877.6782945736434,0.6782945736434108,0.0,0.0,6.593023255813954,2063.7286821705425,0.32558139534883723,0.35271317829457366,0.19077519379844962,0.15990593768371547,0.43092298647854205,0.3239271017048795,0.08524397413286303,0.52
71,822.0379008746356,1.1166180758017492,0.0,0.0,7.478134110787172,2025.3615160349855,0.5918367346938775,0.5247813411078717,0.5571720116618075,0.1212475633528265,0.5286549707602339,0.2771929824561403,0.07290448343079922,0.4699738903394256
72,881.1271676300578,1.2745664739884393,0.0,0.0,7.9508670520231215,2039.6098265895953,0.5982658959537572,0.6763005780346821,0.3710982658959538,0.12359142130134497,0.5568884042166485,0.2762631770265358,0.043256997455470736,0.5306122448979592
73,895.8932038834952,1.0048543689320388,0.0,0.0,5.631067961165049,2085.5825242718447,0.46601941747572817,0.5388349514563107,-0.8307281553398058,0.2043103448275862,0.44568965517241377,0.2206896551724138,0.12931034482758622,0.5362318840579711
74,892.2965517241379,1.2413793103448276,0.0,0.0,7.906896551724138,2030.655172413793,0.503448275862069,0.7379310344827587,-0.8270689655172414,0.13737461840383777,0.5808983863933711,0.25556040122110774,0.026166593981683386,0.5944444444444444
75,910.9,1.5151515151515151,0.0,0.0,7.584848484848485,2045.7363636363636,0.7121212121212122,0.803030303030303,-0.14524242424242423,0.1626048741510188,0.4738314023172193,0.2968437874550539,0.06671993607670795,0.53
76,884.8804347826087,1.1159420289855073,0.0,0.0,6.923913043478261,2072.768115942029,0.6268115942028986,0.4891304347826087,-0.5636231884057971,0.18001046572475143,0.3621140763997907,0.3987441130298273,0.05913134484563056,0.4383116883116883
77,805.609022556391,1.0676691729323309,0.0,0.0,7.7443609022556394,2029.2443609022557,0.5375939849624061,0.5300751879699248,-0.6792857142857143,0.11213592233009709,0.5912621359223301,0.2529126213592233,0.043689320388349516,0.4964788732394366
78,809.0830670926517,0.939297124600639,0.0,0.0,7.520766773162939,2051.5015974440894,0.329073482428115,0.610223642172524,-0.8467092651757188,0.1265930331350892,0.5089209855564996,0.2986406117247239,0.06584536958368734,0.6496598639455783
79,824.6016949152543,0.6101694915254238,0.0,0.0,5.834745762711864,2069.4745762711864,0.19915254237288135,0.4110169491525424,-0.5014830508474576,0.15613652868554828,0.3841684822076979,0.3449527959331881,0.11474219317356572,0.6736111111111112
80,862.7086092715232,0.31456953642384106,0.0,0.0,6.97682119205298,2021.6754966887418,0.16556291390728478,0.1490066225165563,-0.7473509933774835,0.10915994304698623,0.5401044138585667,0.27432368296155674,0.07641196013289037,0.47368421052631576
81,907.1860465116279,0.32170542635658916,0.0,0.0,7.503875968992248,2042.8294573643411,0.18992248062015504,0.13178294573643412,-0.8801550387596898,0.15082644628099173,0.48760330578512395,0.309400826446281,0.052169421487603305,0.40963855421686746
82,887.5502183406113,0.4410480349344978,0.0,0.0,5.475982532751091,2075.9781659388645,0.24017467248908297,0.20087336244541484,-0.5508733624454148,0.14752791068580542,0.3620414673046252,0.3787878787878788,0.11164274322169059,0.45544554455445546
83,823.1457489878543,0.12550607287449392,0.0,0.0,6.0728744939271255,2006.1255060728745,0.10121457489878542,0.024291497975708502,0.12898785425101222,0.124,0.5546666666666666,0.24666666666666667,0.07466666666666667,0.1935483870967742
84,835.7846153846153,1.2653846153846153,0.0,0.0,7.053846153846154,2032.2,0.5807692307692308,0.6846153846153846,0.24388461538461542,0.13140676117775354,0.47546346782988,0.3260632497273719,0.06706652126499454,0.541033434650456
85,954.7051282051282,0.23076923076923078,0.0,0.0,6.564102564102564,2070.2403846153848,0.10897435897435898,0.12179487179487179,-0.14849358974358978,0.15478515625,0.34326171875,0.38818359375,0.11376953125,0.5277777777777778
86,883.8892128279883,0.46647230320699706,0.0,0.0,6.967930029154519,2030.3061224489795,0.17784256559766765,0.2886297376093295,-0.5604956268221575,0.11506276150627615,0.4702928870292887,0.31464435146443515,0.1,0.61875
87,857.0,0.8683127572016461,0.0,0.0,7.325102880658436,2039.6995884773662,0.35802469135802467,0.5102880658436214,-0.8400823045267489,0.13258426966292136,0.5162921348314606,0.32752808988764043,0.02359550561797753,0.5876777251184834
88,945.2751479289941,0.28994082840236685,0.0,0.0,5.834319526627219,2065.887573964497,0.17751479289940827,0.11242603550295859,-0.7490828402366864,0.14249492900608518,0.2657200811359026,0.4011156186612576,0.19066937119675456,0.3877551020408163
89,875.0758426966293,1.6713483146067416,0.0,0.0,7.573033707865169,2054.2780898876404,0.8146067415730337,0.8567415730337079,0.029325842696629207,0.10905044510385757,0.4603115727002967,0.32826409495548964,0.10237388724035608,0.5126050420168067
90,898.5326086956521,0.3179347826086957,0.0,0.0,7.994565217391305,2041.3967391304348,0.1331521739130435,0.18478260869565216,-0.3239945652173913,0.128144119646499,0.495581237253569,0.3327668252889191,0.043507817811012914,0.5811965811965812
91,925.6804407713498,0.5316804407713499,0.0,0.0,7.316804407713499,2053.8595041322315,0.25895316804407714,0.2727272727272727,0.9100550964187328,0.14495481927710843,0.3557981927710843,0.4145331325301205,0.08471385542168675,0.5129533678756477
92,933.1822916666666,0.4036458333333333,0.0,0.0,8.408854166666666,2027.0338541666667,0.18489583333333334,0.21875,0.022682291666666615,0.1303809228863425,0.5236915453700837,0.2849179312480644,0.06100960049550944,0.5419354838709678
93,912.7051671732523,0.23404255319148937,0.0,0.0,8.340425531914894,2033.629179331307,0.16109422492401215,0.0729483282674772,1.112127659574468,0.15998542274052477,0.5528425655976676,0.2401603498542274,0.04701166180758017,0.3116883116883117
94,888.6666666666666,0.6798679867986799,0.0,0.0,7.0462046204620465,2055.5610561056105,0.30363036303630364,0.37623762376237624,1.4946864686468646,0.18220140515222483,0.3531615925058548,0.38688524590163936,0.07775175644028103,0.5533980582524272
95,882.2464454976304,0.27488151658767773,0.0,0.0,7.680094786729858,2033.5308056872038,0.12796208530805686,0.14691943127962084,-0.6606635071090048,0.12958963282937366,0.46590558469608145,0.3369330453563715,0.06757173711817341,0.5344827586206896
96,969.4372469635628,0.9574898785425101,0.0,0.0,7.848178137651822,2041.2024291497976,0.46153846153846156,0.4959514170040486,1.9121052631578945,0.13102914624709827,0.4624709827185969,0.32860459117874646,0.07789527985555843,0.5179704016913319
97,914.1174785100286,1.0229226361031518,0.0,0.0,6.9054441260744985,2064.2263610315185,0.5673352435530086,0.45558739255014324,-0.34275071633237825,0.16099585062240665,0.33070539419087136,0.4004149377593361,0.1078838174273859,0.44537815126050423
98,929.6337719298245,2.7916666666666665,0.0,0.0,7.7105263157894735,2050.8179824561403,1.5109649122807018,1.280701754385965,-0.41221491228070173,0.11461888509670079,0.5278725824800911,0.275028441410694,0.08248009101251422,0.4587588373919874
99,927.6443514644351,2.2510460251046025,0.0,0.0,8.014644351464435,2044.602510460251,1.0606694560669456,1.1903765690376569,1.3842468619246864,0.12190028713129732,0.45366744975202294,0.3523884103367267,0.07204385277995301,0.5288104089219331
100,1013.1552631578948,1.3605263157894736,0.0,0.0,7.839473684210526,2066.0763157894735,0.7842105263157895,0.5763157894736842,-0.20034210526315785,0.1299093655589124,0.4303457536085935,0.3517959046659953,0.08794897616649883,0.42359767891682787
101,919.7204819277108,2.8891566265060242,0.0,0.0,8.154216867469879,2050.233734939759,1.489156626506024,1.4,-0.5379277108433735,0.12588652482269502,0.5298463356973995,0.2828014184397163,0.061465721040189124,0.4845704753961635
102,948.5531914893617,1.202127659574468,0.0,0.0,8.574468085106384,2020.962765957447,0.7047872340425532,0.4973404255319149,1.9901063829787233,0.14826302729528537,0.5300868486352357,0.27915632754342434,0.04249379652605459,0.413716814159292
103,998.652027027027,2.1722972972972974,0.0,0.0,7.449324324324325,2092.2972972972975,0.8952702702702703,1.277027027027027,-0.927027027027027,0.18594104308390022,0.4294784580498866,0.29342403628117913,0.09115646258503401,0.5878693623639192
104,989.2398286937902,6.640256959314775,0.0,0.0,8.235546038543896,2080.049250535332,3.21627408993576,3.423982869379015,-0.18423982869379013,0.11596463858554343,0.5343213728549142,0.2956318252730109,0.05408216328653146,0.5156401160915833
105,976.939736346516,1.384180790960452,0.0,0.0,7.815442561205273,2045.6440677966102,0.664783427495292,0.71939736346516,1.0536723163841808,0.13253012048192772,0.4424096385542169,0.3546987951807229,0.07036144578313253,0.5197278911564626
106,1028.1128526645768,1.0031347962382444,0.0,0.0,7.078369905956113,2076.2100313479623,0.542319749216301,0.4608150470219436,-0.4486520376175549,0.17183348095659876,0.38352524357838796,0.35296722763507526,0.091674047829938,0.459375
107,958.1169451073986,2.8066825775656326,0.0,0.0,7.801909307875895,2059.6921241050118,1.3007159904534606,1.505966587112172,-0.36596658711217184,0.14255123891098195,0.4912817375344142,0.2903028449066993,0.07586417864790455,0.5365646258503401
108,947.234693877551,1.4285714285714286,0.0,0.0,7.775510204081633,2044.2081632653062,0.7755102040816326,0.6530612244897959,0.5561428571428572,0.131496062992126,0.4301837270341207,0.33569553805774277,0.1026246719160105,0.45714285714285713
109,1021.0877192982456,1.5692007797270955,0.0,0.0,7.1306042884990255,2068.0526315789475,0.7387914230019493,0.8304093567251462,-0.5250097465886939,0.1413340623291416,0.31957353745215966,0.40267905959540734,0.1364133406232914,0.529192546583851
110,875.0,1.431407942238267,0.0,0.0,8.167870036101084,2063.438628158845,0.6552346570397112,0.776173285198556,0.03633574007220221,0.11337016574585636,0.4994475138121547,0.30232044198895025,0.08486187845303868,0.5422446406052963
111,918.4134328358209,1.483582089552239,0.0,0.0,7.714925373134329,2046.6567164179105,0.7507462686567165,0.7328358208955223,0.5273731343283583,0.11298123428129232,0.4289030760301799,0.3292706519636293,0.12884503772489844,0.4939637826961771
112,904.4025157232704,1.8532494758909854,0.0,0.0,7.463312368972747,2058.5052410901467,0.9287211740041929,0.9245283018867925,2.0151153039832286,0.13230337078651686,0.373314606741573,0.3699438202247191,0.12443820224719102,0.498868778280543
113,887.7322654462242,1.1304347826086956,0.0,0.0,8.336384439359268,2036.6979405034324,0.4897025171624714,0.6407322654462243,0.15771167048054918,0.1350535273126544,0.5402141092506176,0.26626406807576175,0.05846829536096624,0.5668016194331984
114,880.8248587570622,1.35969868173258,0.0,0.0,8.101694915254237,2021.9811676082863,0.6365348399246704,0.7231638418079096,3.637909604519774,0.12157136215713621,0.4721059972105997,0.32705718270571826,0.0792654579265458,0.5318559556786704
115,943.4953789279112,0.5656192236598891,0.0,0.0,7.035120147874307,2053.770794824399,0.2513863216266174,0.3142329020332717,0.8774861367837339,0.15028901734104047,0.33420914345769837,0.36153441933788755,0.15396741986337362,0.5555555555555556
116,924.0152505446623,0.8932461873638344,0.0,0.0,8.257080610021786,2038.5032679738563,0.4553376906318083,0.43790849673202614,0.69119825708061,0.12559366754617415,0.5596306068601583,0.24881266490765172,0.06596306068601583,0.4902439024390244
117,934.614,1.35,0.0,0.0,8.304,2038.282,0.67,0.68,1.29056,0.12716763005780346,0.5081888246628131,0.31165703275529866,0.052986512524084775,0.5037037037037037
118,985.7556390977444,0.8233082706766918,0.0,0.0,7.330827067669173,2041.6503759398497,0.4191729323308271,0.4041353383458647,2.7461278195488723,0.13948717948717948,0.34282051282051285,0.4082051282051282,0.10948717948717948,0.4908675799086758
119,931.3513071895425,0.477124183006536,0.0,0.0,8.215686274509803,2049.699346405229,0.21895424836601307,0.2581699346405229,-0.31900326797385625,0.11475735879077167,0.47295147175815433,0.32517899761336516,0.08711217183770883,0.541095890410959
120,952.0650289017341,1.2745664739884393,0.0,0.0,8.082369942196532,2009.9306358381502,0.6734104046242775,0.6011560693641619,5.337196531791908,0.1133559806901484,0.4759520829608439,0.33291614518147683,0.07777579116753085,0.47165532879818595
121,939.5353218210361,0.8602825745682888,0.0,0.0,7.351648351648351,2049.061224489796,0.4175824175824176,0.4427001569858713,1.5417582417582418,0.1302583813794576,0.3591714712790946,0.38351484091394406,0.12705530642750373,0.5145985401459854
122,884.6102040816327,1.3204081632653062,0.0,0.0,7.936734693877551,2047.395918367347,0.6836734693877551,0.636734693877551,0.3167755102040817,0.12136796091540242,0.4934430444844433,0.3119053741321677,0.07328362046798663,0.482225656877898
123,895.8724584103512,1.3271719038817005,0.0,0.0,8.134935304990758,2025.1663585951942,0.6432532347504621,0.6839186691312384,3.5720887245841033,0.1249715973642354,0.4648943421949557,0.31674619404680754,0.09338786639400136,0.5153203342618384
124,942.4808080808081,0.8929292929292929,0.0,0.0,7.363636363636363,2059.7838383838384,0.37373737373737376,0.5191919191919192,0.08127272727272725,0.1297668038408779,0.36241426611796984,0.40438957475994514,0.10342935528120713,0.581447963800905
125,905.5996784565916,0.5369774919614148,0.0,0.0,7.570739549839228,2036.4405144694533,0.22990353697749197,0.3070739549839228,0.5632636655948553,0.11361223189636865,0.4493523040985347,0.3340411977065194,0.10299426629857719,0.5718562874251497
126,908.5647840531561,1.1511627906976745,0.0,0.0,7.480066445182724,2012.3405315614618,0.5548172757475083,0.5963455149501661,5.0788870431893685,0.13302242949145016,0.43060182100821676,0.3315567399511437,0.10481900954918943,0.5180375180375181
127,948.5892018779343,1.0093896713615023,0.0,0.0,7.434272300469484,2059.18779342723,0.460093896713615,0.5492957746478874,0.38464788732394367,0.15345753078623303,0.32207136090937794,0.41585096305652036,0.10862014524786864,0.5441860465116279
128,914.789077212806,1.3182674199623352,0.0,0.0,8.532956685499059,2050.412429378531,0.60075329566855,0.7175141242937854,-0.33256120527306965,0.11939969101743544,0.5204149194438313,0.2939748399911719,0.06621054954756124,0.5442857142857143
129,798.6175496688742,1.1672185430463575,0.0,0.0,8.05794701986755,2038.8211920529802,0.5711920529801324,0.5960264900662252,1.768543046357616,0.10684199712348469,0.44133963427162526,0.3788781590302034,0.07294020957468667,0.5106382978723404
130,849.1942857142857,0.8723809523809524,0.0,0.0,7.099047619047619,2056.982857142857,0.3619047619047619,0.5104761904761905,1.331352380952381,0.1330829085055004,0.3375368929433861,0.387711295948484,0.14166890260262946,0.5851528384279476
131,892.4813614262561,0.7925445705024311,0.0,0.0,8.032414910858995,2046.5899513776337,0.3014586709886548,0.49108589951377635,0.13615883306320906,0.11117836965294592,0.45581113801452783,0.33857949959644873,0.09443099273607748,0.6196319018404908
132,901.7276720351391,0.8579795021961932,0.0,0.0,7.56515373352855,2018.0014641288433,0.424597364568082,0.4333821376281113,4.758594436310395,0.10876717631120573,0.4143603638474937,0.3698471066382814,0.10702535320301916,0.5051194539249146
133,902.0161616161616,0.6868686868686869,0.0,0.0,6.682828282828283,2061.9454545454546,0.35353535353535354,0.3333333333333333,0.38872727272727275,0.1336154776299879,0.3730350665054414,0.2992744860943168,0.19407496977025393,0.4852941176470588
134,874.7839643652561,1.688195991091314,0.0,0.0,7.385300668151448,2056.0601336302893,0.799554565701559,0.888641425389755,-0.27380846325167035,0.10735826296743065,0.4466224366706876,0.37123039806996383,0.07478890229191798,0.5263852242744064
135,826.7014652014652,0.7747252747252747,0.0,0.0,7.397435897435898,2037.7912087912089,0.38095238095238093,0.39377289377289376,0.6025457875457876,0.12354543203763307,0.3847487001733102,0.41099282000495174,0.08071304778410497,0.508274231678487
136,832.7727272727273,0.9772727272727273,0.0,0.0,6.3347107438016526,2046.2231404958677,0.53099173553719,0.4462809917355372,2.3465289256198347,0.15394651011089366,0.27266797129810827,0.4233529028049576,0.15003261578604044,0.45665961945031713
137,761.720194647202,1.8272506082725062,0.0,0.0,7.968369829683699,2047.5109489051094,0.8126520681265207,1.0145985401459854,0.9917031630170317,0.1248854961832061,0.49374045801526717,0.32641221374045803,0.0549618320610687,0.5552596537949401
138,788.6,1.198019801980198,0.0,0.0,7.801980198019802,2037.1287128712872,0.5702970297029702,0.6277227722772277,1.908752475247525,0.12487309644670051,0.42588832487309647,0.3817258883248731,0.06751269035532995,0.5239669421487604
139,897.5638766519824,0.9493392070484582,0.0,0.0,6.572687224669603,2054.9735682819382,0.5506607929515418,0.3986784140969163,0.778546255506608,0.14946380697050937,0.30294906166219837,0.39946380697050937,0.14812332439678283,0.419953596287703
140,843.6739130434783,1.4152173913043478,0.0,0.0,8.017391304347827,2030.4434782608696,0.7782608695652173,0.6369565217391304,0.7930217391304347,0.12988069414316702,0.4837310195227766,0.3294468546637744,0.056941431670282,0.4500768049155146
141,894.4527363184079,0.4228855721393035,0.0,0.0,7.87893864013267,2041.8557213930349,0.208955223880597,0.21393034825870647,0.3534328358208956,0.10776678593980214,0.45337823616080825,0.36876447063776047,0.07009050726162913,0.5058823529411764
142,882.5589430894308,1.4817073170731707,0.0,0.0,7.632113821138211,2063.2276422764226,0.782520325203252,0.6991869918699187,1.4648170731707317,0.12490013315579228,0.37496671105193075,0.4255659121171771,0.07456724367509987,0.4718792866941015
143,931.1006564551423,1.4901531728665207,0.0,0.0,8.091903719912473,2060.5339168490154,0.7396061269146609,0.75054704595186,-0.5783369803063457,0.12709572742022715,0.49864791779340184,0.31151974040021635,0.06273661438615467,0.5036710719530103
144,934.6660988074957,1.3577512776831346,0.0,0.0,7.977853492333901,2053.0357751277684,0.6183986371379898,0.7393526405451448,3.517274275979557,0.12043561819346572,0.45312833653640827,0.36664531283365365,0.059790732436472344,0.5445420326223338
145,959.6326530612245,0.6462585034013606,0.0,0.0,7.35827664399093,2057.5714285714284,0.3242630385487528,0.3219954648526077,0.30419501133786847,0.14329738058551617,0.33436055469953774,0.43482280431432974,0.08751926040061633,0.4982456140350877
146,879.2611464968153,1.2696390658174097,0.0,0.0,7.653927813163482,2065.566878980892,0.6029723991507431,0.6666666666666666,0.22732484076433124,0.12676837725381415,0.5195561719833565,0.2871012482662968,0.06657420249653259,0.5250836120401338
147,887.3217726396917,1.0982658959537572,0.0,0.0,7.834296724470135,2037.2100192678226,0.5973025048169557,0.5009633911368016,1.4389980732177265,0.11903590752582391,0.47122479094933595,0.3320216428922774,0.07771765863256272,0.45614035087719296
148,929.0064516129032,0.7655913978494624,0.0,0.0,6.916129032258064,2073.8494623655915,0.3849462365591398,0.38064516129032255,-0.7859569892473117,0.12531094527363185,0.3180970149253731,0.4601990049751244,0.09639303482587065,0.49719101123595505
149,880.4371373307544,0.5125725338491296,0.0,0.0,8.001934235976789,2047.7756286266924,0.2263056092843327,0.2862669245647969,-0.6201740812379111,0.10563210055595842,0.4665216340343244,0.3741841914430747,0.05366207396664249,0.5584905660377358
150,889.8264604810996,0.7920962199312714,0.0,0.0,7.920962199312715,2048.1288659793813,0.4072164948453608,0.3848797250859107,2.533453608247423,0.10780911062906724,0.44707158351409976,0.36225596529284165,0.08286334056399132,0.48590021691973967
151,911.9341085271318,0.5833333333333334,0.0,0.0,7.3023255813953485,2060.125968992248,0.31976744186046513,0.26356589147286824,-0.6668798449612403,0.12977707006369427,0.3466029723991507,0.4304670912951168,0.09315286624203821,0.45182724252491696
152,884.59375,0.5083333333333333,0.0,0.0,8.014583333333333,2032.25,0.25416666666666665,0.25416666666666665,1.0321458333333333,0.11515466597348584,0.4403431245126072,0.39901221731219133,0.04548999220171562,0.5
153,875.7755905511812,0.9803149606299213,0.0,0.0,7.9763779527559056,2049.777559055118,0.5570866141732284,0.42322834645669294,0.7043110236220473,0.1305528134254689,0.45582428430404737,0.3297137216189536,0.08390918065153011,0.43172690763052207
154,899.9681647940075,0.9307116104868914,0.0,0.0,7.269662921348314,2066.576779026217,0.5299625468164794,0.40074906367041196,0.5792134831460674,0.12364760432766615,0.31813498196805773,0.4688304997424008,0.08938691396187533,0.4305835010060362
155,861.6359143327842,0.6919275123558485,0.0,0.0,7.71334431630972,2045.2273476112027,0.3393739703459638,0.3525535420098847,0.45831960461285004,0.11106364801366937,0.430158052114481,0.38914993592481845,0.06962836394703119,0.5095238095238095
156,824.7653910149751,1.0715474209650582,0.0,0.0,7.665557404326123,2049.687188019967,0.49750415973377704,0.5740432612312812,2.732379367720466,0.12285652268287389,0.4217495116127632,0.3488170175819405,0.1065769481224224,0.5357142857142857
157,871.438492063492,1.3055555555555556,0.0,0.0,7.222222222222222,2073.1706349206347,0.7440476190476191,0.5615079365079365,-0.3312301587301587,0.13901098901098902,0.3159340659340659,0.41785714285714287,0.1271978021978022,0.43009118541033436
158,861.6785009861933,1.1972386587771202,0.0,0.0,7.788954635108481,2063.4792899408285,0.6074950690335306,0.5897435897435898,-0.3948520710059172,0.09648012154975943,0.5049379589769561,0.3180552038490757,0.08052671562420866,0.4925864909390445
159,844.7503392130258,0.37720488466757124,0.0,0.0,7.156037991858887,2055.706919945726,0.21031207598371776,0.16689280868385345,0.16246947082767976,0.08987485779294653,0.3708759954493743,0.42756920743268867,0.11167993932499053,0.44244604316546765
160,902.7368421052631,0.2608695652173913,0.0,0.0,6.787185354691076,2066.3340961098397,0.13729977116704806,0.12356979405034325,-0.5159725400457665,0.11867835468644639,0.3317599460552933,0.4217801753202967,0.12778152393796358,0.47368421052631576
161,923.8758865248227,0.6648936170212766,0.0,0.0,7.429078014184397,2038.090425531915,0.36347517730496454,0.30141843971631205,-0.4973404255319149,0.10739856801909307,0.4701670644391408,0.33269689737470165,0.08973747016706445,0.4533333333333333
162,852.5919282511211,0.312406576980568,0.0,0.0,7.80119581464873,2026.6098654708521,0.20328849028400597,0.10911808669656203,1.8386995515695066,0.10710864150220349,0.41827936386280895,0.3730599731749377,0.10155202146004982,0.3492822966507177
163,905.658187599364,0.43084260731319557,0.0,0.0,6.914149443561208,2059.9173290937997,0.2178060413354531,0.21303656597774245,0.21157392686804455,0.11680846171533686,0.35686364681535987,0.3557139572315475,0.1706139342377558,0.4944649446494465
164,917.0756843800322,0.9210950080515298,0.0,0.0,7.628019323671498,2043.8357487922706,0.43800322061191627,0.4830917874396135,0.26004830917874394,0.10534093308000844,0.4621068186616002,0.3601435507705299,0.07240869748786151,0.5244755244755245
165,889.8115107913669,0.7496402877697842,0.0,0.0,7.506474820143885,2027.1410071942446,0.32805755395683456,0.42158273381294964,3.234115107913669,0.11903392754456585,0.38700402530189765,0.39198773241326434,0.10197431474027219,0.5623800383877159
166,915.1775,1.7475,0.0,0.0,6.7175,2075.4875,0.9075,0.84,0.30284999999999995,0.1540751767770748,0.28954224041682175,0.43096390026051357,0.12541868254558988,0.48068669527896996
167,855.8389662027834,0.9781312127236581,0.0,0.0,7.596421471172962,2070.7813121272366,0.5129224652087475,0.46520874751491054,-0.2751093439363817,0.10782517665532583,0.4561633080345459,0.35069353572363254,0.08531797958649569,0.47560975609756095
168,888.8463901689709,1.196620583717358,0.0,0.0,7.602150537634409,2033.8433179723502,0.6175115207373272,0.5791090629800307,3.9164976958525344,0.10385936552838958,0.4083653263285512,0.4101838755304102,0.07759143261264902,0.4839537869062901
169,914.9585406301824,0.593698175787728,0.0,0.0,6.91542288557214,2068.4046434494194,0.3117744610281924,0.28192371475953565,-0.6052238805970149,0.1091127098321343,0.2918465227817746,0.48081534772182255,0.11822541966426858,0.4748603351955307
170,865.4511400651465,1.716612377850163,0.0,0.0,8.110749185667752,2066.7035830618893,0.7817589576547231,0.9348534201954397,0.9623778501628664,0.09839357429718876,0.4807228915662651,0.3598393574297189,0.06104417670682731,0.5445920303605313
171,889.9431988041854,0.8355754857997011,0.0,0.0,7.899850523168909,2071.0747384155457,0.39461883408071746,0.44095665171898357,0.49814648729446936,0.09952696310312205,0.43178807947019865,0.34853358561967834,0.12015137180700095,0.5277280858676208
172,895.6644993498049,0.7919375812743823,0.0,0.0,6.326397919375813,2074.631989596879,0.42002600780234073,0.3719115734720416,-0.18291287386215865,0.08920863309352518,0.29105858170606375,0.38787255909558066,0.23186022610483042,0.4696223316912972
173,877.5902527075813,0.9548736462093863,0.0,0.0,7.731046931407942,2069.149819494585,0.44765342960288806,0.5072202166064982,-0.02763537906137182,0.09782862479570395,0.47373336446416064,0.32010273173009574,0.1083352790100397,0.5311909262759924
174,877.0581818181818,1.0927272727272728,0.0,0.0,7.832727272727273,2056.2345454545452,0.54,0.5527272727272727,1.1205818181818183,0.10027855153203342,0.43964716805942433,0.38486536675951716,0.07520891364902507,0.5058236272878536
175,901.7446808510638,0.5886524822695035,0.0,0.0,6.824468085106383,2058.4751773049647,0.31560283687943264,0.2730496453900709,0.08556737588652487,0.12366848532086257,0.2860483242400624,0.46869316705637826,0.12159002338269681,0.463855421686747
176,834.3186180422265,0.8214971209213052,0.0,0.0,7.4510556621881,2064.1708253358925,0.4107485604606526,0.4107485604606526,-0.5936468330134357,0.1213292117465224,0.47861926841834107,0.294435857805255,0.1056156620298815,0.5
177,886.1966911764706,1.3768382352941178,0.0,0.0,8.049632352941176,2105.485294117647,0.6452205882352942,0.7316176470588235,0.4086764705882353,0.11007079241836036,0.4272664992007308,0.38136560858643526,0.08129709979447362,0.5313751668891856
178,923.080123266564,2.352850539291217,0.0,0.0,7.1063174114021574,2088.2388289676423,1.1217257318952234,1.231124807395994,0.6528659476117102,0.10212489158716392,0.3196010407632264,0.43018213356461404,0.14809193408499566,0.5232481990831697
179,903.2093023255813,1.4221824686940967,0.0,0.0,8.275491949910554,2116.592128801431,0.6851520572450805,0.7370304114490162,-0.2591592128801431,0.11089494163424124,0.48205793341980113,0.33246865542585385,0.07457846952010376,0.5182389937106918
180,866.8736998514116,0.836552748885587,0.0,0.0,8.12184249628529,2026.1203566121842,0.424962852897474,0.4115898959881129,5.276196136701337,0.10757409440175632,0.48518111964873767,0.3300402488108306,0.07720453713867545,0.4920071047957371
181,905.3861171366594,0.5813449023861171,0.0,0.0,7.626898047722343,2083.605206073753,0.31670281995661603,0.2646420824295011,0.2431019522776573,0.12997724687144482,0.3808304891922639,0.38310580204778155,0.10608646188850968,0.4552238805970149
182,941.4991596638655,2.122689075630252,0.0,0.0,7.845378151260504,2093.968067226891,0.8722689075630252,1.250420168067227,0.16863865546218493,0.1036846615252785,0.49850042844901454,0.294987146529563,0.10282776349614396,0.5890736342042755
183,928.0567612687813,2.1001669449081803,0.0,0.0,8.237061769616027,2097.161936560935,1.1001669449081803,1.0,1.7707011686143574,0.10437778678556951,0.49310903931901096,0.29164977705715445,0.1108633968382651,0.47615262321144675
184,920.9007782101168,1.3579766536964981,0.0,0.0,7.527237354085603,2088.140077821012,0.6789883268482491,0.6789883268482491,-0.45698443579766534,0.11915223571982424,0.38226932023778754,0.40811579219436545,0.09046265184802274,0.5
185,917.8275862068965,1.7136431784107946,0.0,0.0,7.557721139430285,2067.095952023988,0.8050974512743628,0.9085457271364318,0.15740629685157423,0.10890696290418568,0.4524895853997223,0.35052568934735173,0.08807776234874033,0.5301837270341208
186,880.8840169731259,1.6661951909476662,0.0,0.0,7.584158415841584,2030.903818953324,0.8642149929278642,0.801980198019802,4.515304101838756,0.10854158895934353,0.44405072734054457,0.31592689295039167,0.13148079074972024,0.48132427843803055
187,905.0048859934853,2.3534201954397393,0.0,0.0,7.055374592833876,2083.938110749186,1.250814332247557,1.1026058631921825,-0.33729641693811074,0.11311172668513389,0.33287165281625114,0.3801939058171745,0.17382271468144045,0.4685121107266436
188,967.4192771084338,2.2734939759036146,0.0,0.0,7.427710843373494,2074.1734939759035,1.2409638554216869,1.0325301204819277,0.059421686746987945,0.08629359286293593,0.44606650446066504,0.30640713706407136,0.16123276561232766,0.4541600423953365
189,889.3341553637484,1.6337854500616522,0.0,0.0,7.787916152897657,2041.8951911220715,0.7398273736128237,0.8939580764488286,3.8649568434032058,0.1025965801139962,0.4316022799240025,0.3681127295756808,0.09768841038632045,0.5471698113207547
190,870.4258241758242,1.3983516483516483,0.0,0.0,7.065934065934066,2065.2376373626375,0.6126373626373627,0.7857142857142857,1.130521978021978,0.10730948678071539,0.3427293934681182,0.3928849144634526,0.15707620528771385,0.5618860510805501
191,975.2423398328691,1.4554317548746518,0.0,0.0,7.763231197771588,2065.700557103064,0.7047353760445683,0.7506963788300836,-0.3411281337047354,0.09992823824901327,0.45550771438823107,0.3344097595981342,0.11015428776462145,0.5157894736842106
192,905.3838797814208,1.0273224043715847,0.0,0.0,7.758196721311475,2004.7431693989072,0.5969945355191257,0.430327868852459,6.451502732240437,0.10565240359218173,0.4601162176439514,0.338968128191583,0.09526325057228385,0.41888297872340424
193,958.8541996830428,2.207606973058637,0.0,0.0,7.183835182250396,2063.213946117274,1.0554675118858954,1.1521394611727416,0.28198098256735343,0.10875799691153762,0.4129715420251489,0.29516876240900064,0.1831016986543128,0.5218951902368988
194,909.4129870129871,1.4441558441558442,0.0,0.0,8.45974025974026,2048.1974025974027,0.6415584415584416,0.8025974025974026,0.009688311688311675,0.1145225667792447,0.5710776788455634,0.263432606693276,0.050967147681915875,0.5557553956834532
195,954.6987012987013,1.5792207792207793,0.0,0.0,7.574025974025974,2047.0181818181818,0.7961038961038961,0.7831168831168831,1.8554935064935065,0.09825102880658436,0.42352537722908096,0.33573388203017834,0.14248971193415638,0.49588815789473684
196,969.6270543615676,1.7800252844500632,0.0,0.0,6.237673830594185,2030.7787610619469,0.8596713021491783,0.9203539823008849,5.429570164348926,0.09708147547628698,0.32468585326307253,0.3307661126874747,0.2474665585731658,0.5170454545454546
197,990.5637982195846,2.0905044510385755,0.0,0.0,7.308605341246291,2055.8442136498516,1.0178041543026706,1.072700296735905,0.0478486646884273,0.10657734470158343,0.45676004872107184,0.2754770604953309,0.1611855460820138,0.5131298793470547
198,976.8785982478098,1.0863579474342928,0.0,0.0,7.540675844806008,2037.7722152690862,0.5319148936170213,0.5544430538172715,2.4384230287859823,0.09626556016597511,0.41941908713692944,0.31435684647302903,0.16995850622406639,0.5103686635944701
199,971.505,0.9975,0.0,0.0,6.4525,2061.03375,0.47625,0.52125,1.2217125,0.10402944595118171,0.27160015497869044,0.4033320418442464,0.22103835722588144,0.5225563909774437
200,968.9123966942149,1.1867768595041321,0.0,0.0,7.404958677685951,2045.803305785124,0.5619834710743802,0.6247933884297521,0.5171570247933884,0.09776785714285714,0.49754464285714284,0.2575892857142857,0.1470982142857143,0.5264623955431755
201,913.8150851581509,0.8272506082725061,0.0,0.0,7.2871046228710465,2024.757907542579,0.4233576642335766,0.40389294403892945,3.332773722627737,0.1008347245409015,0.4318864774624374,0.2996661101836394,0.16761268781302172,0.48823529411764705
202,921.3508541392904,0.5992115637319316,0.0,0.0,6.3469119579500655,2041.4572930354796,0.3140604467805519,0.2851511169513798,2.399198423127464,0.10952380952380952,0.3356107660455487,0.28405797101449276,0.2708074534161491,0.4758771929824561
203,1008.208229426434,0.8341645885286783,0.0,0.0,7.283042394014963,2052.2693266832916,0.4226932668329177,0.4114713216957606,0.3207730673316708,0.09861325115562404,0.4565998972778634,0.24242424242424243,0.20236260914227017,0.49327354260089684
204,967.3313609467456,0.47781065088757396,0.0,0.0,7.489644970414201,2033.3846153846155,0.22041420118343194,0.257396449704142,2.4428698224852075,0.1062611100138258,0.4578313253012048,0.3069326486272961,0.1289749160576733,0.5386996904024768
205,980.5340909090909,0.43434343434343436,0.0,0.0,6.571969696969697,2055.9848484848485,0.24368686868686867,0.19065656565656566,0.16390151515151516,0.09241114313160423,0.30624399615754083,0.3677233429394813,0.2336215177713737,0.438953488372093
206,960.0952380952381,1.4326530612244899,0.0,0.0,7.22312925170068,2049.5156462585032,0.7197278911564626,0.7129251700680272,0.2859727891156463,0.1071764927481635,0.45451120738368805,0.26860048973441325,0.16971181013373518,0.4976258309591643
207,982.1179173047473,1.3139356814701377,0.0,0.0,7.761102603369066,2044.4364471669219,0.655436447166922,0.6584992343032159,2.468346094946401,0.10516969218626677,0.4615232833464878,0.29972375690607733,0.13358326756116812,0.5011655011655012
208,938.4050464807436,0.5312084993359893,0.0,0.0,6.240371845949535,2059.3107569721114,0.300132802124834,0.23107569721115537,0.4383930942895087,0.09810597999574378,0.29516918493296446,0.3321983400723558,0.27452649499893594,0.435
209,1027.5046875,0.740625,0.0,0.0,7.0578125,2054.4609375,0.3484375,0.3921875,-0.524140625,0.11179986716847465,0.41819791897276953,0.295328758025238,0.17467345583351782,0.5295358649789029
210,967.1337931034483,1.1006896551724137,0.0,0.0,7.820689655172414,2012.0606896551724,0.5020689655172413,0.5986206896551725,6.492206896551725,0.10317460317460317,0.5033509700176367,0.26807760141093473,0.1253968253968254,0.543859649122807
211,979.7511811023622,1.0803149606299212,0.0,0.0,6.633070866141733,2055.181102362205,0.5716535433070866,0.5086614173228347,0.7270236220472441,0.11063627730294397,0.36324786324786323,0.3060303893637227,0.22008547008547008,0.4708454810495627
212,1040.4855072463768,1.1115942028985508,0.0,0.0,6.956521739130435,2061.6405797101447,0.5159420289855072,0.5956521739130435,-0.4503623188405797,0.109375,0.44458333333333333,0.24520833333333333,0.20083333333333334,0.5358539765319427
213,1039.3056338028168,1.5507042253521126,0.0,0.0,7.529577464788733,2054.7323943661972,0.7492957746478873,0.8014084507042254,1.122225352112676,0.09876543209876543,0.45173961840628507,0.2824541713430602,0.16704077815188925,0.516802906448683
214,995.1254180602007,1.0016722408026757,0.0,0.0,6.474916387959866,2054.1120401337794,0.5066889632107023,0.49498327759197325,1.560117056856187,0.11492768595041322,0.34839876033057854,0.3125,0.22417355371900827,0.4941569282136895
215,956.474647887324,1.6507042253521127,0.0,0.0,7.084507042253521,2058.8535211267604,0.7633802816901408,0.8873239436619719,-0.04239436619718311,0.1073558648111332,0.447117296222664,0.2681908548707754,0.17733598409542745,0.537542662116041
216,954.2509554140128,0.9579617834394905,0.0,0.0,6.917197452229299,2014.095541401274,0.42420382165605097,0.5337579617834395,6.017554140127388,0.10644567219152855,0.40736648250460405,0.28342541436464086,0.20276243093922652,0.5571808510638298
217,966.2859327217126,1.2232415902140672,0.0,0.0,6.646788990825688,2060.553516819572,0.5581039755351682,0.6651376146788991,-0.08148318042813454,0.11985277202668507,0.3190706234184495,0.32919254658385094,0.2318840579710145,0.54375
218,992.0532319391635,1.3003802281368821,0.0,0.0,7.120405576679341,2058.238276299113,0.6451204055766794,0.6552598225602028,0.031888466413181236,0.09184763260946956,0.4186543253826985,0.28212887148451404,0.2073691705233179,0.5038986354775828
219,933.3098404255319,1.0199468085106382,0.0,0.0,7.75531914893617,2038.6449468085107,0.5212765957446809,0.49867021276595747,3.6680053191489366,0.10013717421124829,0.41786694101508914,0.33453360768175583,0.14746227709190673,0.48891786179921776
220,982.5219298245614,0.6900584795321637,0.0,0.0,6.685672514619883,2053.7997076023394,0.3201754385964912,0.36988304093567254,2.0127485380116954,0.103214520008747,0.35906407172534444,0.3177345287557402,0.21998687951016838,0.5360169491525424
221,977.3804347826087,1.1304347826086956,0.0,0.0,7.387228260869565,2061.1440217391305,0.5801630434782609,0.5502717391304348,-0.455258152173913,0.09987125252896818,0.44932867390104836,0.2882104101526577,0.16258966341732572,0.48677884615384615
222,1001.4033018867924,0.9799528301886793,0.0,0.0,7.46816037735849,2033.1450471698113,0.4858490566037736,0.49410377358490565,3.904787735849057,0.09884730775303964,0.42728564661297963,0.293857571451129,0.18000947418285174,0.5042117930204573
223,983.3597315436242,0.6214765100671141,0.0,0.0,6.163758389261745,2063.8255033557048,0.3476510067114094,0.2738255033557047,-0.33408053691275164,0.10039198606271776,0.34255226480836237,0.26306620209059234,0.2939895470383275,0.4406047516198704
224,957.6152623211447,0.7821939586645469,0.0,0.0,7.216216216216216,2056.2130365659777,0.383147853736089,0.3990461049284579,0.2581558028616852,0.10751266798854373,0.4690460453844459,0.2595285305133289,0.16391275611368142,0.5101626016260162
225,939.3366197183099,1.0309859154929577,0.0,0.0,7.333802816901408,2041.8591549295775,0.5169014084507042,0.5140845070422535,2.19387323943662,0.09890531976185904,0.3942769348953332,0.34203956212790476,0.164778183214903,0.49863387978142076
226,954.0161090458488,0.8029739776951673,0.0,0.0,6.359355638166047,2039.8835192069394,0.4473358116480793,0.355638166047088,3.584758364312268,0.09547934528448948,0.269680436477007,0.3583398285268901,0.2765003897116134,0.44290123456790126
227,984.0499219968799,1.187207488299532,0.0,0.0,7.569422776911076,2074.8970358814354,0.6131045241809673,0.5741029641185648,-0.4793291731669267,0.10820280296784832,0.45280296784831,0.26669414674361086,0.17230008244023085,0.4835742444152431
228,938.7773631840796,0.7064676616915423,0.0,0.0,7.095771144278607,2028.6542288557214,0.39676616915422885,0.30970149253731344,4.333171641791044,0.09412795793163892,0.3868536371603856,0.31200701139351444,0.207011393514461,0.43838028169014087
229,994.7444134078212,0.8296089385474861,0.0,0.0,6.343575418994414,2079.314245810056,0.44273743016759776,0.38687150837988826,0.08893854748603354,0.10303830911492734,0.28269484808454426,0.3771466314398943,0.23712021136063408,0.4663299663299663
230,955.9,0.45517241379310347,0.0,0.0,7.479310344827586,2048.5844827586207,0.21551724137931033,0.2396551724137931,0.17196551724137932,0.10926694329183956,0.479483633010604,0.2641770401106501,0.1470723835869064,0.5265151515151515
231,945.9938195302843,0.546353522867738,0.0,0.0,7.107540173053152,2052.035846724351,0.26452410383189123,0.28182941903584674,-0.1573176761433869,0.09095652173913044,0.40504347826086956,0.31356521739130433,0.19043478260869565,0.5158371040723982
232,981.2883295194508,0.6784897025171625,0.0,0.0,6.224256292906179,2054.0434782608695,0.3169336384439359,0.36155606407322655,1.5829977116704805,0.08345588235294117,0.3165441176470588,0.3034926470588235,0.29650735294117647,0.5328836424957841
233,908.4295190713101,1.0381426202321724,0.0,0.0,7.218905472636816,2042.1276948590382,0.49585406301824214,0.5422885572139303,0.8708291873963516,0.10590397427061797,0.5028715828164484,0.22145646680450265,0.16976797610843097,0.5223642172523961
234,936.4281045751634,0.5490196078431373,0.0,0.0,7.599673202614379,2036.8545751633987,0.3022875816993464,0.24673202614379086,1.9881862745098038,0.10255858955063427,0.47903676628682,0.2715545044076543,0.14685013975489142,0.4494047619047619
235,911.7719568567027,0.43143297380585516,0.0,0.0,6.553158705701079,2052.5053929121727,0.23882896764252695,0.1926040061633282,1.0679969183359015,0.10886433106042794,0.3157770985186927,0.30684222901481306,0.2685163414060663,0.44642857142857145
236,893.2216582064298,0.47884940778341795,0.0,0.0,7.106598984771574,2050.02538071066,0.25042301184433163,0.22842639593908629,-0.23920473773265646,0.11023809523809523,0.46904761904761905,0.23714285714285716,0.18357142857142858,0.47703180212014135
237,843.617067833698,0.5076586433260394,0.0,0.0,8.179431072210066,2033.5645514223195,0.22538293216630198,0.28227571115973743,1.5848796498905908,0.11476725521669343,0.5318352059925093,0.25147137506688066,0.10192616372391654,0.5560344827586207
238,883.6588693957115,0.9805068226120858,0.0,0.0,6.516569200779727,2068.395711500975,0.52046783625731,0.4600389863547758,1.3236647173489278,0.13580616212982352,0.3269518396649716,0.3081064911755908,0.22913550702961413,0.4691848906560636
239,880.2657992565056,0.5390334572490706,0.0,0.0,7.589219330855019,2039.4368029739776,0.24535315985130113,0.2936802973977695,0.5058736059479554,0.12637766348273327,0.4942444281165809,0.24099926524614254,0.13837864315454323,0.5448275862068965
240,905.5814332247558,1.019543973941368,0.0,0.0,7.8322475570032575,2027.6775244299674,0.50814332247557,0.511400651465798,4.625016286644952,0.10937824911624039,0.47265543772093993,0.3031815346225827,0.11478477854023705,0.5015974440894568
241,899.19795221843,1.42320819112628,0.0,0.0,6.738907849829351,2061.3566552901025,0.6399317406143344,0.7832764505119454,0.7027303754266212,0.12154975943276779,0.35907824765763485,0.31045834388452775,0.20891364902506965,0.5503597122302158
242,919.5766550522648,0.9947735191637631,0.0,0.0,7.2717770034843205,2048.6724738675957,0.4024390243902439,0.5923344947735192,-0.05963414634146341,0.1142788691902252,0.47005270723526593,0.23694298035457595,0.17872544321993292,0.5954465849387041
243,859.6180904522613,0.7638190954773869,0.0,0.0,6.7537688442211055,2037.8676716917923,0.34338358458961477,0.4204355108877722,1.7052261306532663,0.12450396825396826,0.4573412698412698,0.22371031746031747,0.19444444444444445,0.5504385964912281
244,842.6731601731602,0.6190476190476191,0.0,0.0,6.937229437229437,2062.1969696969695,0.3333333333333333,0.2857142857142857,-0.3466666666666667,0.13541341653666147,0.3890795631825273,0.2686427457098284,0.20686427457098283,0.46153846153846156
245,822.2673796791444,0.9964349376114082,0.0,0.0,7.269162210338681,2041.4991087344029,0.5383244206773619,0.45811051693404636,1.3622459893048129,0.11574301128003923,0.47204512015693967,0.25404610102991665,0.15816576753310446,0.4597495527728086
246,844.9883551673945,0.9781659388646288,0.0,0.0,7.12372634643377,2024.3027656477439,0.42066957787481807,0.5574963609898108,5.394788937409024,0.11687780956272988,0.40314671025745813,0.27625664078463424,0.20371883939517776,0.5699404761904762
247,864.6177924217463,0.5436573311367381,0.0,0.0,6.657331136738056,2059.1762767710047,0.2833607907742998,0.2602965403624382,-0.14546952224052714,0.11630784459292254,0.32120762187577334,0.3333333333333333,0.2291512001979708,0.47878787878787876
248,816.6535303776683,0.896551724137931,0.0,0.0,7.090311986863711,2050.2019704433496,0.41707717569786534,0.4794745484400657,-0.4525287356321839,0.10213061602593794,0.4779990736452061,0.25011579434923575,0.16975451597962019,0.5347985347985348
249,844.3612040133779,0.4431438127090301,0.0,0.0,7.404682274247492,2033.7558528428094,0.23745819397993312,0.205685618729097,1.8592809364548493,0.10953026196928636,0.44941282746160793,0.2809394760614273,0.1601174345076784,0.4641509433962264
250,886.1374570446735,0.38316151202749144,0.0,0.0,6.4965635738831615,2058.2388316151205,0.2027491408934708,0.18041237113402062,0.6235223367697594,0.11610685003967204,0.3430309441946575,0.30679714361280086,0.23406506215286962,0.47085201793721976
251,910.2295321637426,0.7266081871345029,0.0,0.0,7.7105263157894735,2049.8815789473683,0.3830409356725146,0.3435672514619883,-0.3688157894736842,0.09916571861964353,0.4908987485779295,0.24706105422828972,0.16287447857413728,0.47283702213279677
252,888.7038461538461,0.5192307692307693,0.0,0.0,7.582051282051282,2024.6833333333334,0.24358974358974358,0.27564102564102566,3.876358974358974,0.11092323300642543,0.447074737910044,0.2603990530943524,0.1816029759891782,0.5308641975308642
253,877.4872204472844,1.0798722044728435,0.0,0.0,6.485623003194888,2053.231629392971,0.5990415335463258,0.48083067092651754,0.9269329073482429,0.11724137931034483,0.388423645320197,0.20788177339901479,0.2864532019704433,0.4452662721893491
254,887.6732026143791,0.30718954248366015,0.0,0.0,8.368191721132897,2037.3747276688453,0.11982570806100218,0.18736383442265794,0.01664488017429194,0.12080187451184587,0.5743296016662327,0.19942723249153865,0.10544129133038271,0.6099290780141844
255,932.3121951219512,0.12926829268292683,0.0,0.0,7.392682926829268,2028.4036585365855,0.05,0.07926829268292683,2.872439024390244,0.09732761464863081,0.4356647970966678,0.313592873639063,0.1534147146156384,0.6132075471698113
256,986.4209245742093,0.16909975669099755,0.0,0.0,6.490267639902676,2042.2469586374696,0.08759124087591241,0.08150851581508516,1.443832116788321,0.09053420805998126,0.3212746016869728,0.3030927835051546,0.2850984067478913,0.48201438848920863
257,994.5745762711864,0.511864406779661,0.0,0.0,7.51864406779661,2041.2966101694915,0.2796610169491525,0.23220338983050848,-0.36793220338983046,0.09963931469792606,0.5457619477006312,0.218214607754734,0.13638412984670875,0.45364238410596025
258,951.5393939393939,0.36727272727272725,0.0,0.0,7.489696969696969,2031.3393939393939,0.1903030303030303,0.17696969696969697,2.6036848484848485,0.09775044505583427,0.429843016669364,0.28726331121540705,0.18514322705939473,0.48184818481848185
259,961.020325203252,0.25203252032520324,0.0,0.0,6.712737127371274,2054.5149051490516,0.13550135501355012,0.11653116531165311,-0.07582655826558264,0.10173597093257973,0.31449333871618895,0.36818732337505045,0.21558336697618086,0.46236559139784944
260,929.2867383512545,0.15949820788530467,0.0,0.0,8.39247311827957,2035.9283154121863,0.08422939068100359,0.07526881720430108,0.41177419354838707,0.10185778347213324,0.5449498184924194,0.23788169976510784,0.11531069827033953,0.47191011235955055
261,961.0026041666666,0.34375,0.0,0.0,7.6953125,2043.91015625,0.1796875,0.1640625,1.2731380208333334,0.09763113367174281,0.422673434856176,0.29983079526226736,0.17986463620981388,0.4772727272727273
262,919.5989232839838,0.22072678331090176,0.0,0.0,6.557200538358008,2043.1763122476448,0.1426648721399731,0.07806191117092867,2.0944818304172275,0.09646962233169129,0.3446223316912972,0.3033661740558292,0.2555418719211823,0.35365853658536583
263,928.8041871921182,0.3054187192118227,0.0,0.0,7.315270935960591,2039.7943349753696,0.11945812807881774,0.18596059113300492,0.8601847290640394,0.09208754208754209,0.4804713804713805,0.21986531986531987,0.20757575757575758,0.6088709677419355
264,891.3214285714286,0.83,0.0,0.0,7.784285714285715,2014.2371428571428,0.41714285714285715,0.41285714285714287,4.969385714285715,0.09304459533859424,0.48284088823637367,0.2919801798495137,0.13213433657551846,0.4974182444061962
265,893.555905511811,0.25826771653543307,0.0,0.0,6.815748031496063,2048.3307086614172,0.16220472440944883,0.09606299212598425,1.2813700787401576,0.10790203327171904,0.33595194085027724,0.34588724584103514,0.21025878003696857,0.3719512195121951
266,918.7289325842696,0.7373595505617978,0.0,0.0,7.352528089887641,2048.0969101123596,0.3637640449438202,0.37359550561797755,-0.5637921348314607,0.08748806112702961,0.4970391595033429,0.2523400191021968,0.16313276026743076,0.5066666666666667
267,931.5132867132867,0.9944055944055944,0.0,0.0,7.72027972027972,2045.9454545454546,0.4755244755244755,0.5188811188811189,1.4702517482517483,0.0947463768115942,0.4702898550724638,0.30380434782608695,0.13115942028985508,0.5218002812939522
268,913.9988235294118,1.2094117647058824,0.0,0.0,6.397647058823529,2052.6976470588233,0.6576470588235294,0.5517647058823529,2.2593411764705884,0.09084222140492829,0.3061787421846267,0.3315557190143435,0.2714233173961015,0.45622568093385213
269,922.6622222222222,0.6044444444444445,0.0,0.0,8.106666666666667,2044.7585185185185,0.3274074074074074,0.277037037037037,0.9597185185185184,0.09703947368421052,0.48921783625730997,0.27595029239766083,0.13779239766081872,0.4583333333333333
270,908.7737819025522,0.5835266821345708,0.0,0.0,8.008120649651973,2017.2888631090486,0.3225058004640371,0.26102088167053367,5.654849187935034,0.08662900188323917,0.4770389685643923,0.2852383021874547,0.1510937273649138,0.44731610337972166
271,901.8451086956521,0.3125,0.0,0.0,6.930706521739131,2063.7459239130435,0.15489130434782608,0.15760869565217392,0.046684782608695644,0.09527543618898256,0.33581650656733975,0.3418937463242501,0.22701431091942756,0.5043478260869565
272,903.248492159228,0.3341375150784077,0.0,0.0,7.284680337756333,2044.7008443908323,0.2147165259348613,0.11942098914354644,0.33044632086851633,0.08180162278522934,0.416956449743335,0.2854777281006789,0.21576419937075675,0.3574007220216607
273,909.2323491655969,0.754813863928113,0.0,0.0,7.632862644415918,2036.2798459563544,0.3581514762516046,0.39666238767650835,3.3040949935815145,0.09064917591658257,0.4650184998318197,0.24907500840901448,0.19525731584258324,0.5255102040816326
274,913.6326530612245,0.4518950437317784,0.0,0.0,6.743440233236152,2041.142857142857,0.25510204081632654,0.1967930029154519,2.711938775510204,0.10570687418936446,0.35862516212710766,0.3162559446606139,0.21941201902291396,0.43548387096774194
275,929.7745664739884,0.2878612716763006,0.0,0.0,7.335260115606936,2054.8520231213874,0.12138728323699421,0.16647398843930636,0.13982658959537572,0.08589440504334121,0.4423955870764381,0.285263987391647,0.18644602048857367,0.5783132530120482
276,958.0341786108048,0.7420066152149944,0.0,0.0,7.218302094818082,2017.864388092613,0.38257993384785005,0.35942668136714445,4.847386990077178,0.09286696196731327,0.4296624408125859,0.2886818390102337,0.18878875820986712,0.48439821693907875
277,959.2541353383459,1.018045112781955,0.0,0.0,7.057142857142857,2070.048120300752,0.530827067669173,0.48721804511278194,0.43222556390977446,0.10505007457916045,0.3419987215001065,0.34753888770509267,0.20541231621564032,0.47858197932053176
278,972.7832744405183,0.9540636042402827,0.0,0.0,7.545347467608952,2060.7903415783276,0.4711425206124853,0.4829210836277974,-0.16217903415783275,0.08289103965032782,0.45644708086169217,0.26896659381829535,0.19169528566968466,0.5061728395061729
279,902.3134160090192,0.4464487034949267,0.0,0.0,7.62119503945885,2023.8027057497181,0.16910935738444194,0.2773393461104848,4.988376550169109,0.09156804733727811,0.4294378698224852,0.332396449704142,0.14659763313609467,0.6212121212121212
280,947.8959687906372,0.577373211963589,0.0,0.0,7.159947984395319,2039.5773732119635,0.3081924577373212,0.26918075422626786,3.969453836150845,0.10007264802034145,0.3494369778423538,0.34743915728296404,0.20305121685434072,0.46621621621621623
281,1021.6427732079906,0.9330199764982373,0.0,0.0,7.492361927144536,2060.371327849589,0.40540540540540543,0.5276145710928319,0.004394829612220944,0.09002509410288582,0.43350062735257217,0.3001882057716437,0.17628607277289837,0.5654911838790933
282,992.1163748712668,0.3553038105046344,0.0,0.0,7.35015447991761,2025.300720906282,0.15036045314109167,0.20494335736354274,4.181060762100927,0.08841249824856383,0.4448647891270842,0.294101162953622,0.17262154967073,0.5768115942028985
283,1036.8748510131109,0.8426698450536353,0.0,0.0,6.560190703218117,2069.740166865316,0.42073897497020263,0.42193087008343266,0.8474493444576877,0.09102470930232558,0.37318313953488375,0.26544331395348836,0.2703488372093023,0.5007072135785007
284,1043.5731225296443,1.0711462450592886,0.0,0.0,7.450592885375494,2061.909090909091,0.49538866930171277,0.5757575757575758,0.7039262187088273,0.09336870026525199,0.4739168877099912,0.2774535809018568,0.1552608311229001,0.5375153751537516
285,1005.3762376237623,1.0913091309130913,0.0,0.0,7.477447744774477,2039.9482948294828,0.4884488448844885,0.6028602860286029,3.336974697469747,0.09283507429748418,0.3978225687803443,0.3313226423422098,0.17801971457996174,0.5524193548387096
286,1039.4366952789699,1.2210300429184548,0.0,0.0,6.465665236051502,2073.5590128755366,0.6072961373390557,0.6137339055793991,1.8414592274678112,0.08695652173913043,0.29571855293727184,0.34035844673083304,0.2769664785927647,0.5026362038664324
287,1036.8885172798216,2.0735785953177257,0.0,0.0,7.518394648829432,2105.546265328874,0.9565217391304348,1.117056856187291,-0.20691192865105903,0.08748517200474495,0.45447805456702256,0.2943357058125741,0.16370106761565836,0.5387096774193548
288,1049.5893037336025,1.5832492431886982,0.0,0.0,7.390514631685167,2065.1029263370333,0.7679112008072654,0.8153380423814329,2.98891019172553,0.0820589841616603,0.4022392135445112,0.335199344620426,0.1805024576734025,0.5149776927979605
289,1019.219512195122,1.278745644599303,0.0,0.0,7.005807200929152,2081.8397212543555,0.6562137049941928,0.6225319396051103,2.1232752613240415,0.09350132625994695,0.32211538461538464,0.3677055702917772,0.21667771883289125,0.4868301544050863
290,1017.9454976303317,1.4099526066350712,0.0,0.0,8.023696682464456,2075.1848341232226,0.6646919431279621,0.745260663507109,0.9845971563981043,0.08860011813349085,0.490253987005316,0.2975487300649734,0.12359716479621972,0.5285714285714286
291,973.3647540983607,2.24077868852459,0.0,0.0,7.465163934426229,2092.594262295082,1.1188524590163935,1.1219262295081966,2.174969262295082,0.07919297282459511,0.40708207521273676,0.33584957452648917,0.17787537743617898,0.5006858710562414
292,965.4702581369248,1.5858585858585859,0.0,0.0,6.609427609427609,2095.3569023569025,0.8316498316498316,0.7542087542087542,0.9282603815937149,0.08626252334861606,0.3250127356087621,0.3139752080149431,0.27474953302767874,0.47558386411889597
293,1000.7026726057907,1.8329621380846326,0.0,0.0,7.419821826280623,2075.9721603563476,0.9042316258351893,0.9287305122494433,0.03152561247216038,0.08719795887738256,0.46480564310370703,0.27660213117214466,0.17139426684676573,0.5066828675577156
294,954.9438470728793,1.5555555555555556,0.0,0.0,8.145758661887694,2069.0704898446834,0.7646356033452808,0.7909199522102748,4.327252090800478,0.09401584042241126,0.47242593135816957,0.31534174244646523,0.11821648577295395,0.5084485407066052
295,950.9942987457241,1.4549600912200684,0.0,0.0,6.5222348916761685,2065.9429874572406,0.7206385404789054,0.734321550741163,0.37380843785632845,0.09318181818181819,0.30437062937062936,0.35716783216783216,0.24527972027972028,0.5047021943573667
296,952.8225806451613,1.933179723502304,0.0,0.0,7.414746543778802,2097.3283410138247,0.880184331797235,1.0529953917050692,1.0087903225806452,0.08747669359850839,0.4540087010565569,0.2886886264760721,0.16982597886886264,0.5446960667461264
297,945.9656357388316,2.071019473081329,0.0,0.0,7.797250859106529,2054.0836197021763,1.0446735395189004,1.0263459335624283,4.244948453608248,0.09313941530777141,0.4805347436462465,0.3024827383575731,0.12384310268840899,0.49557522123893805
298,1008.7410313901345,1.7556053811659194,0.0,0.0,6.452914798206278,2076.182735426009,0.8195067264573991,0.9360986547085202,0.6669955156950673,0.09485753995830438,0.27466990965948573,0.3422515635858235,0.28822098679638636,0.533205619412516
299,1001.6771397616468,1.9794149512459371,0.0,0.0,7.460455037919827,2083.981581798483,0.9479956663055255,1.0314192849404118,0.06297941495124597,0.08902120243973279,0.4504792332268371,0.298141155968632,0.16235840836479815,0.5210727969348659
300,943.5234042553192,1.5723404255319149,0.0,0.0,7.924468085106383,2046.1063829787233,0.7436170212765958,0.8287234042553191,6.158691489361702,0.08954222043227279,0.47133843468922004,0.31145120150355754,0.12766814337494967,0.527063599458728
301,929.4640682095006,2.7088915956151034,0.0,0.0,7.115712545676005,2170.2009744214374,1.3325213154689404,1.3763702801461632,-0.17090133982947625,0.09739815131804176,0.34269085929476206,0.359123587812393,0.20078740157480315,0.5080935251798561
302,1027.6831364124598,1.7475832438238452,0.0,0.0,7.285714285714286,2091.0451127819547,0.8474758324382384,0.9001074113856069,1.2495273899033297,0.08565531475748193,0.4200206398348813,0.29927760577915374,0.19504643962848298,0.5150583896742471
303,988.5100354191263,2.565525383707202,0.0,0.0,7.461629279811098,2092.6044864226683,1.2739079102715467,1.2916174734356554,2.8783825265643443,0.08686708860759494,0.4530063291139241,0.2878164556962025,0.17231012658227848,0.5034514496088357
304,972.2019950124688,1.3478802992518704,0.0,0.0,7.016209476309227,2082.544887780549,0.6321695760598504,0.71571072319202,1.2005985037406484,0.09561044961791364,0.349209170072863,0.3783543628931935,0.17682601741602985,0.5309898242368177
305,987.5633232016211,1.9209726443768997,0.0,0.0,7.21580547112462,2104.950354609929,0.9878419452887538,0.9331306990881459,-0.04744680851063828,0.08663296826734064,0.39707947205841054,0.33937096321258076,0.17691659646166807,0.48575949367088606
306,998.4473161033798,1.9065606361829026,0.0,0.0,7.18986083499006,2078.6918489065606,0.94831013916501,0.9582504970178927,4.502465208747514,0.08958938199917046,0.41144753214433843,0.3109359878335407,0.18802709802295037,0.502606882168926
307,948.1339600470035,2.5417156286721503,0.0,0.0,6.696827262044653,2134.4723854289073,1.2420681551116333,1.299647473560517,-0.2165687426556992,0.09124407790840498,0.30514125285137744,0.3758554132303913,0.22775925600982627,0.511326860841424
308,1003.0473186119874,2.3648790746582544,0.0,0.0,7.384858044164038,2115.8643533123027,1.1934805467928495,1.1713985278654049,-0.20127234490010512,0.07959561440979639,0.4459632635625801,0.3133988324078029,0.1610422896198206,0.49533125833703867
309,978.1460554371002,1.814498933901919,0.0,0.0,7.756929637526652,2111.54157782516,0.847547974413646,0.9669509594882729,2.6740618336886994,0.07930181418361737,0.4097031335898845,0.36737218251786696,0.1436228697086311,0.5329024676850764
310,930.6303418803419,1.857905982905983,0.0,0.0,6.891025641025641,2089.965811965812,0.8920940170940171,0.9658119658119658,0.9955235042735042,0.09007751937984496,0.3085271317829457,0.3848062015503876,0.21658914728682171,0.5198389879240943
311,950.9460674157303,3.6112359550561797,0.0,0.0,7.620224719101124,2136.5280898876404,1.7730337078651686,1.8382022471910113,-0.2833483146067416,0.08581539368917723,0.44264228841049835,0.31760542612798587,0.15393689177233855,0.5090230242688238
312,930.695020746888,1.6649377593360997,0.0,0.0,7.632780082987552,2040.701244813278,0.8029045643153527,0.8620331950207469,5.568578838174274,0.08983419407447676,0.43992932862190814,0.31910845338407173,0.15112802391954336,0.5177570093457944
313,928.7627345844504,2.3498659517426272,0.0,0.0,7.28686327077748,2093.258713136729,1.1528150134048258,1.1970509383378016,0.5114343163538875,0.10172921265636498,0.36387049300956587,0.31788079470198677,0.21651949963208242,0.5094124358243012
314,917.7931034482758,2.5888594164456236,0.0,0.0,8.061007957559681,2086.031830238727,1.3143236074270557,1.2745358090185677,-0.5686737400530504,0.09410990457387299,0.48354721948009216,0.3017439947351102,0.12059888121092464,0.4923155737704918
315,945.4895833333334,1.6365740740740742,0.0,0.0,7.747685185185185,2040.3217592592594,0.8287037037037037,0.8078703703703703,5.4025231481481475,0.09381535703615178,0.37182551538691366,0.38930385419778907,0.1450552733791455,0.49363507779349364
316,939.8885135135135,2.310810810810811,0.0,0.0,6.462837837837838,2095.4222972972975,1.1689189189189189,1.1418918918918919,0.0836373873873874,0.10054016379160133,0.2761805192542255,0.36626589998257536,0.25701341697159785,0.49415204678362573
317,961.7943595769683,2.5135135135135136,0.0,0.0,7.669800235017626,2081.7814336075207,1.200940070505288,1.3125734430082256,0.48341950646298476,0.09024053929829937,0.4827639037842807,0.2796077830550023,0.14738777386241764,0.5222066386161758
318,994.66,2.0114285714285716,0.0,0.0,7.478095238095238,2038.8771428571429,0.9495238095238095,1.061904761904762,4.920866666666667,0.08163525216505349,0.41989302088639835,0.33112582781456956,0.1673458991339786,0.5279356060606061
319,982.8864678899082,2.5091743119266057,0.0,0.0,7.177752293577981,2098.6800458715597,1.1788990825688073,1.3302752293577982,0.024805045871559628,0.08995047132129733,0.30484102891835757,0.37721680779677264,0.22799169196357247,0.5301645338208409
320,992.2428571428571,2.107142857142857,0.0,0.0,7.575510204081633,2119.2295918367345,1.029591836734694,1.0775510204081633,0.7194591836734694,0.08176185344827586,0.46417025862068967,0.3075161637931034,0.14655172413793102,0.5113801452784503
321,1007.9090909090909,1.7425944841675178,0.0,0.0,7.798774259448416,2059.329928498468,0.8110316649642493,0.9315628192032687,3.1318488253319714,0.08618205631958088,0.39646365422396856,0.33647675180091685,0.18087753765553372,0.5345838218053928
322,1023.7286012526096,1.5981210855949897,0.0,0.0,6.866388308977036,2096.596033402923,0.8663883089770354,0.7317327766179541,1.4179540709812108,0.0896929157798723,0.3038917604134995,0.3365764670112496,0.26983885679537856,0.45787067276290006
323,1011.2432432432432,2.2577962577962576,0.0,0.0,7.3045738045738045,2109.7318087318085,1.135135135135135,1.1226611226611227,0.5743970893970893,0.08638110146577486,0.4643517859684076,0.2662587163796784,0.18300839618613918,0.4972375690607735
324,1035.4234135667396,1.6345733041575492,0.0,0.0,7.9901531728665205,2054.1477024070023,0.8304157549234136,0.8041575492341356,6.349649890590809,0.09694646035875668,0.4459811036560318,0.3265781185814049,0.13049431740380665,0.4919678714859438
325,1032.678298800436,1.0414394765539803,0.0,0.0,7.203925845147219,2051.7382769901856,0.5310796074154853,0.5103598691384951,4.056652126499454,0.09763851044504995,0.29352104147744473,0.3994853163790493,0.20935513169845596,0.4900523560209424
326,1052.7762237762238,2.2797202797202796,0.0,0.0,7.428904428904429,2112.8333333333335,1.1375291375291374,1.1421911421911422,1.1557459207459206,0.10401631628490744,0.3944148101663006,0.327737684342642,0.17383118920614998,0.5010224948875256
327,1051.533195020747,2.04149377593361,0.0,0.0,7.691908713692946,2047.109958506224,1.0601659751037344,0.9813278008298755,4.8966182572614105,0.09898853674983142,0.4043155765340526,0.35131490222521916,0.14538098449089684,0.4806910569105691
328,1047.2525068368277,1.4366453965360073,0.0,0.0,6.312670920692798,2055.3108477666365,0.7593436645396536,0.6773017319963537,2.406818596171376,0.09068592057761733,0.23364620938628158,0.3862815884476534,0.28938628158844765,0.4714467005076142
329,1055.7558528428094,1.9163879598662208,0.0,0.0,7.221850613154961,2084.559643255295,0.9620958751393534,0.9542920847268673,-0.49028985507246375,0.095862920654523,0.383451682618092,0.3434702068539673,0.17721518987341772,0.49796393251890636
330,1058.3073852295408,2.053892215568862,0.0,0.0,7.544910179640719,2046.9580838323354,1.0129740518962076,1.0409181636726548,5.237035928143713,0.09272486772486772,0.3847883597883598,0.38042328042328044,0.14206349206349206,0.5068027210884354
331,1063.9370165745856,2.2596685082872927,0.0,0.0,6.824309392265193,2098.643093922652,1.1823204419889504,1.0773480662983426,0.20395580110497236,0.09034974093264249,0.26360103626943004,0.39847797927461137,0.24757124352331605,0.4767726161369193
332,1068.958446251129,1.946702800361337,0.0,0.0,6.589882565492322,2098.8572719060526,0.9439927732610659,1.002710027100271,0.8794218608852755,0.08252227553118574,0.3313228238519534,0.35873886223440715,0.22741603838245372,0.5150812064965197
333,1094.5,1.7228773584905661,0.0,0.0,6.932783018867925,2068.705188679245,0.7936320754716981,0.9292452830188679,3.173974056603774,0.10256846402449396,0.3927538697057323,0.2879741452627998,0.216703521006974,0.5393566050650239
334,1051.6388557806913,1.4088200238379023,0.0,0.0,6.859356376638856,2062.88557806913,0.7234803337306317,0.6853396901072706,2.098402860548272,0.09661164205039097,0.2887923544743701,0.41702867072111205,0.19756733275412686,0.48646362098138746
335,1089.149953139644,1.9540768509840676,0.0,0.0,6.796626054358013,2090.2961574507967,0.9090909090909091,1.0449859418931584,0.1570477975632615,0.08370104798676227,0.3192222835079978,0.3712079426365141,0.22586872586872586,0.5347721822541966
336,1023.7386363636364,2.2793560606060606,0.0,0.0,6.7831439393939394,2054.40625,1.0681818181818181,1.2111742424242424,6.137225378787878,0.09646796035180791,0.32807482898227,0.3673042021499372,0.20815300851598492,0.5313668466971334
337,1029.0060753341434,2.347509113001215,0.0,0.0,6.388821385176184,2085.827460510328,1.1190765492102066,1.2284325637910085,1.924422843256379,0.100798782807151,0.23602130087485737,0.3702928870292887,0.2928870292887029,0.5232919254658385
338,1080.1408163265305,2.3214285714285716,0.0,0.0,6.498979591836735,2105.258163265306,1.096938775510204,1.2244897959183674,0.9663979591836734,0.08745485947558486,0.3314492070968755,0.33568849112890564,0.245407442298634,0.5274725274725275
339,1048.5028735632184,2.3879310344827585,0.0,0.0,7.139846743295019,2094.902298850575,1.0689655172413792,1.3189655172413792,4.834904214559387,0.08907968875771398,0.3533673195599678,0.37107593238529646,0.18647705929702174,0.5523465703971119
340,1021.2383073496659,1.9788418708240534,0.0,0.0,6.62694877505568,2070.8218262806236,0.9064587973273942,1.0723830734966593,4.9686859688195995,0.09880692320618384,0.26852629810115947,0.3762392875147034,0.25642749117795327,0.5419245920090039
341,1024.2174381054897,2.858988159311087,0.0,0.0,7.163616792249731,2107.783638320775,1.3229278794402584,1.536060279870829,0.21874058127018303,0.09331329827197596,0.3825694966190834,0.34049586776859503,0.1836213373403456,0.5372740963855421
342,1025.9160649819494,1.3971119133574008,0.0,0.0,7.243682310469314,2044.7481949458484,0.6850180505415162,0.7120938628158845,4.708790613718412,0.09145277846997259,0.3859955145776227,0.3222028407675056,0.20034886618489908,0.5096899224806202
343,1028.510783200908,1.0783200908059023,0.0,0.0,6.691259931895573,2061.9716231555053,0.5595913734392736,0.5187287173666288,0.684199772985244,0.09804919423240034,0.3100932994062765,0.31653944020356234,0.27531806615776083,0.48105263157894734
344,1042.4016786570744,1.1414868105515588,0.0,0.0,7.151079136690647,2052.167865707434,0.5251798561151079,0.6163069544364509,0.9284292565947242,0.09741784037558686,0.4106304493628437,0.3222669349429913,0.16968477531857815,0.5399159663865546
345,973.4885416666667,1.0322916666666666,0.0,0.0,7.31875,2020.4885416666666,0.4395833333333333,0.5927083333333333,6.11559375,0.09920296043267862,0.32792485055508114,0.3962425277540564,0.17662966125818388,0.574167507568113
346,974.8716577540107,1.481283422459893,0.0,0.0,6.310160427807487,2044.0727272727272,0.7240641711229947,0.7572192513368984,4.0384705882352945,0.1011864406779661,0.25152542372881354,0.3666101694915254,0.28067796610169493,0.5111913357400723
347,1042.801948051948,2.5,0.0,0.0,7.37012987012987,2080.8170995670994,1.2067099567099566,1.2932900432900434,-0.27935064935064935,0.09368575624082232,0.3969162995594714,0.3201174743024963,0.18928046989720998,0.5173160173160173
348,986.6905697445973,1.4204322200392927,0.0,0.0,7.393909626719057,2044.3408644400786,0.7072691552062869,0.7131630648330058,4.51328094302554,0.08662149594792082,0.3693370532748771,0.366812807227315,0.17722864354988707,0.5020746887966805
349,1010.2830385015609,1.2445369406867846,0.0,0.0,6.876170655567117,2072.4911550468264,0.6337148803329865,0.6108220603537982,0.3917793964620187,0.09079903147699758,0.2480326876513317,0.4138922518159806,0.24727602905569007,0.4908026755852843
350,1027.5236625514403,1.940329218106996,0.0,0.0,7.512345679012346,2080.6316872427983,0.9578189300411523,0.9825102880658436,2.2306893004115227,0.09216652971788551,0.40797041906327036,0.33648315529991785,0.16337989591892632,0.5063626723223754
351,1046.1133919843596,1.9266862170087977,0.0,0.0,7.699902248289345,2052.293255131965,0.9257086999022482,1.0009775171065494,4.692492668621701,0.08785070458296305,0.33832677415259615,0.3703186492319411,0.20350387203249967,0.519533231861999
352,964.5488647581441,1.2625863770977295,0.0,0.0,6.425468904244817,2046.177690029615,0.6456071076011846,0.6169792694965449,4.063543928923988,0.09018282378245507,0.2588723306191427,0.33830081425718234,0.3126440313412199,0.48866301798279904
353,997.6863504356244,1.0358180058083253,0.0,0.0,6.808325266214908,2062.216844143272,0.5363020329138432,0.4995159728944821,0.01890609874152954,0.09284800227498934,0.37224513010095267,0.2839471064979383,0.25095976112611973,0.4822429906542056
354,963.053876478318,0.9894875164257556,0.0,0.0,7.712220762155059,2028.6110381077528,0.4533508541392904,0.5361366622864652,4.470854139290408,0.09916510478786845,0.4002385414891804,0.34435167830976315,0.15624467541318793,0.5418326693227091
355,964.625,1.0833333333333333,0.0,0.0,6.486458333333333,2058.054166666667,0.55625,0.5270833333333333,2.1253854166666666,0.09426690220009636,0.23365986831540067,0.37947647342219365,0.2925967560623093,0.48653846153846153
356,1007.4849074975657,1.2502434274586174,0.0,0.0,6.832521908471276,2053.306718597858,0.5735150925024343,0.676728334956183,0.7387049659201558,0.09476984466296139,0.35029214764144223,0.31879720678352574,0.23614080091207068,0.5412772585669782
357,942.3620474406991,1.5355805243445693,0.0,0.0,7.65043695380774,2042.4169787765293,0.7028714107365793,0.83270911360799,2.908039950062422,0.10345953002610966,0.37532637075718017,0.35868146214099217,0.16253263707571802,0.5422764227642276
358,953.7438524590164,1.2776639344262295,0.0,0.0,6.51844262295082,2063.281762295082,0.6137295081967213,0.6639344262295082,3.5268545081967213,0.08975165042439484,0.2475636592266583,0.3707953473750393,0.29188934297390756,0.5196471531676022
359,987.8278606965174,1.2417910447761193,0.0,0.0,7.360199004975124,2065.6935323383086,0.5980099502487563,0.6437810945273632,-0.5187761194029851,0.08963093145869948,0.3563606867649047,0.35176422874138163,0.2022441530350142,0.5184294871794872
360,975.2470119521912,1.6314741035856575,0.0,0.0,7.918326693227091,2012.815737051793,0.7858565737051793,0.8456175298804781,7.136404382470119,0.09371069182389936,0.4016352201257862,0.35547169811320756,0.14918238993710692,0.5183150183150184
361,995.9238095238095,1.6571428571428573,0.0,0.0,7.284656084656085,2056.9978835978836,0.8148148148148148,0.8423280423280424,1.7063915343915343,0.09500290528762348,0.27542126670540384,0.371150493898896,0.2584253341080767,0.508301404853129
362,1007.22102425876,1.6495956873315365,0.0,0.0,6.969451931716082,2074.876909254268,0.7421383647798742,0.9074573225516622,1.1237646001796946,0.0870181771303339,0.3393064328993167,0.32628593528425937,0.24738945468608997,0.5501089324618736
363,999.4940530649588,1.6989935956084172,0.0,0.0,7.197621225983531,2045.8956999085087,0.8225068618481244,0.8764867337602927,5.212653247941446,0.09444515062921063,0.3716791661370281,0.3110461421126223,0.22282954112113892,0.5158858373721056
364,1003.3669724770642,1.356651376146789,0.0,0.0,6.879587155963303,2071.8383027522937,0.6123853211009175,0.7442660550458715,2.574105504587156,0.11035172528754793,0.27904650775129186,0.3897316219369895,0.22087014502417068,0.5486052409129332
365,1021.5327188940092,1.5695852534562211,0.0,0.0,7.014746543778802,2078.058986175115,0.7419354838709677,0.8276497695852535,0.6266451612903225,0.08422020759427144,0.33543555380370516,0.34699776639075025,0.23334647221127316,0.5273047563123899
366,1030.89375,1.4419642857142858,0.0,0.0,6.946428571428571,2028.1892857142857,0.7419642857142857,0.7,5.119482142857143,0.09408740359897172,0.3165809768637532,0.36812339331619537,0.2212082262210797,0.4854489164086687
367,1018.1447661469933,1.6258351893095768,0.0,0.0,6.7538975501113585,2060.7650334075724,0.8775055679287305,0.7483296213808464,2.4395100222717145,0.1101401483924155,0.2562242374278648,0.3792250618301731,0.25441055234954657,0.4602739726027397
368,1043.735760971055,1.8338001867413631,0.0,0.0,6.964519140989729,2084.936507936508,0.9169000933706816,0.9169000933706816,0.6864145658263305,0.08915404209679581,0.3586271618179381,0.32015015417616305,0.2320686419091031,0.5
369,1007.9797713280562,1.7810026385224274,0.0,0.0,7.473175021987687,2062.891820580475,0.8311345646437994,0.9498680738786279,4.1133421284080915,0.08673649523361186,0.371778274685183,0.3755443097563846,0.16594092032482052,0.5333333333333333
370,1033.8005952380952,0.8720238095238095,0.0,0.0,6.696428571428571,2054.5873015873017,0.4523809523809524,0.41964285714285715,1.3203273809523808,0.09466666666666666,0.273037037037037,0.3928888888888889,0.2394074074074074,0.4812286689419795
371,1023.7722165474975,2.0143003064351377,0.0,0.0,7.491317671092952,2073.108273748723,0.9499489274770173,1.0643513789581205,0.6160776302349336,0.08371966184892282,0.37905644941368966,0.34074175074993185,0.19648213798745567,0.5283975659229209
372,989.7691622103387,1.6729055258467023,0.0,0.0,7.453654188948307,2047.8039215686274,0.7780748663101604,0.8948306595365418,4.696194295900178,0.08525648690661246,0.36948463470046633,0.3447327514049982,0.200526126987923,0.5348961108151306
373,1033.129763130793,1.4521112255406796,0.0,0.0,6.4119464469618945,2073.636457260556,0.721936148300721,0.7301750772399588,0.3569207003089599,0.08946353999357533,0.29810472213299066,0.31850305171859944,0.2939286861548346,0.5028368794326241
374,984.7940199335549,1.679955703211517,0.0,0.0,7.110741971207087,2061.922480620155,0.7342192691029901,0.9457364341085271,0.5133776301218163,0.09468930073197321,0.4047656128328921,0.3219124746924155,0.17863261174271922,0.5629531970995386
375,989.0058333333334,1.3116666666666668,0.0,0.0,7.01,2026.2491666666667,0.58,0.7316666666666667,5.788358333333333,0.09545886828340466,0.32429862101759394,0.38421302900618165,0.19602948169281978,0.5578144853875476
376,948.7155172413793,1.5967432950191571,0.0,0.0,6.350574712643678,2062.8438697318006,0.7471264367816092,0.8496168582375478,1.5997030651340998,0.09939668174962292,0.23242835595776773,0.36621417797888384,0.30196078431372547,0.5320935812837433
377,963.9866803278688,2.6956967213114753,0.0,0.0,7.281762295081967,2078.4497950819673,1.1741803278688525,1.521516393442623,-0.14517418032786886,0.09582102152807091,0.39355564935978615,0.3150415083720276,0.19558182074011538,0.56442417331813
378,973.1732495511669,1.4245960502692998,0.0,0.0,7.3491921005386,2031.6822262118492,0.7019748653500898,0.72262118491921,4.454129263913824,0.09038719921827287,0.37388542811774766,0.34896787590081835,0.18675949676316111,0.5072463768115942
379,952.517578125,1.515625,0.0,0.0,6.4541015625,2061.6201171875,0.705078125,0.810546875,0.923251953125,0.08942351339083068,0.24042971705250415,0.4257830231502497,0.2443637464064155,0.5347938144329897
380,1003.1508491508491,2.022977022977023,0.0,0.0,7.312687312687313,2068.1348651348653,0.9010989010989011,1.121878121878122,0.9005194805194806,0.08770491803278689,0.41065573770491803,0.3233606557377049,0.17827868852459017,0.5545679012345679
381,996.3622119815668,1.43963133640553,0.0,0.0,7.247004608294931,2046.7778801843317,0.6829493087557603,0.7566820276497696,3.25541935483871,0.09067785832379499,0.34032811903853494,0.3648734579676968,0.2041205646699733,0.5256081946222791
382,982.4675767918088,0.8549488054607508,0.0,0.0,6.40358361774744,2045.7986348122868,0.4206484641638225,0.43430034129692835,2.045145051194539,0.09207195203197868,0.27528314457028646,0.33284477015323116,0.29980013324450366,0.5079840319361277
383,999.8969465648855,0.8349236641221374,0.0,0.0,7.1498091603053435,2055.013358778626,0.4122137404580153,0.42270992366412213,-0.10982824427480915,0.09208594688375818,0.39103162952088616,0.27412251434672363,0.24275990924863206,0.5062857142857143
384,998.794333683106,1.6243441762854145,0.0,0.0,7.5823714585519415,2020.0986358866737,0.782791185729276,0.8415529905561385,5.323536201469045,0.09451978964849156,0.3873512316634376,0.3495709936340991,0.16855798505397177,0.5180878552971576
385,1009.7174111212397,0.7383773928896992,0.0,0.0,6.522333637192343,2038.1321786690976,0.39653600729261623,0.34184138559708294,3.406946216955333,0.08972746331236897,0.2381551362683438,0.383508036338225,0.2886093640810622,0.46296296296296297
386,1016.1167883211679,0.9963503649635036,0.0,0.0,6.813868613138686,2053.0282846715327,0.4416058394160584,0.5547445255474452,0.39156934306569346,0.08918050348152115,0.3541778253883235,0.3237814675950723,0.23286020353508302,0.5567765567765568
387,932.1900826446281,1.359504132231405,0.0,0.0,7.059917355371901,2033.344008264463,0.6632231404958677,0.6962809917355371,2.6054235537190085,0.10316066725197541,0.34913666959321044,0.3596722270997951,0.188030436055019,0.5121580547112462
388,966.7765363128492,1.367783985102421,0.0,0.0,6.384543761638733,2048.612662942272,0.7597765363128491,0.6080074487895717,2.5442830540037242,0.08837684118419134,0.23173399445821788,0.38267463905498034,0.29721452530261044,0.44452008168822327
389,1003.7241025641025,1.2297435897435898,0.0,0.0,7.082051282051282,2053.7620512820513,0.601025641025641,0.6287179487179487,0.5856205128205129,0.0938450398262129,0.3624909485879797,0.3433743664011586,0.2002896451846488,0.5112593828190158
390,1012.4423791821562,1.295539033457249,0.0,0.0,7.563197026022305,2011.3791821561338,0.6171003717472119,0.6784386617100372,6.837741635687732,0.0971983288277218,0.3876873924797247,0.34811993118702383,0.1669943475055296,0.5236728837876614
391,961.1515789473684,0.9905263157894737,0.0,0.0,6.186315789473684,2048.751578947368,0.5042105263157894,0.4863157894736842,1.5732105263157894,0.10294367874766037,0.2611876807895185,0.3318019397651863,0.30406670069763486,0.4909670563230606
392,963.6352201257862,0.889487870619946,0.0,0.0,6.580413297394429,2056.934411500449,0.4276729559748428,0.4618149146451033,0.12358490566037734,0.08260513380666303,0.3368377935554342,0.3343801201529219,0.2461769524849809,0.5191919191919192
393,1026.3773764258556,0.8260456273764258,0.0,0.0,7.1273764258555135,2031.4496197718631,0.4144486692015209,0.41159695817490494,3.253155893536122,0.09095758869031742,0.3770338757001867,0.3110162710056015,0.22099226460389437,0.4982738780207135
394,962.2217948717948,0.46923076923076923,0.0,0.0,6.703846153846154,2021.375641025641,0.25,0.21923076923076923,5.087410256410256,0.10862497609485561,0.28284566838783703,0.3843947217441193,0.22413463377318799,0.4672131147540984
395,1051.1875,0.693359375,0.0,0.0,6.9951171875,2050.23828125,0.337890625,0.35546875,0.746484375,0.08934803853134161,0.3403601842803295,0.35487924054167247,0.21541253664665644,0.5126760563380282
396,1002.7804651162791,0.7488372093023256,0.0,0.0,6.907906976744186,2022.2772093023257,0.3386046511627907,0.4102325581395349,5.183702325581395,0.0939940748720711,0.32601669808779965,0.3621061136547266,0.21788311338540264,0.5478260869565217
397,989.4598997493734,0.7456140350877193,0.0,0.0,6.265664160401003,2055.1027568922304,0.38095238095238093,0.36466165413533835,1.747155388471178,0.1046,0.242,0.3604,0.293,0.4890756302521008
398,1009.0380487804878,1.3560975609756099,0.0,0.0,6.91609756097561,2071.6663414634145,0.6478048780487805,0.7082926829268292,0.5833268292682927,0.08336859923825646,0.35858372125828747,0.34447735928903933,0.21357032021441671,0.5223021582733813
399,1034.746999076639,1.100646352723915,0.0,0.0,7.588180978762696,2048.202216066482,0.5835641735918744,0.5170821791320406,3.637848568790397,0.08870771477245072,0.34497444633730834,0.39474324653200293,0.17157459235823802,0.4697986577181208
400,970.8489065606362,0.9880715705765407,0.0,0.0,6.592445328031809,2037.410536779324,0.5556660039761432,0.43240556660039764,4.429910536779324,0.09785886610373945,0.2629674306393245,0.3724366706875754,0.26673703256936065,0.43762575452716296
401,1043.0303605313093,1.4620493358633777,0.0,0.0,6.962998102466793,2087.696394686907,0.7438330170777988,0.7182163187855788,-0.038776091081593904,0.09033928328110097,0.3375119226052596,0.3448698732797384,0.22727892083390108,0.49123945489941595
402,1014.9949622166247,1.2989084802686819,0.0,0.0,7.005037783375315,2050.668345927792,0.6087321578505458,0.690176322418136,3.883316540722082,0.08426225578329138,0.34543929042310917,0.35634663790003596,0.21395181589356346,0.5313510019392372
403,1031.6635220125786,1.2054507337526206,0.0,0.0,6.411949685534591,2064.1100628930817,0.6111111111111112,0.5943396226415094,1.6179559748427672,0.09857773418342325,0.27807748896517903,0.3137158737943436,0.3096289030570541,0.4930434782608696
404,985.3612288135594,1.8654661016949152,0.0,0.0,7.414194915254237,2095.6175847457625,0.8983050847457628,0.9671610169491526,1.1577118644067799,0.0982997571081583,0.41034433490498645,0.32604657808258325,0.16530932990427205,0.5184554230550823
405,989.8397271952259,1.495311167945439,0.0,0.0,7.128729752770673,2065.953111679454,0.6982097186700768,0.7971014492753623,6.746419437340154,0.09028940444869649,0.30614685481942117,0.4044486964840947,0.19911504424778761,0.5330672748004561
406,992.0259865255053,1.4465832531280076,0.0,0.0,6.195380173243503,2089.910490856593,0.7882579403272377,0.65832531280077,2.5806737247353224,0.09818238309771633,0.2118999533944384,0.38045673450365075,0.3094609290041945,0.4550898203592814
407,990.3523622047244,1.9133858267716535,0.0,0.0,7.001968503937008,2101.6505905511813,0.952755905511811,0.9606299212598425,-0.06044291338582676,0.09263424233904977,0.36885015462468373,0.328366601068316,0.21014900196795053,0.5020576131687243
408,996.5280701754386,1.2605263157894737,0.0,0.0,7.173684210526316,2050.1631578947367,0.6482456140350877,0.612280701754386,4.615368421052632,0.08584005869405723,0.3351675226216679,0.36561506480802153,0.21337735387625337,0.4857341684064022
409,943.4764649375601,1.4755043227665705,0.0,0.0,6.705091258405379,2073.439000960615,0.7377521613832853,0.7377521613832853,1.7987031700288185,0.09240687679083094,0.22922636103151864,0.4140401146131805,0.26432664756446994,0.5
410,958.5585585585585,2.1721721721721723,0.0,0.0,7.406406406406407,2078.7847847847847,1.047047047047047,1.125125125125125,1.2858258258258257,0.09514799297202324,0.380186511690769,0.3420732531423165,0.1825922421948912,0.5179723502304148
411,934.0322886989553,1.98670465337132,0.0,0.0,7.461538461538462,2066.985754985755,0.9316239316239316,1.0550807217473883,4.0228584995251655,0.09634720631284205,0.3305332824233168,0.37838869797632685,0.19473081328751432,0.5310707456978967
412,953.9766081871345,1.3118908382066277,0.0,0.0,6.2368421052631575,2071.3362573099416,0.6812865497076024,0.6306042884990254,1.1161013645224171,0.08782622284731989,0.25894671042350365,0.34521018909204565,0.3080168776371308,0.48068350668647847
413,980.398336414048,1.7855822550831792,0.0,0.0,6.960258780036969,2091.5415896487984,0.955637707948244,0.8299445471349353,0.7431515711645101,0.08086575487983004,0.3861372991634577,0.28535387066790596,0.24764307528880627,0.4648033126293996
414,941.4939879759519,1.5210420841683367,0.0,0.0,7.511022044088176,2033.8366733466935,0.7244488977955912,0.7965931863727455,6.290290581162325,0.0961846318036286,0.39047491995731054,0.3441835645677695,0.16915688367129136,0.5237154150197628
415,969.7821011673152,1.5496108949416343,0.0,0.0,6.627431906614786,2092.1906614785994,0.8404669260700389,0.7091439688715954,1.4688715953307394,0.09540584177308087,0.2537795391163951,0.37956847203874944,0.2712461470717745,0.4576271186440678
416,981.5711402623613,1.9525731584258326,0.0,0.0,7.039354187689203,2089.321897073663,1.024217961654894,0.9283551967709385,-0.048022199798183625,0.09188646788990826,0.37270642201834864,0.3294151376146789,0.20599197247706422,0.4754521963824289
417,978.861224489796,1.9234693877551021,0.0,0.0,7.392857142857143,2068.388775510204,0.8979591836734694,1.0255102040816326,4.910969387755102,0.10006901311249138,0.3866114561766736,0.34396135265700484,0.16935817805383022,0.53315649867374
418,1009.0322580645161,1.3054435483870968,0.0,0.0,6.399193548387097,2112.3548387096776,0.6643145161290323,0.6411290322580645,0.9698084677419354,0.09530560806553245,0.23062381852551986,0.4015437933207309,0.27252678008821674,0.4911196911196911
419,1017.5316326530613,1.136734693877551,0.0,0.0,7.561224489795919,2071.6744897959184,0.5755102040816327,0.5612244897959183,-0.35344897959183674,0.0893387314439946,0.3967611336032389,0.3368421052631579,0.17705802968960863,0.49371633752244165
420,1027.6285160038797,1.2677012609117362,0.0,0.0,7.545101842870999,2047.9553831231813,0.5722599418040737,0.6954413191076625,6.529835111542193,0.09332819128422676,0.3954235762951536,0.3533873248489523,0.15786090757166732,0.5485845447589901
421,982.8972286374134,2.2494226327944573,0.0,0.0,6.5889145496535795,2088.890300230947,1.0750577367205543,1.174364896073903,2.1397806004618936,0.10602874167542937,0.2877672625306695,0.37697160883280756,0.22923238696109358,0.5220739219712526
422,1001.2280193236714,1.6966183574879228,0.0,0.0,7.255072463768116,2078.1961352657004,0.821256038647343,0.8753623188405797,0.7872946859903381,0.08456518844053802,0.36715940870954855,0.34025835663870024,0.20801704621121322,0.5159453302961275
423,1006.431067961165,1.6825242718446602,0.0,0.0,7.444660194174757,2058.659223300971,0.7368932038834951,0.945631067961165,3.431077669902913,0.0914188836724048,0.3954094940010433,0.3064684402712572,0.20670318205529473,0.5620311598384304
424,968.6105527638191,1.8015075376884422,0.0,0.0,7.055276381909548,2062.3354271356784,0.9422110552763819,0.8592964824120602,1.2571984924623116,0.10202991452991453,0.3194444444444444,0.4011752136752137,0.17735042735042736,0.4769874476987448
425,1018.5174081237911,1.702127659574468,0.0,0.0,7.248549323017408,2083.6972920696326,0.8104448742746615,0.8916827852998066,0.8096711798839459,0.08272181454302868,0.3570380253502335,0.36450967311541027,0.19573048699132756,0.5238636363636363
426,1005.4309545875811,1.5569972196478221,0.0,0.0,7.066728452270621,2054.510658016682,0.7506950880444856,0.8063021316033364,3.188313253012048,0.09429508196721312,0.33547540983606555,0.35147540983606557,0.21875409836065574,0.5178571428571429
427,953.9617117117117,1.6216216216216217,0.0,0.0,6.123873873873874,2077.7443693693695,0.8468468468468469,0.7747747747747747,0.2858783783783784,0.09856564913571166,0.24181684442809856,0.37624126517101875,0.283376241265171,0.4777777777777778
428,969.6088971269694,1.8063021316033365,0.0,0.0,6.918443002780352,2077.1974050046338,0.8572752548656163,0.9490268767377201,1.0096385542168675,0.07903549899531145,0.3840589417280643,0.3291359678499665,0.20776959142665774,0.5253976398152899
429,966.5913129318855,1.3958538993089833,0.0,0.0,7.588351431391906,2051.558736426456,0.6347482724580454,0.7611056268509379,3.613820335636723,0.08846103811630025,0.35878756341875895,0.38480551580590605,0.16794588265903473,0.5452616690240453
430,924.0584158415842,1.394059405940594,0.0,0.0,6.758415841584158,2053.580198019802,0.7257425742574257,0.6683168316831684,2.690366336633663,0.09917960738353356,0.28054497509522414,0.37767360093759156,0.24260181658365074,0.4794034090909091
431,970.8717703349282,1.3110047846889952,0.0,0.0,7.507177033492823,2075.2535885167463,0.676555023923445,0.6344497607655503,-0.08955980861244023,0.08808158062460165,0.37208413001912044,0.35997450605481196,0.1798597833014659,0.48394160583941603
432,932.5814606741573,1.0852059925093633,0.0,0.0,7.294943820224719,2035.9691011235955,0.5318352059925093,0.5533707865168539,4.385028089887641,0.09254267744833783,0.3624695161083301,0.34976254652804517,0.19522525991528686,0.5099223468507333
433,973.5683856502242,0.8251121076233184,0.0,0.0,6.433856502242152,2058.5695067264573,0.4192825112107623,0.40582959641255606,1.2340807174887891,0.1010629029447639,0.29133995469594004,0.3169541732009061,0.29064296915838994,0.49184782608695654
434,971.0624338624339,1.0740740740740742,0.0,0.0,7.232804232804233,2050.3767195767196,0.5058201058201058,0.5682539682539682,0.950984126984127,0.09041697147037309,0.3913679590343819,0.34776883686905635,0.17044623262618874,0.529064039408867
435,931.6061167747914,1.4318813716404077,0.0,0.0,7.275254865616311,2037.9156626506024,0.6422613531047267,0.7896200185356812,4.810889712696942,0.09490445859872612,0.33337579617834395,0.39579617834394903,0.1759235668789809,0.5514563106796116
436,883.7866205305652,1.4648212226066897,0.0,0.0,6.324106113033449,2073.098039215686,0.7693194925028836,0.6955017301038062,0.3586966551326413,0.10924676272113806,0.22432974648914827,0.3908444282327193,0.2755790625569943,0.4748031496062992
437,942.3793103448276,2.1234705228031148,0.0,0.0,7.382647385984427,2099.967741935484,1.0,1.1234705228031145,0.2677085650723026,0.09296368841343981,0.40545427150821156,0.32077745969564564,0.18080458038270303,0.5290728129910948
438,938.3426573426574,1.832167832167832,0.0,0.0,7.516483516483516,2063.097902097902,0.8501498501498501,0.9820179820179821,4.54035964035964,0.09170653907496013,0.35964912280701755,0.3677565124933546,0.18088782562466774,0.5359869138495092
439,954.8174603174604,1.3231292517006803,0.0,0.0,6.605442176870748,2082.2766439909296,0.6870748299319728,0.6360544217687075,0.11863945578231294,0.09680741503604531,0.22588396841743907,0.42464812907655336,0.2526604874699622,0.480719794344473
440,1002.1950718685831,0.8316221765913757,0.0,0.0,7.518480492813142,2068.935318275154,0.40965092402464065,0.4219712525667351,0.030862422997946615,0.08275297009422368,0.40611771132049707,0.3544995220538031,0.15662979653147618,0.5074074074074074
441,960.370820668693,1.619047619047619,0.0,0.0,7.272543059777102,2055.96757852077,0.7244174265450861,0.894630192502533,4.948601823708207,0.09431596544998606,0.3319866258010588,0.3863193089997214,0.18737809974923378,0.5525657071339174
442,946.6133076181292,0.9334619093539055,0.0,0.0,6.420443587270974,2063.5969141755063,0.47444551591128253,0.45901639344262296,0.9007810993249757,0.09176930009011715,0.22679483328326824,0.3721838389906879,0.3092520276359267,0.49173553719008267
443,988.4481446241674,1.6679352997145576,0.0,0.0,6.895337773549001,2059.1703139866795,0.8506184586108468,0.8173168411037107,-0.20467174119885823,0.095073823651166,0.37284393542155375,0.2809438388298606,0.2511384020974196,0.4900171135196805
444,973.8608305274972,2.031425364758698,0.0,0.0,7.7912457912457915,2020.5140291806958,0.9147025813692481,1.11672278338945,6.438462401795735,0.10328435609334485,0.3905214635551714,0.36041486603284356,0.14577931431864016,0.5497237569060773
445,972.1282352941176,1.8105882352941176,0.0,0.0,6.710588235294118,2067.6635294117646,0.9576470588235294,0.8529411764705882,0.7147176470588236,0.09659887798036465,0.24403927068723702,0.383765778401122,0.2755960729312763,0.4710851202079272
446,952.9790136411333,1.7009443861490032,0.0,0.0,7.177334732423924,2080.476390346275,0.8153200419727177,0.8856243441762854,-0.46935991605456456,0.09064327485380116,0.3896198830409357,0.3146198830409357,0.20511695906432748,0.5206662553979026
447,932.8522860492379,1.3575615474794842,0.0,0.0,7.705744431418523,2051.957796014068,0.634232121922626,0.7233294255568582,2.6238804220398593,0.10147573406359349,0.4020994979461433,0.3415487600791115,0.1548760079111517,0.5328151986183074
448,939.0615058324496,1.4623541887592788,0.0,0.0,6.504772004241781,2078.22375397667,0.7582184517497349,0.704135737009544,1.6871898197242843,0.08999021845451581,0.2342680143462667,0.3985979784805999,0.27714378871861756,0.4815083393763597
449,946.4060803474484,0.9782844733984799,0.0,0.0,7.680781758957655,2063.046688382193,0.50271444082519,0.4755700325732899,-0.07798045602605863,0.08736217133163698,0.3924229573084535,0.3567995476392423,0.16341532372066722,0.48612652608213097
450,960.5506072874493,0.9483805668016194,0.0,0.0,7.864372469635628,2026.6993927125507,0.43623481781376516,0.5121457489878543,7.411396761133603,0.09601029601029601,0.4175032175032175,0.35495495495495494,0.13153153153153152,0.5400213447171825
451,953.3892365456821,0.8961201501877347,0.0,0.0,6.982478097622027,2051.4392991239047,0.4655819774718398,0.4305381727158949,2.9752565707133916,0.11166875784190715,0.2810539523212045,0.3751568381430364,0.23212045169385195,0.48044692737430167
452,995.707805907173,1.1751054852320675,0.0,0.0,7.429324894514768,2070.7542194092825,0.6339662447257384,0.5411392405063291,0.6195253164556962,0.08959250319466136,0.38279142410904443,0.3105210847650149,0.2170949879312793,0.4605026929982047
453,969.8392018779343,0.9671361502347418,0.0,0.0,7.684272300469484,2037.8356807511736,0.4636150234741784,0.5035211267605634,3.842077464788732,0.09851840537650833,0.41362456086757293,0.306399877806629,0.18145715594928974,0.5206310679611651
454,948.5235732009926,0.825062034739454,0.0,0.0,7.248138957816377,2041.2655086848636,0.3684863523573201,0.456575682382134,3.608560794044665,0.11126326600479287,0.29887024991441286,0.40071893187264634,0.18914755220814788,0.5533834586466165
455,967.9447092469018,1.0686367969494757,0.0,0.0,7.090562440419447,2064.0352716873213,0.5042897998093422,0.5643469971401335,0.228045757864633,0.0903468674374832,0.3609841355203012,0.338800752890562,0.20986824415165367,0.528099910793934
456,957.7757704569607,1.3156216790648247,0.0,0.0,7.5664187035069075,2044.6631243358129,0.6854410201912858,0.6301806588735388,3.0862274176408073,0.1002808988764045,0.3471910112359551,0.3467696629213483,0.20575842696629212,0.4789983844911147
457,938.1215083798883,1.770949720670391,0.0,0.0,6.909217877094972,2089.5558659217877,0.9120111731843575,0.8589385474860335,-0.7624301675977654,0.1131999191429149,0.26703052354962603,0.3864968667879523,0.23327269051950678,0.48501577287066244
458,1008.6579476861167,1.676056338028169,0.0,0.0,7.297786720321931,2073.9084507042253,0.8219315895372233,0.8541247484909457,0.18712273641851107,0.0827129859387924,0.3771712158808933,0.3336090432864626,0.20650675489385167,0.5096038415366146
459,938.9012345679013,1.5411522633744856,0.0,0.0,7.924897119341564,2080.9341563786006,0.7139917695473251,0.8271604938271605,3.929753086419753,0.0937297156951837,0.36907698299363884,0.3788134493054654,0.15837985200571206,0.5367156208277704
460,978.6536926147704,0.8882235528942116,0.0,0.0,6.895209580838324,2080.611776447106,0.5149700598802395,0.37325349301397204,0.38603792415169663,0.09133014908090896,0.270516717325228,0.3760312635692575,0.2621218700246056,0.4202247191011236
461,963.0577299412915,1.6291585127201567,0.0,0.0,7.692759295499021,2087.7289628180038,0.7857142857142857,0.8434442270058709,1.1330332681017612,0.0821673874332231,0.3954464512846604,0.35067412872042736,0.17171203256168913,0.5177177177177177
462,925.5972972972972,1.1558558558558558,0.0,0.0,7.844144144144144,2037.9045045045045,0.5774774774774775,0.5783783783783784,4.513189189189189,0.08774549213276674,0.3895716090501895,0.34236820948661995,0.1803146893304238,0.5003897116134061
463,954.8407851690295,0.836423118865867,0.0,0.0,7.152671755725191,2050.6237731733913,0.4569247546346783,0.37949836423118866,2.3400109051254088,0.10352187833511206,0.3366366824211008,0.30126543680439094,0.25857600243939627,0.45371577574967403
464,910.3036480686695,0.9742489270386266,0.0,0.0,7.861587982832618,2047.8412017167382,0.48283261802575106,0.49141630901287553,1.546255364806867,0.09703835130339838,0.4266411901187389,0.3165006141667804,0.1598198444110823,0.5044052863436124
465,882.7626527050611,1.2696335078534031,0.0,0.0,7.128272251308901,2039.5183246073298,0.5698080279232112,0.699825479930192,5.853446771378708,0.09242257314236749,0.3556126820908312,0.3518178479618068,0.20014689680499448,0.5512027491408935
466,869.0079129574679,1.1236399604352127,0.0,0.0,6.577645895153314,2073.938674579624,0.5717111770524234,0.5519287833827893,1.8557467853610288,0.10015037593984963,0.23533834586466165,0.3669172932330827,0.297593984962406,0.49119718309859156
467,901.2662213740458,1.8129770992366412,0.0,0.0,7.240458015267175,2083.952290076336,0.9026717557251909,0.9103053435114504,0.48327290076335877,0.09185556141275698,0.4026093832366895,0.31259884027411705,0.1929362150764365,0.5021052631578947
468,915.9005791505791,0.7075289575289575,0.0,0.0,7.264478764478764,2036.1592664092664,0.3552123552123552,0.35231660231660233,3.2043725868725867,0.09606696784480467,0.37164496412436887,0.3490566037735849,0.18323146425724157,0.4979536152796726
469,921.6802935010483,1.40041928721174,0.0,0.0,6.613207547169812,2091.5859538784066,0.709643605870021,0.6907756813417191,0.32330188679245286,0.09399270882865747,0.23315897923601206,0.41337771437628784,0.2594705975590426,0.49326347305389223
470,1028.9006342494715,1.087737843551797,0.0,0.0,7.831923890063425,2074.5898520084565,0.53276955602537,0.554968287526427,0.11404862579281186,0.0794979079497908,0.405722769604535,0.3563233904710487,0.15845593197462546,0.5102040816326531
471,999.3640167364017,2.1297071129707112,0.0,0.0,7.682008368200837,2075.4801255230127,1.0125523012552302,1.1171548117154813,4.65291841004184,0.09109477124183006,0.35362200435729846,0.3879357298474945,0.1673474945533769,0.5245579567779961
472,1024.3918017159199,1.6224976167778837,0.0,0.0,6.626310772163966,2073.7283126787415,0.8036224976167778,0.8188751191611058,2.7182554814108673,0.08559919436052367,0.24902891670263272,0.3518918141274637,0.31348007480937995,0.5047003525264395
473,1005.0137524557957,1.119842829076621,0.0,0.0,7.0648330058939095,2063.885068762279,0.518664047151277,0.6011787819253438,0.4894793713163065,0.0874582869855395,0.38598442714126807,0.27808676307007785,0.24847052280311457,0.5368421052631579
474,984.9837476099426,1.28585086042065,0.0,0.0,7.62906309751434,2012.265774378585,0.5908221797323135,0.6950286806883366,7.660143403441682,0.09411027568922306,0.4192982456140351,0.33408521303258143,0.1525062656641604,0.5405204460966543
475,1029.7507163323783,0.9684813753581661,0.0,0.0,6.738299904489017,2058.3381088825213,0.5195797516714422,0.448901623686724,1.8240974212034384,0.08972360028348689,0.23458540042523032,0.3790219702338767,0.2966690290574061,0.4635108481262327
476,953.3561403508772,1.5728070175438595,0.0,0.0,7.005263157894737,2099.585964912281,0.7543859649122807,0.8184210526315789,-0.08507894736842106,0.08151765589782119,0.37352867518156774,0.32582018532431756,0.2191334835962935,0.5203569436698271
477,960.4445564516129,1.1995967741935485,0.0,0.0,7.879032258064516,2031.717741935484,0.5332661290322581,0.6663306451612904,5.284133064516129,0.09416581371545547,0.40340327533265097,0.3442937563971341,0.15813715455475946,0.5554621848739496
478,997.1525423728814,0.965042372881356,0.0,0.0,6.78707627118644,2063.2161016949153,0.4830508474576271,0.4819915254237288,1.554332627118644,0.10597783674106447,0.22584673013891057,0.3646012174184486,0.3035742157015764,0.4994511525795829
479,992.8932419196866,1.118511263467189,0.0,0.0,7.605288932419197,2056.476983349657,0.5905974534769833,0.5279138099902057,0.9192850146914788,0.08486799742433998,0.4126207340631037,0.3283966516419833,0.17411461687057309,0.47197898423817863
480,1016.3036036036036,0.9900900900900901,0.0,0.0,7.9711711711711715,2021.8495495495495,0.4648648648648649,0.5252252252252252,5.987369369369369,0.08453887884267632,0.4094710669077758,0.35171790235081374,0.15427215189873417,0.5304822565969063
481,1021.742494226328,1.1073903002309469,0.0,0.0,6.829099307159353,2058.4942263279445,0.5069284064665127,0.6004618937644342,1.8508198614318707,0.09824146094014204,0.28643895840378764,0.3714913763949949,0.2438282042610754,0.5422314911366006
482,1061.302139037433,0.7156862745098039,0.0,0.0,7.239750445632799,2050.0650623885917,0.3404634581105169,0.375222816399287,0.8578431372549019,0.08001969715622308,0.3799089006524683,0.328326972793303,0.21174442939800567,0.5242839352428393
483,1002.5439407955597,0.906567992599445,0.0,0.0,7.62904717853839,2035.1665124884366,0.43848288621646625,0.46808510638297873,3.6179555966697503,0.08500060628107191,0.41712137747059536,0.28628592215351034,0.21159209409482235,0.5163265306122449
484,1007.923640167364,0.8127615062761506,0.0,0.0,6.902719665271967,2024.5774058577406,0.4330543933054393,0.3797071129707113,5.13020920502092,0.098196696469162,0.3024700712229126,0.383239884831035,0.21609334747689043,0.4671814671814672
485,1029.1761268781302,1.0342237061769617,0.0,0.0,7.06093489148581,2055.395659432387,0.5166944908180301,0.5175292153589316,0.3557512520868113,0.0849982267407495,0.3723844426055089,0.3291169168932498,0.21350041376049178,0.5004035512510089
486,1016.2808988764045,1.1305099394987035,0.0,0.0,7.536732929991357,2011.9602420051858,0.5246326707000865,0.6058772687986171,5.740648228176318,0.08520642201834862,0.38245412844036697,0.3291284403669725,0.20321100917431192,0.5359327217125383
487,1027.3275217932753,1.3100871731008716,0.0,0.0,7.097135740971358,2052.8804483188046,0.6214196762141968,0.688667496886675,0.8102117061021171,0.10703632216178277,0.28829619231444115,0.36515178101421303,0.23951570450956308,0.5256653992395437
488,1023.5741265344665,0.9933899905571294,0.0,0.0,7.547686496694995,2044.7639282341831,0.4664778092540132,0.5269121813031161,1.2688574126534466,0.07781809082947579,0.4087326410609283,0.3170273989741023,0.19642186913549356,0.5304182509505704
489,1023.6882882882883,0.890990990990991,0.0,0.0,8.00990990990991,2030.7828828828829,0.3963963963963964,0.4945945945945946,3.7729999999999997,0.08469238555842987,0.3939939264424699,0.36790012372061637,0.15341356427848385,0.5551061678463094
490,1051.5489642184557,0.8370998116760828,0.0,0.0,6.950094161958568,2027.677966101695,0.4001883239171375,0.4369114877589454,5.208342749529191,0.09158650589351036,0.2944045522286953,0.3635008806394797,0.2505080612383146,0.5219347581552306
491,1088.0709281961472,1.2591943957968477,0.0,0.0,7.571803852889667,2050.9457092819616,0.5586690017513135,0.7005253940455342,1.4459632224168126,0.08430669596391813,0.3980571296403377,0.3349138429513126,0.1827223314444316,0.5563282336578581
492,1096.4053601340033,1.16750418760469,0.0,0.0,7.626465661641541,2030.145728643216,0.5402010050251256,0.6273031825795645,4.0613149078726964,0.08466944871513288,0.4070942235888425,0.3188007906874588,0.18943553700856577,0.5373027259684362
493,1070.7798804780878,1.504980079681275,0.0,0.0,6.627490039840637,2054.7290836653387,0.7370517928286853,0.7679282868525896,0.858316733067729,0.09392846408175534,0.33468590321611064,0.3014727983168019,0.26991283438533215,0.5102581072137657
494,1030.4468937875752,2.006012024048096,0.0,0.0,7.666332665330661,2052.4839679358715,1.0380761523046091,0.9679358717434869,2.6607214428857717,0.08364919618350543,0.4352372238923017,0.3139458894262188,0.16716769049797411,0.4825174825174825
495,1055.122869955157,1.3354260089686099,0.0,0.0,7.385650224215246,2036.1955156950673,0.6161434977578475,0.7192825112107624,3.8525560538116594,0.0862173649058895,0.3532483302975106,0.35798421372191863,0.20255009107468125,0.5386165211551377
496,1061.1124031007753,1.9593023255813953,0.0,0.0,6.708333333333333,2048.4815891472867,0.997093023255814,0.9622093023255814,3.851482558139535,0.09721219124656941,0.2368915210169002,0.36125956955077276,0.3046367181857576,0.4910979228486647
497,1028.8534906588004,1.960668633235005,0.0,0.0,7.67748279252704,2075.400196656834,0.9193706981317601,1.0412979351032448,-0.06343166175024584,0.08952356557377049,0.4335297131147541,0.2938012295081967,0.1831454918032787,0.5310932798395186
498,1049.1118475559238,1.2021541010770505,0.0,0.0,7.268434134217067,2023.006628003314,0.5592377796188898,0.6429163214581607,5.740795360397681,0.08138607089935028,0.3734184429499601,0.34127436452752763,0.20392112162316198,0.534803583735355
499,1063.7459016393443,1.4774590163934427,0.0,0.0,6.679303278688525,2053.65368852459,0.6885245901639344,0.7889344262295082,1.8868545081967212,0.09311244055836784,0.2590888173032674,0.3969934038963031,0.2508053382420617,0.5339805825242718
500,1098.9982094897045,1.6087735004476276,0.0,0.0,7.388540734109221,2059.521933751119,0.7582811101163832,0.8504923903312444,1.0723724261414505,0.08287895310796074,0.4236035381073549,0.3240033927056828,0.16951411607900158,0.528658875904285
501,1047.4623069936422,1.92188919164396,0.0,0.0,7.521344232515895,2056.198910081744,0.8900999091734787,1.0317892824704813,3.529336966394187,0.08815360463712112,0.35201062673590144,0.36058447047458037,0.19925129815239706,0.5368620037807184
502,1043.732817037754,0.9186834462729913,0.0,0.0,6.658276863504356,2049.110358180058,0.494675701839303,0.42400774443368827,1.6997870280735723,0.09275952311718523,0.2630125036347776,0.34108752544344284,0.30314044780459437,0.46153846153846156
503,1070.7092709270928,1.333933393339334,0.0,0.0,7.0450045004500454,2064.5265526552657,0.639063906390639,0.6948694869486949,0.20107110711071108,0.08802861888335249,0.41177973680848345,0.27290149482560366,0.22729014948256038,0.5209176788124157
504,1032.2976525821596,1.7023474178403757,0.0,0.0,7.738967136150235,2029.1361502347418,0.7953051643192488,0.9070422535211268,6.873577464788732,0.09536520262072312,0.4225916039796166,0.3347488473671439,0.14729434603251637,0.5328185328185329
505,1056.9955908289242,0.9206349206349206,0.0,0.0,6.790123456790123,2044.1613756613756,0.48324514991181655,0.43738977072310403,4.191190476190476,0.08844155844155845,0.2597402597402597,0.37987012987012986,0.27194805194805194,0.47509578544061304
506,1018.8274734260017,1.7800490596892886,0.0,0.0,7.043336058871627,2082.630417007359,0.8266557645134914,0.9533932951757972,1.0364268192968111,0.08184351056419782,0.3709078244717901,0.3105409798003251,0.236707685163687,0.5355994487827285
507,964.6656804733727,1.8599605522682445,0.0,0.0,8.066074950690336,2053.1735700197237,0.8905325443786982,0.9694280078895463,5.151518737672584,0.09340995231690916,0.3968700330113706,0.337082772955129,0.17263724171659128,0.5212089077412513
508,975.5792622133599,1.6231306081754735,0.0,0.0,6.620139581256232,2051.208374875374,0.8225324027916251,0.8005982053838484,4.287816550348953,0.10060240963855421,0.2397590361445783,0.3649096385542169,0.2947289156626506,0.49324324324324326
509,975.2754749568221,1.9430051813471503,0.0,0.0,7.588946459412781,2080.2642487046633,0.9430051813471503,1.0,0.4767702936096719,0.08079198907601275,0.3896222121074192,0.331474738279472,0.19811106053709604,0.5146666666666667
510,978.0894648829432,2.0861204013377925,0.0,0.0,7.576086956521739,2034.546822742475,0.959866220735786,1.1262541806020068,7.505961538461538,0.08420704116543427,0.40536364639664496,0.3446639443770003,0.16576536806092043,0.5398797595190381
511,967.4092485549133,3.1930635838150287,0.0,0.0,7.009248554913295,2091.4462427745666,1.586127167630058,1.606936416184971,0.66842774566474,0.09384793006762329,0.2782450931881907,0.3603826488537028,0.26752432789048325,0.503258508327299
512,969.7919580419581,2.297202797202797,0.0,0.0,7.096153846153846,2085.688811188811,1.0681818181818181,1.229020979020979,0.5073251748251748,0.07859078590785908,0.3668391229366839,0.3180586351318059,0.23651145602365115,0.5350076103500762
513,956.7744360902255,2.818609022556391,0.0,0.0,7.621240601503759,2047.1917293233082,1.3853383458646618,1.4332706766917294,5.141832706766917,0.09754593661363917,0.40152916512516956,0.28906153656431127,0.21186336169688,0.5085028342780927
514,980.8934977578475,2.6984304932735426,0.0,0.0,7.37780269058296,2088.365470852018,1.3071748878923768,1.391255605381166,3.2739461883408074,0.10423947728308768,0.2915970217292205,0.38641543838322445,0.2177480626044674,0.5155795596177815
515,1001.6515912897822,2.5519262981574538,0.0,0.0,7.230318257956449,2076.459798994975,1.1792294807370185,1.3726968174204355,0.28193467336683414,0.0767983319819298,0.3658056295609869,0.3360361403915209,0.2213598980655624,0.5379061371841155
516,940.5087719298245,3.124561403508772,0.0,0.0,7.5552631578947365,2058.6175438596492,1.4771929824561403,1.6473684210526316,4.648412280701754,0.08928364100777894,0.365377917102055,0.3394868222454429,0.2058516196447231,0.5272318921953958
517,993.8721461187215,2.598173515981735,0.0,0.0,6.70662100456621,2074.5456621004564,1.2808219178082192,1.317351598173516,0.21199771689497715,0.10570212765957447,0.2428936170212766,0.3734468085106383,0.27795744680851064,0.5070298769771528
518,987.1436170212766,1.8625886524822695,0.0,0.0,7.5186170212765955,2087.813829787234,0.9157801418439716,0.9468085106382979,0.9231028368794326,0.07970758165310694,0.39228864520693313,0.31576465039500057,0.21223912274495932,0.5083293669681104
519,954.4236842105263,2.030701754385965,0.0,0.0,7.897368421052631,2084.7105263157896,0.9429824561403509,1.087719298245614,3.7476228070175437,0.08652671331778296,0.3875374875041653,0.36054648450516497,0.1653893146728868,0.5356371490280778
520,953.6178467507275,0.8225024248302619,0.0,0.0,6.903006789524733,2041.8389912706111,0.4393792434529583,0.3831231813773036,3.764461687681862,0.0865533230293663,0.28129829984544047,0.366306027820711,0.26584234930448225,0.4658018867924528
521,970.082239720035,1.9606299212598426,0.0,0.0,7.468066491688539,2096.050743657043,0.9011373578302713,1.0594925634295713,0.11001749781277338,0.07907685098406748,0.39034676663542645,0.3307169634489222,0.19985941893158388,0.5403837572512271
522,957.2922590837283,2.3799368088467614,0.0,0.0,7.611374407582939,2058.40205371248,1.1153238546603474,1.264612954186414,5.607717219589257,0.08167289331672893,0.39425072644250725,0.3093607305936073,0.2147156496471565,0.5313640889478924
523,963.3393829401089,1.7422867513611615,0.0,0.0,7.0653357531760435,2064.0045372050818,0.8357531760435571,0.9065335753176044,3.5111433756805805,0.09350115592088364,0.3246853326483432,0.29296172617518623,0.28885178525558697,0.5203125
524,999.7244019138756,2.4287081339712917,0.0,0.0,7.920574162679426,2093.6095693779903,1.0889952153110047,1.3397129186602872,1.129933014354067,0.08795457291289115,0.4203213724779509,0.3228222786033587,0.1689017760057992,0.5516154452324665
525,1001.539408866995,2.3563218390804597,0.0,0.0,7.613300492610837,2043.9761904761904,1.0911330049261083,1.2651888341543513,6.304433497536946,0.08411517308314462,0.36363636363636365,0.3475682087781732,0.20468025450231855,0.5369337979094077
526,965.3745173745174,2.215250965250965,0.0,0.0,6.744208494208494,2081.1380308880307,1.170849420849421,1.0444015444015444,3.693388030888031,0.09088306855588951,0.23414913410619723,0.3596679547731501,0.3152998425647631,0.4714596949891068
527,945.5474956822108,2.6545768566493955,0.0,0.0,7.379965457685665,2100.7081174438686,1.2875647668393781,1.3670120898100173,0.9759153713298793,0.08319681722443248,0.4013573601684999,0.30119354083781885,0.21425228176924876,0.5149642160052049
528,961.2397260273973,2.452054794520548,0.0,0.0,7.88013698630137,2058.4049657534247,1.1643835616438356,1.2876712328767124,5.6873544520547945,0.08507170795306389,0.3785310734463277,0.3350717079530639,0.20132551064754456,0.5251396648044693
529,962.2640562248996,2.8835341365461846,0.0,0.0,7.278112449799197,2101.129518072289,1.4528112449799198,1.430722891566265,0.7537751004016064,0.08635673886053248,0.2754862739688233,0.38115602152020966,0.25700096565043457,0.4961699164345404
530,997.1921739130435,2.5191304347826087,0.0,0.0,7.507826086956522,2094.688695652174,1.2365217391304348,1.2826086956521738,1.1166869565217392,0.07748436414176511,0.4193884642112578,0.3088950660180681,0.19423210562890897,0.5091473938557128
531,994.4378801042571,2.9678540399652475,0.0,0.0,7.9244135534317985,2057.535186794092,1.3423110338835795,1.625543006081668,5.86375325803649,0.0842012937177941,0.3855936849029712,0.34086174761539306,0.1893432737638417,0.5477166276346604
532,990.4087523277467,2.2625698324022347,0.0,0.0,6.919925512104283,2047.133147113594,1.121973929236499,1.1405959031657356,5.88548417132216,0.09432185145317545,0.2868675995694295,0.31768030139935416,0.3011302475780409,0.5041152263374485
533,964.0558015943312,3.1284322409211693,0.0,0.0,7.421612046058459,2082.66430469442,1.4446412754650133,1.6837909654561558,0.7966253321523472,0.08819668218164459,0.43250984604368065,0.25074591240004773,0.22854755937462704,0.5382219705549264
534,977.1478565179352,2.8993875765529307,0.0,0.0,7.766404199475065,2040.5083114610675,1.4216972878390202,1.4776902887139107,5.954024496937882,0.08955728286583305,0.42322856820998084,0.3193646502196688,0.1678494987045173,0.5096560048280024
535,1025.7989323843417,2.104982206405694,0.0,0.0,6.9911032028469755,2048.8505338078294,1.0462633451957295,1.0587188612099645,5.434128113879003,0.08857215576482566,0.26393484347162127,0.36497836599643674,0.2825146347671163,0.5029585798816568
536,982.4090909090909,3.1552315608919383,0.0,0.0,7.438250428816467,2085.417667238422,1.4802744425385934,1.6749571183533447,0.4515351629502573,0.08635996771589992,0.38487259310503863,0.28329297820823246,0.245474460970829,0.5308507746670291
537,964.46875,2.7279411764705883,0.0,0.0,7.992647058823529,2058.357536764706,1.2389705882352942,1.4889705882352942,4.211590073529412,0.08866145354185832,0.4173183072677093,0.3109475620975161,0.18307267709291627,0.545822102425876
538,991.066606660666,2.1431143114311433,0.0,0.0,6.804680468046804,2050.991899189919,1.0,1.143114311431143,4.8114401440144015,0.09272486772486772,0.2490740740740741,0.3437830687830688,0.31441798941798943,0.5333893322133557
539,977.6577629382303,1.7345575959933222,0.0,0.0,7.675292153589315,2079.5968280467446,0.8247078464106845,0.9098497495826378,-0.15115191986644408,0.07525829255029907,0.3943447525829255,0.3144100054377379,0.2159869494290375,0.5245428296438883
540,999.3423959218352,2.1418861512319456,0.0,0.0,8.288870008496177,2041.534409515718,1.092608326253186,1.0492778249787595,5.81715378079864,0.07984829848298483,0.4280442804428044,0.3311808118081181,0.16092660926609267,0.4898849662832209
541,974.9386317907445,2.2967806841046277,0.0,0.0,7.045271629778672,2082.2937625754525,1.1710261569416498,1.1257545271629779,1.6496680080482897,0.08953305726117378,0.28373554191060973,0.34685134942167645,0.27988005140654004,0.49014454664914586
542,972.617088607595,2.0854430379746836,0.0,0.0,7.162183544303797,2064.0537974683543,1.0632911392405062,1.0221518987341771,1.124018987341772,0.07467137965315365,0.3578924113553518,0.31613829669722743,0.25129791229426707,0.49013657056145676
543,981.3942712721146,3.256950294860994,0.0,0.0,7.625105307497894,2049.3546756529063,1.5265374894692503,1.7304128053917438,4.372695871946083,0.08717268810076234,0.41708098552646117,0.26847862114683463,0.2272677052259419,0.5312984997413347
544,1006.5241090146751,2.5639412997903563,0.0,0.0,7.472746331236897,2046.867924528302,1.2368972746331237,1.3270440251572326,5.8760167714884695,0.10127647636414644,0.31098330761677656,0.36274372282227524,0.2249964931968018,0.517579721995094
545,997.8380281690141,2.214397496087637,0.0,0.0,7.384194053208137,2076.9514866979657,1.0359937402190924,1.1784037558685445,0.8029968701095462,0.08191162445692488,0.3631450672883332,0.3217124086044294,0.2332308996503126,0.5321554770318021
546,971.3380753138075,3.2903765690376567,0.0,0.0,7.661087866108787,2068.442677824268,1.5456066945606695,1.7447698744769875,4.593313807531381,0.08749317312943747,0.3892954669579465,0.3156744948115784,0.2075368651010377,0.530264496439471
547,981.2713675213676,2.9358974358974357,0.0,0.0,7.002136752136752,2079.199786324786,1.4636752136752136,1.4722222222222223,1.7966880341880342,0.09459871833994507,0.26563930424168447,0.3715288373512359,0.26823314006713456,0.5014556040756915
548,957.0058091286307,3.003319502074689,0.0,0.0,7.2564315352697095,2095.8821576763485,1.4190871369294606,1.5842323651452281,0.6605643153526971,0.07982616651418115,0.3812900274473925,0.3004345837145471,0.23844922232387925,0.5274937828129318
549,985.6348039215686,3.081699346405229,0.0,0.0,7.9754901960784315,2073.7287581699347,1.4370915032679739,1.6446078431372548,4.032410130718954,0.0785699651710715,0.4158983814792051,0.3515673017824216,0.1539643515673018,0.5336691410392365
550,994.3141082519965,1.9414374445430347,0.0,0.0,7.380656610470275,2043.0283939662822,0.9476486246672582,0.9937888198757764,7.449405501330967,0.08992546285164703,0.3161817744650156,0.3490021639817264,0.24489059870161095,0.5118829981718465
551,994.1117696867062,2.823878069432684,0.0,0.0,7.77307366638442,2124.297205757832,1.365791701947502,1.458086367485182,0.3843437764606266,0.08616557734204792,0.40588235294117647,0.31296296296296294,0.19498910675381265,0.5163418290854572
552,965.9646464646464,2.3897306397306397,0.0,0.0,7.7853535353535355,2065.6708754208753,1.0942760942760943,1.2954545454545454,5.925909090909091,0.08627959779435615,0.41301762352686777,0.3004649151259596,0.20023786355281653,0.5420922860162029
553,976.6022304832713,2.5548327137546467,0.0,0.0,6.809479553903346,2073.6375464684015,1.2388475836431228,1.3159851301115242,3.753494423791822,0.09226149856694418,0.330831172376143,0.27187116145762247,0.3050361675992903,0.5150963986904329
554,977.9864603481625,2.488394584139265,0.0,0.0,7.934235976789168,2076.6779497098646,1.1479690522243713,1.3404255319148937,1.9638588007736946,0.08690882496343247,0.42893710385177963,0.3096050706972209,0.17454900048756705,0.5386708122813836
555,1007.4175642087821,2.1648715824357914,0.0,0.0,7.676056338028169,2049.395194697597,0.9652029826014913,1.1996685998343,4.986768848384424,0.08667026443604965,0.3820831084727469,0.3340528872099298,0.19719373988127362,0.5541523153463452
556,987.3931544865865,2.215541165587419,0.0,0.0,6.680851063829787,2056.9417206290473,1.1396854764107307,1.0758556891766882,5.807872340425532,0.1012184990307394,0.26613126557740235,0.33813348103018553,0.2945167543616727,0.48559498956158664
557,981.0619246861925,2.169874476987448,0.0,0.0,7.5430962343096235,2066.892050209205,1.102092050209205,1.0677824267782428,2.226594142259414,0.08631018415797648,0.4115819835810961,0.2935433769691591,0.20856445529176837,0.49209409949865024
558,981.7769784172662,2.645083932853717,0.0,0.0,7.925659472422062,2064.6930455635493,1.2294164668265388,1.4156674660271782,6.472821742605915,0.08068582955118507,0.4194654563792234,0.3059001512859304,0.19394856278366113,0.5352070111816258
559,989.6315315315316,2.720720720720721,0.0,0.0,7.297297297297297,2097.836936936937,1.2675675675675675,1.4531531531531532,4.42536036036036,0.0882716049382716,0.32222222222222224,0.351358024691358,0.23814814814814814,0.5341059602649006
560,1022.2852320675105,2.6025316455696204,0.0,0.0,7.636286919831224,2096.0396624472573,1.1881856540084388,1.4143459915611813,1.1829282700421941,0.08034036910155819,0.44082219029727043,0.29892805834898883,0.17990938225218256,0.543450064850843
561,1025.4978012313104,2.316622691292876,0.0,0.0,8.011433597185576,2061.3553210202285,1.0853122251539138,1.2313104661389622,5.020650835532102,0.08760566472719289,0.39773850038423536,0.326490284334175,0.18816555055439674,0.5315110098709187
562,1053.111111111111,1.7407407407407407,0.0,0.0,7.095370370370371,2045.15,0.8546296296296296,0.8861111111111111,5.927157407407408,0.10217930314498239,0.3067989038235678,0.29492365914132845,0.29609813389012135,0.5090425531914894
563,1027.0585585585586,2.5045045045045047,0.0,0.0,7.652252252252253,2094.9387387387387,1.2126126126126127,1.2918918918918918,-0.010369369369369361,0.09406639981163174,0.4347774899929362,0.2548858017424064,0.21627030845302567,0.5158273381294964
564,1008.4574074074075,1.662037037037037,0.0,0.0,7.894444444444445,2034.125925925926,0.7666666666666667,0.8953703703703704,6.89612037037037,0.09160215810462116,0.4365470326061459,0.3163265306122449,0.15552427867698804,0.5387186629526463
565,1054.3713268032056,1.3027604630454142,0.0,0.0,6.967052537845058,2059.5191451469277,0.6268922528940338,0.6758682101513802,4.50579697239537,0.08320552147239264,0.27901329243353784,0.3580010224948875,0.279780163599182,0.518796992481203
566,1011.9965899403239,2.0971867007672635,0.0,0.0,7.379369138959932,2082.6564364876385,0.9497016197783461,1.1474850809889172,2.784424552429668,0.08814695009242145,0.39221349353049906,0.2845425138632163,0.2350970425138632,0.5471544715447154
567,1020.8862642169729,2.26334208223972,0.0,0.0,7.982502187226597,2066.38145231846,1.062992125984252,1.200349956255468,5.285118110236221,0.0919552827707146,0.42711530030688294,0.30995177553704517,0.1709776413853573,0.5303440278314651
568,1009.0018450184502,2.047970479704797,0.0,0.0,6.642988929889299,2089.217712177122,1.0562730627306274,0.9916974169741697,4.162795202952029,0.10373559227885015,0.26357450354117484,0.3367587835022913,0.2959311206776837,0.48423423423423423
569,1032.6379746835444,1.4261603375527425,0.0,0.0,7.685232067510548,2092.3535864978903,0.6734177215189874,0.7527426160337553,1.006717299578059,0.08740529263204129,0.4038651586691556,0.3030635774678819,0.20566597123092126,0.527810650887574
570,1025.5477759472817,1.9456342668863262,0.0,0.0,8.14497528830313,2057.492586490939,0.9341021416803954,1.0115321252059308,7.548764415156508,0.08292880258899676,0.4381067961165049,0.31765776699029125,0.1613066343042071,0.5198983911939035
571,990.1808999081726,2.2653810835629016,0.0,0.0,7.24058769513315,2104.665748393021,1.123048668503214,1.1423324150596879,4.580330578512396,0.09486366518706404,0.3179454660748256,0.33392517438173747,0.25326569435637286,0.5042561815970815
572,976.173166926677,0.9750390015600624,0.0,0.0,7.315132605304212,2066.939937597504,0.5046801872074883,0.4703588143525741,0.9520124804992199,0.08509277031349968,0.372894007251013,0.3103007037747921,0.23171251866069525,0.4824
573,1000.0079435127979,1.3477493380406003,0.0,0.0,7.8702559576345985,2051.8340688437775,0.6434245366284201,0.70432480141218,4.369214474845543,0.09330492318044185,0.431983851070988,0.27397106650218683,0.2007401592463833,0.5225933202357563
574,1020.2726269315673,1.336644591611479,0.0,0.0,7.139072847682119,2061.7615894039736,0.7097130242825607,0.6269315673289183,2.536269315673289,0.10606060606060606,0.31385281385281383,0.35636982065553496,0.22371675943104516,0.4690338563170933
575,1005.719040247678,1.8026315789473684,0.0,0.0,7.109133126934984,2115.5371517027866,0.9156346749226006,0.8869969040247678,0.9640015479876161,0.08154599891126837,0.36537833424060967,0.3201959716929777,0.23287969515514426,0.49205667668527264
576,958.1258620689655,1.8120689655172413,0.0,0.0,7.50948275862069,2064.7060344827587,0.878448275862069,0.9336206896551724,5.664387931034483,0.09401905636551487,0.3789461600275514,0.3111009068993227,0.21593387670761108,0.5152235965746907
577,953.5098855359001,1.6337148803329864,0.0,0.0,6.71904266389178,2071.516129032258,0.8772112382934444,0.7565036420395421,3.9044536940686783,0.11119715037943317,0.28620102214650767,0.3442775282638996,0.25832429921015954,0.46305732484076434
578,945.2267106347898,2.8161582852431986,0.0,0.0,7.173948887056884,2085.825226710635,1.3882934872217643,1.4278647980214345,2.074806265457543,0.08319926453688807,0.4048494598942772,0.2910825097678695,0.2208687658009653,0.5070257611241218
579,951.2306411323897,2.575353871773522,0.0,0.0,8.029142381348876,2084.383846794338,1.2006661115736885,1.3746877601998335,4.903980016652789,0.08482837291299389,0.4190604583635798,0.3248988903868091,0.17121227833661723,0.5337859683155513
580,937.6546146527118,1.6555661274976212,0.0,0.0,7.144624167459562,2060.0285442435775,0.7954329210275928,0.8601332064700286,7.397573739295909,0.09788254095085897,0.33040351578106275,0.3128246104674391,0.25888933280063925,0.5195402298850574
581,981.5229741019215,2.6491228070175437,0.0,0.0,7.637426900584796,2098.341687552214,1.2280701754385965,1.4210526315789473,0.578421052631579,0.0860861955808357,0.4166484357908554,0.29807481951432946,0.19919054911397943,0.5364238410596026
582,966.2690476190476,2.0357142857142856,0.0,0.0,7.6420634920634924,2045.334126984127,0.9626984126984127,1.073015873015873,5.574484126984127,0.08152456122131062,0.42226607124311977,0.3062623325371274,0.1899470349984422,0.5270955165692007
583,988.5671497584541,1.8454106280193237,0.0,0.0,7.028019323671497,2080.7062801932366,0.9381642512077295,0.9072463768115943,3.128917874396135,0.0952708276051691,0.3421776189166896,0.2706901292273852,0.2918614242507561,0.49162303664921464
584,1003.6447876447877,2.002895752895753,0.0,0.0,7.83976833976834,2095.206563706564,0.9961389961389961,1.0067567567567568,0.839903474903475,0.08790938192563408,0.44964294508741687,0.3001723713371091,0.16227530164983994,0.5026506024096385
585,1021.8743126472899,2.190102120974077,0.0,0.0,7.523959151610369,2054.942655145326,1.0856245090337784,1.1044776119402986,4.585522388059702,0.08216746711213196,0.3747128836917937,0.34756734182501564,0.19555230737105866,0.5043041606886657
586,998.539462272333,1.9488291413703382,0.0,0.0,6.6426712922810065,2089.978317432784,1.0112749349522983,0.9375542064180399,3.6503555941023413,0.08956782869826348,0.2833268050659355,0.3396004700352526,0.28750489620054837,0.4810858923008456
587,1005.3641304347826,2.7065217391304346,0.0,0.0,7.697463768115942,2124.120471014493,1.3469202898550725,1.3596014492753623,0.5452807971014493,0.08813838550247118,0.42492351141445045,0.2875970816662744,0.19934102141680396,0.5023427041499331
588,953.9879129734086,2.453666398066076,0.0,0.0,7.713134568896051,2070.563255439162,1.2707493956486704,1.1829170024174054,6.36351329572925,0.08483075637275386,0.42060175511909736,0.3109068115336398,0.183660676974509,0.48210180623973725
589,954.2021466905188,1.8640429338103757,0.0,0.0,7.077817531305904,2091.6932021466905,0.9114490161001789,0.9525939177101967,2.3998479427549193,0.082522431441931,0.3190951598635157,0.35233160621761656,0.2460508024769367,0.5110364683301344
590,1010.1098712446352,2.2703862660944205,0.0,0.0,7.886695278969957,2129.0781115879827,1.1141630901287554,1.1562231759656652,1.3445064377682403,0.07999564649542883,0.43752720940356987,0.30975185023944274,0.17272529386155855,0.5092627599243856
591,985.1067644661777,2.4034229828850857,0.0,0.0,7.946210268948655,2078.233903830481,1.1515892420537897,1.2518337408312958,4.680676446617767,0.084,0.4053333333333333,0.33753846153846156,0.17312820512820512,0.5208545269582909
592,996.116769095698,1.2967515364354698,0.0,0.0,7.095697980684811,2056.3213345039508,0.6646180860403863,0.6321334503950834,3.9308955223880595,0.09020044543429843,0.3048750309329374,0.3233110616184113,0.2816134620143529,0.48747461069735953
593,1001.153643546971,1.9982440737489024,0.0,0.0,7.484635645302897,2114.019315188762,1.044776119402985,0.9534679543459175,1.0716856892010536,0.08387096774193549,0.43788856304985335,0.25513196480938416,0.22310850439882698,0.4771528998242531
594,966.3423044575273,1.6265769554247267,0.0,0.0,7.658536585365853,2043.5929352396972,0.7022708158116064,0.9243061396131202,7.863027754415475,0.08390072479683724,0.44706786734021525,0.31221172853063917,0.15681967933230836,0.5682523267838676
595,1036.8671128107076,1.5162523900573615,0.0,0.0,6.821223709369025,2105.5812619502867,0.7112810707456979,0.8049713193116634,0.8318451242829829,0.08563419761737912,0.29011913104414855,0.3537491240364401,0.27049754730203224,0.5308953341740227
596,1029.7428315412187,2.033154121863799,0.0,0.0,7.224014336917563,2116.4704301075267,0.9516129032258065,1.081541218637993,1.7339068100358423,0.08112130984867279,0.4193748449516249,0.28938228727362936,0.21012155792607293,0.5319524019391803
597,981.9432753888381,2.5096065873741993,0.0,0.0,7.918572735590119,2116.242451967063,1.2204940530649588,1.2891125343092407,5.703943275388838,0.09139225880993646,0.447949162333911,0.30849220103986136,0.15216637781629117,0.5136711629602625
598,992.2722419928825,1.8122775800711743,0.0,0.0,6.76779359430605,2102.2455516014234,0.9065836298932385,0.905693950177936,3.782473309608541,0.09859340081503878,0.2918364664125148,0.3243065597476009,0.28526357302484556,0.4997545409916544
599,1016.4876660341556,2.2229601518026567,0.0,0.0,8.03415559772296,2111.9800759013283,1.150853889943074,1.0721062618595825,0.28006641366223917,0.08490788852149268,0.4305621162021729,0.31459612659423714,0.1699338686820973,0.48228766538625695
600,1010.744262295082,2.14672131147541,0.0,0.0,8.036065573770491,2054.5409836065573,1.0057377049180327,1.140983606557377,8.504877049180328,0.08108935128518972,0.4353325173398613,0.3317013463892289,0.1518767849857201,0.5315005727376861
601,1005.6746987951807,2.447636700648749,0.0,0.0,7.118628359592215,2130.7562557924,1.1733086190917517,1.2743280815569973,1.9406672845227062,0.08436401510220023,0.3125895065746648,0.3487827105845593,0.25426376773857573,0.5206361226808027
602,1040.362126245847,2.166112956810631,0.0,0.0,7.441029900332226,2114.3197674418607,1.0290697674418605,1.1370431893687707,0.1979152823920266,0.08137068869293448,0.3897756446031923,0.31253488112512556,0.21631878557874762,0.5249233128834356
603,998.3781138790035,2.7019572953736657,0.0,0.0,7.911032028469751,2082.086298932384,1.3905693950177935,1.311387900355872,4.478709964412811,0.0907557354925776,0.44601889338731443,0.26900584795321636,0.1942195231668916,0.48534738228514984
604,1019.3880597014926,1.9008528784648189,0.0,0.0,7.525586353944563,2058.2100213219614,1.023454157782516,0.8773987206823027,5.01590618336887,0.0980308825612693,0.3399915002124947,0.35571610709732254,0.20626151012891344,0.46158160403813797
605,1015.0243492863141,2.332493702770781,0.0,0.0,7.367758186397985,2108.6087321578507,1.0923593618807725,1.2401343408900083,-0.15585222502099078,0.0784045584045584,0.3811965811965812,0.32398860398860396,0.2164102564102564,0.5316774658027358
606,994.0135593220339,2.299152542372881,0.0,0.0,7.377118644067797,2082.5550847457625,1.085593220338983,1.2135593220338983,5.6468559322033895,0.08948879954049396,0.40241240666283745,0.29948305571510625,0.2086157380815623,0.5278289716181349
607,981.5076086956522,2.633695652173913,0.0,0.0,6.931521739130435,2102.108695652174,1.2902173913043478,1.3434782608695652,3.027576086956522,0.10773090795044692,0.31096126705347343,0.3354241806492081,0.24588364434687157,0.5101114321089558
608,982.5813544415128,2.7000879507475815,0.0,0.0,7.672823218997362,2117.8645558487246,1.3210202286719437,1.3790677220756375,0.9289797713280563,0.08310408069692801,0.42159559834938104,0.2880559376432829,0.20724438331040806,0.5107491856677524
609,1002.1669463087248,2.6803691275167787,0.0,0.0,8.039429530201343,2088.941275167785,1.2525167785234899,1.4278523489932886,5.314203020134228,0.08379421892935407,0.4302410518626735,0.34112490869247625,0.14483982051549618,0.5327073552425665
610,999.4342806394316,1.374777975133215,0.0,0.0,7.447602131438721,2064.899644760213,0.6856127886323268,0.6891651865008881,4.37576376554174,0.09074648223229191,0.3425948008585738,0.3313856427378965,0.23527307417123777,0.5012919896640827
611,1018.8104517271922,3.0726306465899027,0.0,0.0,7.933569530558016,2124.792736935341,1.4021257750221434,1.670504871567759,1.3872984942426927,0.08663615049681814,0.42547728033939936,0.310148487216702,0.1777380819470805,0.5436725281060825
612,983.9791666666666,1.9116666666666666,0.0,0.0,7.873333333333333,2064.8425,0.8558333333333333,1.0558333333333334,6.484041666666667,0.08837849280270957,0.4272861981371719,0.3047205757832345,0.179614733276884,0.5523103748910201
613,1000.4394841269841,2.111111111111111,0.0,0.0,7.415674603174603,2071.9126984126983,1.0406746031746033,1.070436507936508,2.6899603174603173,0.10006688963210703,0.36789297658862874,0.2679598662207358,0.2640802675585284,0.5070488721804511
614,1005.9206049149338,2.439508506616257,0.0,0.0,7.799621928166352,2092.364839319471,1.2155009451795842,1.224007561436673,1.1627410207939508,0.08700920988851188,0.4394086282113427,0.3148327678138633,0.1587493940862821,0.5017435102673382
615,968.1795075456712,2.6624305003971407,0.0,0.0,7.650516282764099,2078.760127084988,1.3248610007942812,1.3375694996028593,6.179150119142176,0.08357558139534883,0.3690822259136213,0.357765780730897,0.1895764119601329,0.5023866348448688
616,951.3369467028003,2.118337850045167,0.0,0.0,6.723577235772358,2077.8093947606144,1.1490514905149052,0.969286359530262,4.0829810298102975,0.09216713690716109,0.2617224237538627,0.35214295311030497,0.29396748622867125,0.4575692963752665
617,982.3069852941177,2.9880514705882355,0.0,0.0,7.6911764705882355,2160.3088235294117,1.4540441176470589,1.5340073529411764,0.3322058823529412,0.08293499043977055,0.42746175908221795,0.30174474187380496,0.1878585086042065,0.5133804983082129
618,979.2961476725521,2.1741573033707864,0.0,0.0,7.530497592295345,2051.3298555377205,1.0353130016051364,1.13884430176565,7.355922953451043,0.08504742619631248,0.4163913460513695,0.30736438239369074,0.1911968453586273,0.5238095238095238
619,956.5218165627783,1.5244879786286731,0.0,0.0,7.047195013357079,2076.7631344612646,0.7978628673196795,0.7266251113089938,3.257212822796082,0.08023755370229972,0.30136467020470054,0.3759160980540814,0.24248167803891837,0.4766355140186916
620,1015.3034188034188,2.2094017094017095,0.0,0.0,7.673504273504274,2112.0145299145297,1.035897435897436,1.1735042735042736,1.2442051282051283,0.07484963243484072,0.4330585876587213,0.3203386054800624,0.17175317442637558,0.5311411992263056
621,1004.8100940975193,3.103507271171942,0.0,0.0,8.126603934987168,2078.8973481608214,1.39606501283148,1.707442258340462,5.2164499572284,0.08452631578947369,0.4031578947368421,0.3348421052631579,0.1774736842105263,0.5501653803748622
622,955.0113043478261,1.9260869565217391,0.0,0.0,6.797391304347826,2074.677391304348,0.9739130434782609,0.9521739130434783,3.296904347826087,0.08878086222335935,0.29921964948189844,0.31303569144172955,0.29896379685301266,0.49435665914221216
623,1015.42405618964,3.148375768217735,0.0,0.0,7.3678665496049165,2123.8709394205443,1.5987708516242318,1.549604916593503,0.0039508340649692724,0.08341277407054337,0.43791706387035273,0.24952335557673974,0.22914680648236416,0.49219185722253206
624,982.6745240253853,2.0163191296464187,0.0,0.0,7.729827742520399,2045.1323662737987,0.9510426110607434,1.0652765185856754,6.784551223934723,0.09218859957776214,0.428219563687544,0.30952380952380953,0.17006802721088435,0.5283273381294964
625,997.4862385321101,1.9374478732276896,0.0,0.0,6.80650542118432,2081.1701417848208,0.9274395329441201,1.0100083402835696,2.7110842368640533,0.08687660825879182,0.28219580933709104,0.357309153290038,0.27361842911407913,0.5213086526043909
626,968.4670008354219,2.984126984126984,0.0,0.0,7.118629908103593,2112.1470342522975,1.39515455304929,1.5889724310776943,1.6126649958228907,0.08637483863396316,0.38070648984860933,0.2944490083323554,0.23846966318507218,0.5324748040313549
627,1001.795497185741,3.923076923076923,0.0,0.0,7.901500938086304,2089.9971857410883,1.9831144465290806,1.9399624765478425,5.470919324577861,0.0949780363290989,0.40389409948949306,0.3336103526059599,0.16751751157544817,0.49450023912003827
628,978.027397260274,3.1689497716894977,0.0,0.0,6.813698630136987,2082.6054794520546,1.4931506849315068,1.6757990867579908,4.713680365296804,0.09355314301032033,0.27060715721753115,0.3413751507840772,0.2944645489880713,0.5288184438040345
629,1036.9726672950046,2.393025447690858,0.0,0.0,8.032987747408106,2098.9594721960416,1.2393967954759662,1.1536286522148915,1.0329217719132895,0.08130939809926083,0.4125307990144315,0.32946145723336856,0.1766983456529391,0.4820795588814494
630,997.9811937857727,2.0735895339329518,0.0,0.0,7.940310711365495,2042.5764513491415,0.9223221586263287,1.1512673753066232,10.274276369582992,0.08176294923282876,0.43424981979198846,0.32282978066110596,0.16115745031407683,0.555205047318612
631,984.1475113122171,2.712217194570136,0.0,0.0,7.028054298642534,2139.29592760181,1.3547511312217195,1.3574660633484164,1.317819004524887,0.08614473345351532,0.3027298480556271,0.34792686067473605,0.26319855781612156,0.5005005005005005
632,1025.304311774461,2.400497512437811,0.0,0.0,7.32089552238806,2128.849087893864,1.175787728026534,1.2247097844112769,0.5819817578772802,0.07781175671083929,0.37490089477857064,0.3290293351455431,0.218258013365047,0.5101899827288429
633,977.7504302925989,2.3691910499139417,0.0,0.0,7.63855421686747,2073.342512908778,1.1135972461273667,1.2555938037865748,6.146944922547332,0.08731410545290672,0.4202343397926994,0.2750112663361875,0.2174402884182064,0.5299673083908464
634,979.8298918387414,1.4818092428711898,0.0,0.0,7.23992133726647,2068.6116027531957,0.7492625368731564,0.7325467059980334,3.7656735496558507,0.0976504142333288,0.30870569061523834,0.36031508895830505,0.2333288061931278,0.49435965494359657
635,989.1400966183575,1.7157809983896941,0.0,0.0,7.301127214170692,2100.6626409017713,0.8244766505636071,0.8913043478260869,1.4829549114331722,0.08083370092633436,0.35873400970445524,0.3322673136303485,0.22816497573886194,0.5194744251525105
636,931.7993421052631,2.145559210526316,0.0,0.0,7.3988486842105265,2072.123355263158,1.0460526315789473,1.0995065789473684,6.539909539473684,0.08925197287984885,0.38401689452039567,0.312215182838724,0.21451594976103144,0.5124568800306631
637,942.6491395793499,1.8479923518164436,0.0,0.0,6.7007648183556405,2096.282982791587,0.9493307839388145,0.8986615678776291,1.2825143403441683,0.09288058210871736,0.2987587387644457,0.3505492937651591,0.25781138536167786,0.48629073978272114
638,999.8021201413428,2.073321554770318,0.0,0.0,7.318904593639576,2091.382508833922,1.0424028268551238,1.0309187279151943,1.3950530035335689,0.08086904043452021,0.4203983101991551,0.2764031382015691,0.22232951116475558,0.4972305070302514
639,983.7602040816327,1.9914965986394557,0.0,0.0,8.249149659863946,2081.187074829932,0.9668367346938775,1.0246598639455782,5.282559523809524,0.08545510772085352,0.4148025976703433,0.3365632409029997,0.16317905370580352,0.5145175064047822
640,942.7263636363637,1.4281818181818182,0.0,0.0,6.876363636363636,2059.0654545454545,0.72,0.7081818181818181,5.2938363636363635,0.09545214172395558,0.3143839238498149,0.30896351136964567,0.2812004230565838,0.4958625079567155
641,1018.2659758203799,2.9283246977547495,0.0,0.0,7.632987910189983,2152.8056994818653,1.4620034542314335,1.4663212435233162,0.4426943005181347,0.08077836859373232,0.41712863446091186,0.3111211675528906,0.1909718293924652,0.5007372456502507
642,1000.7160883280757,1.5678233438485805,0.0,0.0,7.562302839116719,2067.281545741325,0.7531545741324921,0.8146687697160884,5.888288643533123,0.08186463656272813,0.41954322661382837,0.30055271665449995,0.19803942016894358,0.5196177062374245
643,984.5544280442805,1.9898523985239853,0.0,0.0,6.764760147601476,2116.928044280443,0.9953874538745388,0.9944649446494465,2.9985055350553504,0.10064093822446475,0.33765171144142914,0.2652393290604118,0.29646802127369426,0.4997681965693092
644,1009.7163461538462,2.5105769230769233,0.0,0.0,7.775961538461538,2133.675,1.3278846153846153,1.1826923076923077,1.0038076923076924,0.09224681587733399,0.4247557808828985,0.30629405218251515,0.17670335105725238,0.47108387590961315
645,972.7480252764612,1.853870458135861,0.0,0.0,7.525276461295419,2089.4233807266983,0.9044233807266983,0.9494470774091627,7.282780410742496,0.08397186942374305,0.36191875721633254,0.3522619922326021,0.20184738112732234,0.512143161482744
646,937.0121836925961,1.6354264292408622,0.0,0.0,6.575445173383318,2095.2436738519214,0.8444236176194939,0.7910028116213683,2.7847703842549203,0.09050741163055873,0.2522805017103763,0.3484891676168757,0.3087229190421893,0.4836676217765043
647,983.0677816901408,2.9242957746478875,0.0,0.0,7.52112676056338,2257.601232394366,1.534330985915493,1.3899647887323943,-0.11284330985915493,0.07970505617977527,0.4112827715355805,0.3175327715355805,0.19147940074906367,0.475316074653823
648,1014.7739665787159,1.9797713280562885,0.0,0.0,7.759014951627089,2094.206684256816,0.9885664028144239,0.9912049252418645,7.952814423922604,0.08331444116980277,0.39900249376558605,0.32407617320335524,0.19360689186125596,0.5006663705019991
649,965.604609929078,1.6826241134751774,0.0,0.0,7.141843971631205,2119.046985815603,0.9210992907801419,0.7615248226950354,4.3010549645390075,0.0942154915590864,0.3031281032770606,0.35774577954319764,0.2449106256206554,0.45258166491043206
650,1013.0610441767068,1.6666666666666667,0.0,0.0,7.525301204819277,2168.008032128514,0.8257028112449799,0.8409638554216867,1.6980401606425701,0.08069164265129683,0.4195751947913331,0.31305368769345715,0.1866794748639129,0.5045783132530121
651,979.5239253852393,2.786699107866991,0.0,0.0,7.840227088402271,2119.2895377128953,1.338199513381995,1.4484995944849959,7.905312246553122,0.0853418847625944,0.3924692251991311,0.3370228612806455,0.18516602875762905,0.519790454016298
652,1021.1563857515204,1.6602953953084274,0.0,0.0,6.86359687228497,2103.7680278019116,0.7914856646394439,0.8688097306689835,5.776802780191138,0.08987341772151898,0.30481012658227846,0.320126582278481,0.2851898734177215,0.5232862375719518
653,1015.3552290406222,1.9853068280034571,0.0,0.0,7.628349178910977,2190.687121866897,0.9749351771823682,1.010371650821089,0.2758599827139153,0.08690233401314298,0.43383186041241784,0.25946068434171765,0.2198051212327215,0.5089246843709185
654,1024.2474701011959,1.9116835326586936,0.0,0.0,8.220791168353266,2099.333026678933,0.9613615455381784,0.9503219871205152,9.390064397424103,0.08952551477170993,0.4397940913160251,0.31927036705461054,0.15141002685765442,0.4971126082771896
655,1039.5282511210762,1.2950672645739911,0.0,0.0,7.0,2119.4690582959643,0.6780269058295965,0.6170403587443947,1.5880627802690583,0.08571428571428572,0.3000640614990391,0.3557975656630365,0.2584240871236387,0.47645429362880887
656,1024.6196808510638,1.750886524822695,0.0,0.0,7.391843971631205,2185.1843971631206,0.8359929078014184,0.9148936170212766,0.5612588652482269,0.08515231470376589,0.40417366274886063,0.3063084672583353,0.20436555528903813,0.5225316455696203
657,1002.4485903814262,1.939469320066335,0.0,0.0,7.772802653399668,2143.101160862355,0.978441127694859,0.961028192371476,5.710464344941957,0.08342223170471517,0.4341796458288884,0.3131000640068274,0.16929805845956902,0.49551090209491233
658,970.1140271493213,1.669683257918552,0.0,0.0,6.794570135746606,2126.314932126697,0.8452488687782805,0.8244343891402715,4.77489592760181,0.09669685668620139,0.2871603622802344,0.33004794885455513,0.28609483217900905,0.4937669376693767
659,1021.1885521885522,1.5235690235690236,0.0,0.0,7.68013468013468,2155.006734006734,0.8055555555555556,0.718013468013468,1.1673316498316497,0.08537921964050856,0.4213064445418676,0.31017097764138535,0.1831433581762385,0.4712707182320442
660,1016.5461049284579,1.5445151033386328,0.0,0.0,8.102543720190779,2091.533386327504,0.7829888712241654,0.7615262321144675,8.421740858505563,0.08388109486902777,0.43912488963013835,0.32885313450407144,0.14814088099676248,0.4930519814719506
661,965.8772727272727,1.8263636363636364,0.0,0.0,7.288181818181818,2153.629090909091,0.9954545454545455,0.8309090909090909,4.193763636363637,0.08906074591493077,0.3098415866284146,0.35736559810402896,0.24373206935262567,0.45495271279243404
662,1003.5374203821656,1.3630573248407643,0.0,0.0,7.36703821656051,2147.125,0.7062101910828026,0.6568471337579618,-0.23810509554140127,0.08040635469577434,0.37317626715659785,0.32529990273424836,0.22111747541337945,0.48189252336448596
663,972.846600331675,1.771144278606965,0.0,0.0,7.6318407960199,2138.3034825870645,0.8631840796019901,0.9079601990049752,4.411484245439469,0.08420252064319861,0.43796175575836593,0.2682529335071708,0.20958279009126468,0.5126404494382022
664,964.307392996109,1.1731517509727627,0.0,0.0,6.977626459143969,2087.772373540856,0.6342412451361867,0.5389105058365758,5.261750972762646,0.0987034713508992,0.32538686741948974,0.3504809703053116,0.22542869092429946,0.4593698175787728
665,1007.2735462735462,1.7436527436527436,0.0,0.0,7.448812448812449,2160.266175266175,0.9017199017199017,0.8419328419328419,0.7672317772317772,0.08565145684442001,0.3817482133040132,0.3272127542605827,0.20538757559098406,0.48285580084546736
666,967.6295081967213,2.018032786885246,0.0,0.0,7.722950819672131,2121.476229508197,1.0368852459016393,0.9811475409836066,7.185319672131148,0.08586287412438973,0.4026745913818722,0.3182976013585226,0.19316493313521546,0.4861900893582453
667,961.1668372569089,2.0419651995905834,0.0,0.0,6.849539406345957,2140.64483111566,1.0337768679631525,1.008188331627431,4.37589559877175,0.10086670651524209,0.3127615062761506,0.3363717872086073,0.25,0.49373433583959897
668,978.9692570452604,2.1904355251921435,0.0,0.0,7.58070025619129,2157.405636208369,1.0794192997438088,1.1110162254483347,0.4611614005123826,0.07908077053058465,0.4143291652585333,0.2955953587923848,0.21099470541849724,0.5072124756335282
669,977.5296052631579,1.8330592105263157,0.0,0.0,8.192434210526315,2112.6537828947367,0.881578947368421,0.9514802631578947,6.114391447368422,0.07628990162617948,0.4116643244328448,0.3487251555912467,0.16332061834972897,0.5190668461193361
670,987.0378228782288,1.1559040590405905,0.0,0.0,7.404059040590406,2078.55073800738,0.5654981549815498,0.5904059040590406,4.060959409594096,0.08821330675305258,0.327186643408921,0.3397707450784949,0.24482930475953152,0.5107741420590582
671,1026.0469026548672,2.2309734513274337,0.0,0.0,7.9548672566371685,2142.637168141593,1.1,1.1309734513274337,0.7614778761061947,0.08310156858382467,0.41205918344643455,0.32829013238402494,0.17654911558571587,0.5069416898056327
672,1006.3154034229829,1.2836185819070904,0.0,0.0,7.964955175224124,2074.288508557457,0.6202118989405053,0.6634066829665851,5.910097799511003,0.08380231249360483,0.4114396807530953,0.3104471503120843,0.1943108564412156,0.5168253968253969
673,984.299424184261,1.5652591170825336,0.0,0.0,7.059500959692898,2151.3531669865642,0.7763915547024952,0.7888675623800384,1.7189827255278312,0.09081022294725394,0.34815116911364874,0.2698477433387711,0.2911908646003263,0.5039852851011649
674,1018.2234332425068,1.7447774750227065,0.0,0.0,7.562216167120799,2147.182561307902,0.8010899182561307,0.9436875567665758,1.9287647593097186,0.08491472495796301,0.4262551044919529,0.31107374489550804,0.17775642565457603,0.540864133263925
675,983.375796178344,1.319267515923567,0.0,0.0,7.5652866242038215,2080.7802547770702,0.6751592356687898,0.6441082802547771,7.73109076433121,0.08682382656282887,0.37592085876657544,0.3455062092191118,0.1917491054514839,0.48823174411587206
676,964.1708633093525,1.3516187050359711,0.0,0.0,6.820143884892087,2129.759892086331,0.6987410071942446,0.6528776978417267,4.253669064748201,0.09335443037974683,0.2713607594936709,0.3546940928270042,0.2805907172995781,0.48303393213572854
677,954.1842560553633,2.6470588235294117,0.0,0.0,7.718858131487889,2197.296712802768,1.2724913494809689,1.3745674740484428,0.15353806228373704,0.07833688221450184,0.42104673316149277,0.31401994844783143,0.18659643617617394,0.519281045751634
678,971.1513157894736,1.6644736842105263,0.0,0.0,7.9819078947368425,2084.1159539473683,0.8050986842105263,0.859375,6.097796052631579,0.08159901092107974,0.4147949721821554,0.31722645786111686,0.18637955903564804,0.5163043478260869
679,978.735642661805,1.0911577028258888,0.0,0.0,7.315405651777575,2092.8969917958066,0.5515041020966271,0.5396536007292616,3.370692798541477,0.08286604361370717,0.29906542056074764,0.3815576323987539,0.23651090342679126,0.49456975772765244
680,994.2774193548387,1.011290322580645,0.0,0.0,7.594354838709678,2113.259677419355,0.4491935483870968,0.5620967741935484,2.7718306451612906,0.07507698842518849,0.42497610704045874,0.3251566316236593,0.17479027291069343,0.5558213716108453
681,966.6682653876899,1.5891286970423661,0.0,0.0,8.015987210231815,2114.8401278976817,0.8017585931254996,0.7873701039168665,7.366818545163868,0.08366573593936977,0.39738731551655365,0.34004786597526926,0.17889908256880735,0.4954728370221328
682,963.9417897480452,1.3475238922675934,0.0,0.0,6.834926151172893,2120.006081668115,0.630755864465682,0.7167680278019114,2.75139009556907,0.09342824456590823,0.2919791534257023,0.321469429261472,0.2931231727469175,0.5319148936170213
683,988.0,1.870667793744717,0.0,0.0,7.30938292476754,2157.2781065088757,0.9010989010989011,0.9695688926458157,0.9562299239222316,0.08349716664739217,0.4253498323117844,0.27165490921706953,0.2194980918237539,0.5183009489380931
684,977.5535087719298,1.2543859649122806,0.0,0.0,7.8956140350877195,2055.5798245614037,0.6,0.6543859649122807,8.059894736842105,0.09198977891345406,0.43550716587045885,0.33140762137540275,0.14109543384068438,0.5216783216783217
685,971.7754590984975,1.006677796327212,0.0,0.0,6.924874791318865,2067.9766277128547,0.5091819699499165,0.4974958263772955,2.846093489148581,0.085824493731919,0.2819431051108968,0.3752410800385728,0.2569913211186114,0.494195688225539
686,939.3481543624162,1.2483221476510067,0.0,0.0,7.2869127516778525,2105.768456375839,0.5956375838926175,0.6526845637583892,0.6443204697986576,0.08093483766981349,0.3884411696983652,0.3206309002993323,0.20999309233248906,0.5228494623655914
687,934.6692982456141,2.0210526315789474,0.0,0.0,8.030701754385966,2116.757894736842,1.0078947368421052,1.013157894736842,5.054342105263157,0.0868377935554342,0.4373566357181868,0.31632987438558163,0.1594756963407974,0.5013020833333334
688,919.8428207306712,1.0892098555649958,0.0,0.0,6.734919286321156,2122.234494477485,0.5199660152931181,0.5692438402718777,2.4812574341546303,0.09385644001513814,0.2755140658508894,0.3475463605399268,0.2830831335940457,0.5226209048361935
689,957.8623376623376,1.070995670995671,0.0,0.0,7.902164502164502,2128.148051948052,0.5108225108225108,0.5601731601731602,0.8071774891774891,0.08535115591103319,0.41119754574339873,0.31839596800701214,0.18505533033855592,0.52303961196443
690,957.0346534653465,1.0206270627062706,0.0,0.0,8.146039603960396,2068.3630363036305,0.4570957095709571,0.5635313531353136,6.919216171617162,0.0819406462068267,0.44140585435024815,0.32614200344373545,0.1505114959991897,0.5521422797089733
691,932.9136960600375,1.9924953095684803,0.0,0.0,7.212945590994371,2134.1050656660414,1.0,0.9924953095684803,4.30045966228893,0.09481076863051112,0.3113538821693328,0.34724931720639873,0.2465860319937573,0.4981167608286252
692,954.2205128205128,0.8837606837606837,0.0,0.0,7.6008547008547005,2116.382905982906,0.488034188034188,0.3957264957264957,0.3461196581196581,0.08388620263128303,0.3846845833801867,0.32452490723040595,0.20690430675812438,0.44777562862669246
693,945.8472596585805,1.265947888589398,0.0,0.0,8.131176999101527,2102.6972147349506,0.6163522012578616,0.6495956873315364,5.4379155435759206,0.08729281767955802,0.4458563535911602,0.2740331491712707,0.19281767955801105,0.5131298793470547
694,965.560120240481,1.1753507014028055,0.0,0.0,7.277555110220441,2103.6553106212423,0.6032064128256514,0.5721442885771543,2.3622845691382763,0.09032080407545091,0.31226765799256506,0.38248657579512596,0.21492496213685805,0.48678601875532823
695,1005.695411392405,1.1234177215189873,0.0,0.0,7.3275316455696204,2131.8449367088606,0.5419303797468354,0.5814873417721519,0.8312262658227849,0.07741308572662492,0.3680630533362125,0.3402072986396027,0.2143165622975599,0.5176056338028169
696,945.6200466200467,1.153069153069153,0.0,0.0,7.473970473970474,2132.791763791764,0.526029526029526,0.627039627039627,6.815198135198135,0.08483210312922342,0.3956752261149808,0.3219669404303982,0.19752573032539766,0.543800539083558
697,925.0334608030593,1.7915869980879542,0.0,0.0,7.165391969407266,2153.486615678776,0.9407265774378585,0.8508604206500956,4.950630975143403,0.10486991327551701,0.3040693795863909,0.3571714476317545,0.23388925950633757,0.47491995731056563
698,948.466773418735,1.3098478783026422,0.0,0.0,7.762209767814252,2155.064851881505,0.6389111289031225,0.6709367493995196,1.4511609287429943,0.08251676121712223,0.39143888602372356,0.30562145435791643,0.22042289840123774,0.5122249388753056
699,950.5835453774386,1.3350296861747244,0.0,0.0,8.295165394402035,2103.629346904156,0.6505513146734521,0.6844783715012722,5.476030534351145,0.08425357873210634,0.403680981595092,0.34529652351738244,0.16676891615541922,0.5127064803049556
700,926.5798319327731,1.2907563025210085,0.0,0.0,7.197478991596639,2057.287394957983,0.634453781512605,0.6563025210084034,5.9244369747899155,0.08266199649737303,0.34605954465849387,0.34430823117338005,0.22697022767075306,0.5084635416666666
701,972.6386266094421,2.5416309012875535,0.0,0.0,7.897854077253219,2173.292703862661,1.2978540772532188,1.2437768240343348,1.101733905579399,0.08173024671231388,0.4106075426584067,0.32583414846212366,0.18182806216715575,0.48936170212765956
702,978.9578544061303,1.5793103448275863,0.0,0.0,7.708045977011494,2086.232950191571,0.7203065134099617,0.8590038314176245,7.593187739463602,0.0806243165324585,0.4067998807038473,0.31533949696788943,0.19723630579580476,0.5439107229500243
703,964.3760683760684,1.7340930674264008,0.0,0.0,6.776828110161444,2149.005698005698,0.8594491927825261,0.8746438746438746,2.047122507122507,0.09276905829596413,0.33716367713004486,0.2781670403587444,0.29190022421524664,0.5043811610076671
704,961.9316770186335,2.279503105590062,0.0,0.0,7.933747412008281,2146.0320910973087,1.124223602484472,1.15527950310559,1.9017080745341615,0.08546450939457202,0.4385438413361169,0.3323329853862213,0.14365866388308976,0.5068119891008175
705,965.9799035369775,1.7186495176848875,0.0,0.0,7.622186495176849,2108.9742765273313,0.8352090032154341,0.8834405144694534,5.071921221864952,0.08405399704703649,0.3782957182029108,0.3581522885467201,0.17949799620333262,0.5140318054256314
706,920.951376146789,1.5201834862385322,0.0,0.0,6.602752293577981,2110.743119266055,0.7412844036697248,0.7788990825688074,4.61705504587156,0.09851326941781298,0.26247047380853133,0.35181325552313464,0.28720300125052106,0.512371756185878
707,934.4054982817869,3.036082474226804,0.0,0.0,7.643470790378007,2208.4132302405496,1.5171821305841924,1.5189003436426116,0.7198367697594502,0.0830617061930988,0.41351017196807915,0.3174103630437226,0.18601775879509946,0.5002829654782116
708,921.3557312252965,1.709881422924901,0.0,0.0,7.9162055335968375,2097.7462450592884,0.825296442687747,0.8845849802371542,6.086418972332016,0.07809067305771919,0.4275014979029359,0.3127621330137807,0.1816456960255642,0.5173370319001387
709,915.1699115044248,1.2150442477876107,0.0,0.0,6.967256637168141,2076.8176991150444,0.6309734513274337,0.584070796460177,4.715477876106195,0.0824336339387781,0.306109488123968,0.3762225327067192,0.23523434523053474,0.4806991988346686
710,997.4693715194909,1.5568814638027049,0.0,0.0,7.7398568019093075,2129.9379474940333,0.7565632458233891,0.8003182179793158,1.3201431980906921,0.07626683112344537,0.4191592147188817,0.3352862575804296,0.1692876965772433,0.514052120592744
711,949.2227805695143,2.5360134003350083,0.0,0.0,7.872696817420436,2102.7680067001675,1.1658291457286432,1.3701842546063652,6.20283082077052,0.08702127659574468,0.39680851063829786,0.34914893617021275,0.16702127659574467,0.5402906208718626
712,962.4135687732341,1.9219330855018588,0.0,0.0,7.012081784386617,2108.5009293680296,0.9609665427509294,0.9609665427509294,4.3137453531598515,0.09396951623591783,0.28933068257123923,0.33571901921802516,0.28098078197481774,0.5
713,994.8946015424165,3.12853470437018,0.0,0.0,7.484147386461011,2170.017994858612,1.5089974293059125,1.6195372750642674,1.0060582690659812,0.08667277307075796,0.42191435768261965,0.27570414472177696,0.21570872452484544,0.5176663927691043
714,963.4067641681901,2.6828153564899453,0.0,0.0,8.126142595978061,2082.252285191956,1.2925045703839122,1.3903107861060329,9.248765996343693,0.09167604049493813,0.4454443194600675,0.33048368953880763,0.13239595050618672,0.5182282793867121
715,990.1627296587926,1.747156605424322,0.0,0.0,7.403324584426946,2081.1574803149606,0.9212598425196851,0.8258967629046369,3.2690901137357833,0.0894587567950839,0.27274875915859137,0.378633892696762,0.25915859134956276,0.4727090635953931
716,943.6746575342465,2.8553082191780823,0.0,0.0,7.529965753424658,2138.4503424657532,1.3570205479452055,1.4982876712328768,0.6651284246575343,0.08948266060261512,0.3847640704945992,0.3189312109152928,0.2068220579874929,0.5247376311844077
717,953.508064516129,3.9596774193548385,0.0,0.0,8.00089605734767,2110.1827956989246,1.8906810035842294,2.0689964157706093,6.312428315412187,0.0914996080188151,0.43129129801769517,0.317504759771531,0.15970433419195879,0.5225164064267934
718,901.9743824336688,3.5782250686184813,0.0,0.0,7.032936870997255,2132.0988106129917,1.7493138151875571,1.828911253430924,3.3073741994510524,0.0970469624040588,0.26759464030180824,0.36854429556393914,0.2668141017301938,0.5111224750703145
719,959.5381319622965,2.372750642673522,0.0,0.0,7.892887746358183,2123.5946872322193,1.1902313624678664,1.1825192802056554,0.660719794344473,0.0820757789599392,0.39745955922266857,0.33275431549234613,0.18771034632504613,0.49837486457204766
720,957.3636363636364,3.0274294670846396,0.0,0.0,8.025862068965518,2069.1849529780566,1.4459247648902822,1.5815047021943573,10.437327586206898,0.07841031149301826,0.44312078898545065,0.3314129479543013,0.14705595156722975,0.5223919233756148
721,939.0892337536372,3.4073714839961204,0.0,0.0,7.370514064015519,2196.011639185257,1.729388942774006,1.6779825412221145,3.165838991270611,0.09185419134096591,0.3103039873667588,0.359257797078563,0.23858402421371233,0.4924565898092798
722,892.5075456711676,2.2104845115170773,0.0,0.0,7.1826846703733125,2126.392374900715,1.1104050833995234,1.1000794281175537,0.2993248610007943,0.07574919827490877,0.3569611854473073,0.3506579674886653,0.21663164878911864,0.49766439094502335
723,918.1102661596958,3.1777566539923954,0.0,0.0,8.288973384030419,2119.077946768061,1.4895437262357414,1.688212927756654,5.85925855513308,0.0853211009174312,0.4322247706422018,0.2963302752293578,0.1861238532110092,0.5312593478911157
724,900.9263803680982,2.710633946830266,0.0,0.0,7.724948875255624,2093.463190184049,1.3916155419222904,1.3190184049079754,5.646758691206544,0.09966909331568498,0.32508272667107874,0.37657180675049634,0.1986763732627399,0.4866088268577895
725,913.4101531023368,2.5423045930701047,0.0,0.0,7.349717969379532,2134.4149879129736,1.1933924254633361,1.3489121676067688,0.8609024979854957,0.08091218068194277,0.36531082118188796,0.33735336037715163,0.21642363775901766,0.5305863708399366
726,880.2897923875432,2.3036332179930796,0.0,0.0,7.510380622837371,2149.962802768166,1.1496539792387543,1.1539792387543253,7.126721453287197,0.09202948629348076,0.39103893112186133,0.32538585579359597,0.19154572679106197,0.5009387908374014
727,878.5129224652087,2.8369781312127236,0.0,0.0,7.349900596421471,2157.002982107356,1.5139165009940359,1.323061630218688,3.069055666003976,0.09426562077360022,0.29145252907763053,0.39829591560724914,0.21598593454152015,0.46636299929922914
728,898.1341681574239,2.5813953488372094,0.0,0.0,7.793381037567084,2157.5107334525937,1.338103756708408,1.2432915921288015,1.1444096601073346,0.07976586709514519,0.41053598071846664,0.3136692298863767,0.19602892230001148,0.48163548163548164
729,917.2979253112034,2.6697095435684646,0.0,0.0,8.44896265560166,2117.8821576763485,1.2647302904564315,1.404979253112033,6.24192531120332,0.07877418721147235,0.4198998133778607,0.3474118455947353,0.15391415381593163,0.5262667081131489
730,941.4887690925427,2.01078167115903,0.0,0.0,7.539083557951482,2085.59478885894,1.0161725067385445,0.9946091644204852,6.137385444743935,0.0823501370516029,0.328923846978906,0.3720653080681683,0.21666070790132286,0.49463806970509383
731,967.4046997389034,3.52828546562228,0.0,0.0,7.91035683202785,2181.4003481288078,1.7824194952132288,1.7458659704090513,0.18667536988685815,0.08240730553416217,0.4106062273077346,0.3308394762900209,0.1761469908680823,0.49481993093241244
732,952.7020408163265,1.9412244897959183,0.0,0.0,7.921632653061224,2100.412244897959,0.9461224489795919,0.9951020408163266,5.984465306122449,0.0821310799670239,0.40869744435284416,0.3285243198680956,0.18064715581203628,0.5126156433978133
733,911.0647969052225,1.6924564796905222,0.0,0.0,6.967117988394584,2125.325918762089,0.8268858800773694,0.8655705996131529,2.54426499032882,0.09397556912826208,0.3467518045530261,0.2902554136590783,0.2690172126596335,0.5114285714285715
734,980.7206863679695,2.024785510009533,0.0,0.0,8.111534795042898,2190.294566253575,1.0219256434699715,1.0028598665395614,0.3395424213536702,0.08438124338935245,0.4289575743330591,0.3384651545422494,0.14819602773533905,0.4952919020715631
735,963.5125541125541,1.5956709956709956,0.0,0.0,7.944588744588745,2109.786147186147,0.8043290043290043,0.7913419913419913,7.374580086580086,0.08870967741935484,0.384590235396687,0.36279424585876197,0.16390584132519617,0.49593054801953335
736,906.0454545454545,1.4353146853146854,0.0,0.0,7.062937062937063,2134.9125874125875,0.7229020979020979,0.7124125874125874,3.8280944055944057,0.09084158415841584,0.2623762376237624,0.3707920792079208,0.275990099009901,0.49634591961023145
737,994.6701479547432,2.6788511749347257,0.0,0.0,7.673629242819843,2251.634464751958,1.3455178416013924,1.3333333333333333,0.2753959965187119,0.0842690257457185,0.40807530906203926,0.32301236248156967,0.18464330271067256,0.49772579597141
738,948.1387283236994,1.8224607762180016,0.0,0.0,8.000825763831545,2120.322047894302,0.9042113955408753,0.9182493806771264,6.7162923203963665,0.08184539168128806,0.4073691815460832,0.3298586025389617,0.18092682423366704,0.5038513819664703
739,998.977186311787,1.7690114068441065,0.0,0.0,7.370722433460076,2130.0104562737642,0.8479087452471483,0.9211026615969582,3.2418060836501903,0.08228011348981171,0.3002321382512252,0.3874129481557906,0.23007480010317255,0.5206878022568512
740,1058.3551637279597,1.5734676742233418,0.0,0.0,7.9076406381192275,2114.896725440806,0.7858942065491183,0.7875734676742233,3.0603106633081443,0.07252070503291569,0.43193884051815673,0.33414737736249733,0.16139307708643025,0.5005336179295624
741,1034.1408333333334,1.9391666666666667,0.0,0.0,8.128333333333334,2107.2108333333335,0.9341666666666667,1.005,6.4846,0.08222267787574329,0.394197252409268,0.35636661882304693,0.16721345089194176,0.5182638590459819
742,1054.721179624665,1.7059874888293118,0.0,0.0,7.184986595174263,2094.461126005362,0.8614834673815907,0.8445040214477212,5.720848972296694,0.088681592039801,0.3031094527363184,0.34701492537313433,0.26119402985074625,0.4950235725510739
743,1038.8471615720523,2.047161572052402,0.0,0.0,7.71528384279476,2165.595633187773,1.0593886462882096,0.9877729257641922,0.7945327510917031,0.08761602897894498,0.42132669232510755,0.2882046637989586,0.20285261489698891,0.4825085324232082
744,1013.4239423942395,1.8577857785778578,0.0,0.0,7.957695769576958,2075.6381638163816,0.9396939693969397,0.918091809180918,7.1214131413141315,0.08924329826942654,0.4264223504128492,0.34475738038683407,0.13957697093089017,0.4941860465116279
745,1069.156278229449,1.1156278229448962,0.0,0.0,7.430894308943089,2089.144534778681,0.6133694670280037,0.5022583559168925,2.9173622402890693,0.08533916849015317,0.27558959397033794,0.37904206175540966,0.2600291757840992,0.4502024291497976
746,1040.2229129662521,2.4822380106571935,0.0,0.0,7.604795737122558,2156.9014209591473,1.2566607460035524,1.2255772646536411,0.9851420959147424,0.08490015181595235,0.37790493985752655,0.3283895830900385,0.20880532523648254,0.4937388193202147
747,1051.8871268656717,3.478544776119403,0.0,0.0,8.153917910447761,2135.1735074626868,1.708955223880597,1.7695895522388059,5.148992537313433,0.08831941425466194,0.41025054341608513,0.33897723372611827,0.16245280860313466,0.5087154733172432
748,1031.9358626919602,2.906052393857272,0.0,0.0,7.00903342366757,2096.9078590785907,1.4218608852755195,1.4841915085817525,5.238130081300813,0.09163552004124242,0.2687201959015337,0.37027967521587835,0.26936460884134555,0.5107242772769661
749,1093.0124444444446,2.538666666666667,0.0,0.0,7.980444444444444,2126.3404444444445,1.2097777777777778,1.3288888888888888,0.9887288888888889,0.08153263533080864,0.4032078413900646,0.3320338605480062,0.1832256627311205,0.5234593837535014
750,1065.8785357737104,2.1888519134775373,0.0,0.0,8.05324459234609,2061.123960066556,1.0399334442595674,1.1489184692179701,9.423801996672212,0.08171487603305785,0.4230371900826446,0.35537190082644626,0.13987603305785123,0.5248954770049411
751,1060.220479704797,2.603321033210332,0.0,0.0,7.493542435424354,2117.3570110701107,1.3837638376383763,1.2195571955719557,5.680110701107011,0.08297427058968361,0.29385694940292995,0.3918503016127047,0.23131847839468178,0.4684620836286322
752,1057.4887348353552,2.065857885615251,0.0,0.0,7.598786828422877,2128.279896013865,1.0103986135181975,1.0554592720970537,0.7792114384748701,0.08222146196829741,0.37107994070019384,0.3429125327859505,0.20378606454555823,0.5109060402684564
753,1030.4744990892532,1.9845173041894353,0.0,0.0,8.182149362477231,2084.8542805100183,0.9927140255009107,0.9918032786885246,6.09091985428051,0.08715494211932324,0.4236420302760463,0.3030943900267142,0.1861086375779163,0.4997705369435521
754,1040.0062047569804,1.810754912099276,0.0,0.0,7.350568769389866,2094.93588417787,0.9513960703205792,0.859358841778697,4.2611478800413645,0.09186831738885763,0.3092290377039955,0.39715813168261116,0.20174451322453574,0.47458595088520844
755,1047.0867143993635,1.7971360381861574,0.0,0.0,7.276849642004773,2117.914876690533,0.9005568814638027,0.8965791567223548,0.4931980906921241,0.07598119602055318,0.35552640209904884,0.34164206843773914,0.22685033344265879,0.49889331562638334
756,1024.764953664701,2.125526537489469,0.0,0.0,7.384161752316765,2084.502948609941,1.0539174389216512,1.071609098567818,8.173807919123842,0.08910439247005134,0.380718767826583,0.3200228180262407,0.21015402167712494,0.5041617122473246
757,1024.5122199592668,3.4969450101832993,0.0,0.0,7.228105906313646,2135.856415478615,1.7118126272912424,1.7851323828920571,3.4357433808553974,0.09721048182586645,0.2783882783882784,0.3826429980276134,0.24175824175824176,0.5104834012813046
758,1024.3603002502084,3.2577147623019185,0.0,0.0,7.578815679733111,2131.0733944954127,1.6263552960800667,1.6313594662218516,1.7677731442869058,0.07769340816551117,0.39870144161989657,0.3137449103114339,0.20986023990315836,0.500768049155146
759,990.8460251046025,2.2267782426778244,0.0,0.0,8.094560669456067,2105.697071129707,1.0736401673640168,1.1531380753138076,6.538644351464435,0.0793962576243151,0.39553396050863227,0.3720665770701954,0.15300320479685722,0.5178504321683578
760,1029.4302973977694,1.5697026022304832,0.0,0.0,7.29182156133829,2098.6421933085503,0.766728624535316,0.8029739776951673,6.716254646840149,0.09163905174611267,0.31289829212337494,0.36273260260005097,0.2327300535304614,0.5115452930728241
761,1029.6697171381031,2.3985024958402663,0.0,0.0,7.603161397670549,2187.0257903494175,1.2312811980033278,1.1672212978369385,0.3602911813643927,0.08283181967392493,0.40256045519203415,0.33110843637159426,0.18349928876244664,0.48664585501214014
762,993.8632268632268,1.9664209664209664,0.0,0.0,7.758394758394759,2142.855036855037,0.9844389844389845,0.9819819819819819,6.642260442260442,0.08656180724163412,0.3975509342341391,0.3295682465955875,0.18631901192863928,0.4993752603082049
763,993.5975836431227,2.100371747211896,0.0,0.0,7.29368029739777,2129.946096654275,1.0650557620817844,1.0353159851301115,4.283968401486989,0.09620285423037717,0.35423037716615696,0.30300713557594294,0.24655963302752293,0.4929203539823009
764,1022.9220272904483,2.1130604288499026,0.0,0.0,7.9035087719298245,2155.6686159844053,1.0175438596491229,1.0955165692007798,1.1728265107212477,0.09643605870020965,0.43568874090516707,0.3066962634110248,0.16117893698359848,0.518450184501845
765,992.6913996627319,1.6871838111298483,0.0,0.0,7.63575042158516,2077.473018549747,0.8355817875210793,0.851602023608769,7.4452192242833055,0.08867049469964665,0.36925795053003535,0.3624116607773852,0.17965989399293286,0.5047476261869065
766,1021.3131132917039,1.8269402319357717,0.0,0.0,6.793933987511151,2113.4620874219445,0.9045495093666369,0.9223907225691347,4.343131132917038,0.0938813025210084,0.2816439075630252,0.34978991596638653,0.27468487394957986,0.5048828125
767,995.414517669532,2.6542502387774594,0.0,0.0,7.930276981852913,2216.2120343839542,1.3142311365807067,1.3400191021967527,1.0446418338108883,0.09321931831868,0.44176803564976513,0.2965193303625196,0.16849331566903528,0.5048578625404821
768,978.223259762309,2.404923599320883,0.0,0.0,8.105263157894736,2118.8548387096776,1.1926994906621393,1.2122241086587435,6.7045840407470285,0.08378718056137412,0.4116045245077503,0.32750314201927105,0.17710515291160453,0.5040593010942463
769,980.5916370106762,1.606761565836299,0.0,0.0,7.342526690391459,2142.7286476868326,0.849644128113879,0.7571174377224199,3.3603914590747332,0.08578698655034533,0.29758875560402276,0.402641463710166,0.2139827941354659,0.47120708748615725
770,1019.0305862361937,1.814783347493628,0.0,0.0,8.016142735768904,2150.945624468989,0.8903993203058623,0.9243840271877655,1.9069158878504673,0.07885532591414944,0.4120826709062003,0.34022257551669316,0.16883942766295706,0.5093632958801498
771,971.0730897009967,2.676079734219269,0.0,0.0,7.923588039867109,2152.296511627907,1.302325581395349,1.3737541528239203,5.900191029900332,0.08731656184486374,0.38752620545073374,0.34737945492662475,0.17777777777777778,0.5133457479826194
772,966.0978260869565,1.4219367588932805,0.0,0.0,6.888339920948616,2106.9792490118575,0.682806324110672,0.7391304347826086,2.0715316205533596,0.0988380433223354,0.2844642088652991,0.34098407688997273,0.2757136709223928,0.5198054204308548
773,989.4268292682926,2.3945993031358883,0.0,0.0,7.437282229965157,2147.7630662020906,1.136759581881533,1.2578397212543555,0.11640243902439026,0.08350901850550481,0.4208245490747248,0.2928086202857812,0.20285781213398923,0.5252819206984358
774,987.232245681382,1.345489443378119,0.0,0.0,8.31957773512476,2066.6401151631476,0.6573896353166987,0.6880998080614203,8.668282149712093,0.0905525435459684,0.42069442842311683,0.34456107970930905,0.14419194832160573,0.5114122681883024
775,992.8283858998145,0.9972170686456401,0.0,0.0,7.3311688311688314,2097.200371057514,0.5139146567717996,0.48330241187384043,0.5891743970315398,0.08389219283816272,0.2805263823864355,0.363659369859547,0.27192205491585475,0.4846511627906977
776,959.9901521933751,1.908683974932856,0.0,0.0,7.454789615040286,2130.484333034915,0.9301700984780662,0.9785138764547896,1.136848701880036,0.082382610784196,0.3900564428966014,0.3339738201032785,0.1935871262159241,0.5126641651031895
777,965.967043314501,2.2721280602636535,0.0,0.0,8.10075329566855,2105.7806026365347,1.1261770244821092,1.1459510357815443,5.56012241054614,0.09124723933511565,0.42031849354876205,0.3355806114146228,0.15285365570149947,0.5043514297554911
778,943.3293577981651,1.6889908256880735,0.0,0.0,7.064220183486238,2125.2247706422017,0.8330275229357799,0.8559633027522936,2.7556422018348625,0.09285714285714286,0.2720779220779221,0.37506493506493505,0.26,0.5067897881586094
779,954.835769561479,1.232158211521926,0.0,0.0,7.707652622527945,2118.239036973345,0.6397248495270851,0.592433361994841,0.17411865864144455,0.07809013833110219,0.39078536367692995,0.34437751004016065,0.18674698795180722,0.48080949057920447
780,952.8830409356725,1.5655806182121972,0.0,0.0,8.019214703425229,2067.3659147869676,0.7794486215538847,0.7861319966583125,8.00375104427736,0.08323783727471612,0.4297322637774768,0.3399312428377956,0.14709865611001147,0.5021344717182498
781,964.008875739645,1.995069033530572,0.0,0.0,7.28698224852071,2135.51775147929,0.960552268244576,1.0345167652859961,2.070976331360947,0.08079577750710516,0.30125862768980916,0.35661117877926646,0.2613344160238192,0.518536826495304
782,957.360205831904,1.3996569468267581,0.0,0.0,7.351629502572899,2120.0137221269297,0.6680960548885078,0.7315608919382505,-0.14509433962264148,0.07956136257582828,0.37144190387307513,0.3204619692020532,0.2285347643490434,0.522671568627451
783,942.1184701492538,2.246268656716418,0.0,0.0,7.950559701492537,2105.374067164179,1.1147388059701493,1.1315298507462686,5.552360074626866,0.08952246861433767,0.4295435879385193,0.2772497946732371,0.2036841487739059,0.5037375415282392
784,981.152688172043,1.5075268817204301,0.0,0.0,7.419354838709677,2106.610752688172,0.7784946236559139,0.7290322580645161,1.8171182795698926,0.10028985507246377,0.312463768115942,0.3581159420289855,0.2291304347826087,0.48359486447931527
785,961.6974137931035,1.5474137931034482,0.0,0.0,7.185344827586207,2104.9724137931034,0.7775862068965518,0.7698275862068965,0.8718103448275861,0.08158368326334733,0.3742051589682064,0.32237552489502097,0.2218356328734253,0.49749303621169916
786,950.5371179039302,2.8209606986899565,0.0,0.0,7.634061135371179,2108.347598253275,1.314410480349345,1.5065502183406114,5.3545327510917025,0.09083628875414712,0.3894291271021622,0.3164397666170919,0.20329481752659878,0.5340557275541795
787,949.1495124593716,2.975081256771398,0.0,0.0,7.357529794149513,2127.937161430119,1.5005417118093174,1.4745395449620802,2.6644962080173347,0.10793697540862907,0.2980415255485201,0.35193638639375646,0.24208511264909438,0.4956300072833212
788,958.7114337568058,2.455535390199637,0.0,0.0,7.909255898366606,2111.667876588022,1.1633393829401089,1.2921960072595282,1.914029038112523,0.08329508949059201,0.4105094079853144,0.2927948600275356,0.21340064249655805,0.5262379896526238
789,944.563055062167,1.5239786856127886,0.0,0.0,8.3348134991119,2084.961811722913,0.7282415630550622,0.7957371225577264,5.183055062166963,0.0865210442194992,0.40085242408098026,0.3518380394246137,0.16078849227490677,0.5221445221445221
790,953.5164092664093,1.0994208494208495,0.0,0.0,7.517374517374518,2065.6467181467183,0.5617760617760618,0.5376447876447876,4.446525096525097,0.09116589625064202,0.33808423215202876,0.3502824858757062,0.220467385721623,0.4890254609306409
791,973.6716814159292,2.0371681415929204,0.0,0.0,7.836283185840708,2125.6,1.0221238938053097,1.0150442477876107,-0.024548672566371665,0.08198757763975155,0.4182947487295313,0.32140033879164315,0.17831733483907397,0.498262380538662
792,987.9730902777778,1.7144097222222223,0.0,0.0,7.981770833333333,2084.53125,0.8298611111111112,0.8845486111111112,5.477491319444444,0.08776508972267537,0.40435019032082653,0.3261555193039695,0.18172920065252854,0.5159493670886076
793,974.6724137931035,1.8825431034482758,0.0,0.0,7.635775862068965,2101.073275862069,0.9428879310344828,0.9396551724137931,3.8019288793103447,0.10146768275472763,0.35817104149026247,0.2864803838554897,0.2538808918995202,0.499141385231826
794,974.7882836587872,1.448098663926002,0.0,0.0,8.063720452209662,2095.3648509763616,0.7050359712230215,0.7430626927029804,2.3426515930113054,0.09431557481519245,0.4338516441498853,0.3099668620953352,0.16186591893958704,0.5131298793470547
795,974.7675044883304,1.622980251346499,0.0,0.0,7.629263913824057,2055.5385996409336,0.8491921005385996,0.7737881508078994,5.678222621184919,0.09459936463113307,0.35968937522061417,0.3723967525591246,0.17331450758912814,0.47676991150442477
796,983.584789311408,1.3586844809866392,0.0,0.0,6.6536485097636175,2070.8221993833504,0.7471736896197327,0.6115107913669064,3.1149640287769786,0.09823911028730306,0.26768612913191225,0.3514056224899598,0.28266913809082483,0.45007564296520425
797,983.3177925784967,2.7021883920076117,0.0,0.0,7.46336822074215,2124.8268315889627,1.378686964795433,1.3235014272121788,0.7183824928639391,0.08312085670576237,0.42134115247322795,0.30787863335033144,0.18765935747067822,0.4897887323943662
798,963.5542388331814,2.3819507748404742,0.0,0.0,7.894257064721969,2090.3865086599817,1.145852324521422,1.236098450319052,6.20619872379216,0.08891454965357967,0.40681293302540417,0.323094688221709,0.18117782909930716,0.5189437428243399
799,971.1894317048854,1.9860418743768693,0.0,0.0,7.0269192422731805,2076.830508474576,1.0239282153539382,0.9621136590229312,2.9557328015952145,0.09364358683314415,0.30192962542565266,0.3629398410896708,0.24148694665153234,0.48443775100401604
800,981.3587939698492,2.8613065326633165,0.0,0.0,8.158793969849246,2084.2824120603013,1.3597989949748743,1.5015075376884421,0.647035175879397,0.08376447400837644,0.456270017245627,0.3155949741315595,0.14437053461443705,0.5247629083245522
801,976.3384895359418,2.754322111010009,0.0,0.0,8.099181073703367,2061.0864422202003,1.4112829845313921,1.343039126478617,4.1571792538671515,0.08695652173913043,0.3914166947533985,0.3409729243905179,0.18065385911695314,0.48761149653121905
802,949.3284671532847,2.537017726798749,0.0,0.0,7.154327424400417,2055.8571428571427,1.3430656934306568,1.1939520333680917,4.678269030239833,0.10144293834717971,0.3068065879609386,0.325171257834135,0.2665792158577467,0.4706124126592684
803,1012.148393194707,2.09640831758034,0.0,0.0,7.570888468809073,2080.415879017013,1.0680529300567108,1.0283553875236295,-0.054092627599243874,0.09076154806491885,0.44157303370786516,0.2595505617977528,0.20811485642946317,0.4905320108205591
804,977.4262114537445,1.7819383259911894,0.0,0.0,7.921806167400881,2027.1563876651983,0.9008810572687225,0.8810572687224669,5.679526431718062,0.10440706242179897,0.4291672459335465,0.32726261643264287,0.13916307521201168,0.49443757725587145
805,966.4430107526882,1.4924731182795699,0.0,0.0,6.90752688172043,2058.037634408602,0.7354838709677419,0.7569892473118279,2.541709677419355,0.10569738480697385,0.27179327521793273,0.3451120797011208,0.2773972602739726,0.5072046109510087
806,968.8807615230461,2.5250501002004007,0.0,0.0,7.356713426853707,2070.880761523046,1.1623246492985972,1.3627254509018036,1.625501002004008,0.09193680196131844,0.42127485698719697,0.29733042767638246,0.18945791337510215,0.5396825396825397
807,1022.1074950690336,2.633136094674556,0.0,0.0,8.164694280078896,2054.65483234714,1.252465483234714,1.3806706114398422,5.270197238658777,0.09638845271168016,0.4191327455006643,0.33216572049764465,0.15231308129001087,0.5243445692883895
808,991.0153374233129,3.005112474437628,0.0,0.0,6.899795501022495,2089.4437627811863,1.5286298568507157,1.4764826175869121,3.4017791411042944,0.11025489033787789,0.2615589804386485,0.3525489033787789,0.27563722584469474,0.4913235794487921
809,995.7300492610838,3.233497536945813,0.0,0.0,7.920197044334976,2099.8137931034485,1.5901477832512316,1.6433497536945814,0.018729064039408858,0.08719990048513497,0.4259236223410872,0.32006468466227145,0.1668117925115064,0.5082266910420475
810,985.7567567567568,2.094158674803836,0.0,0.0,7.983435047951177,2034.5056669572798,1.049694856146469,1.0444638186573671,8.315422842197037,0.08507152997706673,0.43158239598121656,0.3331877252375232,0.15015834880419351,0.4987510407993339
811,1032.0573170731707,3.1878048780487807,0.0,0.0,6.9817073170731705,2091.559756097561,1.425609756097561,1.7621951219512195,0.3136097560975611,0.0988646288209607,0.31912663755458515,0.3414847161572052,0.2405240174672489,0.5527926549349655
812,1002.7935258092739,1.8232720909886264,0.0,0.0,7.273840769903762,2086.774278215223,0.8162729658792651,1.0069991251093613,0.5406474190726159,0.07770026461390425,0.38501323069521287,0.33858551840269424,0.1987009862881886,0.5523032629558541
813,989.4455252918287,2.2013618677042803,0.0,0.0,7.824902723735408,2061.227626459144,1.0525291828793775,1.1488326848249026,5.485155642023346,0.09622078567876678,0.4236698160119344,0.2958727001491795,0.18423669816011934,0.521873619089704
814,1000.121546961326,1.7480662983425415,0.0,0.0,7.469613259668508,2073.9049723756907,0.850828729281768,0.8972375690607735,1.6323756906077347,0.10798816568047337,0.3224852071005917,0.37988165680473374,0.1896449704142012,0.5132743362831859
815,1032.1533039647577,2.3127753303964758,0.0,0.0,7.361233480176211,2113.2907488986784,1.2052863436123349,1.1074889867841409,-0.2068105726872247,0.0810293237582286,0.38216636744464394,0.340394973070018,0.1964093357271095,0.47885714285714287
816,990.9545859305432,2.2956366874443455,0.0,0.0,7.514692787177204,2070.2493321460374,1.0970614425645593,1.1985752448797864,6.875271593944791,0.09396847967768693,0.3865386894181775,0.3204171110321128,0.19907571987202274,0.5221101629169899
817,1008.1069915254237,2.9586864406779663,0.0,0.0,7.09957627118644,2119.3591101694915,1.409957627118644,1.548728813559322,2.131472457627119,0.10608773500447627,0.2945389435989257,0.3640704267382871,0.23530289465831095,0.5234514858575009
818,1008.6043859649122,3.276315789473684,0.0,0.0,7.545614035087719,2119.5280701754386,1.5421052631578946,1.7342105263157894,2.18259649122807,0.08323645663799116,0.4040920716112532,0.30295280167402927,0.20971867007672634,0.5293172690763053
819,1016.8309260832625,3.2285471537807986,0.0,0.0,8.134239592183517,2105.119796091759,1.560747663551402,1.6677994902293967,3.918360237892948,0.08261959473574264,0.3975349905995404,0.36421558387298936,0.1556298307917276,0.516578947368421
820,1003.7325256290774,2.082013047530289,0.0,0.0,7.131407269338304,2137.9701770736256,1.0876048462255359,0.994408201304753,4.769384902143523,0.09213277574490329,0.32135389440669104,0.3716675378985886,0.21484579194981704,0.4776186213070725
821,1053.6716027874565,3.4886759581881535,0.0,0.0,7.716898954703833,2137.6367595818815,1.7003484320557491,1.788327526132404,0.45328397212543553,0.08319223388644316,0.40162546562817475,0.3247544869624111,0.190427813522971,0.5126092384519351
822,1022.161825726141,2.1883817427385894,0.0,0.0,7.634024896265561,2071.8547717842325,1.0547717842323652,1.133609958506224,4.98597510373444,0.0880530492444831,0.3887379062941624,0.33307968257419285,0.19012936188716165,0.5180128934395146
823,996.2529858849077,2.471226927252986,0.0,0.0,6.952225841476656,2154.4191096634095,1.3072747014115091,1.1639522258414767,2.2654505971769816,0.10120256129939091,0.3342183351553959,0.3089176948305482,0.25566140871466503,0.4710017574692443
824,1037.197757390418,1.8623853211009174,0.0,0.0,7.982670744138634,2151.6340468909275,0.9296636085626911,0.9327217125382263,0.07445463812436288,0.08989911888647682,0.4193589579874856,0.3255012131273145,0.16524070999872303,0.5008210180623974
825,1046.5261075949368,1.6859177215189873,0.0,0.0,7.3789556962025316,2081.1400316455697,0.8164556962025317,0.8694620253164557,7.122927215189875,0.08448590114720703,0.36206711697223115,0.3583145706014796,0.19513241127908224,0.5157203190990145
826,1014.6746987951807,1.4365152919369786,0.0,0.0,6.688600556070436,2096.978683966636,0.7479147358665431,0.6886005560704356,4.7828452270620945,0.09962588333102397,0.27033393376749343,0.34543439102119994,0.2846057918802827,0.47935483870967743
827,1023.7064220183486,2.5844036697247708,0.0,0.0,7.830275229357798,2169.1366972477063,1.3137614678899083,1.2706422018348624,-0.2617064220183486,0.08482718219097833,0.42214411247803163,0.317867603983597,0.1751611013473931,0.4916577919772808
828,988.6507666098807,2.323679727427598,0.0,0.0,7.745315161839864,2081.2580919931856,1.2137989778534923,1.1098807495741057,4.881856899488927,0.08578027053777632,0.40063785329374246,0.32926426921807983,0.18431760695040142,0.4776392961876833
829,1014.9184834123223,1.8815165876777251,0.0,0.0,7.074881516587678,2097.0255924170615,0.9535545023696682,0.9279620853080569,2.623042654028436,0.08453912111468381,0.2877813504823151,0.40836012861736337,0.21931939978563772,0.49319899244332494
830,1004.7034358047016,1.8544303797468353,0.0,0.0,8.040687160940326,2124.228752260398,0.9168173598553345,0.9376130198915009,1.532775768535262,0.08152479478241313,0.43404925222084784,0.32171370741032274,0.16271224558641628,0.5056070209653828
831,999.1164965986394,1.7712585034013606,0.0,0.0,7.907312925170068,2097.1649659863947,0.8460884353741497,0.9251700680272109,6.320229591836735,0.08699860200021507,0.3840197870738789,0.35735025271534576,0.17163135821056028,0.5223235717714835
832,998.5940409683426,1.0297951582867784,0.0,0.0,7.037243947858473,2059.1769087523276,0.5167597765363129,0.5130353817504656,5.895726256983241,0.09936491135220958,0.3094734056628738,0.31608891241069065,0.27507277057422597,0.49819168173598555
833,1048.2316433566434,2.370629370629371,0.0,0.0,7.596153846153846,2115.131993006993,1.19493006993007,1.1756993006993006,0.8361188811188811,0.09228998849252014,0.4185270425776755,0.2792865362485616,0.2098964326812428,0.49594395280235987
834,1011.5014164305949,2.305004721435316,0.0,0.0,8.385269121813032,2063.3305004721437,1.1813031161473089,1.1237016052880076,8.32540132200189,0.09121621621621621,0.4257882882882883,0.3365990990990991,0.1463963963963964,0.4875051208521098
835,1015.4503753127607,2.0708924103419517,0.0,0.0,7.112593828190159,2062.7314428690574,1.0758965804837364,0.9949958298582152,5.448974145120934,0.09169793621013134,0.2803705440900563,0.3714821763602251,0.25644934333958724,0.4804671768022553
836,1041.8197278911564,2.0314625850340136,0.0,0.0,7.344387755102041,2106.892006802721,1.0025510204081634,1.0289115646258504,1.0918962585034013,0.0876461734398518,0.38612944309366676,0.3085562116475628,0.2176681718189186,0.5064880703223106
837,1033.4457504520797,2.4891500904159134,0.0,0.0,8.14737793851718,2086.7034358047017,1.1618444846292948,1.3273056057866184,4.512034358047017,0.09222061924314727,0.3977361003218289,0.3433581178559538,0.16668516257907,0.5332364693062114
838,994.8649373881932,1.7164579606440071,0.0,0.0,6.804114490161002,2081.9203935599285,0.9186046511627907,0.7978533094812165,3.736359570661896,0.09530695412120416,0.2644932299198107,0.3595372683055081,0.28066254765347703,0.4648254299114122
839,1020.5915238954012,2.032461677186655,0.0,0.0,7.834986474301172,2105.233543733093,1.0090171325518484,1.0234445446348062,1.1010459873760143,0.08700656001841409,0.4068362297157325,0.31442053170675566,0.1917366785590977,0.5035492457852706
840,1023.1390460792239,2.3346806790622474,0.0,0.0,8.06628940986257,2044.0848827809216,1.1083265966046887,1.2263540824575585,9.494761519805982,0.08037682902385247,0.43515734616155544,0.3316295850871918,0.1528362397274003,0.5252770083102493
841,1030.0089365504914,1.8310991957104559,0.0,0.0,7.0974084003574625,2074.9258266309203,0.8963360142984808,0.934763181411975,3.5804378909740837,0.08196927726013599,0.2938806346008562,0.3698060941828255,0.25434399395618235,0.5104929233772572
842,1025.8317914213626,1.7779646761984862,0.0,0.0,7.393608074011775,2096.1152228763667,0.862910008410429,0.9150546677880572,1.3004878048780488,0.08281196678421113,0.3681037424638835,0.3201001023774315,0.2289841883744739,0.5146641438032167
843,1024.3737024221452,2.291522491349481,0.0,0.0,7.653114186851211,2066.8460207612457,1.0622837370242215,1.2292387543252594,6.417690311418686,0.08873064315587205,0.4231943031536114,0.2781733921103199,0.20990166158019669,0.5364288410721026
844,1026.1109852774632,2.242355605889015,0.0,0.0,7.320498301245753,2116.3329558323894,1.089467723669309,1.1528878822197055,0.15843714609286522,0.09127475247524752,0.3035272277227723,0.37886757425742573,0.22633044554455445,0.5141414141414141
845,1037.2149695387293,2.432550043516101,0.0,0.0,7.413402959094865,2100.845953002611,1.1914708442123585,1.2410791993037424,-0.13391644908616188,0.077835172575722,0.3699225170227753,0.3269546841981686,0.22528762620333412,0.5101967799642219
846,1007.8389610389611,2.1463203463203464,0.0,0.0,7.75930735930736,2078.7012987012986,1.077922077922078,1.0683982683982685,7.547324675324675,0.09105110466413747,0.3836197277393439,0.3124302611024325,0.21289890649408613,0.4977813634530052
847,1007.4041237113402,2.07319587628866,0.0,0.0,7.17319587628866,2115.460824742268,1.120618556701031,0.9525773195876288,2.1806494845360826,0.09672319632078183,0.2941937338315608,0.35671169876401265,0.2523713710836447,0.4594728990551964
848,999.9690721649484,2.814432989690722,0.0,0.0,7.405498281786942,2134.3788659793813,1.465635738831615,1.3487972508591066,-0.17035223367697597,0.07784222737819026,0.4122969837587007,0.2863109048723898,0.22354988399071926,0.47924297924297926
849,993.6350752878653,2.0593445527015057,0.0,0.0,8.343666961913197,2060.4419840566875,0.9300265721877768,1.129317980513729,5.516457041629761,0.08577494692144373,0.39596602972399153,0.35392781316348193,0.1643312101910828,0.5483870967741935
850,1013.3290793072015,1.4348222424794894,0.0,0.0,7.593436645396536,2053.6982680036463,0.6636280765724704,0.7711941659070192,5.0487511394712845,0.08379351740696278,0.3292917166866747,0.3546218487394958,0.23229291716686676,0.5374841168996188
851,1019.0468197879859,2.8913427561837457,0.0,0.0,7.771201413427562,2113.9593639575974,1.392226148409894,1.4991166077738516,0.8469876325088339,0.08286915994088893,0.4025235875866773,0.327384335568944,0.18722291690348983,0.5184845707302169
852,998.7388797364085,2.173805601317957,0.0,0.0,7.780889621087315,2054.837726523888,1.0749588138385502,1.098846787479407,5.492545304777595,0.08416260851153927,0.38492483590937965,0.331463053144188,0.19944950243489307,0.5054945054945055
853,989.4334600760457,2.443916349809886,0.0,0.0,7.313688212927756,2072.490494296578,1.1977186311787071,1.2461977186311788,4.654895437262358,0.09682869768650897,0.33077722900961787,0.2882765791525864,0.28411749415128673,0.5099183197199533
854,1025.9453345900095,2.1875589066918,0.0,0.0,7.848256361922714,2075.7973609802075,1.0216776625824693,1.165881244109331,2.1616399622997173,0.09006845202353789,0.42800528401585203,0.3087546535366879,0.17317161042392218,0.5329599310641965
855,998.1091350040421,2.0468876313662085,0.0,0.0,7.385610347615198,2053.101859337106,0.9240097008892482,1.1228779304769605,5.85215844785772,0.08887915936952714,0.3476357267950963,0.3614273204903678,0.20205779334500876,0.5485781990521327
856,982.4488416988416,1.4054054054054055,0.0,0.0,6.841698841698841,2067.4102316602316,0.7065637065637066,0.6988416988416989,3.5069498069498066,0.09452595936794582,0.2628386004514673,0.34720654627539504,0.2954288939051919,0.49725274725274726
857,1037.6381578947369,4.415413533834586,0.0,0.0,7.7218045112781954,2142.464285714286,2.0385338345864663,2.3768796992481205,0.37942669172932336,0.0877555988315482,0.41662609542356377,0.3023369036027264,0.19328140214216163,0.5383141762452107
858,1014.374681393373,2.970263381478335,0.0,0.0,8.029736618521666,2070.135089209856,1.3338997451146983,1.6363636363636365,7.543075615972813,0.0867633054703206,0.39911120516347476,0.32970056078721827,0.18442492857898635,0.5509153318077803
859,1076.1919686581782,2.4965719882468167,0.0,0.0,7.620959843290891,2080.3232125367285,1.2654260528893242,1.2311459353574927,4.481714005876592,0.08777792057576148,0.2806837167459195,0.398406374501992,0.23313198817632694,0.49313456257355825
860,1079.704721030043,2.193991416309013,0.0,0.0,7.925321888412017,2096.1244635193134,1.046351931330472,1.1476394849785407,1.342137339055794,0.08220513375934149,0.43279540777645403,0.3217805696956569,0.1632188887685476,0.5230829420970265
861,1041.262353998203,2.4465408805031448,0.0,0.0,8.20575022461815,2077.640610961366,1.1958670260557054,1.2506738544474394,5.009056603773585,0.0884703821307347,0.3873864009635388,0.35322457023978976,0.1709186466659367,0.51120088138083
862,1089.0248550124275,2.016570008285004,0.0,0.0,7.2750621375310685,2066.2560066280034,0.9502899751449876,1.0662800331400166,3.3807042253521127,0.08552556656417265,0.31044300193599816,0.33413050905363856,0.2699009224461906,0.528759244042728
863,1111.8621877691646,1.9035314384151594,0.0,0.0,7.700258397932816,2090.012919896641,0.9491817398794143,0.954349698535745,-0.09062876830318688,0.08702460850111857,0.4174496644295302,0.2682326621923937,0.2272930648769575,0.5013574660633484
864,1096.2728989612842,1.793201133144476,0.0,0.0,8.081208687440983,2027.0830972615674,0.8649669499527857,0.9282341831916903,8.096128423040604,0.09114279037158214,0.4265015190465062,0.32659499883150267,0.15576069175040896,0.5176408636124276
865,1120.9698314108252,1.6069210292812777,0.0,0.0,7.112688553682342,2079.200532386868,0.8163265306122449,0.7905944986690329,3.1346228926353152,0.09630738522954092,0.2754491017964072,0.36364770459081835,0.26459580838323354,0.4919933738266151
866,1120.6512027491408,2.020618556701031,0.0,0.0,7.353951890034364,2123.8505154639174,1.0025773195876289,1.018041237113402,0.20373711340206183,0.08936915887850468,0.3755841121495327,0.3106308411214953,0.2244158878504673,0.5038265306122449
867,1123.5893854748604,1.8472998137802608,0.0,0.0,8.11266294227188,2093.0148975791435,0.87243947858473,0.9748603351955307,4.3705214152700185,0.09112819924251118,0.4010099850797659,0.3311144267186962,0.17674738895902675,0.5277217741935484
868,1066.480211081794,1.2436235708003518,0.0,0.0,6.863676341248901,2079.97273526825,0.6165347405452947,0.6270888302550571,4.7734916446789795,0.08918503331624808,0.25486929779600204,0.3622501281394157,0.2936955407483342,0.5042432814710043
869,1122.2571684587813,1.6702508960573477,0.0,0.0,8.084229390681003,2123.1594982078855,0.8584229390681004,0.8118279569892473,-0.34987455197132616,0.08357348703170028,0.39569940146309024,0.32875193970294836,0.19197517180226115,0.48605150214592274
870,1081.7099494097808,1.9139966273187183,0.0,0.0,8.130691399662732,2062.818718381113,0.9333895446880269,0.9806070826306914,7.870455311973019,0.08150990355698434,0.43295654879186973,0.3373431504718449,0.14819039717930105,0.5123348017621145
871,1071.473,1.434,0.0,0.0,7.355,2083.204,0.702,0.732,3.12419,0.09095853161114888,0.28538409245411284,0.36587355540448674,0.2577838205302515,0.5104602510460251
872,1059.022481265612,1.4987510407993339,0.0,0.0,7.570358034970858,2099.2880932556204,0.7377185678601166,0.7610324729392173,0.8950957535387177,0.08260008798944127,0.36680598328200614,0.3331500219973603,0.21744390673119227,0.5077777777777778
873,1064.6144688644688,1.4935897435897436,0.0,0.0,8.22985347985348,2068.022893772894,0.7097069597069597,0.7838827838827839,6.4009890109890115,0.08768220763324802,0.42127517525314345,0.2812952041838211,0.20974741292978746,0.5248313917841815
874,1068.8887733887734,1.32016632016632,0.0,0.0,7.416839916839917,2046.9927234927236,0.6943866943866944,0.6257796257796258,6.663731808731809,0.09824807288016818,0.31885073580939033,0.37869656622284514,0.20420462508759635,0.47401574803149604
875,1072.9038619556286,1.5201314708299096,0.0,0.0,7.705012325390304,2101.315529991783,0.7452752670501233,0.7748562037797864,1.516113393590797,0.0811560200490562,0.37058760797696494,0.3376346379439053,0.2106217340300736,0.5097297297297297
876,1027.642857142857,1.475609756097561,0.0,0.0,7.897212543554007,2069.6585365853657,0.7229965156794426,0.7526132404181185,5.4921602787456445,0.08824178248400617,0.3783366424001765,0.3197661592764174,0.21365541583939995,0.5100354191263282
877,1071.107283464567,1.670275590551181,0.0,0.0,7.3641732283464565,2087.896653543307,0.8661417322834646,0.8041338582677166,1.8551574803149609,0.09810211173483026,0.2960438385458434,0.36180165731087943,0.24405239240844695,0.48143783146729524
878,1026.9700748129676,1.9850374064837906,0.0,0.0,7.484621778886118,2103.32502078138,0.9850374064837906,1.0,1.2050955943474646,0.08029764549089294,0.4028209684584629,0.2990892936472679,0.21779209240337627,0.5037688442211056
879,1039.8797417271994,1.539951573849879,0.0,0.0,8.19128329297821,2071.9693301049233,0.6747376916868443,0.8652138821630347,6.27227602905569,0.08227411567642132,0.39944822149965514,0.34456596709035375,0.17371169573356982,0.5618448637316562
880,1074.1557971014493,1.161231884057971,0.0,0.0,7.755434782608695,2038.7653985507247,0.5344202898550725,0.6268115942028986,9.410027173913043,0.08374211632796076,0.3448960523242233,0.3526045316514833,0.21875729969633262,0.5397815912636506
881,1105.315481171548,1.7389121338912135,0.0,0.0,8.080334728033472,2138.213389121339,0.803347280334728,0.9355648535564853,1.6702426778242678,0.08222866611433306,0.39436619718309857,0.33057166528583265,0.1928334714167357,0.5380173243503369
882,1100.2179793158314,1.4335719968178202,0.0,0.0,7.831344470962609,2075.5409705648367,0.6730310262529833,0.7605409705648369,5.32011137629276,0.0851279967492889,0.3898821617228769,0.32527427874847625,0.19971556277935798,0.5305216426193119
883,1071.2654260528893,1.9764936336924583,0.0,0.0,7.52105778648384,2094.4534769833494,1.0029382957884427,0.9735553379040157,4.723222331047992,0.09649693970569084,0.3318140382862352,0.29626253418413856,0.2754264878239354,0.49256689791873143
884,1089.650980392157,1.5382352941176471,0.0,0.0,8.258823529411766,2109.3735294117646,0.7392156862745098,0.7990196078431373,0.9429313725490196,0.08653846153846154,0.4115622032288699,0.33167141500474834,0.17022792022792022,0.5194391332058637
885,1104.6355212355213,1.9606177606177606,0.0,0.0,7.431660231660231,2061.3938223938226,0.9621621621621622,0.9984555984555985,5.661969111969112,0.08572319201995013,0.3580631753948462,0.36066084788029923,0.1955527847049044,0.5092556124458448
886,1098.1482820976491,1.4240506329113924,0.0,0.0,7.264014466546112,2075.3363471971065,0.744122965641953,0.6799276672694394,3.7805877034358044,0.09123724172267862,0.2678615882499378,0.3693054518297237,0.27159571819765993,0.4774603174603175
887,1132.482847341338,2.7409948542024014,0.0,0.0,7.797598627787307,2127.2753001715264,1.2778730703259005,1.463121783876501,0.31235849056603776,0.08479982402111746,0.3991421029476463,0.32336119665640123,0.192696876374835,0.5337922403003754
888,1084.4322527015793,2.1795511221945136,0.0,0.0,7.867830423940149,2049.414796342477,0.9866999168744804,1.1928512053200333,6.818129675810473,0.0867406233491812,0.3936608557844691,0.3324881141045959,0.18711040676175383,0.5472921434019832
889,1102.2790262172284,1.8857677902621723,0.0,0.0,7.823970037453184,2056.7134831460676,0.9176029962546817,0.9681647940074907,5.316329588014981,0.08185734801340354,0.2939205361416946,0.3973192915270464,0.22690282431785544,0.5134061569016882
890,1088.9042464612824,1.694421315570358,0.0,0.0,8.253122398001665,2070.6869275603663,0.8609492089925063,0.8334721065778518,2.757676935886761,0.07536319612590799,0.4193906376109766,0.34311945117029863,0.1621267150928168,0.4918918918918919
891,1075.6770134228188,2.3422818791946307,0.0,0.0,8.324664429530202,2062.1560402684563,1.1342281879194631,1.2080536912751678,6.441149328859061,0.08414793913131109,0.3763982666532299,0.3620880782021566,0.17736571601330242,0.5157593123209169
892,1095.1592920353983,2.0035398230088495,0.0,0.0,7.525663716814159,2049.0380530973453,1.0185840707964602,0.9849557522123894,6.808796460176991,0.08748824082784572,0.31502822201317027,0.33513640639698966,0.26234713076199434,0.4916077738515901
893,1131.966585167074,2.0268948655256724,0.0,0.0,7.443357783211084,2102.347188264059,0.941320293398533,1.0855745721271393,0.357840260798696,0.08288623672396803,0.4030439067119238,0.279097777291142,0.23497207927296618,0.5355850422195416
894,1118.333021515435,1.6913002806361086,0.0,0.0,8.319925163704397,2049.8793264733395,0.764265668849392,0.9270346117867165,7.300327408793265,0.09051045648751968,0.42095794917922197,0.336294130874747,0.15223746345851136,0.5481194690265486
895,1094.5834813499112,1.0737122557726466,0.0,0.0,7.4733570159857905,2052.797513321492,0.5657193605683837,0.5079928952042628,5.11759325044405,0.09399881164587047,0.2689245395127748,0.380154486036839,0.25692216280451574,0.4731182795698925
896,1070.9547395388556,2.1221178479931684,0.0,0.0,7.596925704526046,2106.673783091375,1.0350128095644748,1.0871050384286933,0.9205294619982921,0.08925359712230216,0.38196942446043164,0.3122751798561151,0.21650179856115107,0.5122736418511067
897,1061.625574977001,2.0551977920883164,0.0,0.0,8.299908003679853,2085.045078196872,0.9411223551057958,1.1140754369825208,4.84261269549218,0.09332742185768123,0.40578585679450235,0.3389492352028375,0.16193748614497894,0.5420769919427036
898,1055.1345454545456,1.2381818181818183,0.0,0.0,7.3545454545454545,2061.232727272727,0.6372727272727273,0.600909090909091,5.149163636363636,0.08751545117428924,0.2672435105067985,0.37082818294190356,0.27441285537700866,0.4853157121879589
899,1108.4401673640168,1.3347280334728033,0.0,0.0,7.969874476987448,2093.6719665271967,0.6719665271966527,0.6627615062761506,0.43936401673640163,0.07916841663166736,0.39615707685846285,0.32853842923141535,0.19613607727845442,0.496551724137931
900,1092.000817661488,1.9607522485690925,0.0,0.0,8.106295993458708,2047.045789043336,0.9247751430907605,1.035977105478332,9.222346688470973,0.07998789590478111,0.4300988501109542,0.33760338914666127,0.1523098648376034,0.5283569641367807
901,1087.4200873362445,1.588646288209607,0.0,0.0,7.479475982532751,2069.8794759825328,0.8113537117903931,0.777292576419214,4.663144104803494,0.08524054180289584,0.29472209248014947,0.36840261560018683,0.2516347501167679,0.48927982407916437
902,1100.0234925606892,1.3931088488645262,0.0,0.0,7.454189506656226,2078.643696162882,0.6938136256851997,0.6992952231793266,1.9393030540328895,0.07868473579157474,0.35760058829709,0.33375354554049796,0.22996113037083726,0.5019673974142776
903,1067.1822070145424,1.5671514114627887,0.0,0.0,7.862275449101796,2057.7664670658683,0.7656116338751069,0.8015397775876818,5.462600513259195,0.09008812969209008,0.4198672614514199,0.2905015776302905,0.19954303122619954,0.5114628820960698
904,1062.8300720906282,1.3202883625128734,0.0,0.0,7.774459320288362,2058.6930998970133,0.6519052523171988,0.6683831101956745,5.9279505664263645,0.0932573850841171,0.31845277520201354,0.3801828056696251,0.20810703404424427,0.5062402496099844
905,1091.4036838066002,1.7521105141980047,0.0,0.0,7.463545663852647,2104.816577129701,0.8257866462010744,0.9263238679969301,0.3213200306983883,0.07897172236503856,0.3512596401028278,0.33820051413881747,0.2315681233933162,0.5286903197547087
906,1023.9479166666666,1.7065972222222223,0.0,0.0,7.6640625,2059.7361111111113,0.8480902777777778,0.8585069444444444,6.062708333333333,0.09332880280892514,0.3764865783214407,0.3181560765658625,0.21202854230377166,0.5030518819938963
907,1081.947628458498,1.7539525691699605,0.0,0.0,7.335968379446641,2090.7084980237155,0.9308300395256917,0.8231225296442688,1.947885375494071,0.09105603448275862,0.2918911637931034,0.37755926724137934,0.23949353448275862,0.4692957746478873
908,1102.1219305673158,1.895004233700254,0.0,0.0,7.539373412362405,2094.6748518204913,0.9737510584250635,0.9212531752751905,1.5571718882303134,0.07884097035040431,0.3995956873315364,0.30424528301886794,0.21731805929919137,0.48614834673815904
909,1088.170263788969,1.2454036770583534,0.0,0.0,7.909672262190248,2061.4188649080734,0.5731414868105515,0.6722621902478018,5.299888089528377,0.08246589186457808,0.3991915108640728,0.346033350176857,0.17230924709449216,0.5397946084724005
910,1086.3566308243728,0.9991039426523297,0.0,0.0,7.422043010752688,2034.7948028673836,0.532258064516129,0.4668458781362007,8.365448028673836,0.0886152360255946,0.31739707835325365,0.34275021127610766,0.25123747434504407,0.4672645739910314
911,1082.6084437086092,1.6067880794701987,0.0,0.0,7.751655629139073,2102.387417218543,0.7806291390728477,0.8261589403973509,0.7987665562913907,0.08447244767193507,0.4051687313114054,0.31759931653139684,0.19275950448526272,0.5141679546625451
912,1038.079769736842,0.868421052631579,0.0,0.0,7.776315789473684,2041.1118421052631,0.40131578947368424,0.46710526315789475,5.975559210526316,0.08756345177664974,0.3917089678510998,0.3236040609137056,0.19712351945854484,0.5378787878787878
913,1046.1548198636806,1.0788704965920155,0.0,0.0,7.222979552093476,2073.0486854917235,0.5345666991236612,0.5443037974683544,3.7406718597857838,0.09665678080345107,0.3511728228633055,0.27932057158263685,0.27284982475060665,0.5045126353790613
914,1055.6676003734826,1.1260504201680672,0.0,0.0,7.637721755368815,2072.624649859944,0.5275443510737629,0.5985060690943044,0.6759943977591036,0.08545232273838631,0.4310513447432763,0.3119804400977995,0.17151589242053789,0.5315091210613598
915,1027.9299516908213,1.0515297906602254,0.0,0.0,7.506441223832528,2038.0813204508856,0.5088566827697263,0.5426731078904992,6.210756843800322,0.08859809074332296,0.35921913547141476,0.35567950230612466,0.19650327147913763,0.5160796324655437
916,1017.3213321332133,1.2484248424842483,0.0,0.0,6.856885688568857,2063.8523852385238,0.6417641764176417,0.6066606660666066,4.455004500450046,0.09201890259910737,0.2721186663166185,0.3482541349435547,0.28760829614071937,0.4859408795962509
917,1070.0794066317626,1.931937172774869,0.0,0.0,7.7460732984293195,2130.158813263525,0.9616055846422339,0.9703315881326352,-0.019240837696335063,0.08392474935225865,0.4130900078855469,0.30021403627351584,0.2027712064886786,0.5022583559168925
918,1004.037307380373,1.597729115977291,0.0,0.0,7.70316301703163,2085.059205190592,0.7696674776966748,0.8280616382806164,6.493803730738037,0.08275426405559065,0.3880817014108233,0.337544746262371,0.191619288271215,0.5182741116751269
919,1016.3624288425048,1.3776091081593929,0.0,0.0,7.3766603415559775,2102.6944971537,0.7182163187855788,0.6593927893738141,2.1237191650853893,0.08231511254019293,0.28887459807073956,0.38469453376205787,0.24411575562700966,0.4786501377410468
920,1036.3185053380782,1.2864768683274022,0.0,0.0,7.825622775800712,2100.4839857651245,0.6681494661921709,0.6183274021352313,2.5122597864768683,0.07708049113233288,0.4120054570259209,0.3257162346521146,0.18519781718963166,0.4806362378976487
921,1005.5551811288964,1.5324347093513058,0.0,0.0,7.803706823925864,2105.344566133109,0.7118786857624263,0.8205560235888796,5.2321903959561915,0.08215480945697938,0.3523696426643636,0.36294936845514414,0.2025261794235129,0.5354590434304562
922,1002.0167106420405,1.4291996481970097,0.0,0.0,7.013192612137203,2069.0844327176783,0.7106420404573439,0.7185576077396658,5.1232189973614775,0.0890393779784299,0.2866817155756208,0.33182844243792325,0.2924504640080261,0.5027692307692307
923,1005.6070796460177,1.2769911504424778,0.0,0.0,7.567256637168142,2092.359292035398,0.6743362831858407,0.6026548672566372,1.6884867256637168,0.08174482516664718,0.39504151561220907,0.27143024207695005,0.25178341714419367,0.47193347193347196
924,978.5381679389313,1.741412213740458,0.0,0.0,7.949427480916031,2049.8062977099235,0.8959923664122137,0.8454198473282443,8.864351145038167,0.09410634977793782,0.4066738686832313,0.34437642539911173,0.1548433561397191,0.48547945205479454
925,1010.5032558139535,1.4530232558139535,0.0,0.0,7.097674418604651,2097.525581395349,0.7637209302325582,0.6893023255813954,4.239237209302326,0.09410222804718217,0.2655307994757536,0.3698558322411533,0.2705111402359109,0.47439180537772085
926,968.6835769561479,1.7411865864144453,0.0,0.0,7.300945829750645,2159.8632846087703,0.8168529664660361,0.9243336199484092,1.058822012037833,0.08726887292427275,0.38228712754681426,0.32446119420562947,0.20598280532328347,0.5308641975308642
927,977.341442224153,1.8557775847089488,0.0,0.0,7.771503040834057,2127.600347523892,0.8861859252823632,0.9695916594265855,6.482102519548219,0.08831749580771381,0.4038010061486864,0.34007825600894354,0.16780324203465624,0.5224719101123596
928,1021.4862204724409,1.6279527559055118,0.0,0.0,6.868110236220472,2115.399606299213,0.7952755905511811,0.8326771653543307,4.993188976377953,0.0942963599885354,0.24949842361708227,0.3748925193465176,0.2813126970478647,0.5114873035066505
929,1035.7416879795396,1.6359761295822677,0.0,0.0,7.770673486786019,2134.453537936914,0.8201193520886616,0.8158567774936062,0.38641943734015344,0.07975863960504663,0.3934174437739989,0.3364783324190894,0.19034558420186506,0.4986972381448671
930,989.1543739279589,1.3233276157804459,0.0,0.0,8.051457975986278,2062.437392795883,0.6166380789022299,0.7066895368782161,9.24515437392796,0.0836173838943332,0.4241585002130379,0.34256497656582874,0.14965913932680017,0.5340246273493195
931,993.8867542972699,1.525783619817998,0.0,0.0,7.396359959555106,2119.0323559150656,0.756319514661274,0.7694641051567239,0.5346107178968655,0.08516746411483253,0.29049897470950103,0.3703349282296651,0.2539986329460014,0.5043074884029158
932,998.4536170212766,1.3651063829787233,0.0,0.0,7.114893617021276,2116.8468085106383,0.6919148936170213,0.6731914893617021,0.7733106382978723,0.07942583732057416,0.3631578947368421,0.32129186602870813,0.2361244019138756,0.493142144638404
933,983.2176684881603,1.4271402550091075,0.0,0.0,8.030054644808743,2084.594717668488,0.7122040072859745,0.714936247723133,5.8887340619307835,0.08880571623001021,0.41578768288533513,0.28807984575252354,0.2073267551321311,0.5009572431397575
934,1013.3265720081135,1.2363083164300204,0.0,0.0,7.251521298174442,2083.440162271805,0.6713995943204868,0.5649087221095335,2.736470588235294,0.09314685314685314,0.3,0.37454545454545457,0.2323076923076923,0.45693191140278916
935,988.9152838427948,1.5851528384279476,0.0,0.0,7.25764192139738,2104.5502183406115,0.7755458515283843,0.8096069868995633,2.0422270742358077,0.08844765342960288,0.36702767749699156,0.3203369434416366,0.22418772563176895,0.5107438016528926
936,968.5994854202402,2.0634648370497426,0.0,0.0,7.561749571183533,2098.4296740994855,1.0188679245283019,1.0445969125214407,5.363053173241852,0.09436316207326755,0.3720086197119202,0.31881592378359985,0.21481229443121244,0.5062344139650873
937,979.2690302398331,2.118873826903024,0.0,0.0,6.890510948905109,2115.393117831074,1.0667361835245046,1.0521376433785192,1.8452554744525547,0.09987893462469734,0.2775423728813559,0.362590799031477,0.25998789346246975,0.4965551181102362
938,995.2839962997225,2.06845513413506,0.0,0.0,7.756706753006475,2117.790009250694,1.053654024051804,1.0148011100832564,0.46824236817761333,0.07954680977936791,0.4110912343470483,0.3035181872391175,0.2058437686344663,0.490608228980322
939,964.4677996422182,1.836314847942755,0.0,0.0,8.076028622540251,2079.2334525939177,0.8103756708407871,1.0259391771019677,5.939239713774597,0.08384095691660207,0.3917377339683243,0.36294163251744377,0.16147967659762985,0.5586945932781295
940,949.9941860465116,1.5145348837209303,0.0,0.0,6.924418604651163,2063.2722868217056,0.7936046511627907,0.7209302325581395,4.823633720930232,0.09082003918275959,0.30660509375874617,0.3525048978449482,0.250069969213546,0.4760076775431862
941,967.1927272727273,2.3045454545454547,0.0,0.0,7.877272727272727,2120.600909090909,1.1236363636363635,1.180909090909091,0.8123090909090909,0.0812463935372187,0.4121177149451818,0.3247547605308713,0.18188113098672823,0.5124260355029586
942,956.8572614107884,1.954356846473029,0.0,0.0,7.6464730290456435,2078.956846473029,0.9925311203319502,0.9618257261410789,4.422929460580913,0.08823529411764706,0.3836553071413067,0.33383980898632515,0.19426958975472108,0.4921443736730361
943,969.143473570658,2.2804746494066883,0.0,0.0,6.867313915857605,2116.5954692556634,1.1175836030204962,1.1628910463861921,2.4559546925566345,0.09692114357524348,0.3240653471567703,0.29437637448947535,0.2846371347785108,0.5099337748344371
944,1030.154296875,1.6494140625,0.0,0.0,7.7197265625,2090.8203125,0.791015625,0.8583984375,1.7911523437499999,0.09032258064516129,0.4098671726755218,0.3273877292852625,0.1724225173940544,0.5204262877442274
945,981.7922624053826,1.678721614802355,0.0,0.0,7.327165685449958,2037.1009251471826,0.7779646761984861,0.9007569386038689,7.736568544995795,0.08930211202938476,0.34044995408631773,0.3677685950413223,0.2024793388429752,0.5365731462925851
946,966.571568627451,1.4578431372549019,0.0,0.0,6.772549019607843,2088.2039215686273,0.8107843137254902,0.6470588235294118,2.165872549019608,0.08960625361899248,0.2559351476548929,0.35335842501447595,0.30110017371163866,0.4438466711499664
947,1040.5651760228354,2.4100856327307327,0.0,0.0,7.621313035204567,2075.6688867745006,1.2064700285442436,1.2036156041864892,1.113558515699334,0.08551810237203496,0.42009987515605496,0.2932584269662921,0.20112359550561798,0.4994078168180024
948,971.7083333333334,2.2363945578231292,0.0,0.0,7.864795918367347,2057.9761904761904,1.0722789115646258,1.1641156462585034,5.8575935374149655,0.08141420694129095,0.3983133311709374,0.32944102065088116,0.19083144123689047,0.520532319391635
949,974.0040691759918,1.6551373346897253,0.0,0.0,7.167853509664293,2076.356052899288,0.814852492370295,0.8402848423194303,1.9951881993896237,0.0889866590973602,0.2787397104740278,0.38220266818052795,0.250070962248084,0.5076828518746158
950,981.6958073148974,1.5352363960749331,0.0,0.0,7.610169491525424,2058.884924174844,0.7493309545049064,0.7859054415700267,3.6742997323818023,0.08076427148048294,0.4245692181455867,0.31930606025084984,0.17536045012308052,0.5119116792562464
951,948.3851784080513,1.7639524245196707,0.0,0.0,7.745654162854529,2072.6532479414454,0.8581884720951509,0.9057639524245197,4.54224153705398,0.0846917080085046,0.37479329081030005,0.3493975903614458,0.1911174108197496,0.5134854771784232
952,935.2327586206897,1.2816091954022988,0.0,0.0,6.983716475095785,2058.6293103448274,0.6724137931034483,0.6091954022988506,3.2874521072796936,0.09052256206281717,0.2791112330270196,0.3479632423535866,0.2824029625565766,0.47533632286995514
953,974.1395121951219,1.673170731707317,0.0,0.0,7.186341463414634,2096.1951219512193,0.8312195121951219,0.8419512195121951,-0.1934439024390244,0.0912299755633994,0.3822970404561499,0.2759978278577247,0.25047515612272603,0.5032069970845481
954,978.5047169811321,1.1283018867924528,0.0,0.0,7.729245283018868,2036.0537735849057,0.539622641509434,0.5886792452830188,6.908150943396227,0.09325033565238618,0.3954595386305383,0.34932259245697544,0.16196753326010008,0.5217391304347826
955,966.9937952430197,1.4622543950361944,0.0,0.0,6.782833505687694,2071.583247156153,0.7869700103412617,0.6752843846949328,2.422647362978283,0.09452660466534532,0.25933831376734257,0.36880622046043604,0.27732886110687605,0.4618104667609618
956,976.3972222222222,1.9407407407407407,0.0,0.0,7.146296296296296,2091.7972222222224,0.9444444444444444,0.9962962962962963,1.6265925925925926,0.08706918890904379,0.37133972531743975,0.3116092251878725,0.22998186058564396,0.5133587786259542
957,946.2551521099117,2.889106967615309,0.0,0.0,7.710500490677134,2078.5534838076546,1.3895976447497547,1.4995093228655545,5.515475956820413,0.0925289550719104,0.37037037037037035,0.3526791396207204,0.18442153493699887,0.5190217391304348
958,933.5647171620326,2.5426653883029724,0.0,0.0,6.674976030680729,2101.798657718121,1.2013422818791946,1.3413231064237776,2.2395589645254077,0.09135305946567078,0.2779373743177248,0.36297041080149384,0.2677391554151106,0.527526395173454
959,998.7521367521367,1.9487179487179487,0.0,0.0,7.47673314339981,2090.7027540360873,0.9705603038936372,0.9781576448243114,0.9739601139601138,0.08357678140480122,0.38816207290740506,0.3373555188619332,0.19090562682586054,0.5019493177387915
960,977.0742049469965,1.9814487632508835,0.0,0.0,7.8931095406360425,2046.1934628975266,0.9726148409893993,1.0088339222614842,8.427526501766783,0.08349188584219362,0.40660324566312256,0.3540011191941802,0.15590374930050363,0.5091395452518948
961,968.7403369672943,1.9286422200198217,0.0,0.0,7.333002973240832,2086.832507433102,0.9326065411298315,0.9960356788899901,4.252547076313181,0.08541694823624814,0.30585214218137585,0.35369644546560347,0.25503446411677255,0.5164439876670093
962,999.6798561151079,1.4595323741007193,0.0,0.0,7.348920863309353,2070.1420863309354,0.7607913669064749,0.6987410071942446,0.8924010791366905,0.0838228095937347,0.37359275575134604,0.3244003915810083,0.21818404307391093,0.4787430683918669
963,968.2003745318352,1.4700374531835205,0.0,0.0,7.729400749063671,2055.316479400749,0.6863295880149812,0.7837078651685393,4.374157303370787,0.08600847970926712,0.4110236220472441,0.2866141732283465,0.21635372501514233,0.5331210191082802
964,1025.072689511942,0.8546209761163032,0.0,0.0,7.291796469366563,2045.9948078920042,0.4226375908618899,0.43198338525441327,5.1933748701973,0.08857875249216747,0.32241526630589573,0.3725434349188265,0.21646254628311024,0.5054678007290401
965,1003.081560283688,1.398936170212766,0.0,0.0,7.442375886524823,2082.131205673759,0.6693262411347518,0.7296099290780141,0.4295212765957447,0.08338296605122096,0.38773079213817746,0.3110184633710542,0.21786777843954735,0.5215462610899874
966,972.7432915921288,1.8372093023255813,0.0,0.0,7.573345259391771,2054.412343470483,0.8810375670840788,0.9561717352415027,5.556842576028623,0.08916971772764852,0.3739222865241526,0.32396362347939056,0.2129443722688083,0.5204479065238559
967,981.3336831059811,2.2465897166841553,0.0,0.0,6.9202518363064005,2067.779643231899,1.1259181532004197,1.1206715634837356,3.8897376705141657,0.09734647460197118,0.30401819560272936,0.35678544351781655,0.24184988627748294,0.4988323213451658
968,1013.3755781683626,1.7308048103607772,0.0,0.0,7.511563367252544,2092.204440333025,0.818686401480111,0.9121184088806661,1.2788621646623497,0.08559113300492611,0.42820197044334973,0.2747536945812808,0.21145320197044334,0.5269909139497595
969,991.6358839050132,1.90325417766051,0.0,0.0,7.9956024626209325,2067.7862796833774,0.9313984168865436,0.9718557607739666,4.688091468777484,0.08645913540864592,0.3890661093389066,0.36343636563634363,0.16103838961610384,0.5106284658040665
970,1001.0992509363296,1.1329588014981273,0.0,0.0,7.318352059925093,2040.1704119850187,0.5833333333333334,0.549625468164794,5.902602996254681,0.08930399181166837,0.30655066530194475,0.35427328556806553,0.2498720573183214,0.48512396694214877
971,1030.4264432029795,1.7057728119180633,0.0,0.0,7.906890130353817,2092.721601489758,0.8212290502793296,0.8845437616387337,-0.04276536312849163,0.08914272256241168,0.4007300989166274,0.3151201130475742,0.19500706547338673,0.5185589519650655
972,1009.7483498349835,1.4562706270627064,0.0,0.0,7.503300330033003,2043.5709570957097,0.7046204620462047,0.7516501650165016,4.821815181518152,0.08291180998460523,0.38717835935781836,0.3197712777655597,0.21013855289201672,0.5161473087818697
973,982.1253918495298,1.5799373040752351,0.0,0.0,7.234064785788924,2069.9007314524556,0.7554858934169278,0.8244514106583072,3.0053709508881923,0.09591217680196447,0.34999277769752996,0.2639029322548028,0.2901921132457027,0.5218253968253969
974,1014.688,1.683,0.0,0.0,7.713,2064.864,0.796,0.887,2.1533,0.08816284195514067,0.4191624530014262,0.313237391417088,0.17943731362634513,0.5270350564468211
975,1016.6012715712989,0.9564032697547684,0.0,0.0,7.618528610354224,2027.1171662125341,0.5240690281562216,0.4323342415985468,6.266702997275205,0.0910824988078207,0.34716261325703385,0.369933237958989,0.19182164997615642,0.4520417853751187
976,987.2922465208748,1.44831013916501,0.0,0.0,6.845924453280318,2073.7355864811134,0.7604373757455268,0.6878727634194831,1.4402385685884693,0.09263830405111079,0.23856541309713955,0.347611441846958,0.3211848410047916,0.47494852436513385
977,982.968253968254,2.7251984126984126,0.0,0.0,7.366071428571429,2113.9275793650795,1.2648809523809523,1.4603174603174602,0.38140873015873017,0.087003367003367,0.40215488215488215,0.2975084175084175,0.21333333333333335,0.5358572988714961
978,952.6298433635615,1.7873042044517724,0.0,0.0,7.441055234954658,2046.0494641384996,0.8046166529266282,0.9826875515251443,5.500527617477329,0.08464436073565255,0.37436295147352094,0.3345889652116109,0.2064037225792156,0.5498154981549815
979,946.976167778837,1.2592945662535748,0.0,0.0,7.063870352716873,2065.2964728312677,0.6949475691134414,0.5643469971401335,2.7902955195424215,0.08798920377867746,0.29163292847503375,0.3668016194331984,0.2535762483130904,0.4481453444360333
980,976.0234375,0.9375,0.0,0.0,7.9453125,2052.099609375,0.4560546875,0.4814453125,3.1793359375,0.08161258603736479,0.42625368731563423,0.30703048180924286,0.1851032448377581,0.5135416666666667
981,962.0538532961931,0.9860724233983287,0.0,0.0,7.74744661095636,2042.397400185701,0.467966573816156,0.5181058495821727,4.722330547818013,0.08928571428571429,0.36397411313518696,0.3474352828379674,0.19930488974113136,0.5254237288135594
982,1015.7737089201878,0.8798122065727699,0.0,0.0,6.822535211267605,2051.404694835681,0.43661971830985913,0.4431924882629108,3.1317089201877932,0.08629232039636664,0.28709055876685935,0.305532617671346,0.321084503165428,0.503735325506937
983,974.3489795918367,1.816326530612245,0.0,0.0,7.28265306122449,2072.159183673469,0.813265306122449,1.0030612244897958,1.0612448979591838,0.09135491102704217,0.3840549250385316,0.2642566904861987,0.26033347344822755,0.552247191011236
984,1004.9747729566095,1.2785065590312816,0.0,0.0,8.203834510595359,2035.5176589303733,0.6296670030272452,0.6488395560040363,5.84686175580222,0.08905289052890529,0.4238622386223862,0.3126691266912669,0.17441574415744157,0.5074980268350434
985,976.0149114631873,0.7260018639328985,0.0,0.0,7.062441752096925,2039.7502329916124,0.39422180801491147,0.3317800559179869,5.54771668219944,0.09501187648456057,0.2875428873053576,0.3272631301134864,0.2901821060965954,0.45699614890885754
986,955.8448729184926,0.7861524978089395,0.0,0.0,7.474145486415425,2083.8001752848377,0.40315512708150747,0.38299737072743206,0.667475898334794,0.08900093808630394,0.3949343339587242,0.27650093808630394,0.23956378986866791,0.48717948717948717
987,969.0304219823356,0.8655544651619235,0.0,0.0,7.903827281648675,2049.631010794897,0.4170755642787046,0.44847890088321885,5.86036310107949,0.09572883039483486,0.41370747454680906,0.29935435808294014,0.19120933697541595,0.518140589569161
988,997.3536345776031,0.7848722986247544,0.0,0.0,6.9833005893909625,2065.361493123772,0.444007858546169,0.34086444007858546,2.5590766208251474,0.09340272893515263,0.25924883949922634,0.3436488957659305,0.30369953579969056,0.43429286608260326
989,1000.8970037453183,0.8932584269662921,0.0,0.0,7.707865168539326,2080.515917602996,0.4307116104868914,0.46254681647940077,1.0995786516853931,0.08321185617103985,0.4041545189504373,0.3034499514091351,0.20918367346938777,0.5178197064989518
990,1006.2093220338983,0.7762711864406779,0.0,0.0,8.250847457627119,2040.2694915254237,0.37033898305084745,0.4059322033898305,6.376601694915254,0.08103944124897289,0.4327239112571898,0.3188167625308135,0.16741988496302382,0.5229257641921398
991,1026.1668351870576,0.8948432760364005,0.0,0.0,7.339737108190091,2056.138523761375,0.474216380182002,0.4206268958543984,4.4918907987866525,0.08238049318087891,0.31505717040914727,0.32222069155531063,0.2803416448546632,0.47005649717514125
992,997.227309893704,0.7211774325429272,0.0,0.0,7.17988552739166,2079.868356500409,0.37367130008176613,0.3475061324611611,0.5415780866721177,0.07800933834415215,0.37797517367042477,0.28743878829290515,0.25657669969251795,0.481859410430839
993,984.9946714031971,0.7273534635879219,0.0,0.0,7.854351687388988,2055.538188277087,0.31793960923623443,0.40941385435168737,5.052309058614565,0.08367254635911352,0.42842605156037994,0.2656037991858887,0.2222976028946178,0.5628815628815629
994,1017.6436403508771,0.6754385964912281,0.0,0.0,7.7214912280701755,2077.9254385964914,0.3892543859649123,0.28618421052631576,1.6071381578947368,0.08818517466628799,0.3500426015336552,0.3364101107639875,0.2253621130360693,0.4237012987012987
995,998.1305084745762,1.0177966101694915,0.0,0.0,7.142372881355932,2072.1830508474577,0.5288135593220339,0.48898305084745763,0.5904745762711864,0.08020882771713336,0.38728049359278593,0.2928334124347413,0.23967726625533933,0.4804329725228976
996,979.495238095238,1.0112554112554113,0.0,0.0,7.683982683982684,2047.6025974025974,0.5151515151515151,0.4961038961038961,4.7693593073593075,0.09138028169014084,0.4003380281690141,0.2851830985915493,0.2230985915492958,0.4905821917808219
997,1008.4326530612245,1.5612244897959184,0.0,0.0,7.091836734693878,2072.623469387755,0.7979591836734694,0.763265306122449,3.25384693877551,0.1046043165467626,0.3135251798561151,0.30719424460431655,0.27467625899280573,0.4888888888888889
998,1017.8831385642737,1.1335559265442403,0.0,0.0,7.426544240400668,2072.5801335559267,0.5818030050083473,0.5517529215358932,0.6387061769616027,0.07496909070473193,0.4146341463414634,0.2746993368551197,0.23569742609868494,0.48674521354933725
999,984.1601659751037,1.4639004149377592,0.0,0.0,8.04896265560166,2055.595020746888,0.6829875518672199,0.7809128630705394,4.240199170124482,0.07670893906588308,0.429735024229302,0.3214764408701928,0.17207959583462212,0.5334467120181405
1000,997.4252173913044,1.0982608695652174,0.0,0.0,7.316521739130435,2042.0617391304347,0.5295652173913044,0.568695652173913,7.057382608695652,0.0771333491799382,0.35215117661041123,0.31245543142381743,0.25826004278583314,0.517814726840855
