generation,cells_visited,cave_entries,predator_touches,drained_ticks,food_total,lifetime,cave_entries_day,cave_entries_night,energy_at_death,food_default_frac,food_low_frac,food_medium_frac,food_prestige_frac,night_share
1,593.6358695652174,0.17391304347826086,0.0,0.0,7.994565217391305,2086.9565217391305,0.07065217391304347,0.10326086956521739,-1.0,0.20394289598912305,0.592794017675051,0.18558803535010196,0.017675050985723997,0.59375
2,667.0584795321637,0.28654970760233917,0.0,0.0,6.345029239766082,1997.7602339181287,0.05847953216374269,0.22807017543859648,-0.22637426900584792,0.16497695852534563,0.647926267281106,0.14101382488479264,0.04608294930875576,0.7959183673469388
3,722.7860696517413,0.31840796019900497,0.0,0.0,6.2288557213930345,2033.3830845771145,0.18407960199004975,0.13432835820895522,-0.9524875621890546,0.2036741214057508,0.5063897763578274,0.20527156549520767,0.08466453674121406,0.421875
4,730.0408163265306,0.16326530612244897,0.0,0.0,4.238095238095238,2094.9659863945576,0.08163265306122448,0.08163265306122448,-0.8172108843537415,0.13964686998394862,0.32102728731942215,0.4959871589085072,0.04333868378812199,0.5
5,704.0052631578948,0.4368421052631579,0.0,0.0,5.852631578947369,2008.7368421052631,0.21052631578947367,0.22631578947368422,-0.7774736842105263,0.11510791366906475,0.5809352517985612,0.24370503597122303,0.06025179856115108,0.5180722891566265
6,690.2875816993464,0.954248366013072,0.0,0.0,5.699346405228758,2034.9019607843138,0.43790849673202614,0.5163398692810458,-0.9273856209150326,0.18463302752293578,0.5630733944954128,0.1938073394495413,0.058486238532110095,0.541095890410959
7,689.6515151515151,0.12626262626262627,0.0,0.0,4.202020202020202,2076.4646464646466,0.08080808080808081,0.045454545454545456,-0.7929797979797979,0.17908653846153846,0.32091346153846156,0.3161057692307692,0.18389423076923078,0.36
8,675.3511111111111,0.3288888888888889,0.0,0.0,6.5777777777777775,2010.4,0.19555555555555557,0.13333333333333333,-0.8179555555555555,0.09864864864864865,0.647972972972973,0.1635135135135135,0.08986486486486486,0.40540540540540543
9,697.2554744525547,0.36496350364963503,0.0,0.0,6.456204379562044,2036.3759124087592,0.17518248175182483,0.1897810218978102,-0.04576642335766419,0.1390616167326173,0.4703222159412097,0.28886376483889203,0.10175240248728094,0.52
10,701.9929577464789,0.29577464788732394,0.0,0.0,3.816901408450704,2093.8732394366198,0.1267605633802817,0.16901408450704225,-0.7657746478873239,0.14022140221402213,0.45202952029520294,0.3081180811808118,0.0996309963099631,0.5714285714285714
11,695.5238095238095,0.5281385281385281,0.0,0.0,6.554112554112554,2015.6709956709956,0.29004329004329005,0.23809523809523808,-0.7947619047619048,0.09313077939233817,0.5785997357992074,0.2727873183619551,0.05548216644649934,0.45081967213114754
12,695.7216981132076,0.24056603773584906,0.0,0.0,6.613207547169812,2037.0754716981132,0.10849056603773585,0.1320754716981132,-0.7772641509433962,0.15834522111269614,0.5948644793152639,0.1833095577746077,0.06348074179743224,0.5490196078431373
13,731.5875706214689,0.3050847457627119,0.0,0.0,4.72316384180791,2086.497175141243,0.2542372881355932,0.05084745762711865,-0.8362146892655367,0.11842105263157894,0.42822966507177035,0.23684210526315788,0.21650717703349281,0.16666666666666666
14,676.3440366972477,0.45871559633027525,0.0,0.0,6.298165137614679,2008.5779816513761,0.2798165137614679,0.17889908256880735,-0.7350458715596331,0.09176984705025491,0.5673707210487983,0.30735615440640934,0.033503277494537506,0.39
15,708.2233502538071,0.29441624365482233,0.0,0.0,5.385786802030457,2035.4314720812183,0.18781725888324874,0.1065989847715736,-0.8572588832487309,0.1526861451460886,0.4816211121583412,0.24882186616399624,0.11687087653157399,0.3620689655172414
16,722.2298136645962,0.45962732919254656,0.0,0.0,3.484472049689441,2092.1739130434785,0.2484472049689441,0.2111801242236025,-0.7639751552795031,0.17825311942959002,0.33511586452762926,0.24955436720142601,0.23707664884135474,0.4594594594594595
17,691.4025423728814,0.2966101694915254,0.0,0.0,6.127118644067797,2017.6694915254238,0.09745762711864407,0.19915254237288135,-0.7023305084745762,0.08644536652835408,0.5905947441217151,0.22752420470262794,0.0954356846473029,0.6714285714285714
18,705.2044444444444,0.16,0.0,0.0,6.373333333333333,2026.8,0.07111111111111111,0.08888888888888889,-0.41831111111111113,0.13110181311018132,0.6192468619246861,0.15341701534170155,0.09623430962343096,0.5555555555555556
19,717.1298076923077,0.27884615384615385,0.0,0.0,4.836538461538462,2078.75,0.14903846153846154,0.12980769230769232,-0.7902884615384616,0.1610337972166998,0.31411530815109345,0.3121272365805169,0.21272365805168986,0.46551724137931033
20,677.5394736842105,0.6052631578947368,0.0,0.0,5.881578947368421,2017.6315789473683,0.3157894736842105,0.2894736842105263,-0.6978947368421052,0.1029082774049217,0.5645041014168531,0.2431021625652498,0.0894854586129754,0.4782608695652174
21,685.4277777777778,0.19444444444444445,0.0,0.0,6.416666666666667,2032.5555555555557,0.08333333333333333,0.1111111111111111,-1.0103333333333333,0.141991341991342,0.5792207792207792,0.20432900432900433,0.07445887445887446,0.5714285714285714
22,697.2974358974359,0.6512820512820513,0.0,0.0,4.430769230769231,2080.74358974359,0.29743589743589743,0.35384615384615387,-0.5768205128205128,0.17592592592592593,0.32407407407407407,0.33564814814814814,0.16435185185185186,0.5433070866141733
23,743.9909502262443,0.4751131221719457,0.0,0.0,5.447963800904978,2020.8325791855204,0.19004524886877827,0.2850678733031674,-0.7495022624434389,0.11295681063122924,0.5548172757475083,0.18604651162790697,0.1461794019933555,0.6
24,742.2390243902439,0.424390243902439,0.0,0.0,5.492682926829269,2034.6341463414635,0.13170731707317074,0.2926829268292683,-0.7789268292682927,0.1172291296625222,0.5452930728241563,0.238898756660746,0.09857904085257549,0.6896551724137931
25,703.1168831168832,0.38961038961038963,0.0,0.0,3.012987012987013,2090.5844155844156,0.16233766233766234,0.22727272727272727,-0.6616883116883118,0.23706896551724138,0.22413793103448276,0.2974137931034483,0.2413793103448276,0.5833333333333334
26,687.5071770334928,0.13875598086124402,0.0,0.0,4.904306220095694,2014.1148325358852,0.04784688995215311,0.09090909090909091,-0.6395693779904306,0.08097560975609756,0.5609756097560976,0.21073170731707316,0.1473170731707317,0.6551724137931034
27,759.7277486910995,0.581151832460733,0.0,0.0,5.984293193717278,2041.2565445026178,0.3089005235602094,0.27225130890052357,-0.7651308900523559,0.1189851268591426,0.5485564304461942,0.25196850393700787,0.0804899387576553,0.46846846846846846
28,842.764,0.244,0.0,0.0,3.952,2070.376,0.124,0.12,-0.65976,0.15789473684210525,0.1771255060728745,0.2935222672064777,0.3714574898785425,0.4918032786885246
29,746.0327868852459,0.22404371584699453,0.0,0.0,4.032786885245901,1998.6994535519125,0.16939890710382513,0.0546448087431694,0.23420765027322413,0.11653116531165311,0.37398373983739835,0.4132791327913279,0.09620596205962059,0.24390243902439024
30,803.7752808988764,0.3782771535580524,0.0,0.0,5.284644194756554,2023.689138576779,0.1797752808988764,0.19850187265917604,0.35591760299625474,0.10843373493975904,0.38058114812189936,0.3827072997873848,0.12827781715095676,0.5247524752475248
31,903.9106529209622,0.5360824742268041,0.0,0.0,5.505154639175258,2069.512027491409,0.18213058419243985,0.3539518900343643,-0.051615120274914085,0.12359550561797752,0.2746566791510612,0.3938826466916355,0.20786516853932585,0.6602564102564102
32,889.9799426934097,0.5988538681948424,0.0,0.0,5.510028653295129,2032.8338108882522,0.3209169054441261,0.27793696275071633,-0.6429512893982807,0.10972438897555903,0.3416536661466459,0.30213208528341134,0.24648985959438377,0.46411483253588515
33,778.4430379746835,0.8860759493670886,0.0,0.0,4.966244725738397,2037.7637130801688,0.47257383966244726,0.41350210970464135,-0.7779324894514769,0.13848768054375532,0.3823279524214104,0.2548853016142736,0.22429906542056074,0.4666666666666667
34,906.4,1.126086956521739,0.0,0.0,4.178260869565217,2079.4347826086955,0.5608695652173913,0.5652173913043478,-0.6870869565217391,0.1529656607700312,0.19042663891779396,0.42351716961498437,0.23309053069719043,0.5019305019305019
35,806.5732484076433,0.8853503184713376,0.0,0.0,3.5031847133757963,2007.1337579617834,0.4968152866242038,0.3885350318471338,-0.6242038216560509,0.09090909090909091,0.46,0.2509090909090909,0.19818181818181818,0.43884892086330934
36,890.7437722419929,0.5195729537366548,0.0,0.0,5.174377224199288,2027.5266903914592,0.302491103202847,0.21708185053380782,0.9661565836298933,0.13686382393397525,0.3349381017881706,0.3204951856946355,0.2077028885832187,0.4178082191780822
37,978.2009345794393,0.780373831775701,0.0,0.0,4.9766355140186915,2081.1682242990655,0.4766355140186916,0.3037383177570093,-0.7228971962616821,0.16901408450704225,0.28075117370892017,0.36338028169014086,0.18685446009389672,0.38922155688622756
38,942.3333333333334,0.2993827160493827,0.0,0.0,5.194444444444445,2029.858024691358,0.13580246913580246,0.16358024691358025,-0.7454320987654321,0.11764705882352941,0.3939393939393939,0.27035056446821154,0.21806298276886513,0.5463917525773195
39,888.4869888475837,0.24907063197026022,0.0,0.0,5.4944237918215615,2018.631970260223,0.07434944237918216,0.17472118959107807,1.1743122676579925,0.12787550744248985,0.3234100135317997,0.4397834912043302,0.10893098782138025,0.7014925373134329
40,975.6910569105692,0.2032520325203252,0.0,0.0,4.605691056910569,2069.540650406504,0.08943089430894309,0.11382113821138211,-0.0209756097560975,0.11827007943512798,0.31685789938217124,0.3759929390997352,0.18887908208296558,0.56
41,935.6942446043165,0.3776978417266187,0.0,0.0,5.561151079136691,2026.6762589928057,0.13309352517985612,0.2446043165467626,-0.7227697841726619,0.10155239327296249,0.4094437257438551,0.388745148771022,0.10025873221216042,0.6476190476190476
42,880.780487804878,0.3628048780487805,0.0,0.0,5.216463414634147,2014.6798780487804,0.18597560975609756,0.17682926829268292,2.1928658536585366,0.13208649912331968,0.35768556399766216,0.2682641729982466,0.24196376388077148,0.48739495798319327
43,892.1571428571428,0.65,0.0,0.0,4.0964285714285715,2064.0,0.4107142857142857,0.2392857142857143,-0.72125,0.17872711421098517,0.23365300784655624,0.1926765475152572,0.3949433304272014,0.36813186813186816
44,813.4615384615385,0.1043956043956044,0.0,0.0,4.137362637362638,2006.868131868132,0.04395604395604396,0.06043956043956044,-0.6298901098901099,0.11420982735723771,0.399734395750332,0.32138114209827356,0.1646746347941567,0.5789473684210527
45,860.7896174863388,0.38524590163934425,0.0,0.0,5.319672131147541,2031.688524590164,0.15846994535519127,0.226775956284153,0.6982786885245902,0.1319979455572676,0.2937853107344633,0.34103749357986646,0.23317925012840268,0.5886524822695035
46,942.5188405797102,0.4666666666666667,0.0,0.0,4.368115942028986,2053.768115942029,0.2927536231884058,0.17391304347826086,1.498695652173913,0.1360318513603185,0.1579296615792966,0.3802256138022561,0.32581287325812874,0.37267080745341613
47,955.1626016260162,0.5487804878048781,0.0,0.0,5.808943089430894,2024.3495934959349,0.2967479674796748,0.25203252032520324,-0.7902845528455285,0.1462561231630511,0.42197340797760674,0.3365990202939118,0.09517144856543037,0.45925925925925926
48,911.5615615615616,0.6006006006006006,0.0,0.0,5.4174174174174174,2039.5165165165165,0.34534534534534533,0.2552552552552553,-0.20555555555555557,0.11363636363636363,0.2976718403547672,0.35864745011086474,0.23004434589800443,0.425
49,944.7225806451613,0.2,0.0,0.0,5.048387096774194,2062.851612903226,0.08064516129032258,0.11935483870967742,0.8577419354838709,0.08945686900958466,0.23706070287539935,0.468370607028754,0.20511182108626197,0.5967741935483871
50,858.7089552238806,0.17537313432835822,0.0,0.0,5.914179104477612,2026.0932835820895,0.055970149253731345,0.11940298507462686,-0.5360447761194029,0.11608832807570978,0.39305993690851737,0.39621451104100947,0.0946372239747634,0.6808510638297872
51,816.4212218649518,0.4437299035369775,0.0,0.0,6.135048231511254,2023.974276527331,0.17041800643086816,0.2733118971061093,1.3210932475884245,0.12368972746331237,0.39884696016771487,0.36268343815513626,0.11477987421383648,0.6159420289855072
52,940.8660714285714,0.5327380952380952,0.0,0.0,4.836309523809524,2064.7589285714284,0.2916666666666667,0.24107142857142858,-0.08779761904761897,0.12307692307692308,0.22215384615384615,0.4012307692307692,0.25353846153846155,0.45251396648044695
53,861.3975903614457,0.6234939759036144,0.0,0.0,5.3102409638554215,2024.936746987952,0.3674698795180723,0.2560240963855422,-0.7142168674698796,0.13499716392512762,0.34656834940442427,0.2972206466250709,0.2212138400453772,0.4106280193236715
54,742.2788844621514,0.41832669322709165,0.0,0.0,4.98406374501992,2006.9442231075698,0.2151394422310757,0.20318725099601595,2.264581673306773,0.15267785771382894,0.2885691446842526,0.4060751398880895,0.15267785771382894,0.4857142857142857
55,856.4718100890208,0.9258160237388724,0.0,0.0,4.786350148367952,2063.59940652819,0.44807121661721067,0.47774480712166173,-0.5999109792284866,0.1444513329200248,0.1332920024798512,0.4079355238685679,0.3143211407315561,0.5160256410256411
56,693.7772277227723,0.9158415841584159,0.0,0.0,4.851485148514851,2008.8613861386139,0.47029702970297027,0.44554455445544555,-0.6566831683168317,0.1377551020408163,0.4326530612244898,0.30714285714285716,0.12244897959183673,0.4864864864864865
57,902.1626016260162,0.8983739837398373,0.0,0.0,5.439024390243903,2018.2764227642276,0.36585365853658536,0.532520325203252,0.9338617886178862,0.12929745889387145,0.3781763826606876,0.40284005979073245,0.08968609865470852,0.5927601809954751
58,952.9162303664922,0.40575916230366493,0.0,0.0,5.023560209424084,2061.780104712042,0.17539267015706805,0.23036649214659685,0.011073298429319336,0.11620635747785305,0.18759770713913496,0.3866597186034393,0.3095362167795727,0.567741935483871
59,843.6304347826087,0.4782608695652174,0.0,0.0,5.590579710144928,2023.4021739130435,0.2753623188405797,0.2028985507246377,-0.22264492753623188,0.13285806869734285,0.3493195074530136,0.40894361633182114,0.10887880751782242,0.42424242424242425
60,848.7173252279636,0.13677811550151975,0.0,0.0,5.768996960486322,2027.6747720364742,0.07598784194528875,0.060790273556231005,0.19449848024316113,0.10484720758693361,0.3350895679662803,0.4157007376185458,0.14436248682824027,0.4444444444444444
61,934.6170212765958,0.7720364741641338,0.0,0.0,5.221884498480243,2066.963525835866,0.2978723404255319,0.47416413373860183,-0.23586626139817632,0.11059371362048893,0.25785797438882424,0.3777648428405122,0.25378346915017463,0.6141732283464567
62,946.4410774410775,0.9831649831649831,0.0,0.0,4.5353535353535355,2029.114478114478,0.4444444444444444,0.5387205387205387,-0.5533333333333333,0.12323682256867112,0.30438010393466963,0.2835931700074239,0.28878990348923533,0.547945205479452
63,919.0120481927711,0.6626506024096386,0.0,0.0,5.253012048192771,2029.129518072289,0.21686746987951808,0.4457831325301205,1.729277108433735,0.15022935779816513,0.3113532110091743,0.30963302752293576,0.22878440366972477,0.6727272727272727
64,875.67,0.72,0.0,0.0,5.165,2075.125,0.31,0.41,0.06635000000000002,0.2197483059051307,0.2884801548886738,0.3814133591481123,0.11035818005808325,0.5694444444444444
65,893.0,1.3852459016393444,0.0,0.0,5.622950819672131,2027.827868852459,0.8278688524590164,0.5573770491803278,-0.7218852459016393,0.13556851311953352,0.4139941690962099,0.35058309037900875,0.09985422740524781,0.40236686390532544
66,853.3313069908814,2.0516717325227964,0.0,0.0,6.218844984802431,2040.6717325227964,1.006079027355623,1.0455927051671732,0.05583586626139816,0.1402737047898338,0.3308895405669599,0.35581622678396874,0.17302052785923755,0.5096296296296297
67,885.3973509933775,1.6059602649006623,0.0,0.0,5.639072847682119,2073.592715231788,0.7549668874172185,0.8509933774834437,-0.42903973509933774,0.1426893716970053,0.2184380504991192,0.48091603053435117,0.15795654726952438,0.5298969072164949
68,867.9285714285714,0.8928571428571429,0.0,0.0,5.491758241758242,2027.521978021978,0.45604395604395603,0.4368131868131868,-0.26598901098901095,0.1340670335167584,0.3366683341670835,0.2991495747873937,0.23011505752876438,0.48923076923076925
69,894.4059945504088,2.0408719346049047,0.0,0.0,6.049046321525886,2013.3705722070845,0.9291553133514986,1.111716621253406,4.464986376021798,0.11936936936936937,0.3144144144144144,0.40405405405405403,0.16216216216216217,0.5447263017356475
70,963.1769911504425,1.3215339233038348,0.0,0.0,5.421828908554573,2054.368731563422,0.640117994100295,0.6814159292035398,1.4256932153392328,0.12568008705114256,0.2306855277475517,0.4292709466811752,0.21436343852013057,0.515625
71,962.1540785498489,1.607250755287009,0.0,0.0,5.803625377643504,2026.655589123867,0.7885196374622356,0.8187311178247734,-0.3186706948640483,0.10515356585111921,0.3930244664237376,0.37584591358667363,0.12597605413846955,0.5093984962406015
72,968.5668604651163,1.2238372093023255,0.0,0.0,5.587209302325581,2012.3139534883721,0.5697674418604651,0.6540697674418605,4.563604651162791,0.12382934443288242,0.277315296566077,0.33142559833506763,0.26742976066597296,0.5344418052256532
73,960.2953929539295,1.937669376693767,0.0,0.0,4.842818428184282,2061.0569105691056,1.008130081300813,0.9295392953929539,0.6014363143631436,0.13598209289311697,0.2076105204252938,0.3072188024622272,0.34918858421936205,0.4797202797202797
74,938.1130136986301,2.3767123287671232,0.0,0.0,5.441780821917808,2035.373287671233,1.4349315068493151,0.9417808219178082,-0.6512328767123288,0.1157960981749528,0.3108873505349276,0.4197608558842039,0.15355569540591568,0.3962536023054755
75,810.2673267326733,1.702970297029703,0.0,0.0,5.358910891089109,2036.0742574257426,0.8341584158415841,0.8688118811881188,0.3137871287128713,0.1279445727482679,0.28545034642032335,0.3510392609699769,0.23556581986143188,0.5101744186046512
76,830.7525773195877,2.899484536082474,0.0,0.0,4.81701030927835,2065.922680412371,1.4716494845360826,1.4278350515463918,0.6133247422680413,0.13215623327982878,0.16104868913857678,0.39379347244515783,0.3130016051364366,0.49244444444444446
77,879.5098684210526,2.338815789473684,0.0,0.0,6.292763157894737,2038.2894736842106,1.180921052631579,1.1578947368421053,-0.7957236842105263,0.1359121798222687,0.3842132775744903,0.36539466806063775,0.11447987454260324,0.49507735583684953
78,933.0551948051948,0.42207792207792205,0.0,0.0,5.1980519480519485,2002.1883116883116,0.19805194805194806,0.22402597402597402,3.952857142857143,0.12367270455965022,0.2767020612117427,0.3454091193004372,0.25421611492816987,0.5307692307692308
79,956.4025157232704,0.46855345911949686,0.0,0.0,4.591194968553459,2035.7169811320755,0.2641509433962264,0.20440251572327045,4.36433962264151,0.1273972602739726,0.14931506849315068,0.42945205479452053,0.29383561643835615,0.436241610738255
80,982.1351351351351,0.3933933933933934,0.0,0.0,5.321321321321322,2012.4864864864865,0.26426426426426425,0.12912912912912913,1.854084084084084,0.10778781038374718,0.2714446952595937,0.40801354401805867,0.21275395033860045,0.3282442748091603
81,1014.9944751381215,1.6629834254143647,0.0,0.0,5.696132596685083,2033.1740331491712,0.6795580110497238,0.9834254143646409,2.0710773480662983,0.1081474296799224,0.33511154219204653,0.3758486905916586,0.18089233753637246,0.5913621262458472
82,1045.1869688385268,2.215297450424929,0.0,0.0,4.648725212464589,2044.042492917847,0.9915014164305949,1.2237960339943343,3.860623229461756,0.14015843997562463,0.14564290067032298,0.3924436319317489,0.3217550274223035,0.5524296675191815
83,959.8700564971751,1.1723163841807909,0.0,0.0,5.110169491525424,2030.7627118644068,0.7259887005649718,0.4463276836158192,-0.6820056497175141,0.14206744057490325,0.267551133222775,0.267551133222775,0.3228302929795467,0.38072289156626504
84,915.6918429003022,1.0483383685800605,0.0,0.0,5.166163141993958,2026.0181268882175,0.4229607250755287,0.6253776435045317,1.2986706948640483,0.13801169590643275,0.24269005847953215,0.3953216374269006,0.2239766081871345,0.5965417867435159
85,968.5390070921986,0.6619385342789598,0.0,0.0,4.962174940898345,2056.7186761229314,0.44208037825059104,0.2198581560283688,-0.23510638297872338,0.14530728918532634,0.10147689375893283,0.3949499761791329,0.3582658408766079,0.33214285714285713
86,906.7622377622378,0.7622377622377622,0.0,0.0,5.193473193473194,2041.4102564102564,0.3682983682983683,0.3939393939393939,-0.2877389277389278,0.11490125673249552,0.2764811490125673,0.33662477558348297,0.2719928186714542,0.5168195718654435
87,931.4087837837837,1.2162162162162162,0.0,0.0,5.85472972972973,2034.7297297297298,0.5878378378378378,0.6283783783783784,0.08543918918918919,0.1321407963069821,0.33698788228505483,0.376803231390652,0.15406809001731103,0.5166666666666667
88,924.3085585585585,0.8716216216216216,0.0,0.0,4.923423423423423,2040.2364864864865,0.5022522522522522,0.36936936936936937,3.5045045045045047,0.1372369624885636,0.16193961573650503,0.3504117108874657,0.3504117108874657,0.42377260981912146
89,949.5153846153846,0.7692307692307693,0.0,0.0,5.625641025641026,2037.0641025641025,0.3974358974358974,0.3717948717948718,-0.1677948717948718,0.13947128532360983,0.25569735642661806,0.38012762078395623,0.22470373746581587,0.48333333333333334
90,855.9358974358975,0.26153846153846155,0.0,0.0,6.317948717948718,2009.0384615384614,0.15897435897435896,0.10256410256410256,3.148205128205128,0.09334415584415584,0.3080357142857143,0.4837662337662338,0.1148538961038961,0.39215686274509803
91,899.5156626506024,0.8481927710843373,0.0,0.0,5.265060240963855,2052.240963855422,0.4602409638554217,0.38795180722891565,0.7673734939759036,0.11258581235697941,0.24347826086956523,0.385812356979405,0.2581235697940503,0.45738636363636365
92,842.5290322580645,1.5483870967741935,0.0,0.0,5.264516129032258,2023.2516129032258,0.7129032258064516,0.8354838709677419,0.7883548387096775,0.11580882352941177,0.3290441176470588,0.3321078431372549,0.22303921568627452,0.5395833333333333
93,861.1260504201681,0.9215686274509803,0.0,0.0,5.394957983193278,2029.9719887955182,0.4173669467787115,0.5042016806722689,1.3235014005602241,0.1292834890965732,0.29698857736240913,0.3078920041536864,0.26583592938733125,0.547112462006079
94,924.182119205298,1.3774834437086092,0.0,0.0,4.874172185430464,2055.9039735099336,0.7119205298013245,0.6655629139072847,2.022980132450331,0.16576086956521738,0.15557065217391305,0.42459239130434784,0.25407608695652173,0.4831730769230769
95,902.0503597122303,1.3884892086330936,0.0,0.0,5.402877697841727,2044.5947242206234,0.5683453237410072,0.8201438848920863,-0.4062829736211031,0.11451398135818908,0.2396804260985353,0.3719485130936529,0.27385707944962273,0.5906735751295337
96,861.0392156862745,1.2411764705882353,0.0,0.0,5.327450980392157,2019.6411764705883,0.615686274509804,0.6254901960784314,2.3278823529411765,0.11851306588148694,0.26058152373941845,0.3492822966507177,0.2716231137283769,0.5039494470774092
97,877.3948339483395,1.7121771217712176,0.0,0.0,5.051660516605166,2059.7380073800737,0.8339483394833949,0.8782287822878229,1.7362730627306273,0.1848064280496713,0.17677136596055515,0.40613586559532505,0.2322863403944485,0.5129310344827587
98,826.370288248337,0.5986696230598669,0.0,0.0,5.206208425720621,2029.2749445676275,0.3370288248337029,0.2616407982261641,0.2801108647450111,0.12052810902896081,0.2900340715502555,0.28321976149914824,0.3062180579216354,0.43703703703703706
99,836.4968421052631,0.5894736842105263,0.0,0.0,6.027368421052632,2008.7073684210527,0.32,0.2694736842105263,4.060905263157895,0.10234020258470136,0.3024799161718477,0.3971358714634998,0.1980440097799511,0.45714285714285713
100,874.1654676258993,0.4028776978417266,0.0,0.0,5.304556354916067,2056.076738609113,0.24700239808153476,0.15587529976019185,0.19546762589928063,0.09086799276672694,0.21835443037974683,0.4204339963833635,0.27034358047016277,0.3869047619047619
101,868.302752293578,0.36009174311926606,0.0,0.0,5.690366972477064,2025.116972477064,0.19954128440366972,0.16055045871559634,0.845665137614679,0.08907698508665861,0.3373639661426844,0.38653768641676745,0.18702136235388955,0.445859872611465
102,830.7002518891687,1.2267002518891688,0.0,0.0,5.702770780856423,2014.27959697733,0.5843828715365239,0.6423173803526449,2.9673047858942065,0.11130742049469965,0.2963780918727915,0.3321554770318021,0.26015901060070673,0.5236139630390144
103,879.8229885057472,0.8275862068965517,0.0,0.0,4.777011494252873,2058.3954022988505,0.4827586206896552,0.3448275862068966,-0.06204597701149424,0.12078922040423484,0.20741097208854667,0.28248315688161696,0.38931665062560156,0.4166666666666667
104,869.4827586206897,0.4885057471264368,0.0,0.0,4.968390804597701,2025.4022988505747,0.19827586206896552,0.29022988505747127,0.6842241379310344,0.12203585887796414,0.26026604973973394,0.41526894158473104,0.20242914979757085,0.5941176470588235
105,867.356993736952,0.6471816283924844,0.0,0.0,5.475991649269311,2032.8079331941544,0.24217118997912318,0.40501043841336115,1.12776617954071,0.10293556995806329,0.2504765535646207,0.39344262295081966,0.25314525352649636,0.6258064516129033
106,922.5098039215686,0.4549019607843137,0.0,0.0,4.617647058823529,2060.956862745098,0.2235294117647059,0.23137254901960785,-0.304078431372549,0.10276008492569003,0.12526539278131635,0.3719745222929936,0.4,0.5086206896551724
107,791.7973421926911,0.7641196013289037,0.0,0.0,6.019933554817276,2033.5016611295682,0.3687707641196013,0.3953488372093023,-0.6987043189368771,0.12086092715231789,0.3824503311258278,0.38631346578366443,0.11037527593818984,0.5173913043478261
108,790.3282608695653,1.4847826086956522,0.0,0.0,6.069565217391304,2016.5869565217392,0.7347826086956522,0.75,4.009717391304348,0.10637535816618911,0.2704154727793696,0.4154727793696275,0.20773638968481375,0.5051244509516838
109,923.1610389610389,1.8233766233766233,0.0,0.0,5.072727272727272,2059.2337662337663,0.9818181818181818,0.8415584415584415,0.9599480519480519,0.10650281618023553,0.16231438812083973,0.4679979518689196,0.2631848438300051,0.46153846153846156
110,863.910411622276,0.5036319612590799,0.0,0.0,5.423728813559322,2036.0290556900727,0.18886198547215496,0.31476997578692495,-0.3062227602905569,0.090625,0.29330357142857144,0.4075892857142857,0.20848214285714287,0.625
111,888.7352245862884,1.1371158392434988,0.0,0.0,6.177304964539007,2017.9550827423168,0.5768321513002365,0.5602836879432624,2.1737352245862884,0.09529276693455797,0.3383084577114428,0.41102181400688864,0.1553769613471106,0.49272349272349275
112,984.6778042959427,2.2577565632458234,0.0,0.0,4.873508353221957,2050.4343675417663,1.1909307875894988,1.0668257756563246,1.0821957040572794,0.11949069539666993,0.15964740450538686,0.40352595494613125,0.31733594515181196,0.4725158562367865
113,908.2090517241379,1.646551724137931,0.0,0.0,5.355603448275862,2047.9116379310344,0.7413793103448276,0.9051724137931034,-0.48323275862068965,0.11187122736418512,0.2688128772635815,0.31348088531187124,0.3058350100603622,0.5497382198952879
114,945.273631840796,1.3830845771144278,0.0,0.0,5.539800995024875,2016.2686567164178,0.7089552238805971,0.6741293532338308,2.934776119402985,0.12483161203412663,0.263134261338123,0.3911091154018859,0.2209250112258644,0.48741007194244607
115,969.6392785571143,2.8216432865731464,0.0,0.0,5.130260521042084,2049.052104208417,1.4669338677354709,1.3547094188376754,2.1369739478957914,0.130859375,0.1421875,0.358203125,0.36875,0.48011363636363635
116,874.0792291220557,3.394004282655246,0.0,0.0,5.471092077087794,2052.3640256959316,1.6659528907922911,1.728051391862955,-0.27770877944325484,0.10998043052837574,0.2720156555772994,0.3275929549902153,0.29041095890410956,0.5091482649842272
117,885.5274725274726,3.0467032967032965,0.0,0.0,6.035714285714286,2023.2005494505495,1.5631868131868132,1.4835164835164836,2.52728021978022,0.13336367774237598,0.32134729176149296,0.36595357305416476,0.17933545744196633,0.48692515779981965
118,849.320564516129,0.7641129032258065,0.0,0.0,4.860887096774194,2050.0423387096776,0.39314516129032256,0.3709677419354839,1.4940927419354837,0.10659477395271671,0.13562836997096642,0.37245956034840316,0.38531729572791373,0.48548812664907653
119,887.7149122807018,0.5789473684210527,0.0,0.0,5.717105263157895,2037.951754385965,0.2850877192982456,0.29385964912280704,-0.39708333333333334,0.09321058688147296,0.286536248561565,0.36517069428461835,0.2550824702723437,0.5075757575757576
120,860.9564220183486,0.41284403669724773,0.0,0.0,6.18348623853211,2024.9701834862385,0.17889908256880735,0.23394495412844038,1.1885321100917432,0.10014836795252226,0.30897626112759646,0.4580860534124629,0.1327893175074184,0.5666666666666667
121,958.6458333333334,0.9490740740740741,0.0,0.0,5.710648148148148,2058.4675925925926,0.4699074074074074,0.4791666666666667,-0.3912037037037037,0.10133765707336846,0.2168625861370085,0.38062423996757194,0.30117551682205107,0.5048780487804878
122,896.9851063829788,1.8425531914893618,0.0,0.0,5.004255319148936,2042.9446808510638,0.8446808510638298,0.997872340425532,0.8071914893617022,0.10119047619047619,0.2508503401360544,0.32908163265306123,0.31887755102040816,0.5415704387990762
123,879.8423645320197,0.8817733990147784,0.0,0.0,5.433497536945813,2027.5098522167489,0.49014778325123154,0.3916256157635468,1.8609359605911329,0.11514052583862194,0.28649138712601996,0.3213961922030825,0.27697189483227563,0.4441340782122905
124,960.5464480874317,1.7459016393442623,0.0,0.0,5.049180327868853,2053.2868852459014,0.9426229508196722,0.8032786885245902,2.009071038251366,0.12554112554112554,0.170995670995671,0.43506493506493504,0.2683982683982684,0.460093896713615
125,939.104033970276,1.89171974522293,0.0,0.0,5.556263269639066,2047.104033970276,0.9447983014861996,0.9469214437367304,-0.48690021231422503,0.12113106610622851,0.23118074130683988,0.372946121513183,0.27474207107374854,0.500561167227834
126,915.6977186311788,1.3346007604562737,0.0,0.0,5.482889733840304,2027.6977186311788,0.7395437262357415,0.5950570342205324,1.244277566539924,0.1036754507628294,0.24445214979195562,0.37274618585298197,0.279126213592233,0.4458689458689459
127,910.1435643564356,0.6683168316831684,0.0,0.0,5.207920792079208,2056.7772277227723,0.28465346534653463,0.38366336633663367,0.5943564356435643,0.1482889733840304,0.17015209125475286,0.40922053231939165,0.2723384030418251,0.5740740740740741
128,916.6409736308317,0.6937119675456389,0.0,0.0,5.716024340770791,2036.4361054766734,0.3204868154158215,0.37322515212981744,0.23896551724137932,0.09971611071682045,0.3066004258339248,0.31050390347764373,0.2831795599716111,0.5380116959064327
129,843.0181451612904,0.4173387096774194,0.0,0.0,6.433467741935484,2026.1270161290322,0.18346774193548387,0.23387096774193547,2.8921370967741935,0.0940144155437167,0.3042933249764964,0.4155437167032278,0.18614854277655907,0.5603864734299517
130,843.4643584521385,0.219959266802444,0.0,0.0,5.391038696537678,2053.089613034623,0.13238289205702647,0.08757637474541752,0.41617107942973525,0.10729127313940309,0.22100491122024934,0.3751416698148848,0.2965621458254628,0.39814814814814814
131,858.4243070362473,0.9445628997867804,0.0,0.0,6.537313432835821,2044.362473347548,0.39445628997867804,0.5501066098081023,-0.48428571428571426,0.10991519895629484,0.36888454011741684,0.3633398564905414,0.1578604044357469,0.582392776523702
132,817.8667883211679,0.9288321167883211,0.0,0.0,6.401459854014599,2013.8120437956204,0.4051094890510949,0.5237226277372263,4.604726277372262,0.11088939566704675,0.34179019384264536,0.32297605473204105,0.2243443557582668,0.5638506876227898
133,847.155722326454,0.5891181988742964,0.0,0.0,5.527204502814259,2054.075046904315,0.324577861163227,0.26454033771106944,0.4325703564727955,0.1208418194161575,0.25865580448065173,0.28852681602172436,0.3319755600814664,0.44904458598726116
134,816.8897058823529,0.8308823529411765,0.0,0.0,6.480392156862745,2028.6299019607843,0.3382352941176471,0.49264705882352944,1.4227941176470589,0.11346444780635401,0.37632375189107414,0.34190620272314676,0.16830559757942512,0.5929203539823009
135,869.817843866171,1.178438661710037,0.0,0.0,5.845724907063197,2030.5130111524163,0.5799256505576208,0.5985130111524164,2.2186988847583646,0.11637519872813991,0.24419713831478537,0.3853736089030207,0.25405405405405407,0.5078864353312302
136,857.1816578483246,0.6843033509700176,0.0,0.0,5.432098765432099,2056.225749559083,0.3897707231040564,0.2945326278659612,1.2618342151675486,0.11233766233766233,0.17337662337662338,0.35584415584415585,0.35844155844155845,0.43041237113402064
137,817.7893700787401,0.7047244094488189,0.0,0.0,6.34251968503937,2042.8838582677165,0.36023622047244097,0.34448818897637795,-0.04309055118110235,0.11204220980757294,0.36778398510242083,0.30757293606455616,0.21260086902545003,0.4888268156424581
138,841.846394984326,0.5172413793103449,0.0,0.0,6.424764890282131,2005.3134796238244,0.22413793103448276,0.29310344827586204,5.819373040752351,0.11612588436203952,0.3215418394730422,0.3278848499634057,0.23444742620151257,0.5666666666666667
139,834.650406504065,0.7203252032520325,0.0,0.0,5.933333333333334,2042.6634146341464,0.3235772357723577,0.3967479674796748,2.358178861788618,0.10359002466429158,0.21403124143600988,0.3979172375993423,0.2844614963003563,0.5507900677200903
140,852.5420240137221,0.8627787307032591,0.0,0.0,6.480274442538594,2035.9845626072042,0.43567753001715265,0.42710120068610635,2.243156089193825,0.08628904182106935,0.38353626257278983,0.32186341979883537,0.20831127580730546,0.49502982107355864
141,882.0663349917081,1.2023217247097844,0.0,0.0,6.917081260364842,2044.6600331674958,0.5472636815920398,0.6550580431177446,2.2456053067993365,0.09829777031886838,0.35722848237832655,0.36178374490529847,0.1826900023975066,0.5448275862068965
142,836.3577661431065,1.2547993019197208,0.0,0.0,5.534031413612565,2072.366492146597,0.6614310645724258,0.5933682373472949,0.48279232111692844,0.11479028697571744,0.20813623462630085,0.32134973194575844,0.35572374645222327,0.4728789986091794
143,830.2863705972435,0.9433384379785605,0.0,0.0,6.055130168453292,2050.739663093415,0.41500765696784075,0.5283307810107197,-0.1004134762633997,0.09939301972685888,0.3431967627718766,0.26783004552352047,0.28958017197774405,0.560064935064935
144,801.6773648648649,0.9054054054054054,0.0,0.0,6.952702702702703,2017.875,0.3969594594594595,0.5084459459459459,4.002888513513514,0.11443148688046648,0.380466472303207,0.31146744412050537,0.1936345966958212,0.5615671641791045
145,821.7901049475263,0.7256371814092953,0.0,0.0,5.809595202398801,2049.5262368815593,0.3613193403298351,0.36431784107946025,2.3481559220389805,0.1089032258064516,0.1889032258064516,0.3561290322580645,0.3460645161290323,0.5020661157024794
146,832.2735483870968,0.9987096774193548,0.0,0.0,5.953548387096774,2047.854193548387,0.44387096774193546,0.5548387096774193,0.4210193548387096,0.0929778933680104,0.29605548331166015,0.31686172518422195,0.2941048981361075,0.5555555555555556
147,805.9278846153846,0.7692307692307693,0.0,0.0,6.706730769230769,2030.360576923077,0.36378205128205127,0.40544871794871795,1.9980929487179486,0.1029868578255675,0.33524492234169656,0.3433691756272401,0.21839904420549583,0.5270833333333333
148,813.1409395973154,0.8308724832214766,0.0,0.0,5.373154362416107,2024.1785234899328,0.4,0.43087248322147653,5.256510067114093,0.10242318261304022,0.169872595553335,0.3597302023482388,0.36797401948538594,0.518578352180937
149,864.5190839694657,0.8687022900763359,0.0,0.0,6.737404580152671,2057.1068702290077,0.5236641221374045,0.3450381679389313,-0.429618320610687,0.09290731928393384,0.3401314298663041,0.32993428506684797,0.23702696578291413,0.39718804920913886
150,857.3395472703063,0.5659121171770972,0.0,0.0,6.625832223701731,2008.3155792276964,0.2982689747003995,0.26764314247669774,4.829374167776298,0.09766881028938906,0.3508842443729904,0.34766881028938906,0.2037781350482315,0.47294117647058825
151,893.8438438438438,0.6561561561561562,0.0,0.0,6.256756756756757,2051.421921921922,0.3138138138138138,0.34234234234234234,0.48103603603603606,0.1048716102711783,0.253899688024958,0.337892968562515,0.3033357331413487,0.5217391304347826
152,852.2432778489117,0.6619718309859155,0.0,0.0,6.153649167733675,2040.6581306017927,0.2791293213828425,0.382842509603073,1.3077720870678617,0.09092800665834373,0.3175197669579692,0.3208489388264669,0.2707032875572201,0.5783365570599613
153,839.6496453900709,0.900709219858156,0.0,0.0,6.5702127659574465,2035.5517730496454,0.4326241134751773,0.46808510638297873,2.332198581560284,0.10146804835924007,0.33570811744386875,0.28972366148531953,0.27310017271157166,0.5196850393700787
154,874.1713286713286,0.9125874125874126,0.0,0.0,5.777972027972028,2053.2027972027972,0.3688811188811189,0.5437062937062938,2.0924650349650347,0.13282904689863842,0.20786686838124055,0.36248108925869893,0.2968229954614221,0.5957854406130269
155,892.1857764876632,0.8621190130624092,0.0,0.0,6.2249637155297535,2051.2859216255442,0.4339622641509434,0.4281567489114659,-0.6189259796806966,0.10631848915831196,0.2923758451853579,0.3324784332012124,0.26882723245511775,0.49663299663299665
156,860.1538461538462,2.0904183535762484,0.0,0.0,6.367071524966262,2015.1970310391364,0.979757085020243,1.1106612685560053,5.533873144399461,0.11869436201780416,0.29122509537939806,0.3569309029249682,0.2331496396778296,0.5313105229180116
157,902.7850609756098,0.9253048780487805,0.0,0.0,5.929878048780488,2057.6326219512193,0.3902439024390244,0.5350609756097561,1.4414024390243902,0.1300771208226221,0.20334190231362467,0.3763496143958869,0.29023136246786635,0.5782537067545305
158,931.6557610241821,1.1849217638691323,0.0,0.0,6.283072546230441,2061.9388335704125,0.6756756756756757,0.5092460881934566,1.946258890469417,0.10685985963323523,0.3321258772922798,0.2988453701607426,0.26216889291374235,0.4297719087635054
159,886.2208774583963,1.4296520423600605,0.0,0.0,6.661119515885023,2021.285930408472,0.7685325264750378,0.6611195158850227,4.821346444780636,0.11151487622075858,0.334317510788099,0.37133772427890077,0.18282988871224165,0.4624338624338624
160,902.420895522388,0.5194029850746269,0.0,0.0,6.013432835820896,2022.3820895522388,0.3,0.21940298507462686,5.263298507462687,0.10945644080416977,0.2333085132787292,0.3695706130553487,0.2876644328617523,0.4224137931034483
161,923.8029411764705,2.5176470588235293,0.0,0.0,6.597058823529411,2055.335294117647,1.214705882352941,1.3029411764705883,0.5902941176470589,0.09808292465448061,0.3548818546589389,0.33325902808738295,0.2137761925991975,0.5175233644859814
162,876.5393258426966,2.7952559300873907,0.0,0.0,6.430711610486892,2023.283395755306,1.2983770287141074,1.4968789013732835,5.68960049937578,0.10425160163075131,0.3459522422830518,0.30867792661619103,0.24111822947000583,0.5355069227333631
163,904.6520423600605,0.9909228441754917,0.0,0.0,6.027231467473525,2061.3827534039333,0.405446293494705,0.5854765506807866,0.4324205748865356,0.1086847389558233,0.27836345381526106,0.3119979919678715,0.3009538152610442,0.5908396946564886
164,872.8170542635659,0.8418604651162791,0.0,0.0,6.626356589147287,2041.6,0.4077519379844961,0.43410852713178294,0.23804651162790696,0.10622367805334582,0.35049134300421153,0.3554047730463266,0.18788020589611604,0.5156537753222836
165,926.5236051502146,1.5150214592274678,0.0,0.0,6.1516452074391985,2027.8140200286123,0.7267525035765379,0.7882689556509299,2.924048640915594,0.10255813953488373,0.27837209302325583,0.3627906976744186,0.25627906976744186,0.5203021718602455
166,875.748959778086,1.6699029126213591,0.0,0.0,5.7309292649098476,2056.249653259362,0.9153952843273232,0.7545076282940361,1.141636615811373,0.09970958373668926,0.16311713455953533,0.40561471442400776,0.3315585672797677,0.45182724252491696
167,845.3451202263084,1.231966053748232,0.0,0.0,6.475247524752476,2050.4978783592646,0.5685997171145686,0.6633663366336634,0.1905091937765205,0.10244648318042814,0.33245958934032327,0.3241590214067278,0.24093490607252074,0.5384615384615384
168,839.4221698113207,1.5141509433962264,0.0,0.0,6.5825471698113205,2032.1344339622642,0.7393867924528302,0.7747641509433962,2.852747641509434,0.1008599068434253,0.32300250806162667,0.33321390182730204,0.24292368326764602,0.5116822429906542
169,827.0526315789474,2.2724458204334366,0.0,0.0,5.989164086687307,2052.7414860681115,1.1253869969040247,1.1470588235294117,1.1525077399380805,0.10390281726544327,0.23649521840268803,0.3866632204704058,0.2729387438614629,0.5047683923705722
170,898.1621621621622,0.7527027027027027,0.0,0.0,6.295945945945946,2045.8986486486488,0.3824324324324324,0.37027027027027026,-0.14102702702702702,0.08886027044430135,0.3676754668383773,0.32066967160334836,0.22279459111397296,0.4919210053859964
171,880.4826700898587,1.7650834403080873,0.0,0.0,6.7304236200256735,2025.6842105263158,0.8626444159178434,0.9024390243902439,3.7816174582798463,0.09307648292962045,0.3597177188632462,0.3492275414838833,0.19797825672325003,0.5112727272727273
172,962.0221642764016,2.650586701434159,0.0,0.0,5.485006518904824,2047.1968709256844,1.4054758800521512,1.245110821382008,1.980691003911343,0.09959591157594486,0.17827430473021155,0.3525077252198716,0.36962205847397195,0.46974913920314804
173,930.3847203274215,3.286493860845839,0.0,0.0,6.120054570259208,2053.5320600272853,1.5839017735334242,1.7025920873124147,-0.032537517053206,0.10365581810075791,0.3118591172536781,0.28756130182790907,0.2969237628176549,0.5180572851805728
174,941.1847649918963,2.0372771474878446,0.0,0.0,6.823338735818477,2027.359805510535,1.0340356564019448,1.0032414910858996,4.236466774716369,0.10451306413301663,0.3498812351543943,0.35748218527315917,0.18812351543942993,0.492442322991249
175,1000.9089709762533,2.841688654353562,0.0,0.0,5.800791556728232,2074.439313984169,1.3258575197889182,1.5158311345646438,2.5073614775725592,0.09279053900386627,0.18762792813281784,0.3713895838071412,0.3481919490561747,0.5334261838440112
176,944.8377659574468,2.7845744680851063,0.0,0.0,6.207446808510638,2051.808510638298,1.3071808510638299,1.4773936170212767,0.15216755319148936,0.09490145672664953,0.3157669237360754,0.3393316195372751,0.25,0.5305635148042025
177,923.063768115942,2.5014492753623188,0.0,0.0,6.740579710144927,2036.9391304347826,1.2884057971014493,1.2130434782608697,2.8880144927536233,0.10169855944958074,0.3216512577940228,0.3883035906256719,0.18834659213072458,0.48493626882966395
178,879.5498812351544,1.9667458432304037,0.0,0.0,5.6128266033254155,2044.148456057007,0.9156769596199525,1.0510688836104514,2.1015795724465556,0.09585272958104105,0.19212865002115953,0.35421074904782057,0.3578078713499788,0.5344202898550725
179,881.1135371179039,1.5312954876273654,0.0,0.0,6.774381368267831,2051.886462882096,0.75254730713246,0.7787481804949054,-0.4949781659388646,0.09561667382896433,0.37537602062741726,0.32574129780833694,0.20326600773528147,0.5085551330798479
180,863.4437086092715,0.8834437086092716,0.0,0.0,6.872847682119206,2009.7867549668874,0.4304635761589404,0.45298013245033114,5.571695364238411,0.09886297937945654,0.39294661784544227,0.3305068413952592,0.17768356137984198,0.512743628185907
181,889.1231593038822,1.2811244979919678,0.0,0.0,6.456492637215529,2059.091030789826,0.6599732262382865,0.6211512717536813,0.5154618473895582,0.11507360563964338,0.2867509848641924,0.32821895086046027,0.26995645863570394,0.48484848484848486
182,897.4203233256351,0.9445727482678984,0.0,0.0,6.26905311778291,2049.2378752886834,0.4445727482678984,0.5,0.39081986143187064,0.09117701234113096,0.3210536010314975,0.32160618898508014,0.2661631976422914,0.5293398533007335
183,891.6389521640091,0.6264236902050114,0.0,0.0,6.453302961275626,2035.3861047835992,0.27904328018223234,0.34738041002277903,3.0496241457858773,0.09830568302153195,0.35968937522061417,0.2679138722202612,0.27409106953759266,0.5545454545454546
184,929.3586005830904,0.6807580174927114,0.0,0.0,5.975218658892128,2044.969387755102,0.33090379008746357,0.3498542274052478,2.1563411078717203,0.11588192242010247,0.24030251280800194,0.3476457672603074,0.2961697975115882,0.5139186295503212
185,985.2541666666667,1.5302083333333334,0.0,0.0,6.184375,2067.0333333333333,0.7552083333333334,0.775,0.021385416666666653,0.09314468586828364,0.3082364830722587,0.3193532086912582,0.2792656223681994,0.5064669843430906
186,919.1271367521367,1.314102564102564,0.0,0.0,6.338675213675214,2032.0555555555557,0.6367521367521367,0.6773504273504274,3.4647115384615383,0.10062363054104163,0.3050733187257711,0.3446822855216585,0.24962076521152873,0.5154471544715448
187,921.130023640662,2.0401891252955084,0.0,0.0,5.829787234042553,2069.9078014184397,0.9527186761229315,1.0874704491725768,1.3367257683215128,0.10888077858880779,0.19444444444444445,0.3700324412003244,0.3266423357664234,0.5330243337195828
188,985.8615879828326,2.121244635193133,0.0,0.0,6.337982832618025,2059.738197424893,1.0375536480686696,1.0836909871244635,0.37340128755364804,0.09327916031826647,0.33908921618418825,0.30303030303030304,0.2646013204672423,0.5108750632271117
189,983.3164835164836,2.00989010989011,0.0,0.0,6.615384615384615,2050.0186813186815,0.9593406593406594,1.0505494505494506,3.264912087912088,0.09252491694352159,0.3460132890365448,0.3511627906976744,0.21029900332225915,0.5226899945325314
190,946.9067599067599,1.641025641025641,0.0,0.0,6.136363636363637,2037.1806526806527,0.8006993006993007,0.8403263403263403,5.294463869463869,0.08831908831908832,0.255650522317189,0.36752136752136755,0.28850902184235516,0.5120738636363636
191,997.0737704918033,1.2540983606557377,0.0,0.0,7.02576112412178,2069.5737704918033,0.6217798594847775,0.6323185011709602,-0.18836065573770494,0.094,0.3581666666666667,0.32266666666666666,0.22516666666666665,0.5042016806722689
192,971.943025540275,0.9833005893909627,0.0,0.0,6.600196463654224,2059.8310412573674,0.48035363457760316,0.5029469548133595,4.308398821218074,0.08855484447090341,0.33635957731805327,0.32043458848042866,0.2546509897306147,0.5114885114885115
193,915.0190249702734,0.7300832342449465,0.0,0.0,5.991676575505351,2067.230677764566,0.3816884661117717,0.34839476813317477,0.36195005945303216,0.09724151617384402,0.2665211351458623,0.2927168088906529,0.3435205397896408,0.4771986970684039
194,966.1291666666667,1.1833333333333333,0.0,0.0,6.726388888888889,2065.225,0.5541666666666667,0.6291666666666667,0.20844444444444443,0.09456948172620276,0.34916374148255214,0.3283088994424943,0.22795787734875078,0.5316901408450704
195,992.4989495798319,0.7195378151260504,0.0,0.0,6.448529411764706,2036.4506302521008,0.35294117647058826,0.36659663865546216,3.3992647058823526,0.09122006841505131,0.30835640983873597,0.35478090894282455,0.24564261280338817,0.5094890510948905
196,958.0966292134832,0.9056179775280899,0.0,0.0,6.1247191011235955,2055.4337078651683,0.45280898876404496,0.45280898876404496,2.9139101123595506,0.09869748669968813,0.20986974866996883,0.34764263437901305,0.34379013025133004,0.5
197,985.545842217484,1.4051172707889126,0.0,0.0,6.5106609808102345,2089.2547974413646,0.6428571428571429,0.7622601279317697,0.3792324093816631,0.0936630096610447,0.3389552971999345,0.3101359096119207,0.25724578352710004,0.5424886191198786
198,1010.7753694581281,1.3221674876847291,0.0,0.0,6.541871921182266,2031.7379310344827,0.7064039408866996,0.6157635467980296,5.220916256157635,0.08629518072289157,0.33870481927710844,0.3385542168674699,0.23644578313253012,0.46572280178837555
199,988.4760312151617,1.318840579710145,0.0,0.0,5.927536231884058,2071.5083612040135,0.6309921962095875,0.6878483835005574,0.996432552954292,0.0902764716945646,0.23359037050968592,0.37577581342862515,0.3003573443671243,0.5215553677092138
200,1056.9400206825233,1.1023784901758014,0.0,0.0,6.56153050672182,2056.5284384694933,0.47156153050672184,0.6308169596690796,0.9215408479834539,0.08085106382978724,0.3574468085106383,0.3366430260047281,0.22505910165484633,0.5722326454033771
201,1011.704885343968,2.1385842472582253,0.0,0.0,6.967098703888335,2068.2023928215353,1.0149551345962113,1.123629112662014,4.19430707876371,0.09144247281053235,0.34473382942186603,0.3533199771036062,0.21050372066399542,0.5254079254079254
202,1033.3730729701954,0.8273381294964028,0.0,0.0,5.915724563206577,2056.0966084275437,0.4573484069886948,0.3699897225077081,2.5964131551901337,0.09225156358582348,0.2334954829742877,0.325225851285615,0.3490271021542738,0.4472049689440994
203,1033.0039761431412,1.0745526838966202,0.0,0.0,6.540755467196819,2063.688866799205,0.5675944333996024,0.5069582504970179,-0.4257157057654075,0.08708206686930091,0.352887537993921,0.278419452887538,0.2816109422492401,0.47178538390379277
204,1021.6730987514188,1.1430192962542565,0.0,0.0,7.090805902383655,2010.3575482406357,0.5607264472190693,0.5822928490351873,5.9977752553916,0.09668640947654875,0.37361933728189534,0.3483271970545862,0.18136705618696974,0.5094339622641509
205,1037.0156097560975,0.8224390243902439,0.0,0.0,5.837073170731707,2051.7814634146343,0.4351219512195122,0.3873170731707317,2.2569853658536583,0.09877987631622932,0.22948353668728064,0.3449774360688618,0.3267591509276283,0.4709371293001186
206,1050.224120603015,1.1457286432160805,0.0,0.0,6.609045226130653,2055.1638190954773,0.5899497487437186,0.5557788944723618,0.2025527638190955,0.08424574209245742,0.31782238442822386,0.3380474452554745,0.2598844282238443,0.4850877192982456
207,1039.7036659877801,1.5417515274949083,0.0,0.0,6.995926680244399,2049.171079429735,0.7841140529531568,0.7576374745417516,2.845346232179226,0.0965065502183406,0.35181950509461424,0.34963609898107717,0.20203784570596797,0.4914134742404227
208,1022.7715231788079,1.2119205298013245,0.0,0.0,5.990066225165563,2058.4900662251657,0.6313465783664459,0.5805739514348786,2.9222295805739513,0.10208218168417173,0.23032983231988208,0.3521282476506357,0.3154597383453105,0.4790528233151184
209,1072.6511175898931,1.4178814382896014,0.0,0.0,6.770651117589893,2074.0903790087464,0.7473275024295433,0.6705539358600583,0.4539747327502429,0.08095306444667719,0.35869097172384096,0.34247165207406344,0.2178843117554184,0.4729266620973269
210,1031.8397017707362,1.0633737185461323,0.0,0.0,7.18452935694315,2025.7157502329917,0.5256290773532153,0.5377446411929171,6.104147250698975,0.08107406926968479,0.38124270333376575,0.3581528084057595,0.17953041899078998,0.5056967572304996
211,1031.4041331802525,1.3880597014925373,0.0,0.0,6.7370838117106775,2048.182548794489,0.6498277841561424,0.7382319173363949,3.7444202066590124,0.1003749147920927,0.29669393319700066,0.35412406271301977,0.24880708929788684,0.5318444995864351
212,1058.3450704225352,1.2922535211267605,0.0,0.0,6.470950704225352,2065.492957746479,0.6390845070422535,0.653169014084507,0.1875088028169014,0.08855937967623452,0.3277105155761121,0.3226771867773092,0.2610529179703442,0.5054495912806539
213,1046.0352697095436,1.4128630705394192,0.0,0.0,7.088174273858921,2032.0352697095436,0.716804979253112,0.696058091286307,4.40396265560166,0.09395580272208401,0.37435972486462754,0.2950387823796283,0.23664569003366018,0.49265785609397944
214,1045.6427732079906,0.6145710928319624,0.0,0.0,6.475910693301998,2038.3243243243244,0.30552291421856637,0.309048178613396,3.116321974148061,0.1086917074941027,0.26238432226456176,0.3699872981310107,0.2589366721103248,0.502868068833652
215,1076.3613817537644,0.929140832595217,0.0,0.0,6.441098317094774,2059.897254207263,0.479185119574845,0.449955713020372,-0.1410540301151461,0.08594609460946094,0.30844334433443343,0.3358085808580858,0.2698019801980198,0.48427073403241183
216,997.5710253998119,1.0188146754468486,0.0,0.0,6.7525870178739416,2015.2436500470367,0.4308560677328316,0.587958607714017,5.24414863593603,0.0979381443298969,0.3225132348843689,0.33783783783783783,0.24171078294789636,0.577100646352724
217,1018.7589803012746,0.761297798377752,0.0,0.0,6.342989571263036,2059.3290845886445,0.3986095017381228,0.3626882966396292,0.2105909617612978,0.10485933503836317,0.23785166240409208,0.3670076726342711,0.29028132992327366,0.4764079147640791
218,1024.805443548387,1.3296370967741935,0.0,0.0,6.80241935483871,2059.8407258064517,0.7116935483870968,0.6179435483870968,0.4536693548387096,0.08209839952578542,0.36618257261410786,0.31342620035566093,0.23829282750444578,0.46474601971190294
219,997.0365965233303,0.9661482159194876,0.0,0.0,7.088746569075938,2032.75846294602,0.41171088746569073,0.5544373284537969,3.1446111619396158,0.09112028910686629,0.3652555498193082,0.3422818791946309,0.20134228187919462,0.5738636363636364
220,992.65,0.7520833333333333,0.0,0.0,6.838541666666667,2037.2791666666667,0.334375,0.41770833333333335,3.5911666666666666,0.0916984006092917,0.2785986290936786,0.3655750190403656,0.2641279512566641,0.5554016620498615
221,1029.5175983436852,1.289855072463768,0.0,0.0,7.357142857142857,2056.883022774327,0.6532091097308489,0.6366459627329193,-0.6202070393374741,0.08977064865625439,0.39186717320951175,0.3284086112283664,0.18995356690586745,0.49357945425361155
222,1000.1314338235294,0.9770220588235294,0.0,0.0,7.0193014705882355,2034.8143382352941,0.4944852941176471,0.48253676470588236,4.46765625,0.08917114050019641,0.37135000654707345,0.31242634542359565,0.22705250752913447,0.49388523047977423
223,981.2380952380952,0.6476190476190476,0.0,0.0,6.438095238095238,2042.85,0.325,0.32261904761904764,2.5318690476190477,0.10669378698224852,0.3213757396449704,0.25536242603550297,0.3165680473372781,0.49816176470588236
224,956.0875,0.845,0.0,0.0,7.29625,2051.26125,0.3775,0.4675,1.2238625,0.10433441836559877,0.4026040774370396,0.28799040603049514,0.20507109816686653,0.5532544378698225
225,978.426862925483,0.6237350505979761,0.0,0.0,6.991720331186753,2021.2851885924563,0.32290708371665133,0.30082796688132474,4.496954921803128,0.09460526315789473,0.3386842105263158,0.34421052631578947,0.2225,0.4823008849557522
226,971.458071278826,0.6918238993710691,0.0,0.0,6.151991614255765,2040.814465408805,0.38469601677148846,0.30712788259958074,2.6540251572327045,0.1012097461237008,0.2307036973930823,0.33719543363434995,0.3308911228488669,0.44393939393939397
227,989.0980392156863,1.0939112487100102,0.0,0.0,6.688338493292053,2047.5861713106294,0.5459236326109391,0.5479876160990712,1.4402476780185758,0.09412127758062028,0.3633698503317389,0.2988736306125598,0.243635241475081,0.5009433962264151
228,966.3669811320755,1.2018867924528303,0.0,0.0,7.018867924528302,2041.0556603773584,0.5764150943396227,0.6254716981132076,4.062528301886792,0.09112903225806451,0.36008064516129035,0.31451612903225806,0.2342741935483871,0.5204081632653061
229,937.7276736493936,0.958103638368247,0.0,0.0,6.531422271223815,2058.582138919515,0.4785005512679162,0.4796030871003308,0.9245644983461961,0.09419311276164753,0.2596218771100608,0.3723835246455098,0.2738014854827819,0.5005753739930955
230,1003.8703506907545,1.4505844845908609,0.0,0.0,7.147715196599362,2050.8586609989375,0.7800212539851222,0.6705632306057385,0.39302869287991493,0.08682723758548914,0.40440083258994947,0.3294677371394588,0.1793041926851026,0.4622710622710623
231,977.7830739299611,1.698443579766537,0.0,0.0,7.253891050583658,2026.3171206225682,0.8599221789883269,0.8385214007782101,4.695603112840467,0.09494434759286577,0.37173125921952527,0.34893388762236827,0.18439050556524073,0.4936998854524628
232,957.8142380422692,0.7942157953281423,0.0,0.0,6.349276974416018,2028.650723025584,0.42380422691879865,0.3704115684093437,4.686362625139044,0.1145760336370007,0.2636650315346882,0.30448493342676947,0.3172740014015417,0.46638655462184875
233,1000.6374002280502,1.2246294184720639,0.0,0.0,7.347776510832383,2059.132269099202,0.6271379703534777,0.5974914481185861,0.46743443557582676,0.10769708255741775,0.4335816263190565,0.24658597144630665,0.21213531967721913,0.48789571694599626
234,979.8025258323765,1.0378874856486797,0.0,0.0,7.6991963260619976,2001.9265212399541,0.5086107921928817,0.529276693455798,7.075774971297359,0.10438413361169102,0.42230838055472714,0.31747688637041455,0.15583059946316732,0.5099557522123894
235,952.4294049008168,1.2088681446907819,0.0,0.0,6.487747957992998,2040.1061843640607,0.6651108518086347,0.543757292882147,2.052543757292882,0.10845323741007194,0.2647482014388489,0.32194244604316546,0.30485611510791366,0.4498069498069498
236,977.311623246493,2.241482965931864,0.0,0.0,6.797595190380761,2050.4819639278558,1.156312625250501,1.0851703406813626,0.8196392785571143,0.09581367924528301,0.34684551886792453,0.3125,0.24484080188679244,0.4841305319624497
237,1008.8156732891832,1.5353200883002207,0.0,0.0,7.079470198675497,2034.3532008830023,0.7384105960264901,0.7969094922737306,3.378532008830022,0.10835671967570938,0.3507951356407858,0.33520424072341753,0.2056439039600873,0.5190510424155284
238,937.4978165938865,1.6331877729257642,0.0,0.0,6.004366812227074,2057.8646288209607,0.7685589519650655,0.8646288209606987,1.015796943231441,0.10854545454545454,0.21945454545454546,0.3710909090909091,0.3009090909090909,0.5294117647058824
239,1000.8482412060301,1.4894472361809046,0.0,0.0,7.08643216080402,2045.7276381909548,0.8170854271356784,0.6723618090452261,0.8039899497487437,0.09176003403772515,0.3737058573252021,0.3327187632959864,0.20181534534108636,0.451417004048583
240,1028.3870656370657,1.277027027027027,0.0,0.0,7.378378378378378,2013.6602316602316,0.5752895752895753,0.7017374517374517,6.239324324324324,0.09079016221873365,0.3762428048142334,0.3555729984301413,0.17739403453689168,0.5495086923658352
241,974.0253699788584,2.1913319238900635,0.0,0.0,6.603594080338266,2047.6744186046512,0.9820295983086681,1.2093023255813953,4.725634249471459,0.10324955978869857,0.27693292780534656,0.3537698095085641,0.26604770289739077,0.551857211770381
242,1010.4775119617225,1.120574162679426,0.0,0.0,6.70622009569378,2061.2918660287082,0.48899521531100476,0.631578947368421,0.11370334928229664,0.09018264840182648,0.3417522831050228,0.3344748858447489,0.23359018264840184,0.5636208368915457
243,987.4563206577595,1.264131551901336,0.0,0.0,7.057553956834532,2033.7410071942445,0.5580678314491264,0.7060637204522097,3.7747790339157246,0.0998980632008155,0.3891073248871414,0.2782874617737003,0.2327071501383428,0.5585365853658537
244,957.0084848484848,0.8181818181818182,0.0,0.0,7.0,2037.9951515151515,0.38666666666666666,0.4315151515151515,3.997321212121212,0.10025974025974026,0.2936796536796537,0.37887445887445886,0.22718614718614719,0.5274074074074074
245,945.2429022082019,1.4994742376445847,0.0,0.0,7.308096740273396,2065.6487907465826,0.6540483701366983,0.8454258675078864,0.34273396424815983,0.09266187050359712,0.35784172661870506,0.32863309352517983,0.220863309352518,0.5638148667601683
246,983.6038696537678,2.0723014256619146,0.0,0.0,7.538696537678208,2042.0427698574338,0.9989816700610998,1.0733197556008147,4.445325865580449,0.098743752532757,0.3544508982844793,0.32311225178981495,0.2236930973929488,0.5179361179361179
247,915.1960784313726,1.5110294117647058,0.0,0.0,6.511029411764706,2053.8186274509803,0.7708333333333334,0.7401960784313726,1.9420833333333334,0.11744776962168267,0.22906079427818557,0.37888198757763975,0.27460944852249203,0.48986212489862124
248,941.3148148148148,1.7581018518518519,0.0,0.0,7.40625,2080.2638888888887,0.9201388888888888,0.8379629629629629,-0.4686689814814815,0.0948585716518206,0.4010001562744179,0.279887482419128,0.22425378965463352,0.47662936142198814
249,907.3329886246122,1.6597724922440538,0.0,0.0,7.510858324715615,2054.6080661840742,0.8862461220268872,0.7735263702171665,3.4334022750775595,0.09087154068566708,0.38207352333746386,0.35288448299600716,0.1741704529808619,0.4660436137071651
250,917.772506082725,1.218978102189781,0.0,0.0,6.684914841849149,2074.317518248175,0.6715328467153284,0.5474452554744526,1.539476885644769,0.09918107370336669,0.3079162875341219,0.3381255686988171,0.25477707006369427,0.4491017964071856
251,953.6525252525253,1.5282828282828282,0.0,0.0,7.155555555555556,2067.310101010101,0.7494949494949495,0.7787878787878788,0.04598989898989894,0.08512140033879165,0.4140316205533597,0.30237154150197626,0.19847543760587238,0.5095836087243887
252,942.1070038910506,1.0729571984435797,0.0,0.0,7.115758754863813,2032.6605058365758,0.5778210116731517,0.49513618677042803,3.874737354085603,0.09200273410799727,0.3875598086124402,0.3089542036910458,0.21148325358851675,0.4614687216681777
253,958.8065693430657,0.9878345498783455,0.0,0.0,6.529197080291971,2060.5681265206813,0.4975669099756691,0.4902676399026764,1.6448783454987834,0.10415502142724055,0.32886156139370226,0.2873113471212968,0.2796720700577604,0.4963054187192118
254,1006.2002412545236,1.4981905910735827,0.0,0.0,7.384800965018094,2071.1628468033778,0.8178528347406514,0.6803377563329313,0.11068757539203862,0.10225416530545574,0.41408036589349884,0.3059457693564195,0.17771969944462593,0.45410628019323673
255,1001.1665014866204,1.2477700693756195,0.0,0.0,7.272547076313181,2046.372646184341,0.6085232903865213,0.6392467789890981,3.8705649157581763,0.09403107113654947,0.35609157808667213,0.34846007086399566,0.20141727991278277,0.5123113582208102
256,950.1433260393873,1.438730853391685,0.0,0.0,6.236323851203501,2098.2122538293215,0.7352297592997812,0.7035010940919038,1.6581072210065646,0.09666666666666666,0.23017543859649123,0.3505263157894737,0.32263157894736844,0.48897338403041823
257,983.9891657638136,1.591549295774648,0.0,0.0,7.19284940411701,2097.866738894908,0.8309859154929577,0.7605633802816901,0.4202708559046587,0.08901943063714415,0.40126525079078174,0.3009489380930863,0.2087663804789878,0.4778761061946903
258,940.6633554083885,1.5894039735099337,0.0,0.0,7.1467991169977925,2064.419426048565,0.7560706401766004,0.8333333333333334,4.809988962472406,0.09806949806949807,0.38193050193050193,0.29312741312741314,0.22687258687258688,0.5243055555555556
259,926.1551339285714,0.7254464285714286,0.0,0.0,6.667410714285714,2063.8995535714284,0.40513392857142855,0.3203125,1.1430245535714287,0.09457649815868764,0.28239035821894876,0.3654168061600268,0.2576163374623368,0.44153846153846155
260,975.425988700565,1.5480225988700564,0.0,0.0,7.363841807909605,2090.825988700565,0.7887005649717514,0.7593220338983051,0.3294463276836158,0.08531532913917447,0.43793156360288477,0.30934479054779807,0.1674083167101427,0.4905109489051095
261,934.2131147540983,1.7280617164898746,0.0,0.0,7.14946962391514,2060.142719382835,0.8476374156219865,0.8804243008678881,5.140000000000001,0.09009981116806043,0.3718640410035069,0.3359859724844888,0.2020501753439439,0.5094866071428571
262,964.0649214659686,1.057591623036649,0.0,0.0,6.364397905759162,2050.1424083769634,0.5214659685863874,0.5361256544502618,3.6634659685863875,0.10052648897663705,0.2581441263573544,0.3091477459690688,0.3321816386969398,0.5069306930693069
263,1012.8396322778345,1.5056179775280898,0.0,0.0,6.8794688457609805,2083.457609805924,0.8253319713993871,0.6802860061287027,0.03773237997957099,0.09561989606533036,0.4043058648849295,0.2533036377134373,0.2467706013363029,0.451831750339213
264,989.1452894438138,1.1259931895573212,0.0,0.0,7.491486946651532,2017.8796821793417,0.5244040862656073,0.601589103291714,6.7643246311010214,0.09651515151515151,0.4266666666666667,0.30393939393939395,0.17287878787878788,0.5342741935483871
265,972.9147025813693,0.8608305274971941,0.0,0.0,6.600448933782267,2067.3670033670032,0.4478114478114478,0.41301907968574636,0.7111784511784512,0.10474409114096242,0.2623703451793913,0.3222241115456555,0.3106614521339908,0.47979139504563234
266,950.3581151832461,1.4712041884816753,0.0,0.0,7.071204188481675,2088.7403141361256,0.6879581151832461,0.7832460732984293,0.9115811518324608,0.08973789426921368,0.3981933955279135,0.2846142455205094,0.22745446468236338,0.5323843416370106
267,926.8304033092037,1.5698035160289556,0.0,0.0,7.686659772492244,2056.567735263702,0.8086866597724922,0.7611168562564633,4.342140641158221,0.09888335799811651,0.41934615902058386,0.310372662451231,0.1713978205300686,0.48484848484848486
268,910.3238512035011,1.2844638949671772,0.0,0.0,6.170678336980306,2076.297592997812,0.600656455142232,0.6838074398249453,3.1171772428884026,0.10815602836879433,0.2375886524822695,0.3384751773049645,0.31578014184397163,0.5323679727427598
269,976.9512711864406,1.0572033898305084,0.0,0.0,7.371822033898305,2088.9841101694915,0.5233050847457628,0.5338983050847458,-0.5526588983050847,0.09038654979163672,0.40436844374191694,0.2961632418450927,0.20908176462135364,0.5050100200400801
270,940.6063394683026,1.4192229038854807,0.0,0.0,7.676891615541923,2053.306748466258,0.7229038854805726,0.696319018404908,5.89678936605317,0.08737346830047948,0.427144379328716,0.3118007458710709,0.17368140649973363,0.49063400576368876
271,965.6662921348315,1.8258426966292134,0.0,0.0,6.78314606741573,2096.0898876404494,0.8584269662921349,0.9674157303370786,0.8655730337078652,0.09706808017227099,0.3026337584893159,0.3165479542819281,0.283750207056485,0.5298461538461539
272,933.7690875232774,1.5614525139664805,0.0,0.0,6.738361266294227,2085.1256983240223,0.7690875232774674,0.792364990689013,0.42354748603351955,0.08138731518585049,0.3515268757772558,0.3034406522039519,0.2636451568329418,0.507453786523554
273,958.8974609375,2.0712890625,0.0,0.0,7.162109375,2096.828125,0.982421875,1.0888671875,4.059716796875,0.09067357512953368,0.40864466866648486,0.2698391055358604,0.23084265066812107,0.5256954266855257
274,924.2680538555692,1.2472460220318238,0.0,0.0,6.840881272949816,2061.654834761322,0.631578947368421,0.6156670746634026,2.688604651162791,0.10001789228842368,0.2980855251386652,0.33780640543925566,0.2640901771336554,0.49362119725220804
275,943.1007393715342,1.5850277264325323,0.0,0.0,6.847504621072089,2084.2107208872458,0.7837338262476895,0.8012939001848429,1.0271256931608133,0.07895802402483466,0.3586178971521123,0.30624915643136724,0.25617492239168577,0.5055393586005831
276,917.9036827195467,1.4919735599622286,0.0,0.0,7.110481586402266,2060.643059490085,0.8168083097261567,0.6751652502360718,2.936194523135033,0.0853917662682603,0.37264276228419657,0.30305444887118194,0.2389110225763612,0.4525316455696203
277,929.8059701492538,1.146540027137042,0.0,0.0,6.644504748982361,2098.1302578018995,0.5807327001356852,0.5658073270013568,1.220529172320217,0.11292628139677353,0.27486216050643253,0.324280171533592,0.28793138656320194,0.493491124260355
278,954.902,1.527,0.0,0.0,7.017,2098.758,0.789,0.738,1.15573,0.08878438078951119,0.3983183696736497,0.26948838534986463,0.2434088641869745,0.48330058939096265
279,965.4630192502533,1.297872340425532,0.0,0.0,7.828774062816616,2055.6585612968593,0.6160081053698075,0.6818642350557245,5.427365754812564,0.08813252232431733,0.3846253397178724,0.3373883784133558,0.18985375954445452,0.5253708040593287
280,937.3130328867235,1.1339829476248477,0.0,0.0,6.834348355663825,2087.9123020706456,0.5542021924482339,0.5797807551766139,3.60516443361754,0.09517020139012654,0.31206558545713775,0.33024416325075745,0.26252004990197825,0.5112781954887218
281,955.9418483904465,1.569055036344756,0.0,0.0,7.399792315680166,2131.0,0.7570093457943925,0.8120456905503635,0.1745171339563863,0.08504069604266068,0.41930957058658436,0.2934325007016559,0.20221723266909908,0.5175380542686963
282,943.4760661444734,1.1392515230635336,0.0,0.0,7.21496953872933,2057.4960835509137,0.5535248041775457,0.5857267188859878,4.4365100087032205,0.0850422195416164,0.39674306393244874,0.2987937273823884,0.21942098914354644,0.5141329258976318
283,900.4454865181712,1.3153575615474795,0.0,0.0,6.753810082063306,2102.0750293083233,0.6611957796014069,0.6541617819460727,0.7488980070339976,0.10085054678007291,0.32772088179135567,0.2829369901058844,0.28849158132268704,0.49732620320855614
284,945.002355712603,1.3604240282685511,0.0,0.0,7.560659599528858,2100.266195524146,0.7455830388692579,0.6148409893992933,-0.10979976442873969,0.0900451783766942,0.4243651659136937,0.2967751986290699,0.18881445708054215,0.45194805194805193
285,899.5192878338279,1.4807121661721068,0.0,0.0,7.405539070227498,2062.271018793274,0.7111770524233432,0.7695351137487636,3.2830069238377844,0.0884199278749833,0.3524776278883398,0.3524776278883398,0.20662481634833713,0.5197060788243153
286,853.5390781563126,1.5150300601202404,0.0,0.0,6.203406813627255,2102.086172344689,0.8246492985971944,0.6903807615230461,0.6547995991983968,0.08867711193668228,0.2406719431432725,0.3314488774026813,0.3392020675173639,0.4556878306878307
287,917.5648936170213,1.774468085106383,0.0,0.0,7.391489361702128,2125.2382978723404,0.8595744680851064,0.9148936170212766,0.3133936170212766,0.08765112262521589,0.43364997121473803,0.276482440990213,0.20221646516983305,0.5155875299760192
288,899.9626517273576,1.3221288515406162,0.0,0.0,7.379084967320262,2073.1932773109243,0.6778711484593838,0.6442577030812325,4.115583566760037,0.07959002910287233,0.4012400354295837,0.3073516386182462,0.21181829684929773,0.4872881355932203
289,884.0635080645161,0.8810483870967742,0.0,0.0,6.77116935483871,2078.5625,0.4909274193548387,0.3901209677419355,2.028447580645161,0.08515706416555009,0.28182224207235373,0.3775495012654459,0.2554711924966503,0.44279176201373
290,923.5658031088083,1.5917098445595854,0.0,0.0,7.859067357512953,2132.964766839378,0.8020725388601037,0.7896373056994819,0.8474300518134715,0.08267405063291139,0.46795886075949367,0.2807225738396624,0.1686445147679325,0.49609375
291,919.8708414872798,2.12133072407045,0.0,0.0,7.570450097847358,2139.0342465753424,1.1311154598825832,0.9902152641878669,4.918698630136986,0.08284864934729223,0.40416181982680627,0.3202791779759597,0.19271035284994184,0.466789667896679
292,947.1607929515418,1.050660792951542,0.0,0.0,6.628854625550661,2066.146475770925,0.5969162995594713,0.45374449339207046,3.6048678414096917,0.10333942515368001,0.3023758099352052,0.30320651270975246,0.29107825220136235,0.43186582809224316
293,939.4445544554455,1.7336633663366336,0.0,0.0,7.276237623762376,2129.1851485148513,0.8415841584158416,0.8920792079207921,0.7897623762376237,0.09062457477207783,0.4395155803510682,0.24656415838889645,0.22329568648795756,0.5145631067961165
294,936.6039387308534,1.0678336980306347,0.0,0.0,7.782275711159738,2042.6378555798688,0.4649890590809628,0.6028446389496718,7.846389496717725,0.09278785322648671,0.4420075917334458,0.3064810909602137,0.1587234640798538,0.5645491803278688
295,962.6634717784877,1.1373801916932906,0.0,0.0,6.945686900958466,2080.8998935037275,0.6017039403620873,0.5356762513312034,2.897614483493078,0.09751609935602576,0.2927016252683226,0.3313400797301441,0.27844219564550754,0.47097378277153557
296,941.0246153846153,1.6256410256410256,0.0,0.0,7.474871794871794,2149.2266666666665,0.7753846153846153,0.8502564102564103,0.6628000000000001,0.09234357848518111,0.4329034028540066,0.2816959385290889,0.19305708013172337,0.5230283911671925
297,913.5199161425577,1.368972746331237,0.0,0.0,7.765199161425577,2096.787211740042,0.6488469601677149,0.720125786163522,4.775807127882599,0.09611231101511879,0.44411447084233263,0.3017008639308855,0.15807235421166307,0.5260336906584993
298,911.4343649946638,1.1611526147278548,0.0,0.0,6.7385272145144075,2130.120597652081,0.6179295624332978,0.5432230522945571,0.8526787620064034,0.10231232182451695,0.29315806145074436,0.3199239784605638,0.28460563826417484,0.4678308823529412
299,964.0277227722772,1.107920792079208,0.0,0.0,7.607920792079208,2091.0851485148514,0.5702970297029702,0.5376237623762377,-0.1489405940594059,0.08550234252993233,0.42920353982300885,0.3105153565851119,0.1747787610619469,0.48525469168900803
300,957.430725730443,0.9613572101790764,0.0,0.0,8.203581526861452,2052.8623939679546,0.4825636192271442,0.47879359095193214,7.387389255419416,0.08639705882352941,0.46151194852941174,0.3053768382352941,0.14671415441176472,0.4980392156862745
301,932.263964950712,1.1840087623220152,0.0,0.0,7.127053669222344,2108.57721796276,0.5958378970427163,0.588170865279299,1.48697699890471,0.10158291071154142,0.3273397879207008,0.31504533579222377,0.25603196557553404,0.4967622571692877
302,945.635687732342,1.020446096654275,0.0,0.0,7.04368029739777,2098.9907063197024,0.5195167286245354,0.5009293680297398,-0.48205390334572484,0.08985354268373136,0.40599023617891544,0.29898403483309144,0.2051721863042618,0.49089253187613846
303,937.6153846153846,1.5028846153846154,0.0,0.0,7.543269230769231,2083.8740384615385,0.7115384615384616,0.7913461538461538,7.389673076923077,0.09254302103250478,0.4474187380497132,0.26551943913320586,0.19451880178457617,0.5265515035188739
304,905.3472041612483,0.9401820546163849,0.0,0.0,7.11963589076723,2075.0624187256176,0.5279583875162549,0.41222366710013003,4.896697009102731,0.11981735159817351,0.33095890410958906,0.33424657534246577,0.2149771689497717,0.4384508990318119
305,953.0482160077146,1.807135969141755,0.0,0.0,7.463837994214079,2121.0115718418515,0.9026036644165863,0.9045323047251688,0.6472420443587271,0.08643410852713178,0.40322997416020673,0.3041343669250646,0.2062015503875969,0.5005336179295624
306,951.443137254902,1.661764705882353,0.0,0.0,7.550980392156863,2068.4882352941177,0.8470588235294118,0.8147058823529412,4.314441176470588,0.09387172163074527,0.3987276032199429,0.3038171903401714,0.20358348480914049,0.4902654867256637
307,907.1348571428572,1.6914285714285715,0.0,0.0,6.699428571428571,2116.173714285714,0.9142857142857143,0.7771428571428571,3.1191314285714284,0.10644831115660185,0.28522688502217675,0.3386216308427158,0.26970317297850566,0.4594594594594595
308,934.746138996139,1.7924710424710424,0.0,0.0,7.506756756756757,2126.7335907335905,0.918918918918919,0.8735521235521235,1.712027027027027,0.08563713514208564,0.44130127298444133,0.26976983412626976,0.2032917577472033,0.4873451803984922
309,915.748127340824,1.3164794007490637,0.0,0.0,8.099250936329588,2089.433520599251,0.6039325842696629,0.7125468164794008,4.2950749063670415,0.08832369942196532,0.4216184971098266,0.33341040462427746,0.15664739884393064,0.5412517780938834
310,923.0134983127109,1.4004499437570304,0.0,0.0,7.49718785151856,2090.8290213723285,0.6827896512935883,0.7176602924634421,2.925770528683915,0.10517629407351838,0.3630907726931733,0.30307576894223553,0.22865716429107277,0.5124497991967871
311,931.3362573099415,2.030214424951267,0.0,0.0,7.545808966861599,2149.3274853801167,1.0077972709551657,1.0224171539961013,-0.4725243664717349,0.09287005941617153,0.44742960475329374,0.28416429863084475,0.17553603719969,0.5036005760921748
312,930.6716947648624,1.357586512866016,0.0,0.0,7.482697426796806,2066.422360248447,0.7018633540372671,0.6557231588287489,4.98734693877551,0.08585319577848927,0.4350764852365706,0.28056444918771495,0.19850586979722518,0.4830065359477124
313,914.0608604407136,1.2339979013641134,0.0,0.0,6.724029380902413,2098.445960125918,0.6411332633788038,0.5928646379853095,1.4489401888772298,0.09893882646691636,0.37063046192259674,0.2546816479400749,0.27574906367041196,0.4804421768707483
314,946.4198218262807,1.2026726057906458,0.0,0.0,7.7383073496659245,2095.8841870824053,0.6325167037861915,0.5701559020044543,1.714554565701559,0.08878975392142754,0.4681249100590013,0.2955820981436178,0.14750323787595337,0.4740740740740741
315,886.0104712041884,1.4677137870855148,0.0,0.0,7.265270506108203,2057.9258289703316,0.7443280977312391,0.7233856893542757,5.913987783595114,0.08923852990631756,0.3780927215950036,0.34554407878933463,0.18712466970934422,0.4928656361474435
316,871.7161885245902,1.3709016393442623,0.0,0.0,6.361680327868853,2059.8606557377047,0.6915983606557377,0.6793032786885246,3.4398053278688523,0.10066033177645353,0.29956514736672574,0.3100338218714769,0.2897406989853439,0.49551569506726456
317,971.0155763239875,1.7092419522326063,0.0,0.0,7.525441329179647,2107.5316718587746,0.8847352024922118,0.8245067497403946,0.39305295950155766,0.09672968124741273,0.4579826134952394,0.25624396301918034,0.18904374223816753,0.4823815309842041
318,908.1437556154538,1.141958670260557,0.0,0.0,7.554357592093441,2071.4043126684637,0.5633423180592992,0.5786163522012578,3.4420754716981135,0.08361084681255947,0.4138915318744053,0.30019029495718363,0.20230732635585158,0.5066876475216365
319,911.7257525083612,1.1125975473801561,0.0,0.0,6.662207357859532,2088.561872909699,0.5529542920847269,0.5596432552954292,2.0939130434782607,0.08768406961178045,0.3099062918340027,0.33651271753681394,0.2658969210174029,0.503006012024048
320,947.3585858585859,1.498989898989899,0.0,0.0,7.833333333333333,2081.9545454545455,0.7404040404040404,0.7585858585858586,2.307959595959596,0.08226950354609928,0.4764667956157318,0.28820116054158607,0.15306254029658284,0.5060646900269542
321,920.8297101449275,1.888586956521739,0.0,0.0,7.621376811594203,2116.9320652173915,0.8831521739130435,1.0054347826086956,5.511114130434783,0.0864036130259092,0.40337532683622535,0.32386498692655097,0.18635607321131448,0.5323741007194245
322,923.9583333333334,1.0416666666666667,0.0,0.0,6.823198198198198,2079.0326576576576,0.5146396396396397,0.527027027027027,3.1054166666666667,0.10909390988611982,0.3132530120481928,0.31968971777521044,0.25796336029047695,0.505945945945946
323,968.2322322322323,1.2612612612612613,0.0,0.0,7.425425425425425,2098.227227227227,0.6316316316316316,0.6296296296296297,-0.03240240240240241,0.09611755190078188,0.4587489889458075,0.24939336748449717,0.19574009166891346,0.4992063492063492
324,959.6469408224674,1.1945837512537614,0.0,0.0,7.939819458375125,2052.4994984954865,0.5697091273821464,0.6248746238716149,5.6270310932798395,0.09032339565437089,0.44871147043961596,0.308489135927236,0.15247599797877717,0.5230898404701931
325,975.158906882591,0.9574898785425101,0.0,0.0,7.055668016194332,2088.7763157894738,0.4949392712550607,0.4625506072874494,3.2051619433198377,0.08893989384593315,0.2879070434657868,0.3452876201405824,0.2778654425476976,0.48308668076109934
326,988.4559118236473,1.6803607214428857,0.0,0.0,7.401803607214429,2102.763527054108,0.8026052104208417,0.8777555110220441,0.6718236472945892,0.08772167320969271,0.4326519561391634,0.2808988764044944,0.1987274942466495,0.5223613595706619
327,944.547480620155,1.87015503875969,0.0,0.0,7.783914728682171,2086.0823643410854,0.8633720930232558,1.0067829457364341,6.662810077519381,0.08738951823727126,0.42997634756628905,0.32615461222457365,0.15647952197186604,0.5383419689119171
328,908.2006204756981,1.2688728024819027,0.0,0.0,6.831437435367115,2101.2326783867634,0.6184074457083765,0.6504653567735263,2.8395553257497412,0.09612473508931274,0.28988798062367543,0.3495307296397215,0.26445655464729034,0.5126324368378158
329,956.8622047244095,1.3188976377952757,0.0,0.0,8.001968503937007,2091.5905511811025,0.6338582677165354,0.6850393700787402,-0.16275590551181104,0.08167281672816729,0.43296432964329645,0.3242312423124231,0.16113161131611317,0.5194029850746269
330,971.0493392070484,1.0819383259911894,0.0,0.0,8.133920704845815,2044.7920704845815,0.5171806167400881,0.5647577092511014,5.729004405286344,0.08037261698440208,0.46728769497400346,0.307842287694974,0.14449740034662045,0.5219869706840391
331,962.2044989775051,1.5889570552147239,0.0,0.0,7.124744376278119,2079.7229038854807,0.8292433537832311,0.7597137014314929,1.7504192229038853,0.09199196326061998,0.34199196326062,0.3267795637198622,0.23923650975889782,0.47812097812097815
332,951.9888785912882,1.4986098239110288,0.0,0.0,7.296570898980537,2099.3401297497685,0.6811862835959221,0.8174235403151066,0.6162279888785913,0.08141750285786867,0.41699479232821035,0.3003937507938524,0.2011939540200686,0.5454545454545454
333,934.2796296296297,1.8555555555555556,0.0,0.0,7.6648148148148145,2075.3601851851854,0.9120370370370371,0.9435185185185185,5.344703703703703,0.08794394781348151,0.45494080695820244,0.2545300797294032,0.20258516549891278,0.5084830339321357
334,979.1282932416954,1.6231386025200458,0.0,0.0,7.134020618556701,2090.1603665521193,0.8258877434135166,0.7972508591065293,1.9279725085910655,0.09826589595375723,0.34232498394348104,0.33831085420680795,0.22109826589595374,0.4911785462244178
335,959.1869409660108,1.983005366726297,0.0,0.0,7.194991055456172,2128.3756708407873,0.9552772808586762,1.0277280858676208,0.9813327370304116,0.08242168075584286,0.41260566882148186,0.29910492292391844,0.20586772749875684,0.5182679296346414
336,911.7878513145965,2.085222121486854,0.0,0.0,7.526745240253853,2069.0951949229375,1.0090661831368994,1.0761559383499546,5.219147778785132,0.0869669959046013,0.41471934473620814,0.2942664418212479,0.20404721753794267,0.5160869565217391
337,917.6115342763874,2.1077257889009795,0.0,0.0,6.795429815016322,2119.789989118607,1.0924918389553864,1.0152339499455931,2.401403699673558,0.10232185748598879,0.32618094475580467,0.3172137710168135,0.2542834267413931,0.481672689726381
338,920.183125599233,2.0939597315436242,0.0,0.0,7.760306807286673,2120.0086289549376,1.0834132310642377,1.0105465004793863,0.9048801534036433,0.08388930071658018,0.44996293550778355,0.2718062762540153,0.19434148752162095,0.4826007326007326
339,887.8552754435108,2.0130718954248366,0.0,0.0,8.086834733893557,2076.4089635854343,1.0681605975723623,0.9449112978524743,5.198067226890757,0.08809606281029904,0.44833160143170536,0.3184389793326406,0.14513335642535505,0.46938775510204084
340,919.5318039624609,1.5286757038581855,0.0,0.0,7.16266944734098,2060.6339937434827,0.8060479666319083,0.7226277372262774,4.651803962460897,0.095792691803756,0.37312563691949335,0.3014994904644053,0.22958218081234533,0.47271487039563437
341,928.9491017964071,2.337325349301397,0.0,0.0,7.676646706586826,2127.0449101796407,1.1007984031936129,1.2365269461077844,0.07335329341317365,0.0845033801352054,0.46047841913676546,0.2800312012480499,0.1749869994799792,0.5290350128095644
342,898.9796610169492,1.7,0.0,0.0,7.680508474576271,2059.9813559322033,0.8211864406779661,0.8788135593220339,5.2794067796610165,0.08496082974732429,0.44422376696458127,0.28125344808562286,0.1895619552024716,0.5169491525423728
343,917.7150837988827,2.642458100558659,0.0,0.0,6.901675977653631,2124.290502793296,1.2860335195530725,1.3564245810055866,2.1336983240223466,0.10781932977173385,0.3998704872915655,0.2392747288327667,0.25303545410393397,0.5133192389006342
344,901.8342602892102,2.3904338153503892,0.0,0.0,7.8687430478309235,2146.5406006674084,1.2013348164627364,1.189098998887653,2.1948164627363735,0.09386485722363586,0.4770992366412214,0.2808877579869946,0.14814814814814814,0.4974406700791066
345,878.662382176521,1.515852613538989,0.0,0.0,7.294772922022279,2066.2673521850897,0.7455012853470437,0.7703513281919452,5.072356469580121,0.0873957476800188,0.38975684247621284,0.33325502173146954,0.18959238811229884,0.5081967213114754
346,878.2381465517242,1.7413793103448276,0.0,0.0,6.634698275862069,2074.3922413793102,0.9385775862068966,0.802801724137931,4.241497844827586,0.09923664122137404,0.30436901088192303,0.3230469384440474,0.2733474094526555,0.46101485148514854
347,927.0549568965517,2.5560344827586206,0.0,0.0,7.973060344827586,2159.9127155172414,1.2984913793103448,1.2575431034482758,-0.37360991379310343,0.09176915799432356,0.48236248141640764,0.2523313961346128,0.17353696445465602,0.4919898819561551
348,853.0442842430484,1.9309989701338826,0.0,0.0,8.044284243048404,2084.2296601441813,0.9083419155509783,1.0226570545829041,5.356446961894953,0.09102547689156318,0.4368198694149277,0.3020099859172961,0.17014466777621304,0.5296
349,892.9022403258656,1.6313645621181263,0.0,0.0,6.917515274949084,2098.645621181263,0.7708757637474541,0.860488798370672,0.7470875763747454,0.09038716325629324,0.3151773884881496,0.35742676284410424,0.23700868541145298,0.5274656679151061
350,916.6849183477426,1.728146013448607,0.0,0.0,7.879923150816523,2132.7089337175794,0.8069164265129684,0.9212295869356388,1.7152065321805956,0.07960502255272461,0.4569060099963428,0.3083018407899549,0.1551871266609777,0.5330739299610895
351,856.5509822263798,1.9027128157156221,0.0,0.0,7.911131898971001,2127.99438727783,0.8765201122544434,1.0261927034611786,4.919766136576239,0.091403571006267,0.4078278349296441,0.3209175830672815,0.1798510109968074,0.539331366764995
352,910.4512077294686,1.3855072463768117,0.0,0.0,7.131400966183575,2061.07729468599,0.706280193236715,0.6792270531400966,4.7807826086956515,0.09632841078444655,0.3297656144153909,0.29806259314456035,0.27584338165560224,0.4902370990237099
353,933.7892004153687,2.4049844236760123,0.0,0.0,7.742471443406023,2112.6832814122536,1.2076843198338525,1.19730010384216,0.2497403946002077,0.10059012875536481,0.47773605150214593,0.241818669527897,0.17985515021459228,0.49784110535405873
354,874.9800838574423,1.5272536687631026,0.0,0.0,7.872117400419287,2065.6876310272537,0.7410901467505241,0.7861635220125787,6.395408805031447,0.10279627163781624,0.455525965379494,0.2873501997336884,0.15432756324900132,0.5147563486616334
355,924.1134903640257,0.9443254817987152,0.0,0.0,6.667023554603855,2075.154175588865,0.49678800856531047,0.4475374732334047,2.3229764453961455,0.09892404046892565,0.28986670949092663,0.34591295969166536,0.2652962903484824,0.47392290249433106
356,977.325513196481,1.729227761485826,0.0,0.0,7.093841642228739,2116.8651026392963,0.8240469208211144,0.9051808406647116,-0.17820136852394913,0.09232465206007992,0.42524459142896515,0.27504478434614854,0.2073859721648064,0.5234595816845675
357,940.8169734151329,2.446830265848671,0.0,0.0,7.6359918200409,2110.459100204499,1.1758691206543967,1.270961145194274,6.930480572597137,0.10056239957150509,0.461569362613819,0.26606855918585964,0.1717996786288163,0.5194316757208525
358,901.5790043290043,1.8041125541125542,0.0,0.0,6.46969696969697,2159.498917748918,0.8777056277056277,0.9264069264069265,2.075508658008658,0.1132485781197725,0.3118099698895952,0.3014386082301773,0.27350284376045503,0.5134973005398921
359,957.8648068669528,1.6072961373390557,0.0,0.0,7.874463519313305,2134.1158798283263,0.7575107296137339,0.8497854077253219,0.1292703862660944,0.08829540809374574,0.4646409592587546,0.27646818367625015,0.17059544897124948,0.5287049399198932
360,962.5836363636364,2.19,0.0,0.0,7.797272727272727,2080.7536363636364,1.1254545454545455,1.0645454545454545,8.555718181818182,0.09082429753993237,0.46811239361081963,0.2821499358750146,0.1589133729742334,0.48609381486093817
361,920.2966781214204,1.9553264604810996,0.0,0.0,6.846506300114547,2111.618556701031,0.97709049255441,0.9782359679266895,2.652646048109966,0.10473481679772462,0.34917182533043334,0.2996486531704869,0.24644470470135518,0.5002929115407148
362,930.7502487562189,2.0318407960199005,0.0,0.0,7.392039800995025,2105.4656716417912,1.0079601990049751,1.0238805970149254,0.9016616915422886,0.08978328173374613,0.4341095706016961,0.29815587562256024,0.17795127204199757,0.5039177277179236
363,902.6799610894942,2.252918287937743,0.0,0.0,7.530155642023346,2080.0992217898834,1.100194552529183,1.1527237354085602,4.810768482490273,0.09649916031520475,0.46557292339491024,0.2344658312879473,0.20346208500193774,0.5116580310880829
364,909.7141025641025,1.958974358974359,0.0,0.0,7.0807692307692305,2115.475641025641,0.9833333333333333,0.9756410256410256,0.9208846153846153,0.10483432916892993,0.35397428933550606,0.32192648922686945,0.21926489226869456,0.4980366492146597
365,898.3959296947271,2.4532839962997226,0.0,0.0,7.089731729879741,2156.6669750231267,1.1803885291396854,1.272895467160037,0.5461517113783534,0.0833768267223382,0.4136221294363257,0.30545407098121086,0.19754697286012526,0.5188536953242836
366,879.0064635272391,2.0710987996306556,0.0,0.0,7.282548476454294,2077.2326869806093,0.9944598337950139,1.0766389658356417,6.377839335180055,0.09128946367440091,0.43489286167110436,0.2790668188157728,0.19475085583872195,0.5198395006687472
367,861.5825,2.68875,0.0,0.0,6.87625,2166.84875,1.32,1.36875,0.6190249999999999,0.11307035084530086,0.34139247409561896,0.3123068532994001,0.23323032175968006,0.5090655509065551
368,906.6088207094919,3.485139022051774,0.0,0.0,7.535953978906999,2166.8408437200383,1.6989453499520613,1.7861936720997125,1.4808437200383509,0.08295165394402036,0.45190839694656487,0.27073791348600507,0.19440203562340966,0.5125171939477304
369,880.5094170403587,2.8878923766816142,0.0,0.0,7.956053811659193,2132.3748878923766,1.400896860986547,1.4869955156950672,4.080556053811659,0.08815240671852102,0.4416638484950964,0.31597339646037653,0.15421034832600608,0.5149068322981366
370,897.2649572649573,2.283119658119658,0.0,0.0,7.256410256410256,2102.9358974358975,1.0705128205128205,1.2126068376068375,4.286132478632479,0.10777385159010601,0.3590989399293286,0.31566548881036516,0.21746171967020023,0.531118390266729
371,933.8642578125,2.8330078125,0.0,0.0,7.654296875,2167.0537109375,1.421875,1.4111328125,0.265185546875,0.08994641490176065,0.4540699157948456,0.27200816534830313,0.18397550395509057,0.49810410203378147
372,890.1433418150975,2.744698897370653,0.0,0.0,7.490245971162001,2079.36556403732,1.3112807463952503,1.433418150975403,5.840932994062765,0.09013701732533122,0.4392481032725626,0.28852904540822105,0.18208583399388517,0.5222496909765142
373,881.9733333333334,3.250909090909091,0.0,0.0,6.869090909090909,2125.81696969697,1.6048484848484847,1.646060606060606,2.893781818181818,0.11240515263808011,0.4051526380801129,0.24651491088759483,0.23592729839421211,0.506338553318419
374,891.0361317747078,2.6386822529224228,0.0,0.0,7.698193411264612,2122.075451647184,1.228480340063762,1.410201912858661,2.207109458023379,0.08821093318608504,0.48440088348978466,0.2643567090005522,0.16303147432357815,0.5344341522351993
375,861.8126177024482,2.480225988700565,0.0,0.0,7.2862523540489645,2078.3512241054614,1.207156308851224,1.2730696798493408,5.160047080979284,0.09007495476867408,0.3812354613595244,0.33755492375290774,0.19113466011889377,0.5132877752467729
376,892.6880434782609,2.8152173913043477,0.0,0.0,6.620652173913044,2125.629347826087,1.4891304347826086,1.326086956521739,1.2331195652173914,0.09801346248563454,0.28714496798555245,0.33065178131669676,0.2841897882121162,0.47104247104247104
377,922.4492600422833,3.3773784355179703,0.0,0.0,7.588794926004228,2161.9714587737844,1.602536997885835,1.7748414376321353,-0.0060147991543340355,0.08789525003482379,0.4699818916283605,0.27106839392673077,0.17105446441008498,0.525508607198748
378,869.0088183421517,3.4268077601410933,0.0,0.0,7.482363315696649,2112.910052910053,1.6569664902998236,1.7698412698412698,6.310079365079365,0.08403064230995876,0.42486741308190923,0.3154979375368297,0.1756040070713023,0.5164693772516726
379,906.2830409356725,3.9403508771929823,0.0,0.0,6.712280701754386,2131.6631578947367,2.0011695906432747,1.9391812865497076,0.4718947368421053,0.10402509147935181,0.3141662310507057,0.3505837253876982,0.2312249520822443,0.4921341644404868
380,941.5297450424929,2.9329556185080263,0.0,0.0,7.631728045325779,2132.756373937677,1.4523135033050047,1.4806421152030218,2.6625495750708215,0.08215788171244741,0.4491462509279881,0.30846325167037864,0.16023261568918584,0.5048293625241468
381,895.8901408450704,2.8450704225352115,0.0,0.0,7.622535211267605,2172.5521126760564,1.384037558685446,1.4610328638497652,3.1087042253521124,0.0895540773589554,0.4093372751909337,0.3269278147326928,0.17418083271741808,0.5135313531353135
382,877.3566214807091,2.7122002085505734,0.0,0.0,6.67570385818561,2107.398331595412,1.3368091762252345,1.3753910323253389,0.7837226277372263,0.0951265229615745,0.31724461105904406,0.3016244923461418,0.2860043736332396,0.507112648981161
383,880.702850877193,3.8815789473684212,0.0,0.0,7.62719298245614,2158.3322368421054,1.9133771929824561,1.968201754385965,0.18244517543859648,0.09186313973548016,0.4744105807935595,0.25431282346175965,0.1794134560092007,0.5070621468926554
384,899.3547052740435,2.21923474663909,0.0,0.0,7.883143743536712,2093.142709410548,1.0113753877973113,1.2078593588417788,5.360124095139607,0.09497573133936771,0.4523153614062705,0.3101141282959465,0.14259477895841532,0.5442684063373718
385,904.0020283975659,2.5933062880324544,0.0,0.0,6.731237322515213,2140.421906693712,1.2596348884381339,1.3336713995943206,2.037931034482759,0.09642910953744162,0.2823564863643212,0.356185023353925,0.2650293807443122,0.5142745404771216
386,927.7090203685742,2.8079534432589717,0.0,0.0,7.3297769156159065,2161.4878758486907,1.3404461687681861,1.4675072744907856,0.43576139670223085,0.08958581447664417,0.4219928543072648,0.29707555908429273,0.19134577213179832,0.5226252158894646
387,885.0261832829808,2.5881168177240683,0.0,0.0,7.944612286002014,2127.332326283988,1.3746223564954683,1.2134944612286003,6.382497482376636,0.0927874255292179,0.45797946507795667,0.29560147040182533,0.15363163899100013,0.4688715953307393
388,865.59266802444,3.1965376782077395,0.0,0.0,6.164969450101833,2158.0875763747454,1.4826883910386965,1.7138492871690427,0.24308553971486765,0.0943178064089858,0.2821275189957053,0.3377931945820945,0.2857614800132144,0.5361580121057662
389,935.3946395563771,3.222735674676525,0.0,0.0,7.473197781885397,2146.740295748614,1.6044362292051757,1.6182994454713493,-0.2397134935304991,0.07581004204798417,0.4347019539945585,0.30200346277516693,0.18748454118229038,0.5021508459994264
390,937.114183764496,1.9616413916146298,0.0,0.0,7.977698483496877,2109.0044603033007,0.9866190900981266,0.9750223015165032,8.998938447814451,0.08733087330873308,0.4436989824443699,0.32371687353237166,0.14525327071452532,0.49704411095952705
391,903.1703187250996,2.4093625498007967,0.0,0.0,6.882470119521912,2155.2998007968126,1.3296812749003983,1.0796812749003983,0.7497111553784861,0.08986975397973951,0.3133140376266281,0.3366136034732272,0.2602026049204052,0.44811905746176106
392,908.1223908918406,2.4392789373814043,0.0,0.0,7.281783681214422,2145.9184060721063,1.222011385199241,1.2172675521821632,0.5251138519924099,0.08429967426710097,0.40338762214983714,0.3194788273615635,0.19283387622149836,0.49902761571373006
393,890.1363636363636,2.6261595547309833,0.0,0.0,7.525974025974026,2122.2708719851576,1.2569573283859,1.3692022263450836,5.787124304267162,0.09269074325157155,0.4405275483791446,0.27363490693947984,0.193146801429804,0.5213705404450724
394,915.1129363449692,2.739219712525667,0.0,0.0,6.971252566735113,2108.8090349075974,1.3562628336755647,1.3829568788501028,0.9629260780287474,0.09410898379970545,0.3391752577319588,0.36111929307805596,0.20559646539027981,0.5048725637181409
395,906.4527659574468,2.6936170212765957,0.0,0.0,6.908085106382979,2150.248510638298,1.2961702127659573,1.3974468085106384,0.37388085106382984,0.08389799186891708,0.37710976961931747,0.33854872489836146,0.20044351361340396,0.5187993680884676
396,913.5874001774623,2.4906832298136647,0.0,0.0,7.24223602484472,2138.053238686779,1.2111801242236024,1.279503105590062,4.882058562555457,0.0928693947561872,0.3948787061994609,0.31536388140161725,0.19688801764273461,0.513715710723192
397,897.1383874849579,3.512635379061372,0.0,0.0,7.021660649819495,2204.89651022864,1.7521058965102287,1.7605294825511433,4.0324909747292415,0.11139674378748929,0.32167952013710366,0.33573264781491,0.231191088260497,0.5011990407673861
398,912.5380333951763,4.025046382189239,0.0,0.0,7.333024118738405,2253.482374768089,1.992578849721707,2.0324675324675323,1.287152133580705,0.08918406072106262,0.42314990512333966,0.28893105629348514,0.19873497786211258,0.5049550587693017
399,890.5091911764706,2.641544117647059,0.0,0.0,8.004595588235293,2174.721507352941,1.286764705882353,1.3547794117647058,5.129577205882352,0.08588816167183373,0.3992421632793662,0.35388678378688715,0.16098289126191295,0.5128740431454419
400,878.4695740365112,1.7474645030425964,0.0,0.0,7.275862068965517,2160.8569979716026,0.8539553752535497,0.8935091277890467,3.9554158215010142,0.09116253136325621,0.3357959297463061,0.35182603847226096,0.22121550041817675,0.5113174695298898
401,916.5245398773006,2.7822085889570554,0.0,0.0,8.042944785276074,2230.142126789366,1.296523517382413,1.4856850715746421,0.2835787321063395,0.08695652173913043,0.4392321383168065,0.3093058733790999,0.16450546656496312,0.5339948548327821
402,897.7817351598173,2.4511415525114155,0.0,0.0,7.4182648401826485,2120.1068493150683,1.2301369863013698,1.2210045662100457,5.088575342465753,0.09220731256924782,0.4248430382863474,0.302351348024129,0.18059830112027575,0.4981371087928465
403,871.648815653965,2.441812564366632,0.0,0.0,6.8311019567456235,2142.475798146241,1.258496395468589,1.1833161688980434,1.6639752832131822,0.1013116236996834,0.35549525101763907,0.2639831147293834,0.27921001055329414,0.48460565162378744
404,966.9370409233998,2.0902413431269675,0.0,0.0,7.780692549842603,2123.97481636936,1.1196222455403988,0.9706190975865687,1.2736621196222455,0.09170600134861767,0.4364126770060688,0.31490222521915034,0.15697909642616317,0.4643574297188755
405,905.304,2.6195555555555554,0.0,0.0,7.404444444444445,2084.0764444444444,1.328,1.2915555555555556,5.808355555555555,0.09483793517406963,0.35234093637454983,0.37671068427370946,0.17611044417767108,0.49304377332880894
406,915.6822742474916,2.9899665551839463,0.0,0.0,6.828316610925307,2128.4147157190637,1.4057971014492754,1.584169453734671,2.9137346711259755,0.10808163265306123,0.24751020408163266,0.3683265306122449,0.27608163265306124,0.5298284862043251
407,937.4635761589404,3.576158940397351,0.0,0.0,7.570640176600442,2179.8024282560705,1.739514348785872,1.836644591611479,-0.3694591611479029,0.09141274238227147,0.4470039364338825,0.28619332264178454,0.17538999854206153,0.5135802469135803
408,924.4500450045005,3.513951395139514,0.0,0.0,7.967596759675968,2128.305130513051,1.765976597659766,1.747974797479748,6.622439243924393,0.0850655219159512,0.41640307275192046,0.32885223678264797,0.16967916854948034,0.4974385245901639
409,902.9920477137177,2.533797216699801,0.0,0.0,6.841948310139165,2121.618290258449,1.2614314115308152,1.2723658051689861,1.963986083499006,0.09109399970942902,0.30611651895975595,0.3738195554264129,0.22896992590440216,0.5021577089054531
410,1015.1785028790787,2.989443378119002,0.0,0.0,8.04126679462572,2154.912667946257,1.4404990403071016,1.5489443378119,2.2298368522072933,0.07745554362095715,0.4549468910371166,0.3175796634443251,0.15001790189760114,0.5181380417335474
411,939.7405703771849,3.5501379944802207,0.0,0.0,7.822447102115915,2166.126954921803,1.7148114075436982,1.8353265869365225,5.730423183072677,0.09373162413265906,0.39139127366811716,0.34987651417146887,0.1650005880277549,0.5169733091474475
412,950.0311284046693,2.8171206225680936,0.0,0.0,7.129377431906615,2136.5165369649803,1.4085603112840468,1.4085603112840468,3.2118482490272378,0.09933142311365807,0.3202346841315323,0.32910356119525175,0.2513303315595579,0.5
413,998.582851637765,3.979768786127168,0.0,0.0,7.6175337186897885,2201.85838150289,1.9884393063583814,1.9913294797687862,0.052755298651252426,0.09181737700771468,0.4387251802200582,0.2690021499936765,0.20045529277855065,0.5003631082062454
414,962.959405940594,3.236633663366337,0.0,0.0,7.983168316831684,2127.0356435643566,1.510891089108911,1.7257425742574257,6.447118811881189,0.0941336971350614,0.4350737938732482,0.33039811484559095,0.14039439414609947,0.5331905781584583
415,952.0347144456887,2.793952967525196,0.0,0.0,7.098544232922732,2178.515117581187,1.4367301231802911,1.3572228443449048,1.2323964165733483,0.10301309354787822,0.2691276226534154,0.36867013724562236,0.25918914655308406,0.4857715430861723
416,998.1076011846002,3.240868706811451,0.0,0.0,7.45903257650543,2237.9575518262586,1.616979269496545,1.6238894373149062,0.1317176702862784,0.091715193223928,0.3998147167813658,0.31670195870831125,0.19176813128639492,0.5010660980810234
417,947.7216699801193,3.426441351888668,0.0,0.0,7.824055666003976,2177.1361829025846,1.6988071570576542,1.7276341948310139,4.021928429423459,0.09604878668530047,0.42853512895438955,0.3207978655825181,0.1546182187777919,0.5042065564258775
418,936.9177693761815,3.5652173913043477,0.0,0.0,7.031190926275992,2189.98393194707,1.8109640831758034,1.7542533081285445,2.1457466918714556,0.09678720258099206,0.2788009141013577,0.36066675628444683,0.2637451270332034,0.49204665959703076
419,1011.3915827996341,3.150045745654163,0.0,0.0,7.5333943275388835,2210.8865507776763,1.5407136322049406,1.6093321134492222,-0.16479414455626712,0.08355598736944377,0.4129220306048093,0.3378673791595822,0.16565460286616468,0.5108916642462968
420,956.629887054735,2.357949609035621,0.0,0.0,7.945264986967854,2127.009556907037,1.1372719374456994,1.220677671589922,9.853023457862728,0.08562055768179333,0.4382722799343904,0.3303444505194095,0.14576271186440679,0.5176860722181282
421,920.854347826087,3.2119565217391304,0.0,0.0,6.914130434782609,2219.4565217391305,1.6184782608695651,1.5934782608695652,1.7656195652173912,0.10014148718754913,0.33108001886495836,0.34821568935701935,0.2205628045904732,0.4961082910321489
422,975.6917363045496,3.062209842154132,0.0,0.0,7.285051067780873,2235.3565459610027,1.4828226555246053,1.5793871866295264,0.7293500464252554,0.08934488911547285,0.400076472087688,0.312770838643895,0.19780780015294416,0.5157671315949061
423,938.9934944237918,3.2434944237918217,0.0,0.0,7.615241635687732,2176.967472118959,1.5241635687732342,1.7193308550185873,4.620074349442379,0.09397119843788138,0.43458628264583843,0.2844764461801318,0.1869660727361484,0.5300859598853869
424,937.2675438596491,2.932017543859649,0.0,0.0,7.302631578947368,2187.910087719298,1.4780701754385965,1.4539473684210527,2.233081140350877,0.09864864864864865,0.324024024024024,0.3771771771771772,0.20015015015015014,0.49588631264023936
425,925.3605072463768,3.1177536231884058,0.0,0.0,7.364130434782608,2284.5625,1.6068840579710144,1.5108695652173914,0.28529891304347826,0.08573185731857319,0.4029520295202952,0.32669126691266914,0.18462484624846248,0.484601975595584
426,898.6990376202974,3.1749781277340334,0.0,0.0,7.440069991251094,2198.4838145231847,1.5870516185476815,1.5879265091863517,8.549177602799649,0.09066321730950141,0.3972248353715898,0.3157337723424271,0.19637817497648166,0.50013777900248
427,876.8442796610169,4.805084745762712,0.0,0.0,6.968220338983051,2334.468220338983,2.426906779661017,2.378177966101695,2.2286016949152545,0.10337488598358163,0.31681362116144723,0.3387047734873822,0.24110671936758893,0.4949294532627866
428,904.9531388152078,3.5517241379310347,0.0,0.0,7.398762157382847,2283.5738284703802,1.7206012378426172,1.8311229000884173,0.8596905393457117,0.08138145315487572,0.42196462715105165,0.30664435946462715,0.1900095602294455,0.5155588747821758
429,877.1072664359862,2.75,0.0,0.0,7.685121107266436,2248.156574394464,1.3754325259515572,1.3745674740484428,6.0261764705882355,0.08734804142278253,0.4114137775776677,0.3628995947771274,0.13833858622242234,0.4998427178357974
430,902.7204198473282,2.4875954198473282,0.0,0.0,7.041984732824427,2211.539122137405,1.2442748091603053,1.243320610687023,5.203902671755725,0.10420054200542006,0.34363143631436316,0.32466124661246615,0.2275067750677507,0.4998082086689682
431,939.7353760445683,3.7836583101207055,0.0,0.0,8.050139275766016,2344.50139275766,1.935933147632312,1.8477251624883937,0.48786443825441045,0.08569780853517878,0.4359861591695502,0.32860438292964245,0.1497116493656286,0.4883435582822086
432,932.7836206896552,2.9913793103448274,0.0,0.0,7.701724137931034,2207.2362068965517,1.4663793103448275,1.525,8.44425,0.08764271323035594,0.4312737855383927,0.31005148869487353,0.17103201253637787,0.5097982708933717
433,910.3074501573977,2.840503672612802,0.0,0.0,6.987408184679958,2282.8163693599163,1.434417628541448,1.4060860440713536,0.8881532004197271,0.09626069980477549,0.35530860489563,0.3013966060970116,0.24703408920258296,0.49501292944218694
434,935.8243375858685,2.0333660451422966,0.0,0.0,7.804710500490677,2244.394504416094,0.9911678115799804,1.042198233562316,0.30265947006869476,0.08688545203068025,0.4525336351062492,0.327172136300767,0.13340877656230354,0.5125482625482626
435,906.9973166368516,1.6663685152057246,0.0,0.0,7.5867620751341684,2173.3014311270126,0.8291592128801432,0.8372093023255814,4.791708407871199,0.08995519924546097,0.3597029002593728,0.38964866776703605,0.16069323272813016,0.5024154589371981
436,957.428272251309,2.020942408376963,0.0,0.0,6.723560209424083,2221.667015706806,1.0387434554973822,0.9821989528795811,2.151811518324607,0.10870580906400872,0.2831334683071173,0.3722161657062763,0.23594455692259772,0.48601036269430054
437,918.1320939334638,3.152641878669276,0.0,0.0,7.551859099804306,2371.358121330724,1.6614481409001958,1.4911937377690803,-0.17569471624266145,0.08991966830785178,0.45283752267426797,0.2980046644208344,0.15923814459704586,0.4729981378026071
438,888.9075403949731,2.142728904847397,0.0,0.0,7.956912028725315,2212.3258527827647,1.1175942549371634,1.0251346499102334,6.7651256732495515,0.08856046931407942,0.409634476534296,0.3342734657039711,0.16753158844765342,0.47842480100544615
439,909.3065953654188,1.4848484848484849,0.0,0.0,6.90017825311943,2201.6176470588234,0.7620320855614974,0.7228163992869875,1.4548573975044563,0.08847842934642211,0.3049599586670111,0.39085507620769827,0.2157065357788685,0.48679471788715484
440,964.4463636363637,2.389090909090909,0.0,0.0,7.944545454545454,2216.9545454545455,1.2381818181818183,1.1509090909090909,2.1508727272727275,0.07964297974596636,0.4446733035816455,0.325437693099897,0.15024602357249114,0.4817351598173516
441,891.9008849557522,2.6194690265486726,0.0,0.0,7.743362831858407,2217.616814159292,1.2778761061946902,1.3415929203539823,4.7590265486725665,0.088,0.3931428571428571,0.3483428571428571,0.1705142857142857,0.5121621621621621
442,935.2781569965871,1.9377133105802047,0.0,0.0,6.801194539249146,2146.835324232082,1.0392491467576792,0.8984641638225256,3.9284556313993173,0.08342742441349893,0.31024965499937274,0.3369715217664032,0.2693513988207251,0.46367239101717306
443,920.1954459203037,2.5037950664136623,0.0,0.0,7.706831119544592,2247.579696394687,1.22011385199241,1.2836812144212524,0.5818690702087287,0.08974516804136402,0.44441708728302354,0.28671673027206696,0.1791210144035455,0.5126942023493748
444,920.7484047402005,2.0382862351868734,0.0,0.0,8.10665451230629,2124.800364630811,1.00820419325433,1.0300820419325434,8.668422971741112,0.09288204205554931,0.45136624311256046,0.31789047565500955,0.1378612391768807,0.5053667262969589
445,971.7181738366988,1.404741000877963,0.0,0.0,6.786654960491659,2156.846356453029,0.7506584723441615,0.6540825285338016,3.4189288849868302,0.0926261319534282,0.2778783958602846,0.3724450194049159,0.2570504527813713,0.465625
446,992.0720072007201,2.6480648064806482,0.0,0.0,7.5472547254725475,2264.090909090909,1.3114311431143115,1.3366336633663367,1.4344644464446445,0.09171138938580799,0.40214669051878354,0.3136553369111509,0.1924865831842576,0.5047586675730795
447,946.5996055226824,3.168639053254438,0.0,0.0,8.055226824457593,2181.0295857988167,1.5483234714003944,1.6203155818540433,5.383944773175542,0.09573947110675808,0.43327619980411364,0.32517140058765914,0.14581292850146915,0.5113600995953937
448,951.0239190432383,2.0864765409383623,0.0,0.0,7.106715731370745,2175.8978840846366,1.0597976080956761,1.0266789328426862,3.01114995400184,0.092168284789644,0.27676375404530745,0.3710032362459547,0.2600647249190938,0.49206349206349204
449,969.5831111111111,2.471111111111111,0.0,0.0,7.8613333333333335,2183.766222222222,1.1946666666666668,1.2764444444444445,0.10167111111111111,0.08344640434192672,0.41157847127996383,0.3420398009950249,0.16293532338308458,0.516546762589928
450,944.7809847198641,1.9626485568760612,0.0,0.0,7.902376910016978,2137.029711375212,0.9499151103565365,1.0127334465195246,10.341494057724958,0.08357503491245032,0.4235685895370072,0.3499838865613922,0.14287248898915028,0.5160034602076125
451,927.893,2.688,0.0,0.0,7.174,2218.434,1.43,1.258,1.96301,0.09074435461388347,0.3045720657931419,0.3804014496793978,0.2242821299135768,0.4680059523809524
452,956.8242027800491,2.233851185609158,0.0,0.0,7.245298446443172,2191.8585445625513,1.150449713818479,1.0834014717906786,0.06573180703188883,0.0833991648798104,0.3760297934770342,0.32953391265094234,0.21103712899221308,0.48499267935578333
453,982.8135888501743,1.9547038327526132,0.0,0.0,7.68205574912892,2132.193379790941,1.024390243902439,0.9303135888501742,5.13852787456446,0.09105340741580678,0.4315682050119061,0.2865404240843633,0.1908379634879238,0.47593582887700536
454,966.722891566265,1.7008032128514057,0.0,0.0,7.27710843373494,2154.244979919679,0.9257028112449799,0.7751004016064257,2.414036144578313,0.09492273730684327,0.31829470198675497,0.3867273730684327,0.2000551876379691,0.4557260920897285
455,958.6622922134733,2.1653543307086616,0.0,0.0,7.231846019247594,2182.310586176728,1.057742782152231,1.1076115485564304,0.07201224846894139,0.08238567626421485,0.3778127268328091,0.3574885071376724,0.18231308976530367,0.5115151515151515
456,894.4349662162163,2.52027027027027,0.0,0.0,7.431587837837838,2162.2609797297296,1.2804054054054055,1.239864864864865,7.723023648648648,0.0916013183316286,0.39322650301170586,0.33106034776679166,0.18411183088987385,0.49195710455764075
457,940.1600985221675,3.2450738916256157,0.0,0.0,7.083743842364532,2253.343596059113,1.5812807881773399,1.6637931034482758,1.2633374384236453,0.1187413073713491,0.28025034770514606,0.3725660639777469,0.228442280945758,0.5127134724857685
458,941.8233215547704,2.2420494699646643,0.0,0.0,7.678445229681979,2210.7084805653712,1.1563604240282686,1.0856890459363957,0.6029858657243816,0.08145421076852279,0.4126783248964565,0.3184537505752416,0.1874137137597791,0.4842395587076438
459,912.7170305676856,2.211353711790393,0.0,0.0,7.85414847161572,2170.9065502183407,1.1266375545851528,1.0847161572052402,5.88656768558952,0.08473256977649282,0.39352829978872456,0.3693984209941065,0.15234070944067607,0.490521327014218
460,935.8356807511738,2.0056338028169014,0.0,0.0,7.215962441314554,2149.3220657276997,1.060093896713615,0.9455399061032864,5.004976525821596,0.09499024072869226,0.33858165256994144,0.35380611581001953,0.21262199089134678,0.4714419475655431
461,913.9381720430108,3.1084229390681,0.0,0.0,7.806451612903226,2244.4793906810037,1.5618279569892473,1.5465949820788532,0.4358512544802868,0.08505509641873278,0.4288337924701561,0.3349403122130395,0.1511707988980716,0.49754972614586335
462,949.0576,2.1928,0.0,0.0,7.5472,2102.5864,1.0688,1.124,9.842711999999999,0.08893364426542294,0.4125503497986008,0.31312274750901,0.1853932584269663,0.5125866472090478
463,1016.2162977867204,2.920523138832998,0.0,0.0,6.650905432595573,2202.3631790744466,1.5090543259557343,1.4114688128772637,1.3560563380281692,0.09711087581303887,0.3544093178036606,0.2877023143246105,0.26077749205869005,0.4832931450223906
464,1000.4124124124124,3.021021021021021,0.0,0.0,7.734734734734735,2209.647647647648,1.4894894894894894,1.5315315315315314,2.2061461461461462,0.08981493464475217,0.4495923385531254,0.3234114145205125,0.13718131228160993,0.5069582504970179
465,918.2154255319149,1.625886524822695,0.0,0.0,7.471631205673759,2106.8882978723404,0.8164893617021277,0.8093971631205674,8.124033687943262,0.09385382059800665,0.36260085429520644,0.3609397247271001,0.18260560037968676,0.49781897491821153
466,926.8622222222223,2.2488888888888887,0.0,0.0,6.766666666666667,2149.588888888889,1.1677777777777778,1.0811111111111111,3.337277777777778,0.11576354679802955,0.27208538587848935,0.3665024630541872,0.2456486042692939,0.4807312252964427
467,942.3363914373089,3.46177370030581,0.0,0.0,7.7370030581039755,2301.177370030581,1.6676860346585116,1.7940876656472986,0.6154332313965342,0.09538866930171278,0.43965744400527007,0.319235836627141,0.14571805006587615,0.5182567726737338
468,959.7571428571429,1.6571428571428573,0.0,0.0,8.01047619047619,2096.1447619047617,0.8314285714285714,0.8257142857142857,11.337847619047619,0.09202235168232077,0.4165973130424444,0.3391986684104149,0.15218166686481988,0.4982758620689655
469,963.3024574669187,1.4792060491493384,0.0,0.0,7.339319470699433,2142.51606805293,0.780718336483932,0.6984877126654064,3.2033081285444234,0.09143593045717965,0.31448808757244046,0.39265936896329684,0.20141661300708308,0.47220447284345046
470,993.7809152872444,1.8763388510223953,0.0,0.0,8.297955209347615,2168.578383641675,0.9298928919182083,0.9464459591041869,0.47499513145082767,0.08589532973480404,0.4507157944144567,0.3332551044355785,0.13013377141516075,0.5044110015568241
471,928.8829141370338,2.4084995663486555,0.0,0.0,7.653078924544666,2187.7007805724197,1.178664353859497,1.2298352124891587,8.204371205550737,0.09224841341795104,0.389959202175884,0.3587941976427924,0.15899818676337263,0.5106229744328412
472,940.7342799188641,1.4290060851926978,0.0,0.0,6.946247464503043,2145.3225152129817,0.6754563894523327,0.7535496957403651,2.4613083164300202,0.1000146006716309,0.30310994305738065,0.3381515549715287,0.25872390129945977,0.5273243435060326
473,937.1711627906976,2.3683720930232557,0.0,0.0,7.37953488372093,2181.218604651163,1.133953488372093,1.2344186046511627,-0.1758139534883721,0.08823900163872432,0.43388377662927013,0.2831211395436783,0.19475608218832724,0.5212097407698351
474,944.0827906976745,1.391627906976744,0.0,0.0,7.932093023255814,2110.9162790697674,0.6716279069767442,0.72,6.963786046511627,0.09464055353582737,0.4456432508502404,0.3256713967397678,0.13404479887416443,0.517379679144385
475,937.2950819672132,1.3734061930783241,0.0,0.0,6.873406193078324,2120.6939890710382,0.7094717668488161,0.6639344262295082,3.399207650273224,0.10374983437127336,0.29640916920630717,0.35312044521001723,0.24672055121240227,0.48342175066313
476,977.76,2.006511627906977,0.0,0.0,7.567441860465117,2190.413023255814,0.9534883720930233,1.0530232558139534,1.583553488372093,0.09612784265519361,0.4133988936693301,0.30977258758451137,0.18070067609096496,0.5248029670839128
477,945.8090737240076,2.656899810964083,0.0,0.0,7.921550094517959,2157.132325141777,1.2504725897920606,1.4064272211720228,6.70461247637051,0.10118124328839041,0.4369406992005727,0.3136857176947858,0.14819233981625105,0.5293489861259338
478,933.8641750227895,1.789425706472197,0.0,0.0,6.748404740200547,2127.8076572470372,0.9653600729261622,0.8240656335460347,2.3504557885141293,0.09388085911117115,0.2870457922463866,0.3513440497095772,0.26772929893286507,0.46051961283749365
479,987.0341726618705,1.5530575539568345,0.0,0.0,7.780575539568345,2147.526978417266,0.795863309352518,0.7571942446043165,0.8113758992805755,0.0837956541840037,0.4264909847434119,0.33067498844197873,0.15903837263060563,0.48755066589461493
480,927.4594127806563,1.5008635578583764,0.0,0.0,8.208981001727116,2090.6822107081175,0.7746113989637305,0.7262521588946459,8.715483592400691,0.08447296444350937,0.4541342310119924,0.33136966126656847,0.13002314327792974,0.48388952819332565
481,954.8181818181819,1.5245559038662486,0.0,0.0,7.0083594566353185,2151.702194357367,0.8108672936259144,0.7136886102403344,0.9442006269592477,0.09840465185626956,0.3405397346056359,0.34307439988072164,0.21798121365737289,0.46812885538039756
482,952.7571174377224,1.4261565836298933,0.0,0.0,7.346975088967971,2169.552491103203,0.6832740213523132,0.7428825622775801,1.833291814946619,0.0862194235892468,0.4120852506660208,0.3229595543715185,0.17873577137321386,0.5208983156581409
483,934.0072137060415,1.6411181244364292,0.0,0.0,7.874661857529306,2106.9486023444547,0.8205590622182146,0.8205590622182146,6.947457168620378,0.09424023817702966,0.4501316844154357,0.28672850108782777,0.16889957631970687,0.5
484,910.7132725430598,1.3221884498480243,0.0,0.0,7.144883485309017,2103.607902735562,0.7173252279635258,0.6048632218844985,5.022917933130699,0.10096426545660805,0.35550198525241067,0.34543391945547364,0.19809982983550767,0.4574712643678161
485,925.7212389380531,1.5106194690265486,0.0,0.0,7.412389380530973,2157.053982300885,0.7884955752212389,0.7221238938053097,0.1355221238938053,0.09121298949379178,0.40174307545367716,0.33046800382043934,0.1765759312320917,0.4780316344463972
486,900.7619461337968,2.0799304952215465,0.0,0.0,7.515204170286707,2111.516941789748,1.045178105994787,1.0347523892267594,7.659791485664639,0.09156069364161849,0.4035838150289017,0.3153757225433526,0.18947976878612716,0.4974937343358396
487,924.5220193340494,2.446831364124597,0.0,0.0,7.119226638023631,2180.364124597207,1.339419978517723,1.1074113856068744,2.030343716433942,0.10184067592033796,0.33901629450814724,0.33660229330114666,0.22254073627036813,0.45258999122036875
488,946.0698131760079,2.3185840707964602,0.0,0.0,7.907571288102262,2188.5840707964603,1.1946902654867257,1.1238938053097345,0.4464306784660767,0.08729171847799055,0.43397164884357126,0.29681671226063167,0.18191992041780652,0.4847328244274809
489,923.3406966864911,1.8572642310960068,0.0,0.0,8.001699235344095,2101.591333899745,0.9490229396771452,0.9082412914188616,8.391206457094308,0.08441282650244213,0.42652367806328306,0.34996814610320665,0.13909534933106818,0.4890210430009149
490,902.5009025270758,1.7445848375451263,0.0,0.0,7.081227436823105,2141.75,0.8907942238267148,0.8537906137184116,5.306768953068592,0.09431557481519245,0.3518990568442518,0.338006627580933,0.21577874075962275,0.48939472322814276
491,957.7282608695652,3.510869565217391,0.0,0.0,7.92481884057971,2192.927536231884,1.7092391304347827,1.8016304347826086,0.013161231884057979,0.0917819179334781,0.44176477311692763,0.32015087438564405,0.14630243456395017,0.5131578947368421
492,934.6198347107438,1.5735537190082645,0.0,0.0,7.7727272727272725,2084.6471074380165,0.7859504132231405,0.7876033057851239,6.562099173553719,0.08654970760233918,0.4172248803827751,0.3170653907496013,0.17916002126528444,0.5005252100840336
493,897.0021030494216,1.7171398527865405,0.0,0.0,6.9705573080967405,2153.185068349106,0.9526813880126183,0.7644584647739222,1.3723133543638275,0.10665258711721225,0.35721828330064864,0.28028360235329614,0.25584552722884296,0.44519289650949173
494,959.7292340884574,2.27831715210356,0.0,0.0,8.210355987055015,2144.7454153182307,1.1984897518878102,1.0798274002157497,2.4143689320388346,0.09354881093154645,0.47273682827486535,0.30731835501248195,0.1263960057811063,0.4739583333333333
495,933.3359858532273,2.0733863837312114,0.0,0.0,7.6560565870910695,2051.6746242263484,1.0530503978779842,1.0203359858532273,6.986958443854996,0.09527659083034992,0.39958424760364936,0.34819263194364247,0.15694652962235825,0.49211087420042643
496,929.3520678685047,2.689289501590668,0.0,0.0,6.6277836691410394,2127.6161187698835,1.3488865323435844,1.3404029692470838,3.1610074231177094,0.10128,0.28208,0.3496,0.26704,0.49842271293375395
497,947.8635907723169,3.872617853560682,0.0,0.0,7.879638916750251,2193.5315947843533,1.986960882647944,1.8856569709127382,0.10388164493480444,0.0899949083503055,0.43419042769857435,0.2995162932790224,0.17629837067209775,0.4869204869204869
498,908.9848484848485,2.92003367003367,0.0,0.0,7.776094276094276,2067.2011784511783,1.4974747474747474,1.4225589225589226,5.731649831649832,0.0887638016886772,0.4223857977917298,0.30850833513747566,0.18034206538211733,0.48717209570481407
499,942.6875612144956,2.1576885406464252,0.0,0.0,7.16258570029383,2082.256611165524,1.089128305582762,1.0685602350636632,2.9461410381978457,0.09585669355941474,0.3106796116504854,0.38547791603992887,0.20798577875017094,0.4952337721289151
500,965.9527896995709,3.182832618025751,0.0,0.0,7.5948497854077255,2135.874678111588,1.5759656652360514,1.6068669527896995,1.7316480686695277,0.07764466546112116,0.4345614828209765,0.33103526220614826,0.15675858951175406,0.5048543689320388
501,943.7713787085515,3.9301919720767886,0.0,0.0,7.7364746945898775,2077.305410122164,1.8917975567190226,2.038394415357766,7.253184991273996,0.08628468305887661,0.3890142115948568,0.3440108278817956,0.180690277464471,0.5186500888099467
502,970.0464895635673,1.6641366223908918,0.0,0.0,6.933586337760911,2069.0559772296015,0.855787476280835,0.8083491461100569,1.6289943074003796,0.08839627805145046,0.3137657361795293,0.3251231527093596,0.27271483305966066,0.48574686431014824
503,963.1543921916593,3.6983141082519966,0.0,0.0,7.2937000887311445,2131.0718722271517,1.8322981366459627,1.8660159716060336,-0.08157054125998224,0.07992700729927008,0.4356447688564477,0.2800486618004866,0.20437956204379562,0.5045585412667947
504,959.3920233463035,2.4669260700389106,0.0,0.0,8.144941634241246,2036.4348249027237,1.1507782101167314,1.316147859922179,6.176926070038911,0.09411202675265735,0.4540785859309686,0.3070584020064493,0.14475098530992475,0.5335173501577287
505,949.6701323251418,1.9565217391304348,0.0,0.0,7.302457466918715,2064.8856332703213,1.0103969754253308,0.946124763705104,2.1664177693761815,0.09150918974889982,0.2953662956251618,0.355293813098628,0.25783070152731036,0.48357487922705317
506,965.2904135338346,4.879699248120301,0.0,0.0,7.579887218045113,2124.8627819548874,2.398496240601504,2.481203007518797,0.4183176691729323,0.0879107253564786,0.4061996280223187,0.3041537507749535,0.20173589584624924,0.5084745762711864
507,939.049289099526,4.7156398104265405,0.0,0.0,7.9109004739336495,2115.4255924170616,2.3317535545023698,2.3838862559241707,3.8812322274881517,0.09225976515696142,0.4241552839683681,0.31799664509944886,0.16558830577522166,0.5055276381909548
508,908.3761552680222,2.9685767097966727,0.0,0.0,6.911275415896488,2073.6617375231053,1.4805914972273568,1.487985212569316,3.3769131238447323,0.09788713559775342,0.2825621824017117,0.34086654185611126,0.27868414014442366,0.5012453300124533
509,947.9235555555556,3.6373333333333333,0.0,0.0,7.776888888888889,2110.008,1.7715555555555556,1.8657777777777778,0.08376,0.08263801577323122,0.42381986512744313,0.32277974625671507,0.1707623728426106,0.5129521016617791
510,940.9957191780821,3.2534246575342465,0.0,0.0,8.07791095890411,2057.6755136986303,1.5736301369863013,1.6797945205479452,7.533279109589042,0.08341282458929518,0.4415474297827239,0.33322734499205087,0.14181240063593004,0.5163157894736842
511,934.1253985122211,4.159404888416578,0.0,0.0,7.138150903294368,2104.204038257173,2.116896918172157,2.042507970244421,1.5526036131774708,0.08932559178204555,0.3096620515110913,0.3573023671281822,0.24370998957868095,0.4910577414409811
512,939.8810949529512,3.2643284858853723,0.0,0.0,7.2942686056458514,2118.3404619332764,1.6321642429426861,1.6321642429426861,-0.22561163387510694,0.07927758883546382,0.3904069426527501,0.3189867479770142,0.2113287205347719,0.5
513,906.7477313974591,3.1107078039927405,0.0,0.0,7.685117967332124,2088.3294010889294,1.6424682395644283,1.4682395644283122,5.5870780399274045,0.09398984531821938,0.42862203329791004,0.27016176644231904,0.20722635494155153,0.4719953325554259
514,936.2250262881178,2.4227129337539433,0.0,0.0,7.273396424815983,2063.9032597266037,1.2607781282860147,1.1619348054679286,4.972649842271293,0.10105537082550238,0.34147751915570335,0.34856151510770567,0.20890559491108862,0.4796006944444444
515,971.4121212121212,3.037229437229437,0.0,0.0,7.51948051948052,2105.5506493506496,1.4303030303030304,1.6069264069264069,0.8936709956709957,0.08278641335636154,0.390097869890616,0.33897524467472656,0.1881404720782959,0.5290763968072976
516,954.1488451668092,3.3746792130025662,0.0,0.0,7.633875106928999,2123.698887938409,1.6612489307100085,1.7134302822925578,5.028545765611634,0.08818915284625728,0.4012774540564769,0.3240699238009861,0.1864634692962797,0.5077313054499366
517,975.086820083682,4.069037656903766,0.0,0.0,7.28765690376569,2135.2301255230127,2.0334728033472804,2.0355648535564854,1.717531380753138,0.0998995263384527,0.3169226352806086,0.3582603703172097,0.224917468063729,0.5002570694087404
518,963.386468952734,3.246524559777572,0.0,0.0,7.729379054680259,2150.091751621872,1.6533827618164967,1.5931417979610751,-0.0862928637627433,0.07661870503597122,0.43369304556354915,0.30839328537170263,0.18129496402877698,0.4907222380816443
519,911.0909926470588,2.454044117647059,0.0,0.0,8.042279411764707,2086.9788602941176,1.1681985294117647,1.2858455882352942,6.248115808823529,0.08514285714285715,0.4193142857142857,0.34822857142857144,0.1473142857142857,0.5239700374531835
520,932.9935956084172,1.988106129917658,0.0,0.0,7.289112534309241,2089.0759377859104,1.0045745654162854,0.9835315645013724,3.529579139981702,0.08572863060123008,0.3326220660223422,0.35559181624199826,0.22605748713442952,0.49470777726645193
521,955.3238434163701,3.583629893238434,0.0,0.0,7.655693950177936,2145.4635231316724,1.800711743772242,1.782918149466192,1.3176245551601424,0.08146426496223126,0.4199883788495061,0.3316676350958745,0.16687972109238813,0.49751737835153925
522,929.9323308270676,2.302422723475355,0.0,0.0,7.760233918128655,2067.3851294903925,1.131996658312448,1.1704260651629073,6.016791979949875,0.08719991387662827,0.4105931747227904,0.3257616535687372,0.17644525783184412,0.5083454281567489
523,925.9787644787644,2.244208494208494,0.0,0.0,6.7335907335907335,2116.4247104247106,1.1583011583011582,1.085907335907336,1.7797200772200772,0.09733371559633028,0.35349770642201833,0.2704988532110092,0.2786697247706422,0.4838709677419355
524,959.5761523046092,2.5661322645290583,0.0,0.0,7.68436873747495,2117.921843687375,1.219438877755511,1.346693386773547,1.8919438877755512,0.08684313469813534,0.4499934802451428,0.30668926848350503,0.15647411657321686,0.5247950019523624
525,960.9138795986622,1.879598662207358,0.0,0.0,7.499163879598663,2066.8595317725753,0.9297658862876255,0.9498327759197325,8.366889632107023,0.08696621696956182,0.3679339948712231,0.3524361690266473,0.19266361913256774,0.505338078291815
526,946.7767584097859,2.1345565749235473,0.0,0.0,6.73394495412844,2095.124362895005,1.1518858307849134,0.9826707441386341,5.90217125382263,0.09884953072963971,0.27838328792007266,0.3489252194974266,0.273841961852861,0.4603629417382999
527,964.6288167938932,2.5572519083969465,0.0,0.0,7.824427480916031,2171.553435114504,1.2776717557251909,1.2795801526717556,0.13767175572519083,0.08878048780487804,0.41317073170731705,0.3045121951219512,0.19353658536585366,0.5003731343283582
528,947.7947826086956,2.4730434782608697,0.0,0.0,7.9226086956521735,2075.310434782609,1.3026086956521739,1.1704347826086956,7.5808608695652175,0.0876961914169685,0.415102623202722,0.31950389638898036,0.17769728899132917,0.4732770745428973
529,947.9628217349857,2.0057197330791228,0.0,0.0,7.0552907530981885,2079.5900857959964,1.0257387988560533,0.9799809342230696,3.9169113441372736,0.08566409944602081,0.31387650317524657,0.36238346169436564,0.23807593568436697,0.48859315589353614
530,958.1878841088675,2.100087796312555,0.0,0.0,7.810359964881475,2137.9640035118523,1.0807726075504829,1.019315188762072,1.2238718173836698,0.08419514388489209,0.43356564748201437,0.3136241007194245,0.16861510791366907,0.4853678929765886
531,936.1457627118644,2.7466101694915253,0.0,0.0,7.716949152542373,2099.5745762711863,1.3398305084745763,1.4067796610169492,6.571406779661017,0.08521853722820119,0.39457500549088514,0.34504722161212387,0.1751592356687898,0.5121875964208578
532,944.5119863013699,2.190068493150685,0.0,0.0,7.028253424657534,2095.488869863014,1.0710616438356164,1.1190068493150684,4.441969178082192,0.08795224753319528,0.3186746254111341,0.33438908515044463,0.25898404190522595,0.5109460516028147
533,980.7722943722944,2.6987012987012986,0.0,0.0,7.5636363636363635,2156.5463203463205,1.30995670995671,1.3887445887445888,0.0343896103896104,0.08264652014652014,0.43326465201465203,0.2749542124542125,0.2091346153846154,0.5145973692653192
534,948.5578947368421,2.142583732057416,0.0,0.0,8.16555023923445,2075.407655502392,1.0736842105263158,1.0688995215311006,7.928086124401914,0.09199578108519864,0.440173444275167,0.32157506152584087,0.1462557131137935,0.49888343010272446
535,1000.1863117870722,1.456273764258555,0.0,0.0,7.284220532319392,2085.53897338403,0.7699619771863118,0.6863117870722434,4.123498098859316,0.09030405846274304,0.29153073208926006,0.3604332506851103,0.25773195876288657,0.47127937336814624
536,978.5174887892376,2.2556053811659194,0.0,0.0,7.408071748878924,2144.1578475336323,1.0582959641255605,1.1973094170403586,0.724914798206278,0.08813559322033898,0.41307506053268767,0.3049636803874092,0.19382566585956418,0.5308151093439364
537,970.2723772858518,3.300288739172281,0.0,0.0,7.956689124157844,2111.2367661212706,1.6381135707410972,1.6621751684311838,5.281000962463907,0.09628644006290069,0.4207088423853877,0.3189790734244587,0.16402564412725293,0.5036453776611257
538,977.9668615984406,2.5701754385964914,0.0,0.0,7.162768031189084,2094.004873294347,1.3196881091617934,1.2504873294346979,4.473810916179337,0.0970200027214587,0.2759559123690298,0.36277044495849775,0.26425363995101375,0.48653773227152064
539,963.2057502246181,2.761006289308176,0.0,0.0,7.918238993710692,2115.4456424079067,1.4294699011680143,1.3315363881401616,0.6037825696316262,0.07954158629297628,0.40394871212980826,0.32486100079428115,0.1916487007829343,0.4822648877318581
540,940.9541125541125,1.9766233766233767,0.0,0.0,8.177489177489177,2060.5376623376624,0.9367965367965368,1.0398268398268398,8.808597402597403,0.08395976707252514,0.43620963472736896,0.3219692959237692,0.15786130227633668,0.5260621988611476
541,980.5145728643216,2.4241206030150755,0.0,0.0,7.2090452261306535,2116.6904522613067,1.207035175879397,1.2170854271356784,1.9073065326633165,0.08741112505227938,0.3068451136205214,0.3549421441516799,0.2508016171755193,0.5020729684908789
542,962.2040133779265,1.8294314381270902,0.0,0.0,7.255016722408027,2109.0259197324413,0.8996655518394648,0.9297658862876255,0.7469230769230769,0.07859859398409588,0.37374668664284894,0.3252276132303792,0.22242710614267605,0.5082266910420475
543,956.930909090909,2.0481818181818183,0.0,0.0,7.596363636363637,2086.831818181818,0.9863636363636363,1.0618181818181818,4.773336363636363,0.09179033030157971,0.41335567257060796,0.28243178554332216,0.21242221158449018,0.5184198845983133
544,951.2028708133971,1.7110047846889953,0.0,0.0,7.350239234449761,2074.7090909090907,0.8822966507177034,0.8287081339712918,4.55754066985646,0.09933602395521417,0.3129800807186564,0.3757323265199844,0.21195156880614505,0.4843400447427293
545,951.0686192468619,2.3891213389121337,0.0,0.0,7.2418410041841,2102.871129707113,1.1656903765690376,1.2234309623430963,0.9411882845188285,0.0834296279177259,0.365495724520453,0.33556736769124107,0.21550727987058008,0.5120840630472855
546,946.3486894360603,2.3097696584590945,0.0,0.0,7.199364575059571,2087.0198570293883,1.1127879269261318,1.1969817315329627,6.268586179507546,0.0899161518093557,0.3837157987643425,0.31454104148278905,0.2118270079435128,0.5182255845942229
547,968.5154845154846,2.929070929070929,0.0,0.0,6.869130869130869,2114.4045954045955,1.4955044955044956,1.4335664335664335,2.052147852147852,0.10471204188481675,0.29348458406050026,0.3529668411867365,0.2488365328679465,0.4894270122783083
548,984.7874779541446,2.763668430335097,0.0,0.0,7.440035273368607,2118.352733686067,1.3492063492063493,1.4144620811287478,1.0324250440917107,0.08616806921891668,0.40642408439018607,0.2969064833471613,0.21050136304373593,0.5118059987236758
549,946.7419072615922,2.341207349081365,0.0,0.0,7.9912510936132986,2075.344706911636,1.1496062992125984,1.1916010498687664,5.895240594925634,0.0849573023866871,0.4174512809283994,0.33807751259032187,0.15951390409459162,0.5089686098654709
550,973.8327171903882,1.566543438077634,0.0,0.0,7.327171903881701,2044.9796672828097,0.8151571164510166,0.7513863216266173,6.693160813308688,0.08829465186680122,0.33905146316851664,0.3237891019172553,0.24886478304742685,0.479646017699115
551,1009.901473296501,2.4843462246777164,0.0,0.0,8.0451197053407,2122.3802946593,1.16390423572744,1.3204419889502763,0.9984530386740331,0.08378161840448667,0.43218496051276184,0.31326542291404375,0.1707679981687078,0.5315048183839881
552,951.797520661157,1.7859504132231405,0.0,0.0,7.7272727272727275,2051.882644628099,0.8396694214876033,0.9462809917355371,5.577909090909091,0.08844919786096257,0.40342245989304815,0.3090909090909091,0.1990374331550802,0.5298472929199445
553,959.6442495126705,2.310916179337232,0.0,0.0,6.92495126705653,2088.1413255360626,1.1510721247563354,1.1598440545808968,1.680243664717349,0.09753694581280788,0.34285714285714286,0.27755102040816326,0.282054890921886,0.5018979333614508
554,942.1711340206185,2.090721649484536,0.0,0.0,7.941237113402062,2084.186597938144,1.0391752577319588,1.0515463917525774,1.2634948453608246,0.09204206153446709,0.44618979618330523,0.3176684408671946,0.14409970141503312,0.5029585798816568
555,921.0884582982309,1.9056444818871103,0.0,0.0,7.441449031171019,2044.2973883740522,0.9730412805391744,0.932603201347936,7.260421229991576,0.08626740631721952,0.371900826446281,0.3582021963092947,0.1836295709272048,0.48938992042440316
556,958.567000911577,1.4202370100273474,0.0,0.0,6.928896991795806,2073.783044667274,0.7128532360984503,0.707383773928897,2.8531814038286236,0.09130377581897119,0.273121957637153,0.3523220628864623,0.2832522036574135,0.4980744544287548
557,991.2266419981498,2.32099907493062,0.0,0.0,7.84736355226642,2136.0666049953747,1.1387604070305273,1.1822386679000925,-0.5559389454209066,0.08287162560414947,0.42815041848402685,0.30236944477189676,0.1866085111399269,0.5093662813870068
558,933.7243330638642,2.341147938561035,0.0,0.0,7.719482619240097,2084.4834276475344,1.080032336297494,1.2611156022635408,7.685594179466451,0.07938003979474291,0.4158550633574196,0.31752015917897164,0.18724473766886585,0.5386740331491713
559,889.6617262423714,2.189189189189189,0.0,0.0,7.072362685265911,2089.9215344376635,1.0854402789886661,1.1037489102005231,3.149633827375763,0.08173076923076923,0.2931459566074951,0.384861932938856,0.24026134122287968,0.5041816009557945
560,914.9910071942446,1.9460431654676258,0.0,0.0,7.713129496402877,2107.4307553956833,0.9055755395683454,1.0404676258992807,1.5668345323741006,0.07951498192841319,0.4179783140958377,0.3311181065640667,0.17138859741168241,0.5346580406654344
561,906.9943135662063,2.0560519902518277,0.0,0.0,7.515840779853778,2069.982128350934,1.0154346060113728,1.040617384240455,6.676620633631194,0.08560311284046693,0.3858625162127108,0.3404669260700389,0.1880674448767834,0.5061240616357171
562,922.0966010733453,1.9561717352415027,0.0,0.0,6.846153846153846,2085.634168157424,0.9490161001788909,1.0071556350626119,3.2365652951699464,0.08466161484191273,0.295793049385942,0.32479749150770837,0.2947478442644369,0.5148605395518976
563,930.3514938488577,2.1449912126537787,0.0,0.0,7.485940246045694,2132.6739894551847,1.0650263620386644,1.0799648506151143,0.10783831282952552,0.07888249794576828,0.42446296513675313,0.2671675079234652,0.22948702899401338,0.5034821794346579
564,917.0491510277033,1.54781054512958,0.0,0.0,7.842716711349419,2051.255585344057,0.7676496872207328,0.7801608579088471,8.267354781054513,0.08739744758432087,0.4296946216955333,0.324179580674567,0.15872835004557886,0.504041570438799
565,953.0752169720347,1.4387656702025073,0.0,0.0,7.215043394406943,2089.976856316297,0.742526518804243,0.6962391513982642,4.073828351012535,0.09435979684576316,0.289361133386795,0.3540497193263833,0.26222935044105855,0.4839142091152815
566,940.8445229681979,2.164310954063604,0.0,0.0,7.543286219081272,2170.1810954063603,1.0141342756183747,1.1501766784452296,0.2247703180212014,0.08712964047312331,0.39231760159269236,0.3098723503923176,0.21068040754186673,0.5314285714285715
567,898.5319343065694,2.4927007299270074,0.0,0.0,8.001824817518248,2147.1158759124087,1.167883211678832,1.3248175182481752,6.302417883211679,0.09064994298745724,0.42770809578107183,0.32132269099201827,0.16031927023945267,0.5314787701317716
568,905.0443159922929,1.6830443159922928,0.0,0.0,6.769749518304431,2162.287090558767,0.8352601156069365,0.8477842003853564,4.3525626204238925,0.0990465347943646,0.26753949053650206,0.3523552013661591,0.28105877330297424,0.5037206639954207
569,922.2944206008584,1.6815450643776824,0.0,0.0,7.857510729613734,2156.8763948497854,0.9030042918454936,0.7785407725321889,0.683793991416309,0.07778020537469958,0.3955647804238584,0.3341708542713568,0.19248415993008522,0.46299132210311383
570,890.7421686746987,1.6955823293172692,0.0,0.0,7.79437751004016,2091.5453815261044,0.8385542168674699,0.8570281124497992,8.781132530120482,0.07739076669414674,0.43136850783182196,0.33419208573784004,0.15704863973619126,0.5054476551397442
571,899.9774066797643,1.9145383104125737,0.0,0.0,7.360510805500982,2133.7799607072693,0.9302554027504911,0.9842829076620825,2.852770137524558,0.08834912585079407,0.3201654877886027,0.35379687708527957,0.23768850927532365,0.5141097998973833
572,896.9637931034483,1.6586206896551725,0.0,0.0,7.362068965517241,2137.323275862069,0.8620689655172413,0.7965517241379311,1.6830517241379312,0.08009367681498829,0.37810304449648713,0.3358313817330211,0.20597189695550353,0.4802494802494803
573,894.097027972028,1.8767482517482517,0.0,0.0,7.652972027972028,2096.6354895104896,0.8863636363636364,0.9903846153846154,7.412395104895105,0.08886350656767561,0.42718446601941745,0.2824671616219303,0.20148486579097658,0.527713088029809
574,925.8170865279299,1.3406352683461118,0.0,0.0,7.5826944140197154,2120.6286966046,0.6506024096385542,0.6900328587075575,2.3546659364731655,0.0983677596417738,0.31980355337281524,0.37469305214502385,0.2071356348403871,0.5147058823529411
575,934.66,1.7241666666666666,0.0,0.0,7.274166666666667,2132.8641666666667,0.885,0.8391666666666666,1.0109666666666666,0.07629739947302097,0.37358231183411617,0.3392141138732959,0.21090617481956697,0.48670855485741904
576,887.6879310344827,1.910344827586207,0.0,0.0,7.396551724137931,2120.5181034482757,0.9120689655172414,0.9982758620689656,7.541405172413794,0.09358974358974359,0.3825174825174825,0.32342657342657344,0.20046620046620048,0.5225631768953068
577,948.4489795918367,2.0936374549819927,0.0,0.0,7.067226890756302,2187.997599039616,1.112845138055222,0.9807923169267707,1.9090396158463385,0.10582639714625446,0.2935281127908952,0.3611347035841685,0.23951078647868185,0.4684633027522936
578,909.5857275254866,2.2029657089898054,0.0,0.0,7.9962928637627435,2205.678405931418,1.0991658943466172,1.1037998146431882,0.6030583873957368,0.07765414928140936,0.4140009272137228,0.30076495132127956,0.2075799721835883,0.501051745898191
579,891.9176570458404,1.534804753820034,0.0,0.0,7.965195246179966,2145.2826825127336,0.7614601018675722,0.7733446519524618,7.199117147707979,0.08057124587019077,0.4111691356708942,0.35063412554620055,0.1576254929127145,0.5038716814159292
580,919.2206959706959,1.0906593406593406,0.0,0.0,7.173076923076923,2118.907509157509,0.543040293040293,0.5476190476190477,6.2098534798534795,0.09140814502744797,0.33958891867739055,0.3241414528277799,0.2448614834673816,0.5020990764063812
581,914.0680034873583,2.3251961639058414,0.0,0.0,7.724498692240628,2239.032258064516,1.1944202266782913,1.13077593722755,0.34088927637314737,0.08465011286681716,0.41636568848758465,0.3179458239277652,0.18103837471783296,0.48631421072365955
582,936.692671394799,1.5823483057525611,0.0,0.0,7.488573680063042,2096.0070921985816,0.7139479905437353,0.8684003152088259,7.234239558707644,0.08155319372829632,0.40755550878669894,0.3112701252236136,0.19962117226139114,0.548804780876494
583,920.935935935936,1.837837837837838,0.0,0.0,7.034034034034034,2152.4744744744744,0.9459459459459459,0.8918918918918919,1.6246846846846845,0.09335420520848157,0.3561975238366301,0.2800626156254447,0.2703856553294436,0.4852941176470588
584,929.5616180620884,1.5333960489181562,0.0,0.0,7.7027281279397934,2139.0018814675445,0.779868297271872,0.753527751646284,2.1296989651928504,0.08390327308255985,0.43771372740595993,0.315095261358085,0.1632877381533952,0.49141104294478527
585,882.8218623481781,1.9975708502024292,0.0,0.0,7.374089068825911,2106.2064777327937,0.9651821862348178,1.0323886639676114,8.4411012145749,0.08520917975183924,0.36982540902602395,0.34281322059953884,0.202152190622598,0.5168220510741791
586,878.7791044776119,2.3064676616915425,0.0,0.0,6.562189054726368,2139.18407960199,1.2398009950248756,1.0666666666666667,2.8117213930348255,0.09522365428354815,0.2755117513267627,0.3467778620166793,0.28248673237300986,0.4624676445211389
587,896.0970537261699,4.55632582322357,0.0,0.0,7.3214904679376085,2217.6802426343156,2.18630849220104,2.3700173310225305,0.0421837088388215,0.0790626109598769,0.3993371996685998,0.31932773109243695,0.20227245827908627,0.5201597565614302
588,876.0725604670558,3.4553794829024187,0.0,0.0,7.620517097581318,2084.250208507089,1.7681401167639699,1.6872393661384486,8.7551376146789,0.08109882893728795,0.4119514063697056,0.3185947247455401,0.18835503994746636,0.4882935071204441
589,890.4845070422535,3.015962441314554,0.0,0.0,7.018779342723005,2117.2300469483566,1.5774647887323943,1.4384976525821596,3.3263474178403754,0.08775919732441471,0.29083612040133777,0.3820735785953177,0.23933110367892976,0.47696139476961397
590,926.2596401028278,3.9263067694944302,0.0,0.0,7.671808054841474,2147.0488431876606,1.8217652099400172,2.1045415595544132,2.3108568980291344,0.0756171115827097,0.4246621244275662,0.3329610186529655,0.16675974533675864,0.5360104757747708
591,943.6980968858131,3.3209342560553634,0.0,0.0,7.868512110726644,2116.3209342560554,1.5916955017301038,1.7292387543252594,5.879377162629758,0.08311345646437995,0.3907211961301671,0.3353122251539138,0.19085312225153914,0.5207085178431883
592,927.668169522092,1.5617673579801623,0.0,0.0,6.9404869251578,2080.2912533814247,0.7962128043282236,0.7655545536519387,5.489098286744815,0.09627127452254125,0.29777835520332596,0.3215538521501884,0.2843965181239444,0.49018475750577367
593,920.6147826086957,2.7026086956521738,0.0,0.0,7.310434782608696,2121.6947826086957,1.348695652173913,1.353913043478261,0.5528521739130434,0.08659450457951708,0.41334602117283215,0.26715832044724636,0.23290115380040444,0.500965250965251
594,962.6805429864254,2.9239819004524885,0.0,0.0,7.9366515837104075,2081.820814479638,1.3638009049773756,1.5601809954751131,7.84758371040724,0.08643101482326111,0.4326111744583808,0.320866590649943,0.16009122006841506,0.5335809346951408
595,996.0735155513667,2.295947219604147,0.0,0.0,6.887841658812441,2088.985862393968,1.1639962299717248,1.1319509896324222,5.67177191328935,0.09236453201970443,0.27504105090311987,0.36521620142309796,0.2673782156540777,0.4930213464696223
596,949.4858369098713,3.1836909871244634,0.0,0.0,7.225751072961374,2205.924463519313,1.6180257510729614,1.5656652360515022,0.6336909871244635,0.08612497030173438,0.3829888334521264,0.31076265146115467,0.22012354478498455,0.491776759234295
597,958.5408525754884,3.2628774422735347,0.0,0.0,7.592362344582593,2111.8499111900533,1.6136767317939609,1.6492007104795736,6.026261101243339,0.08854836823020236,0.4211018832612001,0.3175810036261551,0.1727687448824424,0.505443658138269
598,1005.6767955801105,2.8904235727440146,0.0,0.0,6.93646408839779,2137.16758747698,1.4244935543278086,1.4659300184162063,6.038830570902395,0.08854374087348997,0.2778441523961237,0.3590866852515598,0.27452542147882647,0.5071678878623765
599,1048.4793315743184,2.3896218117854002,0.0,0.0,7.599824098504837,2111.3614775725596,1.1688654353562005,1.2207563764291995,0.5035356200527704,0.08124059715310727,0.4134938085869691,0.3157042009026733,0.1895613933572503,0.5108575634891425
600,999.0678851174935,1.948651000870322,0.0,0.0,8.234986945169712,2071.4299390774586,0.896431679721497,1.052219321148825,8.567963446475195,0.0802155992390615,0.43711688860705983,0.3278376664552949,0.1548298456985838,0.5399732023224654
601,995.2149165848872,2.22963689892051,0.0,0.0,7.263002944062807,2154.7615309126595,1.0971540726202158,1.1324828263002944,2.1677232580961725,0.08660991757870558,0.31144439940548574,0.36130252668558305,0.24064315633022565,0.5079225352112676
602,1008.0661703887511,1.8089330024813897,0.0,0.0,7.28287841191067,2123.452440033085,0.9404466501240695,0.8684863523573201,0.9153763440860215,0.07597955706984667,0.3768313458262351,0.3333333333333333,0.2138557637705849,0.48010973936899864
603,983.0384294068505,1.9924812030075187,0.0,0.0,7.579782790309106,2102.0100250626565,1.012531328320802,0.9799498746867168,7.143558897243108,0.08641022814945443,0.43491678606855505,0.27708585914251077,0.20158712663947978,0.4918238993710692
604,1006.734358974359,1.7866666666666666,0.0,0.0,7.48,2108.9507692307693,0.9179487179487179,0.8687179487179487,5.831538461538462,0.0925545043192102,0.3430686960098725,0.36912107500342795,0.19525572466748936,0.4862227324913892
605,1007.5724353954581,2.1981205951448706,0.0,0.0,7.396241190289741,2161.4189506656226,1.0548159749412687,1.1433046202036021,0.3776272513703994,0.07654843832715723,0.36548438327157223,0.34653255690841717,0.21143462149285336,0.5201282508015675
606,935.1473109898675,1.9158222915042868,0.0,0.0,7.123148869836321,2158.455962587685,0.911925175370226,1.0038971161340609,7.20112236944661,0.08250355618776671,0.3973082394135026,0.3157894736842105,0.2043987307145202,0.5240032546786005
607,992.246561886051,2.7927308447937134,0.0,0.0,7.0746561886051085,2178.5943025540273,1.4842829076620825,1.3084479371316307,2.9517583497053046,0.08872535406831436,0.3047764509858373,0.3721188558733685,0.23437933907247988,0.46851916989096026
608,991.1078904991948,2.530595813204509,0.0,0.0,7.2576489533011275,2164.024154589372,1.289855072463768,1.2407407407407407,1.2696135265700483,0.07610383847348569,0.40337253161748393,0.3046372309740404,0.21588639893499,0.4902958956411072
609,971.9049694856146,2.0653879686137753,0.0,0.0,8.135135135135135,2135.9503051438537,0.995640802092415,1.06974716652136,5.8371665213600705,0.08284213910620512,0.41056692744614726,0.3523738077376487,0.15421712570999893,0.5179400590966653
610,991.7469775474957,1.6260794473229707,0.0,0.0,7.267702936096718,2083.8540587219345,0.8402417962003454,0.7858376511226253,6.0774093264248705,0.08483840304182509,0.3427994296577947,0.3344819391634981,0.23788022813688212,0.483271375464684
611,1004.7582139848357,2.737994945240101,0.0,0.0,7.625105307497894,2166.9814658803707,1.3824768323504633,1.3555181128896376,0.4002611625947768,0.07855485581703679,0.4171914705557397,0.3217324052590874,0.18252126836813612,0.4950769230769231
612,1002.9400778210116,2.1540856031128404,0.0,0.0,7.680933852140078,2093.077821011673,1.0311284046692606,1.1229571984435798,7.604241245136187,0.08054711246200608,0.4132725430597771,0.311144883485309,0.1950354609929078,0.5213150289017341
613,1032.0512581547064,1.9608574091332711,0.0,0.0,7.140726933830382,2162.1155638397017,0.9860205032618826,0.9748369058713886,3.9130848089468775,0.08796658835813104,0.3570869224745497,0.28843643957191334,0.2665100495954059,0.49714828897338403
614,1038.9573712255772,2.2522202486678506,0.0,0.0,7.6332149200710475,2179.95026642984,1.141207815275311,1.11101243339254,0.9752397868561278,0.08283885980221059,0.43932518906340895,0.3126236183827807,0.16521233275159977,0.49329652996845424
615,980.8592885375494,2.1786561264822133,0.0,0.0,7.709090909090909,2129.104347826087,1.1027667984189724,1.0758893280632411,9.206292490118576,0.08162428219852338,0.37018047579983593,0.3609515996718622,0.1872436423297785,0.49383164005805513
616,978.9846431797652,1.929539295392954,0.0,0.0,6.857271906052394,2140.984643179765,1.047877145438121,0.8816621499548328,4.5695392953929534,0.08536424713476486,0.27822421288367805,0.3563430378079304,0.28006850217362667,0.45692883895131087
617,1014.4190476190477,2.962770562770563,0.0,0.0,7.631168831168831,2217.6441558441556,1.4354978354978356,1.5272727272727273,0.9754718614718615,0.08134785568413887,0.4160426594054913,0.31211708645336966,0.19049239845700022,0.5154880187025132
618,1001.1207165109034,1.9610591900311527,0.0,0.0,7.692367601246106,2121.4431464174454,0.9828660436137072,0.9781931464174455,7.549992211838006,0.07785764908372987,0.4069049306469576,0.32266882656677126,0.19256859370254126,0.4988085782366958
619,1000.8871794871795,1.4658119658119657,0.0,0.0,6.858974358974359,2147.460683760684,0.7649572649572649,0.7008547008547008,3.6670683760683764,0.08062305295950156,0.27813084112149533,0.4017445482866044,0.23950155763239875,0.478134110787172
620,1072.0570962479608,1.9078303425774878,0.0,0.0,7.668026101141925,2174.459216965742,0.9119086460032626,0.9959216965742251,1.4249429037520391,0.07424742048718222,0.41357302414636743,0.34113392192319963,0.17104563344325072,0.5220179563916203
621,1003.9031198686371,2.3620689655172415,0.0,0.0,7.857142857142857,2139.6231527093596,1.1559934318555007,1.2060755336617406,7.759178981937603,0.08025078369905957,0.3943573667711599,0.34879832810867295,0.17659352142110762,0.510601320820299
622,1011.8281381634372,1.6672283066554339,0.0,0.0,7.072451558550969,2101.1036225779276,0.8930075821398483,0.7742207245155855,5.745914069081718,0.0821917808219178,0.31602144133412746,0.33174508636092914,0.2700416914830256,0.46437594744820615
623,1006.4159220146223,2.0552396425670185,0.0,0.0,7.483346872461413,2188.578391551584,1.0024370430544274,1.0528025995125914,1.0881559707554833,0.08163265306122448,0.42444637429439863,0.27203647416413373,0.22188449848024316,0.5122529644268775
624,960.235632183908,1.7200328407224958,0.0,0.0,7.831691297208539,2134.3916256157636,0.8021346469622331,0.9178981937602627,10.759285714285713,0.08187441031554671,0.43442708879337455,0.3333682775972324,0.15033022329384632,0.5336515513126492
625,984.9694055944055,2.027972027972028,0.0,0.0,6.943181818181818,2143.6756993006993,1.0795454545454546,0.9484265734265734,5.117447552447552,0.0800705023290948,0.2731965252423518,0.38751101598892107,0.25922195643963236,0.4676724137931034
626,991.4242664551942,2.091197462331483,0.0,0.0,7.030134813639968,2188.843774781919,0.9992069785884219,1.091990483743061,1.225757335448057,0.07535250987027636,0.3715736040609137,0.3299492385786802,0.22312464749012972,0.5221843003412969
627,981.8639455782313,2.4158163265306123,0.0,0.0,7.851190476190476,2144.3341836734694,1.1751700680272108,1.2406462585034013,8.02014455782313,0.08328820535037366,0.4249972923210224,0.32221379833206976,0.16950070399653416,0.5135515663498768
628,1022.3023457862728,2.114682884448306,0.0,0.0,7.067767158992181,2122.3006081668113,1.0894874022589054,1.0251954821894005,5.66359687228497,0.08358942839582052,0.27707437000614626,0.38242163491087894,0.2569145666871543,0.4847986852917009
629,1002.7515418502203,1.46784140969163,0.0,0.0,8.037004405286343,2109.9700440528636,0.7876651982378855,0.6801762114537445,1.7227400881057269,0.07465468099101075,0.40528392896294674,0.33983775487831613,0.18022363516772638,0.46338535414165666
630,1013.6785425101215,1.5838056680161943,0.0,0.0,7.91417004048583,2082.148987854251,0.7935222672064778,0.7902834008097166,7.2674412955465595,0.0797012482095355,0.4216288111315736,0.33896050746879475,0.15970943319009617,0.49897750511247446
631,1022.3784786641929,1.976808905380334,0.0,0.0,7.2393320964749535,2081.1243042671613,1.0324675324675325,0.9443413729128015,5.36347866419295,0.08111225012813941,0.3063813429010764,0.3737826755509995,0.23872373141978473,0.4777099953073674
632,1027.443137254902,1.8666666666666667,0.0,0.0,7.259607843137255,2104.287843137255,1.0094117647058825,0.8572549019607844,0.2044078431372549,0.07692307692307693,0.35598530682800344,0.3246542783059637,0.2424373379429559,0.4592436974789916
633,1028.1107410491256,2.0699417152373023,0.0,0.0,7.437135720233139,2086.932556203164,1.0499583680266444,1.0199833472106579,5.865537052456286,0.07848186296462159,0.41681594267801164,0.28414688759516343,0.2205553067622033,0.4927594529364441
634,980.5383022774328,1.6335403726708075,0.0,0.0,7.198757763975156,2074.723602484472,0.8146997929606625,0.8188405797101449,6.68843685300207,0.09390278976128846,0.32484900776531495,0.3645383951682485,0.2167098073051481,0.5012674271229405
635,1034.0039808917197,2.1934713375796178,0.0,0.0,7.320859872611465,2129.2603503184714,1.1130573248407643,1.0804140127388535,0.848654458598726,0.07514953779227841,0.367373572593801,0.33898858075040783,0.21848830886351278,0.4925589836660617
636,986.1981681931724,1.9825145711906744,0.0,0.0,7.2772689425478765,2067.8959200666113,0.9500416319733556,1.0324729392173189,7.054388009991674,0.08375286041189932,0.38443935926773454,0.32494279176201374,0.2068649885583524,0.5207895842083158
637,1087.114043355325,2.589066918001885,0.0,0.0,6.983034872761546,2119.4759660697455,1.2818096135721018,1.3072573044297833,3.0576343072573047,0.08975570252395734,0.29815089755702523,0.36874072074503983,0.2433526791739776,0.504914452129596
638,1080.102023608769,2.5067453625632377,0.0,0.0,7.686340640809443,2118.87521079258,1.2655986509274872,1.2411467116357504,0.6581281618887015,0.07722685388328214,0.39874945151382185,0.3081395348837209,0.21588415971917507,0.4951227716111672
639,1036.4728867623605,2.0925039872408293,0.0,0.0,7.878787878787879,2094.4298245614036,0.9736842105263158,1.1188197767145136,4.821443381180224,0.07682186234817814,0.4138663967611336,0.34959514170040484,0.1597165991902834,0.5346798780487805
640,1030.4613333333334,1.503111111111111,0.0,0.0,7.248888888888889,2057.8115555555555,0.7928888888888889,0.7102222222222222,5.756417777777778,0.08546903740036788,0.33525444512568975,0.3478847332924586,0.23139178418148376,0.47250147841513895
641,1057.1737619461337,2.458731537793223,0.0,0.0,7.844483058210252,2101.3579496090356,1.1546481320590791,1.3040834057341442,-0.11081668114682881,0.07697419426293056,0.4099014287296489,0.33868645475689446,0.1744379222505261,0.5303886925795053
642,1020.7052208835341,2.379116465863454,0.0,0.0,7.582329317269076,2075.0465863453815,1.0987951807228915,1.2803212851405623,6.262208835341365,0.07891949152542373,0.400635593220339,0.3278601694915254,0.19258474576271187,0.5381498987170831
643,1017.9813953488372,2.5497674418604652,0.0,0.0,6.851162790697674,2129.0632558139537,1.2790697674418605,1.2706976744186047,3.6248558139534888,0.09124236252545825,0.343245078071962,0.2791581805838425,0.28635437881873727,0.4983582634075155
644,1046.1384758364313,2.3113382899628254,0.0,0.0,7.770446096654275,2102.789033457249,1.08364312267658,1.2276951672862453,1.400371747211896,0.08132998445162062,0.4324841526133238,0.3096519555077144,0.17653390742734124,0.5311620426216325
645,1013.4503937007875,2.1700787401574804,0.0,0.0,7.2937007874015745,2075.4748031496065,1.0590551181102361,1.111023622047244,6.167236220472441,0.08517758825434524,0.35873906941595596,0.3630573248407643,0.19302601748893447,0.5119738751814223
646,1014.0837937384898,1.4935543278084715,0.0,0.0,6.99171270718232,2064.219152854512,0.7790055248618785,0.714548802946593,3.925478821362799,0.08652706440142237,0.2738048202291584,0.35954168312919793,0.28012643224022127,0.4784217016029593
647,1047.5839793281655,2.4366925064599485,0.0,0.0,7.544358311800172,2153.0792420327302,1.1619293712316967,1.2747631352282516,-0.198182601205857,0.07889028427902729,0.4171709099212239,0.30665601096015527,0.19728279483959357,0.5231530576175327
648,998.7393026941363,1.8193343898573693,0.0,0.0,7.663232963549921,2065.6164817749604,0.8779714738510301,0.9413629160063391,7.4969492868462755,0.07910247130596629,0.40357770654534175,0.32364801985316927,0.1936718022955227,0.5174216027874564
649,1001.0102389078498,1.5358361774744027,0.0,0.0,7.228668941979522,2094.046928327645,0.7960750853242321,0.7397610921501706,3.2636348122866896,0.0764872521246459,0.290014164305949,0.3980169971671388,0.2354815864022663,0.4816666666666667
650,1049.8558100084817,1.6836301950805768,0.0,0.0,7.804919423240034,2100.385072094996,0.8592027141645462,0.8244274809160306,2.6123664122137407,0.0758530754183873,0.4177352749402304,0.32514670723755706,0.18126494240382526,0.4896725440806045
651,1034.2843056696795,1.9556285949055054,0.0,0.0,7.680361544782252,2064.1848808545606,0.9745275267050123,0.981101068200493,5.36379622021364,0.07745800791697871,0.37199101315930244,0.356585000534931,0.19396597838878785,0.5016806722689076
652,994.4590163934427,1.5573770491803278,0.0,0.0,6.898188093183779,2071.687661777394,0.7877480586712683,0.7696289905090595,3.030897325280414,0.08517823639774859,0.28367729831144467,0.3375859912445278,0.29355847404627894,0.49418282548476455
653,1022.7474137931034,2.086206896551724,0.0,0.0,7.589655172413793,2117.5974137931034,1.0008620689655172,1.085344827586207,0.03191379310344826,0.07973648341662881,0.4184461608359836,0.2748750567923671,0.22694229895502044,0.5202479338842976
654,979.1453068592058,1.861913357400722,0.0,0.0,7.96028880866426,2043.4747292418772,0.8637184115523465,0.9981949458483754,8.845207581227436,0.08492063492063492,0.4312925170068027,0.32811791383219957,0.15566893424036282,0.5361124575860398
655,1006.9217238346525,1.6912928759894459,0.0,0.0,7.073878627968337,2082.820580474934,0.8918205804749341,0.7994722955145118,4.420079155672823,0.08243192838493099,0.28024369016536116,0.3785900783289817,0.2587343031207261,0.47269890795631825
656,1024.8293545534925,1.9655172413793103,0.0,0.0,7.575596816976128,2105.5198938992044,0.9398762157382847,1.0256410256410255,0.7575685234305923,0.08531746031746032,0.3857376283846872,0.32177871148459386,0.20716619981325865,0.5218173639226271
657,1024.122591943958,2.8669001751313483,0.0,0.0,7.941330998248686,2087.385288966725,1.415936952714536,1.4509632224168125,4.165113835376533,0.08336089976844195,0.42386150623001434,0.3240710111368398,0.16870658286470394,0.5061087354917532
658,989.6691588785046,2.3869158878504675,0.0,0.0,7.153271028037383,2111.403738317757,1.2327102803738317,1.1542056074766356,3.94907476635514,0.08505356676247713,0.2777632610399791,0.3799320616671022,0.2572511105304416,0.48355520751761943
659,972.962899050906,2.254529767040552,0.0,0.0,7.823986194995686,2098.158757549612,1.1915444348576358,1.0629853321829164,0.4077911993097498,0.07311424790471989,0.3985443317159241,0.33403176003528895,0.19430966034406705,0.4714887102946804
660,972.2518218623482,2.3497975708502024,0.0,0.0,8.066396761133603,2036.7943319838057,1.0947368421052632,1.2550607287449393,8.015303643724696,0.07930134511142341,0.4298333667938165,0.33246336077092953,0.15840192732383054,0.5341144038594073
661,979.2783505154639,2.8050609184629804,0.0,0.0,7.361761949390815,2093.12839737582,1.4376757263355202,1.3673851921274602,3.615098406747891,0.08033099936346276,0.30935709739019734,0.3666454487587524,0.24366645448758753,0.4874707651186101
662,1008.2578456318914,2.4410517387616624,0.0,0.0,7.486005089058525,2098.8549618320612,1.2510602205258694,1.189991518235793,0.6210432569974556,0.07602537956038975,0.3731021980512123,0.3271017448447768,0.22377067754362112,0.48749131341209173
663,1009.5747316267548,2.0437654830718412,0.0,0.0,7.66804293971924,2067.2262592898433,1.018166804293972,1.0255986787778695,6.001147811725847,0.08496661641180271,0.4160025845358604,0.28731423648503124,0.21171656256730562,0.5018181818181818
664,1011.7987616099072,1.6336429308565532,0.0,0.0,7.42827657378741,2083.341589267286,0.8410732714138287,0.7925696594427245,5.427316821465428,0.09127535426507363,0.3191164212281189,0.3657960544595721,0.22381217004723533,0.48515476942514213
665,1077.4625514403292,1.8814814814814815,0.0,0.0,7.476543209876543,2092.037037037037,0.922633744855967,0.9588477366255144,-0.20065843621399176,0.07926023778071334,0.3575517393218846,0.3407089387934831,0.22247908410391898,0.5096237970253719
666,1015.5449392712551,1.6728744939271256,0.0,0.0,7.518218623481781,2056.605668016194,0.794331983805668,0.8785425101214575,5.735174089068827,0.0801292407108239,0.37942918686052773,0.32568659127625205,0.21475498115239633,0.5251694094869312
667,1076.256,1.941,0.0,0.0,7.445,2062.728,1.016,0.925,4.62322,0.09697783747481531,0.2933512424445937,0.37085292142377435,0.23881799865681666,0.47655847501287996
668,1085.4869337979094,2.1559233449477353,0.0,0.0,7.719512195121951,2077.8797909407667,1.093205574912892,1.0627177700348431,0.6948257839721255,0.08079440306928459,0.40724441435341907,0.3050101557210562,0.20695102685624012,0.49292929292929294
669,1042.6993410214168,1.9901153212520593,0.0,0.0,8.177100494233937,2057.933278418451,0.8607907742998353,1.129324546952224,5.422701812191104,0.07716329203183238,0.4187569255565629,0.3389745139518485,0.16510526845975623,0.5674668874172185
670,1023.2281303602058,1.7015437392795882,0.0,0.0,7.551457975986278,2029.4545454545455,0.8507718696397941,0.8507718696397941,8.240703259005146,0.08699602498580353,0.3382169222032936,0.3375354911981828,0.23725156161272004,0.5
671,1071.1352992194277,2.254119687771032,0.0,0.0,8.007805724197745,2094.5464006938423,1.0199479618386817,1.2341717259323504,0.9134865568083261,0.07852269034983213,0.41286689050146214,0.32091411242283113,0.1876963067258746,0.5475182762601001
672,1024.902037617555,1.884012539184953,0.0,0.0,7.669278996865204,2046.673197492163,0.9184952978056427,0.9655172413793104,6.808150470219436,0.07868383404864092,0.39393010423053343,0.3290414878397711,0.19834457388105456,0.5124792013311148
673,1017.7526366251199,2.1764141898370086,0.0,0.0,7.135186960690317,2108.4352828379674,1.0757430488974113,1.1006711409395973,2.0806232023010547,0.08855146466003762,0.3306906745498522,0.29252889008331096,0.28822897070679926,0.505726872246696
674,1016.0091836734694,2.007142857142857,0.0,0.0,8.042857142857143,2070.3244897959185,0.976530612244898,1.030612244897959,2.3838367346938774,0.08449632073077899,0.43656432377569143,0.31197665567114946,0.1669626998223801,0.5134722928317235
675,1013.7460317460317,2.0166666666666666,0.0,0.0,7.665873015873016,2046.6984126984128,1.073015873015873,0.9436507936507936,5.21170634920635,0.08023604928046382,0.34620561134693034,0.3778859095144425,0.19567242985816338,0.46792601338055884
676,966.9039603960396,2.088118811881188,0.0,0.0,6.843564356435643,2058.2009900990097,1.1405940594059405,0.9475247524752475,3.2565940594059404,0.08912037037037036,0.24508101851851852,0.37254050925925924,0.29325810185185186,0.45376955903271693
677,987.2299368800722,2.7592425608656446,0.0,0.0,7.478809738503156,2124.5293056807936,1.3534715960324617,1.405770964833183,1.0262939585211903,0.0802990113334941,0.410537738123945,0.31589100554617794,0.19327224499638293,0.5094771241830065
678,984.5352112676056,1.7613918806959403,0.0,0.0,7.768019884009942,2036.4747307373655,0.9055509527754764,0.855840927920464,6.079685169842585,0.08191126279863481,0.39281143344709896,0.33361774744027306,0.19165955631399317,0.4858889934148636
679,1006.3088372093023,1.6604651162790698,0.0,0.0,6.996279069767442,2058.2297674418605,0.8176744186046512,0.8427906976744186,2.954706976744186,0.08389841776359527,0.297034968754155,0.3881132828081372,0.23095333067411247,0.507563025210084
680,1070.6090026478375,2.1906443071491615,0.0,0.0,8.011473962930273,2067.5869373345104,1.0450132391879965,1.145631067961165,1.4527360988526037,0.07656714773603614,0.4318607469428225,0.3295141566596893,0.162057948661452,0.5229653505237711
681,1026.8668407310704,2.188859878154917,0.0,0.0,7.9982593559617055,2047.9138381201044,1.0147954743255005,1.1740644038294168,5.002210617928633,0.08204570184983678,0.3882480957562568,0.3556039173014146,0.17410228509249184,0.5363817097415507
682,1010.9453053783045,1.6964448495897904,0.0,0.0,6.855970829535096,2051.416590701914,0.8240656335460347,0.8723792160437557,3.4131905195989063,0.0900146257146656,0.2841377476399415,0.35008642467756945,0.27576120196782344,0.5142396560988716
683,1003.8318815331011,2.3893728222996518,0.0,0.0,7.427700348432055,2091.4216027874563,1.1959930313588851,1.1933797909407666,-0.14106271777003485,0.08279582502638677,0.4156209686876979,0.2838043860677847,0.21777882021813064,0.4994531534815895
684,959.953578336557,2.5106382978723403,0.0,0.0,8.152804642166345,2037.4874274661508,1.2088974854932302,1.3017408123791103,8.136063829787235,0.08529062870699881,0.42787663107947804,0.3393831553973903,0.14744958481613285,0.5184899845916795
685,990.1468599033816,1.5246376811594202,0.0,0.0,6.771980676328503,2072.517874396135,0.7893719806763285,0.7352657004830918,1.879294685990338,0.08660293907832786,0.2596661435297475,0.3723783706662862,0.2813525467256385,0.48225602027883396
686,973.6128739800544,1.9174977334542158,0.0,0.0,7.42883046237534,2083.927470534905,0.9338168631006346,0.9836808703535811,0.19514052583862196,0.08225530876250915,0.38723456187454236,0.31620698071759823,0.21430314864535024,0.5130023640661938
687,990.6969972702457,2.816196542311192,0.0,0.0,7.78252957233849,2076.3102820746135,1.3767060964513194,1.4394904458598725,6.12319381255687,0.08055652987255933,0.4140067812463463,0.3357886121828598,0.16964807669823453,0.5111470113085622
688,1040.4519535374868,2.224920802534319,0.0,0.0,7.043294614572334,2091.3495248152058,1.1003167898627244,1.1246040126715946,1.449598732840549,0.08650674662668666,0.255472263868066,0.38455772113943026,0.2734632683658171,0.5054579971523493
689,981.900947459087,2.1627906976744184,0.0,0.0,7.372954349698536,2087.5555555555557,1.0930232558139534,1.069767441860465,0.6449354005167959,0.07324766355140187,0.40408878504672896,0.33376168224299063,0.1889018691588785,0.4946236559139785
690,991.390977443609,2.076858813700919,0.0,0.0,8.054302422723476,2022.5104427736007,0.9156223893065998,1.1612364243943192,7.875597326649959,0.07872627320817342,0.4218442070324655,0.3479929467897521,0.15143657296960897,0.5591311343523733
691,1021.5785288270378,1.9831013916500995,0.0,0.0,7.210735586481113,2074.3051689860836,0.9552683896620279,1.0278330019880715,2.464652087475149,0.08877860490763717,0.29335539012958367,0.37193272677143646,0.2459332781913427,0.5182957393483709
692,1012.182049110923,1.5410668924640136,0.0,0.0,7.55969517358171,2072.485182049111,0.7375105842506351,0.8035563082133785,1.1689331075359863,0.07851702508960573,0.3636872759856631,0.34229390681003585,0.21550179211469533,0.5214285714285715
693,1004.7056384742951,1.8764510779436152,0.0,0.0,7.486733001658375,2054.391376451078,0.8946932006633499,0.9817578772802653,4.873134328358209,0.08306567726215527,0.413002547347436,0.28020821796433715,0.22372355742607156,0.5231992929739284
694,962.5875763747454,1.7688391038696538,0.0,0.0,6.95112016293279,2043.3391038696539,0.8971486761710794,0.8716904276985743,6.850763747454175,0.10181658365074714,0.3221506006445942,0.35467330794022855,0.2213595077644301,0.49280368451352907
695,1001.505162827641,1.9324861000794282,0.0,0.0,7.176330420969023,2092.366163621922,0.9364575059571089,0.9960285941223193,0.8454011119936459,0.08146098505810737,0.37454344216934143,0.3154399557277255,0.2285556170448257,0.5154130702836005
696,979.9899413243922,1.865046102263202,0.0,0.0,7.400670578373847,2056.7024308466052,0.8943839061190276,0.9706621961441744,4.116672254819782,0.08143617623739947,0.39211688752973156,0.3175897610148375,0.2088571752180315,0.5204494382022472
697,1042.534516765286,2.157790927021696,0.0,0.0,6.991124260355029,2058.104536489152,1.047337278106509,1.1104536489151873,4.158984220907298,0.0876005078290309,0.286923402454507,0.38087177316969956,0.2446043165467626,0.5146252285191956
698,1016.2672566371681,2.4920353982300885,0.0,0.0,7.553982300884956,2100.9106194690266,1.25929203539823,1.2327433628318585,1.0598761061946904,0.07802249297094659,0.4163542642924086,0.2934629803186504,0.21216026241799438,0.49467329545454547
699,977.6266447368421,1.9564144736842106,0.0,0.0,8.014802631578947,2065.8634868421054,0.9539473684210527,1.002467105263158,4.681644736842105,0.08085368356248718,0.4151446747383542,0.33962651344141187,0.16437512825774678,0.512400168137873
700,998.4973021582733,1.4694244604316546,0.0,0.0,7.23021582733813,2061.509892086331,0.7311151079136691,0.7383093525179856,3.2466456834532376,0.08420398009950249,0.31828358208955226,0.3574626865671642,0.24004975124378108,0.5024479804161567
701,1030.4290843806104,2.16786355475763,0.0,0.0,7.66427289048474,2082.007181328546,1.0771992818671454,1.0906642728904847,0.6671543985637344,0.0844460060904193,0.4195361911454673,0.3048723354415554,0.19114546732255797,0.5031055900621118
702,1020.7088,2.2544,0.0,0.0,7.7072,2047.8336,1.0856,1.1688,4.707968,0.08262403985883329,0.4064770604110442,0.3127465227319909,0.19815237699813162,0.5184528034066714
703,1050.3480441323973,2.6178535606820463,0.0,0.0,6.89568706118355,2082.5977933801405,1.2637913741223672,1.3540621865596791,1.5085155466399198,0.0944,0.3544727272727273,0.2690909090909091,0.28203636363636364,0.5172413793103449
704,1073.894685990338,2.8434782608695652,0.0,0.0,7.739130434782608,2078.262801932367,1.3884057971014492,1.4550724637681158,0.552096618357488,0.0863920099875156,0.43583021223470664,0.3029962546816479,0.17478152309612985,0.5117227319062182
705,1042.8391959798994,2.487437185929648,0.0,0.0,7.519262981574539,2037.4941373534339,1.1557788944723617,1.3316582914572865,6.101356783919599,0.08932947204277122,0.3646691913566496,0.35197148585431054,0.19402985074626866,0.5353535353535354
706,1064.9075975359342,2.5677618069815193,0.0,0.0,6.707392197125257,2060.489733059548,1.2905544147843941,1.2772073921971252,2.6661909650924023,0.09750497474360936,0.2585335986529925,0.35083422623603244,0.29312720036736567,0.4974010395841663
707,1096.441570881226,4.269157088122605,0.0,0.0,7.6226053639846745,2099.9070881226053,1.9923371647509578,2.2768199233716473,0.7149042145593869,0.08620256345815532,0.43113847700427244,0.2961799447097261,0.18647901482784618,0.5333183755889612
708,1017.021612635079,3.146300914380715,0.0,0.0,7.657522859517872,2045.1363258520366,1.5669160432252702,1.5793848711554448,6.101870324189527,0.08195831524099001,0.40382110290924883,0.3200173686495875,0.1942032132001737,0.5019815059445178
709,1027.9275491949911,2.832737030411449,0.0,0.0,7.119856887298748,2073.4203935599285,1.3559928443649374,1.4767441860465116,3.084758497316637,0.08492462311557789,0.2992462311557789,0.3712311557788945,0.24459798994974874,0.5213135459425323
710,1108.9941715237303,2.5928393005828476,0.0,0.0,7.696086594504579,2086.7343880099916,1.2114904246461282,1.3813488759367194,1.4902497918401332,0.07887049659201557,0.4157740993184031,0.329438493995456,0.17591691009412527,0.5327552986512524
711,1061.8489795918367,2.8424489795918366,0.0,0.0,7.758367346938775,2045.8465306122448,1.436734693877551,1.4057142857142857,4.733608163265306,0.08070286195286196,0.38636363636363635,0.35111531986531985,0.18181818181818182,0.4945433658816772
712,1074.280442804428,2.0857933579335795,0.0,0.0,6.9381918819188195,2060.093173431734,1.0433579335793357,1.0424354243542435,4.069990774907749,0.09799228825953996,0.3006249168993485,0.31458582635287863,0.28679696848823294,0.49977885891198587
713,1091.520725388601,3.266839378238342,0.0,0.0,7.499136442141624,2109.6018998272884,1.5716753022452505,1.6951640759930915,0.06584628670120901,0.08924458774758176,0.4181252878857669,0.26312759097190236,0.22950253339474896,0.5189003436426117
714,1051.1202938475665,2.9357208448117538,0.0,0.0,8.0376492194674,2052.198347107438,1.4398530762167125,1.4958677685950412,6.992442607897153,0.09448189192276933,0.4235119387638524,0.3267451159602422,0.15526105335313606,0.509540193931811
715,1086.261524822695,2.0629432624113475,0.0,0.0,6.851950354609929,2078.1170212765956,0.9831560283687943,1.0797872340425532,2.4075531914893613,0.08047612886531245,0.2586363048259801,0.37533962996506665,0.28554793634364084,0.5234207133648474
716,1037.1359867330016,2.685737976782753,0.0,0.0,7.101990049751244,2118.6434494195687,1.3051409618573797,1.3805970149253732,0.5794112769485904,0.07904261529480444,0.38598949211908934,0.2991243432574431,0.23584354932866317,0.5140475455387465
717,987.4634361233481,3.662555066079295,0.0,0.0,7.557709251101322,2117.2334801762113,1.7806167400881057,1.8819383259911895,7.028625550660792,0.08731639076707857,0.4157146187922593,0.32734903240848684,0.16961995803217533,0.5138320904498437
718,1033.6963601532566,3.167624521072797,0.0,0.0,6.757662835249042,2140.568007662835,1.543103448275862,1.6245210727969348,0.6310919540229886,0.09014883061658398,0.28476257973068747,0.3455705173635719,0.27951807228915665,0.5128515270638041
719,983.1174957118353,3.0986277873070325,0.0,0.0,7.478559176672384,2127.0849056603774,1.5257289879931388,1.5728987993138936,0.07662092624356776,0.07270642201834862,0.40206422018348625,0.32924311926605504,0.19598623853211009,0.507611403265984
720,956.7370550161812,2.581715210355987,0.0,0.0,8.055016181229773,2054.319579288026,1.279126213592233,1.302588996763754,9.456245954692557,0.0795500200883889,0.4455604660506227,0.3226195259140217,0.15226998794696664,0.504544030084613
721,985.2956204379562,3.383211678832117,0.0,0.0,6.992700729927007,2136.1414233576643,1.7080291970802919,1.6751824817518248,2.8644525547445254,0.08402922755741127,0.296972860125261,0.34707724425887265,0.2719206680584551,0.49514563106796117
722,987.8233413269385,2.5795363709032775,0.0,0.0,7.246203037569944,2118.920063948841,1.2837729816147083,1.2957633892885692,0.07063948840927259,0.07578599007170436,0.3665747380033094,0.32597904026475455,0.23166023166023167,0.5023241400681748
723,961.629387755102,3.213877551020408,0.0,0.0,7.484081632653061,2094.861224489796,1.5673469387755101,1.646530612244898,5.5648489795918366,0.08660558464223386,0.4360820244328098,0.26570680628272253,0.21160558464223386,0.5123190246380492
724,954.3236870310825,3.0042872454448015,0.0,0.0,7.390139335476956,2073.4448017148984,1.457663451232583,1.5466237942122187,7.89609860664523,0.10239303843364757,0.33328498912255256,0.34430746918056565,0.22001450326323424,0.5148055654655725
725,1009.9724473257698,2.813614262560778,0.0,0.0,7.408427876823339,2087.254457050243,1.36709886547812,1.446515397082658,1.1001458670988655,0.08291402318967403,0.36512798074819514,0.32804637934806385,0.22391161671406695,0.5141129032258065
726,947.1966386554622,3.2781512605042016,0.0,0.0,7.571428571428571,2101.7218487394957,1.538655462184874,1.7394957983193278,5.021344537815126,0.0876803551609323,0.3788013318534961,0.3146503884572697,0.2188679245283019,0.5306331709817995
727,975.1519364448858,3.984111221449851,0.0,0.0,7.141012909632572,2122.581926514399,1.9821251241310824,2.0019860973187686,4.232264150943396,0.10276734807398137,0.2832707551105549,0.35933806146572106,0.25462383534974276,0.5024925224327019
728,981.4469507101086,3.1654135338345863,0.0,0.0,7.563074352548036,2130.3492063492063,1.595655806182122,1.5697577276524646,0.729498746867168,0.07964210758864465,0.4045067933281785,0.2887440627416326,0.22710703634154425,0.4959092108735814
729,953.2186468646864,3.1468646864686467,0.0,0.0,8.058580858085808,2127.638613861386,1.4801980198019802,1.6666666666666667,5.201914191419142,0.07904167093273268,0.4058564554110781,0.34575611753865054,0.16934575611753866,0.529627687467226
730,978.5183333333333,2.526666666666667,0.0,0.0,7.2825,2058.8458333333333,1.2916666666666667,1.235,6.097783333333333,0.08971278178281268,0.31479574322004805,0.34729374070259755,0.2481977342945417,0.4887862796833773
731,1005.8502673796792,3.2379679144385025,0.0,0.0,7.836898395721925,2104.6185383244206,1.5962566844919786,1.641711229946524,1.4329233511586452,0.08802456499488229,0.39599681564881156,0.31343113840554987,0.20254748095075628,0.5070189925681255
732,994.7552674230146,2.281199351701783,0.0,0.0,7.840356564019449,2055.602106969206,1.06807131280389,1.2131280388978931,5.716580226904377,0.08537467700258398,0.3991731266149871,0.321343669250646,0.19410852713178295,0.5317939609236234
733,989.9504132231405,2.808080808080808,0.0,0.0,7.000918273645547,2096.5821854912765,1.3415977961432506,1.4664830119375574,4.30257116620753,0.09181532004197272,0.35007869884575027,0.27583945435466944,0.28226652675760755,0.5222367560497057
734,990.4021937842779,2.4707495429616086,0.0,0.0,7.658135283363802,2090.298903107861,1.229433272394881,1.2413162705667276,1.8994972577696527,0.09011697302458821,0.4142993554547625,0.3025781809501074,0.1930054905705419,0.5024047354790973
735,986.1610369206599,2.3275726630007854,0.0,0.0,7.301649646504321,2061.8593872741553,1.098193244304792,1.2293794186959937,5.953723487824038,0.08703604088219473,0.35589026358257125,0.34739107046799356,0.20968262506724045,0.5281808977387783
736,987.3893967093236,2.6892138939670933,0.0,0.0,6.693784277879342,2085.694698354662,1.3190127970749543,1.370201096892139,3.1427696526508226,0.09135600163867268,0.2585006145022532,0.3441212617779599,0.3060221220811143,0.509517335146159
737,1034.716404886562,3.7155322862129143,0.0,0.0,7.460732984293194,2141.1841186736474,1.8097731239092496,1.905759162303665,0.6579406631762653,0.08187134502923976,0.40865497076023394,0.29216374269005846,0.21730994152046784,0.5129168623767026
738,969.7672268907563,3.0352941176470587,0.0,0.0,7.515126050420168,2062.763025210084,1.4941176470588236,1.5411764705882354,5.970159663865546,0.08375265570837527,0.40523314324052334,0.31152856983115285,0.19948563121994856,0.5077519379844961
739,957.4024390243902,2.7804878048780486,0.0,0.0,7.073170731707317,2103.828330206379,1.424015009380863,1.3564727954971858,1.0756097560975608,0.08753315649867374,0.2864721485411141,0.3583554376657825,0.2676392572944297,0.48785425101214575
740,1018.6203787195672,2.2921550946798916,0.0,0.0,7.90892696122633,2097.0459873760146,1.128043282236249,1.164111812443643,1.7602885482416593,0.0759320487971725,0.42879945274199066,0.30851670277049364,0.18675179569034317,0.50786782061369
741,969.5740445859873,3.4020700636942673,0.0,0.0,7.547770700636943,2062.5509554140126,1.6122611464968153,1.7898089171974523,6.529506369426751,0.0850210970464135,0.37848101265822787,0.3439873417721519,0.19251054852320676,0.526094079101334
742,991.191899710704,2.1002892960462876,0.0,0.0,6.950819672131147,2079.846673095468,1.0395371263259403,1.0607521697203472,2.7292767598842818,0.09378468368479467,0.27649833518312983,0.32436182019977805,0.3053551609322974,0.5050505050505051
743,980.6981132075472,2.7771787960467207,0.0,0.0,7.338724168912848,2122.8086253369274,1.38544474393531,1.3917340521114105,1.00659478885894,0.08986287952987268,0.40768854064642507,0.26811949069539665,0.23432908912830558,0.5011323196376577
744,983.5535405872193,3.139032815198618,0.0,0.0,7.899827288428325,2067.073402417962,1.4818652849740932,1.657167530224525,8.174058721934369,0.08810668998688238,0.4308045474420638,0.3225841714035855,0.1585045911674683,0.5279229711141679
745,1053.3342723004696,2.1098591549295773,0.0,0.0,7.061032863849765,2075.876995305164,1.0272300469483568,1.0826291079812207,1.9484225352112678,0.08736702127659575,0.2599734042553192,0.36861702127659574,0.28404255319148936,0.5131286159323543
746,1047.5077452667815,3.036144578313253,0.0,0.0,7.162650602409639,2103.132530120482,1.4380378657487092,1.5981067125645438,1.5477796901893288,0.08434458728823742,0.3872401778204974,0.29520605550883094,0.2332091793824342,0.5263605442176871
747,1059.8710247349823,3.719964664310954,0.0,0.0,8.021201413427562,2098.35777385159,1.825088339222615,1.8948763250883391,3.4558480565371026,0.08832599118942731,0.4050660792951542,0.32720264317180614,0.17940528634361233,0.509380194728093
748,1049.4743346007604,2.925855513307985,0.0,0.0,7.007604562737643,2071.374524714829,1.450570342205323,1.4752851711026616,5.486112167300381,0.09346174715138361,0.2730602278893109,0.34848073792729245,0.28499728703201305,0.5042235217673814
749,1056.6998355263158,3.129934210526316,0.0,0.0,7.597861842105263,2098.956414473684,1.5838815789473684,1.5460526315789473,-0.25018914473684206,0.07868816971533715,0.38240069271566185,0.32676696612187467,0.2121441714471263,0.49395691014188126
750,1076.3175787728026,2.6533996683250414,0.0,0.0,8.043946932006634,2050.2694859038143,1.2587064676616915,1.39469320066335,6.3607711442786075,0.07823935676734357,0.42768786723018243,0.33862488403257396,0.1554478919699,0.525625
751,1083.8963531669865,3.2284069097888675,0.0,0.0,7.226487523992322,2095.3829174664106,1.5930902111324377,1.63531669865643,2.177447216890595,0.0849933598937583,0.29920318725099604,0.34316069057104914,0.27264276228419654,0.5065398335315101
752,1065.5131795716638,2.599670510708402,0.0,0.0,7.341021416803954,2072.546952224053,1.3352553542009884,1.2644151565074135,1.648649093904448,0.07809694793536805,0.3634425493716337,0.31867145421903054,0.23978904847396768,0.48637515842839035
753,1046.949740034662,3.482668977469671,0.0,0.0,7.874350086655113,2089.8587521663776,1.643847487001733,1.8388214904679376,5.546559792027729,0.08506657862881038,0.4223616154946627,0.27797953119841534,0.2145922746781116,0.5279920378203533
754,1079.7309697601668,2.7997914494264857,0.0,0.0,7.636079249217936,2068.1616266944734,1.419186652763295,1.380604796663191,5.311710114702816,0.09463334698893897,0.3364741226273385,0.3480813874095316,0.2208111429741909,0.4931098696461825
755,1070.9671848013818,3.118307426597582,0.0,0.0,7.463730569948186,2108.7901554404143,1.4300518134715026,1.6882556131260795,2.375034542314335,0.08434571329399514,0.3672335994446373,0.32153187550619,0.2268888117551776,0.5414012738853503
756,1082.5847089487402,3.699391833188532,0.0,0.0,7.851433536055604,2113.747176368375,1.8140747176368375,1.8853171155516941,5.059782797567333,0.08642248533805466,0.38862454354321124,0.3059643687064291,0.21898860241230497,0.5096289337717238
757,1120.9114052953157,4.363543788187373,0.0,0.0,6.916496945010183,2128.1680244399186,2.1181262729124235,2.245417515274949,3.666853360488798,0.09349234393404005,0.2949057714958775,0.3461425206124853,0.26545936395759717,0.514585764294049
758,1095.0109519797809,3.4406065711878684,0.0,0.0,7.632687447346251,2093.33951137321,1.721145745577085,1.7194608256107835,0.837927548441449,0.07858719646799117,0.3963576158940397,0.29083885209713023,0.23421633554083884,0.49975514201762977
759,1059.2177888611805,3.744804655029094,0.0,0.0,8.205320033250208,2116.0332502078136,1.8113050706566916,1.9334995843724023,5.521388196176226,0.07831020160064836,0.40107385269982776,0.3507243440380914,0.16989160166143247,0.516315205327414
760,1080.5165394402036,2.81509754028838,0.0,0.0,7.359626802374894,2069.6530958439357,1.4088210347752332,1.4062765055131468,6.295148430873621,0.08620490953094387,0.3292612654143137,0.33617609772963003,0.24835772732511235,0.49954805664356733
761,1078.248743718593,4.231155778894473,0.0,0.0,7.926298157453936,2136.5561139028478,2.010887772194305,2.2202680067001674,0.39801507537688446,0.08167793744716821,0.40014792899408286,0.3121301775147929,0.20604395604395603,0.5247426761678543
762,1069.6710122699387,4.072085889570552,0.0,0.0,7.644938650306749,2100.40490797546,1.897239263803681,2.1748466257668713,6.228105828220858,0.07974721637074933,0.4005416792055372,0.31417393921155584,0.2055371652121577,0.5340866290018832
763,1060.7922568460813,4.290840415486308,0.0,0.0,7.1057601510859305,2126.5335221907458,2.2011331444759206,2.0897072710103872,1.3461661945231351,0.08757475083056479,0.34498338870431894,0.27946843853820597,0.2879734219269103,0.48701584507042256
764,1036.4217432052483,3.7160262417994376,0.0,0.0,7.613870665417057,2115.4292408622305,1.8228678537956888,1.8931583880037488,2.4535707591377696,0.08567208271787297,0.43328409650418515,0.3020679468242245,0.1789758739537174,0.5094577553593947
765,1030.7421875,3.43046875,0.0,0.0,7.45859375,2091.56328125,1.70703125,1.7234375,6.37340625,0.08337697706085681,0.37079710903948887,0.33843092070807584,0.2073949931915785,0.5023912548394444
766,1022.4066029539531,3.6046915725456126,0.0,0.0,6.86359687228497,2109.244135534318,1.8262380538662033,1.7784535186794093,3.210764552562989,0.08341772151898734,0.27341772151898736,0.33772151898734176,0.30544303797468353,0.4933718968426127
767,1078.9575757575758,5.305627705627706,0.0,0.0,7.4173160173160175,2179.9220779220777,2.5437229437229436,2.761904761904762,0.48973160173160174,0.08334306058130034,0.42080074705264386,0.2890159915956578,0.20684020077039805,0.5205613577023499
768,1004.9719271623673,4.509104704097117,0.0,0.0,7.486342943854325,2110.4264036418817,2.103186646433991,2.405918057663126,7.111593323216995,0.08188912536738624,0.4003243133677916,0.3145839667578798,0.20320259450694234,0.5335689045936396
769,1018.4079320113315,3.748819641170916,0.0,0.0,7.323890462700661,2121.547686496695,1.8092540132200188,1.939565627950897,3.8837582625118032,0.08896338318720991,0.29654461062403303,0.36101083032490977,0.25348117586384733,0.5173803526448363
770,1036.2426086956523,3.0921739130434784,0.0,0.0,7.752173913043478,2097.1965217391303,1.5182608695652173,1.5739130434782609,2.585913043478261,0.08188446438586652,0.4373527762198542,0.2980370162647224,0.18272574312955692,0.5089988751406074
771,1014.5540211210398,4.666125101543461,0.0,0.0,7.848090982940699,2110.85134037368,2.232331437855402,2.4337936636880584,6.017311129163281,0.08084049270261878,0.3959217472311355,0.33909533174619605,0.18414242832004968,0.5215877437325905
772,1017.6444644464447,3.417641764176418,0.0,0.0,7.013501350135013,2081.784878487849,1.6597659765976598,1.7578757875787578,5.955949594959496,0.09060574948665298,0.3164784394250513,0.3040297741273101,0.28888603696098564,0.5143534369238872
773,1044.1951219512196,4.396131202691337,0.0,0.0,7.544995794785534,2145.0706476030277,2.1059714045416316,2.2901597981497055,1.8336669470142977,0.0861665366179913,0.4263738713632817,0.25671608516330396,0.23074350685542303,0.5209489190740386
774,1039.8244206773618,3.557932263814617,0.0,0.0,8.177361853832442,2061.00623885918,1.6729055258467023,1.8850267379679144,8.028119429590017,0.08773841961852862,0.44021798365122616,0.3157493188010899,0.15629427792915532,0.5298096192384769
775,1054.7751322751324,2.4814814814814814,0.0,0.0,7.182539682539683,2071.3932980599648,1.220458553791887,1.2610229276895943,5.3655643738977075,0.08041743400859423,0.27575199508901166,0.3516267648864334,0.2922038060159607,0.5081734186211798
776,1048.691808596918,2.980535279805353,0.0,0.0,7.160583941605839,2112.3138686131388,1.4582319545823195,1.5223033252230334,1.462441200324412,0.08143617623739947,0.3801109978480009,0.3003737682636765,0.2380790576509231,0.5107482993197279
777,1022.4900947459087,4.1429801894918175,0.0,0.0,7.800172265288545,2117.214470284238,1.9276485788113695,2.215331610680448,5.5310766580534025,0.0892226148409894,0.42126766784452296,0.3166961130742049,0.1728136042402827,0.5347193347193347
778,1014.8609090909091,3.519090909090909,0.0,0.0,6.885454545454546,2127.2454545454543,1.6881818181818182,1.8309090909090908,1.8725727272727273,0.0901769210456826,0.2743596514391339,0.3386585687879588,0.29680485872722473,0.5202789976750194
779,1029.6322795341098,2.8793677204658903,0.0,0.0,7.549916805324459,2109.3876871880198,1.4434276206322796,1.4359400998336107,0.8186855241264559,0.0777961432506887,0.39977961432506887,0.3205509641873278,0.2018732782369146,0.4986997977463161
780,1033.2028499580888,2.784576697401509,0.0,0.0,8.152556580050293,2075.525565800503,1.2883487007544008,1.4962279966471081,7.996655490360436,0.08235657001850709,0.4359448899856056,0.3274727534443759,0.15422578655151142,0.537326911499097
781,1048.0985365853658,3.388292682926829,0.0,0.0,7.282926829268293,2135.9843902439025,1.6868292682926829,1.7014634146341463,1.6201853658536587,0.08961821835231078,0.2992632283991962,0.34963161419959815,0.26148693904889486,0.5021595162683559
782,1054.7455284552846,2.6447154471544714,0.0,0.0,7.284552845528455,2108.9463414634147,1.3455284552845528,1.2991869918699186,0.577609756097561,0.08325892857142857,0.3743303571428571,0.3040178571428571,0.23839285714285716,0.49123885644020904
783,1034.990291262136,2.692556634304207,0.0,0.0,7.442556634304207,2091.8948220064726,1.3268608414239482,1.3656957928802589,5.240598705501618,0.08566148494401565,0.4260245678878139,0.27274703772149145,0.215566909446679,0.5072115384615384
784,1011.4479682854311,2.4340931615460852,0.0,0.0,7.354806739345887,2065.695738354807,1.2160555004955402,1.218037661050545,5.830763131813677,0.0975609756097561,0.33715132731437814,0.34617976014014284,0.21910793693572295,0.5004071661237784
785,1020.6324503311258,2.822019867549669,0.0,0.0,7.628311258278146,2124.1523178807947,1.3286423841059603,1.4933774834437086,1.0626738410596026,0.08366793271839393,0.3748236570808465,0.31752577319587627,0.22398263700488336,0.5291874449985333
786,1005.3935264054514,2.8637137989778534,0.0,0.0,7.611584327086883,2107.905451448041,1.3696763202725724,1.494037478705281,6.387870528109029,0.09355416293643688,0.4012981199641898,0.29800805729632945,0.20713965980304386,0.5217132659131469
787,1017.3867735470942,3.8166332665330662,0.0,0.0,7.125250501002004,2182.2224448897796,1.9038076152304608,1.9128256513026052,2.2425951903807615,0.09998593728027,0.3138799043735058,0.3396146814793981,0.24651947686682604,0.5011814124442111
788,1025.2752670501231,3.5020542317173375,0.0,0.0,7.353327855382087,2157.4133114215283,1.7271980279375514,1.7748562037797864,0.7422925225965489,0.0767683540060342,0.4059671471672813,0.3001452676276679,0.21711923119901666,0.5068043172219615
789,1038.8421494542401,3.167926112510495,0.0,0.0,8.133501259445843,2129.6439966414778,1.5113350125944585,1.656591099916037,5.709009235936188,0.08702384639207185,0.4147826984618561,0.3415918240941468,0.15660163105192526,0.5229260535382985
790,1056.4727954971856,2.296435272045028,0.0,0.0,7.577861163227017,2093.579737335835,1.1622889305816135,1.1341463414634145,6.8782363977485925,0.08913097301312206,0.35008665511265163,0.3214904679376083,0.23929190393661798,0.49387254901960786
791,1040.241103202847,3.77135231316726,0.0,0.0,7.909252669039146,2171.0871886120995,1.8718861209964412,1.8994661921708185,1.0183185053380783,0.08537682789651294,0.4251968503937008,0.3015748031496063,0.18785151856017998,0.503656522764803
792,1038.5813573180703,2.667211774325429,0.0,0.0,7.941128372853639,2080.034341782502,1.2722812755519215,1.3949304987735078,7.092493867538839,0.08360790774299835,0.41289126853377267,0.30591021416803954,0.19759060955518945,0.5229920294297977
793,1017.0686567164179,3.1253731343283584,0.0,0.0,7.225870646766169,2135.283582089552,1.5950248756218905,1.5303482587064676,3.162497512437811,0.09377581933351693,0.37000826218672545,0.2627375378683558,0.27347838061140184,0.48965297675899394
794,1038.0744138634047,3.143730886850153,0.0,0.0,8.27217125382263,2127.4597349643223,1.5596330275229358,1.584097859327217,1.0198776758409787,0.0862600123228589,0.44867529266789896,0.2940234134319162,0.17104128157732593,0.5038910505836576
795,999.3456260720411,2.1903945111492282,0.0,0.0,7.692109777015437,2088.401372212693,1.097770154373928,1.0926243567753002,6.785497427101201,0.08796967331921061,0.36637306277176945,0.35109822722711564,0.19455903668190433,0.4988253719655442
796,995.3206831119545,2.4857685009487667,0.0,0.0,7.101518026565465,2114.2675521821634,1.2666034155597723,1.2191650853889944,2.9991555977229605,0.09498997995991984,0.2615898463593854,0.3544422177688711,0.2889779559118236,0.4904580152671756
797,1010.5004599816008,3.982520699172033,0.0,0.0,7.628334866605336,2191.03127874885,1.8978840846366145,2.0846366145354187,0.7116927322907084,0.0857452966714906,0.4188374336710082,0.29534491075735647,0.20007235890014471,0.5234465234465234
798,996.7204213938412,2.7528363047001623,0.0,0.0,7.9708265802269045,2076.0688816855754,1.3889789303079416,1.3638573743922204,7.169124797406807,0.08336722244814966,0.39924766165107767,0.3314355429036194,0.1859495729971533,0.4954371504268472
799,1026.0493716337523,2.132854578096948,0.0,0.0,7.162477558348295,2088.535906642729,1.0861759425493716,1.0466786355475763,3.351418312387792,0.0874796340393533,0.29890963779922297,0.3704724902870034,0.24313823787442035,0.49074074074074076
800,1042.3005226480836,2.2900696864111496,0.0,0.0,7.928571428571429,2116.265679442509,1.1559233449477353,1.1341463414634145,1.9155139372822299,0.08250933860689959,0.4406723796967699,0.3123489343001538,0.16446934739617666,0.49524534043362495
801,967.857998289136,2.5269461077844313,0.0,0.0,7.870829769033362,2105.8229255774168,1.234388366124893,1.292557741659538,6.47224123182207,0.0874904901641126,0.38082817085099446,0.3465927616563417,0.18508857732855125,0.511509817197021
802,993.8672397325693,2.297994269340974,0.0,0.0,7.192932187201528,2103.080229226361,1.221585482330468,1.0764087870105061,3.8129035339063995,0.08777054839994688,0.31164519984065864,0.3158943035453459,0.2846899482140486,0.4684123025768911
803,1027.4789237668163,2.6475336322869953,0.0,0.0,7.439461883408072,2141.2089686098657,1.2932735426008968,1.3542600896860986,0.5064663677130045,0.08691983122362869,0.4223025919228451,0.2593128390596745,0.2314647377938517,0.5115176151761518
804,984.9188481675393,1.787958115183246,0.0,0.0,7.943280977312391,2052.8368237347295,0.9022687609075044,0.8856893542757417,8.881631762652706,0.08623530704163462,0.4399648467538174,0.31561023838295066,0.15818960782159727,0.49536359199609564
805,1008.7452290076336,1.633587786259542,0.0,0.0,7.124045801526718,2084.959923664122,0.8043893129770993,0.8291984732824428,3.5160305343511453,0.09107956067506028,0.2804714706670238,0.35105813019019555,0.27739083846772034,0.5075934579439252
806,1029.6684210526316,2.8175438596491227,0.0,0.0,7.474561403508772,2108.95701754386,1.3701754385964913,1.4473684210526316,0.5052368421052632,0.08766576692876422,0.3862222743809412,0.29644407933341155,0.229667879356883,0.5136986301369864
807,1011.0375939849624,3.911654135338346,0.0,0.0,8.389097744360901,2092.7001879699246,1.9332706766917294,1.9783834586466165,5.211287593984963,0.0874971991933677,0.4311001568451714,0.31772350436925834,0.16367913959220257,0.5057664584334455
808,996.8644986449865,2.940379403794038,0.0,0.0,6.815718157181572,2117.059620596206,1.4570912375790424,1.4832881662149955,3.0180126467931347,0.09198144466534129,0.2772697150430749,0.3499005964214712,0.28084824387011265,0.5044546850998464
809,1018.3721356553621,1.8395967002749771,0.0,0.0,7.7479376718606785,2111.344637946838,0.923006416131989,0.916590284142988,-0.07332722273143905,0.08281083638944753,0.41263456760913286,0.3123151543830593,0.19223944161836035,0.4982561036372696
810,999.9450643776825,1.9227467811158798,0.0,0.0,7.958798283261802,2053.9974248927037,0.9433476394849786,0.9793991416309012,9.213184549356225,0.08477135461604832,0.4319456427955134,0.3342320966350302,0.1490509059534081,0.509375
811,1015.0392344497608,2.7799043062200957,0.0,0.0,7.3511961722488035,2118.223923444976,1.4191387559808613,1.3607655502392344,1.9231196172248806,0.086696172871648,0.32231189794324394,0.3491278312939339,0.24186409789117416,0.4895008605851979
812,1003.4164383561643,2.621917808219178,0.0,0.0,7.357077625570776,2145.2091324200915,1.3004566210045663,1.3214611872146118,-0.13549771689497717,0.08229890764647468,0.38505461767626614,0.317279046673287,0.21536742800397218,0.5040055729710902
813,951.3816254416961,2.812720848056537,0.0,0.0,7.609540636042403,2133.5326855123676,1.3365724381625441,1.476148409893993,6.671651943462898,0.09066635709310425,0.4370791734385883,0.2715347109356861,0.2007197585326213,0.5248115577889447
814,947.9185823754789,1.9798850574712643,0.0,0.0,7.295977011494253,2093.1733716475096,1.010536398467433,0.9693486590038314,6.538716475095786,0.09741367992648024,0.35026913482998556,0.3473808586057503,0.2049363266377839,0.4895984518626028
815,974.9831189710611,3.0940514469453375,0.0,0.0,7.45096463022508,2164.7845659163986,1.529742765273312,1.5643086816720257,1.212073954983923,0.08436724565756824,0.3758765778401122,0.324522602222462,0.2152335742798576,0.5055858664588204
816,958.0948419301164,3.2562396006655576,0.0,0.0,7.4866888519134775,2101.543261231281,1.608153078202995,1.6480865224625625,6.854467554076539,0.08967663073674853,0.39804422713634846,0.3091454606067341,0.20313368152016892,0.50613183444047
817,987.3436873747495,3.8657314629258517,0.0,0.0,7.076152304609218,2165.197394789579,1.8947895791583167,1.970941883767535,2.5854809619238477,0.09643160577740018,0.30826961200792974,0.3538657604078165,0.24143302180685358,0.5098496630378434
818,982.7863475177305,3.7632978723404253,0.0,0.0,7.502659574468085,2158.696808510638,1.875,1.8882978723404256,0.015496453900709237,0.07656859269762496,0.4213635826539052,0.29504903698452084,0.20701878766394896,0.5017667844522968
819,925.8137510879026,2.7467362924281984,0.0,0.0,7.82680591818973,2119.6631853785902,1.4160139251523063,1.330722367275892,4.577354221061793,0.0820638274213277,0.41343266985433114,0.3526075836761926,0.15189591904814856,0.48447401774397975
820,968.8181818181819,3.1267217630853996,0.0,0.0,7.370982552800735,2142.162534435262,1.6170798898071626,1.5096418732782368,3.8151698806244263,0.08994643079606329,0.3437149620032391,0.32864083717453596,0.23769777002616171,0.4828193832599119
821,1000.8935185185185,3.9805555555555556,0.0,0.0,7.82962962962963,2202.125,1.9861111111111112,1.9944444444444445,0.40863888888888894,0.08668401135288553,0.4292809839167455,0.31315042573320717,0.17088457899716178,0.5010467550593162
822,954.5538847117795,3.3015873015873014,0.0,0.0,7.646616541353383,2099.495405179616,1.5530492898913952,1.7485380116959064,7.6134335839599006,0.08499945373101715,0.4255435376379329,0.30230525510761497,0.18715175352343494,0.5296052631578947
823,985.2329485834208,3.691500524658972,0.0,0.0,7.124868835257083,2129.06925498426,1.9422875131164743,1.7492130115424973,2.296841552990556,0.10147275405007364,0.3699558173784978,0.2543446244477172,0.27422680412371137,0.4738487777146106
824,958.1945606694561,3.187238493723849,0.0,0.0,8.015690376569038,2140.4571129707115,1.6223849372384938,1.5648535564853556,0.7939121338912134,0.09108704162860498,0.4575231632519901,0.2941406759754665,0.1572491191439384,0.49097472924187724
825,944.7212171052631,2.588815789473684,0.0,0.0,7.46875,2093.1085526315787,1.2861842105263157,1.3026315789473684,6.425575657894737,0.08808632459810614,0.3581810173970491,0.35498788813036775,0.19874476987447698,0.5031766200762389
826,962.4396467124632,2.5878312070657508,0.0,0.0,6.792934249263984,2125.4347399411186,1.3503434739941118,1.237487733071639,2.812060843964671,0.10098237503611673,0.28676683039583933,0.33342964461138397,0.2788211499566599,0.47819491846795603
827,948.148346738159,3.9553172475424487,0.0,0.0,7.554959785522788,2231.0795352993746,1.83467381590706,2.1206434316353886,-0.062153708668453975,0.08220960492074758,0.4207475751123728,0.3026969481902058,0.19434587177667376,0.5361500225937641
828,918.7008620689655,3.6663793103448277,0.0,0.0,7.89051724137931,2139.369827586207,1.8232758620689655,1.8431034482758621,6.1426982758620685,0.08773079864525292,0.41418114279471213,0.318802578389599,0.1792854801704359,0.5027039736656478
829,940.1893115942029,2.9556159420289854,0.0,0.0,7.295289855072464,2131.4846014492755,1.451086956521739,1.5045289855072463,2.9083786231884057,0.0912590017382667,0.3082940153960765,0.3719890737521728,0.228457909113484,0.509040760036776
830,953.7211538461538,3.3994755244755246,0.0,0.0,7.7875874125874125,2157.8365384615386,1.7211538461538463,1.6783216783216783,2.95645979020979,0.08070490515209339,0.4465147603546975,0.3165338421820631,0.15624649231114604,0.49370017999485727
831,931.2246376811594,3.3711755233494363,0.0,0.0,7.756038647342995,2116.4476650563606,1.5547504025764896,1.816425120772947,6.459516908212561,0.08533167237620679,0.39395826845219556,0.3367590574068307,0.18395100176476695,0.5388106042512539
832,976.1399317406143,2.439419795221843,0.0,0.0,6.991467576791809,2096.1672354948805,1.22098976109215,1.2184300341296928,5.172559726962457,0.08835733463509886,0.31974615572370024,0.3125457651940444,0.27935074444715646,0.4994753410283316
833,987.3457943925233,3.3372982158028885,0.0,0.0,7.421410365335599,2186.0611724723876,1.5556499575191165,1.7816482582837723,0.40057774001699237,0.08563251287922152,0.41900400686891814,0.26170578133943906,0.2336576989124213,0.5338594704684317
834,933.1021897810219,3.5565693430656933,0.0,0.0,8.038321167883211,2117.6277372262775,1.667883211678832,1.8886861313868613,7.664917883211679,0.08796821793416572,0.44585698070374574,0.3182746878547106,0.14790011350737797,0.5310415597742432
835,985.3196564885496,2.4656488549618323,0.0,0.0,6.905534351145038,2102.8931297709923,1.297709923664122,1.16793893129771,3.3746946564885496,0.09230344065220396,0.2697250241812906,0.35705402791211827,0.2809175072543872,0.47368421052631576
836,981.9317406143344,2.4854948805460753,0.0,0.0,7.342150170648464,2125.047781569966,1.2064846416382253,1.27901023890785,0.6979607508532423,0.08146426496223126,0.38535735037768737,0.31295758280069724,0.22022080185938409,0.5145897699965671
837,945.995187680462,3.5976900866217516,0.0,0.0,8.0279114533205,2139.3464870067373,1.7824831568816168,1.8152069297401348,4.909181905678538,0.0915957319266275,0.4131399112816209,0.3361707229348999,0.15909363385685169,0.5045478865703584
838,959.9772313296903,3.366120218579235,0.0,0.0,6.8570127504553735,2121.974499089253,1.6812386156648451,1.6848816029143898,1.993497267759563,0.09111435781644309,0.25713906229246913,0.37335635542568735,0.27839022446540046,0.5005411255411255
839,953.7577586206896,2.793103448275862,0.0,0.0,7.61551724137931,2138.403448275862,1.485344827586207,1.3077586206896552,0.7679568965517242,0.07731491962870726,0.39619651347068147,0.3338238623500113,0.19266470455059995,0.4682098765432099
840,966.2482157018239,3.259318001586043,0.0,0.0,7.842981760507533,2075.987311657415,1.597145122918319,1.6621728786677241,8.897787470261697,0.08200202224469161,0.4283114256825076,0.3328614762386249,0.15682507583417593,0.5099756690997567
841,982.9862511457378,3.629697525206233,0.0,0.0,7.16590284142988,2145.942254812099,1.8102658111824015,1.8194317140238314,3.476617781851512,0.08940905602455872,0.2944487081094909,0.37311332821693527,0.24302890764901508,0.5012626262626263
842,973.6765432098765,3.116872427983539,0.0,0.0,7.25843621399177,2151.812345679012,1.6016460905349794,1.5152263374485597,1.1939917695473252,0.08164190951355028,0.38791246173035493,0.3182900555618551,0.21215557319423972,0.48613678373382624
843,1013.6597510373444,3.6282157676348548,0.0,0.0,7.474688796680498,2108.982572614108,1.7809128630705393,1.8473029045643155,5.549103734439834,0.08515598978572221,0.42855556789163984,0.280115465748862,0.20617297657377595,0.5091491308325709
844,961.7376705141658,2.814270724029381,0.0,0.0,7.27492130115425,2106.9150052465898,1.4564533053515216,1.3578174186778593,3.5556558237145857,0.09433145824318477,0.3314582431847685,0.36982547237847974,0.204384826193567,0.482475764354959
845,1030.3126593033135,2.9218351741716226,0.0,0.0,7.2659303313508925,2150.4239592183517,1.4290569243840272,1.4927782497875957,0.0741206457094308,0.08465855940130963,0.3716089803554724,0.3369971936389149,0.20673526660430308,0.5109043326548415
846,962.3012987012987,2.767965367965368,0.0,0.0,7.69004329004329,2101.2372294372294,1.3515151515151516,1.4164502164502164,6.82795670995671,0.08770547174059896,0.39664489979734296,0.3108534113938302,0.20479621706822787,0.5117297466374726
847,996.849344978166,3.8100436681222707,0.0,0.0,6.994541484716157,2174.5371179039303,1.9126637554585153,1.8973799126637554,2.365556768558952,0.09911034805681286,0.29202434836897145,0.3646012174184486,0.24426408615576714,0.49799426934097424
848,981.2277730736664,4.060118543607112,0.0,0.0,7.462320067739204,2189.670618120237,1.909398814563929,2.1507197290431836,1.5273581710414903,0.08294564847384546,0.4054238057415182,0.30057869057074776,0.21105185521388858,0.529718456725756
849,956.6863857374392,2.825769854132901,0.0,0.0,8.06320907617504,2120.77471636953,1.312803889789303,1.512965964343598,6.458646677471637,0.08010050251256282,0.4201005025125628,0.3407035175879397,0.15909547738693466,0.5354172641238887
850,977.0253940455342,2.648861646234676,0.0,0.0,7.329246935201401,2111.017513134851,1.3660245183887916,1.2828371278458843,5.63877408056042,0.08936678614097969,0.33022700119474313,0.34169653524492233,0.23870967741935484,0.484297520661157
851,1034.7452123230642,3.3238967527060783,0.0,0.0,7.675270607826811,2157.5828476269776,1.6019983347210658,1.7218984179850125,0.5992506244796004,0.07810804946843133,0.4110436103276199,0.3225211542633977,0.1883271859405511,0.5180360721442886
852,982.4358766233767,2.622564935064935,0.0,0.0,7.822240259740259,2094.7954545454545,1.2589285714285714,1.3636363636363635,7.648912337662337,0.08259831897893535,0.40583169036007055,0.3236484383106776,0.1879215523503165,0.5199628597957289
853,972.3540856031128,2.8978599221789882,0.0,0.0,6.876459143968872,2141.8356031128405,1.4795719844357977,1.4182879377431907,2.76931906614786,0.09704342905644363,0.35026170604045836,0.2721742820766728,0.2805205828264252,0.48942598187311176
854,970.1184466019417,3.2203883495145633,0.0,0.0,7.739805825242718,2178.4699029126214,1.6019417475728155,1.6184466019417476,1.7706601941747573,0.08504766683391872,0.43025589563472155,0.3125940792774711,0.17210235825388862,0.5025625565269822
855,943.2513833992094,2.724901185770751,0.0,0.0,7.4537549407114625,2083.8513833992097,1.3691699604743084,1.3557312252964426,7.515067193675889,0.08548096298653092,0.36621062678969135,0.3571958850355287,0.19111252518824903,0.4975340876124166
856,953.0605759682225,2.919563058589871,0.0,0.0,6.759682224428997,2112.038728897716,1.564051638530288,1.355511420059583,5.877428003972194,0.10386366975172616,0.2751579256647569,0.3467019244894961,0.27427648009402084,0.4642857142857143
857,919.8778486782134,4.9179580674567,0.0,0.0,7.661804922515953,2256.8113035551505,2.4348222424794894,2.4831358249772104,0.7442570647219691,0.08863771564544913,0.4316478286734087,0.29684711481261156,0.18286734086853063,0.5049119555143652
858,917.2250598563447,3.6624102154828413,0.0,0.0,7.641660015961692,2121.2553870710294,1.735833998403831,1.9265762170790104,6.325594573024741,0.08323759791122716,0.40939947780678854,0.3229242819843342,0.18443864229765014,0.5260405317062541
859,967.5044883303411,2.9353680430879714,0.0,0.0,7.254937163375224,2122.290843806104,1.450628366247756,1.4847396768402155,2.6755655296229803,0.08760207869339272,0.29683246721108636,0.3810937886661717,0.23447166542934916,0.5058103975535169
860,978.5314384151593,2.6933677863910424,0.0,0.0,7.995693367786391,2129.8346253229975,1.3600344530577089,1.3333333333333333,1.0278897502153317,0.07950016158569428,0.42658623289884734,0.32715716901863623,0.16675643649682215,0.4950431723696834
861,921.1700507614213,3.6294416243654823,0.0,0.0,7.542301184433164,2124.9729272419627,1.8104906937394247,1.8189509306260576,4.965084602368867,0.08670779584969153,0.3856421761076837,0.33785754346606844,0.18979248457655637,0.5011655011655012
862,976.0589836660617,2.766787658802178,0.0,0.0,6.980943738656987,2079.1442831215973,1.4065335753176043,1.3602540834845736,4.907114337568059,0.09281164695177434,0.3027427531522163,0.31938125568698816,0.2850643442090212,0.49163660216464417
863,1011.4679930795847,3.365051903114187,0.0,0.0,7.368512110726644,2159.1487889273358,1.6730103806228374,1.6920415224913494,0.08117647058823532,0.08617046254989434,0.4211082413712139,0.27212960788917584,0.2205916881897159,0.502827763496144
864,977.7179487179487,2.5660018993352325,0.0,0.0,8.15954415954416,2067.954415954416,1.2032288698955365,1.362773029439696,9.152782526115859,0.09171322160148976,0.43249534450651766,0.3190176908752328,0.15677374301675978,0.5310880829015544
865,970.3180592991914,2.389937106918239,0.0,0.0,6.778077268643306,2089.6235399820307,1.2731356693620846,1.1168014375561546,5.277744833782569,0.10113997879109225,0.2883085896076352,0.3532608695652174,0.25729056203605516,0.46729323308270676
866,980.2493528904228,3.6566005176876617,0.0,0.0,7.424503882657463,2153.3865401207936,1.7963761863675582,1.8602243313201035,0.9155047454702329,0.08797210923881464,0.39221382916908776,0.30668216153399186,0.21313190005810576,0.5087305332704106
867,946.3531073446328,5.492467043314501,0.0,0.0,8.07909604519774,2122.0677966101694,2.773069679849341,2.71939736346516,6.548276836158193,0.09638694638694639,0.4263403263403263,0.31724941724941724,0.16002331002331002,0.495114006514658
868,925.0744960560911,3.446976336546889,0.0,0.0,6.900087642418931,2142.945661700263,1.642418930762489,1.8045574057843996,4.079386503067485,0.09627841991616919,0.2817223421821415,0.3409119776451162,0.2810872602565731,0.5235189422832444
869,972.377932232841,2.8740225890529976,0.0,0.0,7.734144222415291,2131.367506516073,1.424847958297133,1.4491746307558644,2.003918331885317,0.08436306447989216,0.4183329588856437,0.3194787688159964,0.17782520781846775,0.5042321644498187
870,981.8448415922014,3.332250203086921,0.0,0.0,8.059301380991064,2108.1819658813974,1.627944760357433,1.7043054427294881,7.895199025182778,0.0805362362665054,0.4382622719483923,0.3244632597520411,0.15673823203306117,0.5114578254509995
871,975.9214916584887,3.603532875368008,0.0,0.0,7.1629048086359175,2151.791952894995,1.8086359175662414,1.7948969578017664,1.4089303238469089,0.08494314289628717,0.3237429784902041,0.3414166324153994,0.24989724619810932,0.4980936819172113
872,965.8946117274168,2.96513470681458,0.0,0.0,7.121236133122029,2169.8391442155307,1.4358161648177497,1.5293185419968305,0.25762282091917593,0.07366195615889619,0.3873372649382441,0.3230221430955825,0.2159786358072772,0.515766969535008
873,973.9357080799305,3.4422241529105126,0.0,0.0,7.638575152041703,2125.398783666377,1.6481320590790618,1.7940920938314509,5.527862728062554,0.08610100090991811,0.4247042766151046,0.282302092811647,0.2068926296633303,0.5212014134275619
874,983.6923837784371,3.1641938674579624,0.0,0.0,7.388724035608309,2093.9604352126607,1.6310583580613254,1.533135509396637,3.747062314540059,0.09745649263721552,0.33360107095046854,0.3531459170013387,0.21579651941097724,0.48452641450453265
875,1022.122641509434,3.3466981132075473,0.0,0.0,7.137578616352202,2121.4174528301887,1.6627358490566038,1.6839622641509433,0.6624606918238994,0.08426038109924,0.37559202555347504,0.31941843815398174,0.22072915519330322,0.5031712473572939
876,978.676377952756,3.225984251968504,0.0,0.0,7.433858267716535,2083.863779527559,1.4881889763779528,1.7377952755905512,6.643149606299212,0.08261836669844295,0.4116089397309607,0.3029340112276242,0.20283868234297214,0.5386868440322187
877,967.3356504468719,5.428003972194637,0.0,0.0,7.175769612711023,2152.4270109235354,2.788480635551142,2.6395233366434954,4.93317775571003,0.099778577359535,0.32369222252975366,0.32922778854137835,0.24730141156933297,0.4862788144895719
878,977.9689387402933,4.628990509059534,0.0,0.0,7.6962899050905955,2143.062122519413,2.377049180327869,2.2519413287316654,0.669378774805867,0.08195067264573991,0.4149103139013453,0.28778026905829596,0.21535874439461883,0.4864864864864865
879,942.3605887162714,3.623875715453802,0.0,0.0,8.094848732624694,2116.353229762878,1.803761242845462,1.8201144726083403,4.415461978740801,0.08191919191919192,0.4256565656565657,0.3395959595959596,0.15282828282828284,0.5022563176895307
880,960.5814781834372,3.076580587711487,0.0,0.0,7.276046304541407,2093.307212822796,1.5823686553873553,1.4942119323241319,6.9347195013357075,0.08799412556602619,0.3420633949333007,0.3295802227389548,0.24036225676171827,0.4856729377713459
881,976.5095818815331,4.378048780487805,0.0,0.0,7.688153310104529,2148.5731707317073,2.1419860627177703,2.236062717770035,0.9832491289198606,0.08237026965782913,0.41864944482211647,0.3212100611828688,0.1777702243371856,0.5107441305212893
882,966.5109666937449,3.6571892770105605,0.0,0.0,7.722177091795288,2099.629569455727,1.7562956945572705,1.90089358245329,5.494987814784728,0.08236903008626131,0.4078476751525352,0.312434252051336,0.19734904270986744,0.519768991559307
883,964.9871441689623,3.571166207529844,0.0,0.0,6.7557392102846645,2121.598714416896,1.775941230486685,1.7952249770431588,3.8467493112947655,0.09664265325540301,0.3531330705450591,0.2536359929319016,0.29658828326763625,0.5026999228593468
884,997.2304568527919,3.3624365482233505,0.0,0.0,7.9248730964467,2112.7269035532995,1.6527918781725888,1.7096446700507615,2.1893299492385783,0.0959518319241609,0.4496541122213682,0.2920830130668716,0.16231104278759928,0.5084541062801933
885,988.8198347107437,3.3950413223140496,0.0,0.0,7.469421487603306,2086.307438016529,1.6702479338842975,1.7247933884297522,5.405743801652893,0.08796193848196504,0.36357601239212217,0.35472449657003763,0.1937375525558752,0.5080331061343719
886,970.9308983218164,2.790720631786772,0.0,0.0,6.735439289239881,2087.2161895360314,1.433366238894373,1.3573543928923988,4.163928923988154,0.10347354536127804,0.28228052176461965,0.3240510039572036,0.29019492891689874,0.48638132295719844
887,935.8408203125,6.7158203125,0.0,0.0,7.45703125,2216.07421875,3.0576171875,3.658203125,0.80228515625,0.09219486642221059,0.4226034573074908,0.28732320586694604,0.19787847040335255,0.5447142649411081
888,941.6845906902087,5.131621187800963,0.0,0.0,7.471107544141252,2133.1733547351523,2.5,2.631621187800963,5.979036918138042,0.08464926415297025,0.397035127296165,0.33634117520678913,0.18197443334407562,0.5128245229903035
889,969.0777202072538,3.4568221070811744,0.0,0.0,7.248704663212435,2127.8506044905007,1.7435233160621761,1.7132987910189983,3.8150259067357513,0.08696688110555159,0.2948534667619728,0.3853943292828211,0.2327853228496545,0.4956282787909068
890,984.4314410480349,4.048034934497816,0.0,0.0,7.553711790393013,2191.286462882096,1.9074235807860263,2.1406113537117903,1.2514235807860263,0.08532778355879292,0.44039773384206266,0.3059313215400624,0.16834316105908198,0.5288025889967638
891,966.2793487574978,4.30248500428449,0.0,0.0,7.984575835475578,2145.55441302485,2.01885175664096,2.2836332476435306,6.97860325621251,0.08617729126421979,0.39901266366173,0.345889675896115,0.16892036917793518,0.5307707627962557
892,972.7821229050279,3.0186219739292364,0.0,0.0,7.266294227188082,2122.0530726256984,1.468342644320298,1.5502793296089385,4.332141527001863,0.09251665812403896,0.3066376217324449,0.32342388518708354,0.2774218349564326,0.513571869216533
893,987.7117595048629,3.53315649867374,0.0,0.0,7.330680813439434,2207.7515473032713,1.757736516357206,1.775419982316534,-0.1550132625994695,0.08659992763237245,0.42491858641900854,0.2708961524544687,0.2175853334941503,0.5025025025025025
894,979.8269927536232,2.29981884057971,0.0,0.0,8.18840579710145,2089.671195652174,1.0914855072463767,1.2083333333333333,7.466204710144928,0.08506637168141593,0.425,0.34103982300884955,0.1488938053097345,0.5254037022449783
895,983.1535776614311,2.24956369982548,0.0,0.0,6.991273996509599,2126.4642233856894,1.199825479930192,1.049738219895288,3.3023821989528797,0.08774338492261607,0.28145282076884676,0.3715676485272092,0.25923614578132803,0.46664080682699766
896,996.9419795221843,2.5486348122866893,0.0,0.0,7.321672354948806,2179.388225255973,1.22098976109215,1.3276450511945392,1.5491894197952218,0.08915044866565669,0.3778114438876588,0.30940449831022027,0.2236336091364643,0.5209240040174088
897,955.1844405594405,3.8103146853146854,0.0,0.0,7.926573426573427,2179.8916083916083,1.8986013986013985,1.9117132867132867,7.41208041958042,0.08734009704455227,0.4039479488310543,0.33337009263343625,0.1753418614909572,0.5017205781142464
898,982.5361010830325,2.796028880866426,0.0,0.0,7.055054151624549,2132.0261732851986,1.4061371841155235,1.3898916967509025,2.9812184115523466,0.09197902008443137,0.2617372393501343,0.3703466803121402,0.2759370602532941,0.4970948999354422
899,950.6437659033079,2.6429177268871924,0.0,0.0,7.602205258693808,2160.15860899067,1.3087362171331638,1.3341815097540288,0.6562256149279051,0.08021867678232734,0.3881512886310387,0.3322548253932835,0.19937520919335044,0.504813863928113
900,938.8599348534202,2.2133550488599347,0.0,0.0,7.9552117263843645,2071.8843648208467,1.0578175895765471,1.1555374592833876,8.94867263843648,0.08158460436073293,0.42993141570273313,0.3409765585013819,0.14750742143515203,0.522075055187638
901,959.9160908193485,2.512339585389931,0.0,0.0,7.178677196446199,2099.471865745311,1.286278381046397,1.2260612043435342,2.8027936821322803,0.08567106710671067,0.30363036303630364,0.3634488448844885,0.24724972497249725,0.48801571709233793
902,956.4093851132686,1.9838187702265373,0.0,0.0,7.268608414239482,2109.836569579288,1.0,0.9838187702265372,1.7684546925566342,0.08136687444345503,0.36676313446126446,0.3317008014247551,0.22016918967052537,0.49592169657422513
903,918.1495652173913,2.697391304347826,0.0,0.0,7.8130434782608695,2094.964347826087,1.3017391304347825,1.3956521739130434,7.317304347826087,0.0879243183082916,0.42604340567612686,0.2745687256538676,0.21146355036171396,0.5174081237911026
904,953.0616438356165,2.197651663405088,0.0,0.0,7.192759295499021,2104.4227005870844,1.0792563600782779,1.1183953033268101,5.160185909980431,0.09808189361991566,0.33070330567269757,0.3655284995238743,0.20568630118351244,0.5089047195013358
905,926.0121633362294,2.6072980017376195,0.0,0.0,7.272806255430061,2177.5516941789747,1.2806255430060818,1.3266724587315377,0.8526933101650739,0.08899773025922829,0.3798829291601959,0.3202723688926054,0.21084697168797037,0.5088303898700434
906,924.264367816092,2.0238095238095237,0.0,0.0,7.463054187192118,2123.03776683087,1.0394088669950738,0.9844006568144499,6.256091954022988,0.08712871287128712,0.39317931793179317,0.3146314631463146,0.20506050605060505,0.4864097363083164
907,927.7599601593625,2.908366533864542,0.0,0.0,6.98207171314741,2176.5438247011953,1.49601593625498,1.4123505976095618,2.957350597609562,0.09529243937232525,0.2868758915834522,0.36490727532097006,0.2529243937232525,0.48561643835616436
908,980.8123893805309,2.8911504424778762,0.0,0.0,7.477876106194691,2200.546902654867,1.475221238938053,1.415929203539823,1.7326814159292037,0.08792899408284023,0.4031952662721893,0.2978698224852071,0.2110059171597633,0.48974594429139884
909,966.8372287145243,2.0242070116861437,0.0,0.0,8.026711185308848,2135.3873121869783,0.9490818030050083,1.0751252086811351,5.638255425709516,0.08454658901830282,0.3927828618968386,0.35711314475873546,0.16555740432612312,0.5311340206185567
910,987.9651695692025,1.9450045829514206,0.0,0.0,7.543538038496792,2121.5545371219064,0.9917506874427131,0.9532538955087076,4.741723189734189,0.08165249088699879,0.3233292831105711,0.36002430133657354,0.2349939246658566,0.49010367577756836
911,943.871543264942,2.2836752899197146,0.0,0.0,7.785013380909902,2199.6672613737733,1.167707404103479,1.1159678858162354,1.3008296164139161,0.08284633894809212,0.4099919789160078,0.3391772659562278,0.16798441617967227,0.488671875
912,949.961380443714,1.9096138044371405,0.0,0.0,7.955628594905505,2112.910435497124,0.913722267871816,0.9958915365653246,7.968709942481512,0.08180128072712249,0.40384218136748606,0.3257591406734146,0.18859739723197685,0.5215146299483648
913,962.0705882352942,2.45158371040724,0.0,0.0,6.905882352941177,2148.7321266968324,1.1800904977375566,1.2714932126696832,3.3746696832579186,0.08530992006290132,0.3411086358275455,0.2783383567029223,0.29524308740663086,0.518641565153193
914,993.0313765182186,2.513157894736842,0.0,0.0,7.705465587044534,2200.5,1.257085020242915,1.2560728744939271,1.0397672064777328,0.08918954420070932,0.42729541573624064,0.30684355707342703,0.176671482989623,0.499798630688683
915,954.0991525423728,2.3330508474576273,0.0,0.0,7.551694915254237,2109.586440677966,1.1016949152542372,1.2313559322033898,9.079762711864408,0.09112333071484682,0.3525979126921782,0.3602289305352935,0.1960498260576815,0.5277878677806029
916,958.6725092250922,2.7149446494464944,0.0,0.0,6.832103321033211,2118.9566420664205,1.3948339483394834,1.320110701107011,5.923616236162362,0.09721847150958682,0.25951930866864703,0.34688090737240074,0.2963813124493654,0.48623853211009177
917,946.5715639810427,4.8587677725118485,0.0,0.0,7.709004739336493,2211.824644549763,2.452132701421801,2.4066350710900473,0.867127962085308,0.0900036886757654,0.4206319931144719,0.2959547522439444,0.19340956596581826,0.4953179867342957
918,943.2923351158645,3.7210338680926918,0.0,0.0,8.135472370766488,2112.8689839572194,1.8770053475935828,1.8440285204991087,7.8097147950089125,0.08216476774758984,0.40249780893952675,0.3205521472392638,0.19478527607361965,0.4955688622754491
919,959.8068592057762,2.5487364620938626,0.0,0.0,7.5703971119133575,2118.1922382671482,1.286101083032491,1.2626353790613718,4.451335740072202,0.09036719122556032,0.30793991416309013,0.3614687649022413,0.24022412970910825,0.49539660056657225
920,975.6394019349165,2.6508355321020227,0.0,0.0,7.8311345646438,2160.0958663148635,1.260334212840809,1.3905013192612137,1.7818205804749339,0.08344564240790656,0.41273584905660377,0.3136792452830189,0.1901392632524708,0.5245520902455209
921,921.0996563573883,2.3608247422680413,0.0,0.0,7.784364261168385,2100.451030927835,1.1434707903780068,1.2173539518900343,7.46856529209622,0.08729720781370709,0.3676194680498841,0.3499613729168966,0.1951219512195122,0.5156477438136827
922,920.6168141592921,1.7097345132743362,0.0,0.0,6.778761061946903,2119.336283185841,0.8752212389380531,0.8345132743362832,4.357486725663716,0.09086161879895562,0.29556135770234987,0.316710182767624,0.2968668407310705,0.4880952380952381
923,982.6833631484794,2.9069767441860463,0.0,0.0,7.237030411449016,2159.54740608229,1.385509838998211,1.5214669051878353,0.2462343470483005,0.09010011123470522,0.4128043505129156,0.26189593375355336,0.23519960449882585,0.5233846153846153
924,941.0605487228004,1.7473982970671713,0.0,0.0,8.141911069063386,2085.336802270577,0.7748344370860927,0.9725638599810785,7.968618732261116,0.09098303509179642,0.42319312107831747,0.3309319079711829,0.15489193585870323,0.5565782349756362
925,968.6416666666667,1.8074074074074074,0.0,0.0,6.874074074074074,2100.8953703703705,0.9083333333333333,0.899074074074074,4.6096666666666675,0.09348060344827586,0.26306573275862066,0.3572198275862069,0.2862338362068966,0.4974385245901639
926,958.8779069767442,2.3488372093023258,0.0,0.0,7.087209302325581,2169.093853820598,1.1395348837209303,1.2093023255813953,0.8028322259136212,0.0833235673268487,0.37888198757763975,0.30130083206375247,0.23649361303175906,0.5148514851485149
927,954.8212689901698,2.6943699731903483,0.0,0.0,7.888293118856121,2153.580875781948,1.3467381590705987,1.3476318141197499,4.8052904378909735,0.09199048374306107,0.4010422567123598,0.3311430837204033,0.17582417582417584,0.5001658374792703
928,922.9651928504234,2.234242709313264,0.0,0.0,7.103480714957667,2123.2323612417686,1.0761994355597366,1.1580432737535278,5.2943932267168385,0.09190835650907164,0.25744934445768775,0.36061448814726527,0.29002781088597535,0.5183157894736842
929,951.4234079173838,1.7323580034423407,0.0,0.0,7.424268502581755,2132.7848537005166,0.9001721170395869,0.8321858864027539,1.0512134251290877,0.08705227773269966,0.3890112437695607,0.31760751130172715,0.2063289671960125,0.48037754595131643
930,959.5055131467345,1.3452078032230703,0.0,0.0,7.952502120441052,2040.802374893978,0.6759966072943172,0.6692111959287532,8.52468193384224,0.08639078498293515,0.4190486348122867,0.33777730375426623,0.15678327645051193,0.4974779319041614
931,972.1846001974334,1.7769002961500493,0.0,0.0,7.12142152023692,2099.887462981244,0.914116485686081,0.8627838104639685,2.7368805528134255,0.08261713335181592,0.2998336567784863,0.3490435264762961,0.2685056833934017,0.4855555555555556
932,948.2198523379819,1.7210828547990156,0.0,0.0,7.125512715340443,2127.1082854799015,0.92616899097621,0.7949138638228056,1.0983675143560294,0.07955330416762607,0.3651853557448768,0.32500575638959245,0.23025558369790466,0.46186844613918016
933,931.2813852813853,1.632034632034632,0.0,0.0,7.529004329004329,2092.0285714285715,0.787012987012987,0.845021645021645,6.055203463203464,0.08923643054277829,0.3999540018399264,0.2920883164673413,0.218721251149954,0.5177718832891247
934,962.8689581095596,1.3899033297529537,0.0,0.0,7.251342642320086,2099.793770139635,0.7346938775510204,0.6552094522019334,3.788560687432868,0.09850392534439342,0.3218782402607021,0.35668789808917195,0.2229299363057325,0.4714064914992272
935,1001.0391264786169,2.171974522292994,0.0,0.0,7.314831665150137,2113.198362147407,0.9663330300272975,1.2056414922656962,0.6216651501364877,0.08968777211095907,0.35078989924119913,0.32727951237716135,0.23224281627068044,0.5550900712191035
936,941.761273209549,3.0079575596816976,0.0,0.0,7.4447391688771,2070.8381962864723,1.46684350132626,1.5411140583554377,6.673872679045092,0.09085510688836104,0.3668646080760095,0.32434679334916866,0.2179334916864608,0.5123456790123457
937,942.9121693121693,2.2476190476190476,0.0,0.0,7.092063492063492,2103.2285714285713,1.17989417989418,1.0677248677248676,4.425523809523809,0.10623694419576246,0.28767532079976127,0.35452103849597133,0.25156669650850494,0.4750470809792844
938,961.4939870490286,2.3311748381128585,0.0,0.0,7.449583718778908,2128.1322849213693,1.148936170212766,1.1822386679000925,0.3886679000925069,0.08878678753259654,0.3971190860548864,0.281137464299019,0.23295666211349808,0.5071428571428571
939,940.6326530612245,1.6690328305235138,0.0,0.0,8.062999112688553,2075.1215616681457,0.834072759538598,0.8349600709849158,6.322635314995563,0.08374601078463739,0.4001320567844173,0.3412567403983713,0.174865192032574,0.5002658160552897
940,973.9452449567723,1.855907780979827,0.0,0.0,7.197886647454371,2077.1671469740636,0.8952929875120077,0.9606147934678194,6.641844380403458,0.0955558521286534,0.32163352462298145,0.33124249299346054,0.2515681302549046,0.5175983436853002
941,954.3541472506989,2.5750232991612303,0.0,0.0,7.975768872320597,2152.108108108108,1.2963653308480894,1.2786579683131407,0.02292637465051259,0.08880579574666979,0.3870063098854873,0.31677962140687077,0.2074082729609722,0.49656170828809265
942,937.6327731092437,2.327731092436975,0.0,0.0,7.591596638655462,2081.261344537815,1.1739495798319328,1.153781512605042,7.705621848739496,0.08512286916094754,0.39561655966349346,0.3049590436130175,0.2143015275625415,0.4956678700361011
943,979.1571871768356,2.4322647362978285,0.0,0.0,6.9824198552223375,2110.4260599793174,1.2740434332988624,1.1582213029989659,3.4875801447776626,0.0961196682464455,0.3341232227488152,0.25488744075829384,0.3148696682464455,0.47619047619047616
944,994.3020527859237,2.9872922776148583,0.0,0.0,7.428152492668621,2116.4457478005866,1.4545454545454546,1.5327468230694037,1.0389638318670578,0.09027503618897223,0.4208448480063166,0.29280168443216215,0.19607843137254902,0.5130890052356021
945,956.2233273056058,2.7603978300180834,0.0,0.0,7.472875226039783,2060.4611211573238,1.2920433996383363,1.4683544303797469,7.415171790235082,0.09292196007259527,0.32825166364186326,0.3570477918935269,0.22177858439201453,0.5319358008516214
946,966.4161616161616,2.2474747474747474,0.0,0.0,6.759595959595959,2074.8050505050505,1.1848484848484848,1.0626262626262626,2.306040404040404,0.0968320382546324,0.26464435146443516,0.31918708906156606,0.3193365212193664,0.4728089887640449
947,953.4387865655472,4.4767063921993495,0.0,0.0,7.347778981581799,2120.3098591549297,2.1105092091007585,2.3661971830985915,-0.3888624052004334,0.09702152757298732,0.4197876732527278,0.2730757888528458,0.21011501032143912,0.5285575992255567
948,955.5924932975871,4.481680071492404,0.0,0.0,7.823949955317247,2054.03127792672,2.2171581769436997,2.2645218945487042,7.389901697944593,0.08909194745859508,0.3813820673900628,0.32747001713306684,0.20205596801827527,0.505284147557328
949,957.6427879961278,3.2807357212003874,0.0,0.0,7.41916747337851,2065.517909002904,1.5759922555663117,1.7047434656340754,4.769254598257502,0.08663883089770355,0.3058455114822547,0.37082463465553234,0.2366910229645094,0.519622307465329
950,1011.1515151515151,3.787878787878788,0.0,0.0,7.7831439393939394,2086.317234848485,1.8484848484848484,1.9393939393939394,2.2705113636363636,0.08711522082978465,0.4279109380703249,0.30344324127022754,0.18153059982966296,0.512
951,940.2033304119194,4.133216476774759,0.0,0.0,7.438212094653813,2098.0981595092026,1.941279579316389,2.19193689745837,5.8027081507449605,0.0870743490043596,0.3491221868740427,0.3603157770708142,0.20348768705078354,0.5303223070398643
952,937.3187889581478,2.227960819234194,0.0,0.0,7.088156723063223,2086.2493321460374,1.1148708815672306,1.1130899376669634,5.040089047195014,0.09447236180904522,0.3003768844221106,0.31871859296482413,0.2864321608040201,0.49960031974420466
953,979.3118766999094,3.2203082502266547,0.0,0.0,7.362647325475975,2136.5965548504078,1.5829555757026292,1.6373526745240254,0.5478603807796918,0.0897672700406354,0.4093091983745844,0.2615441448097525,0.2393793867750277,0.5084459459459459
954,968.6010928961749,3.022768670309654,0.0,0.0,7.8096539162112935,2063.1065573770493,1.5091074681238617,1.5136612021857923,6.53344262295082,0.09002915451895044,0.4158600583090379,0.3287463556851312,0.16536443148688046,0.5007532389273878
955,992.0795246800732,3.088665447897623,0.0,0.0,6.841864716636198,2069.2074954296163,1.5749542961608776,1.5137111517367459,4.964771480804387,0.09298597194388777,0.25958583834335336,0.36740146960587844,0.2800267201068804,0.4900858242083457
956,993.5744322960471,3.544995794785534,0.0,0.0,7.138772077375946,2102.138772077376,1.7746005046257358,1.7703952901597981,1.5806476030277545,0.0870640904806786,0.36804901036757776,0.3063147973609802,0.23857210179076344,0.49940688018979834
957,974.5366492146596,3.8263525305410124,0.0,0.0,7.56282722513089,2091.9677137870854,1.9040139616055847,1.9223385689354275,5.030567190226876,0.08688127379716165,0.40071535710164996,0.33010268835814005,0.18230068074304834,0.5023945267958951
958,998.2848101265823,2.5714285714285716,0.0,0.0,6.72242314647378,2090.1500904159134,1.2757685352622061,1.2956600361663653,3.5381645569620255,0.0902488231338265,0.24277067921990586,0.38426361802286485,0.2827168796234028,0.5038677918424754
959,1045.6276223776224,2.714160839160839,0.0,0.0,7.305944055944056,2111.7945804195806,1.3417832167832169,1.3723776223776223,-0.36030594405594407,0.08147882268485283,0.37520938023450584,0.3460157932519742,0.19729600382866713,0.5056360708534622
960,1054.894560669456,1.9949790794979079,0.0,0.0,8.015899581589958,2041.1338912133892,0.8928870292887029,1.102092050209205,6.701832635983263,0.0802797786825347,0.40839336047604136,0.3544211295542332,0.15690573128719074,0.5524328859060402
961,1046.731918997107,2.6277724204435873,0.0,0.0,7.136933461909354,2092.273866923819,1.3760848601735776,1.2516875602700097,2.6321600771456124,0.08850155384407513,0.2869882448317795,0.36630185110120256,0.25820835022294286,0.4763302752293578
962,1053.828473413379,2.33704974271012,0.0,0.0,7.134648370497427,2107.8987993138935,1.1149228130360205,1.2221269296740995,0.7983790737564324,0.08306286813318908,0.3690347397523741,0.33405457386705134,0.2138478182473855,0.5229357798165137
963,1009.7268683274021,2.7980427046263343,0.0,0.0,7.752669039145908,2071.626334519573,1.4297153024911031,1.3683274021352314,5.809581850533808,0.085724122102364,0.4116364470966261,0.2890750516410374,0.21356437915997245,0.4890302066772655
964,959.0140023337223,1.7421236872812136,0.0,0.0,7.093348891481914,2080.4690781796967,0.9101516919486581,0.8319719953325554,3.952380396732789,0.11005099522947853,0.30876788945550254,0.35844711301200854,0.22273400230301035,0.477561955793704
965,983.0633019674935,1.8862275449101797,0.0,0.0,7.243798118049615,2105.3045337895637,0.9238665526090676,0.962360992301112,-0.22828913601368692,0.08419933868682097,0.36797354747283895,0.33845063769485123,0.2093764761454889,0.5102040816326531
966,976.3406779661017,1.6093220338983052,0.0,0.0,7.4271186440677965,2048.005084745763,0.8076271186440678,0.8016949152542373,5.335322033898305,0.08763121862163396,0.38338658146964855,0.32405294386125055,0.20492925604746692,0.49815692469720907
967,1001.0198675496689,2.183222958057395,0.0,0.0,6.88962472406181,2105.363134657837,1.1269315673289184,1.0562913907284768,0.9629470198675497,0.10301185517462352,0.28099967958987504,0.3713553348285806,0.24463313040692086,0.4838220424671385
968,998.7321911632101,2.5284039675383227,0.0,0.0,7.471596032461677,2095.715960324617,1.2587917042380523,1.2696122633002704,0.610892696122633,0.08423847453536085,0.39476224957760075,0.30979966208061793,0.21119961380642047,0.5021398002853067
969,973.3261432269197,2.269197584124245,0.0,0.0,7.969801553062985,2065.7955133735977,1.1156169111302847,1.1535806729939604,5.078852459016394,0.08541734329327703,0.39395907762260474,0.35650102847244775,0.16412255061167044,0.5083650190114068
970,985.359496124031,1.695736434108527,0.0,0.0,7.147286821705427,2052.03003875969,0.8827519379844961,0.812984496124031,5.552703488372093,0.10018980477223427,0.3186008676789588,0.3463937093275488,0.23481561822125813,0.4794285714285714
971,1014.9792418772563,2.57942238267148,0.0,0.0,7.918772563176895,2086.4747292418774,1.3474729241877257,1.2319494584837545,2.055731046931408,0.08832915431958058,0.39958969683154777,0.3240255299749259,0.18805561887394576,0.47760671798460463
972,989.9937106918239,2.0864779874213837,0.0,0.0,7.604559748427673,2053.473270440252,1.0212264150943395,1.065251572327044,5.01750786163522,0.08032668251835004,0.3865398531996278,0.3269926599813915,0.20614080430063061,0.5105501130369254
973,990.5404376784015,2.698382492863939,0.0,0.0,7.13035204567079,2106.562321598478,1.3006660323501427,1.3977164605137964,1.3422359657469078,0.0959434214037897,0.3388043768348012,0.28569522284494264,0.2795569789164665,0.5179830747531735
974,959.2444444444444,3.3141414141414143,0.0,0.0,8.048484848484849,2146.89696969697,1.6151515151515152,1.698989898989899,2.1092626262626264,0.08998493975903614,0.4327309236947791,0.30559738955823296,0.1716867469879518,0.5126485827491618
975,933.8130434782609,1.9165217391304348,0.0,0.0,7.412173913043478,2042.3078260869565,0.8460869565217392,1.0704347826086957,6.876730434782608,0.09080244016893477,0.3501877053026748,0.3594556546222431,0.19955419990614734,0.558529945553539
976,1005.1390611160319,2.645704162976085,0.0,0.0,6.914083259521701,2084.2612931798053,1.371124889282551,1.2745792736935342,3.5116829052258636,0.09210863438380733,0.2596720471432232,0.3487061234947476,0.2995131949782219,0.48175426849681957
977,981.4715370018976,3.5132827324478177,0.0,0.0,7.6669829222011385,2198.7637571157497,1.6925996204933587,1.8206831119544593,1.042438330170778,0.08946912510827867,0.42012127211978717,0.299220393515654,0.19118920925628016,0.5182284634080475
978,961.5581761006289,2.717767295597484,0.0,0.0,7.605345911949685,2073.378144654088,1.4127358490566038,1.3050314465408805,6.180102201257862,0.08362621459582385,0.39280545792846805,0.315898284060368,0.2076700434153401,0.480185131617009
979,939.1310160427807,1.8912655971479502,0.0,0.0,7.244206773618538,2077.994652406417,0.8992869875222816,0.9919786096256684,3.1975579322638144,0.08193897637795275,0.28986220472440943,0.3780757874015748,0.250123031496063,0.5245051837888784
980,993.7925045703839,2.8235831809872027,0.0,0.0,7.860146252285192,2133.5173674588664,1.3007312614259599,1.522851919561243,2.4755941499085923,0.08489359227817188,0.42981742063030587,0.31131526921735087,0.1739737178741714,0.5393331175137585
981,957.0726795096323,3.745183887915937,0.0,0.0,7.96584938704028,2119.7014010507883,1.7075306479859895,2.0376532399299476,7.730639229422066,0.08673188963394525,0.39012861382873476,0.3503352753655051,0.17280422117181488,0.5440729483282675
982,973.5552536231884,2.552536231884058,0.0,0.0,6.978260869565218,2119.461956521739,1.203804347826087,1.348731884057971,3.3090942028985504,0.09397715472481828,0.29595015576323985,0.3389148494288681,0.27115784008307375,0.528388928317956
983,999.5227475468332,3.4852809991079394,0.0,0.0,7.389830508474576,2172.9482604817126,1.6824264049955397,1.8028545941123997,0.39698483496877784,0.0907774022211492,0.41537904394012554,0.279333655239015,0.21450989859971029,0.5172766828768877
984,936.0412757973734,3.547842401500938,0.0,0.0,8.226078799249532,2085.34521575985,1.722326454033771,1.825515947467167,8.801003752345217,0.08974797582392519,0.42285323297981525,0.3448511802942183,0.1425476109020413,0.5145425700687467
985,952.466726618705,2.158273381294964,0.0,0.0,7.054856115107913,2089.5008992805756,1.060251798561151,1.098021582733813,4.224847122302158,0.08961121733588273,0.2730401529636711,0.37093690248565964,0.2664117272147865,0.50875
986,975.9290780141844,2.405141843971631,0.0,0.0,7.323581560283688,2130.0877659574467,1.0975177304964538,1.3076241134751774,1.4872340425531914,0.0859460113787677,0.40515676068272605,0.302505749909212,0.20639147802929428,0.5436785845927018
987,938.1643192488262,3.611267605633803,0.0,0.0,7.897652582159624,2116.733333333333,1.7812206572769953,1.8300469483568076,6.91955868544601,0.087147782665557,0.40613482344548807,0.33135180121269764,0.1753655926762573,0.5067602704108164
988,946.8162162162162,2.5,0.0,0.0,6.806306306306307,2124.7675675675678,1.3333333333333333,1.1666666666666667,2.3532342342342343,0.09384513567174058,0.26207809397749837,0.36479152878888155,0.27928524156187956,0.4666666666666667
989,986.9274261603375,2.4649789029535865,0.0,0.0,7.636286919831224,2129.8084388185653,1.2075949367088608,1.2573839662447257,1.4046582278481012,0.0775776328876119,0.39706044866836115,0.339042988175489,0.18631893026853796,0.5100992810681274
990,957.8549556809025,2.8291700241740534,0.0,0.0,7.9210314262691375,2072.9258662369057,1.3545527800161161,1.474617244157937,7.598686543110395,0.08107833163784334,0.41566632756866734,0.34404883011190235,0.15920651068158698,0.5212190259185417
991,960.9718437783832,2.5549500454132605,0.0,0.0,6.891916439600363,2137.798365122616,1.298819255222525,1.2561307901907357,3.0454768392370575,0.08658408012651556,0.2926989984185556,0.3740115972588297,0.2467053241960991,0.49164592961251335
992,1028.6543654365437,2.0081008100810083,0.0,0.0,7.671467146714671,2151.956795679568,0.9675967596759676,1.0405040504050405,1.4631773177317733,0.08318667135984982,0.37017482107239236,0.33180804880910475,0.21483045875865306,0.5181532944867773
993,971.7010582010582,2.4717813051146384,0.0,0.0,7.765432098765432,2093.3703703703704,1.1587301587301588,1.3130511463844796,5.843959435626102,0.08573699750170338,0.42505110152168973,0.28650919827390414,0.20270270270270271,0.5312165536924723
994,999.259222333001,2.6510468594217347,0.0,0.0,7.38185443668993,2084.7896311066797,1.2981056829511466,1.3529411764705883,6.7457328015952145,0.10089141004862237,0.34913560237709346,0.35170178282009723,0.1982712047541869,0.5103422339225273
995,1042.3001808318263,2.662748643761302,0.0,0.0,7.7025316455696204,2138.5226039783,1.2757685352622061,1.3869801084990958,0.793001808318264,0.08287357671088155,0.3735180185467778,0.33348984622608285,0.21011855851625777,0.5208828522920204
996,986.1966490299824,3.2019400352733687,0.0,0.0,7.804232804232805,2086.1331569664903,1.462962962962963,1.7389770723104057,6.755749559082893,0.08497175141242938,0.4145762711864407,0.31412429378531076,0.18632768361581922,0.5431010740842743
997,999.0571428571428,4.536734693877551,0.0,0.0,7.3,2150.5244897959183,2.166326530612245,2.370408163265306,3.1155102040816325,0.09365389991613084,0.31297176404808497,0.37405647190383,0.21931786413195414,0.5224921277552856
998,987.572463768116,3.4692028985507246,0.0,0.0,7.784420289855072,2135.433876811594,1.7001811594202898,1.7690217391304348,0.18713768115942028,0.08261577845008146,0.42483127763555967,0.30311845473586224,0.18943448917849662,0.5099216710182768
999,960.9186046511628,2.485049833887043,0.0,0.0,7.95016611295681,2095.2267441860463,1.1561461794019934,1.3289036544850499,7.082541528239202,0.08232344337651483,0.42384036773923944,0.34047221061429167,0.15336397826995404,0.5347593582887701
1000,952.3777120315582,2.3629191321499015,0.0,0.0,7.222879684418146,2090.818540433925,1.2218934911242603,1.141025641025641,6.674388560157791,0.09325505188421628,0.3492626979792463,0.3350628072091753,0.2224194429273621,0.4828881469115192
